"runId","provenanceStatus","fixtureId","manifestSha256","implementation","database","dataRoot","executableSha256","sqlMaxPoolSize","sqlConnectionTimeoutSeconds","probeFanOut","launchStaggerMilliseconds","runStartAttestationStatus","runStartDataSha256","runStartMessageSha256","wave","session","ok","timedOut","ms","error","searchResultValid","searchResultCount","searchExactSequence","sortResultValid","sortResultCount","sortExactSequence"
"c4450db8-b5fb-4a9f-812c-8d214ea86167","MANIFEST_BOUND","hmail-perf-pair-service-20260901","06EFCBA9520D478A6DAC7ABB7F09F3B63D015A0CD5ECA1EB4D0FD2CC8C38F9FD","cpp","hmail_perf_pair_cpp_20260831_head3","C:\hmail-perf-pair-service-20260901\cpp\Data","B3DF9E8BBF4BEDB1102C94DF7C86356E1FEABCBC02A18E8EABEB1EA1453D09B8",,,"one TCP client and one sequential IMAP session per sample","0","PASS","45FA907CE0D3797C1E13EBB2F03F076A25656CCE27E801C18F745ACD3944FBBD","5136EEC556F9790732AE759EF52F77FE6172329EA55787A80300C4A824107E46","1","1","True","False","3831.802",,"True","1000","True","True","1000","True"
"c4450db8-b5fb-4a9f-812c-8d214ea86167","MANIFEST_BOUND","hmail-perf-pair-service-20260901","06EFCBA9520D478A6DAC7ABB7F09F3B63D015A0CD5ECA1EB4D0FD2CC8C38F9FD","cpp","hmail_perf_pair_cpp_20260831_head3","C:\hmail-perf-pair-service-20260901\cpp\Data","B3DF9E8BBF4BEDB1102C94DF7C86356E1FEABCBC02A18E8EABEB1EA1453D09B8",,,"one TCP client and one sequential IMAP session per sample","0","PASS","45FA907CE0D3797C1E13EBB2F03F076A25656CCE27E801C18F745ACD3944FBBD","5136EEC556F9790732AE759EF52F77FE6172329EA55787A80300C4A824107E46","1","2","True","False","1891.704",,"True","1000","True","True","1000","True"
"c4450db8-b5fb-4a9f-812c-8d214ea86167","MANIFEST_BOUND","hmail-perf-pair-service-20260901","06EFCBA9520D478A6DAC7ABB7F09F3B63D015A0CD5ECA1EB4D0FD2CC8C38F9FD","cpp","hmail_perf_pair_cpp_20260831_head3","C:\hmail-perf-pair-service-20260901\cpp\Data","B3DF9E8BBF4BEDB1102C94DF7C86356E1FEABCBC02A18E8EABEB1EA1453D09B8",,,"one TCP client and one sequential IMAP session per sample","0","PASS","45FA907CE0D3797C1E13EBB2F03F076A25656CCE27E801C18F745ACD3944FBBD","5136EEC556F9790732AE759EF52F77FE6172329EA55787A80300C4A824107E46","1","3","True","False","2443.1",,"True","1000","True","True","1000","True"
"c4450db8-b5fb-4a9f-812c-8d214ea86167","MANIFEST_BOUND","hmail-perf-pair-service-20260901","06EFCBA9520D478A6DAC7ABB7F09F3B63D015A0CD5ECA1EB4D0FD2CC8C38F9FD","cpp","hmail_perf_pair_cpp_20260831_head3","C:\hmail-perf-pair-service-20260901\cpp\Data","B3DF9E8BBF4BEDB1102C94DF7C86356E1FEABCBC02A18E8EABEB1EA1453D09B8",,,"one TCP client and one sequential IMAP session per sample","0","PASS","45FA907CE0D3797C1E13EBB2F03F076A25656CCE27E801C18F745ACD3944FBBD","5136EEC556F9790732AE759EF52F77FE6172329EA55787A80300C4A824107E46","1","4","True","False","1121.503",,"True","1000","True","True","1000","True"
"c4450db8-b5fb-4a9f-812c-8d214ea86167","MANIFEST_BOUND","hmail-perf-pair-service-20260901","06EFCBA9520D478A6DAC7ABB7F09F3B63D015A0CD5ECA1EB4D0FD2CC8C38F9FD","cpp","hmail_perf_pair_cpp_20260831_head3","C:\hmail-perf-pair-service-20260901\cpp\Data","B3DF9E8BBF4BEDB1102C94DF7C86356E1FEABCBC02A18E8EABEB1EA1453D09B8",,,"one TCP client and one sequential IMAP session per sample","0","PASS","45FA907CE0D3797C1E13EBB2F03F076A25656CCE27E801C18F745ACD3944FBBD","5136EEC556F9790732AE759EF52F77FE6172329EA55787A80300C4A824107E46","1","5","True","False","913.365",,"True","1000","True","True","1000","True"
"c4450db8-b5fb-4a9f-812c-8d214ea86167","MANIFEST_BOUND","hmail-perf-pair-service-20260901","06EFCBA9520D478A6DAC7ABB7F09F3B63D015A0CD5ECA1EB4D0FD2CC8C38F9FD","cpp","hmail_perf_pair_cpp_20260831_head3","C:\hmail-perf-pair-service-20260901\cpp\Data","B3DF9E8BBF4BEDB1102C94DF7C86356E1FEABCBC02A18E8EABEB1EA1453D09B8",,,"one TCP client and one sequential IMAP session per sample","0","PASS","45FA907CE0D3797C1E13EBB2F03F076A25656CCE27E801C18F745ACD3944FBBD","5136EEC556F9790732AE759EF52F77FE6172329EA55787A80300C4A824107E46","1","6","True","False","1696.745",,"True","1000","True","True","1000","True"
"c4450db8-b5fb-4a9f-812c-8d214ea86167","MANIFEST_BOUND","hmail-perf-pair-service-20260901","06EFCBA9520D478A6DAC7ABB7F09F3B63D015A0CD5ECA1EB4D0FD2CC8C38F9FD","cpp","hmail_perf_pair_cpp_20260831_head3","C:\hmail-perf-pair-service-20260901\cpp\Data","B3DF9E8BBF4BEDB1102C94DF7C86356E1FEABCBC02A18E8EABEB1EA1453D09B8",,,"one TCP client and one sequential IMAP session per sample","0","PASS","45FA907CE0D3797C1E13EBB2F03F076A25656CCE27E801C18F745ACD3944FBBD","5136EEC556F9790732AE759EF52F77FE6172329EA55787A80300C4A824107E46","1","7","True","False","1292.86",,"True","1000","True","True","1000","True"
"c4450db8-b5fb-4a9f-812c-8d214ea86167","MANIFEST_BOUND","hmail-perf-pair-service-20260901","06EFCBA9520D478A6DAC7ABB7F09F3B63D015A0CD5ECA1EB4D0FD2CC8C38F9FD","cpp","hmail_perf_pair_cpp_20260831_head3","C:\hmail-perf-pair-service-20260901\cpp\Data","B3DF9E8BBF4BEDB1102C94DF7C86356E1FEABCBC02A18E8EABEB1EA1453D09B8",,,"one TCP client and one sequential IMAP session per sample","0","PASS","45FA907CE0D3797C1E13EBB2F03F076A25656CCE27E801C18F745ACD3944FBBD","5136EEC556F9790732AE759EF52F77FE6172329EA55787A80300C4A824107E46","1","8","True","False","2631.936",,"True","1000","True","True","1000","True"
"c4450db8-b5fb-4a9f-812c-8d214ea86167","MANIFEST_BOUND","hmail-perf-pair-service-20260901","06EFCBA9520D478A6DAC7ABB7F09F3B63D015A0CD5ECA1EB4D0FD2CC8C38F9FD","cpp","hmail_perf_pair_cpp_20260831_head3","C:\hmail-perf-pair-service-20260901\cpp\Data","B3DF9E8BBF4BEDB1102C94DF7C86356E1FEABCBC02A18E8EABEB1EA1453D09B8",,,"one TCP client and one sequential IMAP session per sample","0","PASS","45FA907CE0D3797C1E13EBB2F03F076A25656CCE27E801C18F745ACD3944FBBD","5136EEC556F9790732AE759EF52F77FE6172329EA55787A80300C4A824107E46","1","9","True","False","1496.188",,"True","1000","True","True","1000","True"
"c4450db8-b5fb-4a9f-812c-8d214ea86167","MANIFEST_BOUND","hmail-perf-pair-service-20260901","06EFCBA9520D478A6DAC7ABB7F09F3B63D015A0CD5ECA1EB4D0FD2CC8C38F9FD","cpp","hmail_perf_pair_cpp_20260831_head3","C:\hmail-perf-pair-service-20260901\cpp\Data","B3DF9E8BBF4BEDB1102C94DF7C86356E1FEABCBC02A18E8EABEB1EA1453D09B8",,,"one TCP client and one sequential IMAP session per sample","0","PASS","45FA907CE0D3797C1E13EBB2F03F076A25656CCE27E801C18F745ACD3944FBBD","5136EEC556F9790732AE759EF52F77FE6172329EA55787A80300C4A824107E46","1","10","True","False","1288.964",,"True","1000","True","True","1000","True"
"c4450db8-b5fb-4a9f-812c-8d214ea86167","MANIFEST_BOUND","hmail-perf-pair-service-20260901","06EFCBA9520D478A6DAC7ABB7F09F3B63D015A0CD5ECA1EB4D0FD2CC8C38F9FD","cpp","hmail_perf_pair_cpp_20260831_head3","C:\hmail-perf-pair-service-20260901\cpp\Data","B3DF9E8BBF4BEDB1102C94DF7C86356E1FEABCBC02A18E8EABEB1EA1453D09B8",,,"one TCP client and one sequential IMAP session per sample","0","PASS","45FA907CE0D3797C1E13EBB2F03F076A25656CCE27E801C18F745ACD3944FBBD","5136EEC556F9790732AE759EF52F77FE6172329EA55787A80300C4A824107E46","1","11","True","False","2195.797",,"True","1000","True","True","1000","True"
"c4450db8-b5fb-4a9f-812c-8d214ea86167","MANIFEST_BOUND","hmail-perf-pair-service-20260901","06EFCBA9520D478A6DAC7ABB7F09F3B63D015A0CD5ECA1EB4D0FD2CC8C38F9FD","cpp","hmail_perf_pair_cpp_20260831_head3","C:\hmail-perf-pair-service-20260901\cpp\Data","B3DF9E8BBF4BEDB1102C94DF7C86356E1FEABCBC02A18E8EABEB1EA1453D09B8",,,"one TCP client and one sequential IMAP session per sample","0","PASS","45FA907CE0D3797C1E13EBB2F03F076A25656CCE27E801C18F745ACD3944FBBD","5136EEC556F9790732AE759EF52F77FE6172329EA55787A80300C4A824107E46","1","12","True","False","916.483",,"True","1000","True","True","1000","True"
"c4450db8-b5fb-4a9f-812c-8d214ea86167","MANIFEST_BOUND","hmail-perf-pair-service-20260901","06EFCBA9520D478A6DAC7ABB7F09F3B63D015A0CD5ECA1EB4D0FD2CC8C38F9FD","cpp","hmail_perf_pair_cpp_20260831_head3","C:\hmail-perf-pair-service-20260901\cpp\Data","B3DF9E8BBF4BEDB1102C94DF7C86356E1FEABCBC02A18E8EABEB1EA1453D09B8",,,"one TCP client and one sequential IMAP session per sample","0","PASS","45FA907CE0D3797C1E13EBB2F03F076A25656CCE27E801C18F745ACD3944FBBD","5136EEC556F9790732AE759EF52F77FE6172329EA55787A80300C4A824107E46","1","13","True","False","1877.419",,"True","1000","True","True","1000","True"
"c4450db8-b5fb-4a9f-812c-8d214ea86167","MANIFEST_BOUND","hmail-perf-pair-service-20260901","06EFCBA9520D478A6DAC7ABB7F09F3B63D015A0CD5ECA1EB4D0FD2CC8C38F9FD","cpp","hmail_perf_pair_cpp_20260831_head3","C:\hmail-perf-pair-service-20260901\cpp\Data","B3DF9E8BBF4BEDB1102C94DF7C86356E1FEABCBC02A18E8EABEB1EA1453D09B8",,,"one TCP client and one sequential IMAP session per sample","0","PASS","45FA907CE0D3797C1E13EBB2F03F076A25656CCE27E801C18F745ACD3944FBBD","5136EEC556F9790732AE759EF52F77FE6172329EA55787A80300C4A824107E46","1","14","True","False","1497.816",,"True","1000","True","True","1000","True"
"c4450db8-b5fb-4a9f-812c-8d214ea86167","MANIFEST_BOUND","hmail-perf-pair-service-20260901","06EFCBA9520D478A6DAC7ABB7F09F3B63D015A0CD5ECA1EB4D0FD2CC8C38F9FD","cpp","hmail_perf_pair_cpp_20260831_head3","C:\hmail-perf-pair-service-20260901\cpp\Data","B3DF9E8BBF4BEDB1102C94DF7C86356E1FEABCBC02A18E8EABEB1EA1453D09B8",,,"one TCP client and one sequential IMAP session per sample","0","PASS","45FA907CE0D3797C1E13EBB2F03F076A25656CCE27E801C18F745ACD3944FBBD","5136EEC556F9790732AE759EF52F77FE6172329EA55787A80300C4A824107E46","1","15","True","False","3121.942",,"True","1000","True","True","1000","True"
"c4450db8-b5fb-4a9f-812c-8d214ea86167","MANIFEST_BOUND","hmail-perf-pair-service-20260901","06EFCBA9520D478A6DAC7ABB7F09F3B63D015A0CD5ECA1EB4D0FD2CC8C38F9FD","cpp","hmail_perf_pair_cpp_20260831_head3","C:\hmail-perf-pair-service-20260901\cpp\Data","B3DF9E8BBF4BEDB1102C94DF7C86356E1FEABCBC02A18E8EABEB1EA1453D09B8",,,"one TCP client and one sequential IMAP session per sample","0","PASS","45FA907CE0D3797C1E13EBB2F03F076A25656CCE27E801C18F745ACD3944FBBD","5136EEC556F9790732AE759EF52F77FE6172329EA55787A80300C4A824107E46","1","16","True","False","5252.326",,"True","1000","True","True","1000","True"
"c4450db8-b5fb-4a9f-812c-8d214ea86167","MANIFEST_BOUND","hmail-perf-pair-service-20260901","06EFCBA9520D478A6DAC7ABB7F09F3B63D015A0CD5ECA1EB4D0FD2CC8C38F9FD","cpp","hmail_perf_pair_cpp_20260831_head3","C:\hmail-perf-pair-service-20260901\cpp\Data","B3DF9E8BBF4BEDB1102C94DF7C86356E1FEABCBC02A18E8EABEB1EA1453D09B8",,,"one TCP client and one sequential IMAP session per sample","0","PASS","45FA907CE0D3797C1E13EBB2F03F076A25656CCE27E801C18F745ACD3944FBBD","5136EEC556F9790732AE759EF52F77FE6172329EA55787A80300C4A824107E46","1","17","True","False","1142.385",,"True","1000","True","True","1000","True"
"c4450db8-b5fb-4a9f-812c-8d214ea86167","MANIFEST_BOUND","hmail-perf-pair-service-20260901","06EFCBA9520D478A6DAC7ABB7F09F3B63D015A0CD5ECA1EB4D0FD2CC8C38F9FD","cpp","hmail_perf_pair_cpp_20260831_head3","C:\hmail-perf-pair-service-20260901\cpp\Data","B3DF9E8BBF4BEDB1102C94DF7C86356E1FEABCBC02A18E8EABEB1EA1453D09B8",,,"one TCP client and one sequential IMAP session per sample","0","PASS","45FA907CE0D3797C1E13EBB2F03F076A25656CCE27E801C18F745ACD3944FBBD","5136EEC556F9790732AE759EF52F77FE6172329EA55787A80300C4A824107E46","1","18","True","False","913.96",,"True","1000","True","True","1000","True"
"c4450db8-b5fb-4a9f-812c-8d214ea86167","MANIFEST_BOUND","hmail-perf-pair-service-20260901","06EFCBA9520D478A6DAC7ABB7F09F3B63D015A0CD5ECA1EB4D0FD2CC8C38F9FD","cpp","hmail_perf_pair_cpp_20260831_head3","C:\hmail-perf-pair-service-20260901\cpp\Data","B3DF9E8BBF4BEDB1102C94DF7C86356E1FEABCBC02A18E8EABEB1EA1453D09B8",,,"one TCP client and one sequential IMAP session per sample","0","PASS","45FA907CE0D3797C1E13EBB2F03F076A25656CCE27E801C18F745ACD3944FBBD","5136EEC556F9790732AE759EF52F77FE6172329EA55787A80300C4A824107E46","1","19","True","False","1267.771",,"True","1000","True","True","1000","True"
"c4450db8-b5fb-4a9f-812c-8d214ea86167","MANIFEST_BOUND","hmail-perf-pair-service-20260901","06EFCBA9520D478A6DAC7ABB7F09F3B63D015A0CD5ECA1EB4D0FD2CC8C38F9FD","cpp","hmail_perf_pair_cpp_20260831_head3","C:\hmail-perf-pair-service-20260901\cpp\Data","B3DF9E8BBF4BEDB1102C94DF7C86356E1FEABCBC02A18E8EABEB1EA1453D09B8",,,"one TCP client and one sequential IMAP session per sample","0","PASS","45FA907CE0D3797C1E13EBB2F03F076A25656CCE27E801C18F745ACD3944FBBD","5136EEC556F9790732AE759EF52F77FE6172329EA55787A80300C4A824107E46","1","20","True","False","1220.073",,"True","1000","True","True","1000","True"
"c4450db8-b5fb-4a9f-812c-8d214ea86167","MANIFEST_BOUND","hmail-perf-pair-service-20260901","06EFCBA9520D478A6DAC7ABB7F09F3B63D015A0CD5ECA1EB4D0FD2CC8C38F9FD","cpp","hmail_perf_pair_cpp_20260831_head3","C:\hmail-perf-pair-service-20260901\cpp\Data","B3DF9E8BBF4BEDB1102C94DF7C86356E1FEABCBC02A18E8EABEB1EA1453D09B8",,,"one TCP client and one sequential IMAP session per sample","0","PASS","45FA907CE0D3797C1E13EBB2F03F076A25656CCE27E801C18F745ACD3944FBBD","5136EEC556F9790732AE759EF52F77FE6172329EA55787A80300C4A824107E46","1","21","True","False","1246.288",,"True","1000","True","True","1000","True"
"c4450db8-b5fb-4a9f-812c-8d214ea86167","MANIFEST_BOUND","hmail-perf-pair-service-20260901","06EFCBA9520D478A6DAC7ABB7F09F3B63D015A0CD5ECA1EB4D0FD2CC8C38F9FD","cpp","hmail_perf_pair_cpp_20260831_head3","C:\hmail-perf-pair-service-20260901\cpp\Data","B3DF9E8BBF4BEDB1102C94DF7C86356E1FEABCBC02A18E8EABEB1EA1453D09B8",,,"one TCP client and one sequential IMAP session per sample","0","PASS","45FA907CE0D3797C1E13EBB2F03F076A25656CCE27E801C18F745ACD3944FBBD","5136EEC556F9790732AE759EF52F77FE6172329EA55787A80300C4A824107E46","1","22","True","False","1131.844",,"True","1000","True","True","1000","True"
"c4450db8-b5fb-4a9f-812c-8d214ea86167","MANIFEST_BOUND","hmail-perf-pair-service-20260901","06EFCBA9520D478A6DAC7ABB7F09F3B63D015A0CD5ECA1EB4D0FD2CC8C38F9FD","cpp","hmail_perf_pair_cpp_20260831_head3","C:\hmail-perf-pair-service-20260901\cpp\Data","B3DF9E8BBF4BEDB1102C94DF7C86356E1FEABCBC02A18E8EABEB1EA1453D09B8",,,"one TCP client and one sequential IMAP session per sample","0","PASS","45FA907CE0D3797C1E13EBB2F03F076A25656CCE27E801C18F745ACD3944FBBD","5136EEC556F9790732AE759EF52F77FE6172329EA55787A80300C4A824107E46","1","23","True","False","1269.658",,"True","1000","True","True","1000","True"
"c4450db8-b5fb-4a9f-812c-8d214ea86167","MANIFEST_BOUND","hmail-perf-pair-service-20260901","06EFCBA9520D478A6DAC7ABB7F09F3B63D015A0CD5ECA1EB4D0FD2CC8C38F9FD","cpp","hmail_perf_pair_cpp_20260831_head3","C:\hmail-perf-pair-service-20260901\cpp\Data","B3DF9E8BBF4BEDB1102C94DF7C86356E1FEABCBC02A18E8EABEB1EA1453D09B8",,,"one TCP client and one sequential IMAP session per sample","0","PASS","45FA907CE0D3797C1E13EBB2F03F076A25656CCE27E801C18F745ACD3944FBBD","5136EEC556F9790732AE759EF52F77FE6172329EA55787A80300C4A824107E46","1","24","True","False","1265.231",,"True","1000","True","True","1000","True"
"c4450db8-b5fb-4a9f-812c-8d214ea86167","MANIFEST_BOUND","hmail-perf-pair-service-20260901","06EFCBA9520D478A6DAC7ABB7F09F3B63D015A0CD5ECA1EB4D0FD2CC8C38F9FD","cpp","hmail_perf_pair_cpp_20260831_head3","C:\hmail-perf-pair-service-20260901\cpp\Data","B3DF9E8BBF4BEDB1102C94DF7C86356E1FEABCBC02A18E8EABEB1EA1453D09B8",,,"one TCP client and one sequential IMAP session per sample","0","PASS","45FA907CE0D3797C1E13EBB2F03F076A25656CCE27E801C18F745ACD3944FBBD","5136EEC556F9790732AE759EF52F77FE6172329EA55787A80300C4A824107E46","1","25","True","False","1222.801",,"True","1000","True","True","1000","True"
"c4450db8-b5fb-4a9f-812c-8d214ea86167","MANIFEST_BOUND","hmail-perf-pair-service-20260901","06EFCBA9520D478A6DAC7ABB7F09F3B63D015A0CD5ECA1EB4D0FD2CC8C38F9FD","cpp","hmail_perf_pair_cpp_20260831_head3","C:\hmail-perf-pair-service-20260901\cpp\Data","B3DF9E8BBF4BEDB1102C94DF7C86356E1FEABCBC02A18E8EABEB1EA1453D09B8",,,"one TCP client and one sequential IMAP session per sample","0","PASS","45FA907CE0D3797C1E13EBB2F03F076A25656CCE27E801C18F745ACD3944FBBD","5136EEC556F9790732AE759EF52F77FE6172329EA55787A80300C4A824107E46","1","26","True","False","1118.568",,"True","1000","True","True","1000","True"
"c4450db8-b5fb-4a9f-812c-8d214ea86167","MANIFEST_BOUND","hmail-perf-pair-service-20260901","06EFCBA9520D478A6DAC7ABB7F09F3B63D015A0CD5ECA1EB4D0FD2CC8C38F9FD","cpp","hmail_perf_pair_cpp_20260831_head3","C:\hmail-perf-pair-service-20260901\cpp\Data","B3DF9E8BBF4BEDB1102C94DF7C86356E1FEABCBC02A18E8EABEB1EA1453D09B8",,,"one TCP client and one sequential IMAP session per sample","0","PASS","45FA907CE0D3797C1E13EBB2F03F076A25656CCE27E801C18F745ACD3944FBBD","5136EEC556F9790732AE759EF52F77FE6172329EA55787A80300C4A824107E46","1","27","True","False","1135.488",,"True","1000","True","True","1000","True"
"c4450db8-b5fb-4a9f-812c-8d214ea86167","MANIFEST_BOUND","hmail-perf-pair-service-20260901","06EFCBA9520D478A6DAC7ABB7F09F3B63D015A0CD5ECA1EB4D0FD2CC8C38F9FD","cpp","hmail_perf_pair_cpp_20260831_head3","C:\hmail-perf-pair-service-20260901\cpp\Data","B3DF9E8BBF4BEDB1102C94DF7C86356E1FEABCBC02A18E8EABEB1EA1453D09B8",,,"one TCP client and one sequential IMAP session per sample","0","PASS","45FA907CE0D3797C1E13EBB2F03F076A25656CCE27E801C18F745ACD3944FBBD","5136EEC556F9790732AE759EF52F77FE6172329EA55787A80300C4A824107E46","1","28","True","False","1277.324",,"True","1000","True","True","1000","True"
"c4450db8-b5fb-4a9f-812c-8d214ea86167","MANIFEST_BOUND","hmail-perf-pair-service-20260901","06EFCBA9520D478A6DAC7ABB7F09F3B63D015A0CD5ECA1EB4D0FD2CC8C38F9FD","cpp","hmail_perf_pair_cpp_20260831_head3","C:\hmail-perf-pair-service-20260901\cpp\Data","B3DF9E8BBF4BEDB1102C94DF7C86356E1FEABCBC02A18E8EABEB1EA1453D09B8",,,"one TCP client and one sequential IMAP session per sample","0","PASS","45FA907CE0D3797C1E13EBB2F03F076A25656CCE27E801C18F745ACD3944FBBD","5136EEC556F9790732AE759EF52F77FE6172329EA55787A80300C4A824107E46","1","29","True","False","1248.891",,"True","1000","True","True","1000","True"
"c4450db8-b5fb-4a9f-812c-8d214ea86167","MANIFEST_BOUND","hmail-perf-pair-service-20260901","06EFCBA9520D478A6DAC7ABB7F09F3B63D015A0CD5ECA1EB4D0FD2CC8C38F9FD","cpp","hmail_perf_pair_cpp_20260831_head3","C:\hmail-perf-pair-service-20260901\cpp\Data","B3DF9E8BBF4BEDB1102C94DF7C86356E1FEABCBC02A18E8EABEB1EA1453D09B8",,,"one TCP client and one sequential IMAP session per sample","0","PASS","45FA907CE0D3797C1E13EBB2F03F076A25656CCE27E801C18F745ACD3944FBBD","5136EEC556F9790732AE759EF52F77FE6172329EA55787A80300C4A824107E46","1","30","True","False","1216.844",,"True","1000","True","True","1000","True"
"c4450db8-b5fb-4a9f-812c-8d214ea86167","MANIFEST_BOUND","hmail-perf-pair-service-20260901","06EFCBA9520D478A6DAC7ABB7F09F3B63D015A0CD5ECA1EB4D0FD2CC8C38F9FD","cpp","hmail_perf_pair_cpp_20260831_head3","C:\hmail-perf-pair-service-20260901\cpp\Data","B3DF9E8BBF4BEDB1102C94DF7C86356E1FEABCBC02A18E8EABEB1EA1453D09B8",,,"one TCP client and one sequential IMAP session per sample","0","PASS","45FA907CE0D3797C1E13EBB2F03F076A25656CCE27E801C18F745ACD3944FBBD","5136EEC556F9790732AE759EF52F77FE6172329EA55787A80300C4A824107E46","1","31","True","False","1138.03",,"True","1000","True","True","1000","True"
"c4450db8-b5fb-4a9f-812c-8d214ea86167","MANIFEST_BOUND","hmail-perf-pair-service-20260901","06EFCBA9520D478A6DAC7ABB7F09F3B63D015A0CD5ECA1EB4D0FD2CC8C38F9FD","cpp","hmail_perf_pair_cpp_20260831_head3","C:\hmail-perf-pair-service-20260901\cpp\Data","B3DF9E8BBF4BEDB1102C94DF7C86356E1FEABCBC02A18E8EABEB1EA1453D09B8",,,"one TCP client and one sequential IMAP session per sample","0","PASS","45FA907CE0D3797C1E13EBB2F03F076A25656CCE27E801C18F745ACD3944FBBD","5136EEC556F9790732AE759EF52F77FE6172329EA55787A80300C4A824107E46","1","32","True","False","1143.329",,"True","1000","True","True","1000","True"
"c4450db8-b5fb-4a9f-812c-8d214ea86167","MANIFEST_BOUND","hmail-perf-pair-service-20260901","06EFCBA9520D478A6DAC7ABB7F09F3B63D015A0CD5ECA1EB4D0FD2CC8C38F9FD","cpp","hmail_perf_pair_cpp_20260831_head3","C:\hmail-perf-pair-service-20260901\cpp\Data","B3DF9E8BBF4BEDB1102C94DF7C86356E1FEABCBC02A18E8EABEB1EA1453D09B8",,,"one TCP client and one sequential IMAP session per sample","0","PASS","45FA907CE0D3797C1E13EBB2F03F076A25656CCE27E801C18F745ACD3944FBBD","5136EEC556F9790732AE759EF52F77FE6172329EA55787A80300C4A824107E46","1","33","True","False","1899.158",,"True","1000","True","True","1000","True"
"c4450db8-b5fb-4a9f-812c-8d214ea86167","MANIFEST_BOUND","hmail-perf-pair-service-20260901","06EFCBA9520D478A6DAC7ABB7F09F3B63D015A0CD5ECA1EB4D0FD2CC8C38F9FD","cpp","hmail_perf_pair_cpp_20260831_head3","C:\hmail-perf-pair-service-20260901\cpp\Data","B3DF9E8BBF4BEDB1102C94DF7C86356E1FEABCBC02A18E8EABEB1EA1453D09B8",,,"one TCP client and one sequential IMAP session per sample","0","PASS","45FA907CE0D3797C1E13EBB2F03F076A25656CCE27E801C18F745ACD3944FBBD","5136EEC556F9790732AE759EF52F77FE6172329EA55787A80300C4A824107E46","1","34","True","False","1123.437",,"True","1000","True","True","1000","True"
"c4450db8-b5fb-4a9f-812c-8d214ea86167","MANIFEST_BOUND","hmail-perf-pair-service-20260901","06EFCBA9520D478A6DAC7ABB7F09F3B63D015A0CD5ECA1EB4D0FD2CC8C38F9FD","cpp","hmail_perf_pair_cpp_20260831_head3","C:\hmail-perf-pair-service-20260901\cpp\Data","B3DF9E8BBF4BEDB1102C94DF7C86356E1FEABCBC02A18E8EABEB1EA1453D09B8",,,"one TCP client and one sequential IMAP session per sample","0","PASS","45FA907CE0D3797C1E13EBB2F03F076A25656CCE27E801C18F745ACD3944FBBD","5136EEC556F9790732AE759EF52F77FE6172329EA55787A80300C4A824107E46","1","35","True","False","1256.911",,"True","1000","True","True","1000","True"
"c4450db8-b5fb-4a9f-812c-8d214ea86167","MANIFEST_BOUND","hmail-perf-pair-service-20260901","06EFCBA9520D478A6DAC7ABB7F09F3B63D015A0CD5ECA1EB4D0FD2CC8C38F9FD","cpp","hmail_perf_pair_cpp_20260831_head3","C:\hmail-perf-pair-service-20260901\cpp\Data","B3DF9E8BBF4BEDB1102C94DF7C86356E1FEABCBC02A18E8EABEB1EA1453D09B8",,,"one TCP client and one sequential IMAP session per sample","0","PASS","45FA907CE0D3797C1E13EBB2F03F076A25656CCE27E801C18F745ACD3944FBBD","5136EEC556F9790732AE759EF52F77FE6172329EA55787A80300C4A824107E46","1","36","True","False","1545.936",,"True","1000","True","True","1000","True"
"c4450db8-b5fb-4a9f-812c-8d214ea86167","MANIFEST_BOUND","hmail-perf-pair-service-20260901","06EFCBA9520D478A6DAC7ABB7F09F3B63D015A0CD5ECA1EB4D0FD2CC8C38F9FD","cpp","hmail_perf_pair_cpp_20260831_head3","C:\hmail-perf-pair-service-20260901\cpp\Data","B3DF9E8BBF4BEDB1102C94DF7C86356E1FEABCBC02A18E8EABEB1EA1453D09B8",,,"one TCP client and one sequential IMAP session per sample","0","PASS","45FA907CE0D3797C1E13EBB2F03F076A25656CCE27E801C18F745ACD3944FBBD","5136EEC556F9790732AE759EF52F77FE6172329EA55787A80300C4A824107E46","1","37","True","False","1279.742",,"True","1000","True","True","1000","True"
"c4450db8-b5fb-4a9f-812c-8d214ea86167","MANIFEST_BOUND","hmail-perf-pair-service-20260901","06EFCBA9520D478A6DAC7ABB7F09F3B63D015A0CD5ECA1EB4D0FD2CC8C38F9FD","cpp","hmail_perf_pair_cpp_20260831_head3","C:\hmail-perf-pair-service-20260901\cpp\Data","B3DF9E8BBF4BEDB1102C94DF7C86356E1FEABCBC02A18E8EABEB1EA1453D09B8",,,"one TCP client and one sequential IMAP session per sample","0","PASS","45FA907CE0D3797C1E13EBB2F03F076A25656CCE27E801C18F745ACD3944FBBD","5136EEC556F9790732AE759EF52F77FE6172329EA55787A80300C4A824107E46","1","38","True","False","1251.117",,"True","1000","True","True","1000","True"
"c4450db8-b5fb-4a9f-812c-8d214ea86167","MANIFEST_BOUND","hmail-perf-pair-service-20260901","06EFCBA9520D478A6DAC7ABB7F09F3B63D015A0CD5ECA1EB4D0FD2CC8C38F9FD","cpp","hmail_perf_pair_cpp_20260831_head3","C:\hmail-perf-pair-service-20260901\cpp\Data","B3DF9E8BBF4BEDB1102C94DF7C86356E1FEABCBC02A18E8EABEB1EA1453D09B8",,,"one TCP client and one sequential IMAP session per sample","0","PASS","45FA907CE0D3797C1E13EBB2F03F076A25656CCE27E801C18F745ACD3944FBBD","5136EEC556F9790732AE759EF52F77FE6172329EA55787A80300C4A824107E46","1","39","True","False","1262.545",,"True","1000","True","True","1000","True"
"c4450db8-b5fb-4a9f-812c-8d214ea86167","MANIFEST_BOUND","hmail-perf-pair-service-20260901","06EFCBA9520D478A6DAC7ABB7F09F3B63D015A0CD5ECA1EB4D0FD2CC8C38F9FD","cpp","hmail_perf_pair_cpp_20260831_head3","C:\hmail-perf-pair-service-20260901\cpp\Data","B3DF9E8BBF4BEDB1102C94DF7C86356E1FEABCBC02A18E8EABEB1EA1453D09B8",,,"one TCP client and one sequential IMAP session per sample","0","PASS","45FA907CE0D3797C1E13EBB2F03F076A25656CCE27E801C18F745ACD3944FBBD","5136EEC556F9790732AE759EF52F77FE6172329EA55787A80300C4A824107E46","1","40","True","False","2022.841",,"True","1000","True","True","1000","True"
"c4450db8-b5fb-4a9f-812c-8d214ea86167","MANIFEST_BOUND","hmail-perf-pair-service-20260901","06EFCBA9520D478A6DAC7ABB7F09F3B63D015A0CD5ECA1EB4D0FD2CC8C38F9FD","cpp","hmail_perf_pair_cpp_20260831_head3","C:\hmail-perf-pair-service-20260901\cpp\Data","B3DF9E8BBF4BEDB1102C94DF7C86356E1FEABCBC02A18E8EABEB1EA1453D09B8",,,"one TCP client and one sequential IMAP session per sample","0","PASS","45FA907CE0D3797C1E13EBB2F03F076A25656CCE27E801C18F745ACD3944FBBD","5136EEC556F9790732AE759EF52F77FE6172329EA55787A80300C4A824107E46","1","41","True","False","2019.408",,"True","1000","True","True","1000","True"
"c4450db8-b5fb-4a9f-812c-8d214ea86167","MANIFEST_BOUND","hmail-perf-pair-service-20260901","06EFCBA9520D478A6DAC7ABB7F09F3B63D015A0CD5ECA1EB4D0FD2CC8C38F9FD","cpp","hmail_perf_pair_cpp_20260831_head3","C:\hmail-perf-pair-service-20260901\cpp\Data","B3DF9E8BBF4BEDB1102C94DF7C86356E1FEABCBC02A18E8EABEB1EA1453D09B8",,,"one TCP client and one sequential IMAP session per sample","0","PASS","45FA907CE0D3797C1E13EBB2F03F076A25656CCE27E801C18F745ACD3944FBBD","5136EEC556F9790732AE759EF52F77FE6172329EA55787A80300C4A824107E46","1","42","True","False","2034.581",,"True","1000","True","True","1000","True"
"c4450db8-b5fb-4a9f-812c-8d214ea86167","MANIFEST_BOUND","hmail-perf-pair-service-20260901","06EFCBA9520D478A6DAC7ABB7F09F3B63D015A0CD5ECA1EB4D0FD2CC8C38F9FD","cpp","hmail_perf_pair_cpp_20260831_head3","C:\hmail-perf-pair-service-20260901\cpp\Data","B3DF9E8BBF4BEDB1102C94DF7C86356E1FEABCBC02A18E8EABEB1EA1453D09B8",,,"one TCP client and one sequential IMAP session per sample","0","PASS","45FA907CE0D3797C1E13EBB2F03F076A25656CCE27E801C18F745ACD3944FBBD","5136EEC556F9790732AE759EF52F77FE6172329EA55787A80300C4A824107E46","1","43","True","False","2037.194",,"True","1000","True","True","1000","True"
"c4450db8-b5fb-4a9f-812c-8d214ea86167","MANIFEST_BOUND","hmail-perf-pair-service-20260901","06EFCBA9520D478A6DAC7ABB7F09F3B63D015A0CD5ECA1EB4D0FD2CC8C38F9FD","cpp","hmail_perf_pair_cpp_20260831_head3","C:\hmail-perf-pair-service-20260901\cpp\Data","B3DF9E8BBF4BEDB1102C94DF7C86356E1FEABCBC02A18E8EABEB1EA1453D09B8",,,"one TCP client and one sequential IMAP session per sample","0","PASS","45FA907CE0D3797C1E13EBB2F03F076A25656CCE27E801C18F745ACD3944FBBD","5136EEC556F9790732AE759EF52F77FE6172329EA55787A80300C4A824107E46","1","44","True","False","2048.033",,"True","1000","True","True","1000","True"
"c4450db8-b5fb-4a9f-812c-8d214ea86167","MANIFEST_BOUND","hmail-perf-pair-service-20260901","06EFCBA9520D478A6DAC7ABB7F09F3B63D015A0CD5ECA1EB4D0FD2CC8C38F9FD","cpp","hmail_perf_pair_cpp_20260831_head3","C:\hmail-perf-pair-service-20260901\cpp\Data","B3DF9E8BBF4BEDB1102C94DF7C86356E1FEABCBC02A18E8EABEB1EA1453D09B8",,,"one TCP client and one sequential IMAP session per sample","0","PASS","45FA907CE0D3797C1E13EBB2F03F076A25656CCE27E801C18F745ACD3944FBBD","5136EEC556F9790732AE759EF52F77FE6172329EA55787A80300C4A824107E46","1","45","True","False","2101.473",,"True","1000","True","True","1000","True"
"c4450db8-b5fb-4a9f-812c-8d214ea86167","MANIFEST_BOUND","hmail-perf-pair-service-20260901","06EFCBA9520D478A6DAC7ABB7F09F3B63D015A0CD5ECA1EB4D0FD2CC8C38F9FD","cpp","hmail_perf_pair_cpp_20260831_head3","C:\hmail-perf-pair-service-20260901\cpp\Data","B3DF9E8BBF4BEDB1102C94DF7C86356E1FEABCBC02A18E8EABEB1EA1453D09B8",,,"one TCP client and one sequential IMAP session per sample","0","PASS","45FA907CE0D3797C1E13EBB2F03F076A25656CCE27E801C18F745ACD3944FBBD","5136EEC556F9790732AE759EF52F77FE6172329EA55787A80300C4A824107E46","1","46","True","False","2086.028",,"True","1000","True","True","1000","True"
"c4450db8-b5fb-4a9f-812c-8d214ea86167","MANIFEST_BOUND","hmail-perf-pair-service-20260901","06EFCBA9520D478A6DAC7ABB7F09F3B63D015A0CD5ECA1EB4D0FD2CC8C38F9FD","cpp","hmail_perf_pair_cpp_20260831_head3","C:\hmail-perf-pair-service-20260901\cpp\Data","B3DF9E8BBF4BEDB1102C94DF7C86356E1FEABCBC02A18E8EABEB1EA1453D09B8",,,"one TCP client and one sequential IMAP session per sample","0","PASS","45FA907CE0D3797C1E13EBB2F03F076A25656CCE27E801C18F745ACD3944FBBD","5136EEC556F9790732AE759EF52F77FE6172329EA55787A80300C4A824107E46","1","47","True","False","5078.114",,"True","1000","True","True","1000","True"
"c4450db8-b5fb-4a9f-812c-8d214ea86167","MANIFEST_BOUND","hmail-perf-pair-service-20260901","06EFCBA9520D478A6DAC7ABB7F09F3B63D015A0CD5ECA1EB4D0FD2CC8C38F9FD","cpp","hmail_perf_pair_cpp_20260831_head3","C:\hmail-perf-pair-service-20260901\cpp\Data","B3DF9E8BBF4BEDB1102C94DF7C86356E1FEABCBC02A18E8EABEB1EA1453D09B8",,,"one TCP client and one sequential IMAP session per sample","0","PASS","45FA907CE0D3797C1E13EBB2F03F076A25656CCE27E801C18F745ACD3944FBBD","5136EEC556F9790732AE759EF52F77FE6172329EA55787A80300C4A824107E46","1","48","True","False","2083.688",,"True","1000","True","True","1000","True"
"c4450db8-b5fb-4a9f-812c-8d214ea86167","MANIFEST_BOUND","hmail-perf-pair-service-20260901","06EFCBA9520D478A6DAC7ABB7F09F3B63D015A0CD5ECA1EB4D0FD2CC8C38F9FD","cpp","hmail_perf_pair_cpp_20260831_head3","C:\hmail-perf-pair-service-20260901\cpp\Data","B3DF9E8BBF4BEDB1102C94DF7C86356E1FEABCBC02A18E8EABEB1EA1453D09B8",,,"one TCP client and one sequential IMAP session per sample","0","PASS","45FA907CE0D3797C1E13EBB2F03F076A25656CCE27E801C18F745ACD3944FBBD","5136EEC556F9790732AE759EF52F77FE6172329EA55787A80300C4A824107E46","1","49","True","False","2097.909",,"True","1000","True","True","1000","True"
"c4450db8-b5fb-4a9f-812c-8d214ea86167","MANIFEST_BOUND","hmail-perf-pair-service-20260901","06EFCBA9520D478A6DAC7ABB7F09F3B63D015A0CD5ECA1EB4D0FD2CC8C38F9FD","cpp","hmail_perf_pair_cpp_20260831_head3","C:\hmail-perf-pair-service-20260901\cpp\Data","B3DF9E8BBF4BEDB1102C94DF7C86356E1FEABCBC02A18E8EABEB1EA1453D09B8",,,"one TCP client and one sequential IMAP session per sample","0","PASS","45FA907CE0D3797C1E13EBB2F03F076A25656CCE27E801C18F745ACD3944FBBD","5136EEC556F9790732AE759EF52F77FE6172329EA55787A80300C4A824107E46","1","50","True","False","2190.56",,"True","1000","True","True","1000","True"
"c4450db8-b5fb-4a9f-812c-8d214ea86167","MANIFEST_BOUND","hmail-perf-pair-service-20260901","06EFCBA9520D478A6DAC7ABB7F09F3B63D015A0CD5ECA1EB4D0FD2CC8C38F9FD","cpp","hmail_perf_pair_cpp_20260831_head3","C:\hmail-perf-pair-service-20260901\cpp\Data","B3DF9E8BBF4BEDB1102C94DF7C86356E1FEABCBC02A18E8EABEB1EA1453D09B8",,,"one TCP client and one sequential IMAP session per sample","0","PASS","45FA907CE0D3797C1E13EBB2F03F076A25656CCE27E801C18F745ACD3944FBBD","5136EEC556F9790732AE759EF52F77FE6172329EA55787A80300C4A824107E46","1","51","True","False","2271.225",,"True","1000","True","True","1000","True"
"c4450db8-b5fb-4a9f-812c-8d214ea86167","MANIFEST_BOUND","hmail-perf-pair-service-20260901","06EFCBA9520D478A6DAC7ABB7F09F3B63D015A0CD5ECA1EB4D0FD2CC8C38F9FD","cpp","hmail_perf_pair_cpp_20260831_head3","C:\hmail-perf-pair-service-20260901\cpp\Data","B3DF9E8BBF4BEDB1102C94DF7C86356E1FEABCBC02A18E8EABEB1EA1453D09B8",,,"one TCP client and one sequential IMAP session per sample","0","PASS","45FA907CE0D3797C1E13EBB2F03F076A25656CCE27E801C18F745ACD3944FBBD","5136EEC556F9790732AE759EF52F77FE6172329EA55787A80300C4A824107E46","1","52","True","False","2279.987",,"True","1000","True","True","1000","True"
"c4450db8-b5fb-4a9f-812c-8d214ea86167","MANIFEST_BOUND","hmail-perf-pair-service-20260901","06EFCBA9520D478A6DAC7ABB7F09F3B63D015A0CD5ECA1EB4D0FD2CC8C38F9FD","cpp","hmail_perf_pair_cpp_20260831_head3","C:\hmail-perf-pair-service-20260901\cpp\Data","B3DF9E8BBF4BEDB1102C94DF7C86356E1FEABCBC02A18E8EABEB1EA1453D09B8",,,"one TCP client and one sequential IMAP session per sample","0","PASS","45FA907CE0D3797C1E13EBB2F03F076A25656CCE27E801C18F745ACD3944FBBD","5136EEC556F9790732AE759EF52F77FE6172329EA55787A80300C4A824107E46","1","53","True","False","2288.052",,"True","1000","True","True","1000","True"
"c4450db8-b5fb-4a9f-812c-8d214ea86167","MANIFEST_BOUND","hmail-perf-pair-service-20260901","06EFCBA9520D478A6DAC7ABB7F09F3B63D015A0CD5ECA1EB4D0FD2CC8C38F9FD","cpp","hmail_perf_pair_cpp_20260831_head3","C:\hmail-perf-pair-service-20260901\cpp\Data","B3DF9E8BBF4BEDB1102C94DF7C86356E1FEABCBC02A18E8EABEB1EA1453D09B8",,,"one TCP client and one sequential IMAP session per sample","0","PASS","45FA907CE0D3797C1E13EBB2F03F076A25656CCE27E801C18F745ACD3944FBBD","5136EEC556F9790732AE759EF52F77FE6172329EA55787A80300C4A824107E46","1","54","True","False","2497.654",,"True","1000","True","True","1000","True"
"c4450db8-b5fb-4a9f-812c-8d214ea86167","MANIFEST_BOUND","hmail-perf-pair-service-20260901","06EFCBA9520D478A6DAC7ABB7F09F3B63D015A0CD5ECA1EB4D0FD2CC8C38F9FD","cpp","hmail_perf_pair_cpp_20260831_head3","C:\hmail-perf-pair-service-20260901\cpp\Data","B3DF9E8BBF4BEDB1102C94DF7C86356E1FEABCBC02A18E8EABEB1EA1453D09B8",,,"one TCP client and one sequential IMAP session per sample","0","PASS","45FA907CE0D3797C1E13EBB2F03F076A25656CCE27E801C18F745ACD3944FBBD","5136EEC556F9790732AE759EF52F77FE6172329EA55787A80300C4A824107E46","1","55","True","False","2433.254",,"True","1000","True","True","1000","True"
"c4450db8-b5fb-4a9f-812c-8d214ea86167","MANIFEST_BOUND","hmail-perf-pair-service-20260901","06EFCBA9520D478A6DAC7ABB7F09F3B63D015A0CD5ECA1EB4D0FD2CC8C38F9FD","cpp","hmail_perf_pair_cpp_20260831_head3","C:\hmail-perf-pair-service-20260901\cpp\Data","B3DF9E8BBF4BEDB1102C94DF7C86356E1FEABCBC02A18E8EABEB1EA1453D09B8",,,"one TCP client and one sequential IMAP session per sample","0","PASS","45FA907CE0D3797C1E13EBB2F03F076A25656CCE27E801C18F745ACD3944FBBD","5136EEC556F9790732AE759EF52F77FE6172329EA55787A80300C4A824107E46","1","56","True","False","2820.827",,"True","1000","True","True","1000","True"
"c4450db8-b5fb-4a9f-812c-8d214ea86167","MANIFEST_BOUND","hmail-perf-pair-service-20260901","06EFCBA9520D478A6DAC7ABB7F09F3B63D015A0CD5ECA1EB4D0FD2CC8C38F9FD","cpp","hmail_perf_pair_cpp_20260831_head3","C:\hmail-perf-pair-service-20260901\cpp\Data","B3DF9E8BBF4BEDB1102C94DF7C86356E1FEABCBC02A18E8EABEB1EA1453D09B8",,,"one TCP client and one sequential IMAP session per sample","0","PASS","45FA907CE0D3797C1E13EBB2F03F076A25656CCE27E801C18F745ACD3944FBBD","5136EEC556F9790732AE759EF52F77FE6172329EA55787A80300C4A824107E46","1","57","True","False","2694.812",,"True","1000","True","True","1000","True"
"c4450db8-b5fb-4a9f-812c-8d214ea86167","MANIFEST_BOUND","hmail-perf-pair-service-20260901","06EFCBA9520D478A6DAC7ABB7F09F3B63D015A0CD5ECA1EB4D0FD2CC8C38F9FD","cpp","hmail_perf_pair_cpp_20260831_head3","C:\hmail-perf-pair-service-20260901\cpp\Data","B3DF9E8BBF4BEDB1102C94DF7C86356E1FEABCBC02A18E8EABEB1EA1453D09B8",,,"one TCP client and one sequential IMAP session per sample","0","PASS","45FA907CE0D3797C1E13EBB2F03F076A25656CCE27E801C18F745ACD3944FBBD","5136EEC556F9790732AE759EF52F77FE6172329EA55787A80300C4A824107E46","1","58","True","False","2639.441",,"True","1000","True","True","1000","True"
"c4450db8-b5fb-4a9f-812c-8d214ea86167","MANIFEST_BOUND","hmail-perf-pair-service-20260901","06EFCBA9520D478A6DAC7ABB7F09F3B63D015A0CD5ECA1EB4D0FD2CC8C38F9FD","cpp","hmail_perf_pair_cpp_20260831_head3","C:\hmail-perf-pair-service-20260901\cpp\Data","B3DF9E8BBF4BEDB1102C94DF7C86356E1FEABCBC02A18E8EABEB1EA1453D09B8",,,"one TCP client and one sequential IMAP session per sample","0","PASS","45FA907CE0D3797C1E13EBB2F03F076A25656CCE27E801C18F745ACD3944FBBD","5136EEC556F9790732AE759EF52F77FE6172329EA55787A80300C4A824107E46","1","59","True","False","2837.924",,"True","1000","True","True","1000","True"
"c4450db8-b5fb-4a9f-812c-8d214ea86167","MANIFEST_BOUND","hmail-perf-pair-service-20260901","06EFCBA9520D478A6DAC7ABB7F09F3B63D015A0CD5ECA1EB4D0FD2CC8C38F9FD","cpp","hmail_perf_pair_cpp_20260831_head3","C:\hmail-perf-pair-service-20260901\cpp\Data","B3DF9E8BBF4BEDB1102C94DF7C86356E1FEABCBC02A18E8EABEB1EA1453D09B8",,,"one TCP client and one sequential IMAP session per sample","0","PASS","45FA907CE0D3797C1E13EBB2F03F076A25656CCE27E801C18F745ACD3944FBBD","5136EEC556F9790732AE759EF52F77FE6172329EA55787A80300C4A824107E46","1","60","True","False","2823.708",,"True","1000","True","True","1000","True"
"c4450db8-b5fb-4a9f-812c-8d214ea86167","MANIFEST_BOUND","hmail-perf-pair-service-20260901","06EFCBA9520D478A6DAC7ABB7F09F3B63D015A0CD5ECA1EB4D0FD2CC8C38F9FD","cpp","hmail_perf_pair_cpp_20260831_head3","C:\hmail-perf-pair-service-20260901\cpp\Data","B3DF9E8BBF4BEDB1102C94DF7C86356E1FEABCBC02A18E8EABEB1EA1453D09B8",,,"one TCP client and one sequential IMAP session per sample","0","PASS","45FA907CE0D3797C1E13EBB2F03F076A25656CCE27E801C18F745ACD3944FBBD","5136EEC556F9790732AE759EF52F77FE6172329EA55787A80300C4A824107E46","1","61","True","False","2708.052",,"True","1000","True","True","1000","True"
"c4450db8-b5fb-4a9f-812c-8d214ea86167","MANIFEST_BOUND","hmail-perf-pair-service-20260901","06EFCBA9520D478A6DAC7ABB7F09F3B63D015A0CD5ECA1EB4D0FD2CC8C38F9FD","cpp","hmail_perf_pair_cpp_20260831_head3","C:\hmail-perf-pair-service-20260901\cpp\Data","B3DF9E8BBF4BEDB1102C94DF7C86356E1FEABCBC02A18E8EABEB1EA1453D09B8",,,"one TCP client and one sequential IMAP session per sample","0","PASS","45FA907CE0D3797C1E13EBB2F03F076A25656CCE27E801C18F745ACD3944FBBD","5136EEC556F9790732AE759EF52F77FE6172329EA55787A80300C4A824107E46","1","62","True","False","3478.942",,"True","1000","True","True","1000","True"
"c4450db8-b5fb-4a9f-812c-8d214ea86167","MANIFEST_BOUND","hmail-perf-pair-service-20260901","06EFCBA9520D478A6DAC7ABB7F09F3B63D015A0CD5ECA1EB4D0FD2CC8C38F9FD","cpp","hmail_perf_pair_cpp_20260831_head3","C:\hmail-perf-pair-service-20260901\cpp\Data","B3DF9E8BBF4BEDB1102C94DF7C86356E1FEABCBC02A18E8EABEB1EA1453D09B8",,,"one TCP client and one sequential IMAP session per sample","0","PASS","45FA907CE0D3797C1E13EBB2F03F076A25656CCE27E801C18F745ACD3944FBBD","5136EEC556F9790732AE759EF52F77FE6172329EA55787A80300C4A824107E46","1","63","True","False","2834.581",,"True","1000","True","True","1000","True"
"c4450db8-b5fb-4a9f-812c-8d214ea86167","MANIFEST_BOUND","hmail-perf-pair-service-20260901","06EFCBA9520D478A6DAC7ABB7F09F3B63D015A0CD5ECA1EB4D0FD2CC8C38F9FD","cpp","hmail_perf_pair_cpp_20260831_head3","C:\hmail-perf-pair-service-20260901\cpp\Data","B3DF9E8BBF4BEDB1102C94DF7C86356E1FEABCBC02A18E8EABEB1EA1453D09B8",,,"one TCP client and one sequential IMAP session per sample","0","PASS","45FA907CE0D3797C1E13EBB2F03F076A25656CCE27E801C18F745ACD3944FBBD","5136EEC556F9790732AE759EF52F77FE6172329EA55787A80300C4A824107E46","1","64","True","False","2906.91",,"True","1000","True","True","1000","True"
"c4450db8-b5fb-4a9f-812c-8d214ea86167","MANIFEST_BOUND","hmail-perf-pair-service-20260901","06EFCBA9520D478A6DAC7ABB7F09F3B63D015A0CD5ECA1EB4D0FD2CC8C38F9FD","cpp","hmail_perf_pair_cpp_20260831_head3","C:\hmail-perf-pair-service-20260901\cpp\Data","B3DF9E8BBF4BEDB1102C94DF7C86356E1FEABCBC02A18E8EABEB1EA1453D09B8",,,"one TCP client and one sequential IMAP session per sample","0","PASS","45FA907CE0D3797C1E13EBB2F03F076A25656CCE27E801C18F745ACD3944FBBD","5136EEC556F9790732AE759EF52F77FE6172329EA55787A80300C4A824107E46","1","65","True","False","4223.657",,"True","1000","True","True","1000","True"
"c4450db8-b5fb-4a9f-812c-8d214ea86167","MANIFEST_BOUND","hmail-perf-pair-service-20260901","06EFCBA9520D478A6DAC7ABB7F09F3B63D015A0CD5ECA1EB4D0FD2CC8C38F9FD","cpp","hmail_perf_pair_cpp_20260831_head3","C:\hmail-perf-pair-service-20260901\cpp\Data","B3DF9E8BBF4BEDB1102C94DF7C86356E1FEABCBC02A18E8EABEB1EA1453D09B8",,,"one TCP client and one sequential IMAP session per sample","0","PASS","45FA907CE0D3797C1E13EBB2F03F076A25656CCE27E801C18F745ACD3944FBBD","5136EEC556F9790732AE759EF52F77FE6172329EA55787A80300C4A824107E46","1","66","True","False","2843.093",,"True","1000","True","True","1000","True"
"c4450db8-b5fb-4a9f-812c-8d214ea86167","MANIFEST_BOUND","hmail-perf-pair-service-20260901","06EFCBA9520D478A6DAC7ABB7F09F3B63D015A0CD5ECA1EB4D0FD2CC8C38F9FD","cpp","hmail_perf_pair_cpp_20260831_head3","C:\hmail-perf-pair-service-20260901\cpp\Data","B3DF9E8BBF4BEDB1102C94DF7C86356E1FEABCBC02A18E8EABEB1EA1453D09B8",,,"one TCP client and one sequential IMAP session per sample","0","PASS","45FA907CE0D3797C1E13EBB2F03F076A25656CCE27E801C18F745ACD3944FBBD","5136EEC556F9790732AE759EF52F77FE6172329EA55787A80300C4A824107E46","1","67","True","False","3331.739",,"True","1000","True","True","1000","True"
"c4450db8-b5fb-4a9f-812c-8d214ea86167","MANIFEST_BOUND","hmail-perf-pair-service-20260901","06EFCBA9520D478A6DAC7ABB7F09F3B63D015A0CD5ECA1EB4D0FD2CC8C38F9FD","cpp","hmail_perf_pair_cpp_20260831_head3","C:\hmail-perf-pair-service-20260901\cpp\Data","B3DF9E8BBF4BEDB1102C94DF7C86356E1FEABCBC02A18E8EABEB1EA1453D09B8",,,"one TCP client and one sequential IMAP session per sample","0","PASS","45FA907CE0D3797C1E13EBB2F03F076A25656CCE27E801C18F745ACD3944FBBD","5136EEC556F9790732AE759EF52F77FE6172329EA55787A80300C4A824107E46","1","68","True","False","2894.548",,"True","1000","True","True","1000","True"
"c4450db8-b5fb-4a9f-812c-8d214ea86167","MANIFEST_BOUND","hmail-perf-pair-service-20260901","06EFCBA9520D478A6DAC7ABB7F09F3B63D015A0CD5ECA1EB4D0FD2CC8C38F9FD","cpp","hmail_perf_pair_cpp_20260831_head3","C:\hmail-perf-pair-service-20260901\cpp\Data","B3DF9E8BBF4BEDB1102C94DF7C86356E1FEABCBC02A18E8EABEB1EA1453D09B8",,,"one TCP client and one sequential IMAP session per sample","0","PASS","45FA907CE0D3797C1E13EBB2F03F076A25656CCE27E801C18F745ACD3944FBBD","5136EEC556F9790732AE759EF52F77FE6172329EA55787A80300C4A824107E46","1","69","True","False","4226.309",,"True","1000","True","True","1000","True"
"c4450db8-b5fb-4a9f-812c-8d214ea86167","MANIFEST_BOUND","hmail-perf-pair-service-20260901","06EFCBA9520D478A6DAC7ABB7F09F3B63D015A0CD5ECA1EB4D0FD2CC8C38F9FD","cpp","hmail_perf_pair_cpp_20260831_head3","C:\hmail-perf-pair-service-20260901\cpp\Data","B3DF9E8BBF4BEDB1102C94DF7C86356E1FEABCBC02A18E8EABEB1EA1453D09B8",,,"one TCP client and one sequential IMAP session per sample","0","PASS","45FA907CE0D3797C1E13EBB2F03F076A25656CCE27E801C18F745ACD3944FBBD","5136EEC556F9790732AE759EF52F77FE6172329EA55787A80300C4A824107E46","1","70","True","False","3069.808",,"True","1000","True","True","1000","True"
"c4450db8-b5fb-4a9f-812c-8d214ea86167","MANIFEST_BOUND","hmail-perf-pair-service-20260901","06EFCBA9520D478A6DAC7ABB7F09F3B63D015A0CD5ECA1EB4D0FD2CC8C38F9FD","cpp","hmail_perf_pair_cpp_20260831_head3","C:\hmail-perf-pair-service-20260901\cpp\Data","B3DF9E8BBF4BEDB1102C94DF7C86356E1FEABCBC02A18E8EABEB1EA1453D09B8",,,"one TCP client and one sequential IMAP session per sample","0","PASS","45FA907CE0D3797C1E13EBB2F03F076A25656CCE27E801C18F745ACD3944FBBD","5136EEC556F9790732AE759EF52F77FE6172329EA55787A80300C4A824107E46","1","71","True","False","2918.835",,"True","1000","True","True","1000","True"
"c4450db8-b5fb-4a9f-812c-8d214ea86167","MANIFEST_BOUND","hmail-perf-pair-service-20260901","06EFCBA9520D478A6DAC7ABB7F09F3B63D015A0CD5ECA1EB4D0FD2CC8C38F9FD","cpp","hmail_perf_pair_cpp_20260831_head3","C:\hmail-perf-pair-service-20260901\cpp\Data","B3DF9E8BBF4BEDB1102C94DF7C86356E1FEABCBC02A18E8EABEB1EA1453D09B8",,,"one TCP client and one sequential IMAP session per sample","0","PASS","45FA907CE0D3797C1E13EBB2F03F076A25656CCE27E801C18F745ACD3944FBBD","5136EEC556F9790732AE759EF52F77FE6172329EA55787A80300C4A824107E46","1","72","True","False","2909.393",,"True","1000","True","True","1000","True"
"c4450db8-b5fb-4a9f-812c-8d214ea86167","MANIFEST_BOUND","hmail-perf-pair-service-20260901","06EFCBA9520D478A6DAC7ABB7F09F3B63D015A0CD5ECA1EB4D0FD2CC8C38F9FD","cpp","hmail_perf_pair_cpp_20260831_head3","C:\hmail-perf-pair-service-20260901\cpp\Data","B3DF9E8BBF4BEDB1102C94DF7C86356E1FEABCBC02A18E8EABEB1EA1453D09B8",,,"one TCP client and one sequential IMAP session per sample","0","PASS","45FA907CE0D3797C1E13EBB2F03F076A25656CCE27E801C18F745ACD3944FBBD","5136EEC556F9790732AE759EF52F77FE6172329EA55787A80300C4A824107E46","1","73","True","False","3278.499",,"True","1000","True","True","1000","True"
"c4450db8-b5fb-4a9f-812c-8d214ea86167","MANIFEST_BOUND","hmail-perf-pair-service-20260901","06EFCBA9520D478A6DAC7ABB7F09F3B63D015A0CD5ECA1EB4D0FD2CC8C38F9FD","cpp","hmail_perf_pair_cpp_20260831_head3","C:\hmail-perf-pair-service-20260901\cpp\Data","B3DF9E8BBF4BEDB1102C94DF7C86356E1FEABCBC02A18E8EABEB1EA1453D09B8",,,"one TCP client and one sequential IMAP session per sample","0","PASS","45FA907CE0D3797C1E13EBB2F03F076A25656CCE27E801C18F745ACD3944FBBD","5136EEC556F9790732AE759EF52F77FE6172329EA55787A80300C4A824107E46","1","74","True","False","2916.038",,"True","1000","True","True","1000","True"
"c4450db8-b5fb-4a9f-812c-8d214ea86167","MANIFEST_BOUND","hmail-perf-pair-service-20260901","06EFCBA9520D478A6DAC7ABB7F09F3B63D015A0CD5ECA1EB4D0FD2CC8C38F9FD","cpp","hmail_perf_pair_cpp_20260831_head3","C:\hmail-perf-pair-service-20260901\cpp\Data","B3DF9E8BBF4BEDB1102C94DF7C86356E1FEABCBC02A18E8EABEB1EA1453D09B8",,,"one TCP client and one sequential IMAP session per sample","0","PASS","45FA907CE0D3797C1E13EBB2F03F076A25656CCE27E801C18F745ACD3944FBBD","5136EEC556F9790732AE759EF52F77FE6172329EA55787A80300C4A824107E46","1","75","True","False","3127.266",,"True","1000","True","True","1000","True"
"c4450db8-b5fb-4a9f-812c-8d214ea86167","MANIFEST_BOUND","hmail-perf-pair-service-20260901","06EFCBA9520D478A6DAC7ABB7F09F3B63D015A0CD5ECA1EB4D0FD2CC8C38F9FD","cpp","hmail_perf_pair_cpp_20260831_head3","C:\hmail-perf-pair-service-20260901\cpp\Data","B3DF9E8BBF4BEDB1102C94DF7C86356E1FEABCBC02A18E8EABEB1EA1453D09B8",,,"one TCP client and one sequential IMAP session per sample","0","PASS","45FA907CE0D3797C1E13EBB2F03F076A25656CCE27E801C18F745ACD3944FBBD","5136EEC556F9790732AE759EF52F77FE6172329EA55787A80300C4A824107E46","1","76","True","False","3428.973",,"True","1000","True","True","1000","True"
"c4450db8-b5fb-4a9f-812c-8d214ea86167","MANIFEST_BOUND","hmail-perf-pair-service-20260901","06EFCBA9520D478A6DAC7ABB7F09F3B63D015A0CD5ECA1EB4D0FD2CC8C38F9FD","cpp","hmail_perf_pair_cpp_20260831_head3","C:\hmail-perf-pair-service-20260901\cpp\Data","B3DF9E8BBF4BEDB1102C94DF7C86356E1FEABCBC02A18E8EABEB1EA1453D09B8",,,"one TCP client and one sequential IMAP session per sample","0","PASS","45FA907CE0D3797C1E13EBB2F03F076A25656CCE27E801C18F745ACD3944FBBD","5136EEC556F9790732AE759EF52F77FE6172329EA55787A80300C4A824107E46","1","77","True","False","3116.339",,"True","1000","True","True","1000","True"
"c4450db8-b5fb-4a9f-812c-8d214ea86167","MANIFEST_BOUND","hmail-perf-pair-service-20260901","06EFCBA9520D478A6DAC7ABB7F09F3B63D015A0CD5ECA1EB4D0FD2CC8C38F9FD","cpp","hmail_perf_pair_cpp_20260831_head3","C:\hmail-perf-pair-service-20260901\cpp\Data","B3DF9E8BBF4BEDB1102C94DF7C86356E1FEABCBC02A18E8EABEB1EA1453D09B8",,,"one TCP client and one sequential IMAP session per sample","0","PASS","45FA907CE0D3797C1E13EBB2F03F076A25656CCE27E801C18F745ACD3944FBBD","5136EEC556F9790732AE759EF52F77FE6172329EA55787A80300C4A824107E46","1","78","True","False","3334.181",,"True","1000","True","True","1000","True"
"c4450db8-b5fb-4a9f-812c-8d214ea86167","MANIFEST_BOUND","hmail-perf-pair-service-20260901","06EFCBA9520D478A6DAC7ABB7F09F3B63D015A0CD5ECA1EB4D0FD2CC8C38F9FD","cpp","hmail_perf_pair_cpp_20260831_head3","C:\hmail-perf-pair-service-20260901\cpp\Data","B3DF9E8BBF4BEDB1102C94DF7C86356E1FEABCBC02A18E8EABEB1EA1453D09B8",,,"one TCP client and one sequential IMAP session per sample","0","PASS","45FA907CE0D3797C1E13EBB2F03F076A25656CCE27E801C18F745ACD3944FBBD","5136EEC556F9790732AE759EF52F77FE6172329EA55787A80300C4A824107E46","1","79","True","False","3511.816",,"True","1000","True","True","1000","True"
"c4450db8-b5fb-4a9f-812c-8d214ea86167","MANIFEST_BOUND","hmail-perf-pair-service-20260901","06EFCBA9520D478A6DAC7ABB7F09F3B63D015A0CD5ECA1EB4D0FD2CC8C38F9FD","cpp","hmail_perf_pair_cpp_20260831_head3","C:\hmail-perf-pair-service-20260901\cpp\Data","B3DF9E8BBF4BEDB1102C94DF7C86356E1FEABCBC02A18E8EABEB1EA1453D09B8",,,"one TCP client and one sequential IMAP session per sample","0","PASS","45FA907CE0D3797C1E13EBB2F03F076A25656CCE27E801C18F745ACD3944FBBD","5136EEC556F9790732AE759EF52F77FE6172329EA55787A80300C4A824107E46","1","80","True","False","3510.402",,"True","1000","True","True","1000","True"
"c4450db8-b5fb-4a9f-812c-8d214ea86167","MANIFEST_BOUND","hmail-perf-pair-service-20260901","06EFCBA9520D478A6DAC7ABB7F09F3B63D015A0CD5ECA1EB4D0FD2CC8C38F9FD","cpp","hmail_perf_pair_cpp_20260831_head3","C:\hmail-perf-pair-service-20260901\cpp\Data","B3DF9E8BBF4BEDB1102C94DF7C86356E1FEABCBC02A18E8EABEB1EA1453D09B8",,,"one TCP client and one sequential IMAP session per sample","0","PASS","45FA907CE0D3797C1E13EBB2F03F076A25656CCE27E801C18F745ACD3944FBBD","5136EEC556F9790732AE759EF52F77FE6172329EA55787A80300C4A824107E46","1","81","True","False","3637.162",,"True","1000","True","True","1000","True"
"c4450db8-b5fb-4a9f-812c-8d214ea86167","MANIFEST_BOUND","hmail-perf-pair-service-20260901","06EFCBA9520D478A6DAC7ABB7F09F3B63D015A0CD5ECA1EB4D0FD2CC8C38F9FD","cpp","hmail_perf_pair_cpp_20260831_head3","C:\hmail-perf-pair-service-20260901\cpp\Data","B3DF9E8BBF4BEDB1102C94DF7C86356E1FEABCBC02A18E8EABEB1EA1453D09B8",,,"one TCP client and one sequential IMAP session per sample","0","PASS","45FA907CE0D3797C1E13EBB2F03F076A25656CCE27E801C18F745ACD3944FBBD","5136EEC556F9790732AE759EF52F77FE6172329EA55787A80300C4A824107E46","1","82","True","False","3510.271",,"True","1000","True","True","1000","True"
"c4450db8-b5fb-4a9f-812c-8d214ea86167","MANIFEST_BOUND","hmail-perf-pair-service-20260901","06EFCBA9520D478A6DAC7ABB7F09F3B63D015A0CD5ECA1EB4D0FD2CC8C38F9FD","cpp","hmail_perf_pair_cpp_20260831_head3","C:\hmail-perf-pair-service-20260901\cpp\Data","B3DF9E8BBF4BEDB1102C94DF7C86356E1FEABCBC02A18E8EABEB1EA1453D09B8",,,"one TCP client and one sequential IMAP session per sample","0","PASS","45FA907CE0D3797C1E13EBB2F03F076A25656CCE27E801C18F745ACD3944FBBD","5136EEC556F9790732AE759EF52F77FE6172329EA55787A80300C4A824107E46","1","83","True","False","3536.127",,"True","1000","True","True","1000","True"
"c4450db8-b5fb-4a9f-812c-8d214ea86167","MANIFEST_BOUND","hmail-perf-pair-service-20260901","06EFCBA9520D478A6DAC7ABB7F09F3B63D015A0CD5ECA1EB4D0FD2CC8C38F9FD","cpp","hmail_perf_pair_cpp_20260831_head3","C:\hmail-perf-pair-service-20260901\cpp\Data","B3DF9E8BBF4BEDB1102C94DF7C86356E1FEABCBC02A18E8EABEB1EA1453D09B8",,,"one TCP client and one sequential IMAP session per sample","0","PASS","45FA907CE0D3797C1E13EBB2F03F076A25656CCE27E801C18F745ACD3944FBBD","5136EEC556F9790732AE759EF52F77FE6172329EA55787A80300C4A824107E46","1","84","True","False","3913.48",,"True","1000","True","True","1000","True"
"c4450db8-b5fb-4a9f-812c-8d214ea86167","MANIFEST_BOUND","hmail-perf-pair-service-20260901","06EFCBA9520D478A6DAC7ABB7F09F3B63D015A0CD5ECA1EB4D0FD2CC8C38F9FD","cpp","hmail_perf_pair_cpp_20260831_head3","C:\hmail-perf-pair-service-20260901\cpp\Data","B3DF9E8BBF4BEDB1102C94DF7C86356E1FEABCBC02A18E8EABEB1EA1453D09B8",,,"one TCP client and one sequential IMAP session per sample","0","PASS","45FA907CE0D3797C1E13EBB2F03F076A25656CCE27E801C18F745ACD3944FBBD","5136EEC556F9790732AE759EF52F77FE6172329EA55787A80300C4A824107E46","1","85","True","False","3639.634",,"True","1000","True","True","1000","True"
"c4450db8-b5fb-4a9f-812c-8d214ea86167","MANIFEST_BOUND","hmail-perf-pair-service-20260901","06EFCBA9520D478A6DAC7ABB7F09F3B63D015A0CD5ECA1EB4D0FD2CC8C38F9FD","cpp","hmail_perf_pair_cpp_20260831_head3","C:\hmail-perf-pair-service-20260901\cpp\Data","B3DF9E8BBF4BEDB1102C94DF7C86356E1FEABCBC02A18E8EABEB1EA1453D09B8",,,"one TCP client and one sequential IMAP session per sample","0","PASS","45FA907CE0D3797C1E13EBB2F03F076A25656CCE27E801C18F745ACD3944FBBD","5136EEC556F9790732AE759EF52F77FE6172329EA55787A80300C4A824107E46","1","86","True","False","3735.558",,"True","1000","True","True","1000","True"
"c4450db8-b5fb-4a9f-812c-8d214ea86167","MANIFEST_BOUND","hmail-perf-pair-service-20260901","06EFCBA9520D478A6DAC7ABB7F09F3B63D015A0CD5ECA1EB4D0FD2CC8C38F9FD","cpp","hmail_perf_pair_cpp_20260831_head3","C:\hmail-perf-pair-service-20260901\cpp\Data","B3DF9E8BBF4BEDB1102C94DF7C86356E1FEABCBC02A18E8EABEB1EA1453D09B8",,,"one TCP client and one sequential IMAP session per sample","0","PASS","45FA907CE0D3797C1E13EBB2F03F076A25656CCE27E801C18F745ACD3944FBBD","5136EEC556F9790732AE759EF52F77FE6172329EA55787A80300C4A824107E46","1","87","True","False","3738.709",,"True","1000","True","True","1000","True"
"c4450db8-b5fb-4a9f-812c-8d214ea86167","MANIFEST_BOUND","hmail-perf-pair-service-20260901","06EFCBA9520D478A6DAC7ABB7F09F3B63D015A0CD5ECA1EB4D0FD2CC8C38F9FD","cpp","hmail_perf_pair_cpp_20260831_head3","C:\hmail-perf-pair-service-20260901\cpp\Data","B3DF9E8BBF4BEDB1102C94DF7C86356E1FEABCBC02A18E8EABEB1EA1453D09B8",,,"one TCP client and one sequential IMAP session per sample","0","PASS","45FA907CE0D3797C1E13EBB2F03F076A25656CCE27E801C18F745ACD3944FBBD","5136EEC556F9790732AE759EF52F77FE6172329EA55787A80300C4A824107E46","1","88","True","False","3821.151",,"True","1000","True","True","1000","True"
"c4450db8-b5fb-4a9f-812c-8d214ea86167","MANIFEST_BOUND","hmail-perf-pair-service-20260901","06EFCBA9520D478A6DAC7ABB7F09F3B63D015A0CD5ECA1EB4D0FD2CC8C38F9FD","cpp","hmail_perf_pair_cpp_20260831_head3","C:\hmail-perf-pair-service-20260901\cpp\Data","B3DF9E8BBF4BEDB1102C94DF7C86356E1FEABCBC02A18E8EABEB1EA1453D09B8",,,"one TCP client and one sequential IMAP session per sample","0","PASS","45FA907CE0D3797C1E13EBB2F03F076A25656CCE27E801C18F745ACD3944FBBD","5136EEC556F9790732AE759EF52F77FE6172329EA55787A80300C4A824107E46","1","89","True","False","3686.509",,"True","1000","True","True","1000","True"
"c4450db8-b5fb-4a9f-812c-8d214ea86167","MANIFEST_BOUND","hmail-perf-pair-service-20260901","06EFCBA9520D478A6DAC7ABB7F09F3B63D015A0CD5ECA1EB4D0FD2CC8C38F9FD","cpp","hmail_perf_pair_cpp_20260831_head3","C:\hmail-perf-pair-service-20260901\cpp\Data","B3DF9E8BBF4BEDB1102C94DF7C86356E1FEABCBC02A18E8EABEB1EA1453D09B8",,,"one TCP client and one sequential IMAP session per sample","0","PASS","45FA907CE0D3797C1E13EBB2F03F076A25656CCE27E801C18F745ACD3944FBBD","5136EEC556F9790732AE759EF52F77FE6172329EA55787A80300C4A824107E46","1","90","True","False","4051.054",,"True","1000","True","True","1000","True"
"c4450db8-b5fb-4a9f-812c-8d214ea86167","MANIFEST_BOUND","hmail-perf-pair-service-20260901","06EFCBA9520D478A6DAC7ABB7F09F3B63D015A0CD5ECA1EB4D0FD2CC8C38F9FD","cpp","hmail_perf_pair_cpp_20260831_head3","C:\hmail-perf-pair-service-20260901\cpp\Data","B3DF9E8BBF4BEDB1102C94DF7C86356E1FEABCBC02A18E8EABEB1EA1453D09B8",,,"one TCP client and one sequential IMAP session per sample","0","PASS","45FA907CE0D3797C1E13EBB2F03F076A25656CCE27E801C18F745ACD3944FBBD","5136EEC556F9790732AE759EF52F77FE6172329EA55787A80300C4A824107E46","1","91","True","False","3880.625",,"True","1000","True","True","1000","True"
"c4450db8-b5fb-4a9f-812c-8d214ea86167","MANIFEST_BOUND","hmail-perf-pair-service-20260901","06EFCBA9520D478A6DAC7ABB7F09F3B63D015A0CD5ECA1EB4D0FD2CC8C38F9FD","cpp","hmail_perf_pair_cpp_20260831_head3","C:\hmail-perf-pair-service-20260901\cpp\Data","B3DF9E8BBF4BEDB1102C94DF7C86356E1FEABCBC02A18E8EABEB1EA1453D09B8",,,"one TCP client and one sequential IMAP session per sample","0","PASS","45FA907CE0D3797C1E13EBB2F03F076A25656CCE27E801C18F745ACD3944FBBD","5136EEC556F9790732AE759EF52F77FE6172329EA55787A80300C4A824107E46","1","92","True","False","3915.646",,"True","1000","True","True","1000","True"
"c4450db8-b5fb-4a9f-812c-8d214ea86167","MANIFEST_BOUND","hmail-perf-pair-service-20260901","06EFCBA9520D478A6DAC7ABB7F09F3B63D015A0CD5ECA1EB4D0FD2CC8C38F9FD","cpp","hmail_perf_pair_cpp_20260831_head3","C:\hmail-perf-pair-service-20260901\cpp\Data","B3DF9E8BBF4BEDB1102C94DF7C86356E1FEABCBC02A18E8EABEB1EA1453D09B8",,,"one TCP client and one sequential IMAP session per sample","0","PASS","45FA907CE0D3797C1E13EBB2F03F076A25656CCE27E801C18F745ACD3944FBBD","5136EEC556F9790732AE759EF52F77FE6172329EA55787A80300C4A824107E46","1","93","True","False","4552.629",,"True","1000","True","True","1000","True"
"c4450db8-b5fb-4a9f-812c-8d214ea86167","MANIFEST_BOUND","hmail-perf-pair-service-20260901","06EFCBA9520D478A6DAC7ABB7F09F3B63D015A0CD5ECA1EB4D0FD2CC8C38F9FD","cpp","hmail_perf_pair_cpp_20260831_head3","C:\hmail-perf-pair-service-20260901\cpp\Data","B3DF9E8BBF4BEDB1102C94DF7C86356E1FEABCBC02A18E8EABEB1EA1453D09B8",,,"one TCP client and one sequential IMAP session per sample","0","PASS","45FA907CE0D3797C1E13EBB2F03F076A25656CCE27E801C18F745ACD3944FBBD","5136EEC556F9790732AE759EF52F77FE6172329EA55787A80300C4A824107E46","1","94","True","False","4039.877",,"True","1000","True","True","1000","True"
"c4450db8-b5fb-4a9f-812c-8d214ea86167","MANIFEST_BOUND","hmail-perf-pair-service-20260901","06EFCBA9520D478A6DAC7ABB7F09F3B63D015A0CD5ECA1EB4D0FD2CC8C38F9FD","cpp","hmail_perf_pair_cpp_20260831_head3","C:\hmail-perf-pair-service-20260901\cpp\Data","B3DF9E8BBF4BEDB1102C94DF7C86356E1FEABCBC02A18E8EABEB1EA1453D09B8",,,"one TCP client and one sequential IMAP session per sample","0","PASS","45FA907CE0D3797C1E13EBB2F03F076A25656CCE27E801C18F745ACD3944FBBD","5136EEC556F9790732AE759EF52F77FE6172329EA55787A80300C4A824107E46","1","95","True","False","4148.855",,"True","1000","True","True","1000","True"
"c4450db8-b5fb-4a9f-812c-8d214ea86167","MANIFEST_BOUND","hmail-perf-pair-service-20260901","06EFCBA9520D478A6DAC7ABB7F09F3B63D015A0CD5ECA1EB4D0FD2CC8C38F9FD","cpp","hmail_perf_pair_cpp_20260831_head3","C:\hmail-perf-pair-service-20260901\cpp\Data","B3DF9E8BBF4BEDB1102C94DF7C86356E1FEABCBC02A18E8EABEB1EA1453D09B8",,,"one TCP client and one sequential IMAP session per sample","0","PASS","45FA907CE0D3797C1E13EBB2F03F076A25656CCE27E801C18F745ACD3944FBBD","5136EEC556F9790732AE759EF52F77FE6172329EA55787A80300C4A824107E46","1","96","True","False","4299.681",,"True","1000","True","True","1000","True"
"c4450db8-b5fb-4a9f-812c-8d214ea86167","MANIFEST_BOUND","hmail-perf-pair-service-20260901","06EFCBA9520D478A6DAC7ABB7F09F3B63D015A0CD5ECA1EB4D0FD2CC8C38F9FD","cpp","hmail_perf_pair_cpp_20260831_head3","C:\hmail-perf-pair-service-20260901\cpp\Data","B3DF9E8BBF4BEDB1102C94DF7C86356E1FEABCBC02A18E8EABEB1EA1453D09B8",,,"one TCP client and one sequential IMAP session per sample","0","PASS","45FA907CE0D3797C1E13EBB2F03F076A25656CCE27E801C18F745ACD3944FBBD","5136EEC556F9790732AE759EF52F77FE6172329EA55787A80300C4A824107E46","1","97","True","False","4249.522",,"True","1000","True","True","1000","True"
"c4450db8-b5fb-4a9f-812c-8d214ea86167","MANIFEST_BOUND","hmail-perf-pair-service-20260901","06EFCBA9520D478A6DAC7ABB7F09F3B63D015A0CD5ECA1EB4D0FD2CC8C38F9FD","cpp","hmail_perf_pair_cpp_20260831_head3","C:\hmail-perf-pair-service-20260901\cpp\Data","B3DF9E8BBF4BEDB1102C94DF7C86356E1FEABCBC02A18E8EABEB1EA1453D09B8",,,"one TCP client and one sequential IMAP session per sample","0","PASS","45FA907CE0D3797C1E13EBB2F03F076A25656CCE27E801C18F745ACD3944FBBD","5136EEC556F9790732AE759EF52F77FE6172329EA55787A80300C4A824107E46","1","98","True","False","4313.854",,"True","1000","True","True","1000","True"
"c4450db8-b5fb-4a9f-812c-8d214ea86167","MANIFEST_BOUND","hmail-perf-pair-service-20260901","06EFCBA9520D478A6DAC7ABB7F09F3B63D015A0CD5ECA1EB4D0FD2CC8C38F9FD","cpp","hmail_perf_pair_cpp_20260831_head3","C:\hmail-perf-pair-service-20260901\cpp\Data","B3DF9E8BBF4BEDB1102C94DF7C86356E1FEABCBC02A18E8EABEB1EA1453D09B8",,,"one TCP client and one sequential IMAP session per sample","0","PASS","45FA907CE0D3797C1E13EBB2F03F076A25656CCE27E801C18F745ACD3944FBBD","5136EEC556F9790732AE759EF52F77FE6172329EA55787A80300C4A824107E46","1","99","True","False","4372.647",,"True","1000","True","True","1000","True"
"c4450db8-b5fb-4a9f-812c-8d214ea86167","MANIFEST_BOUND","hmail-perf-pair-service-20260901","06EFCBA9520D478A6DAC7ABB7F09F3B63D015A0CD5ECA1EB4D0FD2CC8C38F9FD","cpp","hmail_perf_pair_cpp_20260831_head3","C:\hmail-perf-pair-service-20260901\cpp\Data","B3DF9E8BBF4BEDB1102C94DF7C86356E1FEABCBC02A18E8EABEB1EA1453D09B8",,,"one TCP client and one sequential IMAP session per sample","0","PASS","45FA907CE0D3797C1E13EBB2F03F076A25656CCE27E801C18F745ACD3944FBBD","5136EEC556F9790732AE759EF52F77FE6172329EA55787A80300C4A824107E46","1","100","True","False","4419.008",,"True","1000","True","True","1000","True"
"c4450db8-b5fb-4a9f-812c-8d214ea86167","MANIFEST_BOUND","hmail-perf-pair-service-20260901","06EFCBA9520D478A6DAC7ABB7F09F3B63D015A0CD5ECA1EB4D0FD2CC8C38F9FD","cpp","hmail_perf_pair_cpp_20260831_head3","C:\hmail-perf-pair-service-20260901\cpp\Data","B3DF9E8BBF4BEDB1102C94DF7C86356E1FEABCBC02A18E8EABEB1EA1453D09B8",,,"one TCP client and one sequential IMAP session per sample","0","PASS","45FA907CE0D3797C1E13EBB2F03F076A25656CCE27E801C18F745ACD3944FBBD","5136EEC556F9790732AE759EF52F77FE6172329EA55787A80300C4A824107E46","1","101","True","False","4425.912",,"True","1000","True","True","1000","True"
"c4450db8-b5fb-4a9f-812c-8d214ea86167","MANIFEST_BOUND","hmail-perf-pair-service-20260901","06EFCBA9520D478A6DAC7ABB7F09F3B63D015A0CD5ECA1EB4D0FD2CC8C38F9FD","cpp","hmail_perf_pair_cpp_20260831_head3","C:\hmail-perf-pair-service-20260901\cpp\Data","B3DF9E8BBF4BEDB1102C94DF7C86356E1FEABCBC02A18E8EABEB1EA1453D09B8",,,"one TCP client and one sequential IMAP session per sample","0","PASS","45FA907CE0D3797C1E13EBB2F03F076A25656CCE27E801C18F745ACD3944FBBD","5136EEC556F9790732AE759EF52F77FE6172329EA55787A80300C4A824107E46","1","102","True","False","4487.852",,"True","1000","True","True","1000","True"
"c4450db8-b5fb-4a9f-812c-8d214ea86167","MANIFEST_BOUND","hmail-perf-pair-service-20260901","06EFCBA9520D478A6DAC7ABB7F09F3B63D015A0CD5ECA1EB4D0FD2CC8C38F9FD","cpp","hmail_perf_pair_cpp_20260831_head3","C:\hmail-perf-pair-service-20260901\cpp\Data","B3DF9E8BBF4BEDB1102C94DF7C86356E1FEABCBC02A18E8EABEB1EA1453D09B8",,,"one TCP client and one sequential IMAP session per sample","0","PASS","45FA907CE0D3797C1E13EBB2F03F076A25656CCE27E801C18F745ACD3944FBBD","5136EEC556F9790732AE759EF52F77FE6172329EA55787A80300C4A824107E46","1","103","True","False","4483.445",,"True","1000","True","True","1000","True"
"c4450db8-b5fb-4a9f-812c-8d214ea86167","MANIFEST_BOUND","hmail-perf-pair-service-20260901","06EFCBA9520D478A6DAC7ABB7F09F3B63D015A0CD5ECA1EB4D0FD2CC8C38F9FD","cpp","hmail_perf_pair_cpp_20260831_head3","C:\hmail-perf-pair-service-20260901\cpp\Data","B3DF9E8BBF4BEDB1102C94DF7C86356E1FEABCBC02A18E8EABEB1EA1453D09B8",,,"one TCP client and one sequential IMAP session per sample","0","PASS","45FA907CE0D3797C1E13EBB2F03F076A25656CCE27E801C18F745ACD3944FBBD","5136EEC556F9790732AE759EF52F77FE6172329EA55787A80300C4A824107E46","1","104","True","False","4667.815",,"True","1000","True","True","1000","True"
"c4450db8-b5fb-4a9f-812c-8d214ea86167","MANIFEST_BOUND","hmail-perf-pair-service-20260901","06EFCBA9520D478A6DAC7ABB7F09F3B63D015A0CD5ECA1EB4D0FD2CC8C38F9FD","cpp","hmail_perf_pair_cpp_20260831_head3","C:\hmail-perf-pair-service-20260901\cpp\Data","B3DF9E8BBF4BEDB1102C94DF7C86356E1FEABCBC02A18E8EABEB1EA1453D09B8",,,"one TCP client and one sequential IMAP session per sample","0","PASS","45FA907CE0D3797C1E13EBB2F03F076A25656CCE27E801C18F745ACD3944FBBD","5136EEC556F9790732AE759EF52F77FE6172329EA55787A80300C4A824107E46","1","105","True","False","4626.257",,"True","1000","True","True","1000","True"
"c4450db8-b5fb-4a9f-812c-8d214ea86167","MANIFEST_BOUND","hmail-perf-pair-service-20260901","06EFCBA9520D478A6DAC7ABB7F09F3B63D015A0CD5ECA1EB4D0FD2CC8C38F9FD","cpp","hmail_perf_pair_cpp_20260831_head3","C:\hmail-perf-pair-service-20260901\cpp\Data","B3DF9E8BBF4BEDB1102C94DF7C86356E1FEABCBC02A18E8EABEB1EA1453D09B8",,,"one TCP client and one sequential IMAP session per sample","0","PASS","45FA907CE0D3797C1E13EBB2F03F076A25656CCE27E801C18F745ACD3944FBBD","5136EEC556F9790732AE759EF52F77FE6172329EA55787A80300C4A824107E46","1","106","True","False","4622.388",,"True","1000","True","True","1000","True"
"c4450db8-b5fb-4a9f-812c-8d214ea86167","MANIFEST_BOUND","hmail-perf-pair-service-20260901","06EFCBA9520D478A6DAC7ABB7F09F3B63D015A0CD5ECA1EB4D0FD2CC8C38F9FD","cpp","hmail_perf_pair_cpp_20260831_head3","C:\hmail-perf-pair-service-20260901\cpp\Data","B3DF9E8BBF4BEDB1102C94DF7C86356E1FEABCBC02A18E8EABEB1EA1453D09B8",,,"one TCP client and one sequential IMAP session per sample","0","PASS","45FA907CE0D3797C1E13EBB2F03F076A25656CCE27E801C18F745ACD3944FBBD","5136EEC556F9790732AE759EF52F77FE6172329EA55787A80300C4A824107E46","1","107","True","False","4672.123",,"True","1000","True","True","1000","True"
"c4450db8-b5fb-4a9f-812c-8d214ea86167","MANIFEST_BOUND","hmail-perf-pair-service-20260901","06EFCBA9520D478A6DAC7ABB7F09F3B63D015A0CD5ECA1EB4D0FD2CC8C38F9FD","cpp","hmail_perf_pair_cpp_20260831_head3","C:\hmail-perf-pair-service-20260901\cpp\Data","B3DF9E8BBF4BEDB1102C94DF7C86356E1FEABCBC02A18E8EABEB1EA1453D09B8",,,"one TCP client and one sequential IMAP session per sample","0","PASS","45FA907CE0D3797C1E13EBB2F03F076A25656CCE27E801C18F745ACD3944FBBD","5136EEC556F9790732AE759EF52F77FE6172329EA55787A80300C4A824107E46","1","108","True","False","4731.781",,"True","1000","True","True","1000","True"
"c4450db8-b5fb-4a9f-812c-8d214ea86167","MANIFEST_BOUND","hmail-perf-pair-service-20260901","06EFCBA9520D478A6DAC7ABB7F09F3B63D015A0CD5ECA1EB4D0FD2CC8C38F9FD","cpp","hmail_perf_pair_cpp_20260831_head3","C:\hmail-perf-pair-service-20260901\cpp\Data","B3DF9E8BBF4BEDB1102C94DF7C86356E1FEABCBC02A18E8EABEB1EA1453D09B8",,,"one TCP client and one sequential IMAP session per sample","0","PASS","45FA907CE0D3797C1E13EBB2F03F076A25656CCE27E801C18F745ACD3944FBBD","5136EEC556F9790732AE759EF52F77FE6172329EA55787A80300C4A824107E46","1","109","True","False","4761.033",,"True","1000","True","True","1000","True"
"c4450db8-b5fb-4a9f-812c-8d214ea86167","MANIFEST_BOUND","hmail-perf-pair-service-20260901","06EFCBA9520D478A6DAC7ABB7F09F3B63D015A0CD5ECA1EB4D0FD2CC8C38F9FD","cpp","hmail_perf_pair_cpp_20260831_head3","C:\hmail-perf-pair-service-20260901\cpp\Data","B3DF9E8BBF4BEDB1102C94DF7C86356E1FEABCBC02A18E8EABEB1EA1453D09B8",,,"one TCP client and one sequential IMAP session per sample","0","PASS","45FA907CE0D3797C1E13EBB2F03F076A25656CCE27E801C18F745ACD3944FBBD","5136EEC556F9790732AE759EF52F77FE6172329EA55787A80300C4A824107E46","1","110","True","False","4832.667",,"True","1000","True","True","1000","True"
"c4450db8-b5fb-4a9f-812c-8d214ea86167","MANIFEST_BOUND","hmail-perf-pair-service-20260901","06EFCBA9520D478A6DAC7ABB7F09F3B63D015A0CD5ECA1EB4D0FD2CC8C38F9FD","cpp","hmail_perf_pair_cpp_20260831_head3","C:\hmail-perf-pair-service-20260901\cpp\Data","B3DF9E8BBF4BEDB1102C94DF7C86356E1FEABCBC02A18E8EABEB1EA1453D09B8",,,"one TCP client and one sequential IMAP session per sample","0","PASS","45FA907CE0D3797C1E13EBB2F03F076A25656CCE27E801C18F745ACD3944FBBD","5136EEC556F9790732AE759EF52F77FE6172329EA55787A80300C4A824107E46","1","111","True","False","4986.395",,"True","1000","True","True","1000","True"
"c4450db8-b5fb-4a9f-812c-8d214ea86167","MANIFEST_BOUND","hmail-perf-pair-service-20260901","06EFCBA9520D478A6DAC7ABB7F09F3B63D015A0CD5ECA1EB4D0FD2CC8C38F9FD","cpp","hmail_perf_pair_cpp_20260831_head3","C:\hmail-perf-pair-service-20260901\cpp\Data","B3DF9E8BBF4BEDB1102C94DF7C86356E1FEABCBC02A18E8EABEB1EA1453D09B8",,,"one TCP client and one sequential IMAP session per sample","0","PASS","45FA907CE0D3797C1E13EBB2F03F076A25656CCE27E801C18F745ACD3944FBBD","5136EEC556F9790732AE759EF52F77FE6172329EA55787A80300C4A824107E46","1","112","True","False","4873.274",,"True","1000","True","True","1000","True"
"c4450db8-b5fb-4a9f-812c-8d214ea86167","MANIFEST_BOUND","hmail-perf-pair-service-20260901","06EFCBA9520D478A6DAC7ABB7F09F3B63D015A0CD5ECA1EB4D0FD2CC8C38F9FD","cpp","hmail_perf_pair_cpp_20260831_head3","C:\hmail-perf-pair-service-20260901\cpp\Data","B3DF9E8BBF4BEDB1102C94DF7C86356E1FEABCBC02A18E8EABEB1EA1453D09B8",,,"one TCP client and one sequential IMAP session per sample","0","PASS","45FA907CE0D3797C1E13EBB2F03F076A25656CCE27E801C18F745ACD3944FBBD","5136EEC556F9790732AE759EF52F77FE6172329EA55787A80300C4A824107E46","1","113","True","False","5098.02",,"True","1000","True","True","1000","True"
"c4450db8-b5fb-4a9f-812c-8d214ea86167","MANIFEST_BOUND","hmail-perf-pair-service-20260901","06EFCBA9520D478A6DAC7ABB7F09F3B63D015A0CD5ECA1EB4D0FD2CC8C38F9FD","cpp","hmail_perf_pair_cpp_20260831_head3","C:\hmail-perf-pair-service-20260901\cpp\Data","B3DF9E8BBF4BEDB1102C94DF7C86356E1FEABCBC02A18E8EABEB1EA1453D09B8",,,"one TCP client and one sequential IMAP session per sample","0","PASS","45FA907CE0D3797C1E13EBB2F03F076A25656CCE27E801C18F745ACD3944FBBD","5136EEC556F9790732AE759EF52F77FE6172329EA55787A80300C4A824107E46","1","114","True","False","5060.325",,"True","1000","True","True","1000","True"
"c4450db8-b5fb-4a9f-812c-8d214ea86167","MANIFEST_BOUND","hmail-perf-pair-service-20260901","06EFCBA9520D478A6DAC7ABB7F09F3B63D015A0CD5ECA1EB4D0FD2CC8C38F9FD","cpp","hmail_perf_pair_cpp_20260831_head3","C:\hmail-perf-pair-service-20260901\cpp\Data","B3DF9E8BBF4BEDB1102C94DF7C86356E1FEABCBC02A18E8EABEB1EA1453D09B8",,,"one TCP client and one sequential IMAP session per sample","0","PASS","45FA907CE0D3797C1E13EBB2F03F076A25656CCE27E801C18F745ACD3944FBBD","5136EEC556F9790732AE759EF52F77FE6172329EA55787A80300C4A824107E46","1","115","True","False","5174.838",,"True","1000","True","True","1000","True"
"c4450db8-b5fb-4a9f-812c-8d214ea86167","MANIFEST_BOUND","hmail-perf-pair-service-20260901","06EFCBA9520D478A6DAC7ABB7F09F3B63D015A0CD5ECA1EB4D0FD2CC8C38F9FD","cpp","hmail_perf_pair_cpp_20260831_head3","C:\hmail-perf-pair-service-20260901\cpp\Data","B3DF9E8BBF4BEDB1102C94DF7C86356E1FEABCBC02A18E8EABEB1EA1453D09B8",,,"one TCP client and one sequential IMAP session per sample","0","PASS","45FA907CE0D3797C1E13EBB2F03F076A25656CCE27E801C18F745ACD3944FBBD","5136EEC556F9790732AE759EF52F77FE6172329EA55787A80300C4A824107E46","1","116","True","False","4963.137",,"True","1000","True","True","1000","True"
"c4450db8-b5fb-4a9f-812c-8d214ea86167","MANIFEST_BOUND","hmail-perf-pair-service-20260901","06EFCBA9520D478A6DAC7ABB7F09F3B63D015A0CD5ECA1EB4D0FD2CC8C38F9FD","cpp","hmail_perf_pair_cpp_20260831_head3","C:\hmail-perf-pair-service-20260901\cpp\Data","B3DF9E8BBF4BEDB1102C94DF7C86356E1FEABCBC02A18E8EABEB1EA1453D09B8",,,"one TCP client and one sequential IMAP session per sample","0","PASS","45FA907CE0D3797C1E13EBB2F03F076A25656CCE27E801C18F745ACD3944FBBD","5136EEC556F9790732AE759EF52F77FE6172329EA55787A80300C4A824107E46","1","117","True","False","5018.566",,"True","1000","True","True","1000","True"
"c4450db8-b5fb-4a9f-812c-8d214ea86167","MANIFEST_BOUND","hmail-perf-pair-service-20260901","06EFCBA9520D478A6DAC7ABB7F09F3B63D015A0CD5ECA1EB4D0FD2CC8C38F9FD","cpp","hmail_perf_pair_cpp_20260831_head3","C:\hmail-perf-pair-service-20260901\cpp\Data","B3DF9E8BBF4BEDB1102C94DF7C86356E1FEABCBC02A18E8EABEB1EA1453D09B8",,,"one TCP client and one sequential IMAP session per sample","0","PASS","45FA907CE0D3797C1E13EBB2F03F076A25656CCE27E801C18F745ACD3944FBBD","5136EEC556F9790732AE759EF52F77FE6172329EA55787A80300C4A824107E46","1","118","True","False","5177.626",,"True","1000","True","True","1000","True"
"c4450db8-b5fb-4a9f-812c-8d214ea86167","MANIFEST_BOUND","hmail-perf-pair-service-20260901","06EFCBA9520D478A6DAC7ABB7F09F3B63D015A0CD5ECA1EB4D0FD2CC8C38F9FD","cpp","hmail_perf_pair_cpp_20260831_head3","C:\hmail-perf-pair-service-20260901\cpp\Data","B3DF9E8BBF4BEDB1102C94DF7C86356E1FEABCBC02A18E8EABEB1EA1453D09B8",,,"one TCP client and one sequential IMAP session per sample","0","PASS","45FA907CE0D3797C1E13EBB2F03F076A25656CCE27E801C18F745ACD3944FBBD","5136EEC556F9790732AE759EF52F77FE6172329EA55787A80300C4A824107E46","1","119","True","False","5245.67",,"True","1000","True","True","1000","True"
"c4450db8-b5fb-4a9f-812c-8d214ea86167","MANIFEST_BOUND","hmail-perf-pair-service-20260901","06EFCBA9520D478A6DAC7ABB7F09F3B63D015A0CD5ECA1EB4D0FD2CC8C38F9FD","cpp","hmail_perf_pair_cpp_20260831_head3","C:\hmail-perf-pair-service-20260901\cpp\Data","B3DF9E8BBF4BEDB1102C94DF7C86356E1FEABCBC02A18E8EABEB1EA1453D09B8",,,"one TCP client and one sequential IMAP session per sample","0","PASS","45FA907CE0D3797C1E13EBB2F03F076A25656CCE27E801C18F745ACD3944FBBD","5136EEC556F9790732AE759EF52F77FE6172329EA55787A80300C4A824107E46","1","120","True","False","5329.852",,"True","1000","True","True","1000","True"
"c4450db8-b5fb-4a9f-812c-8d214ea86167","MANIFEST_BOUND","hmail-perf-pair-service-20260901","06EFCBA9520D478A6DAC7ABB7F09F3B63D015A0CD5ECA1EB4D0FD2CC8C38F9FD","cpp","hmail_perf_pair_cpp_20260831_head3","C:\hmail-perf-pair-service-20260901\cpp\Data","B3DF9E8BBF4BEDB1102C94DF7C86356E1FEABCBC02A18E8EABEB1EA1453D09B8",,,"one TCP client and one sequential IMAP session per sample","0","PASS","45FA907CE0D3797C1E13EBB2F03F076A25656CCE27E801C18F745ACD3944FBBD","5136EEC556F9790732AE759EF52F77FE6172329EA55787A80300C4A824107E46","1","121","True","False","5326.1",,"True","1000","True","True","1000","True"
"c4450db8-b5fb-4a9f-812c-8d214ea86167","MANIFEST_BOUND","hmail-perf-pair-service-20260901","06EFCBA9520D478A6DAC7ABB7F09F3B63D015A0CD5ECA1EB4D0FD2CC8C38F9FD","cpp","hmail_perf_pair_cpp_20260831_head3","C:\hmail-perf-pair-service-20260901\cpp\Data","B3DF9E8BBF4BEDB1102C94DF7C86356E1FEABCBC02A18E8EABEB1EA1453D09B8",,,"one TCP client and one sequential IMAP session per sample","0","PASS","45FA907CE0D3797C1E13EBB2F03F076A25656CCE27E801C18F745ACD3944FBBD","5136EEC556F9790732AE759EF52F77FE6172329EA55787A80300C4A824107E46","1","122","True","False","5321.644",,"True","1000","True","True","1000","True"
"c4450db8-b5fb-4a9f-812c-8d214ea86167","MANIFEST_BOUND","hmail-perf-pair-service-20260901","06EFCBA9520D478A6DAC7ABB7F09F3B63D015A0CD5ECA1EB4D0FD2CC8C38F9FD","cpp","hmail_perf_pair_cpp_20260831_head3","C:\hmail-perf-pair-service-20260901\cpp\Data","B3DF9E8BBF4BEDB1102C94DF7C86356E1FEABCBC02A18E8EABEB1EA1453D09B8",,,"one TCP client and one sequential IMAP session per sample","0","PASS","45FA907CE0D3797C1E13EBB2F03F076A25656CCE27E801C18F745ACD3944FBBD","5136EEC556F9790732AE759EF52F77FE6172329EA55787A80300C4A824107E46","1","123","True","False","5602.402",,"True","1000","True","True","1000","True"
"c4450db8-b5fb-4a9f-812c-8d214ea86167","MANIFEST_BOUND","hmail-perf-pair-service-20260901","06EFCBA9520D478A6DAC7ABB7F09F3B63D015A0CD5ECA1EB4D0FD2CC8C38F9FD","cpp","hmail_perf_pair_cpp_20260831_head3","C:\hmail-perf-pair-service-20260901\cpp\Data","B3DF9E8BBF4BEDB1102C94DF7C86356E1FEABCBC02A18E8EABEB1EA1453D09B8",,,"one TCP client and one sequential IMAP session per sample","0","PASS","45FA907CE0D3797C1E13EBB2F03F076A25656CCE27E801C18F745ACD3944FBBD","5136EEC556F9790732AE759EF52F77FE6172329EA55787A80300C4A824107E46","1","124","True","False","5735.502",,"True","1000","True","True","1000","True"
"c4450db8-b5fb-4a9f-812c-8d214ea86167","MANIFEST_BOUND","hmail-perf-pair-service-20260901","06EFCBA9520D478A6DAC7ABB7F09F3B63D015A0CD5ECA1EB4D0FD2CC8C38F9FD","cpp","hmail_perf_pair_cpp_20260831_head3","C:\hmail-perf-pair-service-20260901\cpp\Data","B3DF9E8BBF4BEDB1102C94DF7C86356E1FEABCBC02A18E8EABEB1EA1453D09B8",,,"one TCP client and one sequential IMAP session per sample","0","PASS","45FA907CE0D3797C1E13EBB2F03F076A25656CCE27E801C18F745ACD3944FBBD","5136EEC556F9790732AE759EF52F77FE6172329EA55787A80300C4A824107E46","1","125","True","False","5397.282",,"True","1000","True","True","1000","True"
"c4450db8-b5fb-4a9f-812c-8d214ea86167","MANIFEST_BOUND","hmail-perf-pair-service-20260901","06EFCBA9520D478A6DAC7ABB7F09F3B63D015A0CD5ECA1EB4D0FD2CC8C38F9FD","cpp","hmail_perf_pair_cpp_20260831_head3","C:\hmail-perf-pair-service-20260901\cpp\Data","B3DF9E8BBF4BEDB1102C94DF7C86356E1FEABCBC02A18E8EABEB1EA1453D09B8",,,"one TCP client and one sequential IMAP session per sample","0","PASS","45FA907CE0D3797C1E13EBB2F03F076A25656CCE27E801C18F745ACD3944FBBD","5136EEC556F9790732AE759EF52F77FE6172329EA55787A80300C4A824107E46","1","126","True","False","5417.557",,"True","1000","True","True","1000","True"
"c4450db8-b5fb-4a9f-812c-8d214ea86167","MANIFEST_BOUND","hmail-perf-pair-service-20260901","06EFCBA9520D478A6DAC7ABB7F09F3B63D015A0CD5ECA1EB4D0FD2CC8C38F9FD","cpp","hmail_perf_pair_cpp_20260831_head3","C:\hmail-perf-pair-service-20260901\cpp\Data","B3DF9E8BBF4BEDB1102C94DF7C86356E1FEABCBC02A18E8EABEB1EA1453D09B8",,,"one TCP client and one sequential IMAP session per sample","0","PASS","45FA907CE0D3797C1E13EBB2F03F076A25656CCE27E801C18F745ACD3944FBBD","5136EEC556F9790732AE759EF52F77FE6172329EA55787A80300C4A824107E46","1","127","True","False","5400.607",,"True","1000","True","True","1000","True"
"c4450db8-b5fb-4a9f-812c-8d214ea86167","MANIFEST_BOUND","hmail-perf-pair-service-20260901","06EFCBA9520D478A6DAC7ABB7F09F3B63D015A0CD5ECA1EB4D0FD2CC8C38F9FD","cpp","hmail_perf_pair_cpp_20260831_head3","C:\hmail-perf-pair-service-20260901\cpp\Data","B3DF9E8BBF4BEDB1102C94DF7C86356E1FEABCBC02A18E8EABEB1EA1453D09B8",,,"one TCP client and one sequential IMAP session per sample","0","PASS","45FA907CE0D3797C1E13EBB2F03F076A25656CCE27E801C18F745ACD3944FBBD","5136EEC556F9790732AE759EF52F77FE6172329EA55787A80300C4A824107E46","1","128","True","False","5439.236",,"True","1000","True","True","1000","True"
"c4450db8-b5fb-4a9f-812c-8d214ea86167","MANIFEST_BOUND","hmail-perf-pair-service-20260901","06EFCBA9520D478A6DAC7ABB7F09F3B63D015A0CD5ECA1EB4D0FD2CC8C38F9FD","cpp","hmail_perf_pair_cpp_20260831_head3","C:\hmail-perf-pair-service-20260901\cpp\Data","B3DF9E8BBF4BEDB1102C94DF7C86356E1FEABCBC02A18E8EABEB1EA1453D09B8",,,"one TCP client and one sequential IMAP session per sample","0","PASS","45FA907CE0D3797C1E13EBB2F03F076A25656CCE27E801C18F745ACD3944FBBD","5136EEC556F9790732AE759EF52F77FE6172329EA55787A80300C4A824107E46","1","129","True","False","5555.741",,"True","1000","True","True","1000","True"
"c4450db8-b5fb-4a9f-812c-8d214ea86167","MANIFEST_BOUND","hmail-perf-pair-service-20260901","06EFCBA9520D478A6DAC7ABB7F09F3B63D015A0CD5ECA1EB4D0FD2CC8C38F9FD","cpp","hmail_perf_pair_cpp_20260831_head3","C:\hmail-perf-pair-service-20260901\cpp\Data","B3DF9E8BBF4BEDB1102C94DF7C86356E1FEABCBC02A18E8EABEB1EA1453D09B8",,,"one TCP client and one sequential IMAP session per sample","0","PASS","45FA907CE0D3797C1E13EBB2F03F076A25656CCE27E801C18F745ACD3944FBBD","5136EEC556F9790732AE759EF52F77FE6172329EA55787A80300C4A824107E46","1","130","True","False","5820.363",,"True","1000","True","True","1000","True"
"c4450db8-b5fb-4a9f-812c-8d214ea86167","MANIFEST_BOUND","hmail-perf-pair-service-20260901","06EFCBA9520D478A6DAC7ABB7F09F3B63D015A0CD5ECA1EB4D0FD2CC8C38F9FD","cpp","hmail_perf_pair_cpp_20260831_head3","C:\hmail-perf-pair-service-20260901\cpp\Data","B3DF9E8BBF4BEDB1102C94DF7C86356E1FEABCBC02A18E8EABEB1EA1453D09B8",,,"one TCP client and one sequential IMAP session per sample","0","PASS","45FA907CE0D3797C1E13EBB2F03F076A25656CCE27E801C18F745ACD3944FBBD","5136EEC556F9790732AE759EF52F77FE6172329EA55787A80300C4A824107E46","1","131","True","False","5632.411",,"True","1000","True","True","1000","True"
"c4450db8-b5fb-4a9f-812c-8d214ea86167","MANIFEST_BOUND","hmail-perf-pair-service-20260901","06EFCBA9520D478A6DAC7ABB7F09F3B63D015A0CD5ECA1EB4D0FD2CC8C38F9FD","cpp","hmail_perf_pair_cpp_20260831_head3","C:\hmail-perf-pair-service-20260901\cpp\Data","B3DF9E8BBF4BEDB1102C94DF7C86356E1FEABCBC02A18E8EABEB1EA1453D09B8",,,"one TCP client and one sequential IMAP session per sample","0","PASS","45FA907CE0D3797C1E13EBB2F03F076A25656CCE27E801C18F745ACD3944FBBD","5136EEC556F9790732AE759EF52F77FE6172329EA55787A80300C4A824107E46","1","132","True","False","5828.193",,"True","1000","True","True","1000","True"
"c4450db8-b5fb-4a9f-812c-8d214ea86167","MANIFEST_BOUND","hmail-perf-pair-service-20260901","06EFCBA9520D478A6DAC7ABB7F09F3B63D015A0CD5ECA1EB4D0FD2CC8C38F9FD","cpp","hmail_perf_pair_cpp_20260831_head3","C:\hmail-perf-pair-service-20260901\cpp\Data","B3DF9E8BBF4BEDB1102C94DF7C86356E1FEABCBC02A18E8EABEB1EA1453D09B8",,,"one TCP client and one sequential IMAP session per sample","0","PASS","45FA907CE0D3797C1E13EBB2F03F076A25656CCE27E801C18F745ACD3944FBBD","5136EEC556F9790732AE759EF52F77FE6172329EA55787A80300C4A824107E46","1","133","True","False","5836.072",,"True","1000","True","True","1000","True"
"c4450db8-b5fb-4a9f-812c-8d214ea86167","MANIFEST_BOUND","hmail-perf-pair-service-20260901","06EFCBA9520D478A6DAC7ABB7F09F3B63D015A0CD5ECA1EB4D0FD2CC8C38F9FD","cpp","hmail_perf_pair_cpp_20260831_head3","C:\hmail-perf-pair-service-20260901\cpp\Data","B3DF9E8BBF4BEDB1102C94DF7C86356E1FEABCBC02A18E8EABEB1EA1453D09B8",,,"one TCP client and one sequential IMAP session per sample","0","PASS","45FA907CE0D3797C1E13EBB2F03F076A25656CCE27E801C18F745ACD3944FBBD","5136EEC556F9790732AE759EF52F77FE6172329EA55787A80300C4A824107E46","1","134","True","False","5832.981",,"True","1000","True","True","1000","True"
"c4450db8-b5fb-4a9f-812c-8d214ea86167","MANIFEST_BOUND","hmail-perf-pair-service-20260901","06EFCBA9520D478A6DAC7ABB7F09F3B63D015A0CD5ECA1EB4D0FD2CC8C38F9FD","cpp","hmail_perf_pair_cpp_20260831_head3","C:\hmail-perf-pair-service-20260901\cpp\Data","B3DF9E8BBF4BEDB1102C94DF7C86356E1FEABCBC02A18E8EABEB1EA1453D09B8",,,"one TCP client and one sequential IMAP session per sample","0","PASS","45FA907CE0D3797C1E13EBB2F03F076A25656CCE27E801C18F745ACD3944FBBD","5136EEC556F9790732AE759EF52F77FE6172329EA55787A80300C4A824107E46","1","135","True","False","5842.306",,"True","1000","True","True","1000","True"
"c4450db8-b5fb-4a9f-812c-8d214ea86167","MANIFEST_BOUND","hmail-perf-pair-service-20260901","06EFCBA9520D478A6DAC7ABB7F09F3B63D015A0CD5ECA1EB4D0FD2CC8C38F9FD","cpp","hmail_perf_pair_cpp_20260831_head3","C:\hmail-perf-pair-service-20260901\cpp\Data","B3DF9E8BBF4BEDB1102C94DF7C86356E1FEABCBC02A18E8EABEB1EA1453D09B8",,,"one TCP client and one sequential IMAP session per sample","0","PASS","45FA907CE0D3797C1E13EBB2F03F076A25656CCE27E801C18F745ACD3944FBBD","5136EEC556F9790732AE759EF52F77FE6172329EA55787A80300C4A824107E46","1","136","False","False","5013.313","Aktarma ba?lant?s?ndan veriler okunamad?: Ba?lan?lan uygun olarak belli bir s?re i?inde yan?t vermedi?inden veya kurulan
ba?lant? ba?lan?lan ana bilgisayar yan?t vermedi?inden bir ba?lant? kurulamad?.","False","0","False","False","0","False"
"c4450db8-b5fb-4a9f-812c-8d214ea86167","MANIFEST_BOUND","hmail-perf-pair-service-20260901","06EFCBA9520D478A6DAC7ABB7F09F3B63D015A0CD5ECA1EB4D0FD2CC8C38F9FD","cpp","hmail_perf_pair_cpp_20260831_head3","C:\hmail-perf-pair-service-20260901\cpp\Data","B3DF9E8BBF4BEDB1102C94DF7C86356E1FEABCBC02A18E8EABEB1EA1453D09B8",,,"one TCP client and one sequential IMAP session per sample","0","PASS","45FA907CE0D3797C1E13EBB2F03F076A25656CCE27E801C18F745ACD3944FBBD","5136EEC556F9790732AE759EF52F77FE6172329EA55787A80300C4A824107E46","1","137","True","False","6116.825",,"True","1000","True","True","1000","True"
"c4450db8-b5fb-4a9f-812c-8d214ea86167","MANIFEST_BOUND","hmail-perf-pair-service-20260901","06EFCBA9520D478A6DAC7ABB7F09F3B63D015A0CD5ECA1EB4D0FD2CC8C38F9FD","cpp","hmail_perf_pair_cpp_20260831_head3","C:\hmail-perf-pair-service-20260901\cpp\Data","B3DF9E8BBF4BEDB1102C94DF7C86356E1FEABCBC02A18E8EABEB1EA1453D09B8",,,"one TCP client and one sequential IMAP session per sample","0","PASS","45FA907CE0D3797C1E13EBB2F03F076A25656CCE27E801C18F745ACD3944FBBD","5136EEC556F9790732AE759EF52F77FE6172329EA55787A80300C4A824107E46","1","138","False","False","5013.256","Aktarma ba?lant?s?ndan veriler okunamad?: Ba?lan?lan uygun olarak belli bir s?re i?inde yan?t vermedi?inden veya kurulan
ba?lant? ba?lan?lan ana bilgisayar yan?t vermedi?inden bir ba?lant? kurulamad?.","False","0","False","False","0","False"
"c4450db8-b5fb-4a9f-812c-8d214ea86167","MANIFEST_BOUND","hmail-perf-pair-service-20260901","06EFCBA9520D478A6DAC7ABB7F09F3B63D015A0CD5ECA1EB4D0FD2CC8C38F9FD","cpp","hmail_perf_pair_cpp_20260831_head3","C:\hmail-perf-pair-service-20260901\cpp\Data","B3DF9E8BBF4BEDB1102C94DF7C86356E1FEABCBC02A18E8EABEB1EA1453D09B8",,,"one TCP client and one sequential IMAP session per sample","0","PASS","45FA907CE0D3797C1E13EBB2F03F076A25656CCE27E801C18F745ACD3944FBBD","5136EEC556F9790732AE759EF52F77FE6172329EA55787A80300C4A824107E46","1","139","False","False","5013.225","Aktarma ba?lant?s?ndan veriler okunamad?: Ba?lan?lan uygun olarak belli bir s?re i?inde yan?t vermedi?inden veya kurulan
ba?lant? ba?lan?lan ana bilgisayar yan?t vermedi?inden bir ba?lant? kurulamad?.","False","0","False","False","0","False"
"c4450db8-b5fb-4a9f-812c-8d214ea86167","MANIFEST_BOUND","hmail-perf-pair-service-20260901","06EFCBA9520D478A6DAC7ABB7F09F3B63D015A0CD5ECA1EB4D0FD2CC8C38F9FD","cpp","hmail_perf_pair_cpp_20260831_head3","C:\hmail-perf-pair-service-20260901\cpp\Data","B3DF9E8BBF4BEDB1102C94DF7C86356E1FEABCBC02A18E8EABEB1EA1453D09B8",,,"one TCP client and one sequential IMAP session per sample","0","PASS","45FA907CE0D3797C1E13EBB2F03F076A25656CCE27E801C18F745ACD3944FBBD","5136EEC556F9790732AE759EF52F77FE6172329EA55787A80300C4A824107E46","1","140","False","False","5013.236","Aktarma ba?lant?s?ndan veriler okunamad?: Ba?lan?lan uygun olarak belli bir s?re i?inde yan?t vermedi?inden veya kurulan
ba?lant? ba?lan?lan ana bilgisayar yan?t vermedi?inden bir ba?lant? kurulamad?.","False","0","False","False","0","False"
"c4450db8-b5fb-4a9f-812c-8d214ea86167","MANIFEST_BOUND","hmail-perf-pair-service-20260901","06EFCBA9520D478A6DAC7ABB7F09F3B63D015A0CD5ECA1EB4D0FD2CC8C38F9FD","cpp","hmail_perf_pair_cpp_20260831_head3","C:\hmail-perf-pair-service-20260901\cpp\Data","B3DF9E8BBF4BEDB1102C94DF7C86356E1FEABCBC02A18E8EABEB1EA1453D09B8",,,"one TCP client and one sequential IMAP session per sample","0","PASS","45FA907CE0D3797C1E13EBB2F03F076A25656CCE27E801C18F745ACD3944FBBD","5136EEC556F9790732AE759EF52F77FE6172329EA55787A80300C4A824107E46","1","141","False","False","5014.251","Aktarma ba?lant?s?ndan veriler okunamad?: Ba?lan?lan uygun olarak belli bir s?re i?inde yan?t vermedi?inden veya kurulan
ba?lant? ba?lan?lan ana bilgisayar yan?t vermedi?inden bir ba?lant? kurulamad?.","False","0","False","False","0","False"
"c4450db8-b5fb-4a9f-812c-8d214ea86167","MANIFEST_BOUND","hmail-perf-pair-service-20260901","06EFCBA9520D478A6DAC7ABB7F09F3B63D015A0CD5ECA1EB4D0FD2CC8C38F9FD","cpp","hmail_perf_pair_cpp_20260831_head3","C:\hmail-perf-pair-service-20260901\cpp\Data","B3DF9E8BBF4BEDB1102C94DF7C86356E1FEABCBC02A18E8EABEB1EA1453D09B8",,,"one TCP client and one sequential IMAP session per sample","0","PASS","45FA907CE0D3797C1E13EBB2F03F076A25656CCE27E801C18F745ACD3944FBBD","5136EEC556F9790732AE759EF52F77FE6172329EA55787A80300C4A824107E46","1","142","False","False","5014.644","Aktarma ba?lant?s?ndan veriler okunamad?: Ba?lan?lan uygun olarak belli bir s?re i?inde yan?t vermedi?inden veya kurulan
ba?lant? ba?lan?lan ana bilgisayar yan?t vermedi?inden bir ba?lant? kurulamad?.","False","0","False","False","0","False"
"c4450db8-b5fb-4a9f-812c-8d214ea86167","MANIFEST_BOUND","hmail-perf-pair-service-20260901","06EFCBA9520D478A6DAC7ABB7F09F3B63D015A0CD5ECA1EB4D0FD2CC8C38F9FD","cpp","hmail_perf_pair_cpp_20260831_head3","C:\hmail-perf-pair-service-20260901\cpp\Data","B3DF9E8BBF4BEDB1102C94DF7C86356E1FEABCBC02A18E8EABEB1EA1453D09B8",,,"one TCP client and one sequential IMAP session per sample","0","PASS","45FA907CE0D3797C1E13EBB2F03F076A25656CCE27E801C18F745ACD3944FBBD","5136EEC556F9790732AE759EF52F77FE6172329EA55787A80300C4A824107E46","1","143","False","False","5013.945","Aktarma ba?lant?s?ndan veriler okunamad?: Ba?lan?lan uygun olarak belli bir s?re i?inde yan?t vermedi?inden veya kurulan
ba?lant? ba?lan?lan ana bilgisayar yan?t vermedi?inden bir ba?lant? kurulamad?.","False","0","False","False","0","False"
"c4450db8-b5fb-4a9f-812c-8d214ea86167","MANIFEST_BOUND","hmail-perf-pair-service-20260901","06EFCBA9520D478A6DAC7ABB7F09F3B63D015A0CD5ECA1EB4D0FD2CC8C38F9FD","cpp","hmail_perf_pair_cpp_20260831_head3","C:\hmail-perf-pair-service-20260901\cpp\Data","B3DF9E8BBF4BEDB1102C94DF7C86356E1FEABCBC02A18E8EABEB1EA1453D09B8",,,"one TCP client and one sequential IMAP session per sample","0","PASS","45FA907CE0D3797C1E13EBB2F03F076A25656CCE27E801C18F745ACD3944FBBD","5136EEC556F9790732AE759EF52F77FE6172329EA55787A80300C4A824107E46","1","144","False","False","5013.209","Aktarma ba?lant?s?ndan veriler okunamad?: Ba?lan?lan uygun olarak belli bir s?re i?inde yan?t vermedi?inden veya kurulan
ba?lant? ba?lan?lan ana bilgisayar yan?t vermedi?inden bir ba?lant? kurulamad?.","False","0","False","False","0","False"
"c4450db8-b5fb-4a9f-812c-8d214ea86167","MANIFEST_BOUND","hmail-perf-pair-service-20260901","06EFCBA9520D478A6DAC7ABB7F09F3B63D015A0CD5ECA1EB4D0FD2CC8C38F9FD","cpp","hmail_perf_pair_cpp_20260831_head3","C:\hmail-perf-pair-service-20260901\cpp\Data","B3DF9E8BBF4BEDB1102C94DF7C86356E1FEABCBC02A18E8EABEB1EA1453D09B8",,,"one TCP client and one sequential IMAP session per sample","0","PASS","45FA907CE0D3797C1E13EBB2F03F076A25656CCE27E801C18F745ACD3944FBBD","5136EEC556F9790732AE759EF52F77FE6172329EA55787A80300C4A824107E46","1","145","False","False","5013.127","Aktarma ba?lant?s?ndan veriler okunamad?: Ba?lan?lan uygun olarak belli bir s?re i?inde yan?t vermedi?inden veya kurulan
ba?lant? ba?lan?lan ana bilgisayar yan?t vermedi?inden bir ba?lant? kurulamad?.","False","0","False","False","0","False"
"c4450db8-b5fb-4a9f-812c-8d214ea86167","MANIFEST_BOUND","hmail-perf-pair-service-20260901","06EFCBA9520D478A6DAC7ABB7F09F3B63D015A0CD5ECA1EB4D0FD2CC8C38F9FD","cpp","hmail_perf_pair_cpp_20260831_head3","C:\hmail-perf-pair-service-20260901\cpp\Data","B3DF9E8BBF4BEDB1102C94DF7C86356E1FEABCBC02A18E8EABEB1EA1453D09B8",,,"one TCP client and one sequential IMAP session per sample","0","PASS","45FA907CE0D3797C1E13EBB2F03F076A25656CCE27E801C18F745ACD3944FBBD","5136EEC556F9790732AE759EF52F77FE6172329EA55787A80300C4A824107E46","1","146","False","False","5013.219","Aktarma ba?lant?s?ndan veriler okunamad?: Ba?lan?lan uygun olarak belli bir s?re i?inde yan?t vermedi?inden veya kurulan
ba?lant? ba?lan?lan ana bilgisayar yan?t vermedi?inden bir ba?lant? kurulamad?.","False","0","False","False","0","False"
"c4450db8-b5fb-4a9f-812c-8d214ea86167","MANIFEST_BOUND","hmail-perf-pair-service-20260901","06EFCBA9520D478A6DAC7ABB7F09F3B63D015A0CD5ECA1EB4D0FD2CC8C38F9FD","cpp","hmail_perf_pair_cpp_20260831_head3","C:\hmail-perf-pair-service-20260901\cpp\Data","B3DF9E8BBF4BEDB1102C94DF7C86356E1FEABCBC02A18E8EABEB1EA1453D09B8",,,"one TCP client and one sequential IMAP session per sample","0","PASS","45FA907CE0D3797C1E13EBB2F03F076A25656CCE27E801C18F745ACD3944FBBD","5136EEC556F9790732AE759EF52F77FE6172329EA55787A80300C4A824107E46","1","147","False","False","5013.288","Aktarma ba?lant?s?ndan veriler okunamad?: Ba?lan?lan uygun olarak belli bir s?re i?inde yan?t vermedi?inden veya kurulan
ba?lant? ba?lan?lan ana bilgisayar yan?t vermedi?inden bir ba?lant? kurulamad?.","False","0","False","False","0","False"
"c4450db8-b5fb-4a9f-812c-8d214ea86167","MANIFEST_BOUND","hmail-perf-pair-service-20260901","06EFCBA9520D478A6DAC7ABB7F09F3B63D015A0CD5ECA1EB4D0FD2CC8C38F9FD","cpp","hmail_perf_pair_cpp_20260831_head3","C:\hmail-perf-pair-service-20260901\cpp\Data","B3DF9E8BBF4BEDB1102C94DF7C86356E1FEABCBC02A18E8EABEB1EA1453D09B8",,,"one TCP client and one sequential IMAP session per sample","0","PASS","45FA907CE0D3797C1E13EBB2F03F076A25656CCE27E801C18F745ACD3944FBBD","5136EEC556F9790732AE759EF52F77FE6172329EA55787A80300C4A824107E46","1","148","False","False","5012.846","Aktarma ba?lant?s?ndan veriler okunamad?: Ba?lan?lan uygun olarak belli bir s?re i?inde yan?t vermedi?inden veya kurulan
ba?lant? ba?lan?lan ana bilgisayar yan?t vermedi?inden bir ba?lant? kurulamad?.","False","0","False","False","0","False"
"c4450db8-b5fb-4a9f-812c-8d214ea86167","MANIFEST_BOUND","hmail-perf-pair-service-20260901","06EFCBA9520D478A6DAC7ABB7F09F3B63D015A0CD5ECA1EB4D0FD2CC8C38F9FD","cpp","hmail_perf_pair_cpp_20260831_head3","C:\hmail-perf-pair-service-20260901\cpp\Data","B3DF9E8BBF4BEDB1102C94DF7C86356E1FEABCBC02A18E8EABEB1EA1453D09B8",,,"one TCP client and one sequential IMAP session per sample","0","PASS","45FA907CE0D3797C1E13EBB2F03F076A25656CCE27E801C18F745ACD3944FBBD","5136EEC556F9790732AE759EF52F77FE6172329EA55787A80300C4A824107E46","1","149","False","False","5012.913","Aktarma ba?lant?s?ndan veriler okunamad?: Ba?lan?lan uygun olarak belli bir s?re i?inde yan?t vermedi?inden veya kurulan
ba?lant? ba?lan?lan ana bilgisayar yan?t vermedi?inden bir ba?lant? kurulamad?.","False","0","False","False","0","False"
"c4450db8-b5fb-4a9f-812c-8d214ea86167","MANIFEST_BOUND","hmail-perf-pair-service-20260901","06EFCBA9520D478A6DAC7ABB7F09F3B63D015A0CD5ECA1EB4D0FD2CC8C38F9FD","cpp","hmail_perf_pair_cpp_20260831_head3","C:\hmail-perf-pair-service-20260901\cpp\Data","B3DF9E8BBF4BEDB1102C94DF7C86356E1FEABCBC02A18E8EABEB1EA1453D09B8",,,"one TCP client and one sequential IMAP session per sample","0","PASS","45FA907CE0D3797C1E13EBB2F03F076A25656CCE27E801C18F745ACD3944FBBD","5136EEC556F9790732AE759EF52F77FE6172329EA55787A80300C4A824107E46","1","150","False","False","5014.59","Aktarma ba?lant?s?ndan veriler okunamad?: Ba?lan?lan uygun olarak belli bir s?re i?inde yan?t vermedi?inden veya kurulan
ba?lant? ba?lan?lan ana bilgisayar yan?t vermedi?inden bir ba?lant? kurulamad?.","False","0","False","False","0","False"
"c4450db8-b5fb-4a9f-812c-8d214ea86167","MANIFEST_BOUND","hmail-perf-pair-service-20260901","06EFCBA9520D478A6DAC7ABB7F09F3B63D015A0CD5ECA1EB4D0FD2CC8C38F9FD","cpp","hmail_perf_pair_cpp_20260831_head3","C:\hmail-perf-pair-service-20260901\cpp\Data","B3DF9E8BBF4BEDB1102C94DF7C86356E1FEABCBC02A18E8EABEB1EA1453D09B8",,,"one TCP client and one sequential IMAP session per sample","0","PASS","45FA907CE0D3797C1E13EBB2F03F076A25656CCE27E801C18F745ACD3944FBBD","5136EEC556F9790732AE759EF52F77FE6172329EA55787A80300C4A824107E46","1","151","False","False","5012.718","Aktarma ba?lant?s?ndan veriler okunamad?: Ba?lan?lan uygun olarak belli bir s?re i?inde yan?t vermedi?inden veya kurulan
ba?lant? ba?lan?lan ana bilgisayar yan?t vermedi?inden bir ba?lant? kurulamad?.","False","0","False","False","0","False"
"c4450db8-b5fb-4a9f-812c-8d214ea86167","MANIFEST_BOUND","hmail-perf-pair-service-20260901","06EFCBA9520D478A6DAC7ABB7F09F3B63D015A0CD5ECA1EB4D0FD2CC8C38F9FD","cpp","hmail_perf_pair_cpp_20260831_head3","C:\hmail-perf-pair-service-20260901\cpp\Data","B3DF9E8BBF4BEDB1102C94DF7C86356E1FEABCBC02A18E8EABEB1EA1453D09B8",,,"one TCP client and one sequential IMAP session per sample","0","PASS","45FA907CE0D3797C1E13EBB2F03F076A25656CCE27E801C18F745ACD3944FBBD","5136EEC556F9790732AE759EF52F77FE6172329EA55787A80300C4A824107E46","1","152","False","False","5009.438","Aktarma ba?lant?s?ndan veriler okunamad?: Ba?lan?lan uygun olarak belli bir s?re i?inde yan?t vermedi?inden veya kurulan
ba?lant? ba?lan?lan ana bilgisayar yan?t vermedi?inden bir ba?lant? kurulamad?.","False","0","False","False","0","False"
"c4450db8-b5fb-4a9f-812c-8d214ea86167","MANIFEST_BOUND","hmail-perf-pair-service-20260901","06EFCBA9520D478A6DAC7ABB7F09F3B63D015A0CD5ECA1EB4D0FD2CC8C38F9FD","cpp","hmail_perf_pair_cpp_20260831_head3","C:\hmail-perf-pair-service-20260901\cpp\Data","B3DF9E8BBF4BEDB1102C94DF7C86356E1FEABCBC02A18E8EABEB1EA1453D09B8",,,"one TCP client and one sequential IMAP session per sample","0","PASS","45FA907CE0D3797C1E13EBB2F03F076A25656CCE27E801C18F745ACD3944FBBD","5136EEC556F9790732AE759EF52F77FE6172329EA55787A80300C4A824107E46","1","153","False","False","5009.514","Aktarma ba?lant?s?ndan veriler okunamad?: Ba?lan?lan uygun olarak belli bir s?re i?inde yan?t vermedi?inden veya kurulan
ba?lant? ba?lan?lan ana bilgisayar yan?t vermedi?inden bir ba?lant? kurulamad?.","False","0","False","False","0","False"
"c4450db8-b5fb-4a9f-812c-8d214ea86167","MANIFEST_BOUND","hmail-perf-pair-service-20260901","06EFCBA9520D478A6DAC7ABB7F09F3B63D015A0CD5ECA1EB4D0FD2CC8C38F9FD","cpp","hmail_perf_pair_cpp_20260831_head3","C:\hmail-perf-pair-service-20260901\cpp\Data","B3DF9E8BBF4BEDB1102C94DF7C86356E1FEABCBC02A18E8EABEB1EA1453D09B8",,,"one TCP client and one sequential IMAP session per sample","0","PASS","45FA907CE0D3797C1E13EBB2F03F076A25656CCE27E801C18F745ACD3944FBBD","5136EEC556F9790732AE759EF52F77FE6172329EA55787A80300C4A824107E46","1","154","False","False","5016.665","Aktarma ba?lant?s?ndan veriler okunamad?: Ba?lan?lan uygun olarak belli bir s?re i?inde yan?t vermedi?inden veya kurulan
ba?lant? ba?lan?lan ana bilgisayar yan?t vermedi?inden bir ba?lant? kurulamad?.","False","0","False","False","0","False"
"c4450db8-b5fb-4a9f-812c-8d214ea86167","MANIFEST_BOUND","hmail-perf-pair-service-20260901","06EFCBA9520D478A6DAC7ABB7F09F3B63D015A0CD5ECA1EB4D0FD2CC8C38F9FD","cpp","hmail_perf_pair_cpp_20260831_head3","C:\hmail-perf-pair-service-20260901\cpp\Data","B3DF9E8BBF4BEDB1102C94DF7C86356E1FEABCBC02A18E8EABEB1EA1453D09B8",,,"one TCP client and one sequential IMAP session per sample","0","PASS","45FA907CE0D3797C1E13EBB2F03F076A25656CCE27E801C18F745ACD3944FBBD","5136EEC556F9790732AE759EF52F77FE6172329EA55787A80300C4A824107E46","1","155","False","False","5012.468","Aktarma ba?lant?s?ndan veriler okunamad?: Ba?lan?lan uygun olarak belli bir s?re i?inde yan?t vermedi?inden veya kurulan
ba?lant? ba?lan?lan ana bilgisayar yan?t vermedi?inden bir ba?lant? kurulamad?.","False","0","False","False","0","False"
"c4450db8-b5fb-4a9f-812c-8d214ea86167","MANIFEST_BOUND","hmail-perf-pair-service-20260901","06EFCBA9520D478A6DAC7ABB7F09F3B63D015A0CD5ECA1EB4D0FD2CC8C38F9FD","cpp","hmail_perf_pair_cpp_20260831_head3","C:\hmail-perf-pair-service-20260901\cpp\Data","B3DF9E8BBF4BEDB1102C94DF7C86356E1FEABCBC02A18E8EABEB1EA1453D09B8",,,"one TCP client and one sequential IMAP session per sample","0","PASS","45FA907CE0D3797C1E13EBB2F03F076A25656CCE27E801C18F745ACD3944FBBD","5136EEC556F9790732AE759EF52F77FE6172329EA55787A80300C4A824107E46","1","156","False","False","5009.161","Aktarma ba?lant?s?ndan veriler okunamad?: Ba?lan?lan uygun olarak belli bir s?re i?inde yan?t vermedi?inden veya kurulan
ba?lant? ba?lan?lan ana bilgisayar yan?t vermedi?inden bir ba?lant? kurulamad?.","False","0","False","False","0","False"
"c4450db8-b5fb-4a9f-812c-8d214ea86167","MANIFEST_BOUND","hmail-perf-pair-service-20260901","06EFCBA9520D478A6DAC7ABB7F09F3B63D015A0CD5ECA1EB4D0FD2CC8C38F9FD","cpp","hmail_perf_pair_cpp_20260831_head3","C:\hmail-perf-pair-service-20260901\cpp\Data","B3DF9E8BBF4BEDB1102C94DF7C86356E1FEABCBC02A18E8EABEB1EA1453D09B8",,,"one TCP client and one sequential IMAP session per sample","0","PASS","45FA907CE0D3797C1E13EBB2F03F076A25656CCE27E801C18F745ACD3944FBBD","5136EEC556F9790732AE759EF52F77FE6172329EA55787A80300C4A824107E46","1","157","False","False","5013.769","Aktarma ba?lant?s?ndan veriler okunamad?: Ba?lan?lan uygun olarak belli bir s?re i?inde yan?t vermedi?inden veya kurulan
ba?lant? ba?lan?lan ana bilgisayar yan?t vermedi?inden bir ba?lant? kurulamad?.","False","0","False","False","0","False"
"c4450db8-b5fb-4a9f-812c-8d214ea86167","MANIFEST_BOUND","hmail-perf-pair-service-20260901","06EFCBA9520D478A6DAC7ABB7F09F3B63D015A0CD5ECA1EB4D0FD2CC8C38F9FD","cpp","hmail_perf_pair_cpp_20260831_head3","C:\hmail-perf-pair-service-20260901\cpp\Data","B3DF9E8BBF4BEDB1102C94DF7C86356E1FEABCBC02A18E8EABEB1EA1453D09B8",,,"one TCP client and one sequential IMAP session per sample","0","PASS","45FA907CE0D3797C1E13EBB2F03F076A25656CCE27E801C18F745ACD3944FBBD","5136EEC556F9790732AE759EF52F77FE6172329EA55787A80300C4A824107E46","1","158","False","False","5015.346","Aktarma ba?lant?s?ndan veriler okunamad?: Ba?lan?lan uygun olarak belli bir s?re i?inde yan?t vermedi?inden veya kurulan
ba?lant? ba?lan?lan ana bilgisayar yan?t vermedi?inden bir ba?lant? kurulamad?.","False","0","False","False","0","False"
"c4450db8-b5fb-4a9f-812c-8d214ea86167","MANIFEST_BOUND","hmail-perf-pair-service-20260901","06EFCBA9520D478A6DAC7ABB7F09F3B63D015A0CD5ECA1EB4D0FD2CC8C38F9FD","cpp","hmail_perf_pair_cpp_20260831_head3","C:\hmail-perf-pair-service-20260901\cpp\Data","B3DF9E8BBF4BEDB1102C94DF7C86356E1FEABCBC02A18E8EABEB1EA1453D09B8",,,"one TCP client and one sequential IMAP session per sample","0","PASS","45FA907CE0D3797C1E13EBB2F03F076A25656CCE27E801C18F745ACD3944FBBD","5136EEC556F9790732AE759EF52F77FE6172329EA55787A80300C4A824107E46","1","159","False","False","5009.379","Aktarma ba?lant?s?ndan veriler okunamad?: Ba?lan?lan uygun olarak belli bir s?re i?inde yan?t vermedi?inden veya kurulan
ba?lant? ba?lan?lan ana bilgisayar yan?t vermedi?inden bir ba?lant? kurulamad?.","False","0","False","False","0","False"
"c4450db8-b5fb-4a9f-812c-8d214ea86167","MANIFEST_BOUND","hmail-perf-pair-service-20260901","06EFCBA9520D478A6DAC7ABB7F09F3B63D015A0CD5ECA1EB4D0FD2CC8C38F9FD","cpp","hmail_perf_pair_cpp_20260831_head3","C:\hmail-perf-pair-service-20260901\cpp\Data","B3DF9E8BBF4BEDB1102C94DF7C86356E1FEABCBC02A18E8EABEB1EA1453D09B8",,,"one TCP client and one sequential IMAP session per sample","0","PASS","45FA907CE0D3797C1E13EBB2F03F076A25656CCE27E801C18F745ACD3944FBBD","5136EEC556F9790732AE759EF52F77FE6172329EA55787A80300C4A824107E46","1","160","False","False","5013.885","Aktarma ba?lant?s?ndan veriler okunamad?: Ba?lan?lan uygun olarak belli bir s?re i?inde yan?t vermedi?inden veya kurulan
ba?lant? ba?lan?lan ana bilgisayar yan?t vermedi?inden bir ba?lant? kurulamad?.","False","0","False","False","0","False"
"c4450db8-b5fb-4a9f-812c-8d214ea86167","MANIFEST_BOUND","hmail-perf-pair-service-20260901","06EFCBA9520D478A6DAC7ABB7F09F3B63D015A0CD5ECA1EB4D0FD2CC8C38F9FD","cpp","hmail_perf_pair_cpp_20260831_head3","C:\hmail-perf-pair-service-20260901\cpp\Data","B3DF9E8BBF4BEDB1102C94DF7C86356E1FEABCBC02A18E8EABEB1EA1453D09B8",,,"one TCP client and one sequential IMAP session per sample","0","PASS","45FA907CE0D3797C1E13EBB2F03F076A25656CCE27E801C18F745ACD3944FBBD","5136EEC556F9790732AE759EF52F77FE6172329EA55787A80300C4A824107E46","1","161","False","False","5009.083","Aktarma ba?lant?s?ndan veriler okunamad?: Ba?lan?lan uygun olarak belli bir s?re i?inde yan?t vermedi?inden veya kurulan
ba?lant? ba?lan?lan ana bilgisayar yan?t vermedi?inden bir ba?lant? kurulamad?.","False","0","False","False","0","False"
"c4450db8-b5fb-4a9f-812c-8d214ea86167","MANIFEST_BOUND","hmail-perf-pair-service-20260901","06EFCBA9520D478A6DAC7ABB7F09F3B63D015A0CD5ECA1EB4D0FD2CC8C38F9FD","cpp","hmail_perf_pair_cpp_20260831_head3","C:\hmail-perf-pair-service-20260901\cpp\Data","B3DF9E8BBF4BEDB1102C94DF7C86356E1FEABCBC02A18E8EABEB1EA1453D09B8",,,"one TCP client and one sequential IMAP session per sample","0","PASS","45FA907CE0D3797C1E13EBB2F03F076A25656CCE27E801C18F745ACD3944FBBD","5136EEC556F9790732AE759EF52F77FE6172329EA55787A80300C4A824107E46","1","162","False","False","5009.143","Aktarma ba?lant?s?ndan veriler okunamad?: Ba?lan?lan uygun olarak belli bir s?re i?inde yan?t vermedi?inden veya kurulan
ba?lant? ba?lan?lan ana bilgisayar yan?t vermedi?inden bir ba?lant? kurulamad?.","False","0","False","False","0","False"
"c4450db8-b5fb-4a9f-812c-8d214ea86167","MANIFEST_BOUND","hmail-perf-pair-service-20260901","06EFCBA9520D478A6DAC7ABB7F09F3B63D015A0CD5ECA1EB4D0FD2CC8C38F9FD","cpp","hmail_perf_pair_cpp_20260831_head3","C:\hmail-perf-pair-service-20260901\cpp\Data","B3DF9E8BBF4BEDB1102C94DF7C86356E1FEABCBC02A18E8EABEB1EA1453D09B8",,,"one TCP client and one sequential IMAP session per sample","0","PASS","45FA907CE0D3797C1E13EBB2F03F076A25656CCE27E801C18F745ACD3944FBBD","5136EEC556F9790732AE759EF52F77FE6172329EA55787A80300C4A824107E46","1","163","False","False","5012.208","Aktarma ba?lant?s?ndan veriler okunamad?: Ba?lan?lan uygun olarak belli bir s?re i?inde yan?t vermedi?inden veya kurulan
ba?lant? ba?lan?lan ana bilgisayar yan?t vermedi?inden bir ba?lant? kurulamad?.","False","0","False","False","0","False"
"c4450db8-b5fb-4a9f-812c-8d214ea86167","MANIFEST_BOUND","hmail-perf-pair-service-20260901","06EFCBA9520D478A6DAC7ABB7F09F3B63D015A0CD5ECA1EB4D0FD2CC8C38F9FD","cpp","hmail_perf_pair_cpp_20260831_head3","C:\hmail-perf-pair-service-20260901\cpp\Data","B3DF9E8BBF4BEDB1102C94DF7C86356E1FEABCBC02A18E8EABEB1EA1453D09B8",,,"one TCP client and one sequential IMAP session per sample","0","PASS","45FA907CE0D3797C1E13EBB2F03F076A25656CCE27E801C18F745ACD3944FBBD","5136EEC556F9790732AE759EF52F77FE6172329EA55787A80300C4A824107E46","1","164","False","False","5008.532","Aktarma ba?lant?s?ndan veriler okunamad?: Ba?lan?lan uygun olarak belli bir s?re i?inde yan?t vermedi?inden veya kurulan
ba?lant? ba?lan?lan ana bilgisayar yan?t vermedi?inden bir ba?lant? kurulamad?.","False","0","False","False","0","False"
"c4450db8-b5fb-4a9f-812c-8d214ea86167","MANIFEST_BOUND","hmail-perf-pair-service-20260901","06EFCBA9520D478A6DAC7ABB7F09F3B63D015A0CD5ECA1EB4D0FD2CC8C38F9FD","cpp","hmail_perf_pair_cpp_20260831_head3","C:\hmail-perf-pair-service-20260901\cpp\Data","B3DF9E8BBF4BEDB1102C94DF7C86356E1FEABCBC02A18E8EABEB1EA1453D09B8",,,"one TCP client and one sequential IMAP session per sample","0","PASS","45FA907CE0D3797C1E13EBB2F03F076A25656CCE27E801C18F745ACD3944FBBD","5136EEC556F9790732AE759EF52F77FE6172329EA55787A80300C4A824107E46","1","165","False","False","5012.651","Aktarma ba?lant?s?ndan veriler okunamad?: Ba?lan?lan uygun olarak belli bir s?re i?inde yan?t vermedi?inden veya kurulan
ba?lant? ba?lan?lan ana bilgisayar yan?t vermedi?inden bir ba?lant? kurulamad?.","False","0","False","False","0","False"
"c4450db8-b5fb-4a9f-812c-8d214ea86167","MANIFEST_BOUND","hmail-perf-pair-service-20260901","06EFCBA9520D478A6DAC7ABB7F09F3B63D015A0CD5ECA1EB4D0FD2CC8C38F9FD","cpp","hmail_perf_pair_cpp_20260831_head3","C:\hmail-perf-pair-service-20260901\cpp\Data","B3DF9E8BBF4BEDB1102C94DF7C86356E1FEABCBC02A18E8EABEB1EA1453D09B8",,,"one TCP client and one sequential IMAP session per sample","0","PASS","45FA907CE0D3797C1E13EBB2F03F076A25656CCE27E801C18F745ACD3944FBBD","5136EEC556F9790732AE759EF52F77FE6172329EA55787A80300C4A824107E46","1","166","False","False","5013.164","Aktarma ba?lant?s?ndan veriler okunamad?: Ba?lan?lan uygun olarak belli bir s?re i?inde yan?t vermedi?inden veya kurulan
ba?lant? ba?lan?lan ana bilgisayar yan?t vermedi?inden bir ba?lant? kurulamad?.","False","0","False","False","0","False"
"c4450db8-b5fb-4a9f-812c-8d214ea86167","MANIFEST_BOUND","hmail-perf-pair-service-20260901","06EFCBA9520D478A6DAC7ABB7F09F3B63D015A0CD5ECA1EB4D0FD2CC8C38F9FD","cpp","hmail_perf_pair_cpp_20260831_head3","C:\hmail-perf-pair-service-20260901\cpp\Data","B3DF9E8BBF4BEDB1102C94DF7C86356E1FEABCBC02A18E8EABEB1EA1453D09B8",,,"one TCP client and one sequential IMAP session per sample","0","PASS","45FA907CE0D3797C1E13EBB2F03F076A25656CCE27E801C18F745ACD3944FBBD","5136EEC556F9790732AE759EF52F77FE6172329EA55787A80300C4A824107E46","1","167","False","False","5008.835","Aktarma ba?lant?s?ndan veriler okunamad?: Ba?lan?lan uygun olarak belli bir s?re i?inde yan?t vermedi?inden veya kurulan
ba?lant? ba?lan?lan ana bilgisayar yan?t vermedi?inden bir ba?lant? kurulamad?.","False","0","False","False","0","False"
"c4450db8-b5fb-4a9f-812c-8d214ea86167","MANIFEST_BOUND","hmail-perf-pair-service-20260901","06EFCBA9520D478A6DAC7ABB7F09F3B63D015A0CD5ECA1EB4D0FD2CC8C38F9FD","cpp","hmail_perf_pair_cpp_20260831_head3","C:\hmail-perf-pair-service-20260901\cpp\Data","B3DF9E8BBF4BEDB1102C94DF7C86356E1FEABCBC02A18E8EABEB1EA1453D09B8",,,"one TCP client and one sequential IMAP session per sample","0","PASS","45FA907CE0D3797C1E13EBB2F03F076A25656CCE27E801C18F745ACD3944FBBD","5136EEC556F9790732AE759EF52F77FE6172329EA55787A80300C4A824107E46","1","168","False","False","5011.841","Aktarma ba?lant?s?ndan veriler okunamad?: Ba?lan?lan uygun olarak belli bir s?re i?inde yan?t vermedi?inden veya kurulan
ba?lant? ba?lan?lan ana bilgisayar yan?t vermedi?inden bir ba?lant? kurulamad?.","False","0","False","False","0","False"
"c4450db8-b5fb-4a9f-812c-8d214ea86167","MANIFEST_BOUND","hmail-perf-pair-service-20260901","06EFCBA9520D478A6DAC7ABB7F09F3B63D015A0CD5ECA1EB4D0FD2CC8C38F9FD","cpp","hmail_perf_pair_cpp_20260831_head3","C:\hmail-perf-pair-service-20260901\cpp\Data","B3DF9E8BBF4BEDB1102C94DF7C86356E1FEABCBC02A18E8EABEB1EA1453D09B8",,,"one TCP client and one sequential IMAP session per sample","0","PASS","45FA907CE0D3797C1E13EBB2F03F076A25656CCE27E801C18F745ACD3944FBBD","5136EEC556F9790732AE759EF52F77FE6172329EA55787A80300C4A824107E46","1","169","False","False","5011.942","Aktarma ba?lant?s?ndan veriler okunamad?: Ba?lan?lan uygun olarak belli bir s?re i?inde yan?t vermedi?inden veya kurulan
ba?lant? ba?lan?lan ana bilgisayar yan?t vermedi?inden bir ba?lant? kurulamad?.","False","0","False","False","0","False"
"c4450db8-b5fb-4a9f-812c-8d214ea86167","MANIFEST_BOUND","hmail-perf-pair-service-20260901","06EFCBA9520D478A6DAC7ABB7F09F3B63D015A0CD5ECA1EB4D0FD2CC8C38F9FD","cpp","hmail_perf_pair_cpp_20260831_head3","C:\hmail-perf-pair-service-20260901\cpp\Data","B3DF9E8BBF4BEDB1102C94DF7C86356E1FEABCBC02A18E8EABEB1EA1453D09B8",,,"one TCP client and one sequential IMAP session per sample","0","PASS","45FA907CE0D3797C1E13EBB2F03F076A25656CCE27E801C18F745ACD3944FBBD","5136EEC556F9790732AE759EF52F77FE6172329EA55787A80300C4A824107E46","1","170","False","False","5013.547","Aktarma ba?lant?s?ndan veriler okunamad?: Ba?lan?lan uygun olarak belli bir s?re i?inde yan?t vermedi?inden veya kurulan
ba?lant? ba?lan?lan ana bilgisayar yan?t vermedi?inden bir ba?lant? kurulamad?.","False","0","False","False","0","False"
"c4450db8-b5fb-4a9f-812c-8d214ea86167","MANIFEST_BOUND","hmail-perf-pair-service-20260901","06EFCBA9520D478A6DAC7ABB7F09F3B63D015A0CD5ECA1EB4D0FD2CC8C38F9FD","cpp","hmail_perf_pair_cpp_20260831_head3","C:\hmail-perf-pair-service-20260901\cpp\Data","B3DF9E8BBF4BEDB1102C94DF7C86356E1FEABCBC02A18E8EABEB1EA1453D09B8",,,"one TCP client and one sequential IMAP session per sample","0","PASS","45FA907CE0D3797C1E13EBB2F03F076A25656CCE27E801C18F745ACD3944FBBD","5136EEC556F9790732AE759EF52F77FE6172329EA55787A80300C4A824107E46","1","171","False","False","5011.91","Aktarma ba?lant?s?ndan veriler okunamad?: Ba?lan?lan uygun olarak belli bir s?re i?inde yan?t vermedi?inden veya kurulan
ba?lant? ba?lan?lan ana bilgisayar yan?t vermedi?inden bir ba?lant? kurulamad?.","False","0","False","False","0","False"
"c4450db8-b5fb-4a9f-812c-8d214ea86167","MANIFEST_BOUND","hmail-perf-pair-service-20260901","06EFCBA9520D478A6DAC7ABB7F09F3B63D015A0CD5ECA1EB4D0FD2CC8C38F9FD","cpp","hmail_perf_pair_cpp_20260831_head3","C:\hmail-perf-pair-service-20260901\cpp\Data","B3DF9E8BBF4BEDB1102C94DF7C86356E1FEABCBC02A18E8EABEB1EA1453D09B8",,,"one TCP client and one sequential IMAP session per sample","0","PASS","45FA907CE0D3797C1E13EBB2F03F076A25656CCE27E801C18F745ACD3944FBBD","5136EEC556F9790732AE759EF52F77FE6172329EA55787A80300C4A824107E46","1","172","False","False","5012.366","Aktarma ba?lant?s?ndan veriler okunamad?: Ba?lan?lan uygun olarak belli bir s?re i?inde yan?t vermedi?inden veya kurulan
ba?lant? ba?lan?lan ana bilgisayar yan?t vermedi?inden bir ba?lant? kurulamad?.","False","0","False","False","0","False"
"c4450db8-b5fb-4a9f-812c-8d214ea86167","MANIFEST_BOUND","hmail-perf-pair-service-20260901","06EFCBA9520D478A6DAC7ABB7F09F3B63D015A0CD5ECA1EB4D0FD2CC8C38F9FD","cpp","hmail_perf_pair_cpp_20260831_head3","C:\hmail-perf-pair-service-20260901\cpp\Data","B3DF9E8BBF4BEDB1102C94DF7C86356E1FEABCBC02A18E8EABEB1EA1453D09B8",,,"one TCP client and one sequential IMAP session per sample","0","PASS","45FA907CE0D3797C1E13EBB2F03F076A25656CCE27E801C18F745ACD3944FBBD","5136EEC556F9790732AE759EF52F77FE6172329EA55787A80300C4A824107E46","1","173","False","False","5014.382","Aktarma ba?lant?s?ndan veriler okunamad?: Ba?lan?lan uygun olarak belli bir s?re i?inde yan?t vermedi?inden veya kurulan
ba?lant? ba?lan?lan ana bilgisayar yan?t vermedi?inden bir ba?lant? kurulamad?.","False","0","False","False","0","False"
"c4450db8-b5fb-4a9f-812c-8d214ea86167","MANIFEST_BOUND","hmail-perf-pair-service-20260901","06EFCBA9520D478A6DAC7ABB7F09F3B63D015A0CD5ECA1EB4D0FD2CC8C38F9FD","cpp","hmail_perf_pair_cpp_20260831_head3","C:\hmail-perf-pair-service-20260901\cpp\Data","B3DF9E8BBF4BEDB1102C94DF7C86356E1FEABCBC02A18E8EABEB1EA1453D09B8",,,"one TCP client and one sequential IMAP session per sample","0","PASS","45FA907CE0D3797C1E13EBB2F03F076A25656CCE27E801C18F745ACD3944FBBD","5136EEC556F9790732AE759EF52F77FE6172329EA55787A80300C4A824107E46","1","174","False","False","5013.182","Aktarma ba?lant?s?ndan veriler okunamad?: Ba?lan?lan uygun olarak belli bir s?re i?inde yan?t vermedi?inden veya kurulan
ba?lant? ba?lan?lan ana bilgisayar yan?t vermedi?inden bir ba?lant? kurulamad?.","False","0","False","False","0","False"
"c4450db8-b5fb-4a9f-812c-8d214ea86167","MANIFEST_BOUND","hmail-perf-pair-service-20260901","06EFCBA9520D478A6DAC7ABB7F09F3B63D015A0CD5ECA1EB4D0FD2CC8C38F9FD","cpp","hmail_perf_pair_cpp_20260831_head3","C:\hmail-perf-pair-service-20260901\cpp\Data","B3DF9E8BBF4BEDB1102C94DF7C86356E1FEABCBC02A18E8EABEB1EA1453D09B8",,,"one TCP client and one sequential IMAP session per sample","0","PASS","45FA907CE0D3797C1E13EBB2F03F076A25656CCE27E801C18F745ACD3944FBBD","5136EEC556F9790732AE759EF52F77FE6172329EA55787A80300C4A824107E46","1","175","False","False","5014.744","Aktarma ba?lant?s?ndan veriler okunamad?: Ba?lan?lan uygun olarak belli bir s?re i?inde yan?t vermedi?inden veya kurulan
ba?lant? ba?lan?lan ana bilgisayar yan?t vermedi?inden bir ba?lant? kurulamad?.","False","0","False","False","0","False"
"c4450db8-b5fb-4a9f-812c-8d214ea86167","MANIFEST_BOUND","hmail-perf-pair-service-20260901","06EFCBA9520D478A6DAC7ABB7F09F3B63D015A0CD5ECA1EB4D0FD2CC8C38F9FD","cpp","hmail_perf_pair_cpp_20260831_head3","C:\hmail-perf-pair-service-20260901\cpp\Data","B3DF9E8BBF4BEDB1102C94DF7C86356E1FEABCBC02A18E8EABEB1EA1453D09B8",,,"one TCP client and one sequential IMAP session per sample","0","PASS","45FA907CE0D3797C1E13EBB2F03F076A25656CCE27E801C18F745ACD3944FBBD","5136EEC556F9790732AE759EF52F77FE6172329EA55787A80300C4A824107E46","1","176","False","False","5008.665","Aktarma ba?lant?s?ndan veriler okunamad?: Ba?lan?lan uygun olarak belli bir s?re i?inde yan?t vermedi?inden veya kurulan
ba?lant? ba?lan?lan ana bilgisayar yan?t vermedi?inden bir ba?lant? kurulamad?.","False","0","False","False","0","False"
"c4450db8-b5fb-4a9f-812c-8d214ea86167","MANIFEST_BOUND","hmail-perf-pair-service-20260901","06EFCBA9520D478A6DAC7ABB7F09F3B63D015A0CD5ECA1EB4D0FD2CC8C38F9FD","cpp","hmail_perf_pair_cpp_20260831_head3","C:\hmail-perf-pair-service-20260901\cpp\Data","B3DF9E8BBF4BEDB1102C94DF7C86356E1FEABCBC02A18E8EABEB1EA1453D09B8",,,"one TCP client and one sequential IMAP session per sample","0","PASS","45FA907CE0D3797C1E13EBB2F03F076A25656CCE27E801C18F745ACD3944FBBD","5136EEC556F9790732AE759EF52F77FE6172329EA55787A80300C4A824107E46","1","177","False","False","5008.67","Aktarma ba?lant?s?ndan veriler okunamad?: Ba?lan?lan uygun olarak belli bir s?re i?inde yan?t vermedi?inden veya kurulan
ba?lant? ba?lan?lan ana bilgisayar yan?t vermedi?inden bir ba?lant? kurulamad?.","False","0","False","False","0","False"
"c4450db8-b5fb-4a9f-812c-8d214ea86167","MANIFEST_BOUND","hmail-perf-pair-service-20260901","06EFCBA9520D478A6DAC7ABB7F09F3B63D015A0CD5ECA1EB4D0FD2CC8C38F9FD","cpp","hmail_perf_pair_cpp_20260831_head3","C:\hmail-perf-pair-service-20260901\cpp\Data","B3DF9E8BBF4BEDB1102C94DF7C86356E1FEABCBC02A18E8EABEB1EA1453D09B8",,,"one TCP client and one sequential IMAP session per sample","0","PASS","45FA907CE0D3797C1E13EBB2F03F076A25656CCE27E801C18F745ACD3944FBBD","5136EEC556F9790732AE759EF52F77FE6172329EA55787A80300C4A824107E46","1","178","False","False","5012.951","Aktarma ba?lant?s?ndan veriler okunamad?: Ba?lan?lan uygun olarak belli bir s?re i?inde yan?t vermedi?inden veya kurulan
ba?lant? ba?lan?lan ana bilgisayar yan?t vermedi?inden bir ba?lant? kurulamad?.","False","0","False","False","0","False"
"c4450db8-b5fb-4a9f-812c-8d214ea86167","MANIFEST_BOUND","hmail-perf-pair-service-20260901","06EFCBA9520D478A6DAC7ABB7F09F3B63D015A0CD5ECA1EB4D0FD2CC8C38F9FD","cpp","hmail_perf_pair_cpp_20260831_head3","C:\hmail-perf-pair-service-20260901\cpp\Data","B3DF9E8BBF4BEDB1102C94DF7C86356E1FEABCBC02A18E8EABEB1EA1453D09B8",,,"one TCP client and one sequential IMAP session per sample","0","PASS","45FA907CE0D3797C1E13EBB2F03F076A25656CCE27E801C18F745ACD3944FBBD","5136EEC556F9790732AE759EF52F77FE6172329EA55787A80300C4A824107E46","1","179","False","False","5012.611","Aktarma ba?lant?s?ndan veriler okunamad?: Ba?lan?lan uygun olarak belli bir s?re i?inde yan?t vermedi?inden veya kurulan
ba?lant? ba?lan?lan ana bilgisayar yan?t vermedi?inden bir ba?lant? kurulamad?.","False","0","False","False","0","False"
"c4450db8-b5fb-4a9f-812c-8d214ea86167","MANIFEST_BOUND","hmail-perf-pair-service-20260901","06EFCBA9520D478A6DAC7ABB7F09F3B63D015A0CD5ECA1EB4D0FD2CC8C38F9FD","cpp","hmail_perf_pair_cpp_20260831_head3","C:\hmail-perf-pair-service-20260901\cpp\Data","B3DF9E8BBF4BEDB1102C94DF7C86356E1FEABCBC02A18E8EABEB1EA1453D09B8",,,"one TCP client and one sequential IMAP session per sample","0","PASS","45FA907CE0D3797C1E13EBB2F03F076A25656CCE27E801C18F745ACD3944FBBD","5136EEC556F9790732AE759EF52F77FE6172329EA55787A80300C4A824107E46","1","180","False","False","5012.134","Aktarma ba?lant?s?ndan veriler okunamad?: Ba?lan?lan uygun olarak belli bir s?re i?inde yan?t vermedi?inden veya kurulan
ba?lant? ba?lan?lan ana bilgisayar yan?t vermedi?inden bir ba?lant? kurulamad?.","False","0","False","False","0","False"
"c4450db8-b5fb-4a9f-812c-8d214ea86167","MANIFEST_BOUND","hmail-perf-pair-service-20260901","06EFCBA9520D478A6DAC7ABB7F09F3B63D015A0CD5ECA1EB4D0FD2CC8C38F9FD","cpp","hmail_perf_pair_cpp_20260831_head3","C:\hmail-perf-pair-service-20260901\cpp\Data","B3DF9E8BBF4BEDB1102C94DF7C86356E1FEABCBC02A18E8EABEB1EA1453D09B8",,,"one TCP client and one sequential IMAP session per sample","0","PASS","45FA907CE0D3797C1E13EBB2F03F076A25656CCE27E801C18F745ACD3944FBBD","5136EEC556F9790732AE759EF52F77FE6172329EA55787A80300C4A824107E46","1","181","False","False","5011.329","Aktarma ba?lant?s?ndan veriler okunamad?: Ba?lan?lan uygun olarak belli bir s?re i?inde yan?t vermedi?inden veya kurulan
ba?lant? ba?lan?lan ana bilgisayar yan?t vermedi?inden bir ba?lant? kurulamad?.","False","0","False","False","0","False"
"c4450db8-b5fb-4a9f-812c-8d214ea86167","MANIFEST_BOUND","hmail-perf-pair-service-20260901","06EFCBA9520D478A6DAC7ABB7F09F3B63D015A0CD5ECA1EB4D0FD2CC8C38F9FD","cpp","hmail_perf_pair_cpp_20260831_head3","C:\hmail-perf-pair-service-20260901\cpp\Data","B3DF9E8BBF4BEDB1102C94DF7C86356E1FEABCBC02A18E8EABEB1EA1453D09B8",,,"one TCP client and one sequential IMAP session per sample","0","PASS","45FA907CE0D3797C1E13EBB2F03F076A25656CCE27E801C18F745ACD3944FBBD","5136EEC556F9790732AE759EF52F77FE6172329EA55787A80300C4A824107E46","1","182","False","False","5011.527","Aktarma ba?lant?s?ndan veriler okunamad?: Ba?lan?lan uygun olarak belli bir s?re i?inde yan?t vermedi?inden veya kurulan
ba?lant? ba?lan?lan ana bilgisayar yan?t vermedi?inden bir ba?lant? kurulamad?.","False","0","False","False","0","False"
"c4450db8-b5fb-4a9f-812c-8d214ea86167","MANIFEST_BOUND","hmail-perf-pair-service-20260901","06EFCBA9520D478A6DAC7ABB7F09F3B63D015A0CD5ECA1EB4D0FD2CC8C38F9FD","cpp","hmail_perf_pair_cpp_20260831_head3","C:\hmail-perf-pair-service-20260901\cpp\Data","B3DF9E8BBF4BEDB1102C94DF7C86356E1FEABCBC02A18E8EABEB1EA1453D09B8",,,"one TCP client and one sequential IMAP session per sample","0","PASS","45FA907CE0D3797C1E13EBB2F03F076A25656CCE27E801C18F745ACD3944FBBD","5136EEC556F9790732AE759EF52F77FE6172329EA55787A80300C4A824107E46","1","183","False","False","5014.41","Aktarma ba?lant?s?ndan veriler okunamad?: Ba?lan?lan uygun olarak belli bir s?re i?inde yan?t vermedi?inden veya kurulan
ba?lant? ba?lan?lan ana bilgisayar yan?t vermedi?inden bir ba?lant? kurulamad?.","False","0","False","False","0","False"
"c4450db8-b5fb-4a9f-812c-8d214ea86167","MANIFEST_BOUND","hmail-perf-pair-service-20260901","06EFCBA9520D478A6DAC7ABB7F09F3B63D015A0CD5ECA1EB4D0FD2CC8C38F9FD","cpp","hmail_perf_pair_cpp_20260831_head3","C:\hmail-perf-pair-service-20260901\cpp\Data","B3DF9E8BBF4BEDB1102C94DF7C86356E1FEABCBC02A18E8EABEB1EA1453D09B8",,,"one TCP client and one sequential IMAP session per sample","0","PASS","45FA907CE0D3797C1E13EBB2F03F076A25656CCE27E801C18F745ACD3944FBBD","5136EEC556F9790732AE759EF52F77FE6172329EA55787A80300C4A824107E46","1","184","False","False","5012.335","Aktarma ba?lant?s?ndan veriler okunamad?: Ba?lan?lan uygun olarak belli bir s?re i?inde yan?t vermedi?inden veya kurulan
ba?lant? ba?lan?lan ana bilgisayar yan?t vermedi?inden bir ba?lant? kurulamad?.","False","0","False","False","0","False"
"c4450db8-b5fb-4a9f-812c-8d214ea86167","MANIFEST_BOUND","hmail-perf-pair-service-20260901","06EFCBA9520D478A6DAC7ABB7F09F3B63D015A0CD5ECA1EB4D0FD2CC8C38F9FD","cpp","hmail_perf_pair_cpp_20260831_head3","C:\hmail-perf-pair-service-20260901\cpp\Data","B3DF9E8BBF4BEDB1102C94DF7C86356E1FEABCBC02A18E8EABEB1EA1453D09B8",,,"one TCP client and one sequential IMAP session per sample","0","PASS","45FA907CE0D3797C1E13EBB2F03F076A25656CCE27E801C18F745ACD3944FBBD","5136EEC556F9790732AE759EF52F77FE6172329EA55787A80300C4A824107E46","1","185","False","False","5008.369","Aktarma ba?lant?s?ndan veriler okunamad?: Ba?lan?lan uygun olarak belli bir s?re i?inde yan?t vermedi?inden veya kurulan
ba?lant? ba?lan?lan ana bilgisayar yan?t vermedi?inden bir ba?lant? kurulamad?.","False","0","False","False","0","False"
"c4450db8-b5fb-4a9f-812c-8d214ea86167","MANIFEST_BOUND","hmail-perf-pair-service-20260901","06EFCBA9520D478A6DAC7ABB7F09F3B63D015A0CD5ECA1EB4D0FD2CC8C38F9FD","cpp","hmail_perf_pair_cpp_20260831_head3","C:\hmail-perf-pair-service-20260901\cpp\Data","B3DF9E8BBF4BEDB1102C94DF7C86356E1FEABCBC02A18E8EABEB1EA1453D09B8",,,"one TCP client and one sequential IMAP session per sample","0","PASS","45FA907CE0D3797C1E13EBB2F03F076A25656CCE27E801C18F745ACD3944FBBD","5136EEC556F9790732AE759EF52F77FE6172329EA55787A80300C4A824107E46","1","186","False","False","5012.315","Aktarma ba?lant?s?ndan veriler okunamad?: Ba?lan?lan uygun olarak belli bir s?re i?inde yan?t vermedi?inden veya kurulan
ba?lant? ba?lan?lan ana bilgisayar yan?t vermedi?inden bir ba?lant? kurulamad?.","False","0","False","False","0","False"
"c4450db8-b5fb-4a9f-812c-8d214ea86167","MANIFEST_BOUND","hmail-perf-pair-service-20260901","06EFCBA9520D478A6DAC7ABB7F09F3B63D015A0CD5ECA1EB4D0FD2CC8C38F9FD","cpp","hmail_perf_pair_cpp_20260831_head3","C:\hmail-perf-pair-service-20260901\cpp\Data","B3DF9E8BBF4BEDB1102C94DF7C86356E1FEABCBC02A18E8EABEB1EA1453D09B8",,,"one TCP client and one sequential IMAP session per sample","0","PASS","45FA907CE0D3797C1E13EBB2F03F076A25656CCE27E801C18F745ACD3944FBBD","5136EEC556F9790732AE759EF52F77FE6172329EA55787A80300C4A824107E46","1","187","False","False","5013.468","Aktarma ba?lant?s?ndan veriler okunamad?: Ba?lan?lan uygun olarak belli bir s?re i?inde yan?t vermedi?inden veya kurulan
ba?lant? ba?lan?lan ana bilgisayar yan?t vermedi?inden bir ba?lant? kurulamad?.","False","0","False","False","0","False"
"c4450db8-b5fb-4a9f-812c-8d214ea86167","MANIFEST_BOUND","hmail-perf-pair-service-20260901","06EFCBA9520D478A6DAC7ABB7F09F3B63D015A0CD5ECA1EB4D0FD2CC8C38F9FD","cpp","hmail_perf_pair_cpp_20260831_head3","C:\hmail-perf-pair-service-20260901\cpp\Data","B3DF9E8BBF4BEDB1102C94DF7C86356E1FEABCBC02A18E8EABEB1EA1453D09B8",,,"one TCP client and one sequential IMAP session per sample","0","PASS","45FA907CE0D3797C1E13EBB2F03F076A25656CCE27E801C18F745ACD3944FBBD","5136EEC556F9790732AE759EF52F77FE6172329EA55787A80300C4A824107E46","1","188","False","False","5011.492","Aktarma ba?lant?s?ndan veriler okunamad?: Ba?lan?lan uygun olarak belli bir s?re i?inde yan?t vermedi?inden veya kurulan
ba?lant? ba?lan?lan ana bilgisayar yan?t vermedi?inden bir ba?lant? kurulamad?.","False","0","False","False","0","False"
"c4450db8-b5fb-4a9f-812c-8d214ea86167","MANIFEST_BOUND","hmail-perf-pair-service-20260901","06EFCBA9520D478A6DAC7ABB7F09F3B63D015A0CD5ECA1EB4D0FD2CC8C38F9FD","cpp","hmail_perf_pair_cpp_20260831_head3","C:\hmail-perf-pair-service-20260901\cpp\Data","B3DF9E8BBF4BEDB1102C94DF7C86356E1FEABCBC02A18E8EABEB1EA1453D09B8",,,"one TCP client and one sequential IMAP session per sample","0","PASS","45FA907CE0D3797C1E13EBB2F03F076A25656CCE27E801C18F745ACD3944FBBD","5136EEC556F9790732AE759EF52F77FE6172329EA55787A80300C4A824107E46","1","189","False","False","5011.201","Aktarma ba?lant?s?ndan veriler okunamad?: Ba?lan?lan uygun olarak belli bir s?re i?inde yan?t vermedi?inden veya kurulan
ba?lant? ba?lan?lan ana bilgisayar yan?t vermedi?inden bir ba?lant? kurulamad?.","False","0","False","False","0","False"
"c4450db8-b5fb-4a9f-812c-8d214ea86167","MANIFEST_BOUND","hmail-perf-pair-service-20260901","06EFCBA9520D478A6DAC7ABB7F09F3B63D015A0CD5ECA1EB4D0FD2CC8C38F9FD","cpp","hmail_perf_pair_cpp_20260831_head3","C:\hmail-perf-pair-service-20260901\cpp\Data","B3DF9E8BBF4BEDB1102C94DF7C86356E1FEABCBC02A18E8EABEB1EA1453D09B8",,,"one TCP client and one sequential IMAP session per sample","0","PASS","45FA907CE0D3797C1E13EBB2F03F076A25656CCE27E801C18F745ACD3944FBBD","5136EEC556F9790732AE759EF52F77FE6172329EA55787A80300C4A824107E46","1","190","False","False","5013.704","Aktarma ba?lant?s?ndan veriler okunamad?: Ba?lan?lan uygun olarak belli bir s?re i?inde yan?t vermedi?inden veya kurulan
ba?lant? ba?lan?lan ana bilgisayar yan?t vermedi?inden bir ba?lant? kurulamad?.","False","0","False","False","0","False"
"c4450db8-b5fb-4a9f-812c-8d214ea86167","MANIFEST_BOUND","hmail-perf-pair-service-20260901","06EFCBA9520D478A6DAC7ABB7F09F3B63D015A0CD5ECA1EB4D0FD2CC8C38F9FD","cpp","hmail_perf_pair_cpp_20260831_head3","C:\hmail-perf-pair-service-20260901\cpp\Data","B3DF9E8BBF4BEDB1102C94DF7C86356E1FEABCBC02A18E8EABEB1EA1453D09B8",,,"one TCP client and one sequential IMAP session per sample","0","PASS","45FA907CE0D3797C1E13EBB2F03F076A25656CCE27E801C18F745ACD3944FBBD","5136EEC556F9790732AE759EF52F77FE6172329EA55787A80300C4A824107E46","1","191","False","False","5010.852","Aktarma ba?lant?s?ndan veriler okunamad?: Ba?lan?lan uygun olarak belli bir s?re i?inde yan?t vermedi?inden veya kurulan
ba?lant? ba?lan?lan ana bilgisayar yan?t vermedi?inden bir ba?lant? kurulamad?.","False","0","False","False","0","False"
"c4450db8-b5fb-4a9f-812c-8d214ea86167","MANIFEST_BOUND","hmail-perf-pair-service-20260901","06EFCBA9520D478A6DAC7ABB7F09F3B63D015A0CD5ECA1EB4D0FD2CC8C38F9FD","cpp","hmail_perf_pair_cpp_20260831_head3","C:\hmail-perf-pair-service-20260901\cpp\Data","B3DF9E8BBF4BEDB1102C94DF7C86356E1FEABCBC02A18E8EABEB1EA1453D09B8",,,"one TCP client and one sequential IMAP session per sample","0","PASS","45FA907CE0D3797C1E13EBB2F03F076A25656CCE27E801C18F745ACD3944FBBD","5136EEC556F9790732AE759EF52F77FE6172329EA55787A80300C4A824107E46","1","192","False","False","5012.469","Aktarma ba?lant?s?ndan veriler okunamad?: Ba?lan?lan uygun olarak belli bir s?re i?inde yan?t vermedi?inden veya kurulan
ba?lant? ba?lan?lan ana bilgisayar yan?t vermedi?inden bir ba?lant? kurulamad?.","False","0","False","False","0","False"
"c4450db8-b5fb-4a9f-812c-8d214ea86167","MANIFEST_BOUND","hmail-perf-pair-service-20260901","06EFCBA9520D478A6DAC7ABB7F09F3B63D015A0CD5ECA1EB4D0FD2CC8C38F9FD","cpp","hmail_perf_pair_cpp_20260831_head3","C:\hmail-perf-pair-service-20260901\cpp\Data","B3DF9E8BBF4BEDB1102C94DF7C86356E1FEABCBC02A18E8EABEB1EA1453D09B8",,,"one TCP client and one sequential IMAP session per sample","0","PASS","45FA907CE0D3797C1E13EBB2F03F076A25656CCE27E801C18F745ACD3944FBBD","5136EEC556F9790732AE759EF52F77FE6172329EA55787A80300C4A824107E46","1","193","False","False","5012.62","Aktarma ba?lant?s?ndan veriler okunamad?: Ba?lan?lan uygun olarak belli bir s?re i?inde yan?t vermedi?inden veya kurulan
ba?lant? ba?lan?lan ana bilgisayar yan?t vermedi?inden bir ba?lant? kurulamad?.","False","0","False","False","0","False"
"c4450db8-b5fb-4a9f-812c-8d214ea86167","MANIFEST_BOUND","hmail-perf-pair-service-20260901","06EFCBA9520D478A6DAC7ABB7F09F3B63D015A0CD5ECA1EB4D0FD2CC8C38F9FD","cpp","hmail_perf_pair_cpp_20260831_head3","C:\hmail-perf-pair-service-20260901\cpp\Data","B3DF9E8BBF4BEDB1102C94DF7C86356E1FEABCBC02A18E8EABEB1EA1453D09B8",,,"one TCP client and one sequential IMAP session per sample","0","PASS","45FA907CE0D3797C1E13EBB2F03F076A25656CCE27E801C18F745ACD3944FBBD","5136EEC556F9790732AE759EF52F77FE6172329EA55787A80300C4A824107E46","1","194","False","False","5011.877","Aktarma ba?lant?s?ndan veriler okunamad?: Ba?lan?lan uygun olarak belli bir s?re i?inde yan?t vermedi?inden veya kurulan
ba?lant? ba?lan?lan ana bilgisayar yan?t vermedi?inden bir ba?lant? kurulamad?.","False","0","False","False","0","False"
"c4450db8-b5fb-4a9f-812c-8d214ea86167","MANIFEST_BOUND","hmail-perf-pair-service-20260901","06EFCBA9520D478A6DAC7ABB7F09F3B63D015A0CD5ECA1EB4D0FD2CC8C38F9FD","cpp","hmail_perf_pair_cpp_20260831_head3","C:\hmail-perf-pair-service-20260901\cpp\Data","B3DF9E8BBF4BEDB1102C94DF7C86356E1FEABCBC02A18E8EABEB1EA1453D09B8",,,"one TCP client and one sequential IMAP session per sample","0","PASS","45FA907CE0D3797C1E13EBB2F03F076A25656CCE27E801C18F745ACD3944FBBD","5136EEC556F9790732AE759EF52F77FE6172329EA55787A80300C4A824107E46","1","195","False","False","5014.776","Aktarma ba?lant?s?ndan veriler okunamad?: Ba?lan?lan uygun olarak belli bir s?re i?inde yan?t vermedi?inden veya kurulan
ba?lant? ba?lan?lan ana bilgisayar yan?t vermedi?inden bir ba?lant? kurulamad?.","False","0","False","False","0","False"
"c4450db8-b5fb-4a9f-812c-8d214ea86167","MANIFEST_BOUND","hmail-perf-pair-service-20260901","06EFCBA9520D478A6DAC7ABB7F09F3B63D015A0CD5ECA1EB4D0FD2CC8C38F9FD","cpp","hmail_perf_pair_cpp_20260831_head3","C:\hmail-perf-pair-service-20260901\cpp\Data","B3DF9E8BBF4BEDB1102C94DF7C86356E1FEABCBC02A18E8EABEB1EA1453D09B8",,,"one TCP client and one sequential IMAP session per sample","0","PASS","45FA907CE0D3797C1E13EBB2F03F076A25656CCE27E801C18F745ACD3944FBBD","5136EEC556F9790732AE759EF52F77FE6172329EA55787A80300C4A824107E46","1","196","False","False","5011.022","Aktarma ba?lant?s?ndan veriler okunamad?: Ba?lan?lan uygun olarak belli bir s?re i?inde yan?t vermedi?inden veya kurulan
ba?lant? ba?lan?lan ana bilgisayar yan?t vermedi?inden bir ba?lant? kurulamad?.","False","0","False","False","0","False"
"c4450db8-b5fb-4a9f-812c-8d214ea86167","MANIFEST_BOUND","hmail-perf-pair-service-20260901","06EFCBA9520D478A6DAC7ABB7F09F3B63D015A0CD5ECA1EB4D0FD2CC8C38F9FD","cpp","hmail_perf_pair_cpp_20260831_head3","C:\hmail-perf-pair-service-20260901\cpp\Data","B3DF9E8BBF4BEDB1102C94DF7C86356E1FEABCBC02A18E8EABEB1EA1453D09B8",,,"one TCP client and one sequential IMAP session per sample","0","PASS","45FA907CE0D3797C1E13EBB2F03F076A25656CCE27E801C18F745ACD3944FBBD","5136EEC556F9790732AE759EF52F77FE6172329EA55787A80300C4A824107E46","1","197","False","False","5010.958","Aktarma ba?lant?s?ndan veriler okunamad?: Ba?lan?lan uygun olarak belli bir s?re i?inde yan?t vermedi?inden veya kurulan
ba?lant? ba?lan?lan ana bilgisayar yan?t vermedi?inden bir ba?lant? kurulamad?.","False","0","False","False","0","False"
"c4450db8-b5fb-4a9f-812c-8d214ea86167","MANIFEST_BOUND","hmail-perf-pair-service-20260901","06EFCBA9520D478A6DAC7ABB7F09F3B63D015A0CD5ECA1EB4D0FD2CC8C38F9FD","cpp","hmail_perf_pair_cpp_20260831_head3","C:\hmail-perf-pair-service-20260901\cpp\Data","B3DF9E8BBF4BEDB1102C94DF7C86356E1FEABCBC02A18E8EABEB1EA1453D09B8",,,"one TCP client and one sequential IMAP session per sample","0","PASS","45FA907CE0D3797C1E13EBB2F03F076A25656CCE27E801C18F745ACD3944FBBD","5136EEC556F9790732AE759EF52F77FE6172329EA55787A80300C4A824107E46","1","198","False","False","5010.842","Aktarma ba?lant?s?ndan veriler okunamad?: Ba?lan?lan uygun olarak belli bir s?re i?inde yan?t vermedi?inden veya kurulan
ba?lant? ba?lan?lan ana bilgisayar yan?t vermedi?inden bir ba?lant? kurulamad?.","False","0","False","False","0","False"
"c4450db8-b5fb-4a9f-812c-8d214ea86167","MANIFEST_BOUND","hmail-perf-pair-service-20260901","06EFCBA9520D478A6DAC7ABB7F09F3B63D015A0CD5ECA1EB4D0FD2CC8C38F9FD","cpp","hmail_perf_pair_cpp_20260831_head3","C:\hmail-perf-pair-service-20260901\cpp\Data","B3DF9E8BBF4BEDB1102C94DF7C86356E1FEABCBC02A18E8EABEB1EA1453D09B8",,,"one TCP client and one sequential IMAP session per sample","0","PASS","45FA907CE0D3797C1E13EBB2F03F076A25656CCE27E801C18F745ACD3944FBBD","5136EEC556F9790732AE759EF52F77FE6172329EA55787A80300C4A824107E46","1","199","False","False","5010.986","Aktarma ba?lant?s?ndan veriler okunamad?: Ba?lan?lan uygun olarak belli bir s?re i?inde yan?t vermedi?inden veya kurulan
ba?lant? ba?lan?lan ana bilgisayar yan?t vermedi?inden bir ba?lant? kurulamad?.","False","0","False","False","0","False"
"c4450db8-b5fb-4a9f-812c-8d214ea86167","MANIFEST_BOUND","hmail-perf-pair-service-20260901","06EFCBA9520D478A6DAC7ABB7F09F3B63D015A0CD5ECA1EB4D0FD2CC8C38F9FD","cpp","hmail_perf_pair_cpp_20260831_head3","C:\hmail-perf-pair-service-20260901\cpp\Data","B3DF9E8BBF4BEDB1102C94DF7C86356E1FEABCBC02A18E8EABEB1EA1453D09B8",,,"one TCP client and one sequential IMAP session per sample","0","PASS","45FA907CE0D3797C1E13EBB2F03F076A25656CCE27E801C18F745ACD3944FBBD","5136EEC556F9790732AE759EF52F77FE6172329EA55787A80300C4A824107E46","1","200","False","False","5011.159","Aktarma ba?lant?s?ndan veriler okunamad?: Ba?lan?lan uygun olarak belli bir s?re i?inde yan?t vermedi?inden veya kurulan
ba?lant? ba?lan?lan ana bilgisayar yan?t vermedi?inden bir ba?lant? kurulamad?.","False","0","False","False","0","False"
"c4450db8-b5fb-4a9f-812c-8d214ea86167","MANIFEST_BOUND","hmail-perf-pair-service-20260901","06EFCBA9520D478A6DAC7ABB7F09F3B63D015A0CD5ECA1EB4D0FD2CC8C38F9FD","cpp","hmail_perf_pair_cpp_20260831_head3","C:\hmail-perf-pair-service-20260901\cpp\Data","B3DF9E8BBF4BEDB1102C94DF7C86356E1FEABCBC02A18E8EABEB1EA1453D09B8",,,"one TCP client and one sequential IMAP session per sample","0","PASS","45FA907CE0D3797C1E13EBB2F03F076A25656CCE27E801C18F745ACD3944FBBD","5136EEC556F9790732AE759EF52F77FE6172329EA55787A80300C4A824107E46","1","201","False","False","5011.234","Aktarma ba?lant?s?ndan veriler okunamad?: Ba?lan?lan uygun olarak belli bir s?re i?inde yan?t vermedi?inden veya kurulan
ba?lant? ba?lan?lan ana bilgisayar yan?t vermedi?inden bir ba?lant? kurulamad?.","False","0","False","False","0","False"
"c4450db8-b5fb-4a9f-812c-8d214ea86167","MANIFEST_BOUND","hmail-perf-pair-service-20260901","06EFCBA9520D478A6DAC7ABB7F09F3B63D015A0CD5ECA1EB4D0FD2CC8C38F9FD","cpp","hmail_perf_pair_cpp_20260831_head3","C:\hmail-perf-pair-service-20260901\cpp\Data","B3DF9E8BBF4BEDB1102C94DF7C86356E1FEABCBC02A18E8EABEB1EA1453D09B8",,,"one TCP client and one sequential IMAP session per sample","0","PASS","45FA907CE0D3797C1E13EBB2F03F076A25656CCE27E801C18F745ACD3944FBBD","5136EEC556F9790732AE759EF52F77FE6172329EA55787A80300C4A824107E46","1","202","False","False","5010.469","Aktarma ba?lant?s?ndan veriler okunamad?: Ba?lan?lan uygun olarak belli bir s?re i?inde yan?t vermedi?inden veya kurulan
ba?lant? ba?lan?lan ana bilgisayar yan?t vermedi?inden bir ba?lant? kurulamad?.","False","0","False","False","0","False"
"c4450db8-b5fb-4a9f-812c-8d214ea86167","MANIFEST_BOUND","hmail-perf-pair-service-20260901","06EFCBA9520D478A6DAC7ABB7F09F3B63D015A0CD5ECA1EB4D0FD2CC8C38F9FD","cpp","hmail_perf_pair_cpp_20260831_head3","C:\hmail-perf-pair-service-20260901\cpp\Data","B3DF9E8BBF4BEDB1102C94DF7C86356E1FEABCBC02A18E8EABEB1EA1453D09B8",,,"one TCP client and one sequential IMAP session per sample","0","PASS","45FA907CE0D3797C1E13EBB2F03F076A25656CCE27E801C18F745ACD3944FBBD","5136EEC556F9790732AE759EF52F77FE6172329EA55787A80300C4A824107E46","1","203","False","False","5014.261","Aktarma ba?lant?s?ndan veriler okunamad?: Ba?lan?lan uygun olarak belli bir s?re i?inde yan?t vermedi?inden veya kurulan
ba?lant? ba?lan?lan ana bilgisayar yan?t vermedi?inden bir ba?lant? kurulamad?.","False","0","False","False","0","False"
"c4450db8-b5fb-4a9f-812c-8d214ea86167","MANIFEST_BOUND","hmail-perf-pair-service-20260901","06EFCBA9520D478A6DAC7ABB7F09F3B63D015A0CD5ECA1EB4D0FD2CC8C38F9FD","cpp","hmail_perf_pair_cpp_20260831_head3","C:\hmail-perf-pair-service-20260901\cpp\Data","B3DF9E8BBF4BEDB1102C94DF7C86356E1FEABCBC02A18E8EABEB1EA1453D09B8",,,"one TCP client and one sequential IMAP session per sample","0","PASS","45FA907CE0D3797C1E13EBB2F03F076A25656CCE27E801C18F745ACD3944FBBD","5136EEC556F9790732AE759EF52F77FE6172329EA55787A80300C4A824107E46","1","204","False","False","5011.807","Aktarma ba?lant?s?ndan veriler okunamad?: Ba?lan?lan uygun olarak belli bir s?re i?inde yan?t vermedi?inden veya kurulan
ba?lant? ba?lan?lan ana bilgisayar yan?t vermedi?inden bir ba?lant? kurulamad?.","False","0","False","False","0","False"
"c4450db8-b5fb-4a9f-812c-8d214ea86167","MANIFEST_BOUND","hmail-perf-pair-service-20260901","06EFCBA9520D478A6DAC7ABB7F09F3B63D015A0CD5ECA1EB4D0FD2CC8C38F9FD","cpp","hmail_perf_pair_cpp_20260831_head3","C:\hmail-perf-pair-service-20260901\cpp\Data","B3DF9E8BBF4BEDB1102C94DF7C86356E1FEABCBC02A18E8EABEB1EA1453D09B8",,,"one TCP client and one sequential IMAP session per sample","0","PASS","45FA907CE0D3797C1E13EBB2F03F076A25656CCE27E801C18F745ACD3944FBBD","5136EEC556F9790732AE759EF52F77FE6172329EA55787A80300C4A824107E46","1","205","False","False","5010.62","Aktarma ba?lant?s?ndan veriler okunamad?: Ba?lan?lan uygun olarak belli bir s?re i?inde yan?t vermedi?inden veya kurulan
ba?lant? ba?lan?lan ana bilgisayar yan?t vermedi?inden bir ba?lant? kurulamad?.","False","0","False","False","0","False"
"c4450db8-b5fb-4a9f-812c-8d214ea86167","MANIFEST_BOUND","hmail-perf-pair-service-20260901","06EFCBA9520D478A6DAC7ABB7F09F3B63D015A0CD5ECA1EB4D0FD2CC8C38F9FD","cpp","hmail_perf_pair_cpp_20260831_head3","C:\hmail-perf-pair-service-20260901\cpp\Data","B3DF9E8BBF4BEDB1102C94DF7C86356E1FEABCBC02A18E8EABEB1EA1453D09B8",,,"one TCP client and one sequential IMAP session per sample","0","PASS","45FA907CE0D3797C1E13EBB2F03F076A25656CCE27E801C18F745ACD3944FBBD","5136EEC556F9790732AE759EF52F77FE6172329EA55787A80300C4A824107E46","1","206","False","False","5013.073","Aktarma ba?lant?s?ndan veriler okunamad?: Ba?lan?lan uygun olarak belli bir s?re i?inde yan?t vermedi?inden veya kurulan
ba?lant? ba?lan?lan ana bilgisayar yan?t vermedi?inden bir ba?lant? kurulamad?.","False","0","False","False","0","False"
"c4450db8-b5fb-4a9f-812c-8d214ea86167","MANIFEST_BOUND","hmail-perf-pair-service-20260901","06EFCBA9520D478A6DAC7ABB7F09F3B63D015A0CD5ECA1EB4D0FD2CC8C38F9FD","cpp","hmail_perf_pair_cpp_20260831_head3","C:\hmail-perf-pair-service-20260901\cpp\Data","B3DF9E8BBF4BEDB1102C94DF7C86356E1FEABCBC02A18E8EABEB1EA1453D09B8",,,"one TCP client and one sequential IMAP session per sample","0","PASS","45FA907CE0D3797C1E13EBB2F03F076A25656CCE27E801C18F745ACD3944FBBD","5136EEC556F9790732AE759EF52F77FE6172329EA55787A80300C4A824107E46","1","207","False","False","5010.027","Aktarma ba?lant?s?ndan veriler okunamad?: Ba?lan?lan uygun olarak belli bir s?re i?inde yan?t vermedi?inden veya kurulan
ba?lant? ba?lan?lan ana bilgisayar yan?t vermedi?inden bir ba?lant? kurulamad?.","False","0","False","False","0","False"
"c4450db8-b5fb-4a9f-812c-8d214ea86167","MANIFEST_BOUND","hmail-perf-pair-service-20260901","06EFCBA9520D478A6DAC7ABB7F09F3B63D015A0CD5ECA1EB4D0FD2CC8C38F9FD","cpp","hmail_perf_pair_cpp_20260831_head3","C:\hmail-perf-pair-service-20260901\cpp\Data","B3DF9E8BBF4BEDB1102C94DF7C86356E1FEABCBC02A18E8EABEB1EA1453D09B8",,,"one TCP client and one sequential IMAP session per sample","0","PASS","45FA907CE0D3797C1E13EBB2F03F076A25656CCE27E801C18F745ACD3944FBBD","5136EEC556F9790732AE759EF52F77FE6172329EA55787A80300C4A824107E46","1","208","False","False","5010.185","Aktarma ba?lant?s?ndan veriler okunamad?: Ba?lan?lan uygun olarak belli bir s?re i?inde yan?t vermedi?inden veya kurulan
ba?lant? ba?lan?lan ana bilgisayar yan?t vermedi?inden bir ba?lant? kurulamad?.","False","0","False","False","0","False"
"c4450db8-b5fb-4a9f-812c-8d214ea86167","MANIFEST_BOUND","hmail-perf-pair-service-20260901","06EFCBA9520D478A6DAC7ABB7F09F3B63D015A0CD5ECA1EB4D0FD2CC8C38F9FD","cpp","hmail_perf_pair_cpp_20260831_head3","C:\hmail-perf-pair-service-20260901\cpp\Data","B3DF9E8BBF4BEDB1102C94DF7C86356E1FEABCBC02A18E8EABEB1EA1453D09B8",,,"one TCP client and one sequential IMAP session per sample","0","PASS","45FA907CE0D3797C1E13EBB2F03F076A25656CCE27E801C18F745ACD3944FBBD","5136EEC556F9790732AE759EF52F77FE6172329EA55787A80300C4A824107E46","1","209","False","False","5011.295","Aktarma ba?lant?s?ndan veriler okunamad?: Ba?lan?lan uygun olarak belli bir s?re i?inde yan?t vermedi?inden veya kurulan
ba?lant? ba?lan?lan ana bilgisayar yan?t vermedi?inden bir ba?lant? kurulamad?.","False","0","False","False","0","False"
"c4450db8-b5fb-4a9f-812c-8d214ea86167","MANIFEST_BOUND","hmail-perf-pair-service-20260901","06EFCBA9520D478A6DAC7ABB7F09F3B63D015A0CD5ECA1EB4D0FD2CC8C38F9FD","cpp","hmail_perf_pair_cpp_20260831_head3","C:\hmail-perf-pair-service-20260901\cpp\Data","B3DF9E8BBF4BEDB1102C94DF7C86356E1FEABCBC02A18E8EABEB1EA1453D09B8",,,"one TCP client and one sequential IMAP session per sample","0","PASS","45FA907CE0D3797C1E13EBB2F03F076A25656CCE27E801C18F745ACD3944FBBD","5136EEC556F9790732AE759EF52F77FE6172329EA55787A80300C4A824107E46","1","210","False","False","5010.145","Aktarma ba?lant?s?ndan veriler okunamad?: Ba?lan?lan uygun olarak belli bir s?re i?inde yan?t vermedi?inden veya kurulan
ba?lant? ba?lan?lan ana bilgisayar yan?t vermedi?inden bir ba?lant? kurulamad?.","False","0","False","False","0","False"
"c4450db8-b5fb-4a9f-812c-8d214ea86167","MANIFEST_BOUND","hmail-perf-pair-service-20260901","06EFCBA9520D478A6DAC7ABB7F09F3B63D015A0CD5ECA1EB4D0FD2CC8C38F9FD","cpp","hmail_perf_pair_cpp_20260831_head3","C:\hmail-perf-pair-service-20260901\cpp\Data","B3DF9E8BBF4BEDB1102C94DF7C86356E1FEABCBC02A18E8EABEB1EA1453D09B8",,,"one TCP client and one sequential IMAP session per sample","0","PASS","45FA907CE0D3797C1E13EBB2F03F076A25656CCE27E801C18F745ACD3944FBBD","5136EEC556F9790732AE759EF52F77FE6172329EA55787A80300C4A824107E46","1","211","False","False","5013.583","Aktarma ba?lant?s?ndan veriler okunamad?: Ba?lan?lan uygun olarak belli bir s?re i?inde yan?t vermedi?inden veya kurulan
ba?lant? ba?lan?lan ana bilgisayar yan?t vermedi?inden bir ba?lant? kurulamad?.","False","0","False","False","0","False"
"c4450db8-b5fb-4a9f-812c-8d214ea86167","MANIFEST_BOUND","hmail-perf-pair-service-20260901","06EFCBA9520D478A6DAC7ABB7F09F3B63D015A0CD5ECA1EB4D0FD2CC8C38F9FD","cpp","hmail_perf_pair_cpp_20260831_head3","C:\hmail-perf-pair-service-20260901\cpp\Data","B3DF9E8BBF4BEDB1102C94DF7C86356E1FEABCBC02A18E8EABEB1EA1453D09B8",,,"one TCP client and one sequential IMAP session per sample","0","PASS","45FA907CE0D3797C1E13EBB2F03F076A25656CCE27E801C18F745ACD3944FBBD","5136EEC556F9790732AE759EF52F77FE6172329EA55787A80300C4A824107E46","1","212","False","False","5010.154","Aktarma ba?lant?s?ndan veriler okunamad?: Ba?lan?lan uygun olarak belli bir s?re i?inde yan?t vermedi?inden veya kurulan
ba?lant? ba?lan?lan ana bilgisayar yan?t vermedi?inden bir ba?lant? kurulamad?.","False","0","False","False","0","False"
"c4450db8-b5fb-4a9f-812c-8d214ea86167","MANIFEST_BOUND","hmail-perf-pair-service-20260901","06EFCBA9520D478A6DAC7ABB7F09F3B63D015A0CD5ECA1EB4D0FD2CC8C38F9FD","cpp","hmail_perf_pair_cpp_20260831_head3","C:\hmail-perf-pair-service-20260901\cpp\Data","B3DF9E8BBF4BEDB1102C94DF7C86356E1FEABCBC02A18E8EABEB1EA1453D09B8",,,"one TCP client and one sequential IMAP session per sample","0","PASS","45FA907CE0D3797C1E13EBB2F03F076A25656CCE27E801C18F745ACD3944FBBD","5136EEC556F9790732AE759EF52F77FE6172329EA55787A80300C4A824107E46","1","213","False","False","5010.1","Aktarma ba?lant?s?ndan veriler okunamad?: Ba?lan?lan uygun olarak belli bir s?re i?inde yan?t vermedi?inden veya kurulan
ba?lant? ba?lan?lan ana bilgisayar yan?t vermedi?inden bir ba?lant? kurulamad?.","False","0","False","False","0","False"
"c4450db8-b5fb-4a9f-812c-8d214ea86167","MANIFEST_BOUND","hmail-perf-pair-service-20260901","06EFCBA9520D478A6DAC7ABB7F09F3B63D015A0CD5ECA1EB4D0FD2CC8C38F9FD","cpp","hmail_perf_pair_cpp_20260831_head3","C:\hmail-perf-pair-service-20260901\cpp\Data","B3DF9E8BBF4BEDB1102C94DF7C86356E1FEABCBC02A18E8EABEB1EA1453D09B8",,,"one TCP client and one sequential IMAP session per sample","0","PASS","45FA907CE0D3797C1E13EBB2F03F076A25656CCE27E801C18F745ACD3944FBBD","5136EEC556F9790732AE759EF52F77FE6172329EA55787A80300C4A824107E46","1","214","False","False","5010.038","Aktarma ba?lant?s?ndan veriler okunamad?: Ba?lan?lan uygun olarak belli bir s?re i?inde yan?t vermedi?inden veya kurulan
ba?lant? ba?lan?lan ana bilgisayar yan?t vermedi?inden bir ba?lant? kurulamad?.","False","0","False","False","0","False"
"c4450db8-b5fb-4a9f-812c-8d214ea86167","MANIFEST_BOUND","hmail-perf-pair-service-20260901","06EFCBA9520D478A6DAC7ABB7F09F3B63D015A0CD5ECA1EB4D0FD2CC8C38F9FD","cpp","hmail_perf_pair_cpp_20260831_head3","C:\hmail-perf-pair-service-20260901\cpp\Data","B3DF9E8BBF4BEDB1102C94DF7C86356E1FEABCBC02A18E8EABEB1EA1453D09B8",,,"one TCP client and one sequential IMAP session per sample","0","PASS","45FA907CE0D3797C1E13EBB2F03F076A25656CCE27E801C18F745ACD3944FBBD","5136EEC556F9790732AE759EF52F77FE6172329EA55787A80300C4A824107E46","1","215","False","False","5011.972","Aktarma ba?lant?s?ndan veriler okunamad?: Ba?lan?lan uygun olarak belli bir s?re i?inde yan?t vermedi?inden veya kurulan
ba?lant? ba?lan?lan ana bilgisayar yan?t vermedi?inden bir ba?lant? kurulamad?.","False","0","False","False","0","False"
"c4450db8-b5fb-4a9f-812c-8d214ea86167","MANIFEST_BOUND","hmail-perf-pair-service-20260901","06EFCBA9520D478A6DAC7ABB7F09F3B63D015A0CD5ECA1EB4D0FD2CC8C38F9FD","cpp","hmail_perf_pair_cpp_20260831_head3","C:\hmail-perf-pair-service-20260901\cpp\Data","B3DF9E8BBF4BEDB1102C94DF7C86356E1FEABCBC02A18E8EABEB1EA1453D09B8",,,"one TCP client and one sequential IMAP session per sample","0","PASS","45FA907CE0D3797C1E13EBB2F03F076A25656CCE27E801C18F745ACD3944FBBD","5136EEC556F9790732AE759EF52F77FE6172329EA55787A80300C4A824107E46","1","216","False","False","5013.027","Aktarma ba?lant?s?ndan veriler okunamad?: Ba?lan?lan uygun olarak belli bir s?re i?inde yan?t vermedi?inden veya kurulan
ba?lant? ba?lan?lan ana bilgisayar yan?t vermedi?inden bir ba?lant? kurulamad?.","False","0","False","False","0","False"
"c4450db8-b5fb-4a9f-812c-8d214ea86167","MANIFEST_BOUND","hmail-perf-pair-service-20260901","06EFCBA9520D478A6DAC7ABB7F09F3B63D015A0CD5ECA1EB4D0FD2CC8C38F9FD","cpp","hmail_perf_pair_cpp_20260831_head3","C:\hmail-perf-pair-service-20260901\cpp\Data","B3DF9E8BBF4BEDB1102C94DF7C86356E1FEABCBC02A18E8EABEB1EA1453D09B8",,,"one TCP client and one sequential IMAP session per sample","0","PASS","45FA907CE0D3797C1E13EBB2F03F076A25656CCE27E801C18F745ACD3944FBBD","5136EEC556F9790732AE759EF52F77FE6172329EA55787A80300C4A824107E46","1","217","False","False","5012.503","Aktarma ba?lant?s?ndan veriler okunamad?: Ba?lan?lan uygun olarak belli bir s?re i?inde yan?t vermedi?inden veya kurulan
ba?lant? ba?lan?lan ana bilgisayar yan?t vermedi?inden bir ba?lant? kurulamad?.","False","0","False","False","0","False"
"c4450db8-b5fb-4a9f-812c-8d214ea86167","MANIFEST_BOUND","hmail-perf-pair-service-20260901","06EFCBA9520D478A6DAC7ABB7F09F3B63D015A0CD5ECA1EB4D0FD2CC8C38F9FD","cpp","hmail_perf_pair_cpp_20260831_head3","C:\hmail-perf-pair-service-20260901\cpp\Data","B3DF9E8BBF4BEDB1102C94DF7C86356E1FEABCBC02A18E8EABEB1EA1453D09B8",,,"one TCP client and one sequential IMAP session per sample","0","PASS","45FA907CE0D3797C1E13EBB2F03F076A25656CCE27E801C18F745ACD3944FBBD","5136EEC556F9790732AE759EF52F77FE6172329EA55787A80300C4A824107E46","1","218","False","False","5009.832","Aktarma ba?lant?s?ndan veriler okunamad?: Ba?lan?lan uygun olarak belli bir s?re i?inde yan?t vermedi?inden veya kurulan
ba?lant? ba?lan?lan ana bilgisayar yan?t vermedi?inden bir ba?lant? kurulamad?.","False","0","False","False","0","False"
"c4450db8-b5fb-4a9f-812c-8d214ea86167","MANIFEST_BOUND","hmail-perf-pair-service-20260901","06EFCBA9520D478A6DAC7ABB7F09F3B63D015A0CD5ECA1EB4D0FD2CC8C38F9FD","cpp","hmail_perf_pair_cpp_20260831_head3","C:\hmail-perf-pair-service-20260901\cpp\Data","B3DF9E8BBF4BEDB1102C94DF7C86356E1FEABCBC02A18E8EABEB1EA1453D09B8",,,"one TCP client and one sequential IMAP session per sample","0","PASS","45FA907CE0D3797C1E13EBB2F03F076A25656CCE27E801C18F745ACD3944FBBD","5136EEC556F9790732AE759EF52F77FE6172329EA55787A80300C4A824107E46","1","219","False","False","5012.78","Aktarma ba?lant?s?ndan veriler okunamad?: Ba?lan?lan uygun olarak belli bir s?re i?inde yan?t vermedi?inden veya kurulan
ba?lant? ba?lan?lan ana bilgisayar yan?t vermedi?inden bir ba?lant? kurulamad?.","False","0","False","False","0","False"
"c4450db8-b5fb-4a9f-812c-8d214ea86167","MANIFEST_BOUND","hmail-perf-pair-service-20260901","06EFCBA9520D478A6DAC7ABB7F09F3B63D015A0CD5ECA1EB4D0FD2CC8C38F9FD","cpp","hmail_perf_pair_cpp_20260831_head3","C:\hmail-perf-pair-service-20260901\cpp\Data","B3DF9E8BBF4BEDB1102C94DF7C86356E1FEABCBC02A18E8EABEB1EA1453D09B8",,,"one TCP client and one sequential IMAP session per sample","0","PASS","45FA907CE0D3797C1E13EBB2F03F076A25656CCE27E801C18F745ACD3944FBBD","5136EEC556F9790732AE759EF52F77FE6172329EA55787A80300C4A824107E46","1","220","False","False","5009.735","Aktarma ba?lant?s?ndan veriler okunamad?: Ba?lan?lan uygun olarak belli bir s?re i?inde yan?t vermedi?inden veya kurulan
ba?lant? ba?lan?lan ana bilgisayar yan?t vermedi?inden bir ba?lant? kurulamad?.","False","0","False","False","0","False"
"c4450db8-b5fb-4a9f-812c-8d214ea86167","MANIFEST_BOUND","hmail-perf-pair-service-20260901","06EFCBA9520D478A6DAC7ABB7F09F3B63D015A0CD5ECA1EB4D0FD2CC8C38F9FD","cpp","hmail_perf_pair_cpp_20260831_head3","C:\hmail-perf-pair-service-20260901\cpp\Data","B3DF9E8BBF4BEDB1102C94DF7C86356E1FEABCBC02A18E8EABEB1EA1453D09B8",,,"one TCP client and one sequential IMAP session per sample","0","PASS","45FA907CE0D3797C1E13EBB2F03F076A25656CCE27E801C18F745ACD3944FBBD","5136EEC556F9790732AE759EF52F77FE6172329EA55787A80300C4A824107E46","1","221","False","False","5009.567","Aktarma ba?lant?s?ndan veriler okunamad?: Ba?lan?lan uygun olarak belli bir s?re i?inde yan?t vermedi?inden veya kurulan
ba?lant? ba?lan?lan ana bilgisayar yan?t vermedi?inden bir ba?lant? kurulamad?.","False","0","False","False","0","False"
"c4450db8-b5fb-4a9f-812c-8d214ea86167","MANIFEST_BOUND","hmail-perf-pair-service-20260901","06EFCBA9520D478A6DAC7ABB7F09F3B63D015A0CD5ECA1EB4D0FD2CC8C38F9FD","cpp","hmail_perf_pair_cpp_20260831_head3","C:\hmail-perf-pair-service-20260901\cpp\Data","B3DF9E8BBF4BEDB1102C94DF7C86356E1FEABCBC02A18E8EABEB1EA1453D09B8",,,"one TCP client and one sequential IMAP session per sample","0","PASS","45FA907CE0D3797C1E13EBB2F03F076A25656CCE27E801C18F745ACD3944FBBD","5136EEC556F9790732AE759EF52F77FE6172329EA55787A80300C4A824107E46","1","222","False","False","5010.006","Aktarma ba?lant?s?ndan veriler okunamad?: Ba?lan?lan uygun olarak belli bir s?re i?inde yan?t vermedi?inden veya kurulan
ba?lant? ba?lan?lan ana bilgisayar yan?t vermedi?inden bir ba?lant? kurulamad?.","False","0","False","False","0","False"
"c4450db8-b5fb-4a9f-812c-8d214ea86167","MANIFEST_BOUND","hmail-perf-pair-service-20260901","06EFCBA9520D478A6DAC7ABB7F09F3B63D015A0CD5ECA1EB4D0FD2CC8C38F9FD","cpp","hmail_perf_pair_cpp_20260831_head3","C:\hmail-perf-pair-service-20260901\cpp\Data","B3DF9E8BBF4BEDB1102C94DF7C86356E1FEABCBC02A18E8EABEB1EA1453D09B8",,,"one TCP client and one sequential IMAP session per sample","0","PASS","45FA907CE0D3797C1E13EBB2F03F076A25656CCE27E801C18F745ACD3944FBBD","5136EEC556F9790732AE759EF52F77FE6172329EA55787A80300C4A824107E46","1","223","True","False","6518.906",,"True","1000","True","True","1000","True"
"c4450db8-b5fb-4a9f-812c-8d214ea86167","MANIFEST_BOUND","hmail-perf-pair-service-20260901","06EFCBA9520D478A6DAC7ABB7F09F3B63D015A0CD5ECA1EB4D0FD2CC8C38F9FD","cpp","hmail_perf_pair_cpp_20260831_head3","C:\hmail-perf-pair-service-20260901\cpp\Data","B3DF9E8BBF4BEDB1102C94DF7C86356E1FEABCBC02A18E8EABEB1EA1453D09B8",,,"one TCP client and one sequential IMAP session per sample","0","PASS","45FA907CE0D3797C1E13EBB2F03F076A25656CCE27E801C18F745ACD3944FBBD","5136EEC556F9790732AE759EF52F77FE6172329EA55787A80300C4A824107E46","1","224","False","False","5009.868","Aktarma ba?lant?s?ndan veriler okunamad?: Ba?lan?lan uygun olarak belli bir s?re i?inde yan?t vermedi?inden veya kurulan
ba?lant? ba?lan?lan ana bilgisayar yan?t vermedi?inden bir ba?lant? kurulamad?.","False","0","False","False","0","False"
"c4450db8-b5fb-4a9f-812c-8d214ea86167","MANIFEST_BOUND","hmail-perf-pair-service-20260901","06EFCBA9520D478A6DAC7ABB7F09F3B63D015A0CD5ECA1EB4D0FD2CC8C38F9FD","cpp","hmail_perf_pair_cpp_20260831_head3","C:\hmail-perf-pair-service-20260901\cpp\Data","B3DF9E8BBF4BEDB1102C94DF7C86356E1FEABCBC02A18E8EABEB1EA1453D09B8",,,"one TCP client and one sequential IMAP session per sample","0","PASS","45FA907CE0D3797C1E13EBB2F03F076A25656CCE27E801C18F745ACD3944FBBD","5136EEC556F9790732AE759EF52F77FE6172329EA55787A80300C4A824107E46","1","225","True","False","6564.211",,"True","1000","True","True","1000","True"
"c4450db8-b5fb-4a9f-812c-8d214ea86167","MANIFEST_BOUND","hmail-perf-pair-service-20260901","06EFCBA9520D478A6DAC7ABB7F09F3B63D015A0CD5ECA1EB4D0FD2CC8C38F9FD","cpp","hmail_perf_pair_cpp_20260831_head3","C:\hmail-perf-pair-service-20260901\cpp\Data","B3DF9E8BBF4BEDB1102C94DF7C86356E1FEABCBC02A18E8EABEB1EA1453D09B8",,,"one TCP client and one sequential IMAP session per sample","0","PASS","45FA907CE0D3797C1E13EBB2F03F076A25656CCE27E801C18F745ACD3944FBBD","5136EEC556F9790732AE759EF52F77FE6172329EA55787A80300C4A824107E46","1","226","True","False","6401.421",,"True","1000","True","True","1000","True"
"c4450db8-b5fb-4a9f-812c-8d214ea86167","MANIFEST_BOUND","hmail-perf-pair-service-20260901","06EFCBA9520D478A6DAC7ABB7F09F3B63D015A0CD5ECA1EB4D0FD2CC8C38F9FD","cpp","hmail_perf_pair_cpp_20260831_head3","C:\hmail-perf-pair-service-20260901\cpp\Data","B3DF9E8BBF4BEDB1102C94DF7C86356E1FEABCBC02A18E8EABEB1EA1453D09B8",,,"one TCP client and one sequential IMAP session per sample","0","PASS","45FA907CE0D3797C1E13EBB2F03F076A25656CCE27E801C18F745ACD3944FBBD","5136EEC556F9790732AE759EF52F77FE6172329EA55787A80300C4A824107E46","1","227","True","False","6555.131",,"True","1000","True","True","1000","True"
"c4450db8-b5fb-4a9f-812c-8d214ea86167","MANIFEST_BOUND","hmail-perf-pair-service-20260901","06EFCBA9520D478A6DAC7ABB7F09F3B63D015A0CD5ECA1EB4D0FD2CC8C38F9FD","cpp","hmail_perf_pair_cpp_20260831_head3","C:\hmail-perf-pair-service-20260901\cpp\Data","B3DF9E8BBF4BEDB1102C94DF7C86356E1FEABCBC02A18E8EABEB1EA1453D09B8",,,"one TCP client and one sequential IMAP session per sample","0","PASS","45FA907CE0D3797C1E13EBB2F03F076A25656CCE27E801C18F745ACD3944FBBD","5136EEC556F9790732AE759EF52F77FE6172329EA55787A80300C4A824107E46","1","228","True","False","6645.457",,"True","1000","True","True","1000","True"
"c4450db8-b5fb-4a9f-812c-8d214ea86167","MANIFEST_BOUND","hmail-perf-pair-service-20260901","06EFCBA9520D478A6DAC7ABB7F09F3B63D015A0CD5ECA1EB4D0FD2CC8C38F9FD","cpp","hmail_perf_pair_cpp_20260831_head3","C:\hmail-perf-pair-service-20260901\cpp\Data","B3DF9E8BBF4BEDB1102C94DF7C86356E1FEABCBC02A18E8EABEB1EA1453D09B8",,,"one TCP client and one sequential IMAP session per sample","0","PASS","45FA907CE0D3797C1E13EBB2F03F076A25656CCE27E801C18F745ACD3944FBBD","5136EEC556F9790732AE759EF52F77FE6172329EA55787A80300C4A824107E46","1","229","True","False","7021.258",,"True","1000","True","True","1000","True"
"c4450db8-b5fb-4a9f-812c-8d214ea86167","MANIFEST_BOUND","hmail-perf-pair-service-20260901","06EFCBA9520D478A6DAC7ABB7F09F3B63D015A0CD5ECA1EB4D0FD2CC8C38F9FD","cpp","hmail_perf_pair_cpp_20260831_head3","C:\hmail-perf-pair-service-20260901\cpp\Data","B3DF9E8BBF4BEDB1102C94DF7C86356E1FEABCBC02A18E8EABEB1EA1453D09B8",,,"one TCP client and one sequential IMAP session per sample","0","PASS","45FA907CE0D3797C1E13EBB2F03F076A25656CCE27E801C18F745ACD3944FBBD","5136EEC556F9790732AE759EF52F77FE6172329EA55787A80300C4A824107E46","1","230","True","False","6218.381",,"True","1000","True","True","1000","True"
"c4450db8-b5fb-4a9f-812c-8d214ea86167","MANIFEST_BOUND","hmail-perf-pair-service-20260901","06EFCBA9520D478A6DAC7ABB7F09F3B63D015A0CD5ECA1EB4D0FD2CC8C38F9FD","cpp","hmail_perf_pair_cpp_20260831_head3","C:\hmail-perf-pair-service-20260901\cpp\Data","B3DF9E8BBF4BEDB1102C94DF7C86356E1FEABCBC02A18E8EABEB1EA1453D09B8",,,"one TCP client and one sequential IMAP session per sample","0","PASS","45FA907CE0D3797C1E13EBB2F03F076A25656CCE27E801C18F745ACD3944FBBD","5136EEC556F9790732AE759EF52F77FE6172329EA55787A80300C4A824107E46","1","231","True","False","6241.636",,"True","1000","True","True","1000","True"
"c4450db8-b5fb-4a9f-812c-8d214ea86167","MANIFEST_BOUND","hmail-perf-pair-service-20260901","06EFCBA9520D478A6DAC7ABB7F09F3B63D015A0CD5ECA1EB4D0FD2CC8C38F9FD","cpp","hmail_perf_pair_cpp_20260831_head3","C:\hmail-perf-pair-service-20260901\cpp\Data","B3DF9E8BBF4BEDB1102C94DF7C86356E1FEABCBC02A18E8EABEB1EA1453D09B8",,,"one TCP client and one sequential IMAP session per sample","0","PASS","45FA907CE0D3797C1E13EBB2F03F076A25656CCE27E801C18F745ACD3944FBBD","5136EEC556F9790732AE759EF52F77FE6172329EA55787A80300C4A824107E46","1","232","True","False","6232.608",,"True","1000","True","True","1000","True"
"c4450db8-b5fb-4a9f-812c-8d214ea86167","MANIFEST_BOUND","hmail-perf-pair-service-20260901","06EFCBA9520D478A6DAC7ABB7F09F3B63D015A0CD5ECA1EB4D0FD2CC8C38F9FD","cpp","hmail_perf_pair_cpp_20260831_head3","C:\hmail-perf-pair-service-20260901\cpp\Data","B3DF9E8BBF4BEDB1102C94DF7C86356E1FEABCBC02A18E8EABEB1EA1453D09B8",,,"one TCP client and one sequential IMAP session per sample","0","PASS","45FA907CE0D3797C1E13EBB2F03F076A25656CCE27E801C18F745ACD3944FBBD","5136EEC556F9790732AE759EF52F77FE6172329EA55787A80300C4A824107E46","1","233","True","False","6147.257",,"True","1000","True","True","1000","True"
"c4450db8-b5fb-4a9f-812c-8d214ea86167","MANIFEST_BOUND","hmail-perf-pair-service-20260901","06EFCBA9520D478A6DAC7ABB7F09F3B63D015A0CD5ECA1EB4D0FD2CC8C38F9FD","cpp","hmail_perf_pair_cpp_20260831_head3","C:\hmail-perf-pair-service-20260901\cpp\Data","B3DF9E8BBF4BEDB1102C94DF7C86356E1FEABCBC02A18E8EABEB1EA1453D09B8",,,"one TCP client and one sequential IMAP session per sample","0","PASS","45FA907CE0D3797C1E13EBB2F03F076A25656CCE27E801C18F745ACD3944FBBD","5136EEC556F9790732AE759EF52F77FE6172329EA55787A80300C4A824107E46","1","234","True","False","6158.212",,"True","1000","True","True","1000","True"
"c4450db8-b5fb-4a9f-812c-8d214ea86167","MANIFEST_BOUND","hmail-perf-pair-service-20260901","06EFCBA9520D478A6DAC7ABB7F09F3B63D015A0CD5ECA1EB4D0FD2CC8C38F9FD","cpp","hmail_perf_pair_cpp_20260831_head3","C:\hmail-perf-pair-service-20260901\cpp\Data","B3DF9E8BBF4BEDB1102C94DF7C86356E1FEABCBC02A18E8EABEB1EA1453D09B8",,,"one TCP client and one sequential IMAP session per sample","0","PASS","45FA907CE0D3797C1E13EBB2F03F076A25656CCE27E801C18F745ACD3944FBBD","5136EEC556F9790732AE759EF52F77FE6172329EA55787A80300C4A824107E46","1","235","True","False","6141.943",,"True","1000","True","True","1000","True"
"c4450db8-b5fb-4a9f-812c-8d214ea86167","MANIFEST_BOUND","hmail-perf-pair-service-20260901","06EFCBA9520D478A6DAC7ABB7F09F3B63D015A0CD5ECA1EB4D0FD2CC8C38F9FD","cpp","hmail_perf_pair_cpp_20260831_head3","C:\hmail-perf-pair-service-20260901\cpp\Data","B3DF9E8BBF4BEDB1102C94DF7C86356E1FEABCBC02A18E8EABEB1EA1453D09B8",,,"one TCP client and one sequential IMAP session per sample","0","PASS","45FA907CE0D3797C1E13EBB2F03F076A25656CCE27E801C18F745ACD3944FBBD","5136EEC556F9790732AE759EF52F77FE6172329EA55787A80300C4A824107E46","1","236","True","False","6158.059",,"True","1000","True","True","1000","True"
"c4450db8-b5fb-4a9f-812c-8d214ea86167","MANIFEST_BOUND","hmail-perf-pair-service-20260901","06EFCBA9520D478A6DAC7ABB7F09F3B63D015A0CD5ECA1EB4D0FD2CC8C38F9FD","cpp","hmail_perf_pair_cpp_20260831_head3","C:\hmail-perf-pair-service-20260901\cpp\Data","B3DF9E8BBF4BEDB1102C94DF7C86356E1FEABCBC02A18E8EABEB1EA1453D09B8",,,"one TCP client and one sequential IMAP session per sample","0","PASS","45FA907CE0D3797C1E13EBB2F03F076A25656CCE27E801C18F745ACD3944FBBD","5136EEC556F9790732AE759EF52F77FE6172329EA55787A80300C4A824107E46","1","237","True","False","6974.859",,"True","1000","True","True","1000","True"
"c4450db8-b5fb-4a9f-812c-8d214ea86167","MANIFEST_BOUND","hmail-perf-pair-service-20260901","06EFCBA9520D478A6DAC7ABB7F09F3B63D015A0CD5ECA1EB4D0FD2CC8C38F9FD","cpp","hmail_perf_pair_cpp_20260831_head3","C:\hmail-perf-pair-service-20260901\cpp\Data","B3DF9E8BBF4BEDB1102C94DF7C86356E1FEABCBC02A18E8EABEB1EA1453D09B8",,,"one TCP client and one sequential IMAP session per sample","0","PASS","45FA907CE0D3797C1E13EBB2F03F076A25656CCE27E801C18F745ACD3944FBBD","5136EEC556F9790732AE759EF52F77FE6172329EA55787A80300C4A824107E46","1","238","True","False","6815.422",,"True","1000","True","True","1000","True"
"c4450db8-b5fb-4a9f-812c-8d214ea86167","MANIFEST_BOUND","hmail-perf-pair-service-20260901","06EFCBA9520D478A6DAC7ABB7F09F3B63D015A0CD5ECA1EB4D0FD2CC8C38F9FD","cpp","hmail_perf_pair_cpp_20260831_head3","C:\hmail-perf-pair-service-20260901\cpp\Data","B3DF9E8BBF4BEDB1102C94DF7C86356E1FEABCBC02A18E8EABEB1EA1453D09B8",,,"one TCP client and one sequential IMAP session per sample","0","PASS","45FA907CE0D3797C1E13EBB2F03F076A25656CCE27E801C18F745ACD3944FBBD","5136EEC556F9790732AE759EF52F77FE6172329EA55787A80300C4A824107E46","1","239","True","False","6439.575",,"True","1000","True","True","1000","True"
"c4450db8-b5fb-4a9f-812c-8d214ea86167","MANIFEST_BOUND","hmail-perf-pair-service-20260901","06EFCBA9520D478A6DAC7ABB7F09F3B63D015A0CD5ECA1EB4D0FD2CC8C38F9FD","cpp","hmail_perf_pair_cpp_20260831_head3","C:\hmail-perf-pair-service-20260901\cpp\Data","B3DF9E8BBF4BEDB1102C94DF7C86356E1FEABCBC02A18E8EABEB1EA1453D09B8",,,"one TCP client and one sequential IMAP session per sample","0","PASS","45FA907CE0D3797C1E13EBB2F03F076A25656CCE27E801C18F745ACD3944FBBD","5136EEC556F9790732AE759EF52F77FE6172329EA55787A80300C4A824107E46","1","240","True","False","6226.651",,"True","1000","True","True","1000","True"
"c4450db8-b5fb-4a9f-812c-8d214ea86167","MANIFEST_BOUND","hmail-perf-pair-service-20260901","06EFCBA9520D478A6DAC7ABB7F09F3B63D015A0CD5ECA1EB4D0FD2CC8C38F9FD","cpp","hmail_perf_pair_cpp_20260831_head3","C:\hmail-perf-pair-service-20260901\cpp\Data","B3DF9E8BBF4BEDB1102C94DF7C86356E1FEABCBC02A18E8EABEB1EA1453D09B8",,,"one TCP client and one sequential IMAP session per sample","0","PASS","45FA907CE0D3797C1E13EBB2F03F076A25656CCE27E801C18F745ACD3944FBBD","5136EEC556F9790732AE759EF52F77FE6172329EA55787A80300C4A824107E46","1","241","True","False","6977.737",,"True","1000","True","True","1000","True"
"c4450db8-b5fb-4a9f-812c-8d214ea86167","MANIFEST_BOUND","hmail-perf-pair-service-20260901","06EFCBA9520D478A6DAC7ABB7F09F3B63D015A0CD5ECA1EB4D0FD2CC8C38F9FD","cpp","hmail_perf_pair_cpp_20260831_head3","C:\hmail-perf-pair-service-20260901\cpp\Data","B3DF9E8BBF4BEDB1102C94DF7C86356E1FEABCBC02A18E8EABEB1EA1453D09B8",,,"one TCP client and one sequential IMAP session per sample","0","PASS","45FA907CE0D3797C1E13EBB2F03F076A25656CCE27E801C18F745ACD3944FBBD","5136EEC556F9790732AE759EF52F77FE6172329EA55787A80300C4A824107E46","1","242","True","False","7046.101",,"True","1000","True","True","1000","True"
"c4450db8-b5fb-4a9f-812c-8d214ea86167","MANIFEST_BOUND","hmail-perf-pair-service-20260901","06EFCBA9520D478A6DAC7ABB7F09F3B63D015A0CD5ECA1EB4D0FD2CC8C38F9FD","cpp","hmail_perf_pair_cpp_20260831_head3","C:\hmail-perf-pair-service-20260901\cpp\Data","B3DF9E8BBF4BEDB1102C94DF7C86356E1FEABCBC02A18E8EABEB1EA1453D09B8",,,"one TCP client and one sequential IMAP session per sample","0","PASS","45FA907CE0D3797C1E13EBB2F03F076A25656CCE27E801C18F745ACD3944FBBD","5136EEC556F9790732AE759EF52F77FE6172329EA55787A80300C4A824107E46","1","243","True","False","6238.909",,"True","1000","True","True","1000","True"
"c4450db8-b5fb-4a9f-812c-8d214ea86167","MANIFEST_BOUND","hmail-perf-pair-service-20260901","06EFCBA9520D478A6DAC7ABB7F09F3B63D015A0CD5ECA1EB4D0FD2CC8C38F9FD","cpp","hmail_perf_pair_cpp_20260831_head3","C:\hmail-perf-pair-service-20260901\cpp\Data","B3DF9E8BBF4BEDB1102C94DF7C86356E1FEABCBC02A18E8EABEB1EA1453D09B8",,,"one TCP client and one sequential IMAP session per sample","0","PASS","45FA907CE0D3797C1E13EBB2F03F076A25656CCE27E801C18F745ACD3944FBBD","5136EEC556F9790732AE759EF52F77FE6172329EA55787A80300C4A824107E46","1","244","True","False","6856.091",,"True","1000","True","True","1000","True"
"c4450db8-b5fb-4a9f-812c-8d214ea86167","MANIFEST_BOUND","hmail-perf-pair-service-20260901","06EFCBA9520D478A6DAC7ABB7F09F3B63D015A0CD5ECA1EB4D0FD2CC8C38F9FD","cpp","hmail_perf_pair_cpp_20260831_head3","C:\hmail-perf-pair-service-20260901\cpp\Data","B3DF9E8BBF4BEDB1102C94DF7C86356E1FEABCBC02A18E8EABEB1EA1453D09B8",,,"one TCP client and one sequential IMAP session per sample","0","PASS","45FA907CE0D3797C1E13EBB2F03F076A25656CCE27E801C18F745ACD3944FBBD","5136EEC556F9790732AE759EF52F77FE6172329EA55787A80300C4A824107E46","1","245","True","False","7184.703",,"True","1000","True","True","1000","True"
"c4450db8-b5fb-4a9f-812c-8d214ea86167","MANIFEST_BOUND","hmail-perf-pair-service-20260901","06EFCBA9520D478A6DAC7ABB7F09F3B63D015A0CD5ECA1EB4D0FD2CC8C38F9FD","cpp","hmail_perf_pair_cpp_20260831_head3","C:\hmail-perf-pair-service-20260901\cpp\Data","B3DF9E8BBF4BEDB1102C94DF7C86356E1FEABCBC02A18E8EABEB1EA1453D09B8",,,"one TCP client and one sequential IMAP session per sample","0","PASS","45FA907CE0D3797C1E13EBB2F03F076A25656CCE27E801C18F745ACD3944FBBD","5136EEC556F9790732AE759EF52F77FE6172329EA55787A80300C4A824107E46","1","246","True","False","6808.674",,"True","1000","True","True","1000","True"
"c4450db8-b5fb-4a9f-812c-8d214ea86167","MANIFEST_BOUND","hmail-perf-pair-service-20260901","06EFCBA9520D478A6DAC7ABB7F09F3B63D015A0CD5ECA1EB4D0FD2CC8C38F9FD","cpp","hmail_perf_pair_cpp_20260831_head3","C:\hmail-perf-pair-service-20260901\cpp\Data","B3DF9E8BBF4BEDB1102C94DF7C86356E1FEABCBC02A18E8EABEB1EA1453D09B8",,,"one TCP client and one sequential IMAP session per sample","0","PASS","45FA907CE0D3797C1E13EBB2F03F076A25656CCE27E801C18F745ACD3944FBBD","5136EEC556F9790732AE759EF52F77FE6172329EA55787A80300C4A824107E46","1","247","True","False","6136.193",,"True","1000","True","True","1000","True"
"c4450db8-b5fb-4a9f-812c-8d214ea86167","MANIFEST_BOUND","hmail-perf-pair-service-20260901","06EFCBA9520D478A6DAC7ABB7F09F3B63D015A0CD5ECA1EB4D0FD2CC8C38F9FD","cpp","hmail_perf_pair_cpp_20260831_head3","C:\hmail-perf-pair-service-20260901\cpp\Data","B3DF9E8BBF4BEDB1102C94DF7C86356E1FEABCBC02A18E8EABEB1EA1453D09B8",,,"one TCP client and one sequential IMAP session per sample","0","PASS","45FA907CE0D3797C1E13EBB2F03F076A25656CCE27E801C18F745ACD3944FBBD","5136EEC556F9790732AE759EF52F77FE6172329EA55787A80300C4A824107E46","1","248","True","False","7199.011",,"True","1000","True","True","1000","True"
"c4450db8-b5fb-4a9f-812c-8d214ea86167","MANIFEST_BOUND","hmail-perf-pair-service-20260901","06EFCBA9520D478A6DAC7ABB7F09F3B63D015A0CD5ECA1EB4D0FD2CC8C38F9FD","cpp","hmail_perf_pair_cpp_20260831_head3","C:\hmail-perf-pair-service-20260901\cpp\Data","B3DF9E8BBF4BEDB1102C94DF7C86356E1FEABCBC02A18E8EABEB1EA1453D09B8",,,"one TCP client and one sequential IMAP session per sample","0","PASS","45FA907CE0D3797C1E13EBB2F03F076A25656CCE27E801C18F745ACD3944FBBD","5136EEC556F9790732AE759EF52F77FE6172329EA55787A80300C4A824107E46","1","249","True","False","6138.881",,"True","1000","True","True","1000","True"
"c4450db8-b5fb-4a9f-812c-8d214ea86167","MANIFEST_BOUND","hmail-perf-pair-service-20260901","06EFCBA9520D478A6DAC7ABB7F09F3B63D015A0CD5ECA1EB4D0FD2CC8C38F9FD","cpp","hmail_perf_pair_cpp_20260831_head3","C:\hmail-perf-pair-service-20260901\cpp\Data","B3DF9E8BBF4BEDB1102C94DF7C86356E1FEABCBC02A18E8EABEB1EA1453D09B8",,,"one TCP client and one sequential IMAP session per sample","0","PASS","45FA907CE0D3797C1E13EBB2F03F076A25656CCE27E801C18F745ACD3944FBBD","5136EEC556F9790732AE759EF52F77FE6172329EA55787A80300C4A824107E46","1","250","True","False","7017.84",,"True","1000","True","True","1000","True"
"c4450db8-b5fb-4a9f-812c-8d214ea86167","MANIFEST_BOUND","hmail-perf-pair-service-20260901","06EFCBA9520D478A6DAC7ABB7F09F3B63D015A0CD5ECA1EB4D0FD2CC8C38F9FD","cpp","hmail_perf_pair_cpp_20260831_head3","C:\hmail-perf-pair-service-20260901\cpp\Data","B3DF9E8BBF4BEDB1102C94DF7C86356E1FEABCBC02A18E8EABEB1EA1453D09B8",,,"one TCP client and one sequential IMAP session per sample","0","PASS","45FA907CE0D3797C1E13EBB2F03F076A25656CCE27E801C18F745ACD3944FBBD","5136EEC556F9790732AE759EF52F77FE6172329EA55787A80300C4A824107E46","1","251","True","False","7176.944",,"True","1000","True","True","1000","True"
"c4450db8-b5fb-4a9f-812c-8d214ea86167","MANIFEST_BOUND","hmail-perf-pair-service-20260901","06EFCBA9520D478A6DAC7ABB7F09F3B63D015A0CD5ECA1EB4D0FD2CC8C38F9FD","cpp","hmail_perf_pair_cpp_20260831_head3","C:\hmail-perf-pair-service-20260901\cpp\Data","B3DF9E8BBF4BEDB1102C94DF7C86356E1FEABCBC02A18E8EABEB1EA1453D09B8",,,"one TCP client and one sequential IMAP session per sample","0","PASS","45FA907CE0D3797C1E13EBB2F03F076A25656CCE27E801C18F745ACD3944FBBD","5136EEC556F9790732AE759EF52F77FE6172329EA55787A80300C4A824107E46","1","252","True","False","7552.702",,"True","1000","True","True","1000","True"
"c4450db8-b5fb-4a9f-812c-8d214ea86167","MANIFEST_BOUND","hmail-perf-pair-service-20260901","06EFCBA9520D478A6DAC7ABB7F09F3B63D015A0CD5ECA1EB4D0FD2CC8C38F9FD","cpp","hmail_perf_pair_cpp_20260831_head3","C:\hmail-perf-pair-service-20260901\cpp\Data","B3DF9E8BBF4BEDB1102C94DF7C86356E1FEABCBC02A18E8EABEB1EA1453D09B8",,,"one TCP client and one sequential IMAP session per sample","0","PASS","45FA907CE0D3797C1E13EBB2F03F076A25656CCE27E801C18F745ACD3944FBBD","5136EEC556F9790732AE759EF52F77FE6172329EA55787A80300C4A824107E46","1","253","True","False","6767.8",,"True","1000","True","True","1000","True"
"c4450db8-b5fb-4a9f-812c-8d214ea86167","MANIFEST_BOUND","hmail-perf-pair-service-20260901","06EFCBA9520D478A6DAC7ABB7F09F3B63D015A0CD5ECA1EB4D0FD2CC8C38F9FD","cpp","hmail_perf_pair_cpp_20260831_head3","C:\hmail-perf-pair-service-20260901\cpp\Data","B3DF9E8BBF4BEDB1102C94DF7C86356E1FEABCBC02A18E8EABEB1EA1453D09B8",,,"one TCP client and one sequential IMAP session per sample","0","PASS","45FA907CE0D3797C1E13EBB2F03F076A25656CCE27E801C18F745ACD3944FBBD","5136EEC556F9790732AE759EF52F77FE6172329EA55787A80300C4A824107E46","1","254","True","False","7550.28",,"True","1000","True","True","1000","True"
"c4450db8-b5fb-4a9f-812c-8d214ea86167","MANIFEST_BOUND","hmail-perf-pair-service-20260901","06EFCBA9520D478A6DAC7ABB7F09F3B63D015A0CD5ECA1EB4D0FD2CC8C38F9FD","cpp","hmail_perf_pair_cpp_20260831_head3","C:\hmail-perf-pair-service-20260901\cpp\Data","B3DF9E8BBF4BEDB1102C94DF7C86356E1FEABCBC02A18E8EABEB1EA1453D09B8",,,"one TCP client and one sequential IMAP session per sample","0","PASS","45FA907CE0D3797C1E13EBB2F03F076A25656CCE27E801C18F745ACD3944FBBD","5136EEC556F9790732AE759EF52F77FE6172329EA55787A80300C4A824107E46","1","255","True","False","7613.36",,"True","1000","True","True","1000","True"
"c4450db8-b5fb-4a9f-812c-8d214ea86167","MANIFEST_BOUND","hmail-perf-pair-service-20260901","06EFCBA9520D478A6DAC7ABB7F09F3B63D015A0CD5ECA1EB4D0FD2CC8C38F9FD","cpp","hmail_perf_pair_cpp_20260831_head3","C:\hmail-perf-pair-service-20260901\cpp\Data","B3DF9E8BBF4BEDB1102C94DF7C86356E1FEABCBC02A18E8EABEB1EA1453D09B8",,,"one TCP client and one sequential IMAP session per sample","0","PASS","45FA907CE0D3797C1E13EBB2F03F076A25656CCE27E801C18F745ACD3944FBBD","5136EEC556F9790732AE759EF52F77FE6172329EA55787A80300C4A824107E46","1","256","False","False","7064.898","Aktarma ba?lant?s?ndan veriler okunamad?: Ba?lan?lan uygun olarak belli bir s?re i?inde yan?t vermedi?inden veya kurulan
ba?lant? ba?lan?lan ana bilgisayar yan?t vermedi?inden bir ba?lant? kurulamad?.","False","0","False","False","0","False"
"c4450db8-b5fb-4a9f-812c-8d214ea86167","MANIFEST_BOUND","hmail-perf-pair-service-20260901","06EFCBA9520D478A6DAC7ABB7F09F3B63D015A0CD5ECA1EB4D0FD2CC8C38F9FD","cpp","hmail_perf_pair_cpp_20260831_head3","C:\hmail-perf-pair-service-20260901\cpp\Data","B3DF9E8BBF4BEDB1102C94DF7C86356E1FEABCBC02A18E8EABEB1EA1453D09B8",,,"one TCP client and one sequential IMAP session per sample","0","PASS","45FA907CE0D3797C1E13EBB2F03F076A25656CCE27E801C18F745ACD3944FBBD","5136EEC556F9790732AE759EF52F77FE6172329EA55787A80300C4A824107E46","1","257","True","False","7397.253",,"True","1000","True","True","1000","True"
"c4450db8-b5fb-4a9f-812c-8d214ea86167","MANIFEST_BOUND","hmail-perf-pair-service-20260901","06EFCBA9520D478A6DAC7ABB7F09F3B63D015A0CD5ECA1EB4D0FD2CC8C38F9FD","cpp","hmail_perf_pair_cpp_20260831_head3","C:\hmail-perf-pair-service-20260901\cpp\Data","B3DF9E8BBF4BEDB1102C94DF7C86356E1FEABCBC02A18E8EABEB1EA1453D09B8",,,"one TCP client and one sequential IMAP session per sample","0","PASS","45FA907CE0D3797C1E13EBB2F03F076A25656CCE27E801C18F745ACD3944FBBD","5136EEC556F9790732AE759EF52F77FE6172329EA55787A80300C4A824107E46","1","258","True","False","7571.313",,"True","1000","True","True","1000","True"
"c4450db8-b5fb-4a9f-812c-8d214ea86167","MANIFEST_BOUND","hmail-perf-pair-service-20260901","06EFCBA9520D478A6DAC7ABB7F09F3B63D015A0CD5ECA1EB4D0FD2CC8C38F9FD","cpp","hmail_perf_pair_cpp_20260831_head3","C:\hmail-perf-pair-service-20260901\cpp\Data","B3DF9E8BBF4BEDB1102C94DF7C86356E1FEABCBC02A18E8EABEB1EA1453D09B8",,,"one TCP client and one sequential IMAP session per sample","0","PASS","45FA907CE0D3797C1E13EBB2F03F076A25656CCE27E801C18F745ACD3944FBBD","5136EEC556F9790732AE759EF52F77FE6172329EA55787A80300C4A824107E46","1","259","True","False","7393.37",,"True","1000","True","True","1000","True"
"c4450db8-b5fb-4a9f-812c-8d214ea86167","MANIFEST_BOUND","hmail-perf-pair-service-20260901","06EFCBA9520D478A6DAC7ABB7F09F3B63D015A0CD5ECA1EB4D0FD2CC8C38F9FD","cpp","hmail_perf_pair_cpp_20260831_head3","C:\hmail-perf-pair-service-20260901\cpp\Data","B3DF9E8BBF4BEDB1102C94DF7C86356E1FEABCBC02A18E8EABEB1EA1453D09B8",,,"one TCP client and one sequential IMAP session per sample","0","PASS","45FA907CE0D3797C1E13EBB2F03F076A25656CCE27E801C18F745ACD3944FBBD","5136EEC556F9790732AE759EF52F77FE6172329EA55787A80300C4A824107E46","1","260","True","False","7533.34",,"True","1000","True","True","1000","True"
"c4450db8-b5fb-4a9f-812c-8d214ea86167","MANIFEST_BOUND","hmail-perf-pair-service-20260901","06EFCBA9520D478A6DAC7ABB7F09F3B63D015A0CD5ECA1EB4D0FD2CC8C38F9FD","cpp","hmail_perf_pair_cpp_20260831_head3","C:\hmail-perf-pair-service-20260901\cpp\Data","B3DF9E8BBF4BEDB1102C94DF7C86356E1FEABCBC02A18E8EABEB1EA1453D09B8",,,"one TCP client and one sequential IMAP session per sample","0","PASS","45FA907CE0D3797C1E13EBB2F03F076A25656CCE27E801C18F745ACD3944FBBD","5136EEC556F9790732AE759EF52F77FE6172329EA55787A80300C4A824107E46","1","261","True","False","6641.55",,"True","1000","True","True","1000","True"
"c4450db8-b5fb-4a9f-812c-8d214ea86167","MANIFEST_BOUND","hmail-perf-pair-service-20260901","06EFCBA9520D478A6DAC7ABB7F09F3B63D015A0CD5ECA1EB4D0FD2CC8C38F9FD","cpp","hmail_perf_pair_cpp_20260831_head3","C:\hmail-perf-pair-service-20260901\cpp\Data","B3DF9E8BBF4BEDB1102C94DF7C86356E1FEABCBC02A18E8EABEB1EA1453D09B8",,,"one TCP client and one sequential IMAP session per sample","0","PASS","45FA907CE0D3797C1E13EBB2F03F076A25656CCE27E801C18F745ACD3944FBBD","5136EEC556F9790732AE759EF52F77FE6172329EA55787A80300C4A824107E46","1","262","True","False","7401.617",,"True","1000","True","True","1000","True"
"c4450db8-b5fb-4a9f-812c-8d214ea86167","MANIFEST_BOUND","hmail-perf-pair-service-20260901","06EFCBA9520D478A6DAC7ABB7F09F3B63D015A0CD5ECA1EB4D0FD2CC8C38F9FD","cpp","hmail_perf_pair_cpp_20260831_head3","C:\hmail-perf-pair-service-20260901\cpp\Data","B3DF9E8BBF4BEDB1102C94DF7C86356E1FEABCBC02A18E8EABEB1EA1453D09B8",,,"one TCP client and one sequential IMAP session per sample","0","PASS","45FA907CE0D3797C1E13EBB2F03F076A25656CCE27E801C18F745ACD3944FBBD","5136EEC556F9790732AE759EF52F77FE6172329EA55787A80300C4A824107E46","1","263","True","False","7618.398",,"True","1000","True","True","1000","True"
"c4450db8-b5fb-4a9f-812c-8d214ea86167","MANIFEST_BOUND","hmail-perf-pair-service-20260901","06EFCBA9520D478A6DAC7ABB7F09F3B63D015A0CD5ECA1EB4D0FD2CC8C38F9FD","cpp","hmail_perf_pair_cpp_20260831_head3","C:\hmail-perf-pair-service-20260901\cpp\Data","B3DF9E8BBF4BEDB1102C94DF7C86356E1FEABCBC02A18E8EABEB1EA1453D09B8",,,"one TCP client and one sequential IMAP session per sample","0","PASS","45FA907CE0D3797C1E13EBB2F03F076A25656CCE27E801C18F745ACD3944FBBD","5136EEC556F9790732AE759EF52F77FE6172329EA55787A80300C4A824107E46","1","264","True","False","6848.04",,"True","1000","True","True","1000","True"
"c4450db8-b5fb-4a9f-812c-8d214ea86167","MANIFEST_BOUND","hmail-perf-pair-service-20260901","06EFCBA9520D478A6DAC7ABB7F09F3B63D015A0CD5ECA1EB4D0FD2CC8C38F9FD","cpp","hmail_perf_pair_cpp_20260831_head3","C:\hmail-perf-pair-service-20260901\cpp\Data","B3DF9E8BBF4BEDB1102C94DF7C86356E1FEABCBC02A18E8EABEB1EA1453D09B8",,,"one TCP client and one sequential IMAP session per sample","0","PASS","45FA907CE0D3797C1E13EBB2F03F076A25656CCE27E801C18F745ACD3944FBBD","5136EEC556F9790732AE759EF52F77FE6172329EA55787A80300C4A824107E46","1","265","True","False","7042.729",,"True","1000","True","True","1000","True"
"c4450db8-b5fb-4a9f-812c-8d214ea86167","MANIFEST_BOUND","hmail-perf-pair-service-20260901","06EFCBA9520D478A6DAC7ABB7F09F3B63D015A0CD5ECA1EB4D0FD2CC8C38F9FD","cpp","hmail_perf_pair_cpp_20260831_head3","C:\hmail-perf-pair-service-20260901\cpp\Data","B3DF9E8BBF4BEDB1102C94DF7C86356E1FEABCBC02A18E8EABEB1EA1453D09B8",,,"one TCP client and one sequential IMAP session per sample","0","PASS","45FA907CE0D3797C1E13EBB2F03F076A25656CCE27E801C18F745ACD3944FBBD","5136EEC556F9790732AE759EF52F77FE6172329EA55787A80300C4A824107E46","1","266","True","False","7530",,"True","1000","True","True","1000","True"
"c4450db8-b5fb-4a9f-812c-8d214ea86167","MANIFEST_BOUND","hmail-perf-pair-service-20260901","06EFCBA9520D478A6DAC7ABB7F09F3B63D015A0CD5ECA1EB4D0FD2CC8C38F9FD","cpp","hmail_perf_pair_cpp_20260831_head3","C:\hmail-perf-pair-service-20260901\cpp\Data","B3DF9E8BBF4BEDB1102C94DF7C86356E1FEABCBC02A18E8EABEB1EA1453D09B8",,,"one TCP client and one sequential IMAP session per sample","0","PASS","45FA907CE0D3797C1E13EBB2F03F076A25656CCE27E801C18F745ACD3944FBBD","5136EEC556F9790732AE759EF52F77FE6172329EA55787A80300C4A824107E46","1","267","True","False","7564.735",,"True","1000","True","True","1000","True"
"c4450db8-b5fb-4a9f-812c-8d214ea86167","MANIFEST_BOUND","hmail-perf-pair-service-20260901","06EFCBA9520D478A6DAC7ABB7F09F3B63D015A0CD5ECA1EB4D0FD2CC8C38F9FD","cpp","hmail_perf_pair_cpp_20260831_head3","C:\hmail-perf-pair-service-20260901\cpp\Data","B3DF9E8BBF4BEDB1102C94DF7C86356E1FEABCBC02A18E8EABEB1EA1453D09B8",,,"one TCP client and one sequential IMAP session per sample","0","PASS","45FA907CE0D3797C1E13EBB2F03F076A25656CCE27E801C18F745ACD3944FBBD","5136EEC556F9790732AE759EF52F77FE6172329EA55787A80300C4A824107E46","1","268","False","False","7061.719","Aktarma ba?lant?s?ndan veriler okunamad?: Ba?lan?lan uygun olarak belli bir s?re i?inde yan?t vermedi?inden veya kurulan
ba?lant? ba?lan?lan ana bilgisayar yan?t vermedi?inden bir ba?lant? kurulamad?.","False","0","False","False","0","False"
"c4450db8-b5fb-4a9f-812c-8d214ea86167","MANIFEST_BOUND","hmail-perf-pair-service-20260901","06EFCBA9520D478A6DAC7ABB7F09F3B63D015A0CD5ECA1EB4D0FD2CC8C38F9FD","cpp","hmail_perf_pair_cpp_20260831_head3","C:\hmail-perf-pair-service-20260901\cpp\Data","B3DF9E8BBF4BEDB1102C94DF7C86356E1FEABCBC02A18E8EABEB1EA1453D09B8",,,"one TCP client and one sequential IMAP session per sample","0","PASS","45FA907CE0D3797C1E13EBB2F03F076A25656CCE27E801C18F745ACD3944FBBD","5136EEC556F9790732AE759EF52F77FE6172329EA55787A80300C4A824107E46","1","269","True","False","7585.863",,"True","1000","True","True","1000","True"
"c4450db8-b5fb-4a9f-812c-8d214ea86167","MANIFEST_BOUND","hmail-perf-pair-service-20260901","06EFCBA9520D478A6DAC7ABB7F09F3B63D015A0CD5ECA1EB4D0FD2CC8C38F9FD","cpp","hmail_perf_pair_cpp_20260831_head3","C:\hmail-perf-pair-service-20260901\cpp\Data","B3DF9E8BBF4BEDB1102C94DF7C86356E1FEABCBC02A18E8EABEB1EA1453D09B8",,,"one TCP client and one sequential IMAP session per sample","0","PASS","45FA907CE0D3797C1E13EBB2F03F076A25656CCE27E801C18F745ACD3944FBBD","5136EEC556F9790732AE759EF52F77FE6172329EA55787A80300C4A824107E46","1","270","True","False","7267.303",,"True","1000","True","True","1000","True"
"c4450db8-b5fb-4a9f-812c-8d214ea86167","MANIFEST_BOUND","hmail-perf-pair-service-20260901","06EFCBA9520D478A6DAC7ABB7F09F3B63D015A0CD5ECA1EB4D0FD2CC8C38F9FD","cpp","hmail_perf_pair_cpp_20260831_head3","C:\hmail-perf-pair-service-20260901\cpp\Data","B3DF9E8BBF4BEDB1102C94DF7C86356E1FEABCBC02A18E8EABEB1EA1453D09B8",,,"one TCP client and one sequential IMAP session per sample","0","PASS","45FA907CE0D3797C1E13EBB2F03F076A25656CCE27E801C18F745ACD3944FBBD","5136EEC556F9790732AE759EF52F77FE6172329EA55787A80300C4A824107E46","1","271","True","False","7348.39",,"True","1000","True","True","1000","True"
"c4450db8-b5fb-4a9f-812c-8d214ea86167","MANIFEST_BOUND","hmail-perf-pair-service-20260901","06EFCBA9520D478A6DAC7ABB7F09F3B63D015A0CD5ECA1EB4D0FD2CC8C38F9FD","cpp","hmail_perf_pair_cpp_20260831_head3","C:\hmail-perf-pair-service-20260901\cpp\Data","B3DF9E8BBF4BEDB1102C94DF7C86356E1FEABCBC02A18E8EABEB1EA1453D09B8",,,"one TCP client and one sequential IMAP session per sample","0","PASS","45FA907CE0D3797C1E13EBB2F03F076A25656CCE27E801C18F745ACD3944FBBD","5136EEC556F9790732AE759EF52F77FE6172329EA55787A80300C4A824107E46","1","272","True","False","7557.587",,"True","1000","True","True","1000","True"
"c4450db8-b5fb-4a9f-812c-8d214ea86167","MANIFEST_BOUND","hmail-perf-pair-service-20260901","06EFCBA9520D478A6DAC7ABB7F09F3B63D015A0CD5ECA1EB4D0FD2CC8C38F9FD","cpp","hmail_perf_pair_cpp_20260831_head3","C:\hmail-perf-pair-service-20260901\cpp\Data","B3DF9E8BBF4BEDB1102C94DF7C86356E1FEABCBC02A18E8EABEB1EA1453D09B8",,,"one TCP client and one sequential IMAP session per sample","0","PASS","45FA907CE0D3797C1E13EBB2F03F076A25656CCE27E801C18F745ACD3944FBBD","5136EEC556F9790732AE759EF52F77FE6172329EA55787A80300C4A824107E46","1","273","True","False","7363.561",,"True","1000","True","True","1000","True"
"c4450db8-b5fb-4a9f-812c-8d214ea86167","MANIFEST_BOUND","hmail-perf-pair-service-20260901","06EFCBA9520D478A6DAC7ABB7F09F3B63D015A0CD5ECA1EB4D0FD2CC8C38F9FD","cpp","hmail_perf_pair_cpp_20260831_head3","C:\hmail-perf-pair-service-20260901\cpp\Data","B3DF9E8BBF4BEDB1102C94DF7C86356E1FEABCBC02A18E8EABEB1EA1453D09B8",,,"one TCP client and one sequential IMAP session per sample","0","PASS","45FA907CE0D3797C1E13EBB2F03F076A25656CCE27E801C18F745ACD3944FBBD","5136EEC556F9790732AE759EF52F77FE6172329EA55787A80300C4A824107E46","1","274","True","False","7440.577",,"True","1000","True","True","1000","True"
"c4450db8-b5fb-4a9f-812c-8d214ea86167","MANIFEST_BOUND","hmail-perf-pair-service-20260901","06EFCBA9520D478A6DAC7ABB7F09F3B63D015A0CD5ECA1EB4D0FD2CC8C38F9FD","cpp","hmail_perf_pair_cpp_20260831_head3","C:\hmail-perf-pair-service-20260901\cpp\Data","B3DF9E8BBF4BEDB1102C94DF7C86356E1FEABCBC02A18E8EABEB1EA1453D09B8",,,"one TCP client and one sequential IMAP session per sample","0","PASS","45FA907CE0D3797C1E13EBB2F03F076A25656CCE27E801C18F745ACD3944FBBD","5136EEC556F9790732AE759EF52F77FE6172329EA55787A80300C4A824107E46","1","275","False","False","7061.634","Aktarma ba?lant?s?ndan veriler okunamad?: Ba?lan?lan uygun olarak belli bir s?re i?inde yan?t vermedi?inden veya kurulan
ba?lant? ba?lan?lan ana bilgisayar yan?t vermedi?inden bir ba?lant? kurulamad?.","False","0","False","False","0","False"
"c4450db8-b5fb-4a9f-812c-8d214ea86167","MANIFEST_BOUND","hmail-perf-pair-service-20260901","06EFCBA9520D478A6DAC7ABB7F09F3B63D015A0CD5ECA1EB4D0FD2CC8C38F9FD","cpp","hmail_perf_pair_cpp_20260831_head3","C:\hmail-perf-pair-service-20260901\cpp\Data","B3DF9E8BBF4BEDB1102C94DF7C86356E1FEABCBC02A18E8EABEB1EA1453D09B8",,,"one TCP client and one sequential IMAP session per sample","0","PASS","45FA907CE0D3797C1E13EBB2F03F076A25656CCE27E801C18F745ACD3944FBBD","5136EEC556F9790732AE759EF52F77FE6172329EA55787A80300C4A824107E46","1","276","False","False","7063.681","Aktarma ba?lant?s?ndan veriler okunamad?: Ba?lan?lan uygun olarak belli bir s?re i?inde yan?t vermedi?inden veya kurulan
ba?lant? ba?lan?lan ana bilgisayar yan?t vermedi?inden bir ba?lant? kurulamad?.","False","0","False","False","0","False"
"c4450db8-b5fb-4a9f-812c-8d214ea86167","MANIFEST_BOUND","hmail-perf-pair-service-20260901","06EFCBA9520D478A6DAC7ABB7F09F3B63D015A0CD5ECA1EB4D0FD2CC8C38F9FD","cpp","hmail_perf_pair_cpp_20260831_head3","C:\hmail-perf-pair-service-20260901\cpp\Data","B3DF9E8BBF4BEDB1102C94DF7C86356E1FEABCBC02A18E8EABEB1EA1453D09B8",,,"one TCP client and one sequential IMAP session per sample","0","PASS","45FA907CE0D3797C1E13EBB2F03F076A25656CCE27E801C18F745ACD3944FBBD","5136EEC556F9790732AE759EF52F77FE6172329EA55787A80300C4A824107E46","1","277","False","False","7064.351","Aktarma ba?lant?s?ndan veriler okunamad?: Ba?lan?lan uygun olarak belli bir s?re i?inde yan?t vermedi?inden veya kurulan
ba?lant? ba?lan?lan ana bilgisayar yan?t vermedi?inden bir ba?lant? kurulamad?.","False","0","False","False","0","False"
"c4450db8-b5fb-4a9f-812c-8d214ea86167","MANIFEST_BOUND","hmail-perf-pair-service-20260901","06EFCBA9520D478A6DAC7ABB7F09F3B63D015A0CD5ECA1EB4D0FD2CC8C38F9FD","cpp","hmail_perf_pair_cpp_20260831_head3","C:\hmail-perf-pair-service-20260901\cpp\Data","B3DF9E8BBF4BEDB1102C94DF7C86356E1FEABCBC02A18E8EABEB1EA1453D09B8",,,"one TCP client and one sequential IMAP session per sample","0","PASS","45FA907CE0D3797C1E13EBB2F03F076A25656CCE27E801C18F745ACD3944FBBD","5136EEC556F9790732AE759EF52F77FE6172329EA55787A80300C4A824107E46","1","278","False","False","7067.409","Aktarma ba?lant?s?ndan veriler okunamad?: Ba?lan?lan uygun olarak belli bir s?re i?inde yan?t vermedi?inden veya kurulan
ba?lant? ba?lan?lan ana bilgisayar yan?t vermedi?inden bir ba?lant? kurulamad?.","False","0","False","False","0","False"
"c4450db8-b5fb-4a9f-812c-8d214ea86167","MANIFEST_BOUND","hmail-perf-pair-service-20260901","06EFCBA9520D478A6DAC7ABB7F09F3B63D015A0CD5ECA1EB4D0FD2CC8C38F9FD","cpp","hmail_perf_pair_cpp_20260831_head3","C:\hmail-perf-pair-service-20260901\cpp\Data","B3DF9E8BBF4BEDB1102C94DF7C86356E1FEABCBC02A18E8EABEB1EA1453D09B8",,,"one TCP client and one sequential IMAP session per sample","0","PASS","45FA907CE0D3797C1E13EBB2F03F076A25656CCE27E801C18F745ACD3944FBBD","5136EEC556F9790732AE759EF52F77FE6172329EA55787A80300C4A824107E46","1","279","False","False","7067.339","Aktarma ba?lant?s?ndan veriler okunamad?: Ba?lan?lan uygun olarak belli bir s?re i?inde yan?t vermedi?inden veya kurulan
ba?lant? ba?lan?lan ana bilgisayar yan?t vermedi?inden bir ba?lant? kurulamad?.","False","0","False","False","0","False"
"c4450db8-b5fb-4a9f-812c-8d214ea86167","MANIFEST_BOUND","hmail-perf-pair-service-20260901","06EFCBA9520D478A6DAC7ABB7F09F3B63D015A0CD5ECA1EB4D0FD2CC8C38F9FD","cpp","hmail_perf_pair_cpp_20260831_head3","C:\hmail-perf-pair-service-20260901\cpp\Data","B3DF9E8BBF4BEDB1102C94DF7C86356E1FEABCBC02A18E8EABEB1EA1453D09B8",,,"one TCP client and one sequential IMAP session per sample","0","PASS","45FA907CE0D3797C1E13EBB2F03F076A25656CCE27E801C18F745ACD3944FBBD","5136EEC556F9790732AE759EF52F77FE6172329EA55787A80300C4A824107E46","1","280","False","False","7064.022","Aktarma ba?lant?s?ndan veriler okunamad?: Ba?lan?lan uygun olarak belli bir s?re i?inde yan?t vermedi?inden veya kurulan
ba?lant? ba?lan?lan ana bilgisayar yan?t vermedi?inden bir ba?lant? kurulamad?.","False","0","False","False","0","False"
"c4450db8-b5fb-4a9f-812c-8d214ea86167","MANIFEST_BOUND","hmail-perf-pair-service-20260901","06EFCBA9520D478A6DAC7ABB7F09F3B63D015A0CD5ECA1EB4D0FD2CC8C38F9FD","cpp","hmail_perf_pair_cpp_20260831_head3","C:\hmail-perf-pair-service-20260901\cpp\Data","B3DF9E8BBF4BEDB1102C94DF7C86356E1FEABCBC02A18E8EABEB1EA1453D09B8",,,"one TCP client and one sequential IMAP session per sample","0","PASS","45FA907CE0D3797C1E13EBB2F03F076A25656CCE27E801C18F745ACD3944FBBD","5136EEC556F9790732AE759EF52F77FE6172329EA55787A80300C4A824107E46","1","281","True","False","7630.949",,"True","1000","True","True","1000","True"
"c4450db8-b5fb-4a9f-812c-8d214ea86167","MANIFEST_BOUND","hmail-perf-pair-service-20260901","06EFCBA9520D478A6DAC7ABB7F09F3B63D015A0CD5ECA1EB4D0FD2CC8C38F9FD","cpp","hmail_perf_pair_cpp_20260831_head3","C:\hmail-perf-pair-service-20260901\cpp\Data","B3DF9E8BBF4BEDB1102C94DF7C86356E1FEABCBC02A18E8EABEB1EA1453D09B8",,,"one TCP client and one sequential IMAP session per sample","0","PASS","45FA907CE0D3797C1E13EBB2F03F076A25656CCE27E801C18F745ACD3944FBBD","5136EEC556F9790732AE759EF52F77FE6172329EA55787A80300C4A824107E46","1","282","True","False","7620.383",,"True","1000","True","True","1000","True"
"c4450db8-b5fb-4a9f-812c-8d214ea86167","MANIFEST_BOUND","hmail-perf-pair-service-20260901","06EFCBA9520D478A6DAC7ABB7F09F3B63D015A0CD5ECA1EB4D0FD2CC8C38F9FD","cpp","hmail_perf_pair_cpp_20260831_head3","C:\hmail-perf-pair-service-20260901\cpp\Data","B3DF9E8BBF4BEDB1102C94DF7C86356E1FEABCBC02A18E8EABEB1EA1453D09B8",,,"one TCP client and one sequential IMAP session per sample","0","PASS","45FA907CE0D3797C1E13EBB2F03F076A25656CCE27E801C18F745ACD3944FBBD","5136EEC556F9790732AE759EF52F77FE6172329EA55787A80300C4A824107E46","1","283","False","False","7071.354","Aktarma ba?lant?s?ndan veriler okunamad?: Ba?lan?lan uygun olarak belli bir s?re i?inde yan?t vermedi?inden veya kurulan
ba?lant? ba?lan?lan ana bilgisayar yan?t vermedi?inden bir ba?lant? kurulamad?.","False","0","False","False","0","False"
"c4450db8-b5fb-4a9f-812c-8d214ea86167","MANIFEST_BOUND","hmail-perf-pair-service-20260901","06EFCBA9520D478A6DAC7ABB7F09F3B63D015A0CD5ECA1EB4D0FD2CC8C38F9FD","cpp","hmail_perf_pair_cpp_20260831_head3","C:\hmail-perf-pair-service-20260901\cpp\Data","B3DF9E8BBF4BEDB1102C94DF7C86356E1FEABCBC02A18E8EABEB1EA1453D09B8",,,"one TCP client and one sequential IMAP session per sample","0","PASS","45FA907CE0D3797C1E13EBB2F03F076A25656CCE27E801C18F745ACD3944FBBD","5136EEC556F9790732AE759EF52F77FE6172329EA55787A80300C4A824107E46","1","284","False","False","7062.287","Aktarma ba?lant?s?ndan veriler okunamad?: Ba?lan?lan uygun olarak belli bir s?re i?inde yan?t vermedi?inden veya kurulan
ba?lant? ba?lan?lan ana bilgisayar yan?t vermedi?inden bir ba?lant? kurulamad?.","False","0","False","False","0","False"
"c4450db8-b5fb-4a9f-812c-8d214ea86167","MANIFEST_BOUND","hmail-perf-pair-service-20260901","06EFCBA9520D478A6DAC7ABB7F09F3B63D015A0CD5ECA1EB4D0FD2CC8C38F9FD","cpp","hmail_perf_pair_cpp_20260831_head3","C:\hmail-perf-pair-service-20260901\cpp\Data","B3DF9E8BBF4BEDB1102C94DF7C86356E1FEABCBC02A18E8EABEB1EA1453D09B8",,,"one TCP client and one sequential IMAP session per sample","0","PASS","45FA907CE0D3797C1E13EBB2F03F076A25656CCE27E801C18F745ACD3944FBBD","5136EEC556F9790732AE759EF52F77FE6172329EA55787A80300C4A824107E46","1","285","False","False","7064.583","Aktarma ba?lant?s?ndan veriler okunamad?: Ba?lan?lan uygun olarak belli bir s?re i?inde yan?t vermedi?inden veya kurulan
ba?lant? ba?lan?lan ana bilgisayar yan?t vermedi?inden bir ba?lant? kurulamad?.","False","0","False","False","0","False"
"c4450db8-b5fb-4a9f-812c-8d214ea86167","MANIFEST_BOUND","hmail-perf-pair-service-20260901","06EFCBA9520D478A6DAC7ABB7F09F3B63D015A0CD5ECA1EB4D0FD2CC8C38F9FD","cpp","hmail_perf_pair_cpp_20260831_head3","C:\hmail-perf-pair-service-20260901\cpp\Data","B3DF9E8BBF4BEDB1102C94DF7C86356E1FEABCBC02A18E8EABEB1EA1453D09B8",,,"one TCP client and one sequential IMAP session per sample","0","PASS","45FA907CE0D3797C1E13EBB2F03F076A25656CCE27E801C18F745ACD3944FBBD","5136EEC556F9790732AE759EF52F77FE6172329EA55787A80300C4A824107E46","1","286","False","False","7063.93","Aktarma ba?lant?s?ndan veriler okunamad?: Ba?lan?lan uygun olarak belli bir s?re i?inde yan?t vermedi?inden veya kurulan
ba?lant? ba?lan?lan ana bilgisayar yan?t vermedi?inden bir ba?lant? kurulamad?.","False","0","False","False","0","False"
"c4450db8-b5fb-4a9f-812c-8d214ea86167","MANIFEST_BOUND","hmail-perf-pair-service-20260901","06EFCBA9520D478A6DAC7ABB7F09F3B63D015A0CD5ECA1EB4D0FD2CC8C38F9FD","cpp","hmail_perf_pair_cpp_20260831_head3","C:\hmail-perf-pair-service-20260901\cpp\Data","B3DF9E8BBF4BEDB1102C94DF7C86356E1FEABCBC02A18E8EABEB1EA1453D09B8",,,"one TCP client and one sequential IMAP session per sample","0","PASS","45FA907CE0D3797C1E13EBB2F03F076A25656CCE27E801C18F745ACD3944FBBD","5136EEC556F9790732AE759EF52F77FE6172329EA55787A80300C4A824107E46","1","287","False","False","7063.775","Aktarma ba?lant?s?ndan veriler okunamad?: Ba?lan?lan uygun olarak belli bir s?re i?inde yan?t vermedi?inden veya kurulan
ba?lant? ba?lan?lan ana bilgisayar yan?t vermedi?inden bir ba?lant? kurulamad?.","False","0","False","False","0","False"
"c4450db8-b5fb-4a9f-812c-8d214ea86167","MANIFEST_BOUND","hmail-perf-pair-service-20260901","06EFCBA9520D478A6DAC7ABB7F09F3B63D015A0CD5ECA1EB4D0FD2CC8C38F9FD","cpp","hmail_perf_pair_cpp_20260831_head3","C:\hmail-perf-pair-service-20260901\cpp\Data","B3DF9E8BBF4BEDB1102C94DF7C86356E1FEABCBC02A18E8EABEB1EA1453D09B8",,,"one TCP client and one sequential IMAP session per sample","0","PASS","45FA907CE0D3797C1E13EBB2F03F076A25656CCE27E801C18F745ACD3944FBBD","5136EEC556F9790732AE759EF52F77FE6172329EA55787A80300C4A824107E46","1","288","False","False","7071.025","Aktarma ba?lant?s?ndan veriler okunamad?: Ba?lan?lan uygun olarak belli bir s?re i?inde yan?t vermedi?inden veya kurulan
ba?lant? ba?lan?lan ana bilgisayar yan?t vermedi?inden bir ba?lant? kurulamad?.","False","0","False","False","0","False"
"c4450db8-b5fb-4a9f-812c-8d214ea86167","MANIFEST_BOUND","hmail-perf-pair-service-20260901","06EFCBA9520D478A6DAC7ABB7F09F3B63D015A0CD5ECA1EB4D0FD2CC8C38F9FD","cpp","hmail_perf_pair_cpp_20260831_head3","C:\hmail-perf-pair-service-20260901\cpp\Data","B3DF9E8BBF4BEDB1102C94DF7C86356E1FEABCBC02A18E8EABEB1EA1453D09B8",,,"one TCP client and one sequential IMAP session per sample","0","PASS","45FA907CE0D3797C1E13EBB2F03F076A25656CCE27E801C18F745ACD3944FBBD","5136EEC556F9790732AE759EF52F77FE6172329EA55787A80300C4A824107E46","1","289","False","False","7071.122","Aktarma ba?lant?s?ndan veriler okunamad?: Ba?lan?lan uygun olarak belli bir s?re i?inde yan?t vermedi?inden veya kurulan
ba?lant? ba?lan?lan ana bilgisayar yan?t vermedi?inden bir ba?lant? kurulamad?.","False","0","False","False","0","False"
"c4450db8-b5fb-4a9f-812c-8d214ea86167","MANIFEST_BOUND","hmail-perf-pair-service-20260901","06EFCBA9520D478A6DAC7ABB7F09F3B63D015A0CD5ECA1EB4D0FD2CC8C38F9FD","cpp","hmail_perf_pair_cpp_20260831_head3","C:\hmail-perf-pair-service-20260901\cpp\Data","B3DF9E8BBF4BEDB1102C94DF7C86356E1FEABCBC02A18E8EABEB1EA1453D09B8",,,"one TCP client and one sequential IMAP session per sample","0","PASS","45FA907CE0D3797C1E13EBB2F03F076A25656CCE27E801C18F745ACD3944FBBD","5136EEC556F9790732AE759EF52F77FE6172329EA55787A80300C4A824107E46","1","290","False","False","7061.406","Aktarma ba?lant?s?ndan veriler okunamad?: Ba?lan?lan uygun olarak belli bir s?re i?inde yan?t vermedi?inden veya kurulan
ba?lant? ba?lan?lan ana bilgisayar yan?t vermedi?inden bir ba?lant? kurulamad?.","False","0","False","False","0","False"
"c4450db8-b5fb-4a9f-812c-8d214ea86167","MANIFEST_BOUND","hmail-perf-pair-service-20260901","06EFCBA9520D478A6DAC7ABB7F09F3B63D015A0CD5ECA1EB4D0FD2CC8C38F9FD","cpp","hmail_perf_pair_cpp_20260831_head3","C:\hmail-perf-pair-service-20260901\cpp\Data","B3DF9E8BBF4BEDB1102C94DF7C86356E1FEABCBC02A18E8EABEB1EA1453D09B8",,,"one TCP client and one sequential IMAP session per sample","0","PASS","45FA907CE0D3797C1E13EBB2F03F076A25656CCE27E801C18F745ACD3944FBBD","5136EEC556F9790732AE759EF52F77FE6172329EA55787A80300C4A824107E46","1","291","True","False","7621.441",,"True","1000","True","True","1000","True"
"c4450db8-b5fb-4a9f-812c-8d214ea86167","MANIFEST_BOUND","hmail-perf-pair-service-20260901","06EFCBA9520D478A6DAC7ABB7F09F3B63D015A0CD5ECA1EB4D0FD2CC8C38F9FD","cpp","hmail_perf_pair_cpp_20260831_head3","C:\hmail-perf-pair-service-20260901\cpp\Data","B3DF9E8BBF4BEDB1102C94DF7C86356E1FEABCBC02A18E8EABEB1EA1453D09B8",,,"one TCP client and one sequential IMAP session per sample","0","PASS","45FA907CE0D3797C1E13EBB2F03F076A25656CCE27E801C18F745ACD3944FBBD","5136EEC556F9790732AE759EF52F77FE6172329EA55787A80300C4A824107E46","1","292","False","False","7065.17","Aktarma ba?lant?s?ndan veriler okunamad?: Ba?lan?lan uygun olarak belli bir s?re i?inde yan?t vermedi?inden veya kurulan
ba?lant? ba?lan?lan ana bilgisayar yan?t vermedi?inden bir ba?lant? kurulamad?.","False","0","False","False","0","False"
"c4450db8-b5fb-4a9f-812c-8d214ea86167","MANIFEST_BOUND","hmail-perf-pair-service-20260901","06EFCBA9520D478A6DAC7ABB7F09F3B63D015A0CD5ECA1EB4D0FD2CC8C38F9FD","cpp","hmail_perf_pair_cpp_20260831_head3","C:\hmail-perf-pair-service-20260901\cpp\Data","B3DF9E8BBF4BEDB1102C94DF7C86356E1FEABCBC02A18E8EABEB1EA1453D09B8",,,"one TCP client and one sequential IMAP session per sample","0","PASS","45FA907CE0D3797C1E13EBB2F03F076A25656CCE27E801C18F745ACD3944FBBD","5136EEC556F9790732AE759EF52F77FE6172329EA55787A80300C4A824107E46","1","293","False","False","7063.778","Aktarma ba?lant?s?ndan veriler okunamad?: Ba?lan?lan uygun olarak belli bir s?re i?inde yan?t vermedi?inden veya kurulan
ba?lant? ba?lan?lan ana bilgisayar yan?t vermedi?inden bir ba?lant? kurulamad?.","False","0","False","False","0","False"
"c4450db8-b5fb-4a9f-812c-8d214ea86167","MANIFEST_BOUND","hmail-perf-pair-service-20260901","06EFCBA9520D478A6DAC7ABB7F09F3B63D015A0CD5ECA1EB4D0FD2CC8C38F9FD","cpp","hmail_perf_pair_cpp_20260831_head3","C:\hmail-perf-pair-service-20260901\cpp\Data","B3DF9E8BBF4BEDB1102C94DF7C86356E1FEABCBC02A18E8EABEB1EA1453D09B8",,,"one TCP client and one sequential IMAP session per sample","0","PASS","45FA907CE0D3797C1E13EBB2F03F076A25656CCE27E801C18F745ACD3944FBBD","5136EEC556F9790732AE759EF52F77FE6172329EA55787A80300C4A824107E46","1","294","False","False","7071.213","Aktarma ba?lant?s?ndan veriler okunamad?: Ba?lan?lan uygun olarak belli bir s?re i?inde yan?t vermedi?inden veya kurulan
ba?lant? ba?lan?lan ana bilgisayar yan?t vermedi?inden bir ba?lant? kurulamad?.","False","0","False","False","0","False"
"c4450db8-b5fb-4a9f-812c-8d214ea86167","MANIFEST_BOUND","hmail-perf-pair-service-20260901","06EFCBA9520D478A6DAC7ABB7F09F3B63D015A0CD5ECA1EB4D0FD2CC8C38F9FD","cpp","hmail_perf_pair_cpp_20260831_head3","C:\hmail-perf-pair-service-20260901\cpp\Data","B3DF9E8BBF4BEDB1102C94DF7C86356E1FEABCBC02A18E8EABEB1EA1453D09B8",,,"one TCP client and one sequential IMAP session per sample","0","PASS","45FA907CE0D3797C1E13EBB2F03F076A25656CCE27E801C18F745ACD3944FBBD","5136EEC556F9790732AE759EF52F77FE6172329EA55787A80300C4A824107E46","1","295","False","False","7061.638","Aktarma ba?lant?s?ndan veriler okunamad?: Ba?lan?lan uygun olarak belli bir s?re i?inde yan?t vermedi?inden veya kurulan
ba?lant? ba?lan?lan ana bilgisayar yan?t vermedi?inden bir ba?lant? kurulamad?.","False","0","False","False","0","False"
"c4450db8-b5fb-4a9f-812c-8d214ea86167","MANIFEST_BOUND","hmail-perf-pair-service-20260901","06EFCBA9520D478A6DAC7ABB7F09F3B63D015A0CD5ECA1EB4D0FD2CC8C38F9FD","cpp","hmail_perf_pair_cpp_20260831_head3","C:\hmail-perf-pair-service-20260901\cpp\Data","B3DF9E8BBF4BEDB1102C94DF7C86356E1FEABCBC02A18E8EABEB1EA1453D09B8",,,"one TCP client and one sequential IMAP session per sample","0","PASS","45FA907CE0D3797C1E13EBB2F03F076A25656CCE27E801C18F745ACD3944FBBD","5136EEC556F9790732AE759EF52F77FE6172329EA55787A80300C4A824107E46","1","296","False","False","7070.505","Aktarma ba?lant?s?ndan veriler okunamad?: Ba?lan?lan uygun olarak belli bir s?re i?inde yan?t vermedi?inden veya kurulan
ba?lant? ba?lan?lan ana bilgisayar yan?t vermedi?inden bir ba?lant? kurulamad?.","False","0","False","False","0","False"
"c4450db8-b5fb-4a9f-812c-8d214ea86167","MANIFEST_BOUND","hmail-perf-pair-service-20260901","06EFCBA9520D478A6DAC7ABB7F09F3B63D015A0CD5ECA1EB4D0FD2CC8C38F9FD","cpp","hmail_perf_pair_cpp_20260831_head3","C:\hmail-perf-pair-service-20260901\cpp\Data","B3DF9E8BBF4BEDB1102C94DF7C86356E1FEABCBC02A18E8EABEB1EA1453D09B8",,,"one TCP client and one sequential IMAP session per sample","0","PASS","45FA907CE0D3797C1E13EBB2F03F076A25656CCE27E801C18F745ACD3944FBBD","5136EEC556F9790732AE759EF52F77FE6172329EA55787A80300C4A824107E46","1","297","False","False","7063.666","Aktarma ba?lant?s?ndan veriler okunamad?: Ba?lan?lan uygun olarak belli bir s?re i?inde yan?t vermedi?inden veya kurulan
ba?lant? ba?lan?lan ana bilgisayar yan?t vermedi?inden bir ba?lant? kurulamad?.","False","0","False","False","0","False"
"c4450db8-b5fb-4a9f-812c-8d214ea86167","MANIFEST_BOUND","hmail-perf-pair-service-20260901","06EFCBA9520D478A6DAC7ABB7F09F3B63D015A0CD5ECA1EB4D0FD2CC8C38F9FD","cpp","hmail_perf_pair_cpp_20260831_head3","C:\hmail-perf-pair-service-20260901\cpp\Data","B3DF9E8BBF4BEDB1102C94DF7C86356E1FEABCBC02A18E8EABEB1EA1453D09B8",,,"one TCP client and one sequential IMAP session per sample","0","PASS","45FA907CE0D3797C1E13EBB2F03F076A25656CCE27E801C18F745ACD3944FBBD","5136EEC556F9790732AE759EF52F77FE6172329EA55787A80300C4A824107E46","1","298","False","False","7061.793","Aktarma ba?lant?s?ndan veriler okunamad?: Ba?lan?lan uygun olarak belli bir s?re i?inde yan?t vermedi?inden veya kurulan
ba?lant? ba?lan?lan ana bilgisayar yan?t vermedi?inden bir ba?lant? kurulamad?.","False","0","False","False","0","False"
"c4450db8-b5fb-4a9f-812c-8d214ea86167","MANIFEST_BOUND","hmail-perf-pair-service-20260901","06EFCBA9520D478A6DAC7ABB7F09F3B63D015A0CD5ECA1EB4D0FD2CC8C38F9FD","cpp","hmail_perf_pair_cpp_20260831_head3","C:\hmail-perf-pair-service-20260901\cpp\Data","B3DF9E8BBF4BEDB1102C94DF7C86356E1FEABCBC02A18E8EABEB1EA1453D09B8",,,"one TCP client and one sequential IMAP session per sample","0","PASS","45FA907CE0D3797C1E13EBB2F03F076A25656CCE27E801C18F745ACD3944FBBD","5136EEC556F9790732AE759EF52F77FE6172329EA55787A80300C4A824107E46","1","299","False","False","7070.292","Aktarma ba?lant?s?ndan veriler okunamad?: Ba?lan?lan uygun olarak belli bir s?re i?inde yan?t vermedi?inden veya kurulan
ba?lant? ba?lan?lan ana bilgisayar yan?t vermedi?inden bir ba?lant? kurulamad?.","False","0","False","False","0","False"
"c4450db8-b5fb-4a9f-812c-8d214ea86167","MANIFEST_BOUND","hmail-perf-pair-service-20260901","06EFCBA9520D478A6DAC7ABB7F09F3B63D015A0CD5ECA1EB4D0FD2CC8C38F9FD","cpp","hmail_perf_pair_cpp_20260831_head3","C:\hmail-perf-pair-service-20260901\cpp\Data","B3DF9E8BBF4BEDB1102C94DF7C86356E1FEABCBC02A18E8EABEB1EA1453D09B8",,,"one TCP client and one sequential IMAP session per sample","0","PASS","45FA907CE0D3797C1E13EBB2F03F076A25656CCE27E801C18F745ACD3944FBBD","5136EEC556F9790732AE759EF52F77FE6172329EA55787A80300C4A824107E46","1","300","False","False","7079.199","Aktarma ba?lant?s?ndan veriler okunamad?: Ba?lan?lan uygun olarak belli bir s?re i?inde yan?t vermedi?inden veya kurulan
ba?lant? ba?lan?lan ana bilgisayar yan?t vermedi?inden bir ba?lant? kurulamad?.","False","0","False","False","0","False"
"c4450db8-b5fb-4a9f-812c-8d214ea86167","MANIFEST_BOUND","hmail-perf-pair-service-20260901","06EFCBA9520D478A6DAC7ABB7F09F3B63D015A0CD5ECA1EB4D0FD2CC8C38F9FD","cpp","hmail_perf_pair_cpp_20260831_head3","C:\hmail-perf-pair-service-20260901\cpp\Data","B3DF9E8BBF4BEDB1102C94DF7C86356E1FEABCBC02A18E8EABEB1EA1453D09B8",,,"one TCP client and one sequential IMAP session per sample","0","PASS","45FA907CE0D3797C1E13EBB2F03F076A25656CCE27E801C18F745ACD3944FBBD","5136EEC556F9790732AE759EF52F77FE6172329EA55787A80300C4A824107E46","1","301","False","False","7062.733","Aktarma ba?lant?s?ndan veriler okunamad?: Ba?lan?lan uygun olarak belli bir s?re i?inde yan?t vermedi?inden veya kurulan
ba?lant? ba?lan?lan ana bilgisayar yan?t vermedi?inden bir ba?lant? kurulamad?.","False","0","False","False","0","False"
"c4450db8-b5fb-4a9f-812c-8d214ea86167","MANIFEST_BOUND","hmail-perf-pair-service-20260901","06EFCBA9520D478A6DAC7ABB7F09F3B63D015A0CD5ECA1EB4D0FD2CC8C38F9FD","cpp","hmail_perf_pair_cpp_20260831_head3","C:\hmail-perf-pair-service-20260901\cpp\Data","B3DF9E8BBF4BEDB1102C94DF7C86356E1FEABCBC02A18E8EABEB1EA1453D09B8",,,"one TCP client and one sequential IMAP session per sample","0","PASS","45FA907CE0D3797C1E13EBB2F03F076A25656CCE27E801C18F745ACD3944FBBD","5136EEC556F9790732AE759EF52F77FE6172329EA55787A80300C4A824107E46","1","302","False","False","7063.442","Aktarma ba?lant?s?ndan veriler okunamad?: Ba?lan?lan uygun olarak belli bir s?re i?inde yan?t vermedi?inden veya kurulan
ba?lant? ba?lan?lan ana bilgisayar yan?t vermedi?inden bir ba?lant? kurulamad?.","False","0","False","False","0","False"
"c4450db8-b5fb-4a9f-812c-8d214ea86167","MANIFEST_BOUND","hmail-perf-pair-service-20260901","06EFCBA9520D478A6DAC7ABB7F09F3B63D015A0CD5ECA1EB4D0FD2CC8C38F9FD","cpp","hmail_perf_pair_cpp_20260831_head3","C:\hmail-perf-pair-service-20260901\cpp\Data","B3DF9E8BBF4BEDB1102C94DF7C86356E1FEABCBC02A18E8EABEB1EA1453D09B8",,,"one TCP client and one sequential IMAP session per sample","0","PASS","45FA907CE0D3797C1E13EBB2F03F076A25656CCE27E801C18F745ACD3944FBBD","5136EEC556F9790732AE759EF52F77FE6172329EA55787A80300C4A824107E46","1","303","False","False","7070.921","Aktarma ba?lant?s?ndan veriler okunamad?: Ba?lan?lan uygun olarak belli bir s?re i?inde yan?t vermedi?inden veya kurulan
ba?lant? ba?lan?lan ana bilgisayar yan?t vermedi?inden bir ba?lant? kurulamad?.","False","0","False","False","0","False"
"c4450db8-b5fb-4a9f-812c-8d214ea86167","MANIFEST_BOUND","hmail-perf-pair-service-20260901","06EFCBA9520D478A6DAC7ABB7F09F3B63D015A0CD5ECA1EB4D0FD2CC8C38F9FD","cpp","hmail_perf_pair_cpp_20260831_head3","C:\hmail-perf-pair-service-20260901\cpp\Data","B3DF9E8BBF4BEDB1102C94DF7C86356E1FEABCBC02A18E8EABEB1EA1453D09B8",,,"one TCP client and one sequential IMAP session per sample","0","PASS","45FA907CE0D3797C1E13EBB2F03F076A25656CCE27E801C18F745ACD3944FBBD","5136EEC556F9790732AE759EF52F77FE6172329EA55787A80300C4A824107E46","1","304","False","False","7071.081","Aktarma ba?lant?s?ndan veriler okunamad?: Ba?lan?lan uygun olarak belli bir s?re i?inde yan?t vermedi?inden veya kurulan
ba?lant? ba?lan?lan ana bilgisayar yan?t vermedi?inden bir ba?lant? kurulamad?.","False","0","False","False","0","False"
"c4450db8-b5fb-4a9f-812c-8d214ea86167","MANIFEST_BOUND","hmail-perf-pair-service-20260901","06EFCBA9520D478A6DAC7ABB7F09F3B63D015A0CD5ECA1EB4D0FD2CC8C38F9FD","cpp","hmail_perf_pair_cpp_20260831_head3","C:\hmail-perf-pair-service-20260901\cpp\Data","B3DF9E8BBF4BEDB1102C94DF7C86356E1FEABCBC02A18E8EABEB1EA1453D09B8",,,"one TCP client and one sequential IMAP session per sample","0","PASS","45FA907CE0D3797C1E13EBB2F03F076A25656CCE27E801C18F745ACD3944FBBD","5136EEC556F9790732AE759EF52F77FE6172329EA55787A80300C4A824107E46","1","305","False","False","7063.728","Aktarma ba?lant?s?ndan veriler okunamad?: Ba?lan?lan uygun olarak belli bir s?re i?inde yan?t vermedi?inden veya kurulan
ba?lant? ba?lan?lan ana bilgisayar yan?t vermedi?inden bir ba?lant? kurulamad?.","False","0","False","False","0","False"
"c4450db8-b5fb-4a9f-812c-8d214ea86167","MANIFEST_BOUND","hmail-perf-pair-service-20260901","06EFCBA9520D478A6DAC7ABB7F09F3B63D015A0CD5ECA1EB4D0FD2CC8C38F9FD","cpp","hmail_perf_pair_cpp_20260831_head3","C:\hmail-perf-pair-service-20260901\cpp\Data","B3DF9E8BBF4BEDB1102C94DF7C86356E1FEABCBC02A18E8EABEB1EA1453D09B8",,,"one TCP client and one sequential IMAP session per sample","0","PASS","45FA907CE0D3797C1E13EBB2F03F076A25656CCE27E801C18F745ACD3944FBBD","5136EEC556F9790732AE759EF52F77FE6172329EA55787A80300C4A824107E46","1","306","False","False","7067.468","Aktarma ba?lant?s?ndan veriler okunamad?: Ba?lan?lan uygun olarak belli bir s?re i?inde yan?t vermedi?inden veya kurulan
ba?lant? ba?lan?lan ana bilgisayar yan?t vermedi?inden bir ba?lant? kurulamad?.","False","0","False","False","0","False"
"c4450db8-b5fb-4a9f-812c-8d214ea86167","MANIFEST_BOUND","hmail-perf-pair-service-20260901","06EFCBA9520D478A6DAC7ABB7F09F3B63D015A0CD5ECA1EB4D0FD2CC8C38F9FD","cpp","hmail_perf_pair_cpp_20260831_head3","C:\hmail-perf-pair-service-20260901\cpp\Data","B3DF9E8BBF4BEDB1102C94DF7C86356E1FEABCBC02A18E8EABEB1EA1453D09B8",,,"one TCP client and one sequential IMAP session per sample","0","PASS","45FA907CE0D3797C1E13EBB2F03F076A25656CCE27E801C18F745ACD3944FBBD","5136EEC556F9790732AE759EF52F77FE6172329EA55787A80300C4A824107E46","1","307","False","False","7061.704","Aktarma ba?lant?s?ndan veriler okunamad?: Ba?lan?lan uygun olarak belli bir s?re i?inde yan?t vermedi?inden veya kurulan
ba?lant? ba?lan?lan ana bilgisayar yan?t vermedi?inden bir ba?lant? kurulamad?.","False","0","False","False","0","False"
"c4450db8-b5fb-4a9f-812c-8d214ea86167","MANIFEST_BOUND","hmail-perf-pair-service-20260901","06EFCBA9520D478A6DAC7ABB7F09F3B63D015A0CD5ECA1EB4D0FD2CC8C38F9FD","cpp","hmail_perf_pair_cpp_20260831_head3","C:\hmail-perf-pair-service-20260901\cpp\Data","B3DF9E8BBF4BEDB1102C94DF7C86356E1FEABCBC02A18E8EABEB1EA1453D09B8",,,"one TCP client and one sequential IMAP session per sample","0","PASS","45FA907CE0D3797C1E13EBB2F03F076A25656CCE27E801C18F745ACD3944FBBD","5136EEC556F9790732AE759EF52F77FE6172329EA55787A80300C4A824107E46","1","308","False","False","7064.636","Aktarma ba?lant?s?ndan veriler okunamad?: Ba?lan?lan uygun olarak belli bir s?re i?inde yan?t vermedi?inden veya kurulan
ba?lant? ba?lan?lan ana bilgisayar yan?t vermedi?inden bir ba?lant? kurulamad?.","False","0","False","False","0","False"
"c4450db8-b5fb-4a9f-812c-8d214ea86167","MANIFEST_BOUND","hmail-perf-pair-service-20260901","06EFCBA9520D478A6DAC7ABB7F09F3B63D015A0CD5ECA1EB4D0FD2CC8C38F9FD","cpp","hmail_perf_pair_cpp_20260831_head3","C:\hmail-perf-pair-service-20260901\cpp\Data","B3DF9E8BBF4BEDB1102C94DF7C86356E1FEABCBC02A18E8EABEB1EA1453D09B8",,,"one TCP client and one sequential IMAP session per sample","0","PASS","45FA907CE0D3797C1E13EBB2F03F076A25656CCE27E801C18F745ACD3944FBBD","5136EEC556F9790732AE759EF52F77FE6172329EA55787A80300C4A824107E46","1","309","False","False","7060.531","Aktarma ba?lant?s?ndan veriler okunamad?: Ba?lan?lan uygun olarak belli bir s?re i?inde yan?t vermedi?inden veya kurulan
ba?lant? ba?lan?lan ana bilgisayar yan?t vermedi?inden bir ba?lant? kurulamad?.","False","0","False","False","0","False"
"c4450db8-b5fb-4a9f-812c-8d214ea86167","MANIFEST_BOUND","hmail-perf-pair-service-20260901","06EFCBA9520D478A6DAC7ABB7F09F3B63D015A0CD5ECA1EB4D0FD2CC8C38F9FD","cpp","hmail_perf_pair_cpp_20260831_head3","C:\hmail-perf-pair-service-20260901\cpp\Data","B3DF9E8BBF4BEDB1102C94DF7C86356E1FEABCBC02A18E8EABEB1EA1453D09B8",,,"one TCP client and one sequential IMAP session per sample","0","PASS","45FA907CE0D3797C1E13EBB2F03F076A25656CCE27E801C18F745ACD3944FBBD","5136EEC556F9790732AE759EF52F77FE6172329EA55787A80300C4A824107E46","1","310","False","False","7063.188","Aktarma ba?lant?s?ndan veriler okunamad?: Ba?lan?lan uygun olarak belli bir s?re i?inde yan?t vermedi?inden veya kurulan
ba?lant? ba?lan?lan ana bilgisayar yan?t vermedi?inden bir ba?lant? kurulamad?.","False","0","False","False","0","False"
"c4450db8-b5fb-4a9f-812c-8d214ea86167","MANIFEST_BOUND","hmail-perf-pair-service-20260901","06EFCBA9520D478A6DAC7ABB7F09F3B63D015A0CD5ECA1EB4D0FD2CC8C38F9FD","cpp","hmail_perf_pair_cpp_20260831_head3","C:\hmail-perf-pair-service-20260901\cpp\Data","B3DF9E8BBF4BEDB1102C94DF7C86356E1FEABCBC02A18E8EABEB1EA1453D09B8",,,"one TCP client and one sequential IMAP session per sample","0","PASS","45FA907CE0D3797C1E13EBB2F03F076A25656CCE27E801C18F745ACD3944FBBD","5136EEC556F9790732AE759EF52F77FE6172329EA55787A80300C4A824107E46","1","311","False","False","7063.952","Aktarma ba?lant?s?ndan veriler okunamad?: Ba?lan?lan uygun olarak belli bir s?re i?inde yan?t vermedi?inden veya kurulan
ba?lant? ba?lan?lan ana bilgisayar yan?t vermedi?inden bir ba?lant? kurulamad?.","False","0","False","False","0","False"
"c4450db8-b5fb-4a9f-812c-8d214ea86167","MANIFEST_BOUND","hmail-perf-pair-service-20260901","06EFCBA9520D478A6DAC7ABB7F09F3B63D015A0CD5ECA1EB4D0FD2CC8C38F9FD","cpp","hmail_perf_pair_cpp_20260831_head3","C:\hmail-perf-pair-service-20260901\cpp\Data","B3DF9E8BBF4BEDB1102C94DF7C86356E1FEABCBC02A18E8EABEB1EA1453D09B8",,,"one TCP client and one sequential IMAP session per sample","0","PASS","45FA907CE0D3797C1E13EBB2F03F076A25656CCE27E801C18F745ACD3944FBBD","5136EEC556F9790732AE759EF52F77FE6172329EA55787A80300C4A824107E46","1","312","False","False","7063.631","Aktarma ba?lant?s?ndan veriler okunamad?: Ba?lan?lan uygun olarak belli bir s?re i?inde yan?t vermedi?inden veya kurulan
ba?lant? ba?lan?lan ana bilgisayar yan?t vermedi?inden bir ba?lant? kurulamad?.","False","0","False","False","0","False"
"c4450db8-b5fb-4a9f-812c-8d214ea86167","MANIFEST_BOUND","hmail-perf-pair-service-20260901","06EFCBA9520D478A6DAC7ABB7F09F3B63D015A0CD5ECA1EB4D0FD2CC8C38F9FD","cpp","hmail_perf_pair_cpp_20260831_head3","C:\hmail-perf-pair-service-20260901\cpp\Data","B3DF9E8BBF4BEDB1102C94DF7C86356E1FEABCBC02A18E8EABEB1EA1453D09B8",,,"one TCP client and one sequential IMAP session per sample","0","PASS","45FA907CE0D3797C1E13EBB2F03F076A25656CCE27E801C18F745ACD3944FBBD","5136EEC556F9790732AE759EF52F77FE6172329EA55787A80300C4A824107E46","1","313","False","False","7066.095","Aktarma ba?lant?s?ndan veriler okunamad?: Ba?lan?lan uygun olarak belli bir s?re i?inde yan?t vermedi?inden veya kurulan
ba?lant? ba?lan?lan ana bilgisayar yan?t vermedi?inden bir ba?lant? kurulamad?.","False","0","False","False","0","False"
"c4450db8-b5fb-4a9f-812c-8d214ea86167","MANIFEST_BOUND","hmail-perf-pair-service-20260901","06EFCBA9520D478A6DAC7ABB7F09F3B63D015A0CD5ECA1EB4D0FD2CC8C38F9FD","cpp","hmail_perf_pair_cpp_20260831_head3","C:\hmail-perf-pair-service-20260901\cpp\Data","B3DF9E8BBF4BEDB1102C94DF7C86356E1FEABCBC02A18E8EABEB1EA1453D09B8",,,"one TCP client and one sequential IMAP session per sample","0","PASS","45FA907CE0D3797C1E13EBB2F03F076A25656CCE27E801C18F745ACD3944FBBD","5136EEC556F9790732AE759EF52F77FE6172329EA55787A80300C4A824107E46","1","314","False","False","7062.845","Aktarma ba?lant?s?ndan veriler okunamad?: Ba?lan?lan uygun olarak belli bir s?re i?inde yan?t vermedi?inden veya kurulan
ba?lant? ba?lan?lan ana bilgisayar yan?t vermedi?inden bir ba?lant? kurulamad?.","False","0","False","False","0","False"
"c4450db8-b5fb-4a9f-812c-8d214ea86167","MANIFEST_BOUND","hmail-perf-pair-service-20260901","06EFCBA9520D478A6DAC7ABB7F09F3B63D015A0CD5ECA1EB4D0FD2CC8C38F9FD","cpp","hmail_perf_pair_cpp_20260831_head3","C:\hmail-perf-pair-service-20260901\cpp\Data","B3DF9E8BBF4BEDB1102C94DF7C86356E1FEABCBC02A18E8EABEB1EA1453D09B8",,,"one TCP client and one sequential IMAP session per sample","0","PASS","45FA907CE0D3797C1E13EBB2F03F076A25656CCE27E801C18F745ACD3944FBBD","5136EEC556F9790732AE759EF52F77FE6172329EA55787A80300C4A824107E46","1","315","False","False","7060.612","Aktarma ba?lant?s?ndan veriler okunamad?: Ba?lan?lan uygun olarak belli bir s?re i?inde yan?t vermedi?inden veya kurulan
ba?lant? ba?lan?lan ana bilgisayar yan?t vermedi?inden bir ba?lant? kurulamad?.","False","0","False","False","0","False"
"c4450db8-b5fb-4a9f-812c-8d214ea86167","MANIFEST_BOUND","hmail-perf-pair-service-20260901","06EFCBA9520D478A6DAC7ABB7F09F3B63D015A0CD5ECA1EB4D0FD2CC8C38F9FD","cpp","hmail_perf_pair_cpp_20260831_head3","C:\hmail-perf-pair-service-20260901\cpp\Data","B3DF9E8BBF4BEDB1102C94DF7C86356E1FEABCBC02A18E8EABEB1EA1453D09B8",,,"one TCP client and one sequential IMAP session per sample","0","PASS","45FA907CE0D3797C1E13EBB2F03F076A25656CCE27E801C18F745ACD3944FBBD","5136EEC556F9790732AE759EF52F77FE6172329EA55787A80300C4A824107E46","1","316","False","False","7062.026","Aktarma ba?lant?s?ndan veriler okunamad?: Ba?lan?lan uygun olarak belli bir s?re i?inde yan?t vermedi?inden veya kurulan
ba?lant? ba?lan?lan ana bilgisayar yan?t vermedi?inden bir ba?lant? kurulamad?.","False","0","False","False","0","False"
"c4450db8-b5fb-4a9f-812c-8d214ea86167","MANIFEST_BOUND","hmail-perf-pair-service-20260901","06EFCBA9520D478A6DAC7ABB7F09F3B63D015A0CD5ECA1EB4D0FD2CC8C38F9FD","cpp","hmail_perf_pair_cpp_20260831_head3","C:\hmail-perf-pair-service-20260901\cpp\Data","B3DF9E8BBF4BEDB1102C94DF7C86356E1FEABCBC02A18E8EABEB1EA1453D09B8",,,"one TCP client and one sequential IMAP session per sample","0","PASS","45FA907CE0D3797C1E13EBB2F03F076A25656CCE27E801C18F745ACD3944FBBD","5136EEC556F9790732AE759EF52F77FE6172329EA55787A80300C4A824107E46","1","317","False","False","7060.554","Aktarma ba?lant?s?ndan veriler okunamad?: Ba?lan?lan uygun olarak belli bir s?re i?inde yan?t vermedi?inden veya kurulan
ba?lant? ba?lan?lan ana bilgisayar yan?t vermedi?inden bir ba?lant? kurulamad?.","False","0","False","False","0","False"
"c4450db8-b5fb-4a9f-812c-8d214ea86167","MANIFEST_BOUND","hmail-perf-pair-service-20260901","06EFCBA9520D478A6DAC7ABB7F09F3B63D015A0CD5ECA1EB4D0FD2CC8C38F9FD","cpp","hmail_perf_pair_cpp_20260831_head3","C:\hmail-perf-pair-service-20260901\cpp\Data","B3DF9E8BBF4BEDB1102C94DF7C86356E1FEABCBC02A18E8EABEB1EA1453D09B8",,,"one TCP client and one sequential IMAP session per sample","0","PASS","45FA907CE0D3797C1E13EBB2F03F076A25656CCE27E801C18F745ACD3944FBBD","5136EEC556F9790732AE759EF52F77FE6172329EA55787A80300C4A824107E46","1","318","False","False","7065.56","Aktarma ba?lant?s?ndan veriler okunamad?: Ba?lan?lan uygun olarak belli bir s?re i?inde yan?t vermedi?inden veya kurulan
ba?lant? ba?lan?lan ana bilgisayar yan?t vermedi?inden bir ba?lant? kurulamad?.","False","0","False","False","0","False"
"c4450db8-b5fb-4a9f-812c-8d214ea86167","MANIFEST_BOUND","hmail-perf-pair-service-20260901","06EFCBA9520D478A6DAC7ABB7F09F3B63D015A0CD5ECA1EB4D0FD2CC8C38F9FD","cpp","hmail_perf_pair_cpp_20260831_head3","C:\hmail-perf-pair-service-20260901\cpp\Data","B3DF9E8BBF4BEDB1102C94DF7C86356E1FEABCBC02A18E8EABEB1EA1453D09B8",,,"one TCP client and one sequential IMAP session per sample","0","PASS","45FA907CE0D3797C1E13EBB2F03F076A25656CCE27E801C18F745ACD3944FBBD","5136EEC556F9790732AE759EF52F77FE6172329EA55787A80300C4A824107E46","1","319","False","False","7063.026","Aktarma ba?lant?s?ndan veriler okunamad?: Ba?lan?lan uygun olarak belli bir s?re i?inde yan?t vermedi?inden veya kurulan
ba?lant? ba?lan?lan ana bilgisayar yan?t vermedi?inden bir ba?lant? kurulamad?.","False","0","False","False","0","False"
"c4450db8-b5fb-4a9f-812c-8d214ea86167","MANIFEST_BOUND","hmail-perf-pair-service-20260901","06EFCBA9520D478A6DAC7ABB7F09F3B63D015A0CD5ECA1EB4D0FD2CC8C38F9FD","cpp","hmail_perf_pair_cpp_20260831_head3","C:\hmail-perf-pair-service-20260901\cpp\Data","B3DF9E8BBF4BEDB1102C94DF7C86356E1FEABCBC02A18E8EABEB1EA1453D09B8",,,"one TCP client and one sequential IMAP session per sample","0","PASS","45FA907CE0D3797C1E13EBB2F03F076A25656CCE27E801C18F745ACD3944FBBD","5136EEC556F9790732AE759EF52F77FE6172329EA55787A80300C4A824107E46","1","320","False","False","7069.95","Aktarma ba?lant?s?ndan veriler okunamad?: Ba?lan?lan uygun olarak belli bir s?re i?inde yan?t vermedi?inden veya kurulan
ba?lant? ba?lan?lan ana bilgisayar yan?t vermedi?inden bir ba?lant? kurulamad?.","False","0","False","False","0","False"
"c4450db8-b5fb-4a9f-812c-8d214ea86167","MANIFEST_BOUND","hmail-perf-pair-service-20260901","06EFCBA9520D478A6DAC7ABB7F09F3B63D015A0CD5ECA1EB4D0FD2CC8C38F9FD","cpp","hmail_perf_pair_cpp_20260831_head3","C:\hmail-perf-pair-service-20260901\cpp\Data","B3DF9E8BBF4BEDB1102C94DF7C86356E1FEABCBC02A18E8EABEB1EA1453D09B8",,,"one TCP client and one sequential IMAP session per sample","0","PASS","45FA907CE0D3797C1E13EBB2F03F076A25656CCE27E801C18F745ACD3944FBBD","5136EEC556F9790732AE759EF52F77FE6172329EA55787A80300C4A824107E46","1","321","False","False","7065.789","Aktarma ba?lant?s?ndan veriler okunamad?: Ba?lan?lan uygun olarak belli bir s?re i?inde yan?t vermedi?inden veya kurulan
ba?lant? ba?lan?lan ana bilgisayar yan?t vermedi?inden bir ba?lant? kurulamad?.","False","0","False","False","0","False"
"c4450db8-b5fb-4a9f-812c-8d214ea86167","MANIFEST_BOUND","hmail-perf-pair-service-20260901","06EFCBA9520D478A6DAC7ABB7F09F3B63D015A0CD5ECA1EB4D0FD2CC8C38F9FD","cpp","hmail_perf_pair_cpp_20260831_head3","C:\hmail-perf-pair-service-20260901\cpp\Data","B3DF9E8BBF4BEDB1102C94DF7C86356E1FEABCBC02A18E8EABEB1EA1453D09B8",,,"one TCP client and one sequential IMAP session per sample","0","PASS","45FA907CE0D3797C1E13EBB2F03F076A25656CCE27E801C18F745ACD3944FBBD","5136EEC556F9790732AE759EF52F77FE6172329EA55787A80300C4A824107E46","1","322","False","False","7070.91","Aktarma ba?lant?s?ndan veriler okunamad?: Ba?lan?lan uygun olarak belli bir s?re i?inde yan?t vermedi?inden veya kurulan
ba?lant? ba?lan?lan ana bilgisayar yan?t vermedi?inden bir ba?lant? kurulamad?.","False","0","False","False","0","False"
"c4450db8-b5fb-4a9f-812c-8d214ea86167","MANIFEST_BOUND","hmail-perf-pair-service-20260901","06EFCBA9520D478A6DAC7ABB7F09F3B63D015A0CD5ECA1EB4D0FD2CC8C38F9FD","cpp","hmail_perf_pair_cpp_20260831_head3","C:\hmail-perf-pair-service-20260901\cpp\Data","B3DF9E8BBF4BEDB1102C94DF7C86356E1FEABCBC02A18E8EABEB1EA1453D09B8",,,"one TCP client and one sequential IMAP session per sample","0","PASS","45FA907CE0D3797C1E13EBB2F03F076A25656CCE27E801C18F745ACD3944FBBD","5136EEC556F9790732AE759EF52F77FE6172329EA55787A80300C4A824107E46","1","323","False","False","7062.55","Aktarma ba?lant?s?ndan veriler okunamad?: Ba?lan?lan uygun olarak belli bir s?re i?inde yan?t vermedi?inden veya kurulan
ba?lant? ba?lan?lan ana bilgisayar yan?t vermedi?inden bir ba?lant? kurulamad?.","False","0","False","False","0","False"
"c4450db8-b5fb-4a9f-812c-8d214ea86167","MANIFEST_BOUND","hmail-perf-pair-service-20260901","06EFCBA9520D478A6DAC7ABB7F09F3B63D015A0CD5ECA1EB4D0FD2CC8C38F9FD","cpp","hmail_perf_pair_cpp_20260831_head3","C:\hmail-perf-pair-service-20260901\cpp\Data","B3DF9E8BBF4BEDB1102C94DF7C86356E1FEABCBC02A18E8EABEB1EA1453D09B8",,,"one TCP client and one sequential IMAP session per sample","0","PASS","45FA907CE0D3797C1E13EBB2F03F076A25656CCE27E801C18F745ACD3944FBBD","5136EEC556F9790732AE759EF52F77FE6172329EA55787A80300C4A824107E46","1","324","False","False","7059.84","Aktarma ba?lant?s?ndan veriler okunamad?: Ba?lan?lan uygun olarak belli bir s?re i?inde yan?t vermedi?inden veya kurulan
ba?lant? ba?lan?lan ana bilgisayar yan?t vermedi?inden bir ba?lant? kurulamad?.","False","0","False","False","0","False"
"c4450db8-b5fb-4a9f-812c-8d214ea86167","MANIFEST_BOUND","hmail-perf-pair-service-20260901","06EFCBA9520D478A6DAC7ABB7F09F3B63D015A0CD5ECA1EB4D0FD2CC8C38F9FD","cpp","hmail_perf_pair_cpp_20260831_head3","C:\hmail-perf-pair-service-20260901\cpp\Data","B3DF9E8BBF4BEDB1102C94DF7C86356E1FEABCBC02A18E8EABEB1EA1453D09B8",,,"one TCP client and one sequential IMAP session per sample","0","PASS","45FA907CE0D3797C1E13EBB2F03F076A25656CCE27E801C18F745ACD3944FBBD","5136EEC556F9790732AE759EF52F77FE6172329EA55787A80300C4A824107E46","1","325","False","False","7062.295","Aktarma ba?lant?s?ndan veriler okunamad?: Ba?lan?lan uygun olarak belli bir s?re i?inde yan?t vermedi?inden veya kurulan
ba?lant? ba?lan?lan ana bilgisayar yan?t vermedi?inden bir ba?lant? kurulamad?.","False","0","False","False","0","False"
"c4450db8-b5fb-4a9f-812c-8d214ea86167","MANIFEST_BOUND","hmail-perf-pair-service-20260901","06EFCBA9520D478A6DAC7ABB7F09F3B63D015A0CD5ECA1EB4D0FD2CC8C38F9FD","cpp","hmail_perf_pair_cpp_20260831_head3","C:\hmail-perf-pair-service-20260901\cpp\Data","B3DF9E8BBF4BEDB1102C94DF7C86356E1FEABCBC02A18E8EABEB1EA1453D09B8",,,"one TCP client and one sequential IMAP session per sample","0","PASS","45FA907CE0D3797C1E13EBB2F03F076A25656CCE27E801C18F745ACD3944FBBD","5136EEC556F9790732AE759EF52F77FE6172329EA55787A80300C4A824107E46","1","326","False","False","7063.029","Aktarma ba?lant?s?ndan veriler okunamad?: Ba?lan?lan uygun olarak belli bir s?re i?inde yan?t vermedi?inden veya kurulan
ba?lant? ba?lan?lan ana bilgisayar yan?t vermedi?inden bir ba?lant? kurulamad?.","False","0","False","False","0","False"
"c4450db8-b5fb-4a9f-812c-8d214ea86167","MANIFEST_BOUND","hmail-perf-pair-service-20260901","06EFCBA9520D478A6DAC7ABB7F09F3B63D015A0CD5ECA1EB4D0FD2CC8C38F9FD","cpp","hmail_perf_pair_cpp_20260831_head3","C:\hmail-perf-pair-service-20260901\cpp\Data","B3DF9E8BBF4BEDB1102C94DF7C86356E1FEABCBC02A18E8EABEB1EA1453D09B8",,,"one TCP client and one sequential IMAP session per sample","0","PASS","45FA907CE0D3797C1E13EBB2F03F076A25656CCE27E801C18F745ACD3944FBBD","5136EEC556F9790732AE759EF52F77FE6172329EA55787A80300C4A824107E46","1","327","False","False","7070.791","Aktarma ba?lant?s?ndan veriler okunamad?: Ba?lan?lan uygun olarak belli bir s?re i?inde yan?t vermedi?inden veya kurulan
ba?lant? ba?lan?lan ana bilgisayar yan?t vermedi?inden bir ba?lant? kurulamad?.","False","0","False","False","0","False"
"c4450db8-b5fb-4a9f-812c-8d214ea86167","MANIFEST_BOUND","hmail-perf-pair-service-20260901","06EFCBA9520D478A6DAC7ABB7F09F3B63D015A0CD5ECA1EB4D0FD2CC8C38F9FD","cpp","hmail_perf_pair_cpp_20260831_head3","C:\hmail-perf-pair-service-20260901\cpp\Data","B3DF9E8BBF4BEDB1102C94DF7C86356E1FEABCBC02A18E8EABEB1EA1453D09B8",,,"one TCP client and one sequential IMAP session per sample","0","PASS","45FA907CE0D3797C1E13EBB2F03F076A25656CCE27E801C18F745ACD3944FBBD","5136EEC556F9790732AE759EF52F77FE6172329EA55787A80300C4A824107E46","1","328","False","False","7066.152","Aktarma ba?lant?s?ndan veriler okunamad?: Ba?lan?lan uygun olarak belli bir s?re i?inde yan?t vermedi?inden veya kurulan
ba?lant? ba?lan?lan ana bilgisayar yan?t vermedi?inden bir ba?lant? kurulamad?.","False","0","False","False","0","False"
"c4450db8-b5fb-4a9f-812c-8d214ea86167","MANIFEST_BOUND","hmail-perf-pair-service-20260901","06EFCBA9520D478A6DAC7ABB7F09F3B63D015A0CD5ECA1EB4D0FD2CC8C38F9FD","cpp","hmail_perf_pair_cpp_20260831_head3","C:\hmail-perf-pair-service-20260901\cpp\Data","B3DF9E8BBF4BEDB1102C94DF7C86356E1FEABCBC02A18E8EABEB1EA1453D09B8",,,"one TCP client and one sequential IMAP session per sample","0","PASS","45FA907CE0D3797C1E13EBB2F03F076A25656CCE27E801C18F745ACD3944FBBD","5136EEC556F9790732AE759EF52F77FE6172329EA55787A80300C4A824107E46","1","329","False","False","7069.53","Aktarma ba?lant?s?ndan veriler okunamad?: Ba?lan?lan uygun olarak belli bir s?re i?inde yan?t vermedi?inden veya kurulan
ba?lant? ba?lan?lan ana bilgisayar yan?t vermedi?inden bir ba?lant? kurulamad?.","False","0","False","False","0","False"
"c4450db8-b5fb-4a9f-812c-8d214ea86167","MANIFEST_BOUND","hmail-perf-pair-service-20260901","06EFCBA9520D478A6DAC7ABB7F09F3B63D015A0CD5ECA1EB4D0FD2CC8C38F9FD","cpp","hmail_perf_pair_cpp_20260831_head3","C:\hmail-perf-pair-service-20260901\cpp\Data","B3DF9E8BBF4BEDB1102C94DF7C86356E1FEABCBC02A18E8EABEB1EA1453D09B8",,,"one TCP client and one sequential IMAP session per sample","0","PASS","45FA907CE0D3797C1E13EBB2F03F076A25656CCE27E801C18F745ACD3944FBBD","5136EEC556F9790732AE759EF52F77FE6172329EA55787A80300C4A824107E46","1","330","False","False","7069.886","Aktarma ba?lant?s?ndan veriler okunamad?: Ba?lan?lan uygun olarak belli bir s?re i?inde yan?t vermedi?inden veya kurulan
ba?lant? ba?lan?lan ana bilgisayar yan?t vermedi?inden bir ba?lant? kurulamad?.","False","0","False","False","0","False"
"c4450db8-b5fb-4a9f-812c-8d214ea86167","MANIFEST_BOUND","hmail-perf-pair-service-20260901","06EFCBA9520D478A6DAC7ABB7F09F3B63D015A0CD5ECA1EB4D0FD2CC8C38F9FD","cpp","hmail_perf_pair_cpp_20260831_head3","C:\hmail-perf-pair-service-20260901\cpp\Data","B3DF9E8BBF4BEDB1102C94DF7C86356E1FEABCBC02A18E8EABEB1EA1453D09B8",,,"one TCP client and one sequential IMAP session per sample","0","PASS","45FA907CE0D3797C1E13EBB2F03F076A25656CCE27E801C18F745ACD3944FBBD","5136EEC556F9790732AE759EF52F77FE6172329EA55787A80300C4A824107E46","1","331","False","False","7070.32","Aktarma ba?lant?s?ndan veriler okunamad?: Ba?lan?lan uygun olarak belli bir s?re i?inde yan?t vermedi?inden veya kurulan
ba?lant? ba?lan?lan ana bilgisayar yan?t vermedi?inden bir ba?lant? kurulamad?.","False","0","False","False","0","False"
"c4450db8-b5fb-4a9f-812c-8d214ea86167","MANIFEST_BOUND","hmail-perf-pair-service-20260901","06EFCBA9520D478A6DAC7ABB7F09F3B63D015A0CD5ECA1EB4D0FD2CC8C38F9FD","cpp","hmail_perf_pair_cpp_20260831_head3","C:\hmail-perf-pair-service-20260901\cpp\Data","B3DF9E8BBF4BEDB1102C94DF7C86356E1FEABCBC02A18E8EABEB1EA1453D09B8",,,"one TCP client and one sequential IMAP session per sample","0","PASS","45FA907CE0D3797C1E13EBB2F03F076A25656CCE27E801C18F745ACD3944FBBD","5136EEC556F9790732AE759EF52F77FE6172329EA55787A80300C4A824107E46","1","332","False","False","7064.621","Aktarma ba?lant?s?ndan veriler okunamad?: Ba?lan?lan uygun olarak belli bir s?re i?inde yan?t vermedi?inden veya kurulan
ba?lant? ba?lan?lan ana bilgisayar yan?t vermedi?inden bir ba?lant? kurulamad?.","False","0","False","False","0","False"
"c4450db8-b5fb-4a9f-812c-8d214ea86167","MANIFEST_BOUND","hmail-perf-pair-service-20260901","06EFCBA9520D478A6DAC7ABB7F09F3B63D015A0CD5ECA1EB4D0FD2CC8C38F9FD","cpp","hmail_perf_pair_cpp_20260831_head3","C:\hmail-perf-pair-service-20260901\cpp\Data","B3DF9E8BBF4BEDB1102C94DF7C86356E1FEABCBC02A18E8EABEB1EA1453D09B8",,,"one TCP client and one sequential IMAP session per sample","0","PASS","45FA907CE0D3797C1E13EBB2F03F076A25656CCE27E801C18F745ACD3944FBBD","5136EEC556F9790732AE759EF52F77FE6172329EA55787A80300C4A824107E46","1","333","False","False","7079.026","Aktarma ba?lant?s?ndan veriler okunamad?: Ba?lan?lan uygun olarak belli bir s?re i?inde yan?t vermedi?inden veya kurulan
ba?lant? ba?lan?lan ana bilgisayar yan?t vermedi?inden bir ba?lant? kurulamad?.","False","0","False","False","0","False"
"c4450db8-b5fb-4a9f-812c-8d214ea86167","MANIFEST_BOUND","hmail-perf-pair-service-20260901","06EFCBA9520D478A6DAC7ABB7F09F3B63D015A0CD5ECA1EB4D0FD2CC8C38F9FD","cpp","hmail_perf_pair_cpp_20260831_head3","C:\hmail-perf-pair-service-20260901\cpp\Data","B3DF9E8BBF4BEDB1102C94DF7C86356E1FEABCBC02A18E8EABEB1EA1453D09B8",,,"one TCP client and one sequential IMAP session per sample","0","PASS","45FA907CE0D3797C1E13EBB2F03F076A25656CCE27E801C18F745ACD3944FBBD","5136EEC556F9790732AE759EF52F77FE6172329EA55787A80300C4A824107E46","1","334","False","False","7064.615","Aktarma ba?lant?s?ndan veriler okunamad?: Ba?lan?lan uygun olarak belli bir s?re i?inde yan?t vermedi?inden veya kurulan
ba?lant? ba?lan?lan ana bilgisayar yan?t vermedi?inden bir ba?lant? kurulamad?.","False","0","False","False","0","False"
"c4450db8-b5fb-4a9f-812c-8d214ea86167","MANIFEST_BOUND","hmail-perf-pair-service-20260901","06EFCBA9520D478A6DAC7ABB7F09F3B63D015A0CD5ECA1EB4D0FD2CC8C38F9FD","cpp","hmail_perf_pair_cpp_20260831_head3","C:\hmail-perf-pair-service-20260901\cpp\Data","B3DF9E8BBF4BEDB1102C94DF7C86356E1FEABCBC02A18E8EABEB1EA1453D09B8",,,"one TCP client and one sequential IMAP session per sample","0","PASS","45FA907CE0D3797C1E13EBB2F03F076A25656CCE27E801C18F745ACD3944FBBD","5136EEC556F9790732AE759EF52F77FE6172329EA55787A80300C4A824107E46","1","335","False","False","7063.025","Aktarma ba?lant?s?ndan veriler okunamad?: Ba?lan?lan uygun olarak belli bir s?re i?inde yan?t vermedi?inden veya kurulan
ba?lant? ba?lan?lan ana bilgisayar yan?t vermedi?inden bir ba?lant? kurulamad?.","False","0","False","False","0","False"
"c4450db8-b5fb-4a9f-812c-8d214ea86167","MANIFEST_BOUND","hmail-perf-pair-service-20260901","06EFCBA9520D478A6DAC7ABB7F09F3B63D015A0CD5ECA1EB4D0FD2CC8C38F9FD","cpp","hmail_perf_pair_cpp_20260831_head3","C:\hmail-perf-pair-service-20260901\cpp\Data","B3DF9E8BBF4BEDB1102C94DF7C86356E1FEABCBC02A18E8EABEB1EA1453D09B8",,,"one TCP client and one sequential IMAP session per sample","0","PASS","45FA907CE0D3797C1E13EBB2F03F076A25656CCE27E801C18F745ACD3944FBBD","5136EEC556F9790732AE759EF52F77FE6172329EA55787A80300C4A824107E46","1","336","False","False","7065.763","Aktarma ba?lant?s?ndan veriler okunamad?: Ba?lan?lan uygun olarak belli bir s?re i?inde yan?t vermedi?inden veya kurulan
ba?lant? ba?lan?lan ana bilgisayar yan?t vermedi?inden bir ba?lant? kurulamad?.","False","0","False","False","0","False"
"c4450db8-b5fb-4a9f-812c-8d214ea86167","MANIFEST_BOUND","hmail-perf-pair-service-20260901","06EFCBA9520D478A6DAC7ABB7F09F3B63D015A0CD5ECA1EB4D0FD2CC8C38F9FD","cpp","hmail_perf_pair_cpp_20260831_head3","C:\hmail-perf-pair-service-20260901\cpp\Data","B3DF9E8BBF4BEDB1102C94DF7C86356E1FEABCBC02A18E8EABEB1EA1453D09B8",,,"one TCP client and one sequential IMAP session per sample","0","PASS","45FA907CE0D3797C1E13EBB2F03F076A25656CCE27E801C18F745ACD3944FBBD","5136EEC556F9790732AE759EF52F77FE6172329EA55787A80300C4A824107E46","1","337","False","False","7066.088","Aktarma ba?lant?s?ndan veriler okunamad?: Ba?lan?lan uygun olarak belli bir s?re i?inde yan?t vermedi?inden veya kurulan
ba?lant? ba?lan?lan ana bilgisayar yan?t vermedi?inden bir ba?lant? kurulamad?.","False","0","False","False","0","False"
"c4450db8-b5fb-4a9f-812c-8d214ea86167","MANIFEST_BOUND","hmail-perf-pair-service-20260901","06EFCBA9520D478A6DAC7ABB7F09F3B63D015A0CD5ECA1EB4D0FD2CC8C38F9FD","cpp","hmail_perf_pair_cpp_20260831_head3","C:\hmail-perf-pair-service-20260901\cpp\Data","B3DF9E8BBF4BEDB1102C94DF7C86356E1FEABCBC02A18E8EABEB1EA1453D09B8",,,"one TCP client and one sequential IMAP session per sample","0","PASS","45FA907CE0D3797C1E13EBB2F03F076A25656CCE27E801C18F745ACD3944FBBD","5136EEC556F9790732AE759EF52F77FE6172329EA55787A80300C4A824107E46","1","338","False","False","7069.509","Aktarma ba?lant?s?ndan veriler okunamad?: Ba?lan?lan uygun olarak belli bir s?re i?inde yan?t vermedi?inden veya kurulan
ba?lant? ba?lan?lan ana bilgisayar yan?t vermedi?inden bir ba?lant? kurulamad?.","False","0","False","False","0","False"
"c4450db8-b5fb-4a9f-812c-8d214ea86167","MANIFEST_BOUND","hmail-perf-pair-service-20260901","06EFCBA9520D478A6DAC7ABB7F09F3B63D015A0CD5ECA1EB4D0FD2CC8C38F9FD","cpp","hmail_perf_pair_cpp_20260831_head3","C:\hmail-perf-pair-service-20260901\cpp\Data","B3DF9E8BBF4BEDB1102C94DF7C86356E1FEABCBC02A18E8EABEB1EA1453D09B8",,,"one TCP client and one sequential IMAP session per sample","0","PASS","45FA907CE0D3797C1E13EBB2F03F076A25656CCE27E801C18F745ACD3944FBBD","5136EEC556F9790732AE759EF52F77FE6172329EA55787A80300C4A824107E46","1","339","False","False","7070.88","Aktarma ba?lant?s?ndan veriler okunamad?: Ba?lan?lan uygun olarak belli bir s?re i?inde yan?t vermedi?inden veya kurulan
ba?lant? ba?lan?lan ana bilgisayar yan?t vermedi?inden bir ba?lant? kurulamad?.","False","0","False","False","0","False"
"c4450db8-b5fb-4a9f-812c-8d214ea86167","MANIFEST_BOUND","hmail-perf-pair-service-20260901","06EFCBA9520D478A6DAC7ABB7F09F3B63D015A0CD5ECA1EB4D0FD2CC8C38F9FD","cpp","hmail_perf_pair_cpp_20260831_head3","C:\hmail-perf-pair-service-20260901\cpp\Data","B3DF9E8BBF4BEDB1102C94DF7C86356E1FEABCBC02A18E8EABEB1EA1453D09B8",,,"one TCP client and one sequential IMAP session per sample","0","PASS","45FA907CE0D3797C1E13EBB2F03F076A25656CCE27E801C18F745ACD3944FBBD","5136EEC556F9790732AE759EF52F77FE6172329EA55787A80300C4A824107E46","1","340","False","False","7059.415","Aktarma ba?lant?s?ndan veriler okunamad?: Ba?lan?lan uygun olarak belli bir s?re i?inde yan?t vermedi?inden veya kurulan
ba?lant? ba?lan?lan ana bilgisayar yan?t vermedi?inden bir ba?lant? kurulamad?.","False","0","False","False","0","False"
"c4450db8-b5fb-4a9f-812c-8d214ea86167","MANIFEST_BOUND","hmail-perf-pair-service-20260901","06EFCBA9520D478A6DAC7ABB7F09F3B63D015A0CD5ECA1EB4D0FD2CC8C38F9FD","cpp","hmail_perf_pair_cpp_20260831_head3","C:\hmail-perf-pair-service-20260901\cpp\Data","B3DF9E8BBF4BEDB1102C94DF7C86356E1FEABCBC02A18E8EABEB1EA1453D09B8",,,"one TCP client and one sequential IMAP session per sample","0","PASS","45FA907CE0D3797C1E13EBB2F03F076A25656CCE27E801C18F745ACD3944FBBD","5136EEC556F9790732AE759EF52F77FE6172329EA55787A80300C4A824107E46","1","341","False","False","7062.255","Aktarma ba?lant?s?ndan veriler okunamad?: Ba?lan?lan uygun olarak belli bir s?re i?inde yan?t vermedi?inden veya kurulan
ba?lant? ba?lan?lan ana bilgisayar yan?t vermedi?inden bir ba?lant? kurulamad?.","False","0","False","False","0","False"
"c4450db8-b5fb-4a9f-812c-8d214ea86167","MANIFEST_BOUND","hmail-perf-pair-service-20260901","06EFCBA9520D478A6DAC7ABB7F09F3B63D015A0CD5ECA1EB4D0FD2CC8C38F9FD","cpp","hmail_perf_pair_cpp_20260831_head3","C:\hmail-perf-pair-service-20260901\cpp\Data","B3DF9E8BBF4BEDB1102C94DF7C86356E1FEABCBC02A18E8EABEB1EA1453D09B8",,,"one TCP client and one sequential IMAP session per sample","0","PASS","45FA907CE0D3797C1E13EBB2F03F076A25656CCE27E801C18F745ACD3944FBBD","5136EEC556F9790732AE759EF52F77FE6172329EA55787A80300C4A824107E46","1","342","False","False","7062.807","Aktarma ba?lant?s?ndan veriler okunamad?: Ba?lan?lan uygun olarak belli bir s?re i?inde yan?t vermedi?inden veya kurulan
ba?lant? ba?lan?lan ana bilgisayar yan?t vermedi?inden bir ba?lant? kurulamad?.","False","0","False","False","0","False"
"c4450db8-b5fb-4a9f-812c-8d214ea86167","MANIFEST_BOUND","hmail-perf-pair-service-20260901","06EFCBA9520D478A6DAC7ABB7F09F3B63D015A0CD5ECA1EB4D0FD2CC8C38F9FD","cpp","hmail_perf_pair_cpp_20260831_head3","C:\hmail-perf-pair-service-20260901\cpp\Data","B3DF9E8BBF4BEDB1102C94DF7C86356E1FEABCBC02A18E8EABEB1EA1453D09B8",,,"one TCP client and one sequential IMAP session per sample","0","PASS","45FA907CE0D3797C1E13EBB2F03F076A25656CCE27E801C18F745ACD3944FBBD","5136EEC556F9790732AE759EF52F77FE6172329EA55787A80300C4A824107E46","1","343","False","False","7063.178","Aktarma ba?lant?s?ndan veriler okunamad?: Ba?lan?lan uygun olarak belli bir s?re i?inde yan?t vermedi?inden veya kurulan
ba?lant? ba?lan?lan ana bilgisayar yan?t vermedi?inden bir ba?lant? kurulamad?.","False","0","False","False","0","False"
"c4450db8-b5fb-4a9f-812c-8d214ea86167","MANIFEST_BOUND","hmail-perf-pair-service-20260901","06EFCBA9520D478A6DAC7ABB7F09F3B63D015A0CD5ECA1EB4D0FD2CC8C38F9FD","cpp","hmail_perf_pair_cpp_20260831_head3","C:\hmail-perf-pair-service-20260901\cpp\Data","B3DF9E8BBF4BEDB1102C94DF7C86356E1FEABCBC02A18E8EABEB1EA1453D09B8",,,"one TCP client and one sequential IMAP session per sample","0","PASS","45FA907CE0D3797C1E13EBB2F03F076A25656CCE27E801C18F745ACD3944FBBD","5136EEC556F9790732AE759EF52F77FE6172329EA55787A80300C4A824107E46","1","344","False","False","7068.912","Aktarma ba?lant?s?ndan veriler okunamad?: Ba?lan?lan uygun olarak belli bir s?re i?inde yan?t vermedi?inden veya kurulan
ba?lant? ba?lan?lan ana bilgisayar yan?t vermedi?inden bir ba?lant? kurulamad?.","False","0","False","False","0","False"
"c4450db8-b5fb-4a9f-812c-8d214ea86167","MANIFEST_BOUND","hmail-perf-pair-service-20260901","06EFCBA9520D478A6DAC7ABB7F09F3B63D015A0CD5ECA1EB4D0FD2CC8C38F9FD","cpp","hmail_perf_pair_cpp_20260831_head3","C:\hmail-perf-pair-service-20260901\cpp\Data","B3DF9E8BBF4BEDB1102C94DF7C86356E1FEABCBC02A18E8EABEB1EA1453D09B8",,,"one TCP client and one sequential IMAP session per sample","0","PASS","45FA907CE0D3797C1E13EBB2F03F076A25656CCE27E801C18F745ACD3944FBBD","5136EEC556F9790732AE759EF52F77FE6172329EA55787A80300C4A824107E46","1","345","False","False","7065.275","Aktarma ba?lant?s?ndan veriler okunamad?: Ba?lan?lan uygun olarak belli bir s?re i?inde yan?t vermedi?inden veya kurulan
ba?lant? ba?lan?lan ana bilgisayar yan?t vermedi?inden bir ba?lant? kurulamad?.","False","0","False","False","0","False"
"c4450db8-b5fb-4a9f-812c-8d214ea86167","MANIFEST_BOUND","hmail-perf-pair-service-20260901","06EFCBA9520D478A6DAC7ABB7F09F3B63D015A0CD5ECA1EB4D0FD2CC8C38F9FD","cpp","hmail_perf_pair_cpp_20260831_head3","C:\hmail-perf-pair-service-20260901\cpp\Data","B3DF9E8BBF4BEDB1102C94DF7C86356E1FEABCBC02A18E8EABEB1EA1453D09B8",,,"one TCP client and one sequential IMAP session per sample","0","PASS","45FA907CE0D3797C1E13EBB2F03F076A25656CCE27E801C18F745ACD3944FBBD","5136EEC556F9790732AE759EF52F77FE6172329EA55787A80300C4A824107E46","1","346","False","False","7070.366","Aktarma ba?lant?s?ndan veriler okunamad?: Ba?lan?lan uygun olarak belli bir s?re i?inde yan?t vermedi?inden veya kurulan
ba?lant? ba?lan?lan ana bilgisayar yan?t vermedi?inden bir ba?lant? kurulamad?.","False","0","False","False","0","False"
"c4450db8-b5fb-4a9f-812c-8d214ea86167","MANIFEST_BOUND","hmail-perf-pair-service-20260901","06EFCBA9520D478A6DAC7ABB7F09F3B63D015A0CD5ECA1EB4D0FD2CC8C38F9FD","cpp","hmail_perf_pair_cpp_20260831_head3","C:\hmail-perf-pair-service-20260901\cpp\Data","B3DF9E8BBF4BEDB1102C94DF7C86356E1FEABCBC02A18E8EABEB1EA1453D09B8",,,"one TCP client and one sequential IMAP session per sample","0","PASS","45FA907CE0D3797C1E13EBB2F03F076A25656CCE27E801C18F745ACD3944FBBD","5136EEC556F9790732AE759EF52F77FE6172329EA55787A80300C4A824107E46","1","347","False","False","7069.211","Aktarma ba?lant?s?ndan veriler okunamad?: Ba?lan?lan uygun olarak belli bir s?re i?inde yan?t vermedi?inden veya kurulan
ba?lant? ba?lan?lan ana bilgisayar yan?t vermedi?inden bir ba?lant? kurulamad?.","False","0","False","False","0","False"
"c4450db8-b5fb-4a9f-812c-8d214ea86167","MANIFEST_BOUND","hmail-perf-pair-service-20260901","06EFCBA9520D478A6DAC7ABB7F09F3B63D015A0CD5ECA1EB4D0FD2CC8C38F9FD","cpp","hmail_perf_pair_cpp_20260831_head3","C:\hmail-perf-pair-service-20260901\cpp\Data","B3DF9E8BBF4BEDB1102C94DF7C86356E1FEABCBC02A18E8EABEB1EA1453D09B8",,,"one TCP client and one sequential IMAP session per sample","0","PASS","45FA907CE0D3797C1E13EBB2F03F076A25656CCE27E801C18F745ACD3944FBBD","5136EEC556F9790732AE759EF52F77FE6172329EA55787A80300C4A824107E46","1","348","False","False","7074.543","Aktarma ba?lant?s?ndan veriler okunamad?: Ba?lan?lan uygun olarak belli bir s?re i?inde yan?t vermedi?inden veya kurulan
ba?lant? ba?lan?lan ana bilgisayar yan?t vermedi?inden bir ba?lant? kurulamad?.","False","0","False","False","0","False"
"c4450db8-b5fb-4a9f-812c-8d214ea86167","MANIFEST_BOUND","hmail-perf-pair-service-20260901","06EFCBA9520D478A6DAC7ABB7F09F3B63D015A0CD5ECA1EB4D0FD2CC8C38F9FD","cpp","hmail_perf_pair_cpp_20260831_head3","C:\hmail-perf-pair-service-20260901\cpp\Data","B3DF9E8BBF4BEDB1102C94DF7C86356E1FEABCBC02A18E8EABEB1EA1453D09B8",,,"one TCP client and one sequential IMAP session per sample","0","PASS","45FA907CE0D3797C1E13EBB2F03F076A25656CCE27E801C18F745ACD3944FBBD","5136EEC556F9790732AE759EF52F77FE6172329EA55787A80300C4A824107E46","1","349","False","False","7059.591","Aktarma ba?lant?s?ndan veriler okunamad?: Ba?lan?lan uygun olarak belli bir s?re i?inde yan?t vermedi?inden veya kurulan
ba?lant? ba?lan?lan ana bilgisayar yan?t vermedi?inden bir ba?lant? kurulamad?.","False","0","False","False","0","False"
"c4450db8-b5fb-4a9f-812c-8d214ea86167","MANIFEST_BOUND","hmail-perf-pair-service-20260901","06EFCBA9520D478A6DAC7ABB7F09F3B63D015A0CD5ECA1EB4D0FD2CC8C38F9FD","cpp","hmail_perf_pair_cpp_20260831_head3","C:\hmail-perf-pair-service-20260901\cpp\Data","B3DF9E8BBF4BEDB1102C94DF7C86356E1FEABCBC02A18E8EABEB1EA1453D09B8",,,"one TCP client and one sequential IMAP session per sample","0","PASS","45FA907CE0D3797C1E13EBB2F03F076A25656CCE27E801C18F745ACD3944FBBD","5136EEC556F9790732AE759EF52F77FE6172329EA55787A80300C4A824107E46","1","350","False","False","7062.846","Aktarma ba?lant?s?ndan veriler okunamad?: Ba?lan?lan uygun olarak belli bir s?re i?inde yan?t vermedi?inden veya kurulan
ba?lant? ba?lan?lan ana bilgisayar yan?t vermedi?inden bir ba?lant? kurulamad?.","False","0","False","False","0","False"
"c4450db8-b5fb-4a9f-812c-8d214ea86167","MANIFEST_BOUND","hmail-perf-pair-service-20260901","06EFCBA9520D478A6DAC7ABB7F09F3B63D015A0CD5ECA1EB4D0FD2CC8C38F9FD","cpp","hmail_perf_pair_cpp_20260831_head3","C:\hmail-perf-pair-service-20260901\cpp\Data","B3DF9E8BBF4BEDB1102C94DF7C86356E1FEABCBC02A18E8EABEB1EA1453D09B8",,,"one TCP client and one sequential IMAP session per sample","0","PASS","45FA907CE0D3797C1E13EBB2F03F076A25656CCE27E801C18F745ACD3944FBBD","5136EEC556F9790732AE759EF52F77FE6172329EA55787A80300C4A824107E46","1","351","False","False","7063.367","Aktarma ba?lant?s?ndan veriler okunamad?: Ba?lan?lan uygun olarak belli bir s?re i?inde yan?t vermedi?inden veya kurulan
ba?lant? ba?lan?lan ana bilgisayar yan?t vermedi?inden bir ba?lant? kurulamad?.","False","0","False","False","0","False"
"c4450db8-b5fb-4a9f-812c-8d214ea86167","MANIFEST_BOUND","hmail-perf-pair-service-20260901","06EFCBA9520D478A6DAC7ABB7F09F3B63D015A0CD5ECA1EB4D0FD2CC8C38F9FD","cpp","hmail_perf_pair_cpp_20260831_head3","C:\hmail-perf-pair-service-20260901\cpp\Data","B3DF9E8BBF4BEDB1102C94DF7C86356E1FEABCBC02A18E8EABEB1EA1453D09B8",,,"one TCP client and one sequential IMAP session per sample","0","PASS","45FA907CE0D3797C1E13EBB2F03F076A25656CCE27E801C18F745ACD3944FBBD","5136EEC556F9790732AE759EF52F77FE6172329EA55787A80300C4A824107E46","1","352","False","False","7068.993","Aktarma ba?lant?s?ndan veriler okunamad?: Ba?lan?lan uygun olarak belli bir s?re i?inde yan?t vermedi?inden veya kurulan
ba?lant? ba?lan?lan ana bilgisayar yan?t vermedi?inden bir ba?lant? kurulamad?.","False","0","False","False","0","False"
"c4450db8-b5fb-4a9f-812c-8d214ea86167","MANIFEST_BOUND","hmail-perf-pair-service-20260901","06EFCBA9520D478A6DAC7ABB7F09F3B63D015A0CD5ECA1EB4D0FD2CC8C38F9FD","cpp","hmail_perf_pair_cpp_20260831_head3","C:\hmail-perf-pair-service-20260901\cpp\Data","B3DF9E8BBF4BEDB1102C94DF7C86356E1FEABCBC02A18E8EABEB1EA1453D09B8",,,"one TCP client and one sequential IMAP session per sample","0","PASS","45FA907CE0D3797C1E13EBB2F03F076A25656CCE27E801C18F745ACD3944FBBD","5136EEC556F9790732AE759EF52F77FE6172329EA55787A80300C4A824107E46","1","353","False","False","7069.057","Aktarma ba?lant?s?ndan veriler okunamad?: Ba?lan?lan uygun olarak belli bir s?re i?inde yan?t vermedi?inden veya kurulan
ba?lant? ba?lan?lan ana bilgisayar yan?t vermedi?inden bir ba?lant? kurulamad?.","False","0","False","False","0","False"
"c4450db8-b5fb-4a9f-812c-8d214ea86167","MANIFEST_BOUND","hmail-perf-pair-service-20260901","06EFCBA9520D478A6DAC7ABB7F09F3B63D015A0CD5ECA1EB4D0FD2CC8C38F9FD","cpp","hmail_perf_pair_cpp_20260831_head3","C:\hmail-perf-pair-service-20260901\cpp\Data","B3DF9E8BBF4BEDB1102C94DF7C86356E1FEABCBC02A18E8EABEB1EA1453D09B8",,,"one TCP client and one sequential IMAP session per sample","0","PASS","45FA907CE0D3797C1E13EBB2F03F076A25656CCE27E801C18F745ACD3944FBBD","5136EEC556F9790732AE759EF52F77FE6172329EA55787A80300C4A824107E46","1","354","False","False","7061.568","Aktarma ba?lant?s?ndan veriler okunamad?: Ba?lan?lan uygun olarak belli bir s?re i?inde yan?t vermedi?inden veya kurulan
ba?lant? ba?lan?lan ana bilgisayar yan?t vermedi?inden bir ba?lant? kurulamad?.","False","0","False","False","0","False"
"c4450db8-b5fb-4a9f-812c-8d214ea86167","MANIFEST_BOUND","hmail-perf-pair-service-20260901","06EFCBA9520D478A6DAC7ABB7F09F3B63D015A0CD5ECA1EB4D0FD2CC8C38F9FD","cpp","hmail_perf_pair_cpp_20260831_head3","C:\hmail-perf-pair-service-20260901\cpp\Data","B3DF9E8BBF4BEDB1102C94DF7C86356E1FEABCBC02A18E8EABEB1EA1453D09B8",,,"one TCP client and one sequential IMAP session per sample","0","PASS","45FA907CE0D3797C1E13EBB2F03F076A25656CCE27E801C18F745ACD3944FBBD","5136EEC556F9790732AE759EF52F77FE6172329EA55787A80300C4A824107E46","1","355","False","False","7062.531","Aktarma ba?lant?s?ndan veriler okunamad?: Ba?lan?lan uygun olarak belli bir s?re i?inde yan?t vermedi?inden veya kurulan
ba?lant? ba?lan?lan ana bilgisayar yan?t vermedi?inden bir ba?lant? kurulamad?.","False","0","False","False","0","False"
"c4450db8-b5fb-4a9f-812c-8d214ea86167","MANIFEST_BOUND","hmail-perf-pair-service-20260901","06EFCBA9520D478A6DAC7ABB7F09F3B63D015A0CD5ECA1EB4D0FD2CC8C38F9FD","cpp","hmail_perf_pair_cpp_20260831_head3","C:\hmail-perf-pair-service-20260901\cpp\Data","B3DF9E8BBF4BEDB1102C94DF7C86356E1FEABCBC02A18E8EABEB1EA1453D09B8",,,"one TCP client and one sequential IMAP session per sample","0","PASS","45FA907CE0D3797C1E13EBB2F03F076A25656CCE27E801C18F745ACD3944FBBD","5136EEC556F9790732AE759EF52F77FE6172329EA55787A80300C4A824107E46","1","356","False","False","7078.294","Aktarma ba?lant?s?ndan veriler okunamad?: Ba?lan?lan uygun olarak belli bir s?re i?inde yan?t vermedi?inden veya kurulan
ba?lant? ba?lan?lan ana bilgisayar yan?t vermedi?inden bir ba?lant? kurulamad?.","False","0","False","False","0","False"
"c4450db8-b5fb-4a9f-812c-8d214ea86167","MANIFEST_BOUND","hmail-perf-pair-service-20260901","06EFCBA9520D478A6DAC7ABB7F09F3B63D015A0CD5ECA1EB4D0FD2CC8C38F9FD","cpp","hmail_perf_pair_cpp_20260831_head3","C:\hmail-perf-pair-service-20260901\cpp\Data","B3DF9E8BBF4BEDB1102C94DF7C86356E1FEABCBC02A18E8EABEB1EA1453D09B8",,,"one TCP client and one sequential IMAP session per sample","0","PASS","45FA907CE0D3797C1E13EBB2F03F076A25656CCE27E801C18F745ACD3944FBBD","5136EEC556F9790732AE759EF52F77FE6172329EA55787A80300C4A824107E46","1","357","False","False","7074.241","Aktarma ba?lant?s?ndan veriler okunamad?: Ba?lan?lan uygun olarak belli bir s?re i?inde yan?t vermedi?inden veya kurulan
ba?lant? ba?lan?lan ana bilgisayar yan?t vermedi?inden bir ba?lant? kurulamad?.","False","0","False","False","0","False"
"c4450db8-b5fb-4a9f-812c-8d214ea86167","MANIFEST_BOUND","hmail-perf-pair-service-20260901","06EFCBA9520D478A6DAC7ABB7F09F3B63D015A0CD5ECA1EB4D0FD2CC8C38F9FD","cpp","hmail_perf_pair_cpp_20260831_head3","C:\hmail-perf-pair-service-20260901\cpp\Data","B3DF9E8BBF4BEDB1102C94DF7C86356E1FEABCBC02A18E8EABEB1EA1453D09B8",,,"one TCP client and one sequential IMAP session per sample","0","PASS","45FA907CE0D3797C1E13EBB2F03F076A25656CCE27E801C18F745ACD3944FBBD","5136EEC556F9790732AE759EF52F77FE6172329EA55787A80300C4A824107E46","1","358","False","False","7064.01","Aktarma ba?lant?s?ndan veriler okunamad?: Ba?lan?lan uygun olarak belli bir s?re i?inde yan?t vermedi?inden veya kurulan
ba?lant? ba?lan?lan ana bilgisayar yan?t vermedi?inden bir ba?lant? kurulamad?.","False","0","False","False","0","False"
"c4450db8-b5fb-4a9f-812c-8d214ea86167","MANIFEST_BOUND","hmail-perf-pair-service-20260901","06EFCBA9520D478A6DAC7ABB7F09F3B63D015A0CD5ECA1EB4D0FD2CC8C38F9FD","cpp","hmail_perf_pair_cpp_20260831_head3","C:\hmail-perf-pair-service-20260901\cpp\Data","B3DF9E8BBF4BEDB1102C94DF7C86356E1FEABCBC02A18E8EABEB1EA1453D09B8",,,"one TCP client and one sequential IMAP session per sample","0","PASS","45FA907CE0D3797C1E13EBB2F03F076A25656CCE27E801C18F745ACD3944FBBD","5136EEC556F9790732AE759EF52F77FE6172329EA55787A80300C4A824107E46","1","359","False","False","7063.115","Aktarma ba?lant?s?ndan veriler okunamad?: Ba?lan?lan uygun olarak belli bir s?re i?inde yan?t vermedi?inden veya kurulan
ba?lant? ba?lan?lan ana bilgisayar yan?t vermedi?inden bir ba?lant? kurulamad?.","False","0","False","False","0","False"
"c4450db8-b5fb-4a9f-812c-8d214ea86167","MANIFEST_BOUND","hmail-perf-pair-service-20260901","06EFCBA9520D478A6DAC7ABB7F09F3B63D015A0CD5ECA1EB4D0FD2CC8C38F9FD","cpp","hmail_perf_pair_cpp_20260831_head3","C:\hmail-perf-pair-service-20260901\cpp\Data","B3DF9E8BBF4BEDB1102C94DF7C86356E1FEABCBC02A18E8EABEB1EA1453D09B8",,,"one TCP client and one sequential IMAP session per sample","0","PASS","45FA907CE0D3797C1E13EBB2F03F076A25656CCE27E801C18F745ACD3944FBBD","5136EEC556F9790732AE759EF52F77FE6172329EA55787A80300C4A824107E46","1","360","False","False","7068.85","Aktarma ba?lant?s?ndan veriler okunamad?: Ba?lan?lan uygun olarak belli bir s?re i?inde yan?t vermedi?inden veya kurulan
ba?lant? ba?lan?lan ana bilgisayar yan?t vermedi?inden bir ba?lant? kurulamad?.","False","0","False","False","0","False"
"c4450db8-b5fb-4a9f-812c-8d214ea86167","MANIFEST_BOUND","hmail-perf-pair-service-20260901","06EFCBA9520D478A6DAC7ABB7F09F3B63D015A0CD5ECA1EB4D0FD2CC8C38F9FD","cpp","hmail_perf_pair_cpp_20260831_head3","C:\hmail-perf-pair-service-20260901\cpp\Data","B3DF9E8BBF4BEDB1102C94DF7C86356E1FEABCBC02A18E8EABEB1EA1453D09B8",,,"one TCP client and one sequential IMAP session per sample","0","PASS","45FA907CE0D3797C1E13EBB2F03F076A25656CCE27E801C18F745ACD3944FBBD","5136EEC556F9790732AE759EF52F77FE6172329EA55787A80300C4A824107E46","1","361","False","False","7068.533","Aktarma ba?lant?s?ndan veriler okunamad?: Ba?lan?lan uygun olarak belli bir s?re i?inde yan?t vermedi?inden veya kurulan
ba?lant? ba?lan?lan ana bilgisayar yan?t vermedi?inden bir ba?lant? kurulamad?.","False","0","False","False","0","False"
"c4450db8-b5fb-4a9f-812c-8d214ea86167","MANIFEST_BOUND","hmail-perf-pair-service-20260901","06EFCBA9520D478A6DAC7ABB7F09F3B63D015A0CD5ECA1EB4D0FD2CC8C38F9FD","cpp","hmail_perf_pair_cpp_20260831_head3","C:\hmail-perf-pair-service-20260901\cpp\Data","B3DF9E8BBF4BEDB1102C94DF7C86356E1FEABCBC02A18E8EABEB1EA1453D09B8",,,"one TCP client and one sequential IMAP session per sample","0","PASS","45FA907CE0D3797C1E13EBB2F03F076A25656CCE27E801C18F745ACD3944FBBD","5136EEC556F9790732AE759EF52F77FE6172329EA55787A80300C4A824107E46","1","362","False","False","7062.122","Aktarma ba?lant?s?ndan veriler okunamad?: Ba?lan?lan uygun olarak belli bir s?re i?inde yan?t vermedi?inden veya kurulan
ba?lant? ba?lan?lan ana bilgisayar yan?t vermedi?inden bir ba?lant? kurulamad?.","False","0","False","False","0","False"
"c4450db8-b5fb-4a9f-812c-8d214ea86167","MANIFEST_BOUND","hmail-perf-pair-service-20260901","06EFCBA9520D478A6DAC7ABB7F09F3B63D015A0CD5ECA1EB4D0FD2CC8C38F9FD","cpp","hmail_perf_pair_cpp_20260831_head3","C:\hmail-perf-pair-service-20260901\cpp\Data","B3DF9E8BBF4BEDB1102C94DF7C86356E1FEABCBC02A18E8EABEB1EA1453D09B8",,,"one TCP client and one sequential IMAP session per sample","0","PASS","45FA907CE0D3797C1E13EBB2F03F076A25656CCE27E801C18F745ACD3944FBBD","5136EEC556F9790732AE759EF52F77FE6172329EA55787A80300C4A824107E46","1","363","False","False","7068.59","Aktarma ba?lant?s?ndan veriler okunamad?: Ba?lan?lan uygun olarak belli bir s?re i?inde yan?t vermedi?inden veya kurulan
ba?lant? ba?lan?lan ana bilgisayar yan?t vermedi?inden bir ba?lant? kurulamad?.","False","0","False","False","0","False"
"c4450db8-b5fb-4a9f-812c-8d214ea86167","MANIFEST_BOUND","hmail-perf-pair-service-20260901","06EFCBA9520D478A6DAC7ABB7F09F3B63D015A0CD5ECA1EB4D0FD2CC8C38F9FD","cpp","hmail_perf_pair_cpp_20260831_head3","C:\hmail-perf-pair-service-20260901\cpp\Data","B3DF9E8BBF4BEDB1102C94DF7C86356E1FEABCBC02A18E8EABEB1EA1453D09B8",,,"one TCP client and one sequential IMAP session per sample","0","PASS","45FA907CE0D3797C1E13EBB2F03F076A25656CCE27E801C18F745ACD3944FBBD","5136EEC556F9790732AE759EF52F77FE6172329EA55787A80300C4A824107E46","1","364","False","False","7076.036","Aktarma ba?lant?s?ndan veriler okunamad?: Ba?lan?lan uygun olarak belli bir s?re i?inde yan?t vermedi?inden veya kurulan
ba?lant? ba?lan?lan ana bilgisayar yan?t vermedi?inden bir ba?lant? kurulamad?.","False","0","False","False","0","False"
"c4450db8-b5fb-4a9f-812c-8d214ea86167","MANIFEST_BOUND","hmail-perf-pair-service-20260901","06EFCBA9520D478A6DAC7ABB7F09F3B63D015A0CD5ECA1EB4D0FD2CC8C38F9FD","cpp","hmail_perf_pair_cpp_20260831_head3","C:\hmail-perf-pair-service-20260901\cpp\Data","B3DF9E8BBF4BEDB1102C94DF7C86356E1FEABCBC02A18E8EABEB1EA1453D09B8",,,"one TCP client and one sequential IMAP session per sample","0","PASS","45FA907CE0D3797C1E13EBB2F03F076A25656CCE27E801C18F745ACD3944FBBD","5136EEC556F9790732AE759EF52F77FE6172329EA55787A80300C4A824107E46","1","365","False","False","7074.352","Aktarma ba?lant?s?ndan veriler okunamad?: Ba?lan?lan uygun olarak belli bir s?re i?inde yan?t vermedi?inden veya kurulan
ba?lant? ba?lan?lan ana bilgisayar yan?t vermedi?inden bir ba?lant? kurulamad?.","False","0","False","False","0","False"
"c4450db8-b5fb-4a9f-812c-8d214ea86167","MANIFEST_BOUND","hmail-perf-pair-service-20260901","06EFCBA9520D478A6DAC7ABB7F09F3B63D015A0CD5ECA1EB4D0FD2CC8C38F9FD","cpp","hmail_perf_pair_cpp_20260831_head3","C:\hmail-perf-pair-service-20260901\cpp\Data","B3DF9E8BBF4BEDB1102C94DF7C86356E1FEABCBC02A18E8EABEB1EA1453D09B8",,,"one TCP client and one sequential IMAP session per sample","0","PASS","45FA907CE0D3797C1E13EBB2F03F076A25656CCE27E801C18F745ACD3944FBBD","5136EEC556F9790732AE759EF52F77FE6172329EA55787A80300C4A824107E46","1","366","False","False","7068.75","Aktarma ba?lant?s?ndan veriler okunamad?: Ba?lan?lan uygun olarak belli bir s?re i?inde yan?t vermedi?inden veya kurulan
ba?lant? ba?lan?lan ana bilgisayar yan?t vermedi?inden bir ba?lant? kurulamad?.","False","0","False","False","0","False"
"c4450db8-b5fb-4a9f-812c-8d214ea86167","MANIFEST_BOUND","hmail-perf-pair-service-20260901","06EFCBA9520D478A6DAC7ABB7F09F3B63D015A0CD5ECA1EB4D0FD2CC8C38F9FD","cpp","hmail_perf_pair_cpp_20260831_head3","C:\hmail-perf-pair-service-20260901\cpp\Data","B3DF9E8BBF4BEDB1102C94DF7C86356E1FEABCBC02A18E8EABEB1EA1453D09B8",,,"one TCP client and one sequential IMAP session per sample","0","PASS","45FA907CE0D3797C1E13EBB2F03F076A25656CCE27E801C18F745ACD3944FBBD","5136EEC556F9790732AE759EF52F77FE6172329EA55787A80300C4A824107E46","1","367","False","False","7062.586","Aktarma ba?lant?s?ndan veriler okunamad?: Ba?lan?lan uygun olarak belli bir s?re i?inde yan?t vermedi?inden veya kurulan
ba?lant? ba?lan?lan ana bilgisayar yan?t vermedi?inden bir ba?lant? kurulamad?.","False","0","False","False","0","False"
"c4450db8-b5fb-4a9f-812c-8d214ea86167","MANIFEST_BOUND","hmail-perf-pair-service-20260901","06EFCBA9520D478A6DAC7ABB7F09F3B63D015A0CD5ECA1EB4D0FD2CC8C38F9FD","cpp","hmail_perf_pair_cpp_20260831_head3","C:\hmail-perf-pair-service-20260901\cpp\Data","B3DF9E8BBF4BEDB1102C94DF7C86356E1FEABCBC02A18E8EABEB1EA1453D09B8",,,"one TCP client and one sequential IMAP session per sample","0","PASS","45FA907CE0D3797C1E13EBB2F03F076A25656CCE27E801C18F745ACD3944FBBD","5136EEC556F9790732AE759EF52F77FE6172329EA55787A80300C4A824107E46","1","368","False","False","7065.202","Aktarma ba?lant?s?ndan veriler okunamad?: Ba?lan?lan uygun olarak belli bir s?re i?inde yan?t vermedi?inden veya kurulan
ba?lant? ba?lan?lan ana bilgisayar yan?t vermedi?inden bir ba?lant? kurulamad?.","False","0","False","False","0","False"
"c4450db8-b5fb-4a9f-812c-8d214ea86167","MANIFEST_BOUND","hmail-perf-pair-service-20260901","06EFCBA9520D478A6DAC7ABB7F09F3B63D015A0CD5ECA1EB4D0FD2CC8C38F9FD","cpp","hmail_perf_pair_cpp_20260831_head3","C:\hmail-perf-pair-service-20260901\cpp\Data","B3DF9E8BBF4BEDB1102C94DF7C86356E1FEABCBC02A18E8EABEB1EA1453D09B8",,,"one TCP client and one sequential IMAP session per sample","0","PASS","45FA907CE0D3797C1E13EBB2F03F076A25656CCE27E801C18F745ACD3944FBBD","5136EEC556F9790732AE759EF52F77FE6172329EA55787A80300C4A824107E46","1","369","False","False","7068.312","Aktarma ba?lant?s?ndan veriler okunamad?: Ba?lan?lan uygun olarak belli bir s?re i?inde yan?t vermedi?inden veya kurulan
ba?lant? ba?lan?lan ana bilgisayar yan?t vermedi?inden bir ba?lant? kurulamad?.","False","0","False","False","0","False"
"c4450db8-b5fb-4a9f-812c-8d214ea86167","MANIFEST_BOUND","hmail-perf-pair-service-20260901","06EFCBA9520D478A6DAC7ABB7F09F3B63D015A0CD5ECA1EB4D0FD2CC8C38F9FD","cpp","hmail_perf_pair_cpp_20260831_head3","C:\hmail-perf-pair-service-20260901\cpp\Data","B3DF9E8BBF4BEDB1102C94DF7C86356E1FEABCBC02A18E8EABEB1EA1453D09B8",,,"one TCP client and one sequential IMAP session per sample","0","PASS","45FA907CE0D3797C1E13EBB2F03F076A25656CCE27E801C18F745ACD3944FBBD","5136EEC556F9790732AE759EF52F77FE6172329EA55787A80300C4A824107E46","1","370","False","False","7061.508","Aktarma ba?lant?s?ndan veriler okunamad?: Ba?lan?lan uygun olarak belli bir s?re i?inde yan?t vermedi?inden veya kurulan
ba?lant? ba?lan?lan ana bilgisayar yan?t vermedi?inden bir ba?lant? kurulamad?.","False","0","False","False","0","False"
"c4450db8-b5fb-4a9f-812c-8d214ea86167","MANIFEST_BOUND","hmail-perf-pair-service-20260901","06EFCBA9520D478A6DAC7ABB7F09F3B63D015A0CD5ECA1EB4D0FD2CC8C38F9FD","cpp","hmail_perf_pair_cpp_20260831_head3","C:\hmail-perf-pair-service-20260901\cpp\Data","B3DF9E8BBF4BEDB1102C94DF7C86356E1FEABCBC02A18E8EABEB1EA1453D09B8",,,"one TCP client and one sequential IMAP session per sample","0","PASS","45FA907CE0D3797C1E13EBB2F03F076A25656CCE27E801C18F745ACD3944FBBD","5136EEC556F9790732AE759EF52F77FE6172329EA55787A80300C4A824107E46","1","371","False","False","7068.133","Aktarma ba?lant?s?ndan veriler okunamad?: Ba?lan?lan uygun olarak belli bir s?re i?inde yan?t vermedi?inden veya kurulan
ba?lant? ba?lan?lan ana bilgisayar yan?t vermedi?inden bir ba?lant? kurulamad?.","False","0","False","False","0","False"
"c4450db8-b5fb-4a9f-812c-8d214ea86167","MANIFEST_BOUND","hmail-perf-pair-service-20260901","06EFCBA9520D478A6DAC7ABB7F09F3B63D015A0CD5ECA1EB4D0FD2CC8C38F9FD","cpp","hmail_perf_pair_cpp_20260831_head3","C:\hmail-perf-pair-service-20260901\cpp\Data","B3DF9E8BBF4BEDB1102C94DF7C86356E1FEABCBC02A18E8EABEB1EA1453D09B8",,,"one TCP client and one sequential IMAP session per sample","0","PASS","45FA907CE0D3797C1E13EBB2F03F076A25656CCE27E801C18F745ACD3944FBBD","5136EEC556F9790732AE759EF52F77FE6172329EA55787A80300C4A824107E46","1","372","False","False","7074.196","Aktarma ba?lant?s?ndan veriler okunamad?: Ba?lan?lan uygun olarak belli bir s?re i?inde yan?t vermedi?inden veya kurulan
ba?lant? ba?lan?lan ana bilgisayar yan?t vermedi?inden bir ba?lant? kurulamad?.","False","0","False","False","0","False"
"c4450db8-b5fb-4a9f-812c-8d214ea86167","MANIFEST_BOUND","hmail-perf-pair-service-20260901","06EFCBA9520D478A6DAC7ABB7F09F3B63D015A0CD5ECA1EB4D0FD2CC8C38F9FD","cpp","hmail_perf_pair_cpp_20260831_head3","C:\hmail-perf-pair-service-20260901\cpp\Data","B3DF9E8BBF4BEDB1102C94DF7C86356E1FEABCBC02A18E8EABEB1EA1453D09B8",,,"one TCP client and one sequential IMAP session per sample","0","PASS","45FA907CE0D3797C1E13EBB2F03F076A25656CCE27E801C18F745ACD3944FBBD","5136EEC556F9790732AE759EF52F77FE6172329EA55787A80300C4A824107E46","1","373","False","False","7077.702","Aktarma ba?lant?s?ndan veriler okunamad?: Ba?lan?lan uygun olarak belli bir s?re i?inde yan?t vermedi?inden veya kurulan
ba?lant? ba?lan?lan ana bilgisayar yan?t vermedi?inden bir ba?lant? kurulamad?.","False","0","False","False","0","False"
"c4450db8-b5fb-4a9f-812c-8d214ea86167","MANIFEST_BOUND","hmail-perf-pair-service-20260901","06EFCBA9520D478A6DAC7ABB7F09F3B63D015A0CD5ECA1EB4D0FD2CC8C38F9FD","cpp","hmail_perf_pair_cpp_20260831_head3","C:\hmail-perf-pair-service-20260901\cpp\Data","B3DF9E8BBF4BEDB1102C94DF7C86356E1FEABCBC02A18E8EABEB1EA1453D09B8",,,"one TCP client and one sequential IMAP session per sample","0","PASS","45FA907CE0D3797C1E13EBB2F03F076A25656CCE27E801C18F745ACD3944FBBD","5136EEC556F9790732AE759EF52F77FE6172329EA55787A80300C4A824107E46","1","374","False","False","7063.824","Aktarma ba?lant?s?ndan veriler okunamad?: Ba?lan?lan uygun olarak belli bir s?re i?inde yan?t vermedi?inden veya kurulan
ba?lant? ba?lan?lan ana bilgisayar yan?t vermedi?inden bir ba?lant? kurulamad?.","False","0","False","False","0","False"
"c4450db8-b5fb-4a9f-812c-8d214ea86167","MANIFEST_BOUND","hmail-perf-pair-service-20260901","06EFCBA9520D478A6DAC7ABB7F09F3B63D015A0CD5ECA1EB4D0FD2CC8C38F9FD","cpp","hmail_perf_pair_cpp_20260831_head3","C:\hmail-perf-pair-service-20260901\cpp\Data","B3DF9E8BBF4BEDB1102C94DF7C86356E1FEABCBC02A18E8EABEB1EA1453D09B8",,,"one TCP client and one sequential IMAP session per sample","0","PASS","45FA907CE0D3797C1E13EBB2F03F076A25656CCE27E801C18F745ACD3944FBBD","5136EEC556F9790732AE759EF52F77FE6172329EA55787A80300C4A824107E46","1","375","False","False","7063.428","Aktarma ba?lant?s?ndan veriler okunamad?: Ba?lan?lan uygun olarak belli bir s?re i?inde yan?t vermedi?inden veya kurulan
ba?lant? ba?lan?lan ana bilgisayar yan?t vermedi?inden bir ba?lant? kurulamad?.","False","0","False","False","0","False"
"c4450db8-b5fb-4a9f-812c-8d214ea86167","MANIFEST_BOUND","hmail-perf-pair-service-20260901","06EFCBA9520D478A6DAC7ABB7F09F3B63D015A0CD5ECA1EB4D0FD2CC8C38F9FD","cpp","hmail_perf_pair_cpp_20260831_head3","C:\hmail-perf-pair-service-20260901\cpp\Data","B3DF9E8BBF4BEDB1102C94DF7C86356E1FEABCBC02A18E8EABEB1EA1453D09B8",,,"one TCP client and one sequential IMAP session per sample","0","PASS","45FA907CE0D3797C1E13EBB2F03F076A25656CCE27E801C18F745ACD3944FBBD","5136EEC556F9790732AE759EF52F77FE6172329EA55787A80300C4A824107E46","1","376","False","False","7058.007","Aktarma ba?lant?s?ndan veriler okunamad?: Ba?lan?lan uygun olarak belli bir s?re i?inde yan?t vermedi?inden veya kurulan
ba?lant? ba?lan?lan ana bilgisayar yan?t vermedi?inden bir ba?lant? kurulamad?.","False","0","False","False","0","False"
"c4450db8-b5fb-4a9f-812c-8d214ea86167","MANIFEST_BOUND","hmail-perf-pair-service-20260901","06EFCBA9520D478A6DAC7ABB7F09F3B63D015A0CD5ECA1EB4D0FD2CC8C38F9FD","cpp","hmail_perf_pair_cpp_20260831_head3","C:\hmail-perf-pair-service-20260901\cpp\Data","B3DF9E8BBF4BEDB1102C94DF7C86356E1FEABCBC02A18E8EABEB1EA1453D09B8",,,"one TCP client and one sequential IMAP session per sample","0","PASS","45FA907CE0D3797C1E13EBB2F03F076A25656CCE27E801C18F745ACD3944FBBD","5136EEC556F9790732AE759EF52F77FE6172329EA55787A80300C4A824107E46","1","377","False","False","7068.175","Aktarma ba?lant?s?ndan veriler okunamad?: Ba?lan?lan uygun olarak belli bir s?re i?inde yan?t vermedi?inden veya kurulan
ba?lant? ba?lan?lan ana bilgisayar yan?t vermedi?inden bir ba?lant? kurulamad?.","False","0","False","False","0","False"
"c4450db8-b5fb-4a9f-812c-8d214ea86167","MANIFEST_BOUND","hmail-perf-pair-service-20260901","06EFCBA9520D478A6DAC7ABB7F09F3B63D015A0CD5ECA1EB4D0FD2CC8C38F9FD","cpp","hmail_perf_pair_cpp_20260831_head3","C:\hmail-perf-pair-service-20260901\cpp\Data","B3DF9E8BBF4BEDB1102C94DF7C86356E1FEABCBC02A18E8EABEB1EA1453D09B8",,,"one TCP client and one sequential IMAP session per sample","0","PASS","45FA907CE0D3797C1E13EBB2F03F076A25656CCE27E801C18F745ACD3944FBBD","5136EEC556F9790732AE759EF52F77FE6172329EA55787A80300C4A824107E46","1","378","False","False","7061.08","Aktarma ba?lant?s?ndan veriler okunamad?: Ba?lan?lan uygun olarak belli bir s?re i?inde yan?t vermedi?inden veya kurulan
ba?lant? ba?lan?lan ana bilgisayar yan?t vermedi?inden bir ba?lant? kurulamad?.","False","0","False","False","0","False"
"c4450db8-b5fb-4a9f-812c-8d214ea86167","MANIFEST_BOUND","hmail-perf-pair-service-20260901","06EFCBA9520D478A6DAC7ABB7F09F3B63D015A0CD5ECA1EB4D0FD2CC8C38F9FD","cpp","hmail_perf_pair_cpp_20260831_head3","C:\hmail-perf-pair-service-20260901\cpp\Data","B3DF9E8BBF4BEDB1102C94DF7C86356E1FEABCBC02A18E8EABEB1EA1453D09B8",,,"one TCP client and one sequential IMAP session per sample","0","PASS","45FA907CE0D3797C1E13EBB2F03F076A25656CCE27E801C18F745ACD3944FBBD","5136EEC556F9790732AE759EF52F77FE6172329EA55787A80300C4A824107E46","1","379","False","False","7061.365","Aktarma ba?lant?s?ndan veriler okunamad?: Ba?lan?lan uygun olarak belli bir s?re i?inde yan?t vermedi?inden veya kurulan
ba?lant? ba?lan?lan ana bilgisayar yan?t vermedi?inden bir ba?lant? kurulamad?.","False","0","False","False","0","False"
"c4450db8-b5fb-4a9f-812c-8d214ea86167","MANIFEST_BOUND","hmail-perf-pair-service-20260901","06EFCBA9520D478A6DAC7ABB7F09F3B63D015A0CD5ECA1EB4D0FD2CC8C38F9FD","cpp","hmail_perf_pair_cpp_20260831_head3","C:\hmail-perf-pair-service-20260901\cpp\Data","B3DF9E8BBF4BEDB1102C94DF7C86356E1FEABCBC02A18E8EABEB1EA1453D09B8",,,"one TCP client and one sequential IMAP session per sample","0","PASS","45FA907CE0D3797C1E13EBB2F03F076A25656CCE27E801C18F745ACD3944FBBD","5136EEC556F9790732AE759EF52F77FE6172329EA55787A80300C4A824107E46","1","380","False","False","7058.761","Aktarma ba?lant?s?ndan veriler okunamad?: Ba?lan?lan uygun olarak belli bir s?re i?inde yan?t vermedi?inden veya kurulan
ba?lant? ba?lan?lan ana bilgisayar yan?t vermedi?inden bir ba?lant? kurulamad?.","False","0","False","False","0","False"
"c4450db8-b5fb-4a9f-812c-8d214ea86167","MANIFEST_BOUND","hmail-perf-pair-service-20260901","06EFCBA9520D478A6DAC7ABB7F09F3B63D015A0CD5ECA1EB4D0FD2CC8C38F9FD","cpp","hmail_perf_pair_cpp_20260831_head3","C:\hmail-perf-pair-service-20260901\cpp\Data","B3DF9E8BBF4BEDB1102C94DF7C86356E1FEABCBC02A18E8EABEB1EA1453D09B8",,,"one TCP client and one sequential IMAP session per sample","0","PASS","45FA907CE0D3797C1E13EBB2F03F076A25656CCE27E801C18F745ACD3944FBBD","5136EEC556F9790732AE759EF52F77FE6172329EA55787A80300C4A824107E46","1","381","False","False","7074.493","Aktarma ba?lant?s?ndan veriler okunamad?: Ba?lan?lan uygun olarak belli bir s?re i?inde yan?t vermedi?inden veya kurulan
ba?lant? ba?lan?lan ana bilgisayar yan?t vermedi?inden bir ba?lant? kurulamad?.","False","0","False","False","0","False"
"c4450db8-b5fb-4a9f-812c-8d214ea86167","MANIFEST_BOUND","hmail-perf-pair-service-20260901","06EFCBA9520D478A6DAC7ABB7F09F3B63D015A0CD5ECA1EB4D0FD2CC8C38F9FD","cpp","hmail_perf_pair_cpp_20260831_head3","C:\hmail-perf-pair-service-20260901\cpp\Data","B3DF9E8BBF4BEDB1102C94DF7C86356E1FEABCBC02A18E8EABEB1EA1453D09B8",,,"one TCP client and one sequential IMAP session per sample","0","PASS","45FA907CE0D3797C1E13EBB2F03F076A25656CCE27E801C18F745ACD3944FBBD","5136EEC556F9790732AE759EF52F77FE6172329EA55787A80300C4A824107E46","1","382","False","False","7062.791","Aktarma ba?lant?s?ndan veriler okunamad?: Ba?lan?lan uygun olarak belli bir s?re i?inde yan?t vermedi?inden veya kurulan
ba?lant? ba?lan?lan ana bilgisayar yan?t vermedi?inden bir ba?lant? kurulamad?.","False","0","False","False","0","False"
"c4450db8-b5fb-4a9f-812c-8d214ea86167","MANIFEST_BOUND","hmail-perf-pair-service-20260901","06EFCBA9520D478A6DAC7ABB7F09F3B63D015A0CD5ECA1EB4D0FD2CC8C38F9FD","cpp","hmail_perf_pair_cpp_20260831_head3","C:\hmail-perf-pair-service-20260901\cpp\Data","B3DF9E8BBF4BEDB1102C94DF7C86356E1FEABCBC02A18E8EABEB1EA1453D09B8",,,"one TCP client and one sequential IMAP session per sample","0","PASS","45FA907CE0D3797C1E13EBB2F03F076A25656CCE27E801C18F745ACD3944FBBD","5136EEC556F9790732AE759EF52F77FE6172329EA55787A80300C4A824107E46","1","383","False","False","7062.737","Aktarma ba?lant?s?ndan veriler okunamad?: Ba?lan?lan uygun olarak belli bir s?re i?inde yan?t vermedi?inden veya kurulan
ba?lant? ba?lan?lan ana bilgisayar yan?t vermedi?inden bir ba?lant? kurulamad?.","False","0","False","False","0","False"
"c4450db8-b5fb-4a9f-812c-8d214ea86167","MANIFEST_BOUND","hmail-perf-pair-service-20260901","06EFCBA9520D478A6DAC7ABB7F09F3B63D015A0CD5ECA1EB4D0FD2CC8C38F9FD","cpp","hmail_perf_pair_cpp_20260831_head3","C:\hmail-perf-pair-service-20260901\cpp\Data","B3DF9E8BBF4BEDB1102C94DF7C86356E1FEABCBC02A18E8EABEB1EA1453D09B8",,,"one TCP client and one sequential IMAP session per sample","0","PASS","45FA907CE0D3797C1E13EBB2F03F076A25656CCE27E801C18F745ACD3944FBBD","5136EEC556F9790732AE759EF52F77FE6172329EA55787A80300C4A824107E46","1","384","False","False","7064.524","Aktarma ba?lant?s?ndan veriler okunamad?: Ba?lan?lan uygun olarak belli bir s?re i?inde yan?t vermedi?inden veya kurulan
ba?lant? ba?lan?lan ana bilgisayar yan?t vermedi?inden bir ba?lant? kurulamad?.","False","0","False","False","0","False"
"c4450db8-b5fb-4a9f-812c-8d214ea86167","MANIFEST_BOUND","hmail-perf-pair-service-20260901","06EFCBA9520D478A6DAC7ABB7F09F3B63D015A0CD5ECA1EB4D0FD2CC8C38F9FD","cpp","hmail_perf_pair_cpp_20260831_head3","C:\hmail-perf-pair-service-20260901\cpp\Data","B3DF9E8BBF4BEDB1102C94DF7C86356E1FEABCBC02A18E8EABEB1EA1453D09B8",,,"one TCP client and one sequential IMAP session per sample","0","PASS","45FA907CE0D3797C1E13EBB2F03F076A25656CCE27E801C18F745ACD3944FBBD","5136EEC556F9790732AE759EF52F77FE6172329EA55787A80300C4A824107E46","1","385","False","False","7057.888","Aktarma ba?lant?s?ndan veriler okunamad?: Ba?lan?lan uygun olarak belli bir s?re i?inde yan?t vermedi?inden veya kurulan
ba?lant? ba?lan?lan ana bilgisayar yan?t vermedi?inden bir ba?lant? kurulamad?.","False","0","False","False","0","False"
"c4450db8-b5fb-4a9f-812c-8d214ea86167","MANIFEST_BOUND","hmail-perf-pair-service-20260901","06EFCBA9520D478A6DAC7ABB7F09F3B63D015A0CD5ECA1EB4D0FD2CC8C38F9FD","cpp","hmail_perf_pair_cpp_20260831_head3","C:\hmail-perf-pair-service-20260901\cpp\Data","B3DF9E8BBF4BEDB1102C94DF7C86356E1FEABCBC02A18E8EABEB1EA1453D09B8",,,"one TCP client and one sequential IMAP session per sample","0","PASS","45FA907CE0D3797C1E13EBB2F03F076A25656CCE27E801C18F745ACD3944FBBD","5136EEC556F9790732AE759EF52F77FE6172329EA55787A80300C4A824107E46","1","386","False","False","7062.066","Aktarma ba?lant?s?ndan veriler okunamad?: Ba?lan?lan uygun olarak belli bir s?re i?inde yan?t vermedi?inden veya kurulan
ba?lant? ba?lan?lan ana bilgisayar yan?t vermedi?inden bir ba?lant? kurulamad?.","False","0","False","False","0","False"
"c4450db8-b5fb-4a9f-812c-8d214ea86167","MANIFEST_BOUND","hmail-perf-pair-service-20260901","06EFCBA9520D478A6DAC7ABB7F09F3B63D015A0CD5ECA1EB4D0FD2CC8C38F9FD","cpp","hmail_perf_pair_cpp_20260831_head3","C:\hmail-perf-pair-service-20260901\cpp\Data","B3DF9E8BBF4BEDB1102C94DF7C86356E1FEABCBC02A18E8EABEB1EA1453D09B8",,,"one TCP client and one sequential IMAP session per sample","0","PASS","45FA907CE0D3797C1E13EBB2F03F076A25656CCE27E801C18F745ACD3944FBBD","5136EEC556F9790732AE759EF52F77FE6172329EA55787A80300C4A824107E46","1","387","False","False","7061.497","Aktarma ba?lant?s?ndan veriler okunamad?: Ba?lan?lan uygun olarak belli bir s?re i?inde yan?t vermedi?inden veya kurulan
ba?lant? ba?lan?lan ana bilgisayar yan?t vermedi?inden bir ba?lant? kurulamad?.","False","0","False","False","0","False"
"c4450db8-b5fb-4a9f-812c-8d214ea86167","MANIFEST_BOUND","hmail-perf-pair-service-20260901","06EFCBA9520D478A6DAC7ABB7F09F3B63D015A0CD5ECA1EB4D0FD2CC8C38F9FD","cpp","hmail_perf_pair_cpp_20260831_head3","C:\hmail-perf-pair-service-20260901\cpp\Data","B3DF9E8BBF4BEDB1102C94DF7C86356E1FEABCBC02A18E8EABEB1EA1453D09B8",,,"one TCP client and one sequential IMAP session per sample","0","PASS","45FA907CE0D3797C1E13EBB2F03F076A25656CCE27E801C18F745ACD3944FBBD","5136EEC556F9790732AE759EF52F77FE6172329EA55787A80300C4A824107E46","1","388","False","False","2063.458","Hedef makine etkin olarak reddetti?inden ba?lant? kurulamad? 127.0.0.1:1143","False","0","False","False","0","False"
"c4450db8-b5fb-4a9f-812c-8d214ea86167","MANIFEST_BOUND","hmail-perf-pair-service-20260901","06EFCBA9520D478A6DAC7ABB7F09F3B63D015A0CD5ECA1EB4D0FD2CC8C38F9FD","cpp","hmail_perf_pair_cpp_20260831_head3","C:\hmail-perf-pair-service-20260901\cpp\Data","B3DF9E8BBF4BEDB1102C94DF7C86356E1FEABCBC02A18E8EABEB1EA1453D09B8",,,"one TCP client and one sequential IMAP session per sample","0","PASS","45FA907CE0D3797C1E13EBB2F03F076A25656CCE27E801C18F745ACD3944FBBD","5136EEC556F9790732AE759EF52F77FE6172329EA55787A80300C4A824107E46","1","389","False","False","7074.3","Aktarma ba?lant?s?ndan veriler okunamad?: Ba?lan?lan uygun olarak belli bir s?re i?inde yan?t vermedi?inden veya kurulan
ba?lant? ba?lan?lan ana bilgisayar yan?t vermedi?inden bir ba?lant? kurulamad?.","False","0","False","False","0","False"
"c4450db8-b5fb-4a9f-812c-8d214ea86167","MANIFEST_BOUND","hmail-perf-pair-service-20260901","06EFCBA9520D478A6DAC7ABB7F09F3B63D015A0CD5ECA1EB4D0FD2CC8C38F9FD","cpp","hmail_perf_pair_cpp_20260831_head3","C:\hmail-perf-pair-service-20260901\cpp\Data","B3DF9E8BBF4BEDB1102C94DF7C86356E1FEABCBC02A18E8EABEB1EA1453D09B8",,,"one TCP client and one sequential IMAP session per sample","0","PASS","45FA907CE0D3797C1E13EBB2F03F076A25656CCE27E801C18F745ACD3944FBBD","5136EEC556F9790732AE759EF52F77FE6172329EA55787A80300C4A824107E46","1","390","False","False","7077.324","Aktarma ba?lant?s?ndan veriler okunamad?: Ba?lan?lan uygun olarak belli bir s?re i?inde yan?t vermedi?inden veya kurulan
ba?lant? ba?lan?lan ana bilgisayar yan?t vermedi?inden bir ba?lant? kurulamad?.","False","0","False","False","0","False"
"c4450db8-b5fb-4a9f-812c-8d214ea86167","MANIFEST_BOUND","hmail-perf-pair-service-20260901","06EFCBA9520D478A6DAC7ABB7F09F3B63D015A0CD5ECA1EB4D0FD2CC8C38F9FD","cpp","hmail_perf_pair_cpp_20260831_head3","C:\hmail-perf-pair-service-20260901\cpp\Data","B3DF9E8BBF4BEDB1102C94DF7C86356E1FEABCBC02A18E8EABEB1EA1453D09B8",,,"one TCP client and one sequential IMAP session per sample","0","PASS","45FA907CE0D3797C1E13EBB2F03F076A25656CCE27E801C18F745ACD3944FBBD","5136EEC556F9790732AE759EF52F77FE6172329EA55787A80300C4A824107E46","1","391","False","False","7063.682","Aktarma ba?lant?s?ndan veriler okunamad?: Ba?lan?lan uygun olarak belli bir s?re i?inde yan?t vermedi?inden veya kurulan
ba?lant? ba?lan?lan ana bilgisayar yan?t vermedi?inden bir ba?lant? kurulamad?.","False","0","False","False","0","False"
"c4450db8-b5fb-4a9f-812c-8d214ea86167","MANIFEST_BOUND","hmail-perf-pair-service-20260901","06EFCBA9520D478A6DAC7ABB7F09F3B63D015A0CD5ECA1EB4D0FD2CC8C38F9FD","cpp","hmail_perf_pair_cpp_20260831_head3","C:\hmail-perf-pair-service-20260901\cpp\Data","B3DF9E8BBF4BEDB1102C94DF7C86356E1FEABCBC02A18E8EABEB1EA1453D09B8",,,"one TCP client and one sequential IMAP session per sample","0","PASS","45FA907CE0D3797C1E13EBB2F03F076A25656CCE27E801C18F745ACD3944FBBD","5136EEC556F9790732AE759EF52F77FE6172329EA55787A80300C4A824107E46","1","392","False","False","7058.194","Aktarma ba?lant?s?ndan veriler okunamad?: Ba?lan?lan uygun olarak belli bir s?re i?inde yan?t vermedi?inden veya kurulan
ba?lant? ba?lan?lan ana bilgisayar yan?t vermedi?inden bir ba?lant? kurulamad?.","False","0","False","False","0","False"
"c4450db8-b5fb-4a9f-812c-8d214ea86167","MANIFEST_BOUND","hmail-perf-pair-service-20260901","06EFCBA9520D478A6DAC7ABB7F09F3B63D015A0CD5ECA1EB4D0FD2CC8C38F9FD","cpp","hmail_perf_pair_cpp_20260831_head3","C:\hmail-perf-pair-service-20260901\cpp\Data","B3DF9E8BBF4BEDB1102C94DF7C86356E1FEABCBC02A18E8EABEB1EA1453D09B8",,,"one TCP client and one sequential IMAP session per sample","0","PASS","45FA907CE0D3797C1E13EBB2F03F076A25656CCE27E801C18F745ACD3944FBBD","5136EEC556F9790732AE759EF52F77FE6172329EA55787A80300C4A824107E46","1","393","False","False","7058.176","Aktarma ba?lant?s?ndan veriler okunamad?: Ba?lan?lan uygun olarak belli bir s?re i?inde yan?t vermedi?inden veya kurulan
ba?lant? ba?lan?lan ana bilgisayar yan?t vermedi?inden bir ba?lant? kurulamad?.","False","0","False","False","0","False"
"c4450db8-b5fb-4a9f-812c-8d214ea86167","MANIFEST_BOUND","hmail-perf-pair-service-20260901","06EFCBA9520D478A6DAC7ABB7F09F3B63D015A0CD5ECA1EB4D0FD2CC8C38F9FD","cpp","hmail_perf_pair_cpp_20260831_head3","C:\hmail-perf-pair-service-20260901\cpp\Data","B3DF9E8BBF4BEDB1102C94DF7C86356E1FEABCBC02A18E8EABEB1EA1453D09B8",,,"one TCP client and one sequential IMAP session per sample","0","PASS","45FA907CE0D3797C1E13EBB2F03F076A25656CCE27E801C18F745ACD3944FBBD","5136EEC556F9790732AE759EF52F77FE6172329EA55787A80300C4A824107E46","1","394","False","False","7062.095","Aktarma ba?lant?s?ndan veriler okunamad?: Ba?lan?lan uygun olarak belli bir s?re i?inde yan?t vermedi?inden veya kurulan
ba?lant? ba?lan?lan ana bilgisayar yan?t vermedi?inden bir ba?lant? kurulamad?.","False","0","False","False","0","False"
"c4450db8-b5fb-4a9f-812c-8d214ea86167","MANIFEST_BOUND","hmail-perf-pair-service-20260901","06EFCBA9520D478A6DAC7ABB7F09F3B63D015A0CD5ECA1EB4D0FD2CC8C38F9FD","cpp","hmail_perf_pair_cpp_20260831_head3","C:\hmail-perf-pair-service-20260901\cpp\Data","B3DF9E8BBF4BEDB1102C94DF7C86356E1FEABCBC02A18E8EABEB1EA1453D09B8",,,"one TCP client and one sequential IMAP session per sample","0","PASS","45FA907CE0D3797C1E13EBB2F03F076A25656CCE27E801C18F745ACD3944FBBD","5136EEC556F9790732AE759EF52F77FE6172329EA55787A80300C4A824107E46","1","395","False","False","7062.598","Aktarma ba?lant?s?ndan veriler okunamad?: Ba?lan?lan uygun olarak belli bir s?re i?inde yan?t vermedi?inden veya kurulan
ba?lant? ba?lan?lan ana bilgisayar yan?t vermedi?inden bir ba?lant? kurulamad?.","False","0","False","False","0","False"
"c4450db8-b5fb-4a9f-812c-8d214ea86167","MANIFEST_BOUND","hmail-perf-pair-service-20260901","06EFCBA9520D478A6DAC7ABB7F09F3B63D015A0CD5ECA1EB4D0FD2CC8C38F9FD","cpp","hmail_perf_pair_cpp_20260831_head3","C:\hmail-perf-pair-service-20260901\cpp\Data","B3DF9E8BBF4BEDB1102C94DF7C86356E1FEABCBC02A18E8EABEB1EA1453D09B8",,,"one TCP client and one sequential IMAP session per sample","0","PASS","45FA907CE0D3797C1E13EBB2F03F076A25656CCE27E801C18F745ACD3944FBBD","5136EEC556F9790732AE759EF52F77FE6172329EA55787A80300C4A824107E46","1","396","False","False","7074.836","Aktarma ba?lant?s?ndan veriler okunamad?: Ba?lan?lan uygun olarak belli bir s?re i?inde yan?t vermedi?inden veya kurulan
ba?lant? ba?lan?lan ana bilgisayar yan?t vermedi?inden bir ba?lant? kurulamad?.","False","0","False","False","0","False"
"c4450db8-b5fb-4a9f-812c-8d214ea86167","MANIFEST_BOUND","hmail-perf-pair-service-20260901","06EFCBA9520D478A6DAC7ABB7F09F3B63D015A0CD5ECA1EB4D0FD2CC8C38F9FD","cpp","hmail_perf_pair_cpp_20260831_head3","C:\hmail-perf-pair-service-20260901\cpp\Data","B3DF9E8BBF4BEDB1102C94DF7C86356E1FEABCBC02A18E8EABEB1EA1453D09B8",,,"one TCP client and one sequential IMAP session per sample","0","PASS","45FA907CE0D3797C1E13EBB2F03F076A25656CCE27E801C18F745ACD3944FBBD","5136EEC556F9790732AE759EF52F77FE6172329EA55787A80300C4A824107E46","1","397","False","False","7073.96","Aktarma ba?lant?s?ndan veriler okunamad?: Ba?lan?lan uygun olarak belli bir s?re i?inde yan?t vermedi?inden veya kurulan
ba?lant? ba?lan?lan ana bilgisayar yan?t vermedi?inden bir ba?lant? kurulamad?.","False","0","False","False","0","False"
"c4450db8-b5fb-4a9f-812c-8d214ea86167","MANIFEST_BOUND","hmail-perf-pair-service-20260901","06EFCBA9520D478A6DAC7ABB7F09F3B63D015A0CD5ECA1EB4D0FD2CC8C38F9FD","cpp","hmail_perf_pair_cpp_20260831_head3","C:\hmail-perf-pair-service-20260901\cpp\Data","B3DF9E8BBF4BEDB1102C94DF7C86356E1FEABCBC02A18E8EABEB1EA1453D09B8",,,"one TCP client and one sequential IMAP session per sample","0","PASS","45FA907CE0D3797C1E13EBB2F03F076A25656CCE27E801C18F745ACD3944FBBD","5136EEC556F9790732AE759EF52F77FE6172329EA55787A80300C4A824107E46","1","398","False","False","7068.139","Aktarma ba?lant?s?ndan veriler okunamad?: Ba?lan?lan uygun olarak belli bir s?re i?inde yan?t vermedi?inden veya kurulan
ba?lant? ba?lan?lan ana bilgisayar yan?t vermedi?inden bir ba?lant? kurulamad?.","False","0","False","False","0","False"
"c4450db8-b5fb-4a9f-812c-8d214ea86167","MANIFEST_BOUND","hmail-perf-pair-service-20260901","06EFCBA9520D478A6DAC7ABB7F09F3B63D015A0CD5ECA1EB4D0FD2CC8C38F9FD","cpp","hmail_perf_pair_cpp_20260831_head3","C:\hmail-perf-pair-service-20260901\cpp\Data","B3DF9E8BBF4BEDB1102C94DF7C86356E1FEABCBC02A18E8EABEB1EA1453D09B8",,,"one TCP client and one sequential IMAP session per sample","0","PASS","45FA907CE0D3797C1E13EBB2F03F076A25656CCE27E801C18F745ACD3944FBBD","5136EEC556F9790732AE759EF52F77FE6172329EA55787A80300C4A824107E46","1","399","False","False","7063.27","Aktarma ba?lant?s?ndan veriler okunamad?: Ba?lan?lan uygun olarak belli bir s?re i?inde yan?t vermedi?inden veya kurulan
ba?lant? ba?lan?lan ana bilgisayar yan?t vermedi?inden bir ba?lant? kurulamad?.","False","0","False","False","0","False"
"c4450db8-b5fb-4a9f-812c-8d214ea86167","MANIFEST_BOUND","hmail-perf-pair-service-20260901","06EFCBA9520D478A6DAC7ABB7F09F3B63D015A0CD5ECA1EB4D0FD2CC8C38F9FD","cpp","hmail_perf_pair_cpp_20260831_head3","C:\hmail-perf-pair-service-20260901\cpp\Data","B3DF9E8BBF4BEDB1102C94DF7C86356E1FEABCBC02A18E8EABEB1EA1453D09B8",,,"one TCP client and one sequential IMAP session per sample","0","PASS","45FA907CE0D3797C1E13EBB2F03F076A25656CCE27E801C18F745ACD3944FBBD","5136EEC556F9790732AE759EF52F77FE6172329EA55787A80300C4A824107E46","1","400","False","False","7067.578","Aktarma ba?lant?s?ndan veriler okunamad?: Ba?lan?lan uygun olarak belli bir s?re i?inde yan?t vermedi?inden veya kurulan
ba?lant? ba?lan?lan ana bilgisayar yan?t vermedi?inden bir ba?lant? kurulamad?.","False","0","False","False","0","False"
"c4450db8-b5fb-4a9f-812c-8d214ea86167","MANIFEST_BOUND","hmail-perf-pair-service-20260901","06EFCBA9520D478A6DAC7ABB7F09F3B63D015A0CD5ECA1EB4D0FD2CC8C38F9FD","cpp","hmail_perf_pair_cpp_20260831_head3","C:\hmail-perf-pair-service-20260901\cpp\Data","B3DF9E8BBF4BEDB1102C94DF7C86356E1FEABCBC02A18E8EABEB1EA1453D09B8",,,"one TCP client and one sequential IMAP session per sample","0","PASS","45FA907CE0D3797C1E13EBB2F03F076A25656CCE27E801C18F745ACD3944FBBD","5136EEC556F9790732AE759EF52F77FE6172329EA55787A80300C4A824107E46","1","401","False","False","7061.902","Aktarma ba?lant?s?ndan veriler okunamad?: Ba?lan?lan uygun olarak belli bir s?re i?inde yan?t vermedi?inden veya kurulan
ba?lant? ba?lan?lan ana bilgisayar yan?t vermedi?inden bir ba?lant? kurulamad?.","False","0","False","False","0","False"
"c4450db8-b5fb-4a9f-812c-8d214ea86167","MANIFEST_BOUND","hmail-perf-pair-service-20260901","06EFCBA9520D478A6DAC7ABB7F09F3B63D015A0CD5ECA1EB4D0FD2CC8C38F9FD","cpp","hmail_perf_pair_cpp_20260831_head3","C:\hmail-perf-pair-service-20260901\cpp\Data","B3DF9E8BBF4BEDB1102C94DF7C86356E1FEABCBC02A18E8EABEB1EA1453D09B8",,,"one TCP client and one sequential IMAP session per sample","0","PASS","45FA907CE0D3797C1E13EBB2F03F076A25656CCE27E801C18F745ACD3944FBBD","5136EEC556F9790732AE759EF52F77FE6172329EA55787A80300C4A824107E46","1","402","False","False","7063.968","Aktarma ba?lant?s?ndan veriler okunamad?: Ba?lan?lan uygun olarak belli bir s?re i?inde yan?t vermedi?inden veya kurulan
ba?lant? ba?lan?lan ana bilgisayar yan?t vermedi?inden bir ba?lant? kurulamad?.","False","0","False","False","0","False"
"c4450db8-b5fb-4a9f-812c-8d214ea86167","MANIFEST_BOUND","hmail-perf-pair-service-20260901","06EFCBA9520D478A6DAC7ABB7F09F3B63D015A0CD5ECA1EB4D0FD2CC8C38F9FD","cpp","hmail_perf_pair_cpp_20260831_head3","C:\hmail-perf-pair-service-20260901\cpp\Data","B3DF9E8BBF4BEDB1102C94DF7C86356E1FEABCBC02A18E8EABEB1EA1453D09B8",,,"one TCP client and one sequential IMAP session per sample","0","PASS","45FA907CE0D3797C1E13EBB2F03F076A25656CCE27E801C18F745ACD3944FBBD","5136EEC556F9790732AE759EF52F77FE6172329EA55787A80300C4A824107E46","1","403","False","False","7061.787","Aktarma ba?lant?s?ndan veriler okunamad?: Ba?lan?lan uygun olarak belli bir s?re i?inde yan?t vermedi?inden veya kurulan
ba?lant? ba?lan?lan ana bilgisayar yan?t vermedi?inden bir ba?lant? kurulamad?.","False","0","False","False","0","False"
"c4450db8-b5fb-4a9f-812c-8d214ea86167","MANIFEST_BOUND","hmail-perf-pair-service-20260901","06EFCBA9520D478A6DAC7ABB7F09F3B63D015A0CD5ECA1EB4D0FD2CC8C38F9FD","cpp","hmail_perf_pair_cpp_20260831_head3","C:\hmail-perf-pair-service-20260901\cpp\Data","B3DF9E8BBF4BEDB1102C94DF7C86356E1FEABCBC02A18E8EABEB1EA1453D09B8",,,"one TCP client and one sequential IMAP session per sample","0","PASS","45FA907CE0D3797C1E13EBB2F03F076A25656CCE27E801C18F745ACD3944FBBD","5136EEC556F9790732AE759EF52F77FE6172329EA55787A80300C4A824107E46","1","404","False","False","7067.389","Aktarma ba?lant?s?ndan veriler okunamad?: Ba?lan?lan uygun olarak belli bir s?re i?inde yan?t vermedi?inden veya kurulan
ba?lant? ba?lan?lan ana bilgisayar yan?t vermedi?inden bir ba?lant? kurulamad?.","False","0","False","False","0","False"
"c4450db8-b5fb-4a9f-812c-8d214ea86167","MANIFEST_BOUND","hmail-perf-pair-service-20260901","06EFCBA9520D478A6DAC7ABB7F09F3B63D015A0CD5ECA1EB4D0FD2CC8C38F9FD","cpp","hmail_perf_pair_cpp_20260831_head3","C:\hmail-perf-pair-service-20260901\cpp\Data","B3DF9E8BBF4BEDB1102C94DF7C86356E1FEABCBC02A18E8EABEB1EA1453D09B8",,,"one TCP client and one sequential IMAP session per sample","0","PASS","45FA907CE0D3797C1E13EBB2F03F076A25656CCE27E801C18F745ACD3944FBBD","5136EEC556F9790732AE759EF52F77FE6172329EA55787A80300C4A824107E46","1","405","False","False","7073.802","Aktarma ba?lant?s?ndan veriler okunamad?: Ba?lan?lan uygun olarak belli bir s?re i?inde yan?t vermedi?inden veya kurulan
ba?lant? ba?lan?lan ana bilgisayar yan?t vermedi?inden bir ba?lant? kurulamad?.","False","0","False","False","0","False"
"c4450db8-b5fb-4a9f-812c-8d214ea86167","MANIFEST_BOUND","hmail-perf-pair-service-20260901","06EFCBA9520D478A6DAC7ABB7F09F3B63D015A0CD5ECA1EB4D0FD2CC8C38F9FD","cpp","hmail_perf_pair_cpp_20260831_head3","C:\hmail-perf-pair-service-20260901\cpp\Data","B3DF9E8BBF4BEDB1102C94DF7C86356E1FEABCBC02A18E8EABEB1EA1453D09B8",,,"one TCP client and one sequential IMAP session per sample","0","PASS","45FA907CE0D3797C1E13EBB2F03F076A25656CCE27E801C18F745ACD3944FBBD","5136EEC556F9790732AE759EF52F77FE6172329EA55787A80300C4A824107E46","1","406","False","False","7056.568","Aktarma ba?lant?s?ndan veriler okunamad?: Ba?lan?lan uygun olarak belli bir s?re i?inde yan?t vermedi?inden veya kurulan
ba?lant? ba?lan?lan ana bilgisayar yan?t vermedi?inden bir ba?lant? kurulamad?.","False","0","False","False","0","False"
"c4450db8-b5fb-4a9f-812c-8d214ea86167","MANIFEST_BOUND","hmail-perf-pair-service-20260901","06EFCBA9520D478A6DAC7ABB7F09F3B63D015A0CD5ECA1EB4D0FD2CC8C38F9FD","cpp","hmail_perf_pair_cpp_20260831_head3","C:\hmail-perf-pair-service-20260901\cpp\Data","B3DF9E8BBF4BEDB1102C94DF7C86356E1FEABCBC02A18E8EABEB1EA1453D09B8",,,"one TCP client and one sequential IMAP session per sample","0","PASS","45FA907CE0D3797C1E13EBB2F03F076A25656CCE27E801C18F745ACD3944FBBD","5136EEC556F9790732AE759EF52F77FE6172329EA55787A80300C4A824107E46","1","407","False","False","7063.536","Aktarma ba?lant?s?ndan veriler okunamad?: Ba?lan?lan uygun olarak belli bir s?re i?inde yan?t vermedi?inden veya kurulan
ba?lant? ba?lan?lan ana bilgisayar yan?t vermedi?inden bir ba?lant? kurulamad?.","False","0","False","False","0","False"
"c4450db8-b5fb-4a9f-812c-8d214ea86167","MANIFEST_BOUND","hmail-perf-pair-service-20260901","06EFCBA9520D478A6DAC7ABB7F09F3B63D015A0CD5ECA1EB4D0FD2CC8C38F9FD","cpp","hmail_perf_pair_cpp_20260831_head3","C:\hmail-perf-pair-service-20260901\cpp\Data","B3DF9E8BBF4BEDB1102C94DF7C86356E1FEABCBC02A18E8EABEB1EA1453D09B8",,,"one TCP client and one sequential IMAP session per sample","0","PASS","45FA907CE0D3797C1E13EBB2F03F076A25656CCE27E801C18F745ACD3944FBBD","5136EEC556F9790732AE759EF52F77FE6172329EA55787A80300C4A824107E46","1","408","False","False","7059.276","Aktarma ba?lant?s?ndan veriler okunamad?: Ba?lan?lan uygun olarak belli bir s?re i?inde yan?t vermedi?inden veya kurulan
ba?lant? ba?lan?lan ana bilgisayar yan?t vermedi?inden bir ba?lant? kurulamad?.","False","0","False","False","0","False"
"c4450db8-b5fb-4a9f-812c-8d214ea86167","MANIFEST_BOUND","hmail-perf-pair-service-20260901","06EFCBA9520D478A6DAC7ABB7F09F3B63D015A0CD5ECA1EB4D0FD2CC8C38F9FD","cpp","hmail_perf_pair_cpp_20260831_head3","C:\hmail-perf-pair-service-20260901\cpp\Data","B3DF9E8BBF4BEDB1102C94DF7C86356E1FEABCBC02A18E8EABEB1EA1453D09B8",,,"one TCP client and one sequential IMAP session per sample","0","PASS","45FA907CE0D3797C1E13EBB2F03F076A25656CCE27E801C18F745ACD3944FBBD","5136EEC556F9790732AE759EF52F77FE6172329EA55787A80300C4A824107E46","1","409","False","False","7058.395","Aktarma ba?lant?s?ndan veriler okunamad?: Ba?lan?lan uygun olarak belli bir s?re i?inde yan?t vermedi?inden veya kurulan
ba?lant? ba?lan?lan ana bilgisayar yan?t vermedi?inden bir ba?lant? kurulamad?.","False","0","False","False","0","False"
"c4450db8-b5fb-4a9f-812c-8d214ea86167","MANIFEST_BOUND","hmail-perf-pair-service-20260901","06EFCBA9520D478A6DAC7ABB7F09F3B63D015A0CD5ECA1EB4D0FD2CC8C38F9FD","cpp","hmail_perf_pair_cpp_20260831_head3","C:\hmail-perf-pair-service-20260901\cpp\Data","B3DF9E8BBF4BEDB1102C94DF7C86356E1FEABCBC02A18E8EABEB1EA1453D09B8",,,"one TCP client and one sequential IMAP session per sample","0","PASS","45FA907CE0D3797C1E13EBB2F03F076A25656CCE27E801C18F745ACD3944FBBD","5136EEC556F9790732AE759EF52F77FE6172329EA55787A80300C4A824107E46","1","410","False","False","7061.307","Aktarma ba?lant?s?ndan veriler okunamad?: Ba?lan?lan uygun olarak belli bir s?re i?inde yan?t vermedi?inden veya kurulan
ba?lant? ba?lan?lan ana bilgisayar yan?t vermedi?inden bir ba?lant? kurulamad?.","False","0","False","False","0","False"
"c4450db8-b5fb-4a9f-812c-8d214ea86167","MANIFEST_BOUND","hmail-perf-pair-service-20260901","06EFCBA9520D478A6DAC7ABB7F09F3B63D015A0CD5ECA1EB4D0FD2CC8C38F9FD","cpp","hmail_perf_pair_cpp_20260831_head3","C:\hmail-perf-pair-service-20260901\cpp\Data","B3DF9E8BBF4BEDB1102C94DF7C86356E1FEABCBC02A18E8EABEB1EA1453D09B8",,,"one TCP client and one sequential IMAP session per sample","0","PASS","45FA907CE0D3797C1E13EBB2F03F076A25656CCE27E801C18F745ACD3944FBBD","5136EEC556F9790732AE759EF52F77FE6172329EA55787A80300C4A824107E46","1","411","False","False","7061.953","Aktarma ba?lant?s?ndan veriler okunamad?: Ba?lan?lan uygun olarak belli bir s?re i?inde yan?t vermedi?inden veya kurulan
ba?lant? ba?lan?lan ana bilgisayar yan?t vermedi?inden bir ba?lant? kurulamad?.","False","0","False","False","0","False"
"c4450db8-b5fb-4a9f-812c-8d214ea86167","MANIFEST_BOUND","hmail-perf-pair-service-20260901","06EFCBA9520D478A6DAC7ABB7F09F3B63D015A0CD5ECA1EB4D0FD2CC8C38F9FD","cpp","hmail_perf_pair_cpp_20260831_head3","C:\hmail-perf-pair-service-20260901\cpp\Data","B3DF9E8BBF4BEDB1102C94DF7C86356E1FEABCBC02A18E8EABEB1EA1453D09B8",,,"one TCP client and one sequential IMAP session per sample","0","PASS","45FA907CE0D3797C1E13EBB2F03F076A25656CCE27E801C18F745ACD3944FBBD","5136EEC556F9790732AE759EF52F77FE6172329EA55787A80300C4A824107E46","1","412","False","False","7073.623","Aktarma ba?lant?s?ndan veriler okunamad?: Ba?lan?lan uygun olarak belli bir s?re i?inde yan?t vermedi?inden veya kurulan
ba?lant? ba?lan?lan ana bilgisayar yan?t vermedi?inden bir ba?lant? kurulamad?.","False","0","False","False","0","False"
"c4450db8-b5fb-4a9f-812c-8d214ea86167","MANIFEST_BOUND","hmail-perf-pair-service-20260901","06EFCBA9520D478A6DAC7ABB7F09F3B63D015A0CD5ECA1EB4D0FD2CC8C38F9FD","cpp","hmail_perf_pair_cpp_20260831_head3","C:\hmail-perf-pair-service-20260901\cpp\Data","B3DF9E8BBF4BEDB1102C94DF7C86356E1FEABCBC02A18E8EABEB1EA1453D09B8",,,"one TCP client and one sequential IMAP session per sample","0","PASS","45FA907CE0D3797C1E13EBB2F03F076A25656CCE27E801C18F745ACD3944FBBD","5136EEC556F9790732AE759EF52F77FE6172329EA55787A80300C4A824107E46","1","413","False","False","7076.874","Aktarma ba?lant?s?ndan veriler okunamad?: Ba?lan?lan uygun olarak belli bir s?re i?inde yan?t vermedi?inden veya kurulan
ba?lant? ba?lan?lan ana bilgisayar yan?t vermedi?inden bir ba?lant? kurulamad?.","False","0","False","False","0","False"
"c4450db8-b5fb-4a9f-812c-8d214ea86167","MANIFEST_BOUND","hmail-perf-pair-service-20260901","06EFCBA9520D478A6DAC7ABB7F09F3B63D015A0CD5ECA1EB4D0FD2CC8C38F9FD","cpp","hmail_perf_pair_cpp_20260831_head3","C:\hmail-perf-pair-service-20260901\cpp\Data","B3DF9E8BBF4BEDB1102C94DF7C86356E1FEABCBC02A18E8EABEB1EA1453D09B8",,,"one TCP client and one sequential IMAP session per sample","0","PASS","45FA907CE0D3797C1E13EBB2F03F076A25656CCE27E801C18F745ACD3944FBBD","5136EEC556F9790732AE759EF52F77FE6172329EA55787A80300C4A824107E46","1","414","False","False","7057.217","Aktarma ba?lant?s?ndan veriler okunamad?: Ba?lan?lan uygun olarak belli bir s?re i?inde yan?t vermedi?inden veya kurulan
ba?lant? ba?lan?lan ana bilgisayar yan?t vermedi?inden bir ba?lant? kurulamad?.","False","0","False","False","0","False"
"c4450db8-b5fb-4a9f-812c-8d214ea86167","MANIFEST_BOUND","hmail-perf-pair-service-20260901","06EFCBA9520D478A6DAC7ABB7F09F3B63D015A0CD5ECA1EB4D0FD2CC8C38F9FD","cpp","hmail_perf_pair_cpp_20260831_head3","C:\hmail-perf-pair-service-20260901\cpp\Data","B3DF9E8BBF4BEDB1102C94DF7C86356E1FEABCBC02A18E8EABEB1EA1453D09B8",,,"one TCP client and one sequential IMAP session per sample","0","PASS","45FA907CE0D3797C1E13EBB2F03F076A25656CCE27E801C18F745ACD3944FBBD","5136EEC556F9790732AE759EF52F77FE6172329EA55787A80300C4A824107E46","1","415","False","False","7066.975","Aktarma ba?lant?s?ndan veriler okunamad?: Ba?lan?lan uygun olarak belli bir s?re i?inde yan?t vermedi?inden veya kurulan
ba?lant? ba?lan?lan ana bilgisayar yan?t vermedi?inden bir ba?lant? kurulamad?.","False","0","False","False","0","False"
"c4450db8-b5fb-4a9f-812c-8d214ea86167","MANIFEST_BOUND","hmail-perf-pair-service-20260901","06EFCBA9520D478A6DAC7ABB7F09F3B63D015A0CD5ECA1EB4D0FD2CC8C38F9FD","cpp","hmail_perf_pair_cpp_20260831_head3","C:\hmail-perf-pair-service-20260901\cpp\Data","B3DF9E8BBF4BEDB1102C94DF7C86356E1FEABCBC02A18E8EABEB1EA1453D09B8",,,"one TCP client and one sequential IMAP session per sample","0","PASS","45FA907CE0D3797C1E13EBB2F03F076A25656CCE27E801C18F745ACD3944FBBD","5136EEC556F9790732AE759EF52F77FE6172329EA55787A80300C4A824107E46","1","416","False","False","7061.572","Aktarma ba?lant?s?ndan veriler okunamad?: Ba?lan?lan uygun olarak belli bir s?re i?inde yan?t vermedi?inden veya kurulan
ba?lant? ba?lan?lan ana bilgisayar yan?t vermedi?inden bir ba?lant? kurulamad?.","False","0","False","False","0","False"
"c4450db8-b5fb-4a9f-812c-8d214ea86167","MANIFEST_BOUND","hmail-perf-pair-service-20260901","06EFCBA9520D478A6DAC7ABB7F09F3B63D015A0CD5ECA1EB4D0FD2CC8C38F9FD","cpp","hmail_perf_pair_cpp_20260831_head3","C:\hmail-perf-pair-service-20260901\cpp\Data","B3DF9E8BBF4BEDB1102C94DF7C86356E1FEABCBC02A18E8EABEB1EA1453D09B8",,,"one TCP client and one sequential IMAP session per sample","0","PASS","45FA907CE0D3797C1E13EBB2F03F076A25656CCE27E801C18F745ACD3944FBBD","5136EEC556F9790732AE759EF52F77FE6172329EA55787A80300C4A824107E46","1","417","False","False","7061.026","Aktarma ba?lant?s?ndan veriler okunamad?: Ba?lan?lan uygun olarak belli bir s?re i?inde yan?t vermedi?inden veya kurulan
ba?lant? ba?lan?lan ana bilgisayar yan?t vermedi?inden bir ba?lant? kurulamad?.","False","0","False","False","0","False"
"c4450db8-b5fb-4a9f-812c-8d214ea86167","MANIFEST_BOUND","hmail-perf-pair-service-20260901","06EFCBA9520D478A6DAC7ABB7F09F3B63D015A0CD5ECA1EB4D0FD2CC8C38F9FD","cpp","hmail_perf_pair_cpp_20260831_head3","C:\hmail-perf-pair-service-20260901\cpp\Data","B3DF9E8BBF4BEDB1102C94DF7C86356E1FEABCBC02A18E8EABEB1EA1453D09B8",,,"one TCP client and one sequential IMAP session per sample","0","PASS","45FA907CE0D3797C1E13EBB2F03F076A25656CCE27E801C18F745ACD3944FBBD","5136EEC556F9790732AE759EF52F77FE6172329EA55787A80300C4A824107E46","1","418","False","False","7061.988","Aktarma ba?lant?s?ndan veriler okunamad?: Ba?lan?lan uygun olarak belli bir s?re i?inde yan?t vermedi?inden veya kurulan
ba?lant? ba?lan?lan ana bilgisayar yan?t vermedi?inden bir ba?lant? kurulamad?.","False","0","False","False","0","False"
"c4450db8-b5fb-4a9f-812c-8d214ea86167","MANIFEST_BOUND","hmail-perf-pair-service-20260901","06EFCBA9520D478A6DAC7ABB7F09F3B63D015A0CD5ECA1EB4D0FD2CC8C38F9FD","cpp","hmail_perf_pair_cpp_20260831_head3","C:\hmail-perf-pair-service-20260901\cpp\Data","B3DF9E8BBF4BEDB1102C94DF7C86356E1FEABCBC02A18E8EABEB1EA1453D09B8",,,"one TCP client and one sequential IMAP session per sample","0","PASS","45FA907CE0D3797C1E13EBB2F03F076A25656CCE27E801C18F745ACD3944FBBD","5136EEC556F9790732AE759EF52F77FE6172329EA55787A80300C4A824107E46","1","419","False","False","7067.402","Aktarma ba?lant?s?ndan veriler okunamad?: Ba?lan?lan uygun olarak belli bir s?re i?inde yan?t vermedi?inden veya kurulan
ba?lant? ba?lan?lan ana bilgisayar yan?t vermedi?inden bir ba?lant? kurulamad?.","False","0","False","False","0","False"
"c4450db8-b5fb-4a9f-812c-8d214ea86167","MANIFEST_BOUND","hmail-perf-pair-service-20260901","06EFCBA9520D478A6DAC7ABB7F09F3B63D015A0CD5ECA1EB4D0FD2CC8C38F9FD","cpp","hmail_perf_pair_cpp_20260831_head3","C:\hmail-perf-pair-service-20260901\cpp\Data","B3DF9E8BBF4BEDB1102C94DF7C86356E1FEABCBC02A18E8EABEB1EA1453D09B8",,,"one TCP client and one sequential IMAP session per sample","0","PASS","45FA907CE0D3797C1E13EBB2F03F076A25656CCE27E801C18F745ACD3944FBBD","5136EEC556F9790732AE759EF52F77FE6172329EA55787A80300C4A824107E46","1","420","False","False","7074.102","Aktarma ba?lant?s?ndan veriler okunamad?: Ba?lan?lan uygun olarak belli bir s?re i?inde yan?t vermedi?inden veya kurulan
ba?lant? ba?lan?lan ana bilgisayar yan?t vermedi?inden bir ba?lant? kurulamad?.","False","0","False","False","0","False"
"c4450db8-b5fb-4a9f-812c-8d214ea86167","MANIFEST_BOUND","hmail-perf-pair-service-20260901","06EFCBA9520D478A6DAC7ABB7F09F3B63D015A0CD5ECA1EB4D0FD2CC8C38F9FD","cpp","hmail_perf_pair_cpp_20260831_head3","C:\hmail-perf-pair-service-20260901\cpp\Data","B3DF9E8BBF4BEDB1102C94DF7C86356E1FEABCBC02A18E8EABEB1EA1453D09B8",,,"one TCP client and one sequential IMAP session per sample","0","PASS","45FA907CE0D3797C1E13EBB2F03F076A25656CCE27E801C18F745ACD3944FBBD","5136EEC556F9790732AE759EF52F77FE6172329EA55787A80300C4A824107E46","1","421","False","False","7073.787","Aktarma ba?lant?s?ndan veriler okunamad?: Ba?lan?lan uygun olarak belli bir s?re i?inde yan?t vermedi?inden veya kurulan
ba?lant? ba?lan?lan ana bilgisayar yan?t vermedi?inden bir ba?lant? kurulamad?.","False","0","False","False","0","False"
"c4450db8-b5fb-4a9f-812c-8d214ea86167","MANIFEST_BOUND","hmail-perf-pair-service-20260901","06EFCBA9520D478A6DAC7ABB7F09F3B63D015A0CD5ECA1EB4D0FD2CC8C38F9FD","cpp","hmail_perf_pair_cpp_20260831_head3","C:\hmail-perf-pair-service-20260901\cpp\Data","B3DF9E8BBF4BEDB1102C94DF7C86356E1FEABCBC02A18E8EABEB1EA1453D09B8",,,"one TCP client and one sequential IMAP session per sample","0","PASS","45FA907CE0D3797C1E13EBB2F03F076A25656CCE27E801C18F745ACD3944FBBD","5136EEC556F9790732AE759EF52F77FE6172329EA55787A80300C4A824107E46","1","422","False","False","7058.613","Aktarma ba?lant?s?ndan veriler okunamad?: Ba?lan?lan uygun olarak belli bir s?re i?inde yan?t vermedi?inden veya kurulan
ba?lant? ba?lan?lan ana bilgisayar yan?t vermedi?inden bir ba?lant? kurulamad?.","False","0","False","False","0","False"
"c4450db8-b5fb-4a9f-812c-8d214ea86167","MANIFEST_BOUND","hmail-perf-pair-service-20260901","06EFCBA9520D478A6DAC7ABB7F09F3B63D015A0CD5ECA1EB4D0FD2CC8C38F9FD","cpp","hmail_perf_pair_cpp_20260831_head3","C:\hmail-perf-pair-service-20260901\cpp\Data","B3DF9E8BBF4BEDB1102C94DF7C86356E1FEABCBC02A18E8EABEB1EA1453D09B8",,,"one TCP client and one sequential IMAP session per sample","0","PASS","45FA907CE0D3797C1E13EBB2F03F076A25656CCE27E801C18F745ACD3944FBBD","5136EEC556F9790732AE759EF52F77FE6172329EA55787A80300C4A824107E46","1","423","False","False","7056.961","Aktarma ba?lant?s?ndan veriler okunamad?: Ba?lan?lan uygun olarak belli bir s?re i?inde yan?t vermedi?inden veya kurulan
ba?lant? ba?lan?lan ana bilgisayar yan?t vermedi?inden bir ba?lant? kurulamad?.","False","0","False","False","0","False"
"c4450db8-b5fb-4a9f-812c-8d214ea86167","MANIFEST_BOUND","hmail-perf-pair-service-20260901","06EFCBA9520D478A6DAC7ABB7F09F3B63D015A0CD5ECA1EB4D0FD2CC8C38F9FD","cpp","hmail_perf_pair_cpp_20260831_head3","C:\hmail-perf-pair-service-20260901\cpp\Data","B3DF9E8BBF4BEDB1102C94DF7C86356E1FEABCBC02A18E8EABEB1EA1453D09B8",,,"one TCP client and one sequential IMAP session per sample","0","PASS","45FA907CE0D3797C1E13EBB2F03F076A25656CCE27E801C18F745ACD3944FBBD","5136EEC556F9790732AE759EF52F77FE6172329EA55787A80300C4A824107E46","1","424","False","False","7067.019","Aktarma ba?lant?s?ndan veriler okunamad?: Ba?lan?lan uygun olarak belli bir s?re i?inde yan?t vermedi?inden veya kurulan
ba?lant? ba?lan?lan ana bilgisayar yan?t vermedi?inden bir ba?lant? kurulamad?.","False","0","False","False","0","False"
"c4450db8-b5fb-4a9f-812c-8d214ea86167","MANIFEST_BOUND","hmail-perf-pair-service-20260901","06EFCBA9520D478A6DAC7ABB7F09F3B63D015A0CD5ECA1EB4D0FD2CC8C38F9FD","cpp","hmail_perf_pair_cpp_20260831_head3","C:\hmail-perf-pair-service-20260901\cpp\Data","B3DF9E8BBF4BEDB1102C94DF7C86356E1FEABCBC02A18E8EABEB1EA1453D09B8",,,"one TCP client and one sequential IMAP session per sample","0","PASS","45FA907CE0D3797C1E13EBB2F03F076A25656CCE27E801C18F745ACD3944FBBD","5136EEC556F9790732AE759EF52F77FE6172329EA55787A80300C4A824107E46","1","425","False","False","7060.73","Aktarma ba?lant?s?ndan veriler okunamad?: Ba?lan?lan uygun olarak belli bir s?re i?inde yan?t vermedi?inden veya kurulan
ba?lant? ba?lan?lan ana bilgisayar yan?t vermedi?inden bir ba?lant? kurulamad?.","False","0","False","False","0","False"
"c4450db8-b5fb-4a9f-812c-8d214ea86167","MANIFEST_BOUND","hmail-perf-pair-service-20260901","06EFCBA9520D478A6DAC7ABB7F09F3B63D015A0CD5ECA1EB4D0FD2CC8C38F9FD","cpp","hmail_perf_pair_cpp_20260831_head3","C:\hmail-perf-pair-service-20260901\cpp\Data","B3DF9E8BBF4BEDB1102C94DF7C86356E1FEABCBC02A18E8EABEB1EA1453D09B8",,,"one TCP client and one sequential IMAP session per sample","0","PASS","45FA907CE0D3797C1E13EBB2F03F076A25656CCE27E801C18F745ACD3944FBBD","5136EEC556F9790732AE759EF52F77FE6172329EA55787A80300C4A824107E46","1","426","False","False","7059.375","Aktarma ba?lant?s?ndan veriler okunamad?: Ba?lan?lan uygun olarak belli bir s?re i?inde yan?t vermedi?inden veya kurulan
ba?lant? ba?lan?lan ana bilgisayar yan?t vermedi?inden bir ba?lant? kurulamad?.","False","0","False","False","0","False"
"c4450db8-b5fb-4a9f-812c-8d214ea86167","MANIFEST_BOUND","hmail-perf-pair-service-20260901","06EFCBA9520D478A6DAC7ABB7F09F3B63D015A0CD5ECA1EB4D0FD2CC8C38F9FD","cpp","hmail_perf_pair_cpp_20260831_head3","C:\hmail-perf-pair-service-20260901\cpp\Data","B3DF9E8BBF4BEDB1102C94DF7C86356E1FEABCBC02A18E8EABEB1EA1453D09B8",,,"one TCP client and one sequential IMAP session per sample","0","PASS","45FA907CE0D3797C1E13EBB2F03F076A25656CCE27E801C18F745ACD3944FBBD","5136EEC556F9790732AE759EF52F77FE6172329EA55787A80300C4A824107E46","1","427","False","False","7061.315","Aktarma ba?lant?s?ndan veriler okunamad?: Ba?lan?lan uygun olarak belli bir s?re i?inde yan?t vermedi?inden veya kurulan
ba?lant? ba?lan?lan ana bilgisayar yan?t vermedi?inden bir ba?lant? kurulamad?.","False","0","False","False","0","False"
"c4450db8-b5fb-4a9f-812c-8d214ea86167","MANIFEST_BOUND","hmail-perf-pair-service-20260901","06EFCBA9520D478A6DAC7ABB7F09F3B63D015A0CD5ECA1EB4D0FD2CC8C38F9FD","cpp","hmail_perf_pair_cpp_20260831_head3","C:\hmail-perf-pair-service-20260901\cpp\Data","B3DF9E8BBF4BEDB1102C94DF7C86356E1FEABCBC02A18E8EABEB1EA1453D09B8",,,"one TCP client and one sequential IMAP session per sample","0","PASS","45FA907CE0D3797C1E13EBB2F03F076A25656CCE27E801C18F745ACD3944FBBD","5136EEC556F9790732AE759EF52F77FE6172329EA55787A80300C4A824107E46","1","428","False","False","7074.196","Aktarma ba?lant?s?ndan veriler okunamad?: Ba?lan?lan uygun olarak belli bir s?re i?inde yan?t vermedi?inden veya kurulan
ba?lant? ba?lan?lan ana bilgisayar yan?t vermedi?inden bir ba?lant? kurulamad?.","False","0","False","False","0","False"
"c4450db8-b5fb-4a9f-812c-8d214ea86167","MANIFEST_BOUND","hmail-perf-pair-service-20260901","06EFCBA9520D478A6DAC7ABB7F09F3B63D015A0CD5ECA1EB4D0FD2CC8C38F9FD","cpp","hmail_perf_pair_cpp_20260831_head3","C:\hmail-perf-pair-service-20260901\cpp\Data","B3DF9E8BBF4BEDB1102C94DF7C86356E1FEABCBC02A18E8EABEB1EA1453D09B8",,,"one TCP client and one sequential IMAP session per sample","0","PASS","45FA907CE0D3797C1E13EBB2F03F076A25656CCE27E801C18F745ACD3944FBBD","5136EEC556F9790732AE759EF52F77FE6172329EA55787A80300C4A824107E46","1","429","False","False","7073.766","Aktarma ba?lant?s?ndan veriler okunamad?: Ba?lan?lan uygun olarak belli bir s?re i?inde yan?t vermedi?inden veya kurulan
ba?lant? ba?lan?lan ana bilgisayar yan?t vermedi?inden bir ba?lant? kurulamad?.","False","0","False","False","0","False"
"c4450db8-b5fb-4a9f-812c-8d214ea86167","MANIFEST_BOUND","hmail-perf-pair-service-20260901","06EFCBA9520D478A6DAC7ABB7F09F3B63D015A0CD5ECA1EB4D0FD2CC8C38F9FD","cpp","hmail_perf_pair_cpp_20260831_head3","C:\hmail-perf-pair-service-20260901\cpp\Data","B3DF9E8BBF4BEDB1102C94DF7C86356E1FEABCBC02A18E8EABEB1EA1453D09B8",,,"one TCP client and one sequential IMAP session per sample","0","PASS","45FA907CE0D3797C1E13EBB2F03F076A25656CCE27E801C18F745ACD3944FBBD","5136EEC556F9790732AE759EF52F77FE6172329EA55787A80300C4A824107E46","1","430","False","False","7057.208","Aktarma ba?lant?s?ndan veriler okunamad?: Ba?lan?lan uygun olarak belli bir s?re i?inde yan?t vermedi?inden veya kurulan
ba?lant? ba?lan?lan ana bilgisayar yan?t vermedi?inden bir ba?lant? kurulamad?.","False","0","False","False","0","False"
"c4450db8-b5fb-4a9f-812c-8d214ea86167","MANIFEST_BOUND","hmail-perf-pair-service-20260901","06EFCBA9520D478A6DAC7ABB7F09F3B63D015A0CD5ECA1EB4D0FD2CC8C38F9FD","cpp","hmail_perf_pair_cpp_20260831_head3","C:\hmail-perf-pair-service-20260901\cpp\Data","B3DF9E8BBF4BEDB1102C94DF7C86356E1FEABCBC02A18E8EABEB1EA1453D09B8",,,"one TCP client and one sequential IMAP session per sample","0","PASS","45FA907CE0D3797C1E13EBB2F03F076A25656CCE27E801C18F745ACD3944FBBD","5136EEC556F9790732AE759EF52F77FE6172329EA55787A80300C4A824107E46","1","431","False","False","7057.462","Aktarma ba?lant?s?ndan veriler okunamad?: Ba?lan?lan uygun olarak belli bir s?re i?inde yan?t vermedi?inden veya kurulan
ba?lant? ba?lan?lan ana bilgisayar yan?t vermedi?inden bir ba?lant? kurulamad?.","False","0","False","False","0","False"
"c4450db8-b5fb-4a9f-812c-8d214ea86167","MANIFEST_BOUND","hmail-perf-pair-service-20260901","06EFCBA9520D478A6DAC7ABB7F09F3B63D015A0CD5ECA1EB4D0FD2CC8C38F9FD","cpp","hmail_perf_pair_cpp_20260831_head3","C:\hmail-perf-pair-service-20260901\cpp\Data","B3DF9E8BBF4BEDB1102C94DF7C86356E1FEABCBC02A18E8EABEB1EA1453D09B8",,,"one TCP client and one sequential IMAP session per sample","0","PASS","45FA907CE0D3797C1E13EBB2F03F076A25656CCE27E801C18F745ACD3944FBBD","5136EEC556F9790732AE759EF52F77FE6172329EA55787A80300C4A824107E46","1","432","False","False","7066.586","Aktarma ba?lant?s?ndan veriler okunamad?: Ba?lan?lan uygun olarak belli bir s?re i?inde yan?t vermedi?inden veya kurulan
ba?lant? ba?lan?lan ana bilgisayar yan?t vermedi?inden bir ba?lant? kurulamad?.","False","0","False","False","0","False"
"c4450db8-b5fb-4a9f-812c-8d214ea86167","MANIFEST_BOUND","hmail-perf-pair-service-20260901","06EFCBA9520D478A6DAC7ABB7F09F3B63D015A0CD5ECA1EB4D0FD2CC8C38F9FD","cpp","hmail_perf_pair_cpp_20260831_head3","C:\hmail-perf-pair-service-20260901\cpp\Data","B3DF9E8BBF4BEDB1102C94DF7C86356E1FEABCBC02A18E8EABEB1EA1453D09B8",,,"one TCP client and one sequential IMAP session per sample","0","PASS","45FA907CE0D3797C1E13EBB2F03F076A25656CCE27E801C18F745ACD3944FBBD","5136EEC556F9790732AE759EF52F77FE6172329EA55787A80300C4A824107E46","1","433","False","False","7057.646","Aktarma ba?lant?s?ndan veriler okunamad?: Ba?lan?lan uygun olarak belli bir s?re i?inde yan?t vermedi?inden veya kurulan
ba?lant? ba?lan?lan ana bilgisayar yan?t vermedi?inden bir ba?lant? kurulamad?.","False","0","False","False","0","False"
"c4450db8-b5fb-4a9f-812c-8d214ea86167","MANIFEST_BOUND","hmail-perf-pair-service-20260901","06EFCBA9520D478A6DAC7ABB7F09F3B63D015A0CD5ECA1EB4D0FD2CC8C38F9FD","cpp","hmail_perf_pair_cpp_20260831_head3","C:\hmail-perf-pair-service-20260901\cpp\Data","B3DF9E8BBF4BEDB1102C94DF7C86356E1FEABCBC02A18E8EABEB1EA1453D09B8",,,"one TCP client and one sequential IMAP session per sample","0","PASS","45FA907CE0D3797C1E13EBB2F03F076A25656CCE27E801C18F745ACD3944FBBD","5136EEC556F9790732AE759EF52F77FE6172329EA55787A80300C4A824107E46","1","434","False","False","7061.796","Aktarma ba?lant?s?ndan veriler okunamad?: Ba?lan?lan uygun olarak belli bir s?re i?inde yan?t vermedi?inden veya kurulan
ba?lant? ba?lan?lan ana bilgisayar yan?t vermedi?inden bir ba?lant? kurulamad?.","False","0","False","False","0","False"
"c4450db8-b5fb-4a9f-812c-8d214ea86167","MANIFEST_BOUND","hmail-perf-pair-service-20260901","06EFCBA9520D478A6DAC7ABB7F09F3B63D015A0CD5ECA1EB4D0FD2CC8C38F9FD","cpp","hmail_perf_pair_cpp_20260831_head3","C:\hmail-perf-pair-service-20260901\cpp\Data","B3DF9E8BBF4BEDB1102C94DF7C86356E1FEABCBC02A18E8EABEB1EA1453D09B8",,,"one TCP client and one sequential IMAP session per sample","0","PASS","45FA907CE0D3797C1E13EBB2F03F076A25656CCE27E801C18F745ACD3944FBBD","5136EEC556F9790732AE759EF52F77FE6172329EA55787A80300C4A824107E46","1","435","False","False","7063.213","Aktarma ba?lant?s?ndan veriler okunamad?: Ba?lan?lan uygun olarak belli bir s?re i?inde yan?t vermedi?inden veya kurulan
ba?lant? ba?lan?lan ana bilgisayar yan?t vermedi?inden bir ba?lant? kurulamad?.","False","0","False","False","0","False"
"c4450db8-b5fb-4a9f-812c-8d214ea86167","MANIFEST_BOUND","hmail-perf-pair-service-20260901","06EFCBA9520D478A6DAC7ABB7F09F3B63D015A0CD5ECA1EB4D0FD2CC8C38F9FD","cpp","hmail_perf_pair_cpp_20260831_head3","C:\hmail-perf-pair-service-20260901\cpp\Data","B3DF9E8BBF4BEDB1102C94DF7C86356E1FEABCBC02A18E8EABEB1EA1453D09B8",,,"one TCP client and one sequential IMAP session per sample","0","PASS","45FA907CE0D3797C1E13EBB2F03F076A25656CCE27E801C18F745ACD3944FBBD","5136EEC556F9790732AE759EF52F77FE6172329EA55787A80300C4A824107E46","1","436","False","False","7075.284","Aktarma ba?lant?s?ndan veriler okunamad?: Ba?lan?lan uygun olarak belli bir s?re i?inde yan?t vermedi?inden veya kurulan
ba?lant? ba?lan?lan ana bilgisayar yan?t vermedi?inden bir ba?lant? kurulamad?.","False","0","False","False","0","False"
"c4450db8-b5fb-4a9f-812c-8d214ea86167","MANIFEST_BOUND","hmail-perf-pair-service-20260901","06EFCBA9520D478A6DAC7ABB7F09F3B63D015A0CD5ECA1EB4D0FD2CC8C38F9FD","cpp","hmail_perf_pair_cpp_20260831_head3","C:\hmail-perf-pair-service-20260901\cpp\Data","B3DF9E8BBF4BEDB1102C94DF7C86356E1FEABCBC02A18E8EABEB1EA1453D09B8",,,"one TCP client and one sequential IMAP session per sample","0","PASS","45FA907CE0D3797C1E13EBB2F03F076A25656CCE27E801C18F745ACD3944FBBD","5136EEC556F9790732AE759EF52F77FE6172329EA55787A80300C4A824107E46","1","437","False","False","7074.22","Aktarma ba?lant?s?ndan veriler okunamad?: Ba?lan?lan uygun olarak belli bir s?re i?inde yan?t vermedi?inden veya kurulan
ba?lant? ba?lan?lan ana bilgisayar yan?t vermedi?inden bir ba?lant? kurulamad?.","False","0","False","False","0","False"
"c4450db8-b5fb-4a9f-812c-8d214ea86167","MANIFEST_BOUND","hmail-perf-pair-service-20260901","06EFCBA9520D478A6DAC7ABB7F09F3B63D015A0CD5ECA1EB4D0FD2CC8C38F9FD","cpp","hmail_perf_pair_cpp_20260831_head3","C:\hmail-perf-pair-service-20260901\cpp\Data","B3DF9E8BBF4BEDB1102C94DF7C86356E1FEABCBC02A18E8EABEB1EA1453D09B8",,,"one TCP client and one sequential IMAP session per sample","0","PASS","45FA907CE0D3797C1E13EBB2F03F076A25656CCE27E801C18F745ACD3944FBBD","5136EEC556F9790732AE759EF52F77FE6172329EA55787A80300C4A824107E46","1","438","False","False","7056.911","Aktarma ba?lant?s?ndan veriler okunamad?: Ba?lan?lan uygun olarak belli bir s?re i?inde yan?t vermedi?inden veya kurulan
ba?lant? ba?lan?lan ana bilgisayar yan?t vermedi?inden bir ba?lant? kurulamad?.","False","0","False","False","0","False"
"c4450db8-b5fb-4a9f-812c-8d214ea86167","MANIFEST_BOUND","hmail-perf-pair-service-20260901","06EFCBA9520D478A6DAC7ABB7F09F3B63D015A0CD5ECA1EB4D0FD2CC8C38F9FD","cpp","hmail_perf_pair_cpp_20260831_head3","C:\hmail-perf-pair-service-20260901\cpp\Data","B3DF9E8BBF4BEDB1102C94DF7C86356E1FEABCBC02A18E8EABEB1EA1453D09B8",,,"one TCP client and one sequential IMAP session per sample","0","PASS","45FA907CE0D3797C1E13EBB2F03F076A25656CCE27E801C18F745ACD3944FBBD","5136EEC556F9790732AE759EF52F77FE6172329EA55787A80300C4A824107E46","1","439","False","False","7066.919","Aktarma ba?lant?s?ndan veriler okunamad?: Ba?lan?lan uygun olarak belli bir s?re i?inde yan?t vermedi?inden veya kurulan
ba?lant? ba?lan?lan ana bilgisayar yan?t vermedi?inden bir ba?lant? kurulamad?.","False","0","False","False","0","False"
"c4450db8-b5fb-4a9f-812c-8d214ea86167","MANIFEST_BOUND","hmail-perf-pair-service-20260901","06EFCBA9520D478A6DAC7ABB7F09F3B63D015A0CD5ECA1EB4D0FD2CC8C38F9FD","cpp","hmail_perf_pair_cpp_20260831_head3","C:\hmail-perf-pair-service-20260901\cpp\Data","B3DF9E8BBF4BEDB1102C94DF7C86356E1FEABCBC02A18E8EABEB1EA1453D09B8",,,"one TCP client and one sequential IMAP session per sample","0","PASS","45FA907CE0D3797C1E13EBB2F03F076A25656CCE27E801C18F745ACD3944FBBD","5136EEC556F9790732AE759EF52F77FE6172329EA55787A80300C4A824107E46","1","440","False","False","7066.675","Aktarma ba?lant?s?ndan veriler okunamad?: Ba?lan?lan uygun olarak belli bir s?re i?inde yan?t vermedi?inden veya kurulan
ba?lant? ba?lan?lan ana bilgisayar yan?t vermedi?inden bir ba?lant? kurulamad?.","False","0","False","False","0","False"
"c4450db8-b5fb-4a9f-812c-8d214ea86167","MANIFEST_BOUND","hmail-perf-pair-service-20260901","06EFCBA9520D478A6DAC7ABB7F09F3B63D015A0CD5ECA1EB4D0FD2CC8C38F9FD","cpp","hmail_perf_pair_cpp_20260831_head3","C:\hmail-perf-pair-service-20260901\cpp\Data","B3DF9E8BBF4BEDB1102C94DF7C86356E1FEABCBC02A18E8EABEB1EA1453D09B8",,,"one TCP client and one sequential IMAP session per sample","0","PASS","45FA907CE0D3797C1E13EBB2F03F076A25656CCE27E801C18F745ACD3944FBBD","5136EEC556F9790732AE759EF52F77FE6172329EA55787A80300C4A824107E46","1","441","False","False","7060.142","Aktarma ba?lant?s?ndan veriler okunamad?: Ba?lan?lan uygun olarak belli bir s?re i?inde yan?t vermedi?inden veya kurulan
ba?lant? ba?lan?lan ana bilgisayar yan?t vermedi?inden bir ba?lant? kurulamad?.","False","0","False","False","0","False"
"c4450db8-b5fb-4a9f-812c-8d214ea86167","MANIFEST_BOUND","hmail-perf-pair-service-20260901","06EFCBA9520D478A6DAC7ABB7F09F3B63D015A0CD5ECA1EB4D0FD2CC8C38F9FD","cpp","hmail_perf_pair_cpp_20260831_head3","C:\hmail-perf-pair-service-20260901\cpp\Data","B3DF9E8BBF4BEDB1102C94DF7C86356E1FEABCBC02A18E8EABEB1EA1453D09B8",,,"one TCP client and one sequential IMAP session per sample","0","PASS","45FA907CE0D3797C1E13EBB2F03F076A25656CCE27E801C18F745ACD3944FBBD","5136EEC556F9790732AE759EF52F77FE6172329EA55787A80300C4A824107E46","1","442","False","False","7062.249","Aktarma ba?lant?s?ndan veriler okunamad?: Ba?lan?lan uygun olarak belli bir s?re i?inde yan?t vermedi?inden veya kurulan
ba?lant? ba?lan?lan ana bilgisayar yan?t vermedi?inden bir ba?lant? kurulamad?.","False","0","False","False","0","False"
"c4450db8-b5fb-4a9f-812c-8d214ea86167","MANIFEST_BOUND","hmail-perf-pair-service-20260901","06EFCBA9520D478A6DAC7ABB7F09F3B63D015A0CD5ECA1EB4D0FD2CC8C38F9FD","cpp","hmail_perf_pair_cpp_20260831_head3","C:\hmail-perf-pair-service-20260901\cpp\Data","B3DF9E8BBF4BEDB1102C94DF7C86356E1FEABCBC02A18E8EABEB1EA1453D09B8",,,"one TCP client and one sequential IMAP session per sample","0","PASS","45FA907CE0D3797C1E13EBB2F03F076A25656CCE27E801C18F745ACD3944FBBD","5136EEC556F9790732AE759EF52F77FE6172329EA55787A80300C4A824107E46","1","443","False","False","7061.498","Aktarma ba?lant?s?ndan veriler okunamad?: Ba?lan?lan uygun olarak belli bir s?re i?inde yan?t vermedi?inden veya kurulan
ba?lant? ba?lan?lan ana bilgisayar yan?t vermedi?inden bir ba?lant? kurulamad?.","False","0","False","False","0","False"
"c4450db8-b5fb-4a9f-812c-8d214ea86167","MANIFEST_BOUND","hmail-perf-pair-service-20260901","06EFCBA9520D478A6DAC7ABB7F09F3B63D015A0CD5ECA1EB4D0FD2CC8C38F9FD","cpp","hmail_perf_pair_cpp_20260831_head3","C:\hmail-perf-pair-service-20260901\cpp\Data","B3DF9E8BBF4BEDB1102C94DF7C86356E1FEABCBC02A18E8EABEB1EA1453D09B8",,,"one TCP client and one sequential IMAP session per sample","0","PASS","45FA907CE0D3797C1E13EBB2F03F076A25656CCE27E801C18F745ACD3944FBBD","5136EEC556F9790732AE759EF52F77FE6172329EA55787A80300C4A824107E46","1","444","False","False","7075.994","Aktarma ba?lant?s?ndan veriler okunamad?: Ba?lan?lan uygun olarak belli bir s?re i?inde yan?t vermedi?inden veya kurulan
ba?lant? ba?lan?lan ana bilgisayar yan?t vermedi?inden bir ba?lant? kurulamad?.","False","0","False","False","0","False"
"c4450db8-b5fb-4a9f-812c-8d214ea86167","MANIFEST_BOUND","hmail-perf-pair-service-20260901","06EFCBA9520D478A6DAC7ABB7F09F3B63D015A0CD5ECA1EB4D0FD2CC8C38F9FD","cpp","hmail_perf_pair_cpp_20260831_head3","C:\hmail-perf-pair-service-20260901\cpp\Data","B3DF9E8BBF4BEDB1102C94DF7C86356E1FEABCBC02A18E8EABEB1EA1453D09B8",,,"one TCP client and one sequential IMAP session per sample","0","PASS","45FA907CE0D3797C1E13EBB2F03F076A25656CCE27E801C18F745ACD3944FBBD","5136EEC556F9790732AE759EF52F77FE6172329EA55787A80300C4A824107E46","1","445","False","False","7075.782","Aktarma ba?lant?s?ndan veriler okunamad?: Ba?lan?lan uygun olarak belli bir s?re i?inde yan?t vermedi?inden veya kurulan
ba?lant? ba?lan?lan ana bilgisayar yan?t vermedi?inden bir ba?lant? kurulamad?.","False","0","False","False","0","False"
"c4450db8-b5fb-4a9f-812c-8d214ea86167","MANIFEST_BOUND","hmail-perf-pair-service-20260901","06EFCBA9520D478A6DAC7ABB7F09F3B63D015A0CD5ECA1EB4D0FD2CC8C38F9FD","cpp","hmail_perf_pair_cpp_20260831_head3","C:\hmail-perf-pair-service-20260901\cpp\Data","B3DF9E8BBF4BEDB1102C94DF7C86356E1FEABCBC02A18E8EABEB1EA1453D09B8",,,"one TCP client and one sequential IMAP session per sample","0","PASS","45FA907CE0D3797C1E13EBB2F03F076A25656CCE27E801C18F745ACD3944FBBD","5136EEC556F9790732AE759EF52F77FE6172329EA55787A80300C4A824107E46","1","446","False","False","7057.217","Aktarma ba?lant?s?ndan veriler okunamad?: Ba?lan?lan uygun olarak belli bir s?re i?inde yan?t vermedi?inden veya kurulan
ba?lant? ba?lan?lan ana bilgisayar yan?t vermedi?inden bir ba?lant? kurulamad?.","False","0","False","False","0","False"
"c4450db8-b5fb-4a9f-812c-8d214ea86167","MANIFEST_BOUND","hmail-perf-pair-service-20260901","06EFCBA9520D478A6DAC7ABB7F09F3B63D015A0CD5ECA1EB4D0FD2CC8C38F9FD","cpp","hmail_perf_pair_cpp_20260831_head3","C:\hmail-perf-pair-service-20260901\cpp\Data","B3DF9E8BBF4BEDB1102C94DF7C86356E1FEABCBC02A18E8EABEB1EA1453D09B8",,,"one TCP client and one sequential IMAP session per sample","0","PASS","45FA907CE0D3797C1E13EBB2F03F076A25656CCE27E801C18F745ACD3944FBBD","5136EEC556F9790732AE759EF52F77FE6172329EA55787A80300C4A824107E46","1","447","False","False","7056.027","Aktarma ba?lant?s?ndan veriler okunamad?: Ba?lan?lan uygun olarak belli bir s?re i?inde yan?t vermedi?inden veya kurulan
ba?lant? ba?lan?lan ana bilgisayar yan?t vermedi?inden bir ba?lant? kurulamad?.","False","0","False","False","0","False"
"c4450db8-b5fb-4a9f-812c-8d214ea86167","MANIFEST_BOUND","hmail-perf-pair-service-20260901","06EFCBA9520D478A6DAC7ABB7F09F3B63D015A0CD5ECA1EB4D0FD2CC8C38F9FD","cpp","hmail_perf_pair_cpp_20260831_head3","C:\hmail-perf-pair-service-20260901\cpp\Data","B3DF9E8BBF4BEDB1102C94DF7C86356E1FEABCBC02A18E8EABEB1EA1453D09B8",,,"one TCP client and one sequential IMAP session per sample","0","PASS","45FA907CE0D3797C1E13EBB2F03F076A25656CCE27E801C18F745ACD3944FBBD","5136EEC556F9790732AE759EF52F77FE6172329EA55787A80300C4A824107E46","1","448","False","False","7060.062","Aktarma ba?lant?s?ndan veriler okunamad?: Ba?lan?lan uygun olarak belli bir s?re i?inde yan?t vermedi?inden veya kurulan
ba?lant? ba?lan?lan ana bilgisayar yan?t vermedi?inden bir ba?lant? kurulamad?.","False","0","False","False","0","False"
"c4450db8-b5fb-4a9f-812c-8d214ea86167","MANIFEST_BOUND","hmail-perf-pair-service-20260901","06EFCBA9520D478A6DAC7ABB7F09F3B63D015A0CD5ECA1EB4D0FD2CC8C38F9FD","cpp","hmail_perf_pair_cpp_20260831_head3","C:\hmail-perf-pair-service-20260901\cpp\Data","B3DF9E8BBF4BEDB1102C94DF7C86356E1FEABCBC02A18E8EABEB1EA1453D09B8",,,"one TCP client and one sequential IMAP session per sample","0","PASS","45FA907CE0D3797C1E13EBB2F03F076A25656CCE27E801C18F745ACD3944FBBD","5136EEC556F9790732AE759EF52F77FE6172329EA55787A80300C4A824107E46","1","449","False","False","7059.537","Aktarma ba?lant?s?ndan veriler okunamad?: Ba?lan?lan uygun olarak belli bir s?re i?inde yan?t vermedi?inden veya kurulan
ba?lant? ba?lan?lan ana bilgisayar yan?t vermedi?inden bir ba?lant? kurulamad?.","False","0","False","False","0","False"
"c4450db8-b5fb-4a9f-812c-8d214ea86167","MANIFEST_BOUND","hmail-perf-pair-service-20260901","06EFCBA9520D478A6DAC7ABB7F09F3B63D015A0CD5ECA1EB4D0FD2CC8C38F9FD","cpp","hmail_perf_pair_cpp_20260831_head3","C:\hmail-perf-pair-service-20260901\cpp\Data","B3DF9E8BBF4BEDB1102C94DF7C86356E1FEABCBC02A18E8EABEB1EA1453D09B8",,,"one TCP client and one sequential IMAP session per sample","0","PASS","45FA907CE0D3797C1E13EBB2F03F076A25656CCE27E801C18F745ACD3944FBBD","5136EEC556F9790732AE759EF52F77FE6172329EA55787A80300C4A824107E46","1","450","False","False","7061.533","Aktarma ba?lant?s?ndan veriler okunamad?: Ba?lan?lan uygun olarak belli bir s?re i?inde yan?t vermedi?inden veya kurulan
ba?lant? ba?lan?lan ana bilgisayar yan?t vermedi?inden bir ba?lant? kurulamad?.","False","0","False","False","0","False"
"c4450db8-b5fb-4a9f-812c-8d214ea86167","MANIFEST_BOUND","hmail-perf-pair-service-20260901","06EFCBA9520D478A6DAC7ABB7F09F3B63D015A0CD5ECA1EB4D0FD2CC8C38F9FD","cpp","hmail_perf_pair_cpp_20260831_head3","C:\hmail-perf-pair-service-20260901\cpp\Data","B3DF9E8BBF4BEDB1102C94DF7C86356E1FEABCBC02A18E8EABEB1EA1453D09B8",,,"one TCP client and one sequential IMAP session per sample","0","PASS","45FA907CE0D3797C1E13EBB2F03F076A25656CCE27E801C18F745ACD3944FBBD","5136EEC556F9790732AE759EF52F77FE6172329EA55787A80300C4A824107E46","1","451","False","False","7066.235","Aktarma ba?lant?s?ndan veriler okunamad?: Ba?lan?lan uygun olarak belli bir s?re i?inde yan?t vermedi?inden veya kurulan
ba?lant? ba?lan?lan ana bilgisayar yan?t vermedi?inden bir ba?lant? kurulamad?.","False","0","False","False","0","False"
"c4450db8-b5fb-4a9f-812c-8d214ea86167","MANIFEST_BOUND","hmail-perf-pair-service-20260901","06EFCBA9520D478A6DAC7ABB7F09F3B63D015A0CD5ECA1EB4D0FD2CC8C38F9FD","cpp","hmail_perf_pair_cpp_20260831_head3","C:\hmail-perf-pair-service-20260901\cpp\Data","B3DF9E8BBF4BEDB1102C94DF7C86356E1FEABCBC02A18E8EABEB1EA1453D09B8",,,"one TCP client and one sequential IMAP session per sample","0","PASS","45FA907CE0D3797C1E13EBB2F03F076A25656CCE27E801C18F745ACD3944FBBD","5136EEC556F9790732AE759EF52F77FE6172329EA55787A80300C4A824107E46","1","452","False","False","7074.029","Aktarma ba?lant?s?ndan veriler okunamad?: Ba?lan?lan uygun olarak belli bir s?re i?inde yan?t vermedi?inden veya kurulan
ba?lant? ba?lan?lan ana bilgisayar yan?t vermedi?inden bir ba?lant? kurulamad?.","False","0","False","False","0","False"
"c4450db8-b5fb-4a9f-812c-8d214ea86167","MANIFEST_BOUND","hmail-perf-pair-service-20260901","06EFCBA9520D478A6DAC7ABB7F09F3B63D015A0CD5ECA1EB4D0FD2CC8C38F9FD","cpp","hmail_perf_pair_cpp_20260831_head3","C:\hmail-perf-pair-service-20260901\cpp\Data","B3DF9E8BBF4BEDB1102C94DF7C86356E1FEABCBC02A18E8EABEB1EA1453D09B8",,,"one TCP client and one sequential IMAP session per sample","0","PASS","45FA907CE0D3797C1E13EBB2F03F076A25656CCE27E801C18F745ACD3944FBBD","5136EEC556F9790732AE759EF52F77FE6172329EA55787A80300C4A824107E46","1","453","False","False","7066.601","Aktarma ba?lant?s?ndan veriler okunamad?: Ba?lan?lan uygun olarak belli bir s?re i?inde yan?t vermedi?inden veya kurulan
ba?lant? ba?lan?lan ana bilgisayar yan?t vermedi?inden bir ba?lant? kurulamad?.","False","0","False","False","0","False"
"c4450db8-b5fb-4a9f-812c-8d214ea86167","MANIFEST_BOUND","hmail-perf-pair-service-20260901","06EFCBA9520D478A6DAC7ABB7F09F3B63D015A0CD5ECA1EB4D0FD2CC8C38F9FD","cpp","hmail_perf_pair_cpp_20260831_head3","C:\hmail-perf-pair-service-20260901\cpp\Data","B3DF9E8BBF4BEDB1102C94DF7C86356E1FEABCBC02A18E8EABEB1EA1453D09B8",,,"one TCP client and one sequential IMAP session per sample","0","PASS","45FA907CE0D3797C1E13EBB2F03F076A25656CCE27E801C18F745ACD3944FBBD","5136EEC556F9790732AE759EF52F77FE6172329EA55787A80300C4A824107E46","1","454","False","False","7066.127","Aktarma ba?lant?s?ndan veriler okunamad?: Ba?lan?lan uygun olarak belli bir s?re i?inde yan?t vermedi?inden veya kurulan
ba?lant? ba?lan?lan ana bilgisayar yan?t vermedi?inden bir ba?lant? kurulamad?.","False","0","False","False","0","False"
"c4450db8-b5fb-4a9f-812c-8d214ea86167","MANIFEST_BOUND","hmail-perf-pair-service-20260901","06EFCBA9520D478A6DAC7ABB7F09F3B63D015A0CD5ECA1EB4D0FD2CC8C38F9FD","cpp","hmail_perf_pair_cpp_20260831_head3","C:\hmail-perf-pair-service-20260901\cpp\Data","B3DF9E8BBF4BEDB1102C94DF7C86356E1FEABCBC02A18E8EABEB1EA1453D09B8",,,"one TCP client and one sequential IMAP session per sample","0","PASS","45FA907CE0D3797C1E13EBB2F03F076A25656CCE27E801C18F745ACD3944FBBD","5136EEC556F9790732AE759EF52F77FE6172329EA55787A80300C4A824107E46","1","455","False","False","7076.353","Aktarma ba?lant?s?ndan veriler okunamad?: Ba?lan?lan uygun olarak belli bir s?re i?inde yan?t vermedi?inden veya kurulan
ba?lant? ba?lan?lan ana bilgisayar yan?t vermedi?inden bir ba?lant? kurulamad?.","False","0","False","False","0","False"
"c4450db8-b5fb-4a9f-812c-8d214ea86167","MANIFEST_BOUND","hmail-perf-pair-service-20260901","06EFCBA9520D478A6DAC7ABB7F09F3B63D015A0CD5ECA1EB4D0FD2CC8C38F9FD","cpp","hmail_perf_pair_cpp_20260831_head3","C:\hmail-perf-pair-service-20260901\cpp\Data","B3DF9E8BBF4BEDB1102C94DF7C86356E1FEABCBC02A18E8EABEB1EA1453D09B8",,,"one TCP client and one sequential IMAP session per sample","0","PASS","45FA907CE0D3797C1E13EBB2F03F076A25656CCE27E801C18F745ACD3944FBBD","5136EEC556F9790732AE759EF52F77FE6172329EA55787A80300C4A824107E46","1","456","False","False","7060.489","Aktarma ba?lant?s?ndan veriler okunamad?: Ba?lan?lan uygun olarak belli bir s?re i?inde yan?t vermedi?inden veya kurulan
ba?lant? ba?lan?lan ana bilgisayar yan?t vermedi?inden bir ba?lant? kurulamad?.","False","0","False","False","0","False"
"c4450db8-b5fb-4a9f-812c-8d214ea86167","MANIFEST_BOUND","hmail-perf-pair-service-20260901","06EFCBA9520D478A6DAC7ABB7F09F3B63D015A0CD5ECA1EB4D0FD2CC8C38F9FD","cpp","hmail_perf_pair_cpp_20260831_head3","C:\hmail-perf-pair-service-20260901\cpp\Data","B3DF9E8BBF4BEDB1102C94DF7C86356E1FEABCBC02A18E8EABEB1EA1453D09B8",,,"one TCP client and one sequential IMAP session per sample","0","PASS","45FA907CE0D3797C1E13EBB2F03F076A25656CCE27E801C18F745ACD3944FBBD","5136EEC556F9790732AE759EF52F77FE6172329EA55787A80300C4A824107E46","1","457","False","False","7066.158","Aktarma ba?lant?s?ndan veriler okunamad?: Ba?lan?lan uygun olarak belli bir s?re i?inde yan?t vermedi?inden veya kurulan
ba?lant? ba?lan?lan ana bilgisayar yan?t vermedi?inden bir ba?lant? kurulamad?.","False","0","False","False","0","False"
"c4450db8-b5fb-4a9f-812c-8d214ea86167","MANIFEST_BOUND","hmail-perf-pair-service-20260901","06EFCBA9520D478A6DAC7ABB7F09F3B63D015A0CD5ECA1EB4D0FD2CC8C38F9FD","cpp","hmail_perf_pair_cpp_20260831_head3","C:\hmail-perf-pair-service-20260901\cpp\Data","B3DF9E8BBF4BEDB1102C94DF7C86356E1FEABCBC02A18E8EABEB1EA1453D09B8",,,"one TCP client and one sequential IMAP session per sample","0","PASS","45FA907CE0D3797C1E13EBB2F03F076A25656CCE27E801C18F745ACD3944FBBD","5136EEC556F9790732AE759EF52F77FE6172329EA55787A80300C4A824107E46","1","458","False","False","7062.775","Aktarma ba?lant?s?ndan veriler okunamad?: Ba?lan?lan uygun olarak belli bir s?re i?inde yan?t vermedi?inden veya kurulan
ba?lant? ba?lan?lan ana bilgisayar yan?t vermedi?inden bir ba?lant? kurulamad?.","False","0","False","False","0","False"
"c4450db8-b5fb-4a9f-812c-8d214ea86167","MANIFEST_BOUND","hmail-perf-pair-service-20260901","06EFCBA9520D478A6DAC7ABB7F09F3B63D015A0CD5ECA1EB4D0FD2CC8C38F9FD","cpp","hmail_perf_pair_cpp_20260831_head3","C:\hmail-perf-pair-service-20260901\cpp\Data","B3DF9E8BBF4BEDB1102C94DF7C86356E1FEABCBC02A18E8EABEB1EA1453D09B8",,,"one TCP client and one sequential IMAP session per sample","0","PASS","45FA907CE0D3797C1E13EBB2F03F076A25656CCE27E801C18F745ACD3944FBBD","5136EEC556F9790732AE759EF52F77FE6172329EA55787A80300C4A824107E46","1","459","False","False","7057.506","Aktarma ba?lant?s?ndan veriler okunamad?: Ba?lan?lan uygun olarak belli bir s?re i?inde yan?t vermedi?inden veya kurulan
ba?lant? ba?lan?lan ana bilgisayar yan?t vermedi?inden bir ba?lant? kurulamad?.","False","0","False","False","0","False"
"c4450db8-b5fb-4a9f-812c-8d214ea86167","MANIFEST_BOUND","hmail-perf-pair-service-20260901","06EFCBA9520D478A6DAC7ABB7F09F3B63D015A0CD5ECA1EB4D0FD2CC8C38F9FD","cpp","hmail_perf_pair_cpp_20260831_head3","C:\hmail-perf-pair-service-20260901\cpp\Data","B3DF9E8BBF4BEDB1102C94DF7C86356E1FEABCBC02A18E8EABEB1EA1453D09B8",,,"one TCP client and one sequential IMAP session per sample","0","PASS","45FA907CE0D3797C1E13EBB2F03F076A25656CCE27E801C18F745ACD3944FBBD","5136EEC556F9790732AE759EF52F77FE6172329EA55787A80300C4A824107E46","1","460","False","False","7074.309","Aktarma ba?lant?s?ndan veriler okunamad?: Ba?lan?lan uygun olarak belli bir s?re i?inde yan?t vermedi?inden veya kurulan
ba?lant? ba?lan?lan ana bilgisayar yan?t vermedi?inden bir ba?lant? kurulamad?.","False","0","False","False","0","False"
"c4450db8-b5fb-4a9f-812c-8d214ea86167","MANIFEST_BOUND","hmail-perf-pair-service-20260901","06EFCBA9520D478A6DAC7ABB7F09F3B63D015A0CD5ECA1EB4D0FD2CC8C38F9FD","cpp","hmail_perf_pair_cpp_20260831_head3","C:\hmail-perf-pair-service-20260901\cpp\Data","B3DF9E8BBF4BEDB1102C94DF7C86356E1FEABCBC02A18E8EABEB1EA1453D09B8",,,"one TCP client and one sequential IMAP session per sample","0","PASS","45FA907CE0D3797C1E13EBB2F03F076A25656CCE27E801C18F745ACD3944FBBD","5136EEC556F9790732AE759EF52F77FE6172329EA55787A80300C4A824107E46","1","461","False","False","7073.322","Aktarma ba?lant?s?ndan veriler okunamad?: Ba?lan?lan uygun olarak belli bir s?re i?inde yan?t vermedi?inden veya kurulan
ba?lant? ba?lan?lan ana bilgisayar yan?t vermedi?inden bir ba?lant? kurulamad?.","False","0","False","False","0","False"
"c4450db8-b5fb-4a9f-812c-8d214ea86167","MANIFEST_BOUND","hmail-perf-pair-service-20260901","06EFCBA9520D478A6DAC7ABB7F09F3B63D015A0CD5ECA1EB4D0FD2CC8C38F9FD","cpp","hmail_perf_pair_cpp_20260831_head3","C:\hmail-perf-pair-service-20260901\cpp\Data","B3DF9E8BBF4BEDB1102C94DF7C86356E1FEABCBC02A18E8EABEB1EA1453D09B8",,,"one TCP client and one sequential IMAP session per sample","0","PASS","45FA907CE0D3797C1E13EBB2F03F076A25656CCE27E801C18F745ACD3944FBBD","5136EEC556F9790732AE759EF52F77FE6172329EA55787A80300C4A824107E46","1","462","False","False","7057.037","Aktarma ba?lant?s?ndan veriler okunamad?: Ba?lan?lan uygun olarak belli bir s?re i?inde yan?t vermedi?inden veya kurulan
ba?lant? ba?lan?lan ana bilgisayar yan?t vermedi?inden bir ba?lant? kurulamad?.","False","0","False","False","0","False"
"c4450db8-b5fb-4a9f-812c-8d214ea86167","MANIFEST_BOUND","hmail-perf-pair-service-20260901","06EFCBA9520D478A6DAC7ABB7F09F3B63D015A0CD5ECA1EB4D0FD2CC8C38F9FD","cpp","hmail_perf_pair_cpp_20260831_head3","C:\hmail-perf-pair-service-20260901\cpp\Data","B3DF9E8BBF4BEDB1102C94DF7C86356E1FEABCBC02A18E8EABEB1EA1453D09B8",,,"one TCP client and one sequential IMAP session per sample","0","PASS","45FA907CE0D3797C1E13EBB2F03F076A25656CCE27E801C18F745ACD3944FBBD","5136EEC556F9790732AE759EF52F77FE6172329EA55787A80300C4A824107E46","1","463","False","False","7062.702","Aktarma ba?lant?s?ndan veriler okunamad?: Ba?lan?lan uygun olarak belli bir s?re i?inde yan?t vermedi?inden veya kurulan
ba?lant? ba?lan?lan ana bilgisayar yan?t vermedi?inden bir ba?lant? kurulamad?.","False","0","False","False","0","False"
"c4450db8-b5fb-4a9f-812c-8d214ea86167","MANIFEST_BOUND","hmail-perf-pair-service-20260901","06EFCBA9520D478A6DAC7ABB7F09F3B63D015A0CD5ECA1EB4D0FD2CC8C38F9FD","cpp","hmail_perf_pair_cpp_20260831_head3","C:\hmail-perf-pair-service-20260901\cpp\Data","B3DF9E8BBF4BEDB1102C94DF7C86356E1FEABCBC02A18E8EABEB1EA1453D09B8",,,"one TCP client and one sequential IMAP session per sample","0","PASS","45FA907CE0D3797C1E13EBB2F03F076A25656CCE27E801C18F745ACD3944FBBD","5136EEC556F9790732AE759EF52F77FE6172329EA55787A80300C4A824107E46","1","464","False","False","7060.735","Aktarma ba?lant?s?ndan veriler okunamad?: Ba?lan?lan uygun olarak belli bir s?re i?inde yan?t vermedi?inden veya kurulan
ba?lant? ba?lan?lan ana bilgisayar yan?t vermedi?inden bir ba?lant? kurulamad?.","False","0","False","False","0","False"
"c4450db8-b5fb-4a9f-812c-8d214ea86167","MANIFEST_BOUND","hmail-perf-pair-service-20260901","06EFCBA9520D478A6DAC7ABB7F09F3B63D015A0CD5ECA1EB4D0FD2CC8C38F9FD","cpp","hmail_perf_pair_cpp_20260831_head3","C:\hmail-perf-pair-service-20260901\cpp\Data","B3DF9E8BBF4BEDB1102C94DF7C86356E1FEABCBC02A18E8EABEB1EA1453D09B8",,,"one TCP client and one sequential IMAP session per sample","0","PASS","45FA907CE0D3797C1E13EBB2F03F076A25656CCE27E801C18F745ACD3944FBBD","5136EEC556F9790732AE759EF52F77FE6172329EA55787A80300C4A824107E46","1","465","False","False","7061.184","Aktarma ba?lant?s?ndan veriler okunamad?: Ba?lan?lan uygun olarak belli bir s?re i?inde yan?t vermedi?inden veya kurulan
ba?lant? ba?lan?lan ana bilgisayar yan?t vermedi?inden bir ba?lant? kurulamad?.","False","0","False","False","0","False"
"c4450db8-b5fb-4a9f-812c-8d214ea86167","MANIFEST_BOUND","hmail-perf-pair-service-20260901","06EFCBA9520D478A6DAC7ABB7F09F3B63D015A0CD5ECA1EB4D0FD2CC8C38F9FD","cpp","hmail_perf_pair_cpp_20260831_head3","C:\hmail-perf-pair-service-20260901\cpp\Data","B3DF9E8BBF4BEDB1102C94DF7C86356E1FEABCBC02A18E8EABEB1EA1453D09B8",,,"one TCP client and one sequential IMAP session per sample","0","PASS","45FA907CE0D3797C1E13EBB2F03F076A25656CCE27E801C18F745ACD3944FBBD","5136EEC556F9790732AE759EF52F77FE6172329EA55787A80300C4A824107E46","1","466","False","False","7061.221","Aktarma ba?lant?s?ndan veriler okunamad?: Ba?lan?lan uygun olarak belli bir s?re i?inde yan?t vermedi?inden veya kurulan
ba?lant? ba?lan?lan ana bilgisayar yan?t vermedi?inden bir ba?lant? kurulamad?.","False","0","False","False","0","False"
"c4450db8-b5fb-4a9f-812c-8d214ea86167","MANIFEST_BOUND","hmail-perf-pair-service-20260901","06EFCBA9520D478A6DAC7ABB7F09F3B63D015A0CD5ECA1EB4D0FD2CC8C38F9FD","cpp","hmail_perf_pair_cpp_20260831_head3","C:\hmail-perf-pair-service-20260901\cpp\Data","B3DF9E8BBF4BEDB1102C94DF7C86356E1FEABCBC02A18E8EABEB1EA1453D09B8",,,"one TCP client and one sequential IMAP session per sample","0","PASS","45FA907CE0D3797C1E13EBB2F03F076A25656CCE27E801C18F745ACD3944FBBD","5136EEC556F9790732AE759EF52F77FE6172329EA55787A80300C4A824107E46","1","467","False","False","7074.357","Aktarma ba?lant?s?ndan veriler okunamad?: Ba?lan?lan uygun olarak belli bir s?re i?inde yan?t vermedi?inden veya kurulan
ba?lant? ba?lan?lan ana bilgisayar yan?t vermedi?inden bir ba?lant? kurulamad?.","False","0","False","False","0","False"
"c4450db8-b5fb-4a9f-812c-8d214ea86167","MANIFEST_BOUND","hmail-perf-pair-service-20260901","06EFCBA9520D478A6DAC7ABB7F09F3B63D015A0CD5ECA1EB4D0FD2CC8C38F9FD","cpp","hmail_perf_pair_cpp_20260831_head3","C:\hmail-perf-pair-service-20260901\cpp\Data","B3DF9E8BBF4BEDB1102C94DF7C86356E1FEABCBC02A18E8EABEB1EA1453D09B8",,,"one TCP client and one sequential IMAP session per sample","0","PASS","45FA907CE0D3797C1E13EBB2F03F076A25656CCE27E801C18F745ACD3944FBBD","5136EEC556F9790732AE759EF52F77FE6172329EA55787A80300C4A824107E46","1","468","False","False","7073.235","Aktarma ba?lant?s?ndan veriler okunamad?: Ba?lan?lan uygun olarak belli bir s?re i?inde yan?t vermedi?inden veya kurulan
ba?lant? ba?lan?lan ana bilgisayar yan?t vermedi?inden bir ba?lant? kurulamad?.","False","0","False","False","0","False"
"c4450db8-b5fb-4a9f-812c-8d214ea86167","MANIFEST_BOUND","hmail-perf-pair-service-20260901","06EFCBA9520D478A6DAC7ABB7F09F3B63D015A0CD5ECA1EB4D0FD2CC8C38F9FD","cpp","hmail_perf_pair_cpp_20260831_head3","C:\hmail-perf-pair-service-20260901\cpp\Data","B3DF9E8BBF4BEDB1102C94DF7C86356E1FEABCBC02A18E8EABEB1EA1453D09B8",,,"one TCP client and one sequential IMAP session per sample","0","PASS","45FA907CE0D3797C1E13EBB2F03F076A25656CCE27E801C18F745ACD3944FBBD","5136EEC556F9790732AE759EF52F77FE6172329EA55787A80300C4A824107E46","1","469","False","False","7065.631","Aktarma ba?lant?s?ndan veriler okunamad?: Ba?lan?lan uygun olarak belli bir s?re i?inde yan?t vermedi?inden veya kurulan
ba?lant? ba?lan?lan ana bilgisayar yan?t vermedi?inden bir ba?lant? kurulamad?.","False","0","False","False","0","False"
"c4450db8-b5fb-4a9f-812c-8d214ea86167","MANIFEST_BOUND","hmail-perf-pair-service-20260901","06EFCBA9520D478A6DAC7ABB7F09F3B63D015A0CD5ECA1EB4D0FD2CC8C38F9FD","cpp","hmail_perf_pair_cpp_20260831_head3","C:\hmail-perf-pair-service-20260901\cpp\Data","B3DF9E8BBF4BEDB1102C94DF7C86356E1FEABCBC02A18E8EABEB1EA1453D09B8",,,"one TCP client and one sequential IMAP session per sample","0","PASS","45FA907CE0D3797C1E13EBB2F03F076A25656CCE27E801C18F745ACD3944FBBD","5136EEC556F9790732AE759EF52F77FE6172329EA55787A80300C4A824107E46","1","470","False","False","7065.978","Aktarma ba?lant?s?ndan veriler okunamad?: Ba?lan?lan uygun olarak belli bir s?re i?inde yan?t vermedi?inden veya kurulan
ba?lant? ba?lan?lan ana bilgisayar yan?t vermedi?inden bir ba?lant? kurulamad?.","False","0","False","False","0","False"
"c4450db8-b5fb-4a9f-812c-8d214ea86167","MANIFEST_BOUND","hmail-perf-pair-service-20260901","06EFCBA9520D478A6DAC7ABB7F09F3B63D015A0CD5ECA1EB4D0FD2CC8C38F9FD","cpp","hmail_perf_pair_cpp_20260831_head3","C:\hmail-perf-pair-service-20260901\cpp\Data","B3DF9E8BBF4BEDB1102C94DF7C86356E1FEABCBC02A18E8EABEB1EA1453D09B8",,,"one TCP client and one sequential IMAP session per sample","0","PASS","45FA907CE0D3797C1E13EBB2F03F076A25656CCE27E801C18F745ACD3944FBBD","5136EEC556F9790732AE759EF52F77FE6172329EA55787A80300C4A824107E46","1","471","False","False","7065.767","Aktarma ba?lant?s?ndan veriler okunamad?: Ba?lan?lan uygun olarak belli bir s?re i?inde yan?t vermedi?inden veya kurulan
ba?lant? ba?lan?lan ana bilgisayar yan?t vermedi?inden bir ba?lant? kurulamad?.","False","0","False","False","0","False"
"c4450db8-b5fb-4a9f-812c-8d214ea86167","MANIFEST_BOUND","hmail-perf-pair-service-20260901","06EFCBA9520D478A6DAC7ABB7F09F3B63D015A0CD5ECA1EB4D0FD2CC8C38F9FD","cpp","hmail_perf_pair_cpp_20260831_head3","C:\hmail-perf-pair-service-20260901\cpp\Data","B3DF9E8BBF4BEDB1102C94DF7C86356E1FEABCBC02A18E8EABEB1EA1453D09B8",,,"one TCP client and one sequential IMAP session per sample","0","PASS","45FA907CE0D3797C1E13EBB2F03F076A25656CCE27E801C18F745ACD3944FBBD","5136EEC556F9790732AE759EF52F77FE6172329EA55787A80300C4A824107E46","1","472","False","False","7060.658","Aktarma ba?lant?s?ndan veriler okunamad?: Ba?lan?lan uygun olarak belli bir s?re i?inde yan?t vermedi?inden veya kurulan
ba?lant? ba?lan?lan ana bilgisayar yan?t vermedi?inden bir ba?lant? kurulamad?.","False","0","False","False","0","False"
"c4450db8-b5fb-4a9f-812c-8d214ea86167","MANIFEST_BOUND","hmail-perf-pair-service-20260901","06EFCBA9520D478A6DAC7ABB7F09F3B63D015A0CD5ECA1EB4D0FD2CC8C38F9FD","cpp","hmail_perf_pair_cpp_20260831_head3","C:\hmail-perf-pair-service-20260901\cpp\Data","B3DF9E8BBF4BEDB1102C94DF7C86356E1FEABCBC02A18E8EABEB1EA1453D09B8",,,"one TCP client and one sequential IMAP session per sample","0","PASS","45FA907CE0D3797C1E13EBB2F03F076A25656CCE27E801C18F745ACD3944FBBD","5136EEC556F9790732AE759EF52F77FE6172329EA55787A80300C4A824107E46","1","473","False","False","7060.17","Aktarma ba?lant?s?ndan veriler okunamad?: Ba?lan?lan uygun olarak belli bir s?re i?inde yan?t vermedi?inden veya kurulan
ba?lant? ba?lan?lan ana bilgisayar yan?t vermedi?inden bir ba?lant? kurulamad?.","False","0","False","False","0","False"
"c4450db8-b5fb-4a9f-812c-8d214ea86167","MANIFEST_BOUND","hmail-perf-pair-service-20260901","06EFCBA9520D478A6DAC7ABB7F09F3B63D015A0CD5ECA1EB4D0FD2CC8C38F9FD","cpp","hmail_perf_pair_cpp_20260831_head3","C:\hmail-perf-pair-service-20260901\cpp\Data","B3DF9E8BBF4BEDB1102C94DF7C86356E1FEABCBC02A18E8EABEB1EA1453D09B8",,,"one TCP client and one sequential IMAP session per sample","0","PASS","45FA907CE0D3797C1E13EBB2F03F076A25656CCE27E801C18F745ACD3944FBBD","5136EEC556F9790732AE759EF52F77FE6172329EA55787A80300C4A824107E46","1","474","False","False","7061.504","Aktarma ba?lant?s?ndan veriler okunamad?: Ba?lan?lan uygun olarak belli bir s?re i?inde yan?t vermedi?inden veya kurulan
ba?lant? ba?lan?lan ana bilgisayar yan?t vermedi?inden bir ba?lant? kurulamad?.","False","0","False","False","0","False"
"c4450db8-b5fb-4a9f-812c-8d214ea86167","MANIFEST_BOUND","hmail-perf-pair-service-20260901","06EFCBA9520D478A6DAC7ABB7F09F3B63D015A0CD5ECA1EB4D0FD2CC8C38F9FD","cpp","hmail_perf_pair_cpp_20260831_head3","C:\hmail-perf-pair-service-20260901\cpp\Data","B3DF9E8BBF4BEDB1102C94DF7C86356E1FEABCBC02A18E8EABEB1EA1453D09B8",,,"one TCP client and one sequential IMAP session per sample","0","PASS","45FA907CE0D3797C1E13EBB2F03F076A25656CCE27E801C18F745ACD3944FBBD","5136EEC556F9790732AE759EF52F77FE6172329EA55787A80300C4A824107E46","1","475","False","False","7061.393","Aktarma ba?lant?s?ndan veriler okunamad?: Ba?lan?lan uygun olarak belli bir s?re i?inde yan?t vermedi?inden veya kurulan
ba?lant? ba?lan?lan ana bilgisayar yan?t vermedi?inden bir ba?lant? kurulamad?.","False","0","False","False","0","False"
"c4450db8-b5fb-4a9f-812c-8d214ea86167","MANIFEST_BOUND","hmail-perf-pair-service-20260901","06EFCBA9520D478A6DAC7ABB7F09F3B63D015A0CD5ECA1EB4D0FD2CC8C38F9FD","cpp","hmail_perf_pair_cpp_20260831_head3","C:\hmail-perf-pair-service-20260901\cpp\Data","B3DF9E8BBF4BEDB1102C94DF7C86356E1FEABCBC02A18E8EABEB1EA1453D09B8",,,"one TCP client and one sequential IMAP session per sample","0","PASS","45FA907CE0D3797C1E13EBB2F03F076A25656CCE27E801C18F745ACD3944FBBD","5136EEC556F9790732AE759EF52F77FE6172329EA55787A80300C4A824107E46","1","476","False","False","7060.828","Aktarma ba?lant?s?ndan veriler okunamad?: Ba?lan?lan uygun olarak belli bir s?re i?inde yan?t vermedi?inden veya kurulan
ba?lant? ba?lan?lan ana bilgisayar yan?t vermedi?inden bir ba?lant? kurulamad?.","False","0","False","False","0","False"
"c4450db8-b5fb-4a9f-812c-8d214ea86167","MANIFEST_BOUND","hmail-perf-pair-service-20260901","06EFCBA9520D478A6DAC7ABB7F09F3B63D015A0CD5ECA1EB4D0FD2CC8C38F9FD","cpp","hmail_perf_pair_cpp_20260831_head3","C:\hmail-perf-pair-service-20260901\cpp\Data","B3DF9E8BBF4BEDB1102C94DF7C86356E1FEABCBC02A18E8EABEB1EA1453D09B8",,,"one TCP client and one sequential IMAP session per sample","0","PASS","45FA907CE0D3797C1E13EBB2F03F076A25656CCE27E801C18F745ACD3944FBBD","5136EEC556F9790732AE759EF52F77FE6172329EA55787A80300C4A824107E46","1","477","False","False","7072.871","Aktarma ba?lant?s?ndan veriler okunamad?: Ba?lan?lan uygun olarak belli bir s?re i?inde yan?t vermedi?inden veya kurulan
ba?lant? ba?lan?lan ana bilgisayar yan?t vermedi?inden bir ba?lant? kurulamad?.","False","0","False","False","0","False"
"c4450db8-b5fb-4a9f-812c-8d214ea86167","MANIFEST_BOUND","hmail-perf-pair-service-20260901","06EFCBA9520D478A6DAC7ABB7F09F3B63D015A0CD5ECA1EB4D0FD2CC8C38F9FD","cpp","hmail_perf_pair_cpp_20260831_head3","C:\hmail-perf-pair-service-20260901\cpp\Data","B3DF9E8BBF4BEDB1102C94DF7C86356E1FEABCBC02A18E8EABEB1EA1453D09B8",,,"one TCP client and one sequential IMAP session per sample","0","PASS","45FA907CE0D3797C1E13EBB2F03F076A25656CCE27E801C18F745ACD3944FBBD","5136EEC556F9790732AE759EF52F77FE6172329EA55787A80300C4A824107E46","1","478","False","False","7065.627","Aktarma ba?lant?s?ndan veriler okunamad?: Ba?lan?lan uygun olarak belli bir s?re i?inde yan?t vermedi?inden veya kurulan
ba?lant? ba?lan?lan ana bilgisayar yan?t vermedi?inden bir ba?lant? kurulamad?.","False","0","False","False","0","False"
"c4450db8-b5fb-4a9f-812c-8d214ea86167","MANIFEST_BOUND","hmail-perf-pair-service-20260901","06EFCBA9520D478A6DAC7ABB7F09F3B63D015A0CD5ECA1EB4D0FD2CC8C38F9FD","cpp","hmail_perf_pair_cpp_20260831_head3","C:\hmail-perf-pair-service-20260901\cpp\Data","B3DF9E8BBF4BEDB1102C94DF7C86356E1FEABCBC02A18E8EABEB1EA1453D09B8",,,"one TCP client and one sequential IMAP session per sample","0","PASS","45FA907CE0D3797C1E13EBB2F03F076A25656CCE27E801C18F745ACD3944FBBD","5136EEC556F9790732AE759EF52F77FE6172329EA55787A80300C4A824107E46","1","479","False","False","7065.932","Aktarma ba?lant?s?ndan veriler okunamad?: Ba?lan?lan uygun olarak belli bir s?re i?inde yan?t vermedi?inden veya kurulan
ba?lant? ba?lan?lan ana bilgisayar yan?t vermedi?inden bir ba?lant? kurulamad?.","False","0","False","False","0","False"
"c4450db8-b5fb-4a9f-812c-8d214ea86167","MANIFEST_BOUND","hmail-perf-pair-service-20260901","06EFCBA9520D478A6DAC7ABB7F09F3B63D015A0CD5ECA1EB4D0FD2CC8C38F9FD","cpp","hmail_perf_pair_cpp_20260831_head3","C:\hmail-perf-pair-service-20260901\cpp\Data","B3DF9E8BBF4BEDB1102C94DF7C86356E1FEABCBC02A18E8EABEB1EA1453D09B8",,,"one TCP client and one sequential IMAP session per sample","0","PASS","45FA907CE0D3797C1E13EBB2F03F076A25656CCE27E801C18F745ACD3944FBBD","5136EEC556F9790732AE759EF52F77FE6172329EA55787A80300C4A824107E46","1","480","False","False","7061.331","Aktarma ba?lant?s?ndan veriler okunamad?: Ba?lan?lan uygun olarak belli bir s?re i?inde yan?t vermedi?inden veya kurulan
ba?lant? ba?lan?lan ana bilgisayar yan?t vermedi?inden bir ba?lant? kurulamad?.","False","0","False","False","0","False"
"c4450db8-b5fb-4a9f-812c-8d214ea86167","MANIFEST_BOUND","hmail-perf-pair-service-20260901","06EFCBA9520D478A6DAC7ABB7F09F3B63D015A0CD5ECA1EB4D0FD2CC8C38F9FD","cpp","hmail_perf_pair_cpp_20260831_head3","C:\hmail-perf-pair-service-20260901\cpp\Data","B3DF9E8BBF4BEDB1102C94DF7C86356E1FEABCBC02A18E8EABEB1EA1453D09B8",,,"one TCP client and one sequential IMAP session per sample","0","PASS","45FA907CE0D3797C1E13EBB2F03F076A25656CCE27E801C18F745ACD3944FBBD","5136EEC556F9790732AE759EF52F77FE6172329EA55787A80300C4A824107E46","1","481","False","False","7060.823","Aktarma ba?lant?s?ndan veriler okunamad?: Ba?lan?lan uygun olarak belli bir s?re i?inde yan?t vermedi?inden veya kurulan
ba?lant? ba?lan?lan ana bilgisayar yan?t vermedi?inden bir ba?lant? kurulamad?.","False","0","False","False","0","False"
"c4450db8-b5fb-4a9f-812c-8d214ea86167","MANIFEST_BOUND","hmail-perf-pair-service-20260901","06EFCBA9520D478A6DAC7ABB7F09F3B63D015A0CD5ECA1EB4D0FD2CC8C38F9FD","cpp","hmail_perf_pair_cpp_20260831_head3","C:\hmail-perf-pair-service-20260901\cpp\Data","B3DF9E8BBF4BEDB1102C94DF7C86356E1FEABCBC02A18E8EABEB1EA1453D09B8",,,"one TCP client and one sequential IMAP session per sample","0","PASS","45FA907CE0D3797C1E13EBB2F03F076A25656CCE27E801C18F745ACD3944FBBD","5136EEC556F9790732AE759EF52F77FE6172329EA55787A80300C4A824107E46","1","482","False","False","7061.06","Aktarma ba?lant?s?ndan veriler okunamad?: Ba?lan?lan uygun olarak belli bir s?re i?inde yan?t vermedi?inden veya kurulan
ba?lant? ba?lan?lan ana bilgisayar yan?t vermedi?inden bir ba?lant? kurulamad?.","False","0","False","False","0","False"
"c4450db8-b5fb-4a9f-812c-8d214ea86167","MANIFEST_BOUND","hmail-perf-pair-service-20260901","06EFCBA9520D478A6DAC7ABB7F09F3B63D015A0CD5ECA1EB4D0FD2CC8C38F9FD","cpp","hmail_perf_pair_cpp_20260831_head3","C:\hmail-perf-pair-service-20260901\cpp\Data","B3DF9E8BBF4BEDB1102C94DF7C86356E1FEABCBC02A18E8EABEB1EA1453D09B8",,,"one TCP client and one sequential IMAP session per sample","0","PASS","45FA907CE0D3797C1E13EBB2F03F076A25656CCE27E801C18F745ACD3944FBBD","5136EEC556F9790732AE759EF52F77FE6172329EA55787A80300C4A824107E46","1","483","False","False","7065.26","Aktarma ba?lant?s?ndan veriler okunamad?: Ba?lan?lan uygun olarak belli bir s?re i?inde yan?t vermedi?inden veya kurulan
ba?lant? ba?lan?lan ana bilgisayar yan?t vermedi?inden bir ba?lant? kurulamad?.","False","0","False","False","0","False"
"c4450db8-b5fb-4a9f-812c-8d214ea86167","MANIFEST_BOUND","hmail-perf-pair-service-20260901","06EFCBA9520D478A6DAC7ABB7F09F3B63D015A0CD5ECA1EB4D0FD2CC8C38F9FD","cpp","hmail_perf_pair_cpp_20260831_head3","C:\hmail-perf-pair-service-20260901\cpp\Data","B3DF9E8BBF4BEDB1102C94DF7C86356E1FEABCBC02A18E8EABEB1EA1453D09B8",,,"one TCP client and one sequential IMAP session per sample","0","PASS","45FA907CE0D3797C1E13EBB2F03F076A25656CCE27E801C18F745ACD3944FBBD","5136EEC556F9790732AE759EF52F77FE6172329EA55787A80300C4A824107E46","1","484","False","False","7072.739","Aktarma ba?lant?s?ndan veriler okunamad?: Ba?lan?lan uygun olarak belli bir s?re i?inde yan?t vermedi?inden veya kurulan
ba?lant? ba?lan?lan ana bilgisayar yan?t vermedi?inden bir ba?lant? kurulamad?.","False","0","False","False","0","False"
"c4450db8-b5fb-4a9f-812c-8d214ea86167","MANIFEST_BOUND","hmail-perf-pair-service-20260901","06EFCBA9520D478A6DAC7ABB7F09F3B63D015A0CD5ECA1EB4D0FD2CC8C38F9FD","cpp","hmail_perf_pair_cpp_20260831_head3","C:\hmail-perf-pair-service-20260901\cpp\Data","B3DF9E8BBF4BEDB1102C94DF7C86356E1FEABCBC02A18E8EABEB1EA1453D09B8",,,"one TCP client and one sequential IMAP session per sample","0","PASS","45FA907CE0D3797C1E13EBB2F03F076A25656CCE27E801C18F745ACD3944FBBD","5136EEC556F9790732AE759EF52F77FE6172329EA55787A80300C4A824107E46","1","485","False","False","7073.247","Aktarma ba?lant?s?ndan veriler okunamad?: Ba?lan?lan uygun olarak belli bir s?re i?inde yan?t vermedi?inden veya kurulan
ba?lant? ba?lan?lan ana bilgisayar yan?t vermedi?inden bir ba?lant? kurulamad?.","False","0","False","False","0","False"
"c4450db8-b5fb-4a9f-812c-8d214ea86167","MANIFEST_BOUND","hmail-perf-pair-service-20260901","06EFCBA9520D478A6DAC7ABB7F09F3B63D015A0CD5ECA1EB4D0FD2CC8C38F9FD","cpp","hmail_perf_pair_cpp_20260831_head3","C:\hmail-perf-pair-service-20260901\cpp\Data","B3DF9E8BBF4BEDB1102C94DF7C86356E1FEABCBC02A18E8EABEB1EA1453D09B8",,,"one TCP client and one sequential IMAP session per sample","0","PASS","45FA907CE0D3797C1E13EBB2F03F076A25656CCE27E801C18F745ACD3944FBBD","5136EEC556F9790732AE759EF52F77FE6172329EA55787A80300C4A824107E46","1","486","False","False","7056.783","Aktarma ba?lant?s?ndan veriler okunamad?: Ba?lan?lan uygun olarak belli bir s?re i?inde yan?t vermedi?inden veya kurulan
ba?lant? ba?lan?lan ana bilgisayar yan?t vermedi?inden bir ba?lant? kurulamad?.","False","0","False","False","0","False"
"c4450db8-b5fb-4a9f-812c-8d214ea86167","MANIFEST_BOUND","hmail-perf-pair-service-20260901","06EFCBA9520D478A6DAC7ABB7F09F3B63D015A0CD5ECA1EB4D0FD2CC8C38F9FD","cpp","hmail_perf_pair_cpp_20260831_head3","C:\hmail-perf-pair-service-20260901\cpp\Data","B3DF9E8BBF4BEDB1102C94DF7C86356E1FEABCBC02A18E8EABEB1EA1453D09B8",,,"one TCP client and one sequential IMAP session per sample","0","PASS","45FA907CE0D3797C1E13EBB2F03F076A25656CCE27E801C18F745ACD3944FBBD","5136EEC556F9790732AE759EF52F77FE6172329EA55787A80300C4A824107E46","1","487","False","False","2060.944","Hedef makine etkin olarak reddetti?inden ba?lant? kurulamad? 127.0.0.1:1143","False","0","False","False","0","False"
"c4450db8-b5fb-4a9f-812c-8d214ea86167","MANIFEST_BOUND","hmail-perf-pair-service-20260901","06EFCBA9520D478A6DAC7ABB7F09F3B63D015A0CD5ECA1EB4D0FD2CC8C38F9FD","cpp","hmail_perf_pair_cpp_20260831_head3","C:\hmail-perf-pair-service-20260901\cpp\Data","B3DF9E8BBF4BEDB1102C94DF7C86356E1FEABCBC02A18E8EABEB1EA1453D09B8",,,"one TCP client and one sequential IMAP session per sample","0","PASS","45FA907CE0D3797C1E13EBB2F03F076A25656CCE27E801C18F745ACD3944FBBD","5136EEC556F9790732AE759EF52F77FE6172329EA55787A80300C4A824107E46","1","488","False","False","7060.791","Aktarma ba?lant?s?ndan veriler okunamad?: Ba?lan?lan uygun olarak belli bir s?re i?inde yan?t vermedi?inden veya kurulan
ba?lant? ba?lan?lan ana bilgisayar yan?t vermedi?inden bir ba?lant? kurulamad?.","False","0","False","False","0","False"
"c4450db8-b5fb-4a9f-812c-8d214ea86167","MANIFEST_BOUND","hmail-perf-pair-service-20260901","06EFCBA9520D478A6DAC7ABB7F09F3B63D015A0CD5ECA1EB4D0FD2CC8C38F9FD","cpp","hmail_perf_pair_cpp_20260831_head3","C:\hmail-perf-pair-service-20260901\cpp\Data","B3DF9E8BBF4BEDB1102C94DF7C86356E1FEABCBC02A18E8EABEB1EA1453D09B8",,,"one TCP client and one sequential IMAP session per sample","0","PASS","45FA907CE0D3797C1E13EBB2F03F076A25656CCE27E801C18F745ACD3944FBBD","5136EEC556F9790732AE759EF52F77FE6172329EA55787A80300C4A824107E46","1","489","False","False","7073.315","Aktarma ba?lant?s?ndan veriler okunamad?: Ba?lan?lan uygun olarak belli bir s?re i?inde yan?t vermedi?inden veya kurulan
ba?lant? ba?lan?lan ana bilgisayar yan?t vermedi?inden bir ba?lant? kurulamad?.","False","0","False","False","0","False"
"c4450db8-b5fb-4a9f-812c-8d214ea86167","MANIFEST_BOUND","hmail-perf-pair-service-20260901","06EFCBA9520D478A6DAC7ABB7F09F3B63D015A0CD5ECA1EB4D0FD2CC8C38F9FD","cpp","hmail_perf_pair_cpp_20260831_head3","C:\hmail-perf-pair-service-20260901\cpp\Data","B3DF9E8BBF4BEDB1102C94DF7C86356E1FEABCBC02A18E8EABEB1EA1453D09B8",,,"one TCP client and one sequential IMAP session per sample","0","PASS","45FA907CE0D3797C1E13EBB2F03F076A25656CCE27E801C18F745ACD3944FBBD","5136EEC556F9790732AE759EF52F77FE6172329EA55787A80300C4A824107E46","1","490","False","False","7065.289","Aktarma ba?lant?s?ndan veriler okunamad?: Ba?lan?lan uygun olarak belli bir s?re i?inde yan?t vermedi?inden veya kurulan
ba?lant? ba?lan?lan ana bilgisayar yan?t vermedi?inden bir ba?lant? kurulamad?.","False","0","False","False","0","False"
"c4450db8-b5fb-4a9f-812c-8d214ea86167","MANIFEST_BOUND","hmail-perf-pair-service-20260901","06EFCBA9520D478A6DAC7ABB7F09F3B63D015A0CD5ECA1EB4D0FD2CC8C38F9FD","cpp","hmail_perf_pair_cpp_20260831_head3","C:\hmail-perf-pair-service-20260901\cpp\Data","B3DF9E8BBF4BEDB1102C94DF7C86356E1FEABCBC02A18E8EABEB1EA1453D09B8",,,"one TCP client and one sequential IMAP session per sample","0","PASS","45FA907CE0D3797C1E13EBB2F03F076A25656CCE27E801C18F745ACD3944FBBD","5136EEC556F9790732AE759EF52F77FE6172329EA55787A80300C4A824107E46","1","491","False","False","7065.16","Aktarma ba?lant?s?ndan veriler okunamad?: Ba?lan?lan uygun olarak belli bir s?re i?inde yan?t vermedi?inden veya kurulan
ba?lant? ba?lan?lan ana bilgisayar yan?t vermedi?inden bir ba?lant? kurulamad?.","False","0","False","False","0","False"
"c4450db8-b5fb-4a9f-812c-8d214ea86167","MANIFEST_BOUND","hmail-perf-pair-service-20260901","06EFCBA9520D478A6DAC7ABB7F09F3B63D015A0CD5ECA1EB4D0FD2CC8C38F9FD","cpp","hmail_perf_pair_cpp_20260831_head3","C:\hmail-perf-pair-service-20260901\cpp\Data","B3DF9E8BBF4BEDB1102C94DF7C86356E1FEABCBC02A18E8EABEB1EA1453D09B8",,,"one TCP client and one sequential IMAP session per sample","0","PASS","45FA907CE0D3797C1E13EBB2F03F076A25656CCE27E801C18F745ACD3944FBBD","5136EEC556F9790732AE759EF52F77FE6172329EA55787A80300C4A824107E46","1","492","False","False","7075.083","Aktarma ba?lant?s?ndan veriler okunamad?: Ba?lan?lan uygun olarak belli bir s?re i?inde yan?t vermedi?inden veya kurulan
ba?lant? ba?lan?lan ana bilgisayar yan?t vermedi?inden bir ba?lant? kurulamad?.","False","0","False","False","0","False"
"c4450db8-b5fb-4a9f-812c-8d214ea86167","MANIFEST_BOUND","hmail-perf-pair-service-20260901","06EFCBA9520D478A6DAC7ABB7F09F3B63D015A0CD5ECA1EB4D0FD2CC8C38F9FD","cpp","hmail_perf_pair_cpp_20260831_head3","C:\hmail-perf-pair-service-20260901\cpp\Data","B3DF9E8BBF4BEDB1102C94DF7C86356E1FEABCBC02A18E8EABEB1EA1453D09B8",,,"one TCP client and one sequential IMAP session per sample","0","PASS","45FA907CE0D3797C1E13EBB2F03F076A25656CCE27E801C18F745ACD3944FBBD","5136EEC556F9790732AE759EF52F77FE6172329EA55787A80300C4A824107E46","1","493","False","False","7073.664","Aktarma ba?lant?s?ndan veriler okunamad?: Ba?lan?lan uygun olarak belli bir s?re i?inde yan?t vermedi?inden veya kurulan
ba?lant? ba?lan?lan ana bilgisayar yan?t vermedi?inden bir ba?lant? kurulamad?.","False","0","False","False","0","False"
"c4450db8-b5fb-4a9f-812c-8d214ea86167","MANIFEST_BOUND","hmail-perf-pair-service-20260901","06EFCBA9520D478A6DAC7ABB7F09F3B63D015A0CD5ECA1EB4D0FD2CC8C38F9FD","cpp","hmail_perf_pair_cpp_20260831_head3","C:\hmail-perf-pair-service-20260901\cpp\Data","B3DF9E8BBF4BEDB1102C94DF7C86356E1FEABCBC02A18E8EABEB1EA1453D09B8",,,"one TCP client and one sequential IMAP session per sample","0","PASS","45FA907CE0D3797C1E13EBB2F03F076A25656CCE27E801C18F745ACD3944FBBD","5136EEC556F9790732AE759EF52F77FE6172329EA55787A80300C4A824107E46","1","494","False","False","7065.383","Aktarma ba?lant?s?ndan veriler okunamad?: Ba?lan?lan uygun olarak belli bir s?re i?inde yan?t vermedi?inden veya kurulan
ba?lant? ba?lan?lan ana bilgisayar yan?t vermedi?inden bir ba?lant? kurulamad?.","False","0","False","False","0","False"
"c4450db8-b5fb-4a9f-812c-8d214ea86167","MANIFEST_BOUND","hmail-perf-pair-service-20260901","06EFCBA9520D478A6DAC7ABB7F09F3B63D015A0CD5ECA1EB4D0FD2CC8C38F9FD","cpp","hmail_perf_pair_cpp_20260831_head3","C:\hmail-perf-pair-service-20260901\cpp\Data","B3DF9E8BBF4BEDB1102C94DF7C86356E1FEABCBC02A18E8EABEB1EA1453D09B8",,,"one TCP client and one sequential IMAP session per sample","0","PASS","45FA907CE0D3797C1E13EBB2F03F076A25656CCE27E801C18F745ACD3944FBBD","5136EEC556F9790732AE759EF52F77FE6172329EA55787A80300C4A824107E46","1","495","False","False","7057.2","Aktarma ba?lant?s?ndan veriler okunamad?: Ba?lan?lan uygun olarak belli bir s?re i?inde yan?t vermedi?inden veya kurulan
ba?lant? ba?lan?lan ana bilgisayar yan?t vermedi?inden bir ba?lant? kurulamad?.","False","0","False","False","0","False"
"c4450db8-b5fb-4a9f-812c-8d214ea86167","MANIFEST_BOUND","hmail-perf-pair-service-20260901","06EFCBA9520D478A6DAC7ABB7F09F3B63D015A0CD5ECA1EB4D0FD2CC8C38F9FD","cpp","hmail_perf_pair_cpp_20260831_head3","C:\hmail-perf-pair-service-20260901\cpp\Data","B3DF9E8BBF4BEDB1102C94DF7C86356E1FEABCBC02A18E8EABEB1EA1453D09B8",,,"one TCP client and one sequential IMAP session per sample","0","PASS","45FA907CE0D3797C1E13EBB2F03F076A25656CCE27E801C18F745ACD3944FBBD","5136EEC556F9790732AE759EF52F77FE6172329EA55787A80300C4A824107E46","1","496","False","False","7060.62","Aktarma ba?lant?s?ndan veriler okunamad?: Ba?lan?lan uygun olarak belli bir s?re i?inde yan?t vermedi?inden veya kurulan
ba?lant? ba?lan?lan ana bilgisayar yan?t vermedi?inden bir ba?lant? kurulamad?.","False","0","False","False","0","False"
"c4450db8-b5fb-4a9f-812c-8d214ea86167","MANIFEST_BOUND","hmail-perf-pair-service-20260901","06EFCBA9520D478A6DAC7ABB7F09F3B63D015A0CD5ECA1EB4D0FD2CC8C38F9FD","cpp","hmail_perf_pair_cpp_20260831_head3","C:\hmail-perf-pair-service-20260901\cpp\Data","B3DF9E8BBF4BEDB1102C94DF7C86356E1FEABCBC02A18E8EABEB1EA1453D09B8",,,"one TCP client and one sequential IMAP session per sample","0","PASS","45FA907CE0D3797C1E13EBB2F03F076A25656CCE27E801C18F745ACD3944FBBD","5136EEC556F9790732AE759EF52F77FE6172329EA55787A80300C4A824107E46","1","497","False","False","7059.898","Aktarma ba?lant?s?ndan veriler okunamad?: Ba?lan?lan uygun olarak belli bir s?re i?inde yan?t vermedi?inden veya kurulan
ba?lant? ba?lan?lan ana bilgisayar yan?t vermedi?inden bir ba?lant? kurulamad?.","False","0","False","False","0","False"
"c4450db8-b5fb-4a9f-812c-8d214ea86167","MANIFEST_BOUND","hmail-perf-pair-service-20260901","06EFCBA9520D478A6DAC7ABB7F09F3B63D015A0CD5ECA1EB4D0FD2CC8C38F9FD","cpp","hmail_perf_pair_cpp_20260831_head3","C:\hmail-perf-pair-service-20260901\cpp\Data","B3DF9E8BBF4BEDB1102C94DF7C86356E1FEABCBC02A18E8EABEB1EA1453D09B8",,,"one TCP client and one sequential IMAP session per sample","0","PASS","45FA907CE0D3797C1E13EBB2F03F076A25656CCE27E801C18F745ACD3944FBBD","5136EEC556F9790732AE759EF52F77FE6172329EA55787A80300C4A824107E46","1","498","False","False","7064.847","Aktarma ba?lant?s?ndan veriler okunamad?: Ba?lan?lan uygun olarak belli bir s?re i?inde yan?t vermedi?inden veya kurulan
ba?lant? ba?lan?lan ana bilgisayar yan?t vermedi?inden bir ba?lant? kurulamad?.","False","0","False","False","0","False"
"c4450db8-b5fb-4a9f-812c-8d214ea86167","MANIFEST_BOUND","hmail-perf-pair-service-20260901","06EFCBA9520D478A6DAC7ABB7F09F3B63D015A0CD5ECA1EB4D0FD2CC8C38F9FD","cpp","hmail_perf_pair_cpp_20260831_head3","C:\hmail-perf-pair-service-20260901\cpp\Data","B3DF9E8BBF4BEDB1102C94DF7C86356E1FEABCBC02A18E8EABEB1EA1453D09B8",,,"one TCP client and one sequential IMAP session per sample","0","PASS","45FA907CE0D3797C1E13EBB2F03F076A25656CCE27E801C18F745ACD3944FBBD","5136EEC556F9790732AE759EF52F77FE6172329EA55787A80300C4A824107E46","1","499","False","False","7057.103","Aktarma ba?lant?s?ndan veriler okunamad?: Ba?lan?lan uygun olarak belli bir s?re i?inde yan?t vermedi?inden veya kurulan
ba?lant? ba?lan?lan ana bilgisayar yan?t vermedi?inden bir ba?lant? kurulamad?.","False","0","False","False","0","False"
"c4450db8-b5fb-4a9f-812c-8d214ea86167","MANIFEST_BOUND","hmail-perf-pair-service-20260901","06EFCBA9520D478A6DAC7ABB7F09F3B63D015A0CD5ECA1EB4D0FD2CC8C38F9FD","cpp","hmail_perf_pair_cpp_20260831_head3","C:\hmail-perf-pair-service-20260901\cpp\Data","B3DF9E8BBF4BEDB1102C94DF7C86356E1FEABCBC02A18E8EABEB1EA1453D09B8",,,"one TCP client and one sequential IMAP session per sample","0","PASS","45FA907CE0D3797C1E13EBB2F03F076A25656CCE27E801C18F745ACD3944FBBD","5136EEC556F9790732AE759EF52F77FE6172329EA55787A80300C4A824107E46","1","500","True","False","1115.589",,"True","1000","True","True","1000","True"
