"runId","provenanceStatus","fixtureId","manifestSha256","implementation","database","dataRoot","executableSha256","runStartAttestationStatus","runStartDataSha256","runStartMessageSha256","scenario","sequence","ok","ms","error"
"134e0ab3-c4ca-48af-ae1c-f2c091bf9001","MANIFEST_BOUND","hmail-perf-pair-delivery-20260901","A83052CA61D7F3853E97522D3F72DDA595DB61811511435D3030E4E230E8B07E","net10","hmail_perf_pair_net10_20260831_225556","C:\hmail-perf-pair-delivery-20260901\net10\Data","F6B2319F94B2989ACFC29A1A124895A151484996D94A2CC5266C1DDEAA7897AE","PASS","45FA907CE0D3797C1E13EBB2F03F076A25656CCE27E801C18F745ACD3944FBBD","5136EEC556F9790732AE759EF52F77FE6172329EA55787A80300C4A824107E46","smtp-message-acceptance","1","True","133.095",
"134e0ab3-c4ca-48af-ae1c-f2c091bf9001","MANIFEST_BOUND","hmail-perf-pair-delivery-20260901","A83052CA61D7F3853E97522D3F72DDA595DB61811511435D3030E4E230E8B07E","net10","hmail_perf_pair_net10_20260831_225556","C:\hmail-perf-pair-delivery-20260901\net10\Data","F6B2319F94B2989ACFC29A1A124895A151484996D94A2CC5266C1DDEAA7897AE","PASS","45FA907CE0D3797C1E13EBB2F03F076A25656CCE27E801C18F745ACD3944FBBD","5136EEC556F9790732AE759EF52F77FE6172329EA55787A80300C4A824107E46","smtp-message-acceptance","2","True","75.338",
"134e0ab3-c4ca-48af-ae1c-f2c091bf9001","MANIFEST_BOUND","hmail-perf-pair-delivery-20260901","A83052CA61D7F3853E97522D3F72DDA595DB61811511435D3030E4E230E8B07E","net10","hmail_perf_pair_net10_20260831_225556","C:\hmail-perf-pair-delivery-20260901\net10\Data","F6B2319F94B2989ACFC29A1A124895A151484996D94A2CC5266C1DDEAA7897AE","PASS","45FA907CE0D3797C1E13EBB2F03F076A25656CCE27E801C18F745ACD3944FBBD","5136EEC556F9790732AE759EF52F77FE6172329EA55787A80300C4A824107E46","smtp-message-acceptance","3","True","13.75",
"134e0ab3-c4ca-48af-ae1c-f2c091bf9001","MANIFEST_BOUND","hmail-perf-pair-delivery-20260901","A83052CA61D7F3853E97522D3F72DDA595DB61811511435D3030E4E230E8B07E","net10","hmail_perf_pair_net10_20260831_225556","C:\hmail-perf-pair-delivery-20260901\net10\Data","F6B2319F94B2989ACFC29A1A124895A151484996D94A2CC5266C1DDEAA7897AE","PASS","45FA907CE0D3797C1E13EBB2F03F076A25656CCE27E801C18F745ACD3944FBBD","5136EEC556F9790732AE759EF52F77FE6172329EA55787A80300C4A824107E46","smtp-message-acceptance","4","True","4.995",
"134e0ab3-c4ca-48af-ae1c-f2c091bf9001","MANIFEST_BOUND","hmail-perf-pair-delivery-20260901","A83052CA61D7F3853E97522D3F72DDA595DB61811511435D3030E4E230E8B07E","net10","hmail_perf_pair_net10_20260831_225556","C:\hmail-perf-pair-delivery-20260901\net10\Data","F6B2319F94B2989ACFC29A1A124895A151484996D94A2CC5266C1DDEAA7897AE","PASS","45FA907CE0D3797C1E13EBB2F03F076A25656CCE27E801C18F745ACD3944FBBD","5136EEC556F9790732AE759EF52F77FE6172329EA55787A80300C4A824107E46","smtp-message-acceptance","5","True","6.318",
"134e0ab3-c4ca-48af-ae1c-f2c091bf9001","MANIFEST_BOUND","hmail-perf-pair-delivery-20260901","A83052CA61D7F3853E97522D3F72DDA595DB61811511435D3030E4E230E8B07E","net10","hmail_perf_pair_net10_20260831_225556","C:\hmail-perf-pair-delivery-20260901\net10\Data","F6B2319F94B2989ACFC29A1A124895A151484996D94A2CC5266C1DDEAA7897AE","PASS","45FA907CE0D3797C1E13EBB2F03F076A25656CCE27E801C18F745ACD3944FBBD","5136EEC556F9790732AE759EF52F77FE6172329EA55787A80300C4A824107E46","smtp-message-acceptance","6","True","5.881",
"134e0ab3-c4ca-48af-ae1c-f2c091bf9001","MANIFEST_BOUND","hmail-perf-pair-delivery-20260901","A83052CA61D7F3853E97522D3F72DDA595DB61811511435D3030E4E230E8B07E","net10","hmail_perf_pair_net10_20260831_225556","C:\hmail-perf-pair-delivery-20260901\net10\Data","F6B2319F94B2989ACFC29A1A124895A151484996D94A2CC5266C1DDEAA7897AE","PASS","45FA907CE0D3797C1E13EBB2F03F076A25656CCE27E801C18F745ACD3944FBBD","5136EEC556F9790732AE759EF52F77FE6172329EA55787A80300C4A824107E46","smtp-message-acceptance","7","True","6.179",
"134e0ab3-c4ca-48af-ae1c-f2c091bf9001","MANIFEST_BOUND","hmail-perf-pair-delivery-20260901","A83052CA61D7F3853E97522D3F72DDA595DB61811511435D3030E4E230E8B07E","net10","hmail_perf_pair_net10_20260831_225556","C:\hmail-perf-pair-delivery-20260901\net10\Data","F6B2319F94B2989ACFC29A1A124895A151484996D94A2CC5266C1DDEAA7897AE","PASS","45FA907CE0D3797C1E13EBB2F03F076A25656CCE27E801C18F745ACD3944FBBD","5136EEC556F9790732AE759EF52F77FE6172329EA55787A80300C4A824107E46","smtp-message-acceptance","8","True","5.875",
"134e0ab3-c4ca-48af-ae1c-f2c091bf9001","MANIFEST_BOUND","hmail-perf-pair-delivery-20260901","A83052CA61D7F3853E97522D3F72DDA595DB61811511435D3030E4E230E8B07E","net10","hmail_perf_pair_net10_20260831_225556","C:\hmail-perf-pair-delivery-20260901\net10\Data","F6B2319F94B2989ACFC29A1A124895A151484996D94A2CC5266C1DDEAA7897AE","PASS","45FA907CE0D3797C1E13EBB2F03F076A25656CCE27E801C18F745ACD3944FBBD","5136EEC556F9790732AE759EF52F77FE6172329EA55787A80300C4A824107E46","smtp-message-acceptance","9","True","4.953",
"134e0ab3-c4ca-48af-ae1c-f2c091bf9001","MANIFEST_BOUND","hmail-perf-pair-delivery-20260901","A83052CA61D7F3853E97522D3F72DDA595DB61811511435D3030E4E230E8B07E","net10","hmail_perf_pair_net10_20260831_225556","C:\hmail-perf-pair-delivery-20260901\net10\Data","F6B2319F94B2989ACFC29A1A124895A151484996D94A2CC5266C1DDEAA7897AE","PASS","45FA907CE0D3797C1E13EBB2F03F076A25656CCE27E801C18F745ACD3944FBBD","5136EEC556F9790732AE759EF52F77FE6172329EA55787A80300C4A824107E46","smtp-message-acceptance","10","True","5.419",
"134e0ab3-c4ca-48af-ae1c-f2c091bf9001","MANIFEST_BOUND","hmail-perf-pair-delivery-20260901","A83052CA61D7F3853E97522D3F72DDA595DB61811511435D3030E4E230E8B07E","net10","hmail_perf_pair_net10_20260831_225556","C:\hmail-perf-pair-delivery-20260901\net10\Data","F6B2319F94B2989ACFC29A1A124895A151484996D94A2CC5266C1DDEAA7897AE","PASS","45FA907CE0D3797C1E13EBB2F03F076A25656CCE27E801C18F745ACD3944FBBD","5136EEC556F9790732AE759EF52F77FE6172329EA55787A80300C4A824107E46","smtp-message-acceptance","11","True","5.601",
"134e0ab3-c4ca-48af-ae1c-f2c091bf9001","MANIFEST_BOUND","hmail-perf-pair-delivery-20260901","A83052CA61D7F3853E97522D3F72DDA595DB61811511435D3030E4E230E8B07E","net10","hmail_perf_pair_net10_20260831_225556","C:\hmail-perf-pair-delivery-20260901\net10\Data","F6B2319F94B2989ACFC29A1A124895A151484996D94A2CC5266C1DDEAA7897AE","PASS","45FA907CE0D3797C1E13EBB2F03F076A25656CCE27E801C18F745ACD3944FBBD","5136EEC556F9790732AE759EF52F77FE6172329EA55787A80300C4A824107E46","smtp-message-acceptance","12","True","6.232",
"134e0ab3-c4ca-48af-ae1c-f2c091bf9001","MANIFEST_BOUND","hmail-perf-pair-delivery-20260901","A83052CA61D7F3853E97522D3F72DDA595DB61811511435D3030E4E230E8B07E","net10","hmail_perf_pair_net10_20260831_225556","C:\hmail-perf-pair-delivery-20260901\net10\Data","F6B2319F94B2989ACFC29A1A124895A151484996D94A2CC5266C1DDEAA7897AE","PASS","45FA907CE0D3797C1E13EBB2F03F076A25656CCE27E801C18F745ACD3944FBBD","5136EEC556F9790732AE759EF52F77FE6172329EA55787A80300C4A824107E46","smtp-message-acceptance","13","True","6.13",
"134e0ab3-c4ca-48af-ae1c-f2c091bf9001","MANIFEST_BOUND","hmail-perf-pair-delivery-20260901","A83052CA61D7F3853E97522D3F72DDA595DB61811511435D3030E4E230E8B07E","net10","hmail_perf_pair_net10_20260831_225556","C:\hmail-perf-pair-delivery-20260901\net10\Data","F6B2319F94B2989ACFC29A1A124895A151484996D94A2CC5266C1DDEAA7897AE","PASS","45FA907CE0D3797C1E13EBB2F03F076A25656CCE27E801C18F745ACD3944FBBD","5136EEC556F9790732AE759EF52F77FE6172329EA55787A80300C4A824107E46","smtp-message-acceptance","14","True","4.899",
"134e0ab3-c4ca-48af-ae1c-f2c091bf9001","MANIFEST_BOUND","hmail-perf-pair-delivery-20260901","A83052CA61D7F3853E97522D3F72DDA595DB61811511435D3030E4E230E8B07E","net10","hmail_perf_pair_net10_20260831_225556","C:\hmail-perf-pair-delivery-20260901\net10\Data","F6B2319F94B2989ACFC29A1A124895A151484996D94A2CC5266C1DDEAA7897AE","PASS","45FA907CE0D3797C1E13EBB2F03F076A25656CCE27E801C18F745ACD3944FBBD","5136EEC556F9790732AE759EF52F77FE6172329EA55787A80300C4A824107E46","smtp-message-acceptance","15","True","5.249",
"134e0ab3-c4ca-48af-ae1c-f2c091bf9001","MANIFEST_BOUND","hmail-perf-pair-delivery-20260901","A83052CA61D7F3853E97522D3F72DDA595DB61811511435D3030E4E230E8B07E","net10","hmail_perf_pair_net10_20260831_225556","C:\hmail-perf-pair-delivery-20260901\net10\Data","F6B2319F94B2989ACFC29A1A124895A151484996D94A2CC5266C1DDEAA7897AE","PASS","45FA907CE0D3797C1E13EBB2F03F076A25656CCE27E801C18F745ACD3944FBBD","5136EEC556F9790732AE759EF52F77FE6172329EA55787A80300C4A824107E46","smtp-message-acceptance","16","True","5.599",
"134e0ab3-c4ca-48af-ae1c-f2c091bf9001","MANIFEST_BOUND","hmail-perf-pair-delivery-20260901","A83052CA61D7F3853E97522D3F72DDA595DB61811511435D3030E4E230E8B07E","net10","hmail_perf_pair_net10_20260831_225556","C:\hmail-perf-pair-delivery-20260901\net10\Data","F6B2319F94B2989ACFC29A1A124895A151484996D94A2CC5266C1DDEAA7897AE","PASS","45FA907CE0D3797C1E13EBB2F03F076A25656CCE27E801C18F745ACD3944FBBD","5136EEC556F9790732AE759EF52F77FE6172329EA55787A80300C4A824107E46","smtp-message-acceptance","17","True","26.68",
"134e0ab3-c4ca-48af-ae1c-f2c091bf9001","MANIFEST_BOUND","hmail-perf-pair-delivery-20260901","A83052CA61D7F3853E97522D3F72DDA595DB61811511435D3030E4E230E8B07E","net10","hmail_perf_pair_net10_20260831_225556","C:\hmail-perf-pair-delivery-20260901\net10\Data","F6B2319F94B2989ACFC29A1A124895A151484996D94A2CC5266C1DDEAA7897AE","PASS","45FA907CE0D3797C1E13EBB2F03F076A25656CCE27E801C18F745ACD3944FBBD","5136EEC556F9790732AE759EF52F77FE6172329EA55787A80300C4A824107E46","smtp-message-acceptance","18","True","8.31",
"134e0ab3-c4ca-48af-ae1c-f2c091bf9001","MANIFEST_BOUND","hmail-perf-pair-delivery-20260901","A83052CA61D7F3853E97522D3F72DDA595DB61811511435D3030E4E230E8B07E","net10","hmail_perf_pair_net10_20260831_225556","C:\hmail-perf-pair-delivery-20260901\net10\Data","F6B2319F94B2989ACFC29A1A124895A151484996D94A2CC5266C1DDEAA7897AE","PASS","45FA907CE0D3797C1E13EBB2F03F076A25656CCE27E801C18F745ACD3944FBBD","5136EEC556F9790732AE759EF52F77FE6172329EA55787A80300C4A824107E46","smtp-message-acceptance","19","True","4.878",
"134e0ab3-c4ca-48af-ae1c-f2c091bf9001","MANIFEST_BOUND","hmail-perf-pair-delivery-20260901","A83052CA61D7F3853E97522D3F72DDA595DB61811511435D3030E4E230E8B07E","net10","hmail_perf_pair_net10_20260831_225556","C:\hmail-perf-pair-delivery-20260901\net10\Data","F6B2319F94B2989ACFC29A1A124895A151484996D94A2CC5266C1DDEAA7897AE","PASS","45FA907CE0D3797C1E13EBB2F03F076A25656CCE27E801C18F745ACD3944FBBD","5136EEC556F9790732AE759EF52F77FE6172329EA55787A80300C4A824107E46","smtp-message-acceptance","20","True","5.645",
"134e0ab3-c4ca-48af-ae1c-f2c091bf9001","MANIFEST_BOUND","hmail-perf-pair-delivery-20260901","A83052CA61D7F3853E97522D3F72DDA595DB61811511435D3030E4E230E8B07E","net10","hmail_perf_pair_net10_20260831_225556","C:\hmail-perf-pair-delivery-20260901\net10\Data","F6B2319F94B2989ACFC29A1A124895A151484996D94A2CC5266C1DDEAA7897AE","PASS","45FA907CE0D3797C1E13EBB2F03F076A25656CCE27E801C18F745ACD3944FBBD","5136EEC556F9790732AE759EF52F77FE6172329EA55787A80300C4A824107E46","smtp-message-acceptance","21","True","6.01",
"134e0ab3-c4ca-48af-ae1c-f2c091bf9001","MANIFEST_BOUND","hmail-perf-pair-delivery-20260901","A83052CA61D7F3853E97522D3F72DDA595DB61811511435D3030E4E230E8B07E","net10","hmail_perf_pair_net10_20260831_225556","C:\hmail-perf-pair-delivery-20260901\net10\Data","F6B2319F94B2989ACFC29A1A124895A151484996D94A2CC5266C1DDEAA7897AE","PASS","45FA907CE0D3797C1E13EBB2F03F076A25656CCE27E801C18F745ACD3944FBBD","5136EEC556F9790732AE759EF52F77FE6172329EA55787A80300C4A824107E46","smtp-message-acceptance","22","True","5.477",
"134e0ab3-c4ca-48af-ae1c-f2c091bf9001","MANIFEST_BOUND","hmail-perf-pair-delivery-20260901","A83052CA61D7F3853E97522D3F72DDA595DB61811511435D3030E4E230E8B07E","net10","hmail_perf_pair_net10_20260831_225556","C:\hmail-perf-pair-delivery-20260901\net10\Data","F6B2319F94B2989ACFC29A1A124895A151484996D94A2CC5266C1DDEAA7897AE","PASS","45FA907CE0D3797C1E13EBB2F03F076A25656CCE27E801C18F745ACD3944FBBD","5136EEC556F9790732AE759EF52F77FE6172329EA55787A80300C4A824107E46","smtp-message-acceptance","23","True","4.963",
"134e0ab3-c4ca-48af-ae1c-f2c091bf9001","MANIFEST_BOUND","hmail-perf-pair-delivery-20260901","A83052CA61D7F3853E97522D3F72DDA595DB61811511435D3030E4E230E8B07E","net10","hmail_perf_pair_net10_20260831_225556","C:\hmail-perf-pair-delivery-20260901\net10\Data","F6B2319F94B2989ACFC29A1A124895A151484996D94A2CC5266C1DDEAA7897AE","PASS","45FA907CE0D3797C1E13EBB2F03F076A25656CCE27E801C18F745ACD3944FBBD","5136EEC556F9790732AE759EF52F77FE6172329EA55787A80300C4A824107E46","smtp-message-acceptance","24","True","5.071",
"134e0ab3-c4ca-48af-ae1c-f2c091bf9001","MANIFEST_BOUND","hmail-perf-pair-delivery-20260901","A83052CA61D7F3853E97522D3F72DDA595DB61811511435D3030E4E230E8B07E","net10","hmail_perf_pair_net10_20260831_225556","C:\hmail-perf-pair-delivery-20260901\net10\Data","F6B2319F94B2989ACFC29A1A124895A151484996D94A2CC5266C1DDEAA7897AE","PASS","45FA907CE0D3797C1E13EBB2F03F076A25656CCE27E801C18F745ACD3944FBBD","5136EEC556F9790732AE759EF52F77FE6172329EA55787A80300C4A824107E46","smtp-message-acceptance","25","True","4.536",
"134e0ab3-c4ca-48af-ae1c-f2c091bf9001","MANIFEST_BOUND","hmail-perf-pair-delivery-20260901","A83052CA61D7F3853E97522D3F72DDA595DB61811511435D3030E4E230E8B07E","net10","hmail_perf_pair_net10_20260831_225556","C:\hmail-perf-pair-delivery-20260901\net10\Data","F6B2319F94B2989ACFC29A1A124895A151484996D94A2CC5266C1DDEAA7897AE","PASS","45FA907CE0D3797C1E13EBB2F03F076A25656CCE27E801C18F745ACD3944FBBD","5136EEC556F9790732AE759EF52F77FE6172329EA55787A80300C4A824107E46","smtp-message-acceptance","26","True","4.773",
"134e0ab3-c4ca-48af-ae1c-f2c091bf9001","MANIFEST_BOUND","hmail-perf-pair-delivery-20260901","A83052CA61D7F3853E97522D3F72DDA595DB61811511435D3030E4E230E8B07E","net10","hmail_perf_pair_net10_20260831_225556","C:\hmail-perf-pair-delivery-20260901\net10\Data","F6B2319F94B2989ACFC29A1A124895A151484996D94A2CC5266C1DDEAA7897AE","PASS","45FA907CE0D3797C1E13EBB2F03F076A25656CCE27E801C18F745ACD3944FBBD","5136EEC556F9790732AE759EF52F77FE6172329EA55787A80300C4A824107E46","smtp-message-acceptance","27","True","5.082",
"134e0ab3-c4ca-48af-ae1c-f2c091bf9001","MANIFEST_BOUND","hmail-perf-pair-delivery-20260901","A83052CA61D7F3853E97522D3F72DDA595DB61811511435D3030E4E230E8B07E","net10","hmail_perf_pair_net10_20260831_225556","C:\hmail-perf-pair-delivery-20260901\net10\Data","F6B2319F94B2989ACFC29A1A124895A151484996D94A2CC5266C1DDEAA7897AE","PASS","45FA907CE0D3797C1E13EBB2F03F076A25656CCE27E801C18F745ACD3944FBBD","5136EEC556F9790732AE759EF52F77FE6172329EA55787A80300C4A824107E46","smtp-message-acceptance","28","True","4.913",
"134e0ab3-c4ca-48af-ae1c-f2c091bf9001","MANIFEST_BOUND","hmail-perf-pair-delivery-20260901","A83052CA61D7F3853E97522D3F72DDA595DB61811511435D3030E4E230E8B07E","net10","hmail_perf_pair_net10_20260831_225556","C:\hmail-perf-pair-delivery-20260901\net10\Data","F6B2319F94B2989ACFC29A1A124895A151484996D94A2CC5266C1DDEAA7897AE","PASS","45FA907CE0D3797C1E13EBB2F03F076A25656CCE27E801C18F745ACD3944FBBD","5136EEC556F9790732AE759EF52F77FE6172329EA55787A80300C4A824107E46","smtp-message-acceptance","29","True","4.614",
"134e0ab3-c4ca-48af-ae1c-f2c091bf9001","MANIFEST_BOUND","hmail-perf-pair-delivery-20260901","A83052CA61D7F3853E97522D3F72DDA595DB61811511435D3030E4E230E8B07E","net10","hmail_perf_pair_net10_20260831_225556","C:\hmail-perf-pair-delivery-20260901\net10\Data","F6B2319F94B2989ACFC29A1A124895A151484996D94A2CC5266C1DDEAA7897AE","PASS","45FA907CE0D3797C1E13EBB2F03F076A25656CCE27E801C18F745ACD3944FBBD","5136EEC556F9790732AE759EF52F77FE6172329EA55787A80300C4A824107E46","smtp-message-acceptance","30","True","4.496",
"134e0ab3-c4ca-48af-ae1c-f2c091bf9001","MANIFEST_BOUND","hmail-perf-pair-delivery-20260901","A83052CA61D7F3853E97522D3F72DDA595DB61811511435D3030E4E230E8B07E","net10","hmail_perf_pair_net10_20260831_225556","C:\hmail-perf-pair-delivery-20260901\net10\Data","F6B2319F94B2989ACFC29A1A124895A151484996D94A2CC5266C1DDEAA7897AE","PASS","45FA907CE0D3797C1E13EBB2F03F076A25656CCE27E801C18F745ACD3944FBBD","5136EEC556F9790732AE759EF52F77FE6172329EA55787A80300C4A824107E46","smtp-message-acceptance","31","True","4.774",
"134e0ab3-c4ca-48af-ae1c-f2c091bf9001","MANIFEST_BOUND","hmail-perf-pair-delivery-20260901","A83052CA61D7F3853E97522D3F72DDA595DB61811511435D3030E4E230E8B07E","net10","hmail_perf_pair_net10_20260831_225556","C:\hmail-perf-pair-delivery-20260901\net10\Data","F6B2319F94B2989ACFC29A1A124895A151484996D94A2CC5266C1DDEAA7897AE","PASS","45FA907CE0D3797C1E13EBB2F03F076A25656CCE27E801C18F745ACD3944FBBD","5136EEC556F9790732AE759EF52F77FE6172329EA55787A80300C4A824107E46","smtp-message-acceptance","32","True","5.087",
"134e0ab3-c4ca-48af-ae1c-f2c091bf9001","MANIFEST_BOUND","hmail-perf-pair-delivery-20260901","A83052CA61D7F3853E97522D3F72DDA595DB61811511435D3030E4E230E8B07E","net10","hmail_perf_pair_net10_20260831_225556","C:\hmail-perf-pair-delivery-20260901\net10\Data","F6B2319F94B2989ACFC29A1A124895A151484996D94A2CC5266C1DDEAA7897AE","PASS","45FA907CE0D3797C1E13EBB2F03F076A25656CCE27E801C18F745ACD3944FBBD","5136EEC556F9790732AE759EF52F77FE6172329EA55787A80300C4A824107E46","smtp-message-acceptance","33","True","6.038",
"134e0ab3-c4ca-48af-ae1c-f2c091bf9001","MANIFEST_BOUND","hmail-perf-pair-delivery-20260901","A83052CA61D7F3853E97522D3F72DDA595DB61811511435D3030E4E230E8B07E","net10","hmail_perf_pair_net10_20260831_225556","C:\hmail-perf-pair-delivery-20260901\net10\Data","F6B2319F94B2989ACFC29A1A124895A151484996D94A2CC5266C1DDEAA7897AE","PASS","45FA907CE0D3797C1E13EBB2F03F076A25656CCE27E801C18F745ACD3944FBBD","5136EEC556F9790732AE759EF52F77FE6172329EA55787A80300C4A824107E46","smtp-message-acceptance","34","True","5.53",
"134e0ab3-c4ca-48af-ae1c-f2c091bf9001","MANIFEST_BOUND","hmail-perf-pair-delivery-20260901","A83052CA61D7F3853E97522D3F72DDA595DB61811511435D3030E4E230E8B07E","net10","hmail_perf_pair_net10_20260831_225556","C:\hmail-perf-pair-delivery-20260901\net10\Data","F6B2319F94B2989ACFC29A1A124895A151484996D94A2CC5266C1DDEAA7897AE","PASS","45FA907CE0D3797C1E13EBB2F03F076A25656CCE27E801C18F745ACD3944FBBD","5136EEC556F9790732AE759EF52F77FE6172329EA55787A80300C4A824107E46","smtp-message-acceptance","35","True","4.807",
"134e0ab3-c4ca-48af-ae1c-f2c091bf9001","MANIFEST_BOUND","hmail-perf-pair-delivery-20260901","A83052CA61D7F3853E97522D3F72DDA595DB61811511435D3030E4E230E8B07E","net10","hmail_perf_pair_net10_20260831_225556","C:\hmail-perf-pair-delivery-20260901\net10\Data","F6B2319F94B2989ACFC29A1A124895A151484996D94A2CC5266C1DDEAA7897AE","PASS","45FA907CE0D3797C1E13EBB2F03F076A25656CCE27E801C18F745ACD3944FBBD","5136EEC556F9790732AE759EF52F77FE6172329EA55787A80300C4A824107E46","smtp-message-acceptance","36","True","5.686",
"134e0ab3-c4ca-48af-ae1c-f2c091bf9001","MANIFEST_BOUND","hmail-perf-pair-delivery-20260901","A83052CA61D7F3853E97522D3F72DDA595DB61811511435D3030E4E230E8B07E","net10","hmail_perf_pair_net10_20260831_225556","C:\hmail-perf-pair-delivery-20260901\net10\Data","F6B2319F94B2989ACFC29A1A124895A151484996D94A2CC5266C1DDEAA7897AE","PASS","45FA907CE0D3797C1E13EBB2F03F076A25656CCE27E801C18F745ACD3944FBBD","5136EEC556F9790732AE759EF52F77FE6172329EA55787A80300C4A824107E46","smtp-message-acceptance","37","True","4.205",
"134e0ab3-c4ca-48af-ae1c-f2c091bf9001","MANIFEST_BOUND","hmail-perf-pair-delivery-20260901","A83052CA61D7F3853E97522D3F72DDA595DB61811511435D3030E4E230E8B07E","net10","hmail_perf_pair_net10_20260831_225556","C:\hmail-perf-pair-delivery-20260901\net10\Data","F6B2319F94B2989ACFC29A1A124895A151484996D94A2CC5266C1DDEAA7897AE","PASS","45FA907CE0D3797C1E13EBB2F03F076A25656CCE27E801C18F745ACD3944FBBD","5136EEC556F9790732AE759EF52F77FE6172329EA55787A80300C4A824107E46","smtp-message-acceptance","38","True","4.452",
"134e0ab3-c4ca-48af-ae1c-f2c091bf9001","MANIFEST_BOUND","hmail-perf-pair-delivery-20260901","A83052CA61D7F3853E97522D3F72DDA595DB61811511435D3030E4E230E8B07E","net10","hmail_perf_pair_net10_20260831_225556","C:\hmail-perf-pair-delivery-20260901\net10\Data","F6B2319F94B2989ACFC29A1A124895A151484996D94A2CC5266C1DDEAA7897AE","PASS","45FA907CE0D3797C1E13EBB2F03F076A25656CCE27E801C18F745ACD3944FBBD","5136EEC556F9790732AE759EF52F77FE6172329EA55787A80300C4A824107E46","smtp-message-acceptance","39","True","4.249",
"134e0ab3-c4ca-48af-ae1c-f2c091bf9001","MANIFEST_BOUND","hmail-perf-pair-delivery-20260901","A83052CA61D7F3853E97522D3F72DDA595DB61811511435D3030E4E230E8B07E","net10","hmail_perf_pair_net10_20260831_225556","C:\hmail-perf-pair-delivery-20260901\net10\Data","F6B2319F94B2989ACFC29A1A124895A151484996D94A2CC5266C1DDEAA7897AE","PASS","45FA907CE0D3797C1E13EBB2F03F076A25656CCE27E801C18F745ACD3944FBBD","5136EEC556F9790732AE759EF52F77FE6172329EA55787A80300C4A824107E46","smtp-message-acceptance","40","True","4.349",
"134e0ab3-c4ca-48af-ae1c-f2c091bf9001","MANIFEST_BOUND","hmail-perf-pair-delivery-20260901","A83052CA61D7F3853E97522D3F72DDA595DB61811511435D3030E4E230E8B07E","net10","hmail_perf_pair_net10_20260831_225556","C:\hmail-perf-pair-delivery-20260901\net10\Data","F6B2319F94B2989ACFC29A1A124895A151484996D94A2CC5266C1DDEAA7897AE","PASS","45FA907CE0D3797C1E13EBB2F03F076A25656CCE27E801C18F745ACD3944FBBD","5136EEC556F9790732AE759EF52F77FE6172329EA55787A80300C4A824107E46","smtp-message-acceptance","41","True","4.399",
"134e0ab3-c4ca-48af-ae1c-f2c091bf9001","MANIFEST_BOUND","hmail-perf-pair-delivery-20260901","A83052CA61D7F3853E97522D3F72DDA595DB61811511435D3030E4E230E8B07E","net10","hmail_perf_pair_net10_20260831_225556","C:\hmail-perf-pair-delivery-20260901\net10\Data","F6B2319F94B2989ACFC29A1A124895A151484996D94A2CC5266C1DDEAA7897AE","PASS","45FA907CE0D3797C1E13EBB2F03F076A25656CCE27E801C18F745ACD3944FBBD","5136EEC556F9790732AE759EF52F77FE6172329EA55787A80300C4A824107E46","smtp-message-acceptance","42","True","4.121",
"134e0ab3-c4ca-48af-ae1c-f2c091bf9001","MANIFEST_BOUND","hmail-perf-pair-delivery-20260901","A83052CA61D7F3853E97522D3F72DDA595DB61811511435D3030E4E230E8B07E","net10","hmail_perf_pair_net10_20260831_225556","C:\hmail-perf-pair-delivery-20260901\net10\Data","F6B2319F94B2989ACFC29A1A124895A151484996D94A2CC5266C1DDEAA7897AE","PASS","45FA907CE0D3797C1E13EBB2F03F076A25656CCE27E801C18F745ACD3944FBBD","5136EEC556F9790732AE759EF52F77FE6172329EA55787A80300C4A824107E46","smtp-message-acceptance","43","True","4.32",
"134e0ab3-c4ca-48af-ae1c-f2c091bf9001","MANIFEST_BOUND","hmail-perf-pair-delivery-20260901","A83052CA61D7F3853E97522D3F72DDA595DB61811511435D3030E4E230E8B07E","net10","hmail_perf_pair_net10_20260831_225556","C:\hmail-perf-pair-delivery-20260901\net10\Data","F6B2319F94B2989ACFC29A1A124895A151484996D94A2CC5266C1DDEAA7897AE","PASS","45FA907CE0D3797C1E13EBB2F03F076A25656CCE27E801C18F745ACD3944FBBD","5136EEC556F9790732AE759EF52F77FE6172329EA55787A80300C4A824107E46","smtp-message-acceptance","44","True","4.516",
"134e0ab3-c4ca-48af-ae1c-f2c091bf9001","MANIFEST_BOUND","hmail-perf-pair-delivery-20260901","A83052CA61D7F3853E97522D3F72DDA595DB61811511435D3030E4E230E8B07E","net10","hmail_perf_pair_net10_20260831_225556","C:\hmail-perf-pair-delivery-20260901\net10\Data","F6B2319F94B2989ACFC29A1A124895A151484996D94A2CC5266C1DDEAA7897AE","PASS","45FA907CE0D3797C1E13EBB2F03F076A25656CCE27E801C18F745ACD3944FBBD","5136EEC556F9790732AE759EF52F77FE6172329EA55787A80300C4A824107E46","smtp-message-acceptance","45","True","4.988",
"134e0ab3-c4ca-48af-ae1c-f2c091bf9001","MANIFEST_BOUND","hmail-perf-pair-delivery-20260901","A83052CA61D7F3853E97522D3F72DDA595DB61811511435D3030E4E230E8B07E","net10","hmail_perf_pair_net10_20260831_225556","C:\hmail-perf-pair-delivery-20260901\net10\Data","F6B2319F94B2989ACFC29A1A124895A151484996D94A2CC5266C1DDEAA7897AE","PASS","45FA907CE0D3797C1E13EBB2F03F076A25656CCE27E801C18F745ACD3944FBBD","5136EEC556F9790732AE759EF52F77FE6172329EA55787A80300C4A824107E46","smtp-message-acceptance","46","True","4.546",
"134e0ab3-c4ca-48af-ae1c-f2c091bf9001","MANIFEST_BOUND","hmail-perf-pair-delivery-20260901","A83052CA61D7F3853E97522D3F72DDA595DB61811511435D3030E4E230E8B07E","net10","hmail_perf_pair_net10_20260831_225556","C:\hmail-perf-pair-delivery-20260901\net10\Data","F6B2319F94B2989ACFC29A1A124895A151484996D94A2CC5266C1DDEAA7897AE","PASS","45FA907CE0D3797C1E13EBB2F03F076A25656CCE27E801C18F745ACD3944FBBD","5136EEC556F9790732AE759EF52F77FE6172329EA55787A80300C4A824107E46","smtp-message-acceptance","47","True","4.747",
"134e0ab3-c4ca-48af-ae1c-f2c091bf9001","MANIFEST_BOUND","hmail-perf-pair-delivery-20260901","A83052CA61D7F3853E97522D3F72DDA595DB61811511435D3030E4E230E8B07E","net10","hmail_perf_pair_net10_20260831_225556","C:\hmail-perf-pair-delivery-20260901\net10\Data","F6B2319F94B2989ACFC29A1A124895A151484996D94A2CC5266C1DDEAA7897AE","PASS","45FA907CE0D3797C1E13EBB2F03F076A25656CCE27E801C18F745ACD3944FBBD","5136EEC556F9790732AE759EF52F77FE6172329EA55787A80300C4A824107E46","smtp-message-acceptance","48","True","4.365",
"134e0ab3-c4ca-48af-ae1c-f2c091bf9001","MANIFEST_BOUND","hmail-perf-pair-delivery-20260901","A83052CA61D7F3853E97522D3F72DDA595DB61811511435D3030E4E230E8B07E","net10","hmail_perf_pair_net10_20260831_225556","C:\hmail-perf-pair-delivery-20260901\net10\Data","F6B2319F94B2989ACFC29A1A124895A151484996D94A2CC5266C1DDEAA7897AE","PASS","45FA907CE0D3797C1E13EBB2F03F076A25656CCE27E801C18F745ACD3944FBBD","5136EEC556F9790732AE759EF52F77FE6172329EA55787A80300C4A824107E46","smtp-message-acceptance","49","True","4.406",
"134e0ab3-c4ca-48af-ae1c-f2c091bf9001","MANIFEST_BOUND","hmail-perf-pair-delivery-20260901","A83052CA61D7F3853E97522D3F72DDA595DB61811511435D3030E4E230E8B07E","net10","hmail_perf_pair_net10_20260831_225556","C:\hmail-perf-pair-delivery-20260901\net10\Data","F6B2319F94B2989ACFC29A1A124895A151484996D94A2CC5266C1DDEAA7897AE","PASS","45FA907CE0D3797C1E13EBB2F03F076A25656CCE27E801C18F745ACD3944FBBD","5136EEC556F9790732AE759EF52F77FE6172329EA55787A80300C4A824107E46","smtp-message-acceptance","50","True","3.883",
"134e0ab3-c4ca-48af-ae1c-f2c091bf9001","MANIFEST_BOUND","hmail-perf-pair-delivery-20260901","A83052CA61D7F3853E97522D3F72DDA595DB61811511435D3030E4E230E8B07E","net10","hmail_perf_pair_net10_20260831_225556","C:\hmail-perf-pair-delivery-20260901\net10\Data","F6B2319F94B2989ACFC29A1A124895A151484996D94A2CC5266C1DDEAA7897AE","PASS","45FA907CE0D3797C1E13EBB2F03F076A25656CCE27E801C18F745ACD3944FBBD","5136EEC556F9790732AE759EF52F77FE6172329EA55787A80300C4A824107E46","smtp-message-acceptance","51","True","4.47",
"134e0ab3-c4ca-48af-ae1c-f2c091bf9001","MANIFEST_BOUND","hmail-perf-pair-delivery-20260901","A83052CA61D7F3853E97522D3F72DDA595DB61811511435D3030E4E230E8B07E","net10","hmail_perf_pair_net10_20260831_225556","C:\hmail-perf-pair-delivery-20260901\net10\Data","F6B2319F94B2989ACFC29A1A124895A151484996D94A2CC5266C1DDEAA7897AE","PASS","45FA907CE0D3797C1E13EBB2F03F076A25656CCE27E801C18F745ACD3944FBBD","5136EEC556F9790732AE759EF52F77FE6172329EA55787A80300C4A824107E46","smtp-message-acceptance","52","True","6.532",
"134e0ab3-c4ca-48af-ae1c-f2c091bf9001","MANIFEST_BOUND","hmail-perf-pair-delivery-20260901","A83052CA61D7F3853E97522D3F72DDA595DB61811511435D3030E4E230E8B07E","net10","hmail_perf_pair_net10_20260831_225556","C:\hmail-perf-pair-delivery-20260901\net10\Data","F6B2319F94B2989ACFC29A1A124895A151484996D94A2CC5266C1DDEAA7897AE","PASS","45FA907CE0D3797C1E13EBB2F03F076A25656CCE27E801C18F745ACD3944FBBD","5136EEC556F9790732AE759EF52F77FE6172329EA55787A80300C4A824107E46","smtp-message-acceptance","53","True","4.139",
"134e0ab3-c4ca-48af-ae1c-f2c091bf9001","MANIFEST_BOUND","hmail-perf-pair-delivery-20260901","A83052CA61D7F3853E97522D3F72DDA595DB61811511435D3030E4E230E8B07E","net10","hmail_perf_pair_net10_20260831_225556","C:\hmail-perf-pair-delivery-20260901\net10\Data","F6B2319F94B2989ACFC29A1A124895A151484996D94A2CC5266C1DDEAA7897AE","PASS","45FA907CE0D3797C1E13EBB2F03F076A25656CCE27E801C18F745ACD3944FBBD","5136EEC556F9790732AE759EF52F77FE6172329EA55787A80300C4A824107E46","smtp-message-acceptance","54","True","4.382",
"134e0ab3-c4ca-48af-ae1c-f2c091bf9001","MANIFEST_BOUND","hmail-perf-pair-delivery-20260901","A83052CA61D7F3853E97522D3F72DDA595DB61811511435D3030E4E230E8B07E","net10","hmail_perf_pair_net10_20260831_225556","C:\hmail-perf-pair-delivery-20260901\net10\Data","F6B2319F94B2989ACFC29A1A124895A151484996D94A2CC5266C1DDEAA7897AE","PASS","45FA907CE0D3797C1E13EBB2F03F076A25656CCE27E801C18F745ACD3944FBBD","5136EEC556F9790732AE759EF52F77FE6172329EA55787A80300C4A824107E46","smtp-message-acceptance","55","True","4.117",
"134e0ab3-c4ca-48af-ae1c-f2c091bf9001","MANIFEST_BOUND","hmail-perf-pair-delivery-20260901","A83052CA61D7F3853E97522D3F72DDA595DB61811511435D3030E4E230E8B07E","net10","hmail_perf_pair_net10_20260831_225556","C:\hmail-perf-pair-delivery-20260901\net10\Data","F6B2319F94B2989ACFC29A1A124895A151484996D94A2CC5266C1DDEAA7897AE","PASS","45FA907CE0D3797C1E13EBB2F03F076A25656CCE27E801C18F745ACD3944FBBD","5136EEC556F9790732AE759EF52F77FE6172329EA55787A80300C4A824107E46","smtp-message-acceptance","56","True","3.914",
"134e0ab3-c4ca-48af-ae1c-f2c091bf9001","MANIFEST_BOUND","hmail-perf-pair-delivery-20260901","A83052CA61D7F3853E97522D3F72DDA595DB61811511435D3030E4E230E8B07E","net10","hmail_perf_pair_net10_20260831_225556","C:\hmail-perf-pair-delivery-20260901\net10\Data","F6B2319F94B2989ACFC29A1A124895A151484996D94A2CC5266C1DDEAA7897AE","PASS","45FA907CE0D3797C1E13EBB2F03F076A25656CCE27E801C18F745ACD3944FBBD","5136EEC556F9790732AE759EF52F77FE6172329EA55787A80300C4A824107E46","smtp-message-acceptance","57","True","4.197",
"134e0ab3-c4ca-48af-ae1c-f2c091bf9001","MANIFEST_BOUND","hmail-perf-pair-delivery-20260901","A83052CA61D7F3853E97522D3F72DDA595DB61811511435D3030E4E230E8B07E","net10","hmail_perf_pair_net10_20260831_225556","C:\hmail-perf-pair-delivery-20260901\net10\Data","F6B2319F94B2989ACFC29A1A124895A151484996D94A2CC5266C1DDEAA7897AE","PASS","45FA907CE0D3797C1E13EBB2F03F076A25656CCE27E801C18F745ACD3944FBBD","5136EEC556F9790732AE759EF52F77FE6172329EA55787A80300C4A824107E46","smtp-message-acceptance","58","True","4.89",
"134e0ab3-c4ca-48af-ae1c-f2c091bf9001","MANIFEST_BOUND","hmail-perf-pair-delivery-20260901","A83052CA61D7F3853E97522D3F72DDA595DB61811511435D3030E4E230E8B07E","net10","hmail_perf_pair_net10_20260831_225556","C:\hmail-perf-pair-delivery-20260901\net10\Data","F6B2319F94B2989ACFC29A1A124895A151484996D94A2CC5266C1DDEAA7897AE","PASS","45FA907CE0D3797C1E13EBB2F03F076A25656CCE27E801C18F745ACD3944FBBD","5136EEC556F9790732AE759EF52F77FE6172329EA55787A80300C4A824107E46","smtp-message-acceptance","59","True","4.904",
"134e0ab3-c4ca-48af-ae1c-f2c091bf9001","MANIFEST_BOUND","hmail-perf-pair-delivery-20260901","A83052CA61D7F3853E97522D3F72DDA595DB61811511435D3030E4E230E8B07E","net10","hmail_perf_pair_net10_20260831_225556","C:\hmail-perf-pair-delivery-20260901\net10\Data","F6B2319F94B2989ACFC29A1A124895A151484996D94A2CC5266C1DDEAA7897AE","PASS","45FA907CE0D3797C1E13EBB2F03F076A25656CCE27E801C18F745ACD3944FBBD","5136EEC556F9790732AE759EF52F77FE6172329EA55787A80300C4A824107E46","smtp-message-acceptance","60","True","4.32",
"134e0ab3-c4ca-48af-ae1c-f2c091bf9001","MANIFEST_BOUND","hmail-perf-pair-delivery-20260901","A83052CA61D7F3853E97522D3F72DDA595DB61811511435D3030E4E230E8B07E","net10","hmail_perf_pair_net10_20260831_225556","C:\hmail-perf-pair-delivery-20260901\net10\Data","F6B2319F94B2989ACFC29A1A124895A151484996D94A2CC5266C1DDEAA7897AE","PASS","45FA907CE0D3797C1E13EBB2F03F076A25656CCE27E801C18F745ACD3944FBBD","5136EEC556F9790732AE759EF52F77FE6172329EA55787A80300C4A824107E46","smtp-message-acceptance","61","True","4.498",
"134e0ab3-c4ca-48af-ae1c-f2c091bf9001","MANIFEST_BOUND","hmail-perf-pair-delivery-20260901","A83052CA61D7F3853E97522D3F72DDA595DB61811511435D3030E4E230E8B07E","net10","hmail_perf_pair_net10_20260831_225556","C:\hmail-perf-pair-delivery-20260901\net10\Data","F6B2319F94B2989ACFC29A1A124895A151484996D94A2CC5266C1DDEAA7897AE","PASS","45FA907CE0D3797C1E13EBB2F03F076A25656CCE27E801C18F745ACD3944FBBD","5136EEC556F9790732AE759EF52F77FE6172329EA55787A80300C4A824107E46","smtp-message-acceptance","62","True","3.886",
"134e0ab3-c4ca-48af-ae1c-f2c091bf9001","MANIFEST_BOUND","hmail-perf-pair-delivery-20260901","A83052CA61D7F3853E97522D3F72DDA595DB61811511435D3030E4E230E8B07E","net10","hmail_perf_pair_net10_20260831_225556","C:\hmail-perf-pair-delivery-20260901\net10\Data","F6B2319F94B2989ACFC29A1A124895A151484996D94A2CC5266C1DDEAA7897AE","PASS","45FA907CE0D3797C1E13EBB2F03F076A25656CCE27E801C18F745ACD3944FBBD","5136EEC556F9790732AE759EF52F77FE6172329EA55787A80300C4A824107E46","smtp-message-acceptance","63","True","4.346",
"134e0ab3-c4ca-48af-ae1c-f2c091bf9001","MANIFEST_BOUND","hmail-perf-pair-delivery-20260901","A83052CA61D7F3853E97522D3F72DDA595DB61811511435D3030E4E230E8B07E","net10","hmail_perf_pair_net10_20260831_225556","C:\hmail-perf-pair-delivery-20260901\net10\Data","F6B2319F94B2989ACFC29A1A124895A151484996D94A2CC5266C1DDEAA7897AE","PASS","45FA907CE0D3797C1E13EBB2F03F076A25656CCE27E801C18F745ACD3944FBBD","5136EEC556F9790732AE759EF52F77FE6172329EA55787A80300C4A824107E46","smtp-message-acceptance","64","True","4.431",
"134e0ab3-c4ca-48af-ae1c-f2c091bf9001","MANIFEST_BOUND","hmail-perf-pair-delivery-20260901","A83052CA61D7F3853E97522D3F72DDA595DB61811511435D3030E4E230E8B07E","net10","hmail_perf_pair_net10_20260831_225556","C:\hmail-perf-pair-delivery-20260901\net10\Data","F6B2319F94B2989ACFC29A1A124895A151484996D94A2CC5266C1DDEAA7897AE","PASS","45FA907CE0D3797C1E13EBB2F03F076A25656CCE27E801C18F745ACD3944FBBD","5136EEC556F9790732AE759EF52F77FE6172329EA55787A80300C4A824107E46","smtp-message-acceptance","65","True","4.547",
"134e0ab3-c4ca-48af-ae1c-f2c091bf9001","MANIFEST_BOUND","hmail-perf-pair-delivery-20260901","A83052CA61D7F3853E97522D3F72DDA595DB61811511435D3030E4E230E8B07E","net10","hmail_perf_pair_net10_20260831_225556","C:\hmail-perf-pair-delivery-20260901\net10\Data","F6B2319F94B2989ACFC29A1A124895A151484996D94A2CC5266C1DDEAA7897AE","PASS","45FA907CE0D3797C1E13EBB2F03F076A25656CCE27E801C18F745ACD3944FBBD","5136EEC556F9790732AE759EF52F77FE6172329EA55787A80300C4A824107E46","smtp-message-acceptance","66","True","4.101",
"134e0ab3-c4ca-48af-ae1c-f2c091bf9001","MANIFEST_BOUND","hmail-perf-pair-delivery-20260901","A83052CA61D7F3853E97522D3F72DDA595DB61811511435D3030E4E230E8B07E","net10","hmail_perf_pair_net10_20260831_225556","C:\hmail-perf-pair-delivery-20260901\net10\Data","F6B2319F94B2989ACFC29A1A124895A151484996D94A2CC5266C1DDEAA7897AE","PASS","45FA907CE0D3797C1E13EBB2F03F076A25656CCE27E801C18F745ACD3944FBBD","5136EEC556F9790732AE759EF52F77FE6172329EA55787A80300C4A824107E46","smtp-message-acceptance","67","True","4.267",
"134e0ab3-c4ca-48af-ae1c-f2c091bf9001","MANIFEST_BOUND","hmail-perf-pair-delivery-20260901","A83052CA61D7F3853E97522D3F72DDA595DB61811511435D3030E4E230E8B07E","net10","hmail_perf_pair_net10_20260831_225556","C:\hmail-perf-pair-delivery-20260901\net10\Data","F6B2319F94B2989ACFC29A1A124895A151484996D94A2CC5266C1DDEAA7897AE","PASS","45FA907CE0D3797C1E13EBB2F03F076A25656CCE27E801C18F745ACD3944FBBD","5136EEC556F9790732AE759EF52F77FE6172329EA55787A80300C4A824107E46","smtp-message-acceptance","68","True","4.074",
"134e0ab3-c4ca-48af-ae1c-f2c091bf9001","MANIFEST_BOUND","hmail-perf-pair-delivery-20260901","A83052CA61D7F3853E97522D3F72DDA595DB61811511435D3030E4E230E8B07E","net10","hmail_perf_pair_net10_20260831_225556","C:\hmail-perf-pair-delivery-20260901\net10\Data","F6B2319F94B2989ACFC29A1A124895A151484996D94A2CC5266C1DDEAA7897AE","PASS","45FA907CE0D3797C1E13EBB2F03F076A25656CCE27E801C18F745ACD3944FBBD","5136EEC556F9790732AE759EF52F77FE6172329EA55787A80300C4A824107E46","smtp-message-acceptance","69","True","3.962",
"134e0ab3-c4ca-48af-ae1c-f2c091bf9001","MANIFEST_BOUND","hmail-perf-pair-delivery-20260901","A83052CA61D7F3853E97522D3F72DDA595DB61811511435D3030E4E230E8B07E","net10","hmail_perf_pair_net10_20260831_225556","C:\hmail-perf-pair-delivery-20260901\net10\Data","F6B2319F94B2989ACFC29A1A124895A151484996D94A2CC5266C1DDEAA7897AE","PASS","45FA907CE0D3797C1E13EBB2F03F076A25656CCE27E801C18F745ACD3944FBBD","5136EEC556F9790732AE759EF52F77FE6172329EA55787A80300C4A824107E46","smtp-message-acceptance","70","True","3.672",
"134e0ab3-c4ca-48af-ae1c-f2c091bf9001","MANIFEST_BOUND","hmail-perf-pair-delivery-20260901","A83052CA61D7F3853E97522D3F72DDA595DB61811511435D3030E4E230E8B07E","net10","hmail_perf_pair_net10_20260831_225556","C:\hmail-perf-pair-delivery-20260901\net10\Data","F6B2319F94B2989ACFC29A1A124895A151484996D94A2CC5266C1DDEAA7897AE","PASS","45FA907CE0D3797C1E13EBB2F03F076A25656CCE27E801C18F745ACD3944FBBD","5136EEC556F9790732AE759EF52F77FE6172329EA55787A80300C4A824107E46","smtp-message-acceptance","71","True","4.28",
"134e0ab3-c4ca-48af-ae1c-f2c091bf9001","MANIFEST_BOUND","hmail-perf-pair-delivery-20260901","A83052CA61D7F3853E97522D3F72DDA595DB61811511435D3030E4E230E8B07E","net10","hmail_perf_pair_net10_20260831_225556","C:\hmail-perf-pair-delivery-20260901\net10\Data","F6B2319F94B2989ACFC29A1A124895A151484996D94A2CC5266C1DDEAA7897AE","PASS","45FA907CE0D3797C1E13EBB2F03F076A25656CCE27E801C18F745ACD3944FBBD","5136EEC556F9790732AE759EF52F77FE6172329EA55787A80300C4A824107E46","smtp-message-acceptance","72","True","4.355",
"134e0ab3-c4ca-48af-ae1c-f2c091bf9001","MANIFEST_BOUND","hmail-perf-pair-delivery-20260901","A83052CA61D7F3853E97522D3F72DDA595DB61811511435D3030E4E230E8B07E","net10","hmail_perf_pair_net10_20260831_225556","C:\hmail-perf-pair-delivery-20260901\net10\Data","F6B2319F94B2989ACFC29A1A124895A151484996D94A2CC5266C1DDEAA7897AE","PASS","45FA907CE0D3797C1E13EBB2F03F076A25656CCE27E801C18F745ACD3944FBBD","5136EEC556F9790732AE759EF52F77FE6172329EA55787A80300C4A824107E46","smtp-message-acceptance","73","True","4.247",
"134e0ab3-c4ca-48af-ae1c-f2c091bf9001","MANIFEST_BOUND","hmail-perf-pair-delivery-20260901","A83052CA61D7F3853E97522D3F72DDA595DB61811511435D3030E4E230E8B07E","net10","hmail_perf_pair_net10_20260831_225556","C:\hmail-perf-pair-delivery-20260901\net10\Data","F6B2319F94B2989ACFC29A1A124895A151484996D94A2CC5266C1DDEAA7897AE","PASS","45FA907CE0D3797C1E13EBB2F03F076A25656CCE27E801C18F745ACD3944FBBD","5136EEC556F9790732AE759EF52F77FE6172329EA55787A80300C4A824107E46","smtp-message-acceptance","74","True","3.867",
"134e0ab3-c4ca-48af-ae1c-f2c091bf9001","MANIFEST_BOUND","hmail-perf-pair-delivery-20260901","A83052CA61D7F3853E97522D3F72DDA595DB61811511435D3030E4E230E8B07E","net10","hmail_perf_pair_net10_20260831_225556","C:\hmail-perf-pair-delivery-20260901\net10\Data","F6B2319F94B2989ACFC29A1A124895A151484996D94A2CC5266C1DDEAA7897AE","PASS","45FA907CE0D3797C1E13EBB2F03F076A25656CCE27E801C18F745ACD3944FBBD","5136EEC556F9790732AE759EF52F77FE6172329EA55787A80300C4A824107E46","smtp-message-acceptance","75","True","3.757",
"134e0ab3-c4ca-48af-ae1c-f2c091bf9001","MANIFEST_BOUND","hmail-perf-pair-delivery-20260901","A83052CA61D7F3853E97522D3F72DDA595DB61811511435D3030E4E230E8B07E","net10","hmail_perf_pair_net10_20260831_225556","C:\hmail-perf-pair-delivery-20260901\net10\Data","F6B2319F94B2989ACFC29A1A124895A151484996D94A2CC5266C1DDEAA7897AE","PASS","45FA907CE0D3797C1E13EBB2F03F076A25656CCE27E801C18F745ACD3944FBBD","5136EEC556F9790732AE759EF52F77FE6172329EA55787A80300C4A824107E46","smtp-message-acceptance","76","True","4.031",
"134e0ab3-c4ca-48af-ae1c-f2c091bf9001","MANIFEST_BOUND","hmail-perf-pair-delivery-20260901","A83052CA61D7F3853E97522D3F72DDA595DB61811511435D3030E4E230E8B07E","net10","hmail_perf_pair_net10_20260831_225556","C:\hmail-perf-pair-delivery-20260901\net10\Data","F6B2319F94B2989ACFC29A1A124895A151484996D94A2CC5266C1DDEAA7897AE","PASS","45FA907CE0D3797C1E13EBB2F03F076A25656CCE27E801C18F745ACD3944FBBD","5136EEC556F9790732AE759EF52F77FE6172329EA55787A80300C4A824107E46","smtp-message-acceptance","77","True","4.54",
"134e0ab3-c4ca-48af-ae1c-f2c091bf9001","MANIFEST_BOUND","hmail-perf-pair-delivery-20260901","A83052CA61D7F3853E97522D3F72DDA595DB61811511435D3030E4E230E8B07E","net10","hmail_perf_pair_net10_20260831_225556","C:\hmail-perf-pair-delivery-20260901\net10\Data","F6B2319F94B2989ACFC29A1A124895A151484996D94A2CC5266C1DDEAA7897AE","PASS","45FA907CE0D3797C1E13EBB2F03F076A25656CCE27E801C18F745ACD3944FBBD","5136EEC556F9790732AE759EF52F77FE6172329EA55787A80300C4A824107E46","smtp-message-acceptance","78","True","4.7",
"134e0ab3-c4ca-48af-ae1c-f2c091bf9001","MANIFEST_BOUND","hmail-perf-pair-delivery-20260901","A83052CA61D7F3853E97522D3F72DDA595DB61811511435D3030E4E230E8B07E","net10","hmail_perf_pair_net10_20260831_225556","C:\hmail-perf-pair-delivery-20260901\net10\Data","F6B2319F94B2989ACFC29A1A124895A151484996D94A2CC5266C1DDEAA7897AE","PASS","45FA907CE0D3797C1E13EBB2F03F076A25656CCE27E801C18F745ACD3944FBBD","5136EEC556F9790732AE759EF52F77FE6172329EA55787A80300C4A824107E46","smtp-message-acceptance","79","True","5.04",
"134e0ab3-c4ca-48af-ae1c-f2c091bf9001","MANIFEST_BOUND","hmail-perf-pair-delivery-20260901","A83052CA61D7F3853E97522D3F72DDA595DB61811511435D3030E4E230E8B07E","net10","hmail_perf_pair_net10_20260831_225556","C:\hmail-perf-pair-delivery-20260901\net10\Data","F6B2319F94B2989ACFC29A1A124895A151484996D94A2CC5266C1DDEAA7897AE","PASS","45FA907CE0D3797C1E13EBB2F03F076A25656CCE27E801C18F745ACD3944FBBD","5136EEC556F9790732AE759EF52F77FE6172329EA55787A80300C4A824107E46","smtp-message-acceptance","80","True","4.267",
"134e0ab3-c4ca-48af-ae1c-f2c091bf9001","MANIFEST_BOUND","hmail-perf-pair-delivery-20260901","A83052CA61D7F3853E97522D3F72DDA595DB61811511435D3030E4E230E8B07E","net10","hmail_perf_pair_net10_20260831_225556","C:\hmail-perf-pair-delivery-20260901\net10\Data","F6B2319F94B2989ACFC29A1A124895A151484996D94A2CC5266C1DDEAA7897AE","PASS","45FA907CE0D3797C1E13EBB2F03F076A25656CCE27E801C18F745ACD3944FBBD","5136EEC556F9790732AE759EF52F77FE6172329EA55787A80300C4A824107E46","smtp-message-acceptance","81","True","5.456",
"134e0ab3-c4ca-48af-ae1c-f2c091bf9001","MANIFEST_BOUND","hmail-perf-pair-delivery-20260901","A83052CA61D7F3853E97522D3F72DDA595DB61811511435D3030E4E230E8B07E","net10","hmail_perf_pair_net10_20260831_225556","C:\hmail-perf-pair-delivery-20260901\net10\Data","F6B2319F94B2989ACFC29A1A124895A151484996D94A2CC5266C1DDEAA7897AE","PASS","45FA907CE0D3797C1E13EBB2F03F076A25656CCE27E801C18F745ACD3944FBBD","5136EEC556F9790732AE759EF52F77FE6172329EA55787A80300C4A824107E46","smtp-message-acceptance","82","True","4.012",
"134e0ab3-c4ca-48af-ae1c-f2c091bf9001","MANIFEST_BOUND","hmail-perf-pair-delivery-20260901","A83052CA61D7F3853E97522D3F72DDA595DB61811511435D3030E4E230E8B07E","net10","hmail_perf_pair_net10_20260831_225556","C:\hmail-perf-pair-delivery-20260901\net10\Data","F6B2319F94B2989ACFC29A1A124895A151484996D94A2CC5266C1DDEAA7897AE","PASS","45FA907CE0D3797C1E13EBB2F03F076A25656CCE27E801C18F745ACD3944FBBD","5136EEC556F9790732AE759EF52F77FE6172329EA55787A80300C4A824107E46","smtp-message-acceptance","83","True","4.007",
"134e0ab3-c4ca-48af-ae1c-f2c091bf9001","MANIFEST_BOUND","hmail-perf-pair-delivery-20260901","A83052CA61D7F3853E97522D3F72DDA595DB61811511435D3030E4E230E8B07E","net10","hmail_perf_pair_net10_20260831_225556","C:\hmail-perf-pair-delivery-20260901\net10\Data","F6B2319F94B2989ACFC29A1A124895A151484996D94A2CC5266C1DDEAA7897AE","PASS","45FA907CE0D3797C1E13EBB2F03F076A25656CCE27E801C18F745ACD3944FBBD","5136EEC556F9790732AE759EF52F77FE6172329EA55787A80300C4A824107E46","smtp-message-acceptance","84","True","3.534",
"134e0ab3-c4ca-48af-ae1c-f2c091bf9001","MANIFEST_BOUND","hmail-perf-pair-delivery-20260901","A83052CA61D7F3853E97522D3F72DDA595DB61811511435D3030E4E230E8B07E","net10","hmail_perf_pair_net10_20260831_225556","C:\hmail-perf-pair-delivery-20260901\net10\Data","F6B2319F94B2989ACFC29A1A124895A151484996D94A2CC5266C1DDEAA7897AE","PASS","45FA907CE0D3797C1E13EBB2F03F076A25656CCE27E801C18F745ACD3944FBBD","5136EEC556F9790732AE759EF52F77FE6172329EA55787A80300C4A824107E46","smtp-message-acceptance","85","True","4.176",
"134e0ab3-c4ca-48af-ae1c-f2c091bf9001","MANIFEST_BOUND","hmail-perf-pair-delivery-20260901","A83052CA61D7F3853E97522D3F72DDA595DB61811511435D3030E4E230E8B07E","net10","hmail_perf_pair_net10_20260831_225556","C:\hmail-perf-pair-delivery-20260901\net10\Data","F6B2319F94B2989ACFC29A1A124895A151484996D94A2CC5266C1DDEAA7897AE","PASS","45FA907CE0D3797C1E13EBB2F03F076A25656CCE27E801C18F745ACD3944FBBD","5136EEC556F9790732AE759EF52F77FE6172329EA55787A80300C4A824107E46","smtp-message-acceptance","86","True","4.691",
"134e0ab3-c4ca-48af-ae1c-f2c091bf9001","MANIFEST_BOUND","hmail-perf-pair-delivery-20260901","A83052CA61D7F3853E97522D3F72DDA595DB61811511435D3030E4E230E8B07E","net10","hmail_perf_pair_net10_20260831_225556","C:\hmail-perf-pair-delivery-20260901\net10\Data","F6B2319F94B2989ACFC29A1A124895A151484996D94A2CC5266C1DDEAA7897AE","PASS","45FA907CE0D3797C1E13EBB2F03F076A25656CCE27E801C18F745ACD3944FBBD","5136EEC556F9790732AE759EF52F77FE6172329EA55787A80300C4A824107E46","smtp-message-acceptance","87","True","4.234",
"134e0ab3-c4ca-48af-ae1c-f2c091bf9001","MANIFEST_BOUND","hmail-perf-pair-delivery-20260901","A83052CA61D7F3853E97522D3F72DDA595DB61811511435D3030E4E230E8B07E","net10","hmail_perf_pair_net10_20260831_225556","C:\hmail-perf-pair-delivery-20260901\net10\Data","F6B2319F94B2989ACFC29A1A124895A151484996D94A2CC5266C1DDEAA7897AE","PASS","45FA907CE0D3797C1E13EBB2F03F076A25656CCE27E801C18F745ACD3944FBBD","5136EEC556F9790732AE759EF52F77FE6172329EA55787A80300C4A824107E46","smtp-message-acceptance","88","True","4.287",
"134e0ab3-c4ca-48af-ae1c-f2c091bf9001","MANIFEST_BOUND","hmail-perf-pair-delivery-20260901","A83052CA61D7F3853E97522D3F72DDA595DB61811511435D3030E4E230E8B07E","net10","hmail_perf_pair_net10_20260831_225556","C:\hmail-perf-pair-delivery-20260901\net10\Data","F6B2319F94B2989ACFC29A1A124895A151484996D94A2CC5266C1DDEAA7897AE","PASS","45FA907CE0D3797C1E13EBB2F03F076A25656CCE27E801C18F745ACD3944FBBD","5136EEC556F9790732AE759EF52F77FE6172329EA55787A80300C4A824107E46","smtp-message-acceptance","89","True","4.659",
"134e0ab3-c4ca-48af-ae1c-f2c091bf9001","MANIFEST_BOUND","hmail-perf-pair-delivery-20260901","A83052CA61D7F3853E97522D3F72DDA595DB61811511435D3030E4E230E8B07E","net10","hmail_perf_pair_net10_20260831_225556","C:\hmail-perf-pair-delivery-20260901\net10\Data","F6B2319F94B2989ACFC29A1A124895A151484996D94A2CC5266C1DDEAA7897AE","PASS","45FA907CE0D3797C1E13EBB2F03F076A25656CCE27E801C18F745ACD3944FBBD","5136EEC556F9790732AE759EF52F77FE6172329EA55787A80300C4A824107E46","smtp-message-acceptance","90","True","4.325",
"134e0ab3-c4ca-48af-ae1c-f2c091bf9001","MANIFEST_BOUND","hmail-perf-pair-delivery-20260901","A83052CA61D7F3853E97522D3F72DDA595DB61811511435D3030E4E230E8B07E","net10","hmail_perf_pair_net10_20260831_225556","C:\hmail-perf-pair-delivery-20260901\net10\Data","F6B2319F94B2989ACFC29A1A124895A151484996D94A2CC5266C1DDEAA7897AE","PASS","45FA907CE0D3797C1E13EBB2F03F076A25656CCE27E801C18F745ACD3944FBBD","5136EEC556F9790732AE759EF52F77FE6172329EA55787A80300C4A824107E46","smtp-message-acceptance","91","True","4.282",
"134e0ab3-c4ca-48af-ae1c-f2c091bf9001","MANIFEST_BOUND","hmail-perf-pair-delivery-20260901","A83052CA61D7F3853E97522D3F72DDA595DB61811511435D3030E4E230E8B07E","net10","hmail_perf_pair_net10_20260831_225556","C:\hmail-perf-pair-delivery-20260901\net10\Data","F6B2319F94B2989ACFC29A1A124895A151484996D94A2CC5266C1DDEAA7897AE","PASS","45FA907CE0D3797C1E13EBB2F03F076A25656CCE27E801C18F745ACD3944FBBD","5136EEC556F9790732AE759EF52F77FE6172329EA55787A80300C4A824107E46","smtp-message-acceptance","92","True","4.07",
"134e0ab3-c4ca-48af-ae1c-f2c091bf9001","MANIFEST_BOUND","hmail-perf-pair-delivery-20260901","A83052CA61D7F3853E97522D3F72DDA595DB61811511435D3030E4E230E8B07E","net10","hmail_perf_pair_net10_20260831_225556","C:\hmail-perf-pair-delivery-20260901\net10\Data","F6B2319F94B2989ACFC29A1A124895A151484996D94A2CC5266C1DDEAA7897AE","PASS","45FA907CE0D3797C1E13EBB2F03F076A25656CCE27E801C18F745ACD3944FBBD","5136EEC556F9790732AE759EF52F77FE6172329EA55787A80300C4A824107E46","smtp-message-acceptance","93","True","3.68",
"134e0ab3-c4ca-48af-ae1c-f2c091bf9001","MANIFEST_BOUND","hmail-perf-pair-delivery-20260901","A83052CA61D7F3853E97522D3F72DDA595DB61811511435D3030E4E230E8B07E","net10","hmail_perf_pair_net10_20260831_225556","C:\hmail-perf-pair-delivery-20260901\net10\Data","F6B2319F94B2989ACFC29A1A124895A151484996D94A2CC5266C1DDEAA7897AE","PASS","45FA907CE0D3797C1E13EBB2F03F076A25656CCE27E801C18F745ACD3944FBBD","5136EEC556F9790732AE759EF52F77FE6172329EA55787A80300C4A824107E46","smtp-message-acceptance","94","True","3.923",
"134e0ab3-c4ca-48af-ae1c-f2c091bf9001","MANIFEST_BOUND","hmail-perf-pair-delivery-20260901","A83052CA61D7F3853E97522D3F72DDA595DB61811511435D3030E4E230E8B07E","net10","hmail_perf_pair_net10_20260831_225556","C:\hmail-perf-pair-delivery-20260901\net10\Data","F6B2319F94B2989ACFC29A1A124895A151484996D94A2CC5266C1DDEAA7897AE","PASS","45FA907CE0D3797C1E13EBB2F03F076A25656CCE27E801C18F745ACD3944FBBD","5136EEC556F9790732AE759EF52F77FE6172329EA55787A80300C4A824107E46","smtp-message-acceptance","95","True","4.056",
"134e0ab3-c4ca-48af-ae1c-f2c091bf9001","MANIFEST_BOUND","hmail-perf-pair-delivery-20260901","A83052CA61D7F3853E97522D3F72DDA595DB61811511435D3030E4E230E8B07E","net10","hmail_perf_pair_net10_20260831_225556","C:\hmail-perf-pair-delivery-20260901\net10\Data","F6B2319F94B2989ACFC29A1A124895A151484996D94A2CC5266C1DDEAA7897AE","PASS","45FA907CE0D3797C1E13EBB2F03F076A25656CCE27E801C18F745ACD3944FBBD","5136EEC556F9790732AE759EF52F77FE6172329EA55787A80300C4A824107E46","smtp-message-acceptance","96","True","4.133",
"134e0ab3-c4ca-48af-ae1c-f2c091bf9001","MANIFEST_BOUND","hmail-perf-pair-delivery-20260901","A83052CA61D7F3853E97522D3F72DDA595DB61811511435D3030E4E230E8B07E","net10","hmail_perf_pair_net10_20260831_225556","C:\hmail-perf-pair-delivery-20260901\net10\Data","F6B2319F94B2989ACFC29A1A124895A151484996D94A2CC5266C1DDEAA7897AE","PASS","45FA907CE0D3797C1E13EBB2F03F076A25656CCE27E801C18F745ACD3944FBBD","5136EEC556F9790732AE759EF52F77FE6172329EA55787A80300C4A824107E46","smtp-message-acceptance","97","True","4.777",
"134e0ab3-c4ca-48af-ae1c-f2c091bf9001","MANIFEST_BOUND","hmail-perf-pair-delivery-20260901","A83052CA61D7F3853E97522D3F72DDA595DB61811511435D3030E4E230E8B07E","net10","hmail_perf_pair_net10_20260831_225556","C:\hmail-perf-pair-delivery-20260901\net10\Data","F6B2319F94B2989ACFC29A1A124895A151484996D94A2CC5266C1DDEAA7897AE","PASS","45FA907CE0D3797C1E13EBB2F03F076A25656CCE27E801C18F745ACD3944FBBD","5136EEC556F9790732AE759EF52F77FE6172329EA55787A80300C4A824107E46","smtp-message-acceptance","98","True","4.473",
"134e0ab3-c4ca-48af-ae1c-f2c091bf9001","MANIFEST_BOUND","hmail-perf-pair-delivery-20260901","A83052CA61D7F3853E97522D3F72DDA595DB61811511435D3030E4E230E8B07E","net10","hmail_perf_pair_net10_20260831_225556","C:\hmail-perf-pair-delivery-20260901\net10\Data","F6B2319F94B2989ACFC29A1A124895A151484996D94A2CC5266C1DDEAA7897AE","PASS","45FA907CE0D3797C1E13EBB2F03F076A25656CCE27E801C18F745ACD3944FBBD","5136EEC556F9790732AE759EF52F77FE6172329EA55787A80300C4A824107E46","smtp-message-acceptance","99","True","5.206",
"134e0ab3-c4ca-48af-ae1c-f2c091bf9001","MANIFEST_BOUND","hmail-perf-pair-delivery-20260901","A83052CA61D7F3853E97522D3F72DDA595DB61811511435D3030E4E230E8B07E","net10","hmail_perf_pair_net10_20260831_225556","C:\hmail-perf-pair-delivery-20260901\net10\Data","F6B2319F94B2989ACFC29A1A124895A151484996D94A2CC5266C1DDEAA7897AE","PASS","45FA907CE0D3797C1E13EBB2F03F076A25656CCE27E801C18F745ACD3944FBBD","5136EEC556F9790732AE759EF52F77FE6172329EA55787A80300C4A824107E46","smtp-message-acceptance","100","True","4.563",
"134e0ab3-c4ca-48af-ae1c-f2c091bf9001","MANIFEST_BOUND","hmail-perf-pair-delivery-20260901","A83052CA61D7F3853E97522D3F72DDA595DB61811511435D3030E4E230E8B07E","net10","hmail_perf_pair_net10_20260831_225556","C:\hmail-perf-pair-delivery-20260901\net10\Data","F6B2319F94B2989ACFC29A1A124895A151484996D94A2CC5266C1DDEAA7897AE","PASS","45FA907CE0D3797C1E13EBB2F03F076A25656CCE27E801C18F745ACD3944FBBD","5136EEC556F9790732AE759EF52F77FE6172329EA55787A80300C4A824107E46","smtp-message-acceptance","101","True","4.183",
"134e0ab3-c4ca-48af-ae1c-f2c091bf9001","MANIFEST_BOUND","hmail-perf-pair-delivery-20260901","A83052CA61D7F3853E97522D3F72DDA595DB61811511435D3030E4E230E8B07E","net10","hmail_perf_pair_net10_20260831_225556","C:\hmail-perf-pair-delivery-20260901\net10\Data","F6B2319F94B2989ACFC29A1A124895A151484996D94A2CC5266C1DDEAA7897AE","PASS","45FA907CE0D3797C1E13EBB2F03F076A25656CCE27E801C18F745ACD3944FBBD","5136EEC556F9790732AE759EF52F77FE6172329EA55787A80300C4A824107E46","smtp-message-acceptance","102","True","4.375",
"134e0ab3-c4ca-48af-ae1c-f2c091bf9001","MANIFEST_BOUND","hmail-perf-pair-delivery-20260901","A83052CA61D7F3853E97522D3F72DDA595DB61811511435D3030E4E230E8B07E","net10","hmail_perf_pair_net10_20260831_225556","C:\hmail-perf-pair-delivery-20260901\net10\Data","F6B2319F94B2989ACFC29A1A124895A151484996D94A2CC5266C1DDEAA7897AE","PASS","45FA907CE0D3797C1E13EBB2F03F076A25656CCE27E801C18F745ACD3944FBBD","5136EEC556F9790732AE759EF52F77FE6172329EA55787A80300C4A824107E46","smtp-message-acceptance","103","True","4.056",
"134e0ab3-c4ca-48af-ae1c-f2c091bf9001","MANIFEST_BOUND","hmail-perf-pair-delivery-20260901","A83052CA61D7F3853E97522D3F72DDA595DB61811511435D3030E4E230E8B07E","net10","hmail_perf_pair_net10_20260831_225556","C:\hmail-perf-pair-delivery-20260901\net10\Data","F6B2319F94B2989ACFC29A1A124895A151484996D94A2CC5266C1DDEAA7897AE","PASS","45FA907CE0D3797C1E13EBB2F03F076A25656CCE27E801C18F745ACD3944FBBD","5136EEC556F9790732AE759EF52F77FE6172329EA55787A80300C4A824107E46","smtp-message-acceptance","104","True","4.504",
"134e0ab3-c4ca-48af-ae1c-f2c091bf9001","MANIFEST_BOUND","hmail-perf-pair-delivery-20260901","A83052CA61D7F3853E97522D3F72DDA595DB61811511435D3030E4E230E8B07E","net10","hmail_perf_pair_net10_20260831_225556","C:\hmail-perf-pair-delivery-20260901\net10\Data","F6B2319F94B2989ACFC29A1A124895A151484996D94A2CC5266C1DDEAA7897AE","PASS","45FA907CE0D3797C1E13EBB2F03F076A25656CCE27E801C18F745ACD3944FBBD","5136EEC556F9790732AE759EF52F77FE6172329EA55787A80300C4A824107E46","smtp-message-acceptance","105","True","5.118",
"134e0ab3-c4ca-48af-ae1c-f2c091bf9001","MANIFEST_BOUND","hmail-perf-pair-delivery-20260901","A83052CA61D7F3853E97522D3F72DDA595DB61811511435D3030E4E230E8B07E","net10","hmail_perf_pair_net10_20260831_225556","C:\hmail-perf-pair-delivery-20260901\net10\Data","F6B2319F94B2989ACFC29A1A124895A151484996D94A2CC5266C1DDEAA7897AE","PASS","45FA907CE0D3797C1E13EBB2F03F076A25656CCE27E801C18F745ACD3944FBBD","5136EEC556F9790732AE759EF52F77FE6172329EA55787A80300C4A824107E46","smtp-message-acceptance","106","True","4.575",
"134e0ab3-c4ca-48af-ae1c-f2c091bf9001","MANIFEST_BOUND","hmail-perf-pair-delivery-20260901","A83052CA61D7F3853E97522D3F72DDA595DB61811511435D3030E4E230E8B07E","net10","hmail_perf_pair_net10_20260831_225556","C:\hmail-perf-pair-delivery-20260901\net10\Data","F6B2319F94B2989ACFC29A1A124895A151484996D94A2CC5266C1DDEAA7897AE","PASS","45FA907CE0D3797C1E13EBB2F03F076A25656CCE27E801C18F745ACD3944FBBD","5136EEC556F9790732AE759EF52F77FE6172329EA55787A80300C4A824107E46","smtp-message-acceptance","107","True","3.858",
"134e0ab3-c4ca-48af-ae1c-f2c091bf9001","MANIFEST_BOUND","hmail-perf-pair-delivery-20260901","A83052CA61D7F3853E97522D3F72DDA595DB61811511435D3030E4E230E8B07E","net10","hmail_perf_pair_net10_20260831_225556","C:\hmail-perf-pair-delivery-20260901\net10\Data","F6B2319F94B2989ACFC29A1A124895A151484996D94A2CC5266C1DDEAA7897AE","PASS","45FA907CE0D3797C1E13EBB2F03F076A25656CCE27E801C18F745ACD3944FBBD","5136EEC556F9790732AE759EF52F77FE6172329EA55787A80300C4A824107E46","smtp-message-acceptance","108","True","3.885",
"134e0ab3-c4ca-48af-ae1c-f2c091bf9001","MANIFEST_BOUND","hmail-perf-pair-delivery-20260901","A83052CA61D7F3853E97522D3F72DDA595DB61811511435D3030E4E230E8B07E","net10","hmail_perf_pair_net10_20260831_225556","C:\hmail-perf-pair-delivery-20260901\net10\Data","F6B2319F94B2989ACFC29A1A124895A151484996D94A2CC5266C1DDEAA7897AE","PASS","45FA907CE0D3797C1E13EBB2F03F076A25656CCE27E801C18F745ACD3944FBBD","5136EEC556F9790732AE759EF52F77FE6172329EA55787A80300C4A824107E46","smtp-message-acceptance","109","True","3.872",
"134e0ab3-c4ca-48af-ae1c-f2c091bf9001","MANIFEST_BOUND","hmail-perf-pair-delivery-20260901","A83052CA61D7F3853E97522D3F72DDA595DB61811511435D3030E4E230E8B07E","net10","hmail_perf_pair_net10_20260831_225556","C:\hmail-perf-pair-delivery-20260901\net10\Data","F6B2319F94B2989ACFC29A1A124895A151484996D94A2CC5266C1DDEAA7897AE","PASS","45FA907CE0D3797C1E13EBB2F03F076A25656CCE27E801C18F745ACD3944FBBD","5136EEC556F9790732AE759EF52F77FE6172329EA55787A80300C4A824107E46","smtp-message-acceptance","110","True","4.526",
"134e0ab3-c4ca-48af-ae1c-f2c091bf9001","MANIFEST_BOUND","hmail-perf-pair-delivery-20260901","A83052CA61D7F3853E97522D3F72DDA595DB61811511435D3030E4E230E8B07E","net10","hmail_perf_pair_net10_20260831_225556","C:\hmail-perf-pair-delivery-20260901\net10\Data","F6B2319F94B2989ACFC29A1A124895A151484996D94A2CC5266C1DDEAA7897AE","PASS","45FA907CE0D3797C1E13EBB2F03F076A25656CCE27E801C18F745ACD3944FBBD","5136EEC556F9790732AE759EF52F77FE6172329EA55787A80300C4A824107E46","smtp-message-acceptance","111","True","4.092",
"134e0ab3-c4ca-48af-ae1c-f2c091bf9001","MANIFEST_BOUND","hmail-perf-pair-delivery-20260901","A83052CA61D7F3853E97522D3F72DDA595DB61811511435D3030E4E230E8B07E","net10","hmail_perf_pair_net10_20260831_225556","C:\hmail-perf-pair-delivery-20260901\net10\Data","F6B2319F94B2989ACFC29A1A124895A151484996D94A2CC5266C1DDEAA7897AE","PASS","45FA907CE0D3797C1E13EBB2F03F076A25656CCE27E801C18F745ACD3944FBBD","5136EEC556F9790732AE759EF52F77FE6172329EA55787A80300C4A824107E46","smtp-message-acceptance","112","True","3.795",
"134e0ab3-c4ca-48af-ae1c-f2c091bf9001","MANIFEST_BOUND","hmail-perf-pair-delivery-20260901","A83052CA61D7F3853E97522D3F72DDA595DB61811511435D3030E4E230E8B07E","net10","hmail_perf_pair_net10_20260831_225556","C:\hmail-perf-pair-delivery-20260901\net10\Data","F6B2319F94B2989ACFC29A1A124895A151484996D94A2CC5266C1DDEAA7897AE","PASS","45FA907CE0D3797C1E13EBB2F03F076A25656CCE27E801C18F745ACD3944FBBD","5136EEC556F9790732AE759EF52F77FE6172329EA55787A80300C4A824107E46","smtp-message-acceptance","113","True","3.935",
"134e0ab3-c4ca-48af-ae1c-f2c091bf9001","MANIFEST_BOUND","hmail-perf-pair-delivery-20260901","A83052CA61D7F3853E97522D3F72DDA595DB61811511435D3030E4E230E8B07E","net10","hmail_perf_pair_net10_20260831_225556","C:\hmail-perf-pair-delivery-20260901\net10\Data","F6B2319F94B2989ACFC29A1A124895A151484996D94A2CC5266C1DDEAA7897AE","PASS","45FA907CE0D3797C1E13EBB2F03F076A25656CCE27E801C18F745ACD3944FBBD","5136EEC556F9790732AE759EF52F77FE6172329EA55787A80300C4A824107E46","smtp-message-acceptance","114","True","3.816",
"134e0ab3-c4ca-48af-ae1c-f2c091bf9001","MANIFEST_BOUND","hmail-perf-pair-delivery-20260901","A83052CA61D7F3853E97522D3F72DDA595DB61811511435D3030E4E230E8B07E","net10","hmail_perf_pair_net10_20260831_225556","C:\hmail-perf-pair-delivery-20260901\net10\Data","F6B2319F94B2989ACFC29A1A124895A151484996D94A2CC5266C1DDEAA7897AE","PASS","45FA907CE0D3797C1E13EBB2F03F076A25656CCE27E801C18F745ACD3944FBBD","5136EEC556F9790732AE759EF52F77FE6172329EA55787A80300C4A824107E46","smtp-message-acceptance","115","True","4.357",
"134e0ab3-c4ca-48af-ae1c-f2c091bf9001","MANIFEST_BOUND","hmail-perf-pair-delivery-20260901","A83052CA61D7F3853E97522D3F72DDA595DB61811511435D3030E4E230E8B07E","net10","hmail_perf_pair_net10_20260831_225556","C:\hmail-perf-pair-delivery-20260901\net10\Data","F6B2319F94B2989ACFC29A1A124895A151484996D94A2CC5266C1DDEAA7897AE","PASS","45FA907CE0D3797C1E13EBB2F03F076A25656CCE27E801C18F745ACD3944FBBD","5136EEC556F9790732AE759EF52F77FE6172329EA55787A80300C4A824107E46","smtp-message-acceptance","116","True","3.693",
"134e0ab3-c4ca-48af-ae1c-f2c091bf9001","MANIFEST_BOUND","hmail-perf-pair-delivery-20260901","A83052CA61D7F3853E97522D3F72DDA595DB61811511435D3030E4E230E8B07E","net10","hmail_perf_pair_net10_20260831_225556","C:\hmail-perf-pair-delivery-20260901\net10\Data","F6B2319F94B2989ACFC29A1A124895A151484996D94A2CC5266C1DDEAA7897AE","PASS","45FA907CE0D3797C1E13EBB2F03F076A25656CCE27E801C18F745ACD3944FBBD","5136EEC556F9790732AE759EF52F77FE6172329EA55787A80300C4A824107E46","smtp-message-acceptance","117","True","3.977",
"134e0ab3-c4ca-48af-ae1c-f2c091bf9001","MANIFEST_BOUND","hmail-perf-pair-delivery-20260901","A83052CA61D7F3853E97522D3F72DDA595DB61811511435D3030E4E230E8B07E","net10","hmail_perf_pair_net10_20260831_225556","C:\hmail-perf-pair-delivery-20260901\net10\Data","F6B2319F94B2989ACFC29A1A124895A151484996D94A2CC5266C1DDEAA7897AE","PASS","45FA907CE0D3797C1E13EBB2F03F076A25656CCE27E801C18F745ACD3944FBBD","5136EEC556F9790732AE759EF52F77FE6172329EA55787A80300C4A824107E46","smtp-message-acceptance","118","True","4.126",
"134e0ab3-c4ca-48af-ae1c-f2c091bf9001","MANIFEST_BOUND","hmail-perf-pair-delivery-20260901","A83052CA61D7F3853E97522D3F72DDA595DB61811511435D3030E4E230E8B07E","net10","hmail_perf_pair_net10_20260831_225556","C:\hmail-perf-pair-delivery-20260901\net10\Data","F6B2319F94B2989ACFC29A1A124895A151484996D94A2CC5266C1DDEAA7897AE","PASS","45FA907CE0D3797C1E13EBB2F03F076A25656CCE27E801C18F745ACD3944FBBD","5136EEC556F9790732AE759EF52F77FE6172329EA55787A80300C4A824107E46","smtp-message-acceptance","119","True","4.187",
"134e0ab3-c4ca-48af-ae1c-f2c091bf9001","MANIFEST_BOUND","hmail-perf-pair-delivery-20260901","A83052CA61D7F3853E97522D3F72DDA595DB61811511435D3030E4E230E8B07E","net10","hmail_perf_pair_net10_20260831_225556","C:\hmail-perf-pair-delivery-20260901\net10\Data","F6B2319F94B2989ACFC29A1A124895A151484996D94A2CC5266C1DDEAA7897AE","PASS","45FA907CE0D3797C1E13EBB2F03F076A25656CCE27E801C18F745ACD3944FBBD","5136EEC556F9790732AE759EF52F77FE6172329EA55787A80300C4A824107E46","smtp-message-acceptance","120","True","3.882",
"134e0ab3-c4ca-48af-ae1c-f2c091bf9001","MANIFEST_BOUND","hmail-perf-pair-delivery-20260901","A83052CA61D7F3853E97522D3F72DDA595DB61811511435D3030E4E230E8B07E","net10","hmail_perf_pair_net10_20260831_225556","C:\hmail-perf-pair-delivery-20260901\net10\Data","F6B2319F94B2989ACFC29A1A124895A151484996D94A2CC5266C1DDEAA7897AE","PASS","45FA907CE0D3797C1E13EBB2F03F076A25656CCE27E801C18F745ACD3944FBBD","5136EEC556F9790732AE759EF52F77FE6172329EA55787A80300C4A824107E46","smtp-message-acceptance","121","True","4.11",
"134e0ab3-c4ca-48af-ae1c-f2c091bf9001","MANIFEST_BOUND","hmail-perf-pair-delivery-20260901","A83052CA61D7F3853E97522D3F72DDA595DB61811511435D3030E4E230E8B07E","net10","hmail_perf_pair_net10_20260831_225556","C:\hmail-perf-pair-delivery-20260901\net10\Data","F6B2319F94B2989ACFC29A1A124895A151484996D94A2CC5266C1DDEAA7897AE","PASS","45FA907CE0D3797C1E13EBB2F03F076A25656CCE27E801C18F745ACD3944FBBD","5136EEC556F9790732AE759EF52F77FE6172329EA55787A80300C4A824107E46","smtp-message-acceptance","122","True","4.137",
"134e0ab3-c4ca-48af-ae1c-f2c091bf9001","MANIFEST_BOUND","hmail-perf-pair-delivery-20260901","A83052CA61D7F3853E97522D3F72DDA595DB61811511435D3030E4E230E8B07E","net10","hmail_perf_pair_net10_20260831_225556","C:\hmail-perf-pair-delivery-20260901\net10\Data","F6B2319F94B2989ACFC29A1A124895A151484996D94A2CC5266C1DDEAA7897AE","PASS","45FA907CE0D3797C1E13EBB2F03F076A25656CCE27E801C18F745ACD3944FBBD","5136EEC556F9790732AE759EF52F77FE6172329EA55787A80300C4A824107E46","smtp-message-acceptance","123","True","4.01",
"134e0ab3-c4ca-48af-ae1c-f2c091bf9001","MANIFEST_BOUND","hmail-perf-pair-delivery-20260901","A83052CA61D7F3853E97522D3F72DDA595DB61811511435D3030E4E230E8B07E","net10","hmail_perf_pair_net10_20260831_225556","C:\hmail-perf-pair-delivery-20260901\net10\Data","F6B2319F94B2989ACFC29A1A124895A151484996D94A2CC5266C1DDEAA7897AE","PASS","45FA907CE0D3797C1E13EBB2F03F076A25656CCE27E801C18F745ACD3944FBBD","5136EEC556F9790732AE759EF52F77FE6172329EA55787A80300C4A824107E46","smtp-message-acceptance","124","True","3.681",
"134e0ab3-c4ca-48af-ae1c-f2c091bf9001","MANIFEST_BOUND","hmail-perf-pair-delivery-20260901","A83052CA61D7F3853E97522D3F72DDA595DB61811511435D3030E4E230E8B07E","net10","hmail_perf_pair_net10_20260831_225556","C:\hmail-perf-pair-delivery-20260901\net10\Data","F6B2319F94B2989ACFC29A1A124895A151484996D94A2CC5266C1DDEAA7897AE","PASS","45FA907CE0D3797C1E13EBB2F03F076A25656CCE27E801C18F745ACD3944FBBD","5136EEC556F9790732AE759EF52F77FE6172329EA55787A80300C4A824107E46","smtp-message-acceptance","125","True","4.171",
"134e0ab3-c4ca-48af-ae1c-f2c091bf9001","MANIFEST_BOUND","hmail-perf-pair-delivery-20260901","A83052CA61D7F3853E97522D3F72DDA595DB61811511435D3030E4E230E8B07E","net10","hmail_perf_pair_net10_20260831_225556","C:\hmail-perf-pair-delivery-20260901\net10\Data","F6B2319F94B2989ACFC29A1A124895A151484996D94A2CC5266C1DDEAA7897AE","PASS","45FA907CE0D3797C1E13EBB2F03F076A25656CCE27E801C18F745ACD3944FBBD","5136EEC556F9790732AE759EF52F77FE6172329EA55787A80300C4A824107E46","smtp-message-acceptance","126","True","3.667",
"134e0ab3-c4ca-48af-ae1c-f2c091bf9001","MANIFEST_BOUND","hmail-perf-pair-delivery-20260901","A83052CA61D7F3853E97522D3F72DDA595DB61811511435D3030E4E230E8B07E","net10","hmail_perf_pair_net10_20260831_225556","C:\hmail-perf-pair-delivery-20260901\net10\Data","F6B2319F94B2989ACFC29A1A124895A151484996D94A2CC5266C1DDEAA7897AE","PASS","45FA907CE0D3797C1E13EBB2F03F076A25656CCE27E801C18F745ACD3944FBBD","5136EEC556F9790732AE759EF52F77FE6172329EA55787A80300C4A824107E46","smtp-message-acceptance","127","True","4.068",
"134e0ab3-c4ca-48af-ae1c-f2c091bf9001","MANIFEST_BOUND","hmail-perf-pair-delivery-20260901","A83052CA61D7F3853E97522D3F72DDA595DB61811511435D3030E4E230E8B07E","net10","hmail_perf_pair_net10_20260831_225556","C:\hmail-perf-pair-delivery-20260901\net10\Data","F6B2319F94B2989ACFC29A1A124895A151484996D94A2CC5266C1DDEAA7897AE","PASS","45FA907CE0D3797C1E13EBB2F03F076A25656CCE27E801C18F745ACD3944FBBD","5136EEC556F9790732AE759EF52F77FE6172329EA55787A80300C4A824107E46","smtp-message-acceptance","128","True","4.21",
"134e0ab3-c4ca-48af-ae1c-f2c091bf9001","MANIFEST_BOUND","hmail-perf-pair-delivery-20260901","A83052CA61D7F3853E97522D3F72DDA595DB61811511435D3030E4E230E8B07E","net10","hmail_perf_pair_net10_20260831_225556","C:\hmail-perf-pair-delivery-20260901\net10\Data","F6B2319F94B2989ACFC29A1A124895A151484996D94A2CC5266C1DDEAA7897AE","PASS","45FA907CE0D3797C1E13EBB2F03F076A25656CCE27E801C18F745ACD3944FBBD","5136EEC556F9790732AE759EF52F77FE6172329EA55787A80300C4A824107E46","smtp-message-acceptance","129","True","3.805",
"134e0ab3-c4ca-48af-ae1c-f2c091bf9001","MANIFEST_BOUND","hmail-perf-pair-delivery-20260901","A83052CA61D7F3853E97522D3F72DDA595DB61811511435D3030E4E230E8B07E","net10","hmail_perf_pair_net10_20260831_225556","C:\hmail-perf-pair-delivery-20260901\net10\Data","F6B2319F94B2989ACFC29A1A124895A151484996D94A2CC5266C1DDEAA7897AE","PASS","45FA907CE0D3797C1E13EBB2F03F076A25656CCE27E801C18F745ACD3944FBBD","5136EEC556F9790732AE759EF52F77FE6172329EA55787A80300C4A824107E46","smtp-message-acceptance","130","True","3.775",
"134e0ab3-c4ca-48af-ae1c-f2c091bf9001","MANIFEST_BOUND","hmail-perf-pair-delivery-20260901","A83052CA61D7F3853E97522D3F72DDA595DB61811511435D3030E4E230E8B07E","net10","hmail_perf_pair_net10_20260831_225556","C:\hmail-perf-pair-delivery-20260901\net10\Data","F6B2319F94B2989ACFC29A1A124895A151484996D94A2CC5266C1DDEAA7897AE","PASS","45FA907CE0D3797C1E13EBB2F03F076A25656CCE27E801C18F745ACD3944FBBD","5136EEC556F9790732AE759EF52F77FE6172329EA55787A80300C4A824107E46","smtp-message-acceptance","131","True","3.89",
"134e0ab3-c4ca-48af-ae1c-f2c091bf9001","MANIFEST_BOUND","hmail-perf-pair-delivery-20260901","A83052CA61D7F3853E97522D3F72DDA595DB61811511435D3030E4E230E8B07E","net10","hmail_perf_pair_net10_20260831_225556","C:\hmail-perf-pair-delivery-20260901\net10\Data","F6B2319F94B2989ACFC29A1A124895A151484996D94A2CC5266C1DDEAA7897AE","PASS","45FA907CE0D3797C1E13EBB2F03F076A25656CCE27E801C18F745ACD3944FBBD","5136EEC556F9790732AE759EF52F77FE6172329EA55787A80300C4A824107E46","smtp-message-acceptance","132","True","3.995",
"134e0ab3-c4ca-48af-ae1c-f2c091bf9001","MANIFEST_BOUND","hmail-perf-pair-delivery-20260901","A83052CA61D7F3853E97522D3F72DDA595DB61811511435D3030E4E230E8B07E","net10","hmail_perf_pair_net10_20260831_225556","C:\hmail-perf-pair-delivery-20260901\net10\Data","F6B2319F94B2989ACFC29A1A124895A151484996D94A2CC5266C1DDEAA7897AE","PASS","45FA907CE0D3797C1E13EBB2F03F076A25656CCE27E801C18F745ACD3944FBBD","5136EEC556F9790732AE759EF52F77FE6172329EA55787A80300C4A824107E46","smtp-message-acceptance","133","True","3.787",
"134e0ab3-c4ca-48af-ae1c-f2c091bf9001","MANIFEST_BOUND","hmail-perf-pair-delivery-20260901","A83052CA61D7F3853E97522D3F72DDA595DB61811511435D3030E4E230E8B07E","net10","hmail_perf_pair_net10_20260831_225556","C:\hmail-perf-pair-delivery-20260901\net10\Data","F6B2319F94B2989ACFC29A1A124895A151484996D94A2CC5266C1DDEAA7897AE","PASS","45FA907CE0D3797C1E13EBB2F03F076A25656CCE27E801C18F745ACD3944FBBD","5136EEC556F9790732AE759EF52F77FE6172329EA55787A80300C4A824107E46","smtp-message-acceptance","134","True","4.686",
"134e0ab3-c4ca-48af-ae1c-f2c091bf9001","MANIFEST_BOUND","hmail-perf-pair-delivery-20260901","A83052CA61D7F3853E97522D3F72DDA595DB61811511435D3030E4E230E8B07E","net10","hmail_perf_pair_net10_20260831_225556","C:\hmail-perf-pair-delivery-20260901\net10\Data","F6B2319F94B2989ACFC29A1A124895A151484996D94A2CC5266C1DDEAA7897AE","PASS","45FA907CE0D3797C1E13EBB2F03F076A25656CCE27E801C18F745ACD3944FBBD","5136EEC556F9790732AE759EF52F77FE6172329EA55787A80300C4A824107E46","smtp-message-acceptance","135","True","3.746",
"134e0ab3-c4ca-48af-ae1c-f2c091bf9001","MANIFEST_BOUND","hmail-perf-pair-delivery-20260901","A83052CA61D7F3853E97522D3F72DDA595DB61811511435D3030E4E230E8B07E","net10","hmail_perf_pair_net10_20260831_225556","C:\hmail-perf-pair-delivery-20260901\net10\Data","F6B2319F94B2989ACFC29A1A124895A151484996D94A2CC5266C1DDEAA7897AE","PASS","45FA907CE0D3797C1E13EBB2F03F076A25656CCE27E801C18F745ACD3944FBBD","5136EEC556F9790732AE759EF52F77FE6172329EA55787A80300C4A824107E46","smtp-message-acceptance","136","True","3.744",
"134e0ab3-c4ca-48af-ae1c-f2c091bf9001","MANIFEST_BOUND","hmail-perf-pair-delivery-20260901","A83052CA61D7F3853E97522D3F72DDA595DB61811511435D3030E4E230E8B07E","net10","hmail_perf_pair_net10_20260831_225556","C:\hmail-perf-pair-delivery-20260901\net10\Data","F6B2319F94B2989ACFC29A1A124895A151484996D94A2CC5266C1DDEAA7897AE","PASS","45FA907CE0D3797C1E13EBB2F03F076A25656CCE27E801C18F745ACD3944FBBD","5136EEC556F9790732AE759EF52F77FE6172329EA55787A80300C4A824107E46","smtp-message-acceptance","137","True","3.618",
"134e0ab3-c4ca-48af-ae1c-f2c091bf9001","MANIFEST_BOUND","hmail-perf-pair-delivery-20260901","A83052CA61D7F3853E97522D3F72DDA595DB61811511435D3030E4E230E8B07E","net10","hmail_perf_pair_net10_20260831_225556","C:\hmail-perf-pair-delivery-20260901\net10\Data","F6B2319F94B2989ACFC29A1A124895A151484996D94A2CC5266C1DDEAA7897AE","PASS","45FA907CE0D3797C1E13EBB2F03F076A25656CCE27E801C18F745ACD3944FBBD","5136EEC556F9790732AE759EF52F77FE6172329EA55787A80300C4A824107E46","smtp-message-acceptance","138","True","3.649",
"134e0ab3-c4ca-48af-ae1c-f2c091bf9001","MANIFEST_BOUND","hmail-perf-pair-delivery-20260901","A83052CA61D7F3853E97522D3F72DDA595DB61811511435D3030E4E230E8B07E","net10","hmail_perf_pair_net10_20260831_225556","C:\hmail-perf-pair-delivery-20260901\net10\Data","F6B2319F94B2989ACFC29A1A124895A151484996D94A2CC5266C1DDEAA7897AE","PASS","45FA907CE0D3797C1E13EBB2F03F076A25656CCE27E801C18F745ACD3944FBBD","5136EEC556F9790732AE759EF52F77FE6172329EA55787A80300C4A824107E46","smtp-message-acceptance","139","True","5.575",
"134e0ab3-c4ca-48af-ae1c-f2c091bf9001","MANIFEST_BOUND","hmail-perf-pair-delivery-20260901","A83052CA61D7F3853E97522D3F72DDA595DB61811511435D3030E4E230E8B07E","net10","hmail_perf_pair_net10_20260831_225556","C:\hmail-perf-pair-delivery-20260901\net10\Data","F6B2319F94B2989ACFC29A1A124895A151484996D94A2CC5266C1DDEAA7897AE","PASS","45FA907CE0D3797C1E13EBB2F03F076A25656CCE27E801C18F745ACD3944FBBD","5136EEC556F9790732AE759EF52F77FE6172329EA55787A80300C4A824107E46","smtp-message-acceptance","140","True","3.957",
"134e0ab3-c4ca-48af-ae1c-f2c091bf9001","MANIFEST_BOUND","hmail-perf-pair-delivery-20260901","A83052CA61D7F3853E97522D3F72DDA595DB61811511435D3030E4E230E8B07E","net10","hmail_perf_pair_net10_20260831_225556","C:\hmail-perf-pair-delivery-20260901\net10\Data","F6B2319F94B2989ACFC29A1A124895A151484996D94A2CC5266C1DDEAA7897AE","PASS","45FA907CE0D3797C1E13EBB2F03F076A25656CCE27E801C18F745ACD3944FBBD","5136EEC556F9790732AE759EF52F77FE6172329EA55787A80300C4A824107E46","smtp-message-acceptance","141","True","3.75",
"134e0ab3-c4ca-48af-ae1c-f2c091bf9001","MANIFEST_BOUND","hmail-perf-pair-delivery-20260901","A83052CA61D7F3853E97522D3F72DDA595DB61811511435D3030E4E230E8B07E","net10","hmail_perf_pair_net10_20260831_225556","C:\hmail-perf-pair-delivery-20260901\net10\Data","F6B2319F94B2989ACFC29A1A124895A151484996D94A2CC5266C1DDEAA7897AE","PASS","45FA907CE0D3797C1E13EBB2F03F076A25656CCE27E801C18F745ACD3944FBBD","5136EEC556F9790732AE759EF52F77FE6172329EA55787A80300C4A824107E46","smtp-message-acceptance","142","True","3.691",
"134e0ab3-c4ca-48af-ae1c-f2c091bf9001","MANIFEST_BOUND","hmail-perf-pair-delivery-20260901","A83052CA61D7F3853E97522D3F72DDA595DB61811511435D3030E4E230E8B07E","net10","hmail_perf_pair_net10_20260831_225556","C:\hmail-perf-pair-delivery-20260901\net10\Data","F6B2319F94B2989ACFC29A1A124895A151484996D94A2CC5266C1DDEAA7897AE","PASS","45FA907CE0D3797C1E13EBB2F03F076A25656CCE27E801C18F745ACD3944FBBD","5136EEC556F9790732AE759EF52F77FE6172329EA55787A80300C4A824107E46","smtp-message-acceptance","143","True","3.941",
"134e0ab3-c4ca-48af-ae1c-f2c091bf9001","MANIFEST_BOUND","hmail-perf-pair-delivery-20260901","A83052CA61D7F3853E97522D3F72DDA595DB61811511435D3030E4E230E8B07E","net10","hmail_perf_pair_net10_20260831_225556","C:\hmail-perf-pair-delivery-20260901\net10\Data","F6B2319F94B2989ACFC29A1A124895A151484996D94A2CC5266C1DDEAA7897AE","PASS","45FA907CE0D3797C1E13EBB2F03F076A25656CCE27E801C18F745ACD3944FBBD","5136EEC556F9790732AE759EF52F77FE6172329EA55787A80300C4A824107E46","smtp-message-acceptance","144","True","3.693",
"134e0ab3-c4ca-48af-ae1c-f2c091bf9001","MANIFEST_BOUND","hmail-perf-pair-delivery-20260901","A83052CA61D7F3853E97522D3F72DDA595DB61811511435D3030E4E230E8B07E","net10","hmail_perf_pair_net10_20260831_225556","C:\hmail-perf-pair-delivery-20260901\net10\Data","F6B2319F94B2989ACFC29A1A124895A151484996D94A2CC5266C1DDEAA7897AE","PASS","45FA907CE0D3797C1E13EBB2F03F076A25656CCE27E801C18F745ACD3944FBBD","5136EEC556F9790732AE759EF52F77FE6172329EA55787A80300C4A824107E46","smtp-message-acceptance","145","True","3.812",
"134e0ab3-c4ca-48af-ae1c-f2c091bf9001","MANIFEST_BOUND","hmail-perf-pair-delivery-20260901","A83052CA61D7F3853E97522D3F72DDA595DB61811511435D3030E4E230E8B07E","net10","hmail_perf_pair_net10_20260831_225556","C:\hmail-perf-pair-delivery-20260901\net10\Data","F6B2319F94B2989ACFC29A1A124895A151484996D94A2CC5266C1DDEAA7897AE","PASS","45FA907CE0D3797C1E13EBB2F03F076A25656CCE27E801C18F745ACD3944FBBD","5136EEC556F9790732AE759EF52F77FE6172329EA55787A80300C4A824107E46","smtp-message-acceptance","146","True","3.608",
"134e0ab3-c4ca-48af-ae1c-f2c091bf9001","MANIFEST_BOUND","hmail-perf-pair-delivery-20260901","A83052CA61D7F3853E97522D3F72DDA595DB61811511435D3030E4E230E8B07E","net10","hmail_perf_pair_net10_20260831_225556","C:\hmail-perf-pair-delivery-20260901\net10\Data","F6B2319F94B2989ACFC29A1A124895A151484996D94A2CC5266C1DDEAA7897AE","PASS","45FA907CE0D3797C1E13EBB2F03F076A25656CCE27E801C18F745ACD3944FBBD","5136EEC556F9790732AE759EF52F77FE6172329EA55787A80300C4A824107E46","smtp-message-acceptance","147","True","3.612",
"134e0ab3-c4ca-48af-ae1c-f2c091bf9001","MANIFEST_BOUND","hmail-perf-pair-delivery-20260901","A83052CA61D7F3853E97522D3F72DDA595DB61811511435D3030E4E230E8B07E","net10","hmail_perf_pair_net10_20260831_225556","C:\hmail-perf-pair-delivery-20260901\net10\Data","F6B2319F94B2989ACFC29A1A124895A151484996D94A2CC5266C1DDEAA7897AE","PASS","45FA907CE0D3797C1E13EBB2F03F076A25656CCE27E801C18F745ACD3944FBBD","5136EEC556F9790732AE759EF52F77FE6172329EA55787A80300C4A824107E46","smtp-message-acceptance","148","True","3.95",
"134e0ab3-c4ca-48af-ae1c-f2c091bf9001","MANIFEST_BOUND","hmail-perf-pair-delivery-20260901","A83052CA61D7F3853E97522D3F72DDA595DB61811511435D3030E4E230E8B07E","net10","hmail_perf_pair_net10_20260831_225556","C:\hmail-perf-pair-delivery-20260901\net10\Data","F6B2319F94B2989ACFC29A1A124895A151484996D94A2CC5266C1DDEAA7897AE","PASS","45FA907CE0D3797C1E13EBB2F03F076A25656CCE27E801C18F745ACD3944FBBD","5136EEC556F9790732AE759EF52F77FE6172329EA55787A80300C4A824107E46","smtp-message-acceptance","149","True","3.933",
"134e0ab3-c4ca-48af-ae1c-f2c091bf9001","MANIFEST_BOUND","hmail-perf-pair-delivery-20260901","A83052CA61D7F3853E97522D3F72DDA595DB61811511435D3030E4E230E8B07E","net10","hmail_perf_pair_net10_20260831_225556","C:\hmail-perf-pair-delivery-20260901\net10\Data","F6B2319F94B2989ACFC29A1A124895A151484996D94A2CC5266C1DDEAA7897AE","PASS","45FA907CE0D3797C1E13EBB2F03F076A25656CCE27E801C18F745ACD3944FBBD","5136EEC556F9790732AE759EF52F77FE6172329EA55787A80300C4A824107E46","smtp-message-acceptance","150","True","3.968",
"134e0ab3-c4ca-48af-ae1c-f2c091bf9001","MANIFEST_BOUND","hmail-perf-pair-delivery-20260901","A83052CA61D7F3853E97522D3F72DDA595DB61811511435D3030E4E230E8B07E","net10","hmail_perf_pair_net10_20260831_225556","C:\hmail-perf-pair-delivery-20260901\net10\Data","F6B2319F94B2989ACFC29A1A124895A151484996D94A2CC5266C1DDEAA7897AE","PASS","45FA907CE0D3797C1E13EBB2F03F076A25656CCE27E801C18F745ACD3944FBBD","5136EEC556F9790732AE759EF52F77FE6172329EA55787A80300C4A824107E46","smtp-message-acceptance","151","True","4.02",
"134e0ab3-c4ca-48af-ae1c-f2c091bf9001","MANIFEST_BOUND","hmail-perf-pair-delivery-20260901","A83052CA61D7F3853E97522D3F72DDA595DB61811511435D3030E4E230E8B07E","net10","hmail_perf_pair_net10_20260831_225556","C:\hmail-perf-pair-delivery-20260901\net10\Data","F6B2319F94B2989ACFC29A1A124895A151484996D94A2CC5266C1DDEAA7897AE","PASS","45FA907CE0D3797C1E13EBB2F03F076A25656CCE27E801C18F745ACD3944FBBD","5136EEC556F9790732AE759EF52F77FE6172329EA55787A80300C4A824107E46","smtp-message-acceptance","152","True","3.664",
"134e0ab3-c4ca-48af-ae1c-f2c091bf9001","MANIFEST_BOUND","hmail-perf-pair-delivery-20260901","A83052CA61D7F3853E97522D3F72DDA595DB61811511435D3030E4E230E8B07E","net10","hmail_perf_pair_net10_20260831_225556","C:\hmail-perf-pair-delivery-20260901\net10\Data","F6B2319F94B2989ACFC29A1A124895A151484996D94A2CC5266C1DDEAA7897AE","PASS","45FA907CE0D3797C1E13EBB2F03F076A25656CCE27E801C18F745ACD3944FBBD","5136EEC556F9790732AE759EF52F77FE6172329EA55787A80300C4A824107E46","smtp-message-acceptance","153","True","3.604",
"134e0ab3-c4ca-48af-ae1c-f2c091bf9001","MANIFEST_BOUND","hmail-perf-pair-delivery-20260901","A83052CA61D7F3853E97522D3F72DDA595DB61811511435D3030E4E230E8B07E","net10","hmail_perf_pair_net10_20260831_225556","C:\hmail-perf-pair-delivery-20260901\net10\Data","F6B2319F94B2989ACFC29A1A124895A151484996D94A2CC5266C1DDEAA7897AE","PASS","45FA907CE0D3797C1E13EBB2F03F076A25656CCE27E801C18F745ACD3944FBBD","5136EEC556F9790732AE759EF52F77FE6172329EA55787A80300C4A824107E46","smtp-message-acceptance","154","True","3.735",
"134e0ab3-c4ca-48af-ae1c-f2c091bf9001","MANIFEST_BOUND","hmail-perf-pair-delivery-20260901","A83052CA61D7F3853E97522D3F72DDA595DB61811511435D3030E4E230E8B07E","net10","hmail_perf_pair_net10_20260831_225556","C:\hmail-perf-pair-delivery-20260901\net10\Data","F6B2319F94B2989ACFC29A1A124895A151484996D94A2CC5266C1DDEAA7897AE","PASS","45FA907CE0D3797C1E13EBB2F03F076A25656CCE27E801C18F745ACD3944FBBD","5136EEC556F9790732AE759EF52F77FE6172329EA55787A80300C4A824107E46","smtp-message-acceptance","155","True","4.304",
"134e0ab3-c4ca-48af-ae1c-f2c091bf9001","MANIFEST_BOUND","hmail-perf-pair-delivery-20260901","A83052CA61D7F3853E97522D3F72DDA595DB61811511435D3030E4E230E8B07E","net10","hmail_perf_pair_net10_20260831_225556","C:\hmail-perf-pair-delivery-20260901\net10\Data","F6B2319F94B2989ACFC29A1A124895A151484996D94A2CC5266C1DDEAA7897AE","PASS","45FA907CE0D3797C1E13EBB2F03F076A25656CCE27E801C18F745ACD3944FBBD","5136EEC556F9790732AE759EF52F77FE6172329EA55787A80300C4A824107E46","smtp-message-acceptance","156","True","4.087",
"134e0ab3-c4ca-48af-ae1c-f2c091bf9001","MANIFEST_BOUND","hmail-perf-pair-delivery-20260901","A83052CA61D7F3853E97522D3F72DDA595DB61811511435D3030E4E230E8B07E","net10","hmail_perf_pair_net10_20260831_225556","C:\hmail-perf-pair-delivery-20260901\net10\Data","F6B2319F94B2989ACFC29A1A124895A151484996D94A2CC5266C1DDEAA7897AE","PASS","45FA907CE0D3797C1E13EBB2F03F076A25656CCE27E801C18F745ACD3944FBBD","5136EEC556F9790732AE759EF52F77FE6172329EA55787A80300C4A824107E46","smtp-message-acceptance","157","True","3.609",
"134e0ab3-c4ca-48af-ae1c-f2c091bf9001","MANIFEST_BOUND","hmail-perf-pair-delivery-20260901","A83052CA61D7F3853E97522D3F72DDA595DB61811511435D3030E4E230E8B07E","net10","hmail_perf_pair_net10_20260831_225556","C:\hmail-perf-pair-delivery-20260901\net10\Data","F6B2319F94B2989ACFC29A1A124895A151484996D94A2CC5266C1DDEAA7897AE","PASS","45FA907CE0D3797C1E13EBB2F03F076A25656CCE27E801C18F745ACD3944FBBD","5136EEC556F9790732AE759EF52F77FE6172329EA55787A80300C4A824107E46","smtp-message-acceptance","158","True","3.863",
"134e0ab3-c4ca-48af-ae1c-f2c091bf9001","MANIFEST_BOUND","hmail-perf-pair-delivery-20260901","A83052CA61D7F3853E97522D3F72DDA595DB61811511435D3030E4E230E8B07E","net10","hmail_perf_pair_net10_20260831_225556","C:\hmail-perf-pair-delivery-20260901\net10\Data","F6B2319F94B2989ACFC29A1A124895A151484996D94A2CC5266C1DDEAA7897AE","PASS","45FA907CE0D3797C1E13EBB2F03F076A25656CCE27E801C18F745ACD3944FBBD","5136EEC556F9790732AE759EF52F77FE6172329EA55787A80300C4A824107E46","smtp-message-acceptance","159","True","3.654",
"134e0ab3-c4ca-48af-ae1c-f2c091bf9001","MANIFEST_BOUND","hmail-perf-pair-delivery-20260901","A83052CA61D7F3853E97522D3F72DDA595DB61811511435D3030E4E230E8B07E","net10","hmail_perf_pair_net10_20260831_225556","C:\hmail-perf-pair-delivery-20260901\net10\Data","F6B2319F94B2989ACFC29A1A124895A151484996D94A2CC5266C1DDEAA7897AE","PASS","45FA907CE0D3797C1E13EBB2F03F076A25656CCE27E801C18F745ACD3944FBBD","5136EEC556F9790732AE759EF52F77FE6172329EA55787A80300C4A824107E46","smtp-message-acceptance","160","True","3.777",
"134e0ab3-c4ca-48af-ae1c-f2c091bf9001","MANIFEST_BOUND","hmail-perf-pair-delivery-20260901","A83052CA61D7F3853E97522D3F72DDA595DB61811511435D3030E4E230E8B07E","net10","hmail_perf_pair_net10_20260831_225556","C:\hmail-perf-pair-delivery-20260901\net10\Data","F6B2319F94B2989ACFC29A1A124895A151484996D94A2CC5266C1DDEAA7897AE","PASS","45FA907CE0D3797C1E13EBB2F03F076A25656CCE27E801C18F745ACD3944FBBD","5136EEC556F9790732AE759EF52F77FE6172329EA55787A80300C4A824107E46","smtp-message-acceptance","161","True","3.844",
"134e0ab3-c4ca-48af-ae1c-f2c091bf9001","MANIFEST_BOUND","hmail-perf-pair-delivery-20260901","A83052CA61D7F3853E97522D3F72DDA595DB61811511435D3030E4E230E8B07E","net10","hmail_perf_pair_net10_20260831_225556","C:\hmail-perf-pair-delivery-20260901\net10\Data","F6B2319F94B2989ACFC29A1A124895A151484996D94A2CC5266C1DDEAA7897AE","PASS","45FA907CE0D3797C1E13EBB2F03F076A25656CCE27E801C18F745ACD3944FBBD","5136EEC556F9790732AE759EF52F77FE6172329EA55787A80300C4A824107E46","smtp-message-acceptance","162","True","3.844",
"134e0ab3-c4ca-48af-ae1c-f2c091bf9001","MANIFEST_BOUND","hmail-perf-pair-delivery-20260901","A83052CA61D7F3853E97522D3F72DDA595DB61811511435D3030E4E230E8B07E","net10","hmail_perf_pair_net10_20260831_225556","C:\hmail-perf-pair-delivery-20260901\net10\Data","F6B2319F94B2989ACFC29A1A124895A151484996D94A2CC5266C1DDEAA7897AE","PASS","45FA907CE0D3797C1E13EBB2F03F076A25656CCE27E801C18F745ACD3944FBBD","5136EEC556F9790732AE759EF52F77FE6172329EA55787A80300C4A824107E46","smtp-message-acceptance","163","True","3.759",
"134e0ab3-c4ca-48af-ae1c-f2c091bf9001","MANIFEST_BOUND","hmail-perf-pair-delivery-20260901","A83052CA61D7F3853E97522D3F72DDA595DB61811511435D3030E4E230E8B07E","net10","hmail_perf_pair_net10_20260831_225556","C:\hmail-perf-pair-delivery-20260901\net10\Data","F6B2319F94B2989ACFC29A1A124895A151484996D94A2CC5266C1DDEAA7897AE","PASS","45FA907CE0D3797C1E13EBB2F03F076A25656CCE27E801C18F745ACD3944FBBD","5136EEC556F9790732AE759EF52F77FE6172329EA55787A80300C4A824107E46","smtp-message-acceptance","164","True","3.728",
"134e0ab3-c4ca-48af-ae1c-f2c091bf9001","MANIFEST_BOUND","hmail-perf-pair-delivery-20260901","A83052CA61D7F3853E97522D3F72DDA595DB61811511435D3030E4E230E8B07E","net10","hmail_perf_pair_net10_20260831_225556","C:\hmail-perf-pair-delivery-20260901\net10\Data","F6B2319F94B2989ACFC29A1A124895A151484996D94A2CC5266C1DDEAA7897AE","PASS","45FA907CE0D3797C1E13EBB2F03F076A25656CCE27E801C18F745ACD3944FBBD","5136EEC556F9790732AE759EF52F77FE6172329EA55787A80300C4A824107E46","smtp-message-acceptance","165","True","4.074",
"134e0ab3-c4ca-48af-ae1c-f2c091bf9001","MANIFEST_BOUND","hmail-perf-pair-delivery-20260901","A83052CA61D7F3853E97522D3F72DDA595DB61811511435D3030E4E230E8B07E","net10","hmail_perf_pair_net10_20260831_225556","C:\hmail-perf-pair-delivery-20260901\net10\Data","F6B2319F94B2989ACFC29A1A124895A151484996D94A2CC5266C1DDEAA7897AE","PASS","45FA907CE0D3797C1E13EBB2F03F076A25656CCE27E801C18F745ACD3944FBBD","5136EEC556F9790732AE759EF52F77FE6172329EA55787A80300C4A824107E46","smtp-message-acceptance","166","True","4.308",
"134e0ab3-c4ca-48af-ae1c-f2c091bf9001","MANIFEST_BOUND","hmail-perf-pair-delivery-20260901","A83052CA61D7F3853E97522D3F72DDA595DB61811511435D3030E4E230E8B07E","net10","hmail_perf_pair_net10_20260831_225556","C:\hmail-perf-pair-delivery-20260901\net10\Data","F6B2319F94B2989ACFC29A1A124895A151484996D94A2CC5266C1DDEAA7897AE","PASS","45FA907CE0D3797C1E13EBB2F03F076A25656CCE27E801C18F745ACD3944FBBD","5136EEC556F9790732AE759EF52F77FE6172329EA55787A80300C4A824107E46","smtp-message-acceptance","167","True","4.17",
"134e0ab3-c4ca-48af-ae1c-f2c091bf9001","MANIFEST_BOUND","hmail-perf-pair-delivery-20260901","A83052CA61D7F3853E97522D3F72DDA595DB61811511435D3030E4E230E8B07E","net10","hmail_perf_pair_net10_20260831_225556","C:\hmail-perf-pair-delivery-20260901\net10\Data","F6B2319F94B2989ACFC29A1A124895A151484996D94A2CC5266C1DDEAA7897AE","PASS","45FA907CE0D3797C1E13EBB2F03F076A25656CCE27E801C18F745ACD3944FBBD","5136EEC556F9790732AE759EF52F77FE6172329EA55787A80300C4A824107E46","smtp-message-acceptance","168","True","4.786",
"134e0ab3-c4ca-48af-ae1c-f2c091bf9001","MANIFEST_BOUND","hmail-perf-pair-delivery-20260901","A83052CA61D7F3853E97522D3F72DDA595DB61811511435D3030E4E230E8B07E","net10","hmail_perf_pair_net10_20260831_225556","C:\hmail-perf-pair-delivery-20260901\net10\Data","F6B2319F94B2989ACFC29A1A124895A151484996D94A2CC5266C1DDEAA7897AE","PASS","45FA907CE0D3797C1E13EBB2F03F076A25656CCE27E801C18F745ACD3944FBBD","5136EEC556F9790732AE759EF52F77FE6172329EA55787A80300C4A824107E46","smtp-message-acceptance","169","True","3.501",
"134e0ab3-c4ca-48af-ae1c-f2c091bf9001","MANIFEST_BOUND","hmail-perf-pair-delivery-20260901","A83052CA61D7F3853E97522D3F72DDA595DB61811511435D3030E4E230E8B07E","net10","hmail_perf_pair_net10_20260831_225556","C:\hmail-perf-pair-delivery-20260901\net10\Data","F6B2319F94B2989ACFC29A1A124895A151484996D94A2CC5266C1DDEAA7897AE","PASS","45FA907CE0D3797C1E13EBB2F03F076A25656CCE27E801C18F745ACD3944FBBD","5136EEC556F9790732AE759EF52F77FE6172329EA55787A80300C4A824107E46","smtp-message-acceptance","170","True","4.047",
"134e0ab3-c4ca-48af-ae1c-f2c091bf9001","MANIFEST_BOUND","hmail-perf-pair-delivery-20260901","A83052CA61D7F3853E97522D3F72DDA595DB61811511435D3030E4E230E8B07E","net10","hmail_perf_pair_net10_20260831_225556","C:\hmail-perf-pair-delivery-20260901\net10\Data","F6B2319F94B2989ACFC29A1A124895A151484996D94A2CC5266C1DDEAA7897AE","PASS","45FA907CE0D3797C1E13EBB2F03F076A25656CCE27E801C18F745ACD3944FBBD","5136EEC556F9790732AE759EF52F77FE6172329EA55787A80300C4A824107E46","smtp-message-acceptance","171","True","3.964",
"134e0ab3-c4ca-48af-ae1c-f2c091bf9001","MANIFEST_BOUND","hmail-perf-pair-delivery-20260901","A83052CA61D7F3853E97522D3F72DDA595DB61811511435D3030E4E230E8B07E","net10","hmail_perf_pair_net10_20260831_225556","C:\hmail-perf-pair-delivery-20260901\net10\Data","F6B2319F94B2989ACFC29A1A124895A151484996D94A2CC5266C1DDEAA7897AE","PASS","45FA907CE0D3797C1E13EBB2F03F076A25656CCE27E801C18F745ACD3944FBBD","5136EEC556F9790732AE759EF52F77FE6172329EA55787A80300C4A824107E46","smtp-message-acceptance","172","True","4.203",
"134e0ab3-c4ca-48af-ae1c-f2c091bf9001","MANIFEST_BOUND","hmail-perf-pair-delivery-20260901","A83052CA61D7F3853E97522D3F72DDA595DB61811511435D3030E4E230E8B07E","net10","hmail_perf_pair_net10_20260831_225556","C:\hmail-perf-pair-delivery-20260901\net10\Data","F6B2319F94B2989ACFC29A1A124895A151484996D94A2CC5266C1DDEAA7897AE","PASS","45FA907CE0D3797C1E13EBB2F03F076A25656CCE27E801C18F745ACD3944FBBD","5136EEC556F9790732AE759EF52F77FE6172329EA55787A80300C4A824107E46","smtp-message-acceptance","173","True","3.648",
"134e0ab3-c4ca-48af-ae1c-f2c091bf9001","MANIFEST_BOUND","hmail-perf-pair-delivery-20260901","A83052CA61D7F3853E97522D3F72DDA595DB61811511435D3030E4E230E8B07E","net10","hmail_perf_pair_net10_20260831_225556","C:\hmail-perf-pair-delivery-20260901\net10\Data","F6B2319F94B2989ACFC29A1A124895A151484996D94A2CC5266C1DDEAA7897AE","PASS","45FA907CE0D3797C1E13EBB2F03F076A25656CCE27E801C18F745ACD3944FBBD","5136EEC556F9790732AE759EF52F77FE6172329EA55787A80300C4A824107E46","smtp-message-acceptance","174","True","3.784",
"134e0ab3-c4ca-48af-ae1c-f2c091bf9001","MANIFEST_BOUND","hmail-perf-pair-delivery-20260901","A83052CA61D7F3853E97522D3F72DDA595DB61811511435D3030E4E230E8B07E","net10","hmail_perf_pair_net10_20260831_225556","C:\hmail-perf-pair-delivery-20260901\net10\Data","F6B2319F94B2989ACFC29A1A124895A151484996D94A2CC5266C1DDEAA7897AE","PASS","45FA907CE0D3797C1E13EBB2F03F076A25656CCE27E801C18F745ACD3944FBBD","5136EEC556F9790732AE759EF52F77FE6172329EA55787A80300C4A824107E46","smtp-message-acceptance","175","True","3.892",
"134e0ab3-c4ca-48af-ae1c-f2c091bf9001","MANIFEST_BOUND","hmail-perf-pair-delivery-20260901","A83052CA61D7F3853E97522D3F72DDA595DB61811511435D3030E4E230E8B07E","net10","hmail_perf_pair_net10_20260831_225556","C:\hmail-perf-pair-delivery-20260901\net10\Data","F6B2319F94B2989ACFC29A1A124895A151484996D94A2CC5266C1DDEAA7897AE","PASS","45FA907CE0D3797C1E13EBB2F03F076A25656CCE27E801C18F745ACD3944FBBD","5136EEC556F9790732AE759EF52F77FE6172329EA55787A80300C4A824107E46","smtp-message-acceptance","176","True","4.406",
"134e0ab3-c4ca-48af-ae1c-f2c091bf9001","MANIFEST_BOUND","hmail-perf-pair-delivery-20260901","A83052CA61D7F3853E97522D3F72DDA595DB61811511435D3030E4E230E8B07E","net10","hmail_perf_pair_net10_20260831_225556","C:\hmail-perf-pair-delivery-20260901\net10\Data","F6B2319F94B2989ACFC29A1A124895A151484996D94A2CC5266C1DDEAA7897AE","PASS","45FA907CE0D3797C1E13EBB2F03F076A25656CCE27E801C18F745ACD3944FBBD","5136EEC556F9790732AE759EF52F77FE6172329EA55787A80300C4A824107E46","smtp-message-acceptance","177","True","4.058",
"134e0ab3-c4ca-48af-ae1c-f2c091bf9001","MANIFEST_BOUND","hmail-perf-pair-delivery-20260901","A83052CA61D7F3853E97522D3F72DDA595DB61811511435D3030E4E230E8B07E","net10","hmail_perf_pair_net10_20260831_225556","C:\hmail-perf-pair-delivery-20260901\net10\Data","F6B2319F94B2989ACFC29A1A124895A151484996D94A2CC5266C1DDEAA7897AE","PASS","45FA907CE0D3797C1E13EBB2F03F076A25656CCE27E801C18F745ACD3944FBBD","5136EEC556F9790732AE759EF52F77FE6172329EA55787A80300C4A824107E46","smtp-message-acceptance","178","True","4.064",
"134e0ab3-c4ca-48af-ae1c-f2c091bf9001","MANIFEST_BOUND","hmail-perf-pair-delivery-20260901","A83052CA61D7F3853E97522D3F72DDA595DB61811511435D3030E4E230E8B07E","net10","hmail_perf_pair_net10_20260831_225556","C:\hmail-perf-pair-delivery-20260901\net10\Data","F6B2319F94B2989ACFC29A1A124895A151484996D94A2CC5266C1DDEAA7897AE","PASS","45FA907CE0D3797C1E13EBB2F03F076A25656CCE27E801C18F745ACD3944FBBD","5136EEC556F9790732AE759EF52F77FE6172329EA55787A80300C4A824107E46","smtp-message-acceptance","179","True","3.586",
"134e0ab3-c4ca-48af-ae1c-f2c091bf9001","MANIFEST_BOUND","hmail-perf-pair-delivery-20260901","A83052CA61D7F3853E97522D3F72DDA595DB61811511435D3030E4E230E8B07E","net10","hmail_perf_pair_net10_20260831_225556","C:\hmail-perf-pair-delivery-20260901\net10\Data","F6B2319F94B2989ACFC29A1A124895A151484996D94A2CC5266C1DDEAA7897AE","PASS","45FA907CE0D3797C1E13EBB2F03F076A25656CCE27E801C18F745ACD3944FBBD","5136EEC556F9790732AE759EF52F77FE6172329EA55787A80300C4A824107E46","smtp-message-acceptance","180","True","3.536",
"134e0ab3-c4ca-48af-ae1c-f2c091bf9001","MANIFEST_BOUND","hmail-perf-pair-delivery-20260901","A83052CA61D7F3853E97522D3F72DDA595DB61811511435D3030E4E230E8B07E","net10","hmail_perf_pair_net10_20260831_225556","C:\hmail-perf-pair-delivery-20260901\net10\Data","F6B2319F94B2989ACFC29A1A124895A151484996D94A2CC5266C1DDEAA7897AE","PASS","45FA907CE0D3797C1E13EBB2F03F076A25656CCE27E801C18F745ACD3944FBBD","5136EEC556F9790732AE759EF52F77FE6172329EA55787A80300C4A824107E46","smtp-message-acceptance","181","True","3.548",
"134e0ab3-c4ca-48af-ae1c-f2c091bf9001","MANIFEST_BOUND","hmail-perf-pair-delivery-20260901","A83052CA61D7F3853E97522D3F72DDA595DB61811511435D3030E4E230E8B07E","net10","hmail_perf_pair_net10_20260831_225556","C:\hmail-perf-pair-delivery-20260901\net10\Data","F6B2319F94B2989ACFC29A1A124895A151484996D94A2CC5266C1DDEAA7897AE","PASS","45FA907CE0D3797C1E13EBB2F03F076A25656CCE27E801C18F745ACD3944FBBD","5136EEC556F9790732AE759EF52F77FE6172329EA55787A80300C4A824107E46","smtp-message-acceptance","182","True","3.713",
"134e0ab3-c4ca-48af-ae1c-f2c091bf9001","MANIFEST_BOUND","hmail-perf-pair-delivery-20260901","A83052CA61D7F3853E97522D3F72DDA595DB61811511435D3030E4E230E8B07E","net10","hmail_perf_pair_net10_20260831_225556","C:\hmail-perf-pair-delivery-20260901\net10\Data","F6B2319F94B2989ACFC29A1A124895A151484996D94A2CC5266C1DDEAA7897AE","PASS","45FA907CE0D3797C1E13EBB2F03F076A25656CCE27E801C18F745ACD3944FBBD","5136EEC556F9790732AE759EF52F77FE6172329EA55787A80300C4A824107E46","smtp-message-acceptance","183","True","3.469",
"134e0ab3-c4ca-48af-ae1c-f2c091bf9001","MANIFEST_BOUND","hmail-perf-pair-delivery-20260901","A83052CA61D7F3853E97522D3F72DDA595DB61811511435D3030E4E230E8B07E","net10","hmail_perf_pair_net10_20260831_225556","C:\hmail-perf-pair-delivery-20260901\net10\Data","F6B2319F94B2989ACFC29A1A124895A151484996D94A2CC5266C1DDEAA7897AE","PASS","45FA907CE0D3797C1E13EBB2F03F076A25656CCE27E801C18F745ACD3944FBBD","5136EEC556F9790732AE759EF52F77FE6172329EA55787A80300C4A824107E46","smtp-message-acceptance","184","True","3.872",
"134e0ab3-c4ca-48af-ae1c-f2c091bf9001","MANIFEST_BOUND","hmail-perf-pair-delivery-20260901","A83052CA61D7F3853E97522D3F72DDA595DB61811511435D3030E4E230E8B07E","net10","hmail_perf_pair_net10_20260831_225556","C:\hmail-perf-pair-delivery-20260901\net10\Data","F6B2319F94B2989ACFC29A1A124895A151484996D94A2CC5266C1DDEAA7897AE","PASS","45FA907CE0D3797C1E13EBB2F03F076A25656CCE27E801C18F745ACD3944FBBD","5136EEC556F9790732AE759EF52F77FE6172329EA55787A80300C4A824107E46","smtp-message-acceptance","185","True","4.075",
"134e0ab3-c4ca-48af-ae1c-f2c091bf9001","MANIFEST_BOUND","hmail-perf-pair-delivery-20260901","A83052CA61D7F3853E97522D3F72DDA595DB61811511435D3030E4E230E8B07E","net10","hmail_perf_pair_net10_20260831_225556","C:\hmail-perf-pair-delivery-20260901\net10\Data","F6B2319F94B2989ACFC29A1A124895A151484996D94A2CC5266C1DDEAA7897AE","PASS","45FA907CE0D3797C1E13EBB2F03F076A25656CCE27E801C18F745ACD3944FBBD","5136EEC556F9790732AE759EF52F77FE6172329EA55787A80300C4A824107E46","smtp-message-acceptance","186","True","3.867",
"134e0ab3-c4ca-48af-ae1c-f2c091bf9001","MANIFEST_BOUND","hmail-perf-pair-delivery-20260901","A83052CA61D7F3853E97522D3F72DDA595DB61811511435D3030E4E230E8B07E","net10","hmail_perf_pair_net10_20260831_225556","C:\hmail-perf-pair-delivery-20260901\net10\Data","F6B2319F94B2989ACFC29A1A124895A151484996D94A2CC5266C1DDEAA7897AE","PASS","45FA907CE0D3797C1E13EBB2F03F076A25656CCE27E801C18F745ACD3944FBBD","5136EEC556F9790732AE759EF52F77FE6172329EA55787A80300C4A824107E46","smtp-message-acceptance","187","True","3.658",
"134e0ab3-c4ca-48af-ae1c-f2c091bf9001","MANIFEST_BOUND","hmail-perf-pair-delivery-20260901","A83052CA61D7F3853E97522D3F72DDA595DB61811511435D3030E4E230E8B07E","net10","hmail_perf_pair_net10_20260831_225556","C:\hmail-perf-pair-delivery-20260901\net10\Data","F6B2319F94B2989ACFC29A1A124895A151484996D94A2CC5266C1DDEAA7897AE","PASS","45FA907CE0D3797C1E13EBB2F03F076A25656CCE27E801C18F745ACD3944FBBD","5136EEC556F9790732AE759EF52F77FE6172329EA55787A80300C4A824107E46","smtp-message-acceptance","188","True","3.775",
"134e0ab3-c4ca-48af-ae1c-f2c091bf9001","MANIFEST_BOUND","hmail-perf-pair-delivery-20260901","A83052CA61D7F3853E97522D3F72DDA595DB61811511435D3030E4E230E8B07E","net10","hmail_perf_pair_net10_20260831_225556","C:\hmail-perf-pair-delivery-20260901\net10\Data","F6B2319F94B2989ACFC29A1A124895A151484996D94A2CC5266C1DDEAA7897AE","PASS","45FA907CE0D3797C1E13EBB2F03F076A25656CCE27E801C18F745ACD3944FBBD","5136EEC556F9790732AE759EF52F77FE6172329EA55787A80300C4A824107E46","smtp-message-acceptance","189","True","3.843",
"134e0ab3-c4ca-48af-ae1c-f2c091bf9001","MANIFEST_BOUND","hmail-perf-pair-delivery-20260901","A83052CA61D7F3853E97522D3F72DDA595DB61811511435D3030E4E230E8B07E","net10","hmail_perf_pair_net10_20260831_225556","C:\hmail-perf-pair-delivery-20260901\net10\Data","F6B2319F94B2989ACFC29A1A124895A151484996D94A2CC5266C1DDEAA7897AE","PASS","45FA907CE0D3797C1E13EBB2F03F076A25656CCE27E801C18F745ACD3944FBBD","5136EEC556F9790732AE759EF52F77FE6172329EA55787A80300C4A824107E46","smtp-message-acceptance","190","True","3.672",
"134e0ab3-c4ca-48af-ae1c-f2c091bf9001","MANIFEST_BOUND","hmail-perf-pair-delivery-20260901","A83052CA61D7F3853E97522D3F72DDA595DB61811511435D3030E4E230E8B07E","net10","hmail_perf_pair_net10_20260831_225556","C:\hmail-perf-pair-delivery-20260901\net10\Data","F6B2319F94B2989ACFC29A1A124895A151484996D94A2CC5266C1DDEAA7897AE","PASS","45FA907CE0D3797C1E13EBB2F03F076A25656CCE27E801C18F745ACD3944FBBD","5136EEC556F9790732AE759EF52F77FE6172329EA55787A80300C4A824107E46","smtp-message-acceptance","191","True","3.972",
"134e0ab3-c4ca-48af-ae1c-f2c091bf9001","MANIFEST_BOUND","hmail-perf-pair-delivery-20260901","A83052CA61D7F3853E97522D3F72DDA595DB61811511435D3030E4E230E8B07E","net10","hmail_perf_pair_net10_20260831_225556","C:\hmail-perf-pair-delivery-20260901\net10\Data","F6B2319F94B2989ACFC29A1A124895A151484996D94A2CC5266C1DDEAA7897AE","PASS","45FA907CE0D3797C1E13EBB2F03F076A25656CCE27E801C18F745ACD3944FBBD","5136EEC556F9790732AE759EF52F77FE6172329EA55787A80300C4A824107E46","smtp-message-acceptance","192","True","3.779",
"134e0ab3-c4ca-48af-ae1c-f2c091bf9001","MANIFEST_BOUND","hmail-perf-pair-delivery-20260901","A83052CA61D7F3853E97522D3F72DDA595DB61811511435D3030E4E230E8B07E","net10","hmail_perf_pair_net10_20260831_225556","C:\hmail-perf-pair-delivery-20260901\net10\Data","F6B2319F94B2989ACFC29A1A124895A151484996D94A2CC5266C1DDEAA7897AE","PASS","45FA907CE0D3797C1E13EBB2F03F076A25656CCE27E801C18F745ACD3944FBBD","5136EEC556F9790732AE759EF52F77FE6172329EA55787A80300C4A824107E46","smtp-message-acceptance","193","True","3.787",
"134e0ab3-c4ca-48af-ae1c-f2c091bf9001","MANIFEST_BOUND","hmail-perf-pair-delivery-20260901","A83052CA61D7F3853E97522D3F72DDA595DB61811511435D3030E4E230E8B07E","net10","hmail_perf_pair_net10_20260831_225556","C:\hmail-perf-pair-delivery-20260901\net10\Data","F6B2319F94B2989ACFC29A1A124895A151484996D94A2CC5266C1DDEAA7897AE","PASS","45FA907CE0D3797C1E13EBB2F03F076A25656CCE27E801C18F745ACD3944FBBD","5136EEC556F9790732AE759EF52F77FE6172329EA55787A80300C4A824107E46","smtp-message-acceptance","194","True","3.71",
"134e0ab3-c4ca-48af-ae1c-f2c091bf9001","MANIFEST_BOUND","hmail-perf-pair-delivery-20260901","A83052CA61D7F3853E97522D3F72DDA595DB61811511435D3030E4E230E8B07E","net10","hmail_perf_pair_net10_20260831_225556","C:\hmail-perf-pair-delivery-20260901\net10\Data","F6B2319F94B2989ACFC29A1A124895A151484996D94A2CC5266C1DDEAA7897AE","PASS","45FA907CE0D3797C1E13EBB2F03F076A25656CCE27E801C18F745ACD3944FBBD","5136EEC556F9790732AE759EF52F77FE6172329EA55787A80300C4A824107E46","smtp-message-acceptance","195","True","6.388",
"134e0ab3-c4ca-48af-ae1c-f2c091bf9001","MANIFEST_BOUND","hmail-perf-pair-delivery-20260901","A83052CA61D7F3853E97522D3F72DDA595DB61811511435D3030E4E230E8B07E","net10","hmail_perf_pair_net10_20260831_225556","C:\hmail-perf-pair-delivery-20260901\net10\Data","F6B2319F94B2989ACFC29A1A124895A151484996D94A2CC5266C1DDEAA7897AE","PASS","45FA907CE0D3797C1E13EBB2F03F076A25656CCE27E801C18F745ACD3944FBBD","5136EEC556F9790732AE759EF52F77FE6172329EA55787A80300C4A824107E46","smtp-message-acceptance","196","True","3.857",
"134e0ab3-c4ca-48af-ae1c-f2c091bf9001","MANIFEST_BOUND","hmail-perf-pair-delivery-20260901","A83052CA61D7F3853E97522D3F72DDA595DB61811511435D3030E4E230E8B07E","net10","hmail_perf_pair_net10_20260831_225556","C:\hmail-perf-pair-delivery-20260901\net10\Data","F6B2319F94B2989ACFC29A1A124895A151484996D94A2CC5266C1DDEAA7897AE","PASS","45FA907CE0D3797C1E13EBB2F03F076A25656CCE27E801C18F745ACD3944FBBD","5136EEC556F9790732AE759EF52F77FE6172329EA55787A80300C4A824107E46","smtp-message-acceptance","197","True","4.896",
"134e0ab3-c4ca-48af-ae1c-f2c091bf9001","MANIFEST_BOUND","hmail-perf-pair-delivery-20260901","A83052CA61D7F3853E97522D3F72DDA595DB61811511435D3030E4E230E8B07E","net10","hmail_perf_pair_net10_20260831_225556","C:\hmail-perf-pair-delivery-20260901\net10\Data","F6B2319F94B2989ACFC29A1A124895A151484996D94A2CC5266C1DDEAA7897AE","PASS","45FA907CE0D3797C1E13EBB2F03F076A25656CCE27E801C18F745ACD3944FBBD","5136EEC556F9790732AE759EF52F77FE6172329EA55787A80300C4A824107E46","smtp-message-acceptance","198","True","3.636",
"134e0ab3-c4ca-48af-ae1c-f2c091bf9001","MANIFEST_BOUND","hmail-perf-pair-delivery-20260901","A83052CA61D7F3853E97522D3F72DDA595DB61811511435D3030E4E230E8B07E","net10","hmail_perf_pair_net10_20260831_225556","C:\hmail-perf-pair-delivery-20260901\net10\Data","F6B2319F94B2989ACFC29A1A124895A151484996D94A2CC5266C1DDEAA7897AE","PASS","45FA907CE0D3797C1E13EBB2F03F076A25656CCE27E801C18F745ACD3944FBBD","5136EEC556F9790732AE759EF52F77FE6172329EA55787A80300C4A824107E46","smtp-message-acceptance","199","True","3.76",
"134e0ab3-c4ca-48af-ae1c-f2c091bf9001","MANIFEST_BOUND","hmail-perf-pair-delivery-20260901","A83052CA61D7F3853E97522D3F72DDA595DB61811511435D3030E4E230E8B07E","net10","hmail_perf_pair_net10_20260831_225556","C:\hmail-perf-pair-delivery-20260901\net10\Data","F6B2319F94B2989ACFC29A1A124895A151484996D94A2CC5266C1DDEAA7897AE","PASS","45FA907CE0D3797C1E13EBB2F03F076A25656CCE27E801C18F745ACD3944FBBD","5136EEC556F9790732AE759EF52F77FE6172329EA55787A80300C4A824107E46","smtp-message-acceptance","200","True","3.994",
"134e0ab3-c4ca-48af-ae1c-f2c091bf9001","MANIFEST_BOUND","hmail-perf-pair-delivery-20260901","A83052CA61D7F3853E97522D3F72DDA595DB61811511435D3030E4E230E8B07E","net10","hmail_perf_pair_net10_20260831_225556","C:\hmail-perf-pair-delivery-20260901\net10\Data","F6B2319F94B2989ACFC29A1A124895A151484996D94A2CC5266C1DDEAA7897AE","PASS","45FA907CE0D3797C1E13EBB2F03F076A25656CCE27E801C18F745ACD3944FBBD","5136EEC556F9790732AE759EF52F77FE6172329EA55787A80300C4A824107E46","smtp-message-acceptance","201","True","4.101",
"134e0ab3-c4ca-48af-ae1c-f2c091bf9001","MANIFEST_BOUND","hmail-perf-pair-delivery-20260901","A83052CA61D7F3853E97522D3F72DDA595DB61811511435D3030E4E230E8B07E","net10","hmail_perf_pair_net10_20260831_225556","C:\hmail-perf-pair-delivery-20260901\net10\Data","F6B2319F94B2989ACFC29A1A124895A151484996D94A2CC5266C1DDEAA7897AE","PASS","45FA907CE0D3797C1E13EBB2F03F076A25656CCE27E801C18F745ACD3944FBBD","5136EEC556F9790732AE759EF52F77FE6172329EA55787A80300C4A824107E46","smtp-message-acceptance","202","True","3.735",
"134e0ab3-c4ca-48af-ae1c-f2c091bf9001","MANIFEST_BOUND","hmail-perf-pair-delivery-20260901","A83052CA61D7F3853E97522D3F72DDA595DB61811511435D3030E4E230E8B07E","net10","hmail_perf_pair_net10_20260831_225556","C:\hmail-perf-pair-delivery-20260901\net10\Data","F6B2319F94B2989ACFC29A1A124895A151484996D94A2CC5266C1DDEAA7897AE","PASS","45FA907CE0D3797C1E13EBB2F03F076A25656CCE27E801C18F745ACD3944FBBD","5136EEC556F9790732AE759EF52F77FE6172329EA55787A80300C4A824107E46","smtp-message-acceptance","203","True","3.558",
"134e0ab3-c4ca-48af-ae1c-f2c091bf9001","MANIFEST_BOUND","hmail-perf-pair-delivery-20260901","A83052CA61D7F3853E97522D3F72DDA595DB61811511435D3030E4E230E8B07E","net10","hmail_perf_pair_net10_20260831_225556","C:\hmail-perf-pair-delivery-20260901\net10\Data","F6B2319F94B2989ACFC29A1A124895A151484996D94A2CC5266C1DDEAA7897AE","PASS","45FA907CE0D3797C1E13EBB2F03F076A25656CCE27E801C18F745ACD3944FBBD","5136EEC556F9790732AE759EF52F77FE6172329EA55787A80300C4A824107E46","smtp-message-acceptance","204","True","3.822",
"134e0ab3-c4ca-48af-ae1c-f2c091bf9001","MANIFEST_BOUND","hmail-perf-pair-delivery-20260901","A83052CA61D7F3853E97522D3F72DDA595DB61811511435D3030E4E230E8B07E","net10","hmail_perf_pair_net10_20260831_225556","C:\hmail-perf-pair-delivery-20260901\net10\Data","F6B2319F94B2989ACFC29A1A124895A151484996D94A2CC5266C1DDEAA7897AE","PASS","45FA907CE0D3797C1E13EBB2F03F076A25656CCE27E801C18F745ACD3944FBBD","5136EEC556F9790732AE759EF52F77FE6172329EA55787A80300C4A824107E46","smtp-message-acceptance","205","True","3.612",
"134e0ab3-c4ca-48af-ae1c-f2c091bf9001","MANIFEST_BOUND","hmail-perf-pair-delivery-20260901","A83052CA61D7F3853E97522D3F72DDA595DB61811511435D3030E4E230E8B07E","net10","hmail_perf_pair_net10_20260831_225556","C:\hmail-perf-pair-delivery-20260901\net10\Data","F6B2319F94B2989ACFC29A1A124895A151484996D94A2CC5266C1DDEAA7897AE","PASS","45FA907CE0D3797C1E13EBB2F03F076A25656CCE27E801C18F745ACD3944FBBD","5136EEC556F9790732AE759EF52F77FE6172329EA55787A80300C4A824107E46","smtp-message-acceptance","206","True","3.612",
"134e0ab3-c4ca-48af-ae1c-f2c091bf9001","MANIFEST_BOUND","hmail-perf-pair-delivery-20260901","A83052CA61D7F3853E97522D3F72DDA595DB61811511435D3030E4E230E8B07E","net10","hmail_perf_pair_net10_20260831_225556","C:\hmail-perf-pair-delivery-20260901\net10\Data","F6B2319F94B2989ACFC29A1A124895A151484996D94A2CC5266C1DDEAA7897AE","PASS","45FA907CE0D3797C1E13EBB2F03F076A25656CCE27E801C18F745ACD3944FBBD","5136EEC556F9790732AE759EF52F77FE6172329EA55787A80300C4A824107E46","smtp-message-acceptance","207","True","3.765",
"134e0ab3-c4ca-48af-ae1c-f2c091bf9001","MANIFEST_BOUND","hmail-perf-pair-delivery-20260901","A83052CA61D7F3853E97522D3F72DDA595DB61811511435D3030E4E230E8B07E","net10","hmail_perf_pair_net10_20260831_225556","C:\hmail-perf-pair-delivery-20260901\net10\Data","F6B2319F94B2989ACFC29A1A124895A151484996D94A2CC5266C1DDEAA7897AE","PASS","45FA907CE0D3797C1E13EBB2F03F076A25656CCE27E801C18F745ACD3944FBBD","5136EEC556F9790732AE759EF52F77FE6172329EA55787A80300C4A824107E46","smtp-message-acceptance","208","True","3.734",
"134e0ab3-c4ca-48af-ae1c-f2c091bf9001","MANIFEST_BOUND","hmail-perf-pair-delivery-20260901","A83052CA61D7F3853E97522D3F72DDA595DB61811511435D3030E4E230E8B07E","net10","hmail_perf_pair_net10_20260831_225556","C:\hmail-perf-pair-delivery-20260901\net10\Data","F6B2319F94B2989ACFC29A1A124895A151484996D94A2CC5266C1DDEAA7897AE","PASS","45FA907CE0D3797C1E13EBB2F03F076A25656CCE27E801C18F745ACD3944FBBD","5136EEC556F9790732AE759EF52F77FE6172329EA55787A80300C4A824107E46","smtp-message-acceptance","209","True","4.095",
"134e0ab3-c4ca-48af-ae1c-f2c091bf9001","MANIFEST_BOUND","hmail-perf-pair-delivery-20260901","A83052CA61D7F3853E97522D3F72DDA595DB61811511435D3030E4E230E8B07E","net10","hmail_perf_pair_net10_20260831_225556","C:\hmail-perf-pair-delivery-20260901\net10\Data","F6B2319F94B2989ACFC29A1A124895A151484996D94A2CC5266C1DDEAA7897AE","PASS","45FA907CE0D3797C1E13EBB2F03F076A25656CCE27E801C18F745ACD3944FBBD","5136EEC556F9790732AE759EF52F77FE6172329EA55787A80300C4A824107E46","smtp-message-acceptance","210","True","4.049",
"134e0ab3-c4ca-48af-ae1c-f2c091bf9001","MANIFEST_BOUND","hmail-perf-pair-delivery-20260901","A83052CA61D7F3853E97522D3F72DDA595DB61811511435D3030E4E230E8B07E","net10","hmail_perf_pair_net10_20260831_225556","C:\hmail-perf-pair-delivery-20260901\net10\Data","F6B2319F94B2989ACFC29A1A124895A151484996D94A2CC5266C1DDEAA7897AE","PASS","45FA907CE0D3797C1E13EBB2F03F076A25656CCE27E801C18F745ACD3944FBBD","5136EEC556F9790732AE759EF52F77FE6172329EA55787A80300C4A824107E46","smtp-message-acceptance","211","True","4.069",
"134e0ab3-c4ca-48af-ae1c-f2c091bf9001","MANIFEST_BOUND","hmail-perf-pair-delivery-20260901","A83052CA61D7F3853E97522D3F72DDA595DB61811511435D3030E4E230E8B07E","net10","hmail_perf_pair_net10_20260831_225556","C:\hmail-perf-pair-delivery-20260901\net10\Data","F6B2319F94B2989ACFC29A1A124895A151484996D94A2CC5266C1DDEAA7897AE","PASS","45FA907CE0D3797C1E13EBB2F03F076A25656CCE27E801C18F745ACD3944FBBD","5136EEC556F9790732AE759EF52F77FE6172329EA55787A80300C4A824107E46","smtp-message-acceptance","212","True","4.05",
"134e0ab3-c4ca-48af-ae1c-f2c091bf9001","MANIFEST_BOUND","hmail-perf-pair-delivery-20260901","A83052CA61D7F3853E97522D3F72DDA595DB61811511435D3030E4E230E8B07E","net10","hmail_perf_pair_net10_20260831_225556","C:\hmail-perf-pair-delivery-20260901\net10\Data","F6B2319F94B2989ACFC29A1A124895A151484996D94A2CC5266C1DDEAA7897AE","PASS","45FA907CE0D3797C1E13EBB2F03F076A25656CCE27E801C18F745ACD3944FBBD","5136EEC556F9790732AE759EF52F77FE6172329EA55787A80300C4A824107E46","smtp-message-acceptance","213","True","4.012",
"134e0ab3-c4ca-48af-ae1c-f2c091bf9001","MANIFEST_BOUND","hmail-perf-pair-delivery-20260901","A83052CA61D7F3853E97522D3F72DDA595DB61811511435D3030E4E230E8B07E","net10","hmail_perf_pair_net10_20260831_225556","C:\hmail-perf-pair-delivery-20260901\net10\Data","F6B2319F94B2989ACFC29A1A124895A151484996D94A2CC5266C1DDEAA7897AE","PASS","45FA907CE0D3797C1E13EBB2F03F076A25656CCE27E801C18F745ACD3944FBBD","5136EEC556F9790732AE759EF52F77FE6172329EA55787A80300C4A824107E46","smtp-message-acceptance","214","True","4.743",
"134e0ab3-c4ca-48af-ae1c-f2c091bf9001","MANIFEST_BOUND","hmail-perf-pair-delivery-20260901","A83052CA61D7F3853E97522D3F72DDA595DB61811511435D3030E4E230E8B07E","net10","hmail_perf_pair_net10_20260831_225556","C:\hmail-perf-pair-delivery-20260901\net10\Data","F6B2319F94B2989ACFC29A1A124895A151484996D94A2CC5266C1DDEAA7897AE","PASS","45FA907CE0D3797C1E13EBB2F03F076A25656CCE27E801C18F745ACD3944FBBD","5136EEC556F9790732AE759EF52F77FE6172329EA55787A80300C4A824107E46","smtp-message-acceptance","215","True","6.92",
"134e0ab3-c4ca-48af-ae1c-f2c091bf9001","MANIFEST_BOUND","hmail-perf-pair-delivery-20260901","A83052CA61D7F3853E97522D3F72DDA595DB61811511435D3030E4E230E8B07E","net10","hmail_perf_pair_net10_20260831_225556","C:\hmail-perf-pair-delivery-20260901\net10\Data","F6B2319F94B2989ACFC29A1A124895A151484996D94A2CC5266C1DDEAA7897AE","PASS","45FA907CE0D3797C1E13EBB2F03F076A25656CCE27E801C18F745ACD3944FBBD","5136EEC556F9790732AE759EF52F77FE6172329EA55787A80300C4A824107E46","smtp-message-acceptance","216","True","4.71",
"134e0ab3-c4ca-48af-ae1c-f2c091bf9001","MANIFEST_BOUND","hmail-perf-pair-delivery-20260901","A83052CA61D7F3853E97522D3F72DDA595DB61811511435D3030E4E230E8B07E","net10","hmail_perf_pair_net10_20260831_225556","C:\hmail-perf-pair-delivery-20260901\net10\Data","F6B2319F94B2989ACFC29A1A124895A151484996D94A2CC5266C1DDEAA7897AE","PASS","45FA907CE0D3797C1E13EBB2F03F076A25656CCE27E801C18F745ACD3944FBBD","5136EEC556F9790732AE759EF52F77FE6172329EA55787A80300C4A824107E46","smtp-message-acceptance","217","True","7.384",
"134e0ab3-c4ca-48af-ae1c-f2c091bf9001","MANIFEST_BOUND","hmail-perf-pair-delivery-20260901","A83052CA61D7F3853E97522D3F72DDA595DB61811511435D3030E4E230E8B07E","net10","hmail_perf_pair_net10_20260831_225556","C:\hmail-perf-pair-delivery-20260901\net10\Data","F6B2319F94B2989ACFC29A1A124895A151484996D94A2CC5266C1DDEAA7897AE","PASS","45FA907CE0D3797C1E13EBB2F03F076A25656CCE27E801C18F745ACD3944FBBD","5136EEC556F9790732AE759EF52F77FE6172329EA55787A80300C4A824107E46","smtp-message-acceptance","218","True","4.384",
"134e0ab3-c4ca-48af-ae1c-f2c091bf9001","MANIFEST_BOUND","hmail-perf-pair-delivery-20260901","A83052CA61D7F3853E97522D3F72DDA595DB61811511435D3030E4E230E8B07E","net10","hmail_perf_pair_net10_20260831_225556","C:\hmail-perf-pair-delivery-20260901\net10\Data","F6B2319F94B2989ACFC29A1A124895A151484996D94A2CC5266C1DDEAA7897AE","PASS","45FA907CE0D3797C1E13EBB2F03F076A25656CCE27E801C18F745ACD3944FBBD","5136EEC556F9790732AE759EF52F77FE6172329EA55787A80300C4A824107E46","smtp-message-acceptance","219","True","4.822",
"134e0ab3-c4ca-48af-ae1c-f2c091bf9001","MANIFEST_BOUND","hmail-perf-pair-delivery-20260901","A83052CA61D7F3853E97522D3F72DDA595DB61811511435D3030E4E230E8B07E","net10","hmail_perf_pair_net10_20260831_225556","C:\hmail-perf-pair-delivery-20260901\net10\Data","F6B2319F94B2989ACFC29A1A124895A151484996D94A2CC5266C1DDEAA7897AE","PASS","45FA907CE0D3797C1E13EBB2F03F076A25656CCE27E801C18F745ACD3944FBBD","5136EEC556F9790732AE759EF52F77FE6172329EA55787A80300C4A824107E46","smtp-message-acceptance","220","True","4.666",
"134e0ab3-c4ca-48af-ae1c-f2c091bf9001","MANIFEST_BOUND","hmail-perf-pair-delivery-20260901","A83052CA61D7F3853E97522D3F72DDA595DB61811511435D3030E4E230E8B07E","net10","hmail_perf_pair_net10_20260831_225556","C:\hmail-perf-pair-delivery-20260901\net10\Data","F6B2319F94B2989ACFC29A1A124895A151484996D94A2CC5266C1DDEAA7897AE","PASS","45FA907CE0D3797C1E13EBB2F03F076A25656CCE27E801C18F745ACD3944FBBD","5136EEC556F9790732AE759EF52F77FE6172329EA55787A80300C4A824107E46","smtp-message-acceptance","221","True","4.466",
"134e0ab3-c4ca-48af-ae1c-f2c091bf9001","MANIFEST_BOUND","hmail-perf-pair-delivery-20260901","A83052CA61D7F3853E97522D3F72DDA595DB61811511435D3030E4E230E8B07E","net10","hmail_perf_pair_net10_20260831_225556","C:\hmail-perf-pair-delivery-20260901\net10\Data","F6B2319F94B2989ACFC29A1A124895A151484996D94A2CC5266C1DDEAA7897AE","PASS","45FA907CE0D3797C1E13EBB2F03F076A25656CCE27E801C18F745ACD3944FBBD","5136EEC556F9790732AE759EF52F77FE6172329EA55787A80300C4A824107E46","smtp-message-acceptance","222","True","4.947",
"134e0ab3-c4ca-48af-ae1c-f2c091bf9001","MANIFEST_BOUND","hmail-perf-pair-delivery-20260901","A83052CA61D7F3853E97522D3F72DDA595DB61811511435D3030E4E230E8B07E","net10","hmail_perf_pair_net10_20260831_225556","C:\hmail-perf-pair-delivery-20260901\net10\Data","F6B2319F94B2989ACFC29A1A124895A151484996D94A2CC5266C1DDEAA7897AE","PASS","45FA907CE0D3797C1E13EBB2F03F076A25656CCE27E801C18F745ACD3944FBBD","5136EEC556F9790732AE759EF52F77FE6172329EA55787A80300C4A824107E46","smtp-message-acceptance","223","True","4.428",
"134e0ab3-c4ca-48af-ae1c-f2c091bf9001","MANIFEST_BOUND","hmail-perf-pair-delivery-20260901","A83052CA61D7F3853E97522D3F72DDA595DB61811511435D3030E4E230E8B07E","net10","hmail_perf_pair_net10_20260831_225556","C:\hmail-perf-pair-delivery-20260901\net10\Data","F6B2319F94B2989ACFC29A1A124895A151484996D94A2CC5266C1DDEAA7897AE","PASS","45FA907CE0D3797C1E13EBB2F03F076A25656CCE27E801C18F745ACD3944FBBD","5136EEC556F9790732AE759EF52F77FE6172329EA55787A80300C4A824107E46","smtp-message-acceptance","224","True","3.987",
"134e0ab3-c4ca-48af-ae1c-f2c091bf9001","MANIFEST_BOUND","hmail-perf-pair-delivery-20260901","A83052CA61D7F3853E97522D3F72DDA595DB61811511435D3030E4E230E8B07E","net10","hmail_perf_pair_net10_20260831_225556","C:\hmail-perf-pair-delivery-20260901\net10\Data","F6B2319F94B2989ACFC29A1A124895A151484996D94A2CC5266C1DDEAA7897AE","PASS","45FA907CE0D3797C1E13EBB2F03F076A25656CCE27E801C18F745ACD3944FBBD","5136EEC556F9790732AE759EF52F77FE6172329EA55787A80300C4A824107E46","smtp-message-acceptance","225","True","4.282",
"134e0ab3-c4ca-48af-ae1c-f2c091bf9001","MANIFEST_BOUND","hmail-perf-pair-delivery-20260901","A83052CA61D7F3853E97522D3F72DDA595DB61811511435D3030E4E230E8B07E","net10","hmail_perf_pair_net10_20260831_225556","C:\hmail-perf-pair-delivery-20260901\net10\Data","F6B2319F94B2989ACFC29A1A124895A151484996D94A2CC5266C1DDEAA7897AE","PASS","45FA907CE0D3797C1E13EBB2F03F076A25656CCE27E801C18F745ACD3944FBBD","5136EEC556F9790732AE759EF52F77FE6172329EA55787A80300C4A824107E46","smtp-message-acceptance","226","True","4.346",
"134e0ab3-c4ca-48af-ae1c-f2c091bf9001","MANIFEST_BOUND","hmail-perf-pair-delivery-20260901","A83052CA61D7F3853E97522D3F72DDA595DB61811511435D3030E4E230E8B07E","net10","hmail_perf_pair_net10_20260831_225556","C:\hmail-perf-pair-delivery-20260901\net10\Data","F6B2319F94B2989ACFC29A1A124895A151484996D94A2CC5266C1DDEAA7897AE","PASS","45FA907CE0D3797C1E13EBB2F03F076A25656CCE27E801C18F745ACD3944FBBD","5136EEC556F9790732AE759EF52F77FE6172329EA55787A80300C4A824107E46","smtp-message-acceptance","227","True","3.696",
"134e0ab3-c4ca-48af-ae1c-f2c091bf9001","MANIFEST_BOUND","hmail-perf-pair-delivery-20260901","A83052CA61D7F3853E97522D3F72DDA595DB61811511435D3030E4E230E8B07E","net10","hmail_perf_pair_net10_20260831_225556","C:\hmail-perf-pair-delivery-20260901\net10\Data","F6B2319F94B2989ACFC29A1A124895A151484996D94A2CC5266C1DDEAA7897AE","PASS","45FA907CE0D3797C1E13EBB2F03F076A25656CCE27E801C18F745ACD3944FBBD","5136EEC556F9790732AE759EF52F77FE6172329EA55787A80300C4A824107E46","smtp-message-acceptance","228","True","3.982",
"134e0ab3-c4ca-48af-ae1c-f2c091bf9001","MANIFEST_BOUND","hmail-perf-pair-delivery-20260901","A83052CA61D7F3853E97522D3F72DDA595DB61811511435D3030E4E230E8B07E","net10","hmail_perf_pair_net10_20260831_225556","C:\hmail-perf-pair-delivery-20260901\net10\Data","F6B2319F94B2989ACFC29A1A124895A151484996D94A2CC5266C1DDEAA7897AE","PASS","45FA907CE0D3797C1E13EBB2F03F076A25656CCE27E801C18F745ACD3944FBBD","5136EEC556F9790732AE759EF52F77FE6172329EA55787A80300C4A824107E46","smtp-message-acceptance","229","True","3.622",
"134e0ab3-c4ca-48af-ae1c-f2c091bf9001","MANIFEST_BOUND","hmail-perf-pair-delivery-20260901","A83052CA61D7F3853E97522D3F72DDA595DB61811511435D3030E4E230E8B07E","net10","hmail_perf_pair_net10_20260831_225556","C:\hmail-perf-pair-delivery-20260901\net10\Data","F6B2319F94B2989ACFC29A1A124895A151484996D94A2CC5266C1DDEAA7897AE","PASS","45FA907CE0D3797C1E13EBB2F03F076A25656CCE27E801C18F745ACD3944FBBD","5136EEC556F9790732AE759EF52F77FE6172329EA55787A80300C4A824107E46","smtp-message-acceptance","230","True","3.648",
"134e0ab3-c4ca-48af-ae1c-f2c091bf9001","MANIFEST_BOUND","hmail-perf-pair-delivery-20260901","A83052CA61D7F3853E97522D3F72DDA595DB61811511435D3030E4E230E8B07E","net10","hmail_perf_pair_net10_20260831_225556","C:\hmail-perf-pair-delivery-20260901\net10\Data","F6B2319F94B2989ACFC29A1A124895A151484996D94A2CC5266C1DDEAA7897AE","PASS","45FA907CE0D3797C1E13EBB2F03F076A25656CCE27E801C18F745ACD3944FBBD","5136EEC556F9790732AE759EF52F77FE6172329EA55787A80300C4A824107E46","smtp-message-acceptance","231","True","4.471",
"134e0ab3-c4ca-48af-ae1c-f2c091bf9001","MANIFEST_BOUND","hmail-perf-pair-delivery-20260901","A83052CA61D7F3853E97522D3F72DDA595DB61811511435D3030E4E230E8B07E","net10","hmail_perf_pair_net10_20260831_225556","C:\hmail-perf-pair-delivery-20260901\net10\Data","F6B2319F94B2989ACFC29A1A124895A151484996D94A2CC5266C1DDEAA7897AE","PASS","45FA907CE0D3797C1E13EBB2F03F076A25656CCE27E801C18F745ACD3944FBBD","5136EEC556F9790732AE759EF52F77FE6172329EA55787A80300C4A824107E46","smtp-message-acceptance","232","True","5.004",
"134e0ab3-c4ca-48af-ae1c-f2c091bf9001","MANIFEST_BOUND","hmail-perf-pair-delivery-20260901","A83052CA61D7F3853E97522D3F72DDA595DB61811511435D3030E4E230E8B07E","net10","hmail_perf_pair_net10_20260831_225556","C:\hmail-perf-pair-delivery-20260901\net10\Data","F6B2319F94B2989ACFC29A1A124895A151484996D94A2CC5266C1DDEAA7897AE","PASS","45FA907CE0D3797C1E13EBB2F03F076A25656CCE27E801C18F745ACD3944FBBD","5136EEC556F9790732AE759EF52F77FE6172329EA55787A80300C4A824107E46","smtp-message-acceptance","233","True","3.806",
"134e0ab3-c4ca-48af-ae1c-f2c091bf9001","MANIFEST_BOUND","hmail-perf-pair-delivery-20260901","A83052CA61D7F3853E97522D3F72DDA595DB61811511435D3030E4E230E8B07E","net10","hmail_perf_pair_net10_20260831_225556","C:\hmail-perf-pair-delivery-20260901\net10\Data","F6B2319F94B2989ACFC29A1A124895A151484996D94A2CC5266C1DDEAA7897AE","PASS","45FA907CE0D3797C1E13EBB2F03F076A25656CCE27E801C18F745ACD3944FBBD","5136EEC556F9790732AE759EF52F77FE6172329EA55787A80300C4A824107E46","smtp-message-acceptance","234","True","3.916",
"134e0ab3-c4ca-48af-ae1c-f2c091bf9001","MANIFEST_BOUND","hmail-perf-pair-delivery-20260901","A83052CA61D7F3853E97522D3F72DDA595DB61811511435D3030E4E230E8B07E","net10","hmail_perf_pair_net10_20260831_225556","C:\hmail-perf-pair-delivery-20260901\net10\Data","F6B2319F94B2989ACFC29A1A124895A151484996D94A2CC5266C1DDEAA7897AE","PASS","45FA907CE0D3797C1E13EBB2F03F076A25656CCE27E801C18F745ACD3944FBBD","5136EEC556F9790732AE759EF52F77FE6172329EA55787A80300C4A824107E46","smtp-message-acceptance","235","True","3.775",
"134e0ab3-c4ca-48af-ae1c-f2c091bf9001","MANIFEST_BOUND","hmail-perf-pair-delivery-20260901","A83052CA61D7F3853E97522D3F72DDA595DB61811511435D3030E4E230E8B07E","net10","hmail_perf_pair_net10_20260831_225556","C:\hmail-perf-pair-delivery-20260901\net10\Data","F6B2319F94B2989ACFC29A1A124895A151484996D94A2CC5266C1DDEAA7897AE","PASS","45FA907CE0D3797C1E13EBB2F03F076A25656CCE27E801C18F745ACD3944FBBD","5136EEC556F9790732AE759EF52F77FE6172329EA55787A80300C4A824107E46","smtp-message-acceptance","236","True","3.654",
"134e0ab3-c4ca-48af-ae1c-f2c091bf9001","MANIFEST_BOUND","hmail-perf-pair-delivery-20260901","A83052CA61D7F3853E97522D3F72DDA595DB61811511435D3030E4E230E8B07E","net10","hmail_perf_pair_net10_20260831_225556","C:\hmail-perf-pair-delivery-20260901\net10\Data","F6B2319F94B2989ACFC29A1A124895A151484996D94A2CC5266C1DDEAA7897AE","PASS","45FA907CE0D3797C1E13EBB2F03F076A25656CCE27E801C18F745ACD3944FBBD","5136EEC556F9790732AE759EF52F77FE6172329EA55787A80300C4A824107E46","smtp-message-acceptance","237","True","4.121",
"134e0ab3-c4ca-48af-ae1c-f2c091bf9001","MANIFEST_BOUND","hmail-perf-pair-delivery-20260901","A83052CA61D7F3853E97522D3F72DDA595DB61811511435D3030E4E230E8B07E","net10","hmail_perf_pair_net10_20260831_225556","C:\hmail-perf-pair-delivery-20260901\net10\Data","F6B2319F94B2989ACFC29A1A124895A151484996D94A2CC5266C1DDEAA7897AE","PASS","45FA907CE0D3797C1E13EBB2F03F076A25656CCE27E801C18F745ACD3944FBBD","5136EEC556F9790732AE759EF52F77FE6172329EA55787A80300C4A824107E46","smtp-message-acceptance","238","True","3.935",
"134e0ab3-c4ca-48af-ae1c-f2c091bf9001","MANIFEST_BOUND","hmail-perf-pair-delivery-20260901","A83052CA61D7F3853E97522D3F72DDA595DB61811511435D3030E4E230E8B07E","net10","hmail_perf_pair_net10_20260831_225556","C:\hmail-perf-pair-delivery-20260901\net10\Data","F6B2319F94B2989ACFC29A1A124895A151484996D94A2CC5266C1DDEAA7897AE","PASS","45FA907CE0D3797C1E13EBB2F03F076A25656CCE27E801C18F745ACD3944FBBD","5136EEC556F9790732AE759EF52F77FE6172329EA55787A80300C4A824107E46","smtp-message-acceptance","239","True","3.846",
"134e0ab3-c4ca-48af-ae1c-f2c091bf9001","MANIFEST_BOUND","hmail-perf-pair-delivery-20260901","A83052CA61D7F3853E97522D3F72DDA595DB61811511435D3030E4E230E8B07E","net10","hmail_perf_pair_net10_20260831_225556","C:\hmail-perf-pair-delivery-20260901\net10\Data","F6B2319F94B2989ACFC29A1A124895A151484996D94A2CC5266C1DDEAA7897AE","PASS","45FA907CE0D3797C1E13EBB2F03F076A25656CCE27E801C18F745ACD3944FBBD","5136EEC556F9790732AE759EF52F77FE6172329EA55787A80300C4A824107E46","smtp-message-acceptance","240","True","3.81",
"134e0ab3-c4ca-48af-ae1c-f2c091bf9001","MANIFEST_BOUND","hmail-perf-pair-delivery-20260901","A83052CA61D7F3853E97522D3F72DDA595DB61811511435D3030E4E230E8B07E","net10","hmail_perf_pair_net10_20260831_225556","C:\hmail-perf-pair-delivery-20260901\net10\Data","F6B2319F94B2989ACFC29A1A124895A151484996D94A2CC5266C1DDEAA7897AE","PASS","45FA907CE0D3797C1E13EBB2F03F076A25656CCE27E801C18F745ACD3944FBBD","5136EEC556F9790732AE759EF52F77FE6172329EA55787A80300C4A824107E46","smtp-message-acceptance","241","True","3.782",
"134e0ab3-c4ca-48af-ae1c-f2c091bf9001","MANIFEST_BOUND","hmail-perf-pair-delivery-20260901","A83052CA61D7F3853E97522D3F72DDA595DB61811511435D3030E4E230E8B07E","net10","hmail_perf_pair_net10_20260831_225556","C:\hmail-perf-pair-delivery-20260901\net10\Data","F6B2319F94B2989ACFC29A1A124895A151484996D94A2CC5266C1DDEAA7897AE","PASS","45FA907CE0D3797C1E13EBB2F03F076A25656CCE27E801C18F745ACD3944FBBD","5136EEC556F9790732AE759EF52F77FE6172329EA55787A80300C4A824107E46","smtp-message-acceptance","242","True","4.501",
"134e0ab3-c4ca-48af-ae1c-f2c091bf9001","MANIFEST_BOUND","hmail-perf-pair-delivery-20260901","A83052CA61D7F3853E97522D3F72DDA595DB61811511435D3030E4E230E8B07E","net10","hmail_perf_pair_net10_20260831_225556","C:\hmail-perf-pair-delivery-20260901\net10\Data","F6B2319F94B2989ACFC29A1A124895A151484996D94A2CC5266C1DDEAA7897AE","PASS","45FA907CE0D3797C1E13EBB2F03F076A25656CCE27E801C18F745ACD3944FBBD","5136EEC556F9790732AE759EF52F77FE6172329EA55787A80300C4A824107E46","smtp-message-acceptance","243","True","3.651",
"134e0ab3-c4ca-48af-ae1c-f2c091bf9001","MANIFEST_BOUND","hmail-perf-pair-delivery-20260901","A83052CA61D7F3853E97522D3F72DDA595DB61811511435D3030E4E230E8B07E","net10","hmail_perf_pair_net10_20260831_225556","C:\hmail-perf-pair-delivery-20260901\net10\Data","F6B2319F94B2989ACFC29A1A124895A151484996D94A2CC5266C1DDEAA7897AE","PASS","45FA907CE0D3797C1E13EBB2F03F076A25656CCE27E801C18F745ACD3944FBBD","5136EEC556F9790732AE759EF52F77FE6172329EA55787A80300C4A824107E46","smtp-message-acceptance","244","True","3.581",
"134e0ab3-c4ca-48af-ae1c-f2c091bf9001","MANIFEST_BOUND","hmail-perf-pair-delivery-20260901","A83052CA61D7F3853E97522D3F72DDA595DB61811511435D3030E4E230E8B07E","net10","hmail_perf_pair_net10_20260831_225556","C:\hmail-perf-pair-delivery-20260901\net10\Data","F6B2319F94B2989ACFC29A1A124895A151484996D94A2CC5266C1DDEAA7897AE","PASS","45FA907CE0D3797C1E13EBB2F03F076A25656CCE27E801C18F745ACD3944FBBD","5136EEC556F9790732AE759EF52F77FE6172329EA55787A80300C4A824107E46","smtp-message-acceptance","245","True","3.69",
"134e0ab3-c4ca-48af-ae1c-f2c091bf9001","MANIFEST_BOUND","hmail-perf-pair-delivery-20260901","A83052CA61D7F3853E97522D3F72DDA595DB61811511435D3030E4E230E8B07E","net10","hmail_perf_pair_net10_20260831_225556","C:\hmail-perf-pair-delivery-20260901\net10\Data","F6B2319F94B2989ACFC29A1A124895A151484996D94A2CC5266C1DDEAA7897AE","PASS","45FA907CE0D3797C1E13EBB2F03F076A25656CCE27E801C18F745ACD3944FBBD","5136EEC556F9790732AE759EF52F77FE6172329EA55787A80300C4A824107E46","smtp-message-acceptance","246","True","3.745",
"134e0ab3-c4ca-48af-ae1c-f2c091bf9001","MANIFEST_BOUND","hmail-perf-pair-delivery-20260901","A83052CA61D7F3853E97522D3F72DDA595DB61811511435D3030E4E230E8B07E","net10","hmail_perf_pair_net10_20260831_225556","C:\hmail-perf-pair-delivery-20260901\net10\Data","F6B2319F94B2989ACFC29A1A124895A151484996D94A2CC5266C1DDEAA7897AE","PASS","45FA907CE0D3797C1E13EBB2F03F076A25656CCE27E801C18F745ACD3944FBBD","5136EEC556F9790732AE759EF52F77FE6172329EA55787A80300C4A824107E46","smtp-message-acceptance","247","True","3.83",
"134e0ab3-c4ca-48af-ae1c-f2c091bf9001","MANIFEST_BOUND","hmail-perf-pair-delivery-20260901","A83052CA61D7F3853E97522D3F72DDA595DB61811511435D3030E4E230E8B07E","net10","hmail_perf_pair_net10_20260831_225556","C:\hmail-perf-pair-delivery-20260901\net10\Data","F6B2319F94B2989ACFC29A1A124895A151484996D94A2CC5266C1DDEAA7897AE","PASS","45FA907CE0D3797C1E13EBB2F03F076A25656CCE27E801C18F745ACD3944FBBD","5136EEC556F9790732AE759EF52F77FE6172329EA55787A80300C4A824107E46","smtp-message-acceptance","248","True","4.62",
"134e0ab3-c4ca-48af-ae1c-f2c091bf9001","MANIFEST_BOUND","hmail-perf-pair-delivery-20260901","A83052CA61D7F3853E97522D3F72DDA595DB61811511435D3030E4E230E8B07E","net10","hmail_perf_pair_net10_20260831_225556","C:\hmail-perf-pair-delivery-20260901\net10\Data","F6B2319F94B2989ACFC29A1A124895A151484996D94A2CC5266C1DDEAA7897AE","PASS","45FA907CE0D3797C1E13EBB2F03F076A25656CCE27E801C18F745ACD3944FBBD","5136EEC556F9790732AE759EF52F77FE6172329EA55787A80300C4A824107E46","smtp-message-acceptance","249","True","4.513",
"134e0ab3-c4ca-48af-ae1c-f2c091bf9001","MANIFEST_BOUND","hmail-perf-pair-delivery-20260901","A83052CA61D7F3853E97522D3F72DDA595DB61811511435D3030E4E230E8B07E","net10","hmail_perf_pair_net10_20260831_225556","C:\hmail-perf-pair-delivery-20260901\net10\Data","F6B2319F94B2989ACFC29A1A124895A151484996D94A2CC5266C1DDEAA7897AE","PASS","45FA907CE0D3797C1E13EBB2F03F076A25656CCE27E801C18F745ACD3944FBBD","5136EEC556F9790732AE759EF52F77FE6172329EA55787A80300C4A824107E46","smtp-message-acceptance","250","True","4.483",
"134e0ab3-c4ca-48af-ae1c-f2c091bf9001","MANIFEST_BOUND","hmail-perf-pair-delivery-20260901","A83052CA61D7F3853E97522D3F72DDA595DB61811511435D3030E4E230E8B07E","net10","hmail_perf_pair_net10_20260831_225556","C:\hmail-perf-pair-delivery-20260901\net10\Data","F6B2319F94B2989ACFC29A1A124895A151484996D94A2CC5266C1DDEAA7897AE","PASS","45FA907CE0D3797C1E13EBB2F03F076A25656CCE27E801C18F745ACD3944FBBD","5136EEC556F9790732AE759EF52F77FE6172329EA55787A80300C4A824107E46","smtp-message-acceptance","251","True","4.046",
"134e0ab3-c4ca-48af-ae1c-f2c091bf9001","MANIFEST_BOUND","hmail-perf-pair-delivery-20260901","A83052CA61D7F3853E97522D3F72DDA595DB61811511435D3030E4E230E8B07E","net10","hmail_perf_pair_net10_20260831_225556","C:\hmail-perf-pair-delivery-20260901\net10\Data","F6B2319F94B2989ACFC29A1A124895A151484996D94A2CC5266C1DDEAA7897AE","PASS","45FA907CE0D3797C1E13EBB2F03F076A25656CCE27E801C18F745ACD3944FBBD","5136EEC556F9790732AE759EF52F77FE6172329EA55787A80300C4A824107E46","smtp-message-acceptance","252","True","3.699",
"134e0ab3-c4ca-48af-ae1c-f2c091bf9001","MANIFEST_BOUND","hmail-perf-pair-delivery-20260901","A83052CA61D7F3853E97522D3F72DDA595DB61811511435D3030E4E230E8B07E","net10","hmail_perf_pair_net10_20260831_225556","C:\hmail-perf-pair-delivery-20260901\net10\Data","F6B2319F94B2989ACFC29A1A124895A151484996D94A2CC5266C1DDEAA7897AE","PASS","45FA907CE0D3797C1E13EBB2F03F076A25656CCE27E801C18F745ACD3944FBBD","5136EEC556F9790732AE759EF52F77FE6172329EA55787A80300C4A824107E46","smtp-message-acceptance","253","True","4.41",
"134e0ab3-c4ca-48af-ae1c-f2c091bf9001","MANIFEST_BOUND","hmail-perf-pair-delivery-20260901","A83052CA61D7F3853E97522D3F72DDA595DB61811511435D3030E4E230E8B07E","net10","hmail_perf_pair_net10_20260831_225556","C:\hmail-perf-pair-delivery-20260901\net10\Data","F6B2319F94B2989ACFC29A1A124895A151484996D94A2CC5266C1DDEAA7897AE","PASS","45FA907CE0D3797C1E13EBB2F03F076A25656CCE27E801C18F745ACD3944FBBD","5136EEC556F9790732AE759EF52F77FE6172329EA55787A80300C4A824107E46","smtp-message-acceptance","254","True","9.381",
"134e0ab3-c4ca-48af-ae1c-f2c091bf9001","MANIFEST_BOUND","hmail-perf-pair-delivery-20260901","A83052CA61D7F3853E97522D3F72DDA595DB61811511435D3030E4E230E8B07E","net10","hmail_perf_pair_net10_20260831_225556","C:\hmail-perf-pair-delivery-20260901\net10\Data","F6B2319F94B2989ACFC29A1A124895A151484996D94A2CC5266C1DDEAA7897AE","PASS","45FA907CE0D3797C1E13EBB2F03F076A25656CCE27E801C18F745ACD3944FBBD","5136EEC556F9790732AE759EF52F77FE6172329EA55787A80300C4A824107E46","smtp-message-acceptance","255","True","4.068",
"134e0ab3-c4ca-48af-ae1c-f2c091bf9001","MANIFEST_BOUND","hmail-perf-pair-delivery-20260901","A83052CA61D7F3853E97522D3F72DDA595DB61811511435D3030E4E230E8B07E","net10","hmail_perf_pair_net10_20260831_225556","C:\hmail-perf-pair-delivery-20260901\net10\Data","F6B2319F94B2989ACFC29A1A124895A151484996D94A2CC5266C1DDEAA7897AE","PASS","45FA907CE0D3797C1E13EBB2F03F076A25656CCE27E801C18F745ACD3944FBBD","5136EEC556F9790732AE759EF52F77FE6172329EA55787A80300C4A824107E46","smtp-message-acceptance","256","True","3.776",
"134e0ab3-c4ca-48af-ae1c-f2c091bf9001","MANIFEST_BOUND","hmail-perf-pair-delivery-20260901","A83052CA61D7F3853E97522D3F72DDA595DB61811511435D3030E4E230E8B07E","net10","hmail_perf_pair_net10_20260831_225556","C:\hmail-perf-pair-delivery-20260901\net10\Data","F6B2319F94B2989ACFC29A1A124895A151484996D94A2CC5266C1DDEAA7897AE","PASS","45FA907CE0D3797C1E13EBB2F03F076A25656CCE27E801C18F745ACD3944FBBD","5136EEC556F9790732AE759EF52F77FE6172329EA55787A80300C4A824107E46","smtp-message-acceptance","257","True","3.833",
"134e0ab3-c4ca-48af-ae1c-f2c091bf9001","MANIFEST_BOUND","hmail-perf-pair-delivery-20260901","A83052CA61D7F3853E97522D3F72DDA595DB61811511435D3030E4E230E8B07E","net10","hmail_perf_pair_net10_20260831_225556","C:\hmail-perf-pair-delivery-20260901\net10\Data","F6B2319F94B2989ACFC29A1A124895A151484996D94A2CC5266C1DDEAA7897AE","PASS","45FA907CE0D3797C1E13EBB2F03F076A25656CCE27E801C18F745ACD3944FBBD","5136EEC556F9790732AE759EF52F77FE6172329EA55787A80300C4A824107E46","smtp-message-acceptance","258","True","4.062",
"134e0ab3-c4ca-48af-ae1c-f2c091bf9001","MANIFEST_BOUND","hmail-perf-pair-delivery-20260901","A83052CA61D7F3853E97522D3F72DDA595DB61811511435D3030E4E230E8B07E","net10","hmail_perf_pair_net10_20260831_225556","C:\hmail-perf-pair-delivery-20260901\net10\Data","F6B2319F94B2989ACFC29A1A124895A151484996D94A2CC5266C1DDEAA7897AE","PASS","45FA907CE0D3797C1E13EBB2F03F076A25656CCE27E801C18F745ACD3944FBBD","5136EEC556F9790732AE759EF52F77FE6172329EA55787A80300C4A824107E46","smtp-message-acceptance","259","True","3.679",
"134e0ab3-c4ca-48af-ae1c-f2c091bf9001","MANIFEST_BOUND","hmail-perf-pair-delivery-20260901","A83052CA61D7F3853E97522D3F72DDA595DB61811511435D3030E4E230E8B07E","net10","hmail_perf_pair_net10_20260831_225556","C:\hmail-perf-pair-delivery-20260901\net10\Data","F6B2319F94B2989ACFC29A1A124895A151484996D94A2CC5266C1DDEAA7897AE","PASS","45FA907CE0D3797C1E13EBB2F03F076A25656CCE27E801C18F745ACD3944FBBD","5136EEC556F9790732AE759EF52F77FE6172329EA55787A80300C4A824107E46","smtp-message-acceptance","260","True","3.864",
"134e0ab3-c4ca-48af-ae1c-f2c091bf9001","MANIFEST_BOUND","hmail-perf-pair-delivery-20260901","A83052CA61D7F3853E97522D3F72DDA595DB61811511435D3030E4E230E8B07E","net10","hmail_perf_pair_net10_20260831_225556","C:\hmail-perf-pair-delivery-20260901\net10\Data","F6B2319F94B2989ACFC29A1A124895A151484996D94A2CC5266C1DDEAA7897AE","PASS","45FA907CE0D3797C1E13EBB2F03F076A25656CCE27E801C18F745ACD3944FBBD","5136EEC556F9790732AE759EF52F77FE6172329EA55787A80300C4A824107E46","smtp-message-acceptance","261","True","3.756",
"134e0ab3-c4ca-48af-ae1c-f2c091bf9001","MANIFEST_BOUND","hmail-perf-pair-delivery-20260901","A83052CA61D7F3853E97522D3F72DDA595DB61811511435D3030E4E230E8B07E","net10","hmail_perf_pair_net10_20260831_225556","C:\hmail-perf-pair-delivery-20260901\net10\Data","F6B2319F94B2989ACFC29A1A124895A151484996D94A2CC5266C1DDEAA7897AE","PASS","45FA907CE0D3797C1E13EBB2F03F076A25656CCE27E801C18F745ACD3944FBBD","5136EEC556F9790732AE759EF52F77FE6172329EA55787A80300C4A824107E46","smtp-message-acceptance","262","True","4.232",
"134e0ab3-c4ca-48af-ae1c-f2c091bf9001","MANIFEST_BOUND","hmail-perf-pair-delivery-20260901","A83052CA61D7F3853E97522D3F72DDA595DB61811511435D3030E4E230E8B07E","net10","hmail_perf_pair_net10_20260831_225556","C:\hmail-perf-pair-delivery-20260901\net10\Data","F6B2319F94B2989ACFC29A1A124895A151484996D94A2CC5266C1DDEAA7897AE","PASS","45FA907CE0D3797C1E13EBB2F03F076A25656CCE27E801C18F745ACD3944FBBD","5136EEC556F9790732AE759EF52F77FE6172329EA55787A80300C4A824107E46","smtp-message-acceptance","263","True","4.639",
"134e0ab3-c4ca-48af-ae1c-f2c091bf9001","MANIFEST_BOUND","hmail-perf-pair-delivery-20260901","A83052CA61D7F3853E97522D3F72DDA595DB61811511435D3030E4E230E8B07E","net10","hmail_perf_pair_net10_20260831_225556","C:\hmail-perf-pair-delivery-20260901\net10\Data","F6B2319F94B2989ACFC29A1A124895A151484996D94A2CC5266C1DDEAA7897AE","PASS","45FA907CE0D3797C1E13EBB2F03F076A25656CCE27E801C18F745ACD3944FBBD","5136EEC556F9790732AE759EF52F77FE6172329EA55787A80300C4A824107E46","smtp-message-acceptance","264","True","3.878",
"134e0ab3-c4ca-48af-ae1c-f2c091bf9001","MANIFEST_BOUND","hmail-perf-pair-delivery-20260901","A83052CA61D7F3853E97522D3F72DDA595DB61811511435D3030E4E230E8B07E","net10","hmail_perf_pair_net10_20260831_225556","C:\hmail-perf-pair-delivery-20260901\net10\Data","F6B2319F94B2989ACFC29A1A124895A151484996D94A2CC5266C1DDEAA7897AE","PASS","45FA907CE0D3797C1E13EBB2F03F076A25656CCE27E801C18F745ACD3944FBBD","5136EEC556F9790732AE759EF52F77FE6172329EA55787A80300C4A824107E46","smtp-message-acceptance","265","True","3.705",
"134e0ab3-c4ca-48af-ae1c-f2c091bf9001","MANIFEST_BOUND","hmail-perf-pair-delivery-20260901","A83052CA61D7F3853E97522D3F72DDA595DB61811511435D3030E4E230E8B07E","net10","hmail_perf_pair_net10_20260831_225556","C:\hmail-perf-pair-delivery-20260901\net10\Data","F6B2319F94B2989ACFC29A1A124895A151484996D94A2CC5266C1DDEAA7897AE","PASS","45FA907CE0D3797C1E13EBB2F03F076A25656CCE27E801C18F745ACD3944FBBD","5136EEC556F9790732AE759EF52F77FE6172329EA55787A80300C4A824107E46","smtp-message-acceptance","266","True","3.801",
"134e0ab3-c4ca-48af-ae1c-f2c091bf9001","MANIFEST_BOUND","hmail-perf-pair-delivery-20260901","A83052CA61D7F3853E97522D3F72DDA595DB61811511435D3030E4E230E8B07E","net10","hmail_perf_pair_net10_20260831_225556","C:\hmail-perf-pair-delivery-20260901\net10\Data","F6B2319F94B2989ACFC29A1A124895A151484996D94A2CC5266C1DDEAA7897AE","PASS","45FA907CE0D3797C1E13EBB2F03F076A25656CCE27E801C18F745ACD3944FBBD","5136EEC556F9790732AE759EF52F77FE6172329EA55787A80300C4A824107E46","smtp-message-acceptance","267","True","4.047",
"134e0ab3-c4ca-48af-ae1c-f2c091bf9001","MANIFEST_BOUND","hmail-perf-pair-delivery-20260901","A83052CA61D7F3853E97522D3F72DDA595DB61811511435D3030E4E230E8B07E","net10","hmail_perf_pair_net10_20260831_225556","C:\hmail-perf-pair-delivery-20260901\net10\Data","F6B2319F94B2989ACFC29A1A124895A151484996D94A2CC5266C1DDEAA7897AE","PASS","45FA907CE0D3797C1E13EBB2F03F076A25656CCE27E801C18F745ACD3944FBBD","5136EEC556F9790732AE759EF52F77FE6172329EA55787A80300C4A824107E46","smtp-message-acceptance","268","True","4.204",
"134e0ab3-c4ca-48af-ae1c-f2c091bf9001","MANIFEST_BOUND","hmail-perf-pair-delivery-20260901","A83052CA61D7F3853E97522D3F72DDA595DB61811511435D3030E4E230E8B07E","net10","hmail_perf_pair_net10_20260831_225556","C:\hmail-perf-pair-delivery-20260901\net10\Data","F6B2319F94B2989ACFC29A1A124895A151484996D94A2CC5266C1DDEAA7897AE","PASS","45FA907CE0D3797C1E13EBB2F03F076A25656CCE27E801C18F745ACD3944FBBD","5136EEC556F9790732AE759EF52F77FE6172329EA55787A80300C4A824107E46","smtp-message-acceptance","269","True","3.72",
"134e0ab3-c4ca-48af-ae1c-f2c091bf9001","MANIFEST_BOUND","hmail-perf-pair-delivery-20260901","A83052CA61D7F3853E97522D3F72DDA595DB61811511435D3030E4E230E8B07E","net10","hmail_perf_pair_net10_20260831_225556","C:\hmail-perf-pair-delivery-20260901\net10\Data","F6B2319F94B2989ACFC29A1A124895A151484996D94A2CC5266C1DDEAA7897AE","PASS","45FA907CE0D3797C1E13EBB2F03F076A25656CCE27E801C18F745ACD3944FBBD","5136EEC556F9790732AE759EF52F77FE6172329EA55787A80300C4A824107E46","smtp-message-acceptance","270","True","4.164",
"134e0ab3-c4ca-48af-ae1c-f2c091bf9001","MANIFEST_BOUND","hmail-perf-pair-delivery-20260901","A83052CA61D7F3853E97522D3F72DDA595DB61811511435D3030E4E230E8B07E","net10","hmail_perf_pair_net10_20260831_225556","C:\hmail-perf-pair-delivery-20260901\net10\Data","F6B2319F94B2989ACFC29A1A124895A151484996D94A2CC5266C1DDEAA7897AE","PASS","45FA907CE0D3797C1E13EBB2F03F076A25656CCE27E801C18F745ACD3944FBBD","5136EEC556F9790732AE759EF52F77FE6172329EA55787A80300C4A824107E46","smtp-message-acceptance","271","True","3.928",
"134e0ab3-c4ca-48af-ae1c-f2c091bf9001","MANIFEST_BOUND","hmail-perf-pair-delivery-20260901","A83052CA61D7F3853E97522D3F72DDA595DB61811511435D3030E4E230E8B07E","net10","hmail_perf_pair_net10_20260831_225556","C:\hmail-perf-pair-delivery-20260901\net10\Data","F6B2319F94B2989ACFC29A1A124895A151484996D94A2CC5266C1DDEAA7897AE","PASS","45FA907CE0D3797C1E13EBB2F03F076A25656CCE27E801C18F745ACD3944FBBD","5136EEC556F9790732AE759EF52F77FE6172329EA55787A80300C4A824107E46","smtp-message-acceptance","272","True","3.918",
"134e0ab3-c4ca-48af-ae1c-f2c091bf9001","MANIFEST_BOUND","hmail-perf-pair-delivery-20260901","A83052CA61D7F3853E97522D3F72DDA595DB61811511435D3030E4E230E8B07E","net10","hmail_perf_pair_net10_20260831_225556","C:\hmail-perf-pair-delivery-20260901\net10\Data","F6B2319F94B2989ACFC29A1A124895A151484996D94A2CC5266C1DDEAA7897AE","PASS","45FA907CE0D3797C1E13EBB2F03F076A25656CCE27E801C18F745ACD3944FBBD","5136EEC556F9790732AE759EF52F77FE6172329EA55787A80300C4A824107E46","smtp-message-acceptance","273","True","3.638",
"134e0ab3-c4ca-48af-ae1c-f2c091bf9001","MANIFEST_BOUND","hmail-perf-pair-delivery-20260901","A83052CA61D7F3853E97522D3F72DDA595DB61811511435D3030E4E230E8B07E","net10","hmail_perf_pair_net10_20260831_225556","C:\hmail-perf-pair-delivery-20260901\net10\Data","F6B2319F94B2989ACFC29A1A124895A151484996D94A2CC5266C1DDEAA7897AE","PASS","45FA907CE0D3797C1E13EBB2F03F076A25656CCE27E801C18F745ACD3944FBBD","5136EEC556F9790732AE759EF52F77FE6172329EA55787A80300C4A824107E46","smtp-message-acceptance","274","True","4.205",
"134e0ab3-c4ca-48af-ae1c-f2c091bf9001","MANIFEST_BOUND","hmail-perf-pair-delivery-20260901","A83052CA61D7F3853E97522D3F72DDA595DB61811511435D3030E4E230E8B07E","net10","hmail_perf_pair_net10_20260831_225556","C:\hmail-perf-pair-delivery-20260901\net10\Data","F6B2319F94B2989ACFC29A1A124895A151484996D94A2CC5266C1DDEAA7897AE","PASS","45FA907CE0D3797C1E13EBB2F03F076A25656CCE27E801C18F745ACD3944FBBD","5136EEC556F9790732AE759EF52F77FE6172329EA55787A80300C4A824107E46","smtp-message-acceptance","275","True","3.706",
"134e0ab3-c4ca-48af-ae1c-f2c091bf9001","MANIFEST_BOUND","hmail-perf-pair-delivery-20260901","A83052CA61D7F3853E97522D3F72DDA595DB61811511435D3030E4E230E8B07E","net10","hmail_perf_pair_net10_20260831_225556","C:\hmail-perf-pair-delivery-20260901\net10\Data","F6B2319F94B2989ACFC29A1A124895A151484996D94A2CC5266C1DDEAA7897AE","PASS","45FA907CE0D3797C1E13EBB2F03F076A25656CCE27E801C18F745ACD3944FBBD","5136EEC556F9790732AE759EF52F77FE6172329EA55787A80300C4A824107E46","smtp-message-acceptance","276","True","4.922",
"134e0ab3-c4ca-48af-ae1c-f2c091bf9001","MANIFEST_BOUND","hmail-perf-pair-delivery-20260901","A83052CA61D7F3853E97522D3F72DDA595DB61811511435D3030E4E230E8B07E","net10","hmail_perf_pair_net10_20260831_225556","C:\hmail-perf-pair-delivery-20260901\net10\Data","F6B2319F94B2989ACFC29A1A124895A151484996D94A2CC5266C1DDEAA7897AE","PASS","45FA907CE0D3797C1E13EBB2F03F076A25656CCE27E801C18F745ACD3944FBBD","5136EEC556F9790732AE759EF52F77FE6172329EA55787A80300C4A824107E46","smtp-message-acceptance","277","True","4.532",
"134e0ab3-c4ca-48af-ae1c-f2c091bf9001","MANIFEST_BOUND","hmail-perf-pair-delivery-20260901","A83052CA61D7F3853E97522D3F72DDA595DB61811511435D3030E4E230E8B07E","net10","hmail_perf_pair_net10_20260831_225556","C:\hmail-perf-pair-delivery-20260901\net10\Data","F6B2319F94B2989ACFC29A1A124895A151484996D94A2CC5266C1DDEAA7897AE","PASS","45FA907CE0D3797C1E13EBB2F03F076A25656CCE27E801C18F745ACD3944FBBD","5136EEC556F9790732AE759EF52F77FE6172329EA55787A80300C4A824107E46","smtp-message-acceptance","278","True","7.868",
"134e0ab3-c4ca-48af-ae1c-f2c091bf9001","MANIFEST_BOUND","hmail-perf-pair-delivery-20260901","A83052CA61D7F3853E97522D3F72DDA595DB61811511435D3030E4E230E8B07E","net10","hmail_perf_pair_net10_20260831_225556","C:\hmail-perf-pair-delivery-20260901\net10\Data","F6B2319F94B2989ACFC29A1A124895A151484996D94A2CC5266C1DDEAA7897AE","PASS","45FA907CE0D3797C1E13EBB2F03F076A25656CCE27E801C18F745ACD3944FBBD","5136EEC556F9790732AE759EF52F77FE6172329EA55787A80300C4A824107E46","smtp-message-acceptance","279","True","3.815",
"134e0ab3-c4ca-48af-ae1c-f2c091bf9001","MANIFEST_BOUND","hmail-perf-pair-delivery-20260901","A83052CA61D7F3853E97522D3F72DDA595DB61811511435D3030E4E230E8B07E","net10","hmail_perf_pair_net10_20260831_225556","C:\hmail-perf-pair-delivery-20260901\net10\Data","F6B2319F94B2989ACFC29A1A124895A151484996D94A2CC5266C1DDEAA7897AE","PASS","45FA907CE0D3797C1E13EBB2F03F076A25656CCE27E801C18F745ACD3944FBBD","5136EEC556F9790732AE759EF52F77FE6172329EA55787A80300C4A824107E46","smtp-message-acceptance","280","True","3.85",
"134e0ab3-c4ca-48af-ae1c-f2c091bf9001","MANIFEST_BOUND","hmail-perf-pair-delivery-20260901","A83052CA61D7F3853E97522D3F72DDA595DB61811511435D3030E4E230E8B07E","net10","hmail_perf_pair_net10_20260831_225556","C:\hmail-perf-pair-delivery-20260901\net10\Data","F6B2319F94B2989ACFC29A1A124895A151484996D94A2CC5266C1DDEAA7897AE","PASS","45FA907CE0D3797C1E13EBB2F03F076A25656CCE27E801C18F745ACD3944FBBD","5136EEC556F9790732AE759EF52F77FE6172329EA55787A80300C4A824107E46","smtp-message-acceptance","281","True","3.836",
"134e0ab3-c4ca-48af-ae1c-f2c091bf9001","MANIFEST_BOUND","hmail-perf-pair-delivery-20260901","A83052CA61D7F3853E97522D3F72DDA595DB61811511435D3030E4E230E8B07E","net10","hmail_perf_pair_net10_20260831_225556","C:\hmail-perf-pair-delivery-20260901\net10\Data","F6B2319F94B2989ACFC29A1A124895A151484996D94A2CC5266C1DDEAA7897AE","PASS","45FA907CE0D3797C1E13EBB2F03F076A25656CCE27E801C18F745ACD3944FBBD","5136EEC556F9790732AE759EF52F77FE6172329EA55787A80300C4A824107E46","smtp-message-acceptance","282","True","3.6",
"134e0ab3-c4ca-48af-ae1c-f2c091bf9001","MANIFEST_BOUND","hmail-perf-pair-delivery-20260901","A83052CA61D7F3853E97522D3F72DDA595DB61811511435D3030E4E230E8B07E","net10","hmail_perf_pair_net10_20260831_225556","C:\hmail-perf-pair-delivery-20260901\net10\Data","F6B2319F94B2989ACFC29A1A124895A151484996D94A2CC5266C1DDEAA7897AE","PASS","45FA907CE0D3797C1E13EBB2F03F076A25656CCE27E801C18F745ACD3944FBBD","5136EEC556F9790732AE759EF52F77FE6172329EA55787A80300C4A824107E46","smtp-message-acceptance","283","True","3.844",
"134e0ab3-c4ca-48af-ae1c-f2c091bf9001","MANIFEST_BOUND","hmail-perf-pair-delivery-20260901","A83052CA61D7F3853E97522D3F72DDA595DB61811511435D3030E4E230E8B07E","net10","hmail_perf_pair_net10_20260831_225556","C:\hmail-perf-pair-delivery-20260901\net10\Data","F6B2319F94B2989ACFC29A1A124895A151484996D94A2CC5266C1DDEAA7897AE","PASS","45FA907CE0D3797C1E13EBB2F03F076A25656CCE27E801C18F745ACD3944FBBD","5136EEC556F9790732AE759EF52F77FE6172329EA55787A80300C4A824107E46","smtp-message-acceptance","284","True","4.043",
"134e0ab3-c4ca-48af-ae1c-f2c091bf9001","MANIFEST_BOUND","hmail-perf-pair-delivery-20260901","A83052CA61D7F3853E97522D3F72DDA595DB61811511435D3030E4E230E8B07E","net10","hmail_perf_pair_net10_20260831_225556","C:\hmail-perf-pair-delivery-20260901\net10\Data","F6B2319F94B2989ACFC29A1A124895A151484996D94A2CC5266C1DDEAA7897AE","PASS","45FA907CE0D3797C1E13EBB2F03F076A25656CCE27E801C18F745ACD3944FBBD","5136EEC556F9790732AE759EF52F77FE6172329EA55787A80300C4A824107E46","smtp-message-acceptance","285","True","3.83",
"134e0ab3-c4ca-48af-ae1c-f2c091bf9001","MANIFEST_BOUND","hmail-perf-pair-delivery-20260901","A83052CA61D7F3853E97522D3F72DDA595DB61811511435D3030E4E230E8B07E","net10","hmail_perf_pair_net10_20260831_225556","C:\hmail-perf-pair-delivery-20260901\net10\Data","F6B2319F94B2989ACFC29A1A124895A151484996D94A2CC5266C1DDEAA7897AE","PASS","45FA907CE0D3797C1E13EBB2F03F076A25656CCE27E801C18F745ACD3944FBBD","5136EEC556F9790732AE759EF52F77FE6172329EA55787A80300C4A824107E46","smtp-message-acceptance","286","True","3.928",
"134e0ab3-c4ca-48af-ae1c-f2c091bf9001","MANIFEST_BOUND","hmail-perf-pair-delivery-20260901","A83052CA61D7F3853E97522D3F72DDA595DB61811511435D3030E4E230E8B07E","net10","hmail_perf_pair_net10_20260831_225556","C:\hmail-perf-pair-delivery-20260901\net10\Data","F6B2319F94B2989ACFC29A1A124895A151484996D94A2CC5266C1DDEAA7897AE","PASS","45FA907CE0D3797C1E13EBB2F03F076A25656CCE27E801C18F745ACD3944FBBD","5136EEC556F9790732AE759EF52F77FE6172329EA55787A80300C4A824107E46","smtp-message-acceptance","287","True","4.515",
"134e0ab3-c4ca-48af-ae1c-f2c091bf9001","MANIFEST_BOUND","hmail-perf-pair-delivery-20260901","A83052CA61D7F3853E97522D3F72DDA595DB61811511435D3030E4E230E8B07E","net10","hmail_perf_pair_net10_20260831_225556","C:\hmail-perf-pair-delivery-20260901\net10\Data","F6B2319F94B2989ACFC29A1A124895A151484996D94A2CC5266C1DDEAA7897AE","PASS","45FA907CE0D3797C1E13EBB2F03F076A25656CCE27E801C18F745ACD3944FBBD","5136EEC556F9790732AE759EF52F77FE6172329EA55787A80300C4A824107E46","smtp-message-acceptance","288","True","4.114",
"134e0ab3-c4ca-48af-ae1c-f2c091bf9001","MANIFEST_BOUND","hmail-perf-pair-delivery-20260901","A83052CA61D7F3853E97522D3F72DDA595DB61811511435D3030E4E230E8B07E","net10","hmail_perf_pair_net10_20260831_225556","C:\hmail-perf-pair-delivery-20260901\net10\Data","F6B2319F94B2989ACFC29A1A124895A151484996D94A2CC5266C1DDEAA7897AE","PASS","45FA907CE0D3797C1E13EBB2F03F076A25656CCE27E801C18F745ACD3944FBBD","5136EEC556F9790732AE759EF52F77FE6172329EA55787A80300C4A824107E46","smtp-message-acceptance","289","True","4.09",
"134e0ab3-c4ca-48af-ae1c-f2c091bf9001","MANIFEST_BOUND","hmail-perf-pair-delivery-20260901","A83052CA61D7F3853E97522D3F72DDA595DB61811511435D3030E4E230E8B07E","net10","hmail_perf_pair_net10_20260831_225556","C:\hmail-perf-pair-delivery-20260901\net10\Data","F6B2319F94B2989ACFC29A1A124895A151484996D94A2CC5266C1DDEAA7897AE","PASS","45FA907CE0D3797C1E13EBB2F03F076A25656CCE27E801C18F745ACD3944FBBD","5136EEC556F9790732AE759EF52F77FE6172329EA55787A80300C4A824107E46","smtp-message-acceptance","290","True","3.489",
"134e0ab3-c4ca-48af-ae1c-f2c091bf9001","MANIFEST_BOUND","hmail-perf-pair-delivery-20260901","A83052CA61D7F3853E97522D3F72DDA595DB61811511435D3030E4E230E8B07E","net10","hmail_perf_pair_net10_20260831_225556","C:\hmail-perf-pair-delivery-20260901\net10\Data","F6B2319F94B2989ACFC29A1A124895A151484996D94A2CC5266C1DDEAA7897AE","PASS","45FA907CE0D3797C1E13EBB2F03F076A25656CCE27E801C18F745ACD3944FBBD","5136EEC556F9790732AE759EF52F77FE6172329EA55787A80300C4A824107E46","smtp-message-acceptance","291","True","3.957",
"134e0ab3-c4ca-48af-ae1c-f2c091bf9001","MANIFEST_BOUND","hmail-perf-pair-delivery-20260901","A83052CA61D7F3853E97522D3F72DDA595DB61811511435D3030E4E230E8B07E","net10","hmail_perf_pair_net10_20260831_225556","C:\hmail-perf-pair-delivery-20260901\net10\Data","F6B2319F94B2989ACFC29A1A124895A151484996D94A2CC5266C1DDEAA7897AE","PASS","45FA907CE0D3797C1E13EBB2F03F076A25656CCE27E801C18F745ACD3944FBBD","5136EEC556F9790732AE759EF52F77FE6172329EA55787A80300C4A824107E46","smtp-message-acceptance","292","True","3.923",
"134e0ab3-c4ca-48af-ae1c-f2c091bf9001","MANIFEST_BOUND","hmail-perf-pair-delivery-20260901","A83052CA61D7F3853E97522D3F72DDA595DB61811511435D3030E4E230E8B07E","net10","hmail_perf_pair_net10_20260831_225556","C:\hmail-perf-pair-delivery-20260901\net10\Data","F6B2319F94B2989ACFC29A1A124895A151484996D94A2CC5266C1DDEAA7897AE","PASS","45FA907CE0D3797C1E13EBB2F03F076A25656CCE27E801C18F745ACD3944FBBD","5136EEC556F9790732AE759EF52F77FE6172329EA55787A80300C4A824107E46","smtp-message-acceptance","293","True","4.087",
"134e0ab3-c4ca-48af-ae1c-f2c091bf9001","MANIFEST_BOUND","hmail-perf-pair-delivery-20260901","A83052CA61D7F3853E97522D3F72DDA595DB61811511435D3030E4E230E8B07E","net10","hmail_perf_pair_net10_20260831_225556","C:\hmail-perf-pair-delivery-20260901\net10\Data","F6B2319F94B2989ACFC29A1A124895A151484996D94A2CC5266C1DDEAA7897AE","PASS","45FA907CE0D3797C1E13EBB2F03F076A25656CCE27E801C18F745ACD3944FBBD","5136EEC556F9790732AE759EF52F77FE6172329EA55787A80300C4A824107E46","smtp-message-acceptance","294","True","3.479",
"134e0ab3-c4ca-48af-ae1c-f2c091bf9001","MANIFEST_BOUND","hmail-perf-pair-delivery-20260901","A83052CA61D7F3853E97522D3F72DDA595DB61811511435D3030E4E230E8B07E","net10","hmail_perf_pair_net10_20260831_225556","C:\hmail-perf-pair-delivery-20260901\net10\Data","F6B2319F94B2989ACFC29A1A124895A151484996D94A2CC5266C1DDEAA7897AE","PASS","45FA907CE0D3797C1E13EBB2F03F076A25656CCE27E801C18F745ACD3944FBBD","5136EEC556F9790732AE759EF52F77FE6172329EA55787A80300C4A824107E46","smtp-message-acceptance","295","True","3.671",
"134e0ab3-c4ca-48af-ae1c-f2c091bf9001","MANIFEST_BOUND","hmail-perf-pair-delivery-20260901","A83052CA61D7F3853E97522D3F72DDA595DB61811511435D3030E4E230E8B07E","net10","hmail_perf_pair_net10_20260831_225556","C:\hmail-perf-pair-delivery-20260901\net10\Data","F6B2319F94B2989ACFC29A1A124895A151484996D94A2CC5266C1DDEAA7897AE","PASS","45FA907CE0D3797C1E13EBB2F03F076A25656CCE27E801C18F745ACD3944FBBD","5136EEC556F9790732AE759EF52F77FE6172329EA55787A80300C4A824107E46","smtp-message-acceptance","296","True","3.846",
"134e0ab3-c4ca-48af-ae1c-f2c091bf9001","MANIFEST_BOUND","hmail-perf-pair-delivery-20260901","A83052CA61D7F3853E97522D3F72DDA595DB61811511435D3030E4E230E8B07E","net10","hmail_perf_pair_net10_20260831_225556","C:\hmail-perf-pair-delivery-20260901\net10\Data","F6B2319F94B2989ACFC29A1A124895A151484996D94A2CC5266C1DDEAA7897AE","PASS","45FA907CE0D3797C1E13EBB2F03F076A25656CCE27E801C18F745ACD3944FBBD","5136EEC556F9790732AE759EF52F77FE6172329EA55787A80300C4A824107E46","smtp-message-acceptance","297","True","4.426",
"134e0ab3-c4ca-48af-ae1c-f2c091bf9001","MANIFEST_BOUND","hmail-perf-pair-delivery-20260901","A83052CA61D7F3853E97522D3F72DDA595DB61811511435D3030E4E230E8B07E","net10","hmail_perf_pair_net10_20260831_225556","C:\hmail-perf-pair-delivery-20260901\net10\Data","F6B2319F94B2989ACFC29A1A124895A151484996D94A2CC5266C1DDEAA7897AE","PASS","45FA907CE0D3797C1E13EBB2F03F076A25656CCE27E801C18F745ACD3944FBBD","5136EEC556F9790732AE759EF52F77FE6172329EA55787A80300C4A824107E46","smtp-message-acceptance","298","True","5.276",
"134e0ab3-c4ca-48af-ae1c-f2c091bf9001","MANIFEST_BOUND","hmail-perf-pair-delivery-20260901","A83052CA61D7F3853E97522D3F72DDA595DB61811511435D3030E4E230E8B07E","net10","hmail_perf_pair_net10_20260831_225556","C:\hmail-perf-pair-delivery-20260901\net10\Data","F6B2319F94B2989ACFC29A1A124895A151484996D94A2CC5266C1DDEAA7897AE","PASS","45FA907CE0D3797C1E13EBB2F03F076A25656CCE27E801C18F745ACD3944FBBD","5136EEC556F9790732AE759EF52F77FE6172329EA55787A80300C4A824107E46","smtp-message-acceptance","299","True","6.601",
"134e0ab3-c4ca-48af-ae1c-f2c091bf9001","MANIFEST_BOUND","hmail-perf-pair-delivery-20260901","A83052CA61D7F3853E97522D3F72DDA595DB61811511435D3030E4E230E8B07E","net10","hmail_perf_pair_net10_20260831_225556","C:\hmail-perf-pair-delivery-20260901\net10\Data","F6B2319F94B2989ACFC29A1A124895A151484996D94A2CC5266C1DDEAA7897AE","PASS","45FA907CE0D3797C1E13EBB2F03F076A25656CCE27E801C18F745ACD3944FBBD","5136EEC556F9790732AE759EF52F77FE6172329EA55787A80300C4A824107E46","smtp-message-acceptance","300","True","4.089",
"134e0ab3-c4ca-48af-ae1c-f2c091bf9001","MANIFEST_BOUND","hmail-perf-pair-delivery-20260901","A83052CA61D7F3853E97522D3F72DDA595DB61811511435D3030E4E230E8B07E","net10","hmail_perf_pair_net10_20260831_225556","C:\hmail-perf-pair-delivery-20260901\net10\Data","F6B2319F94B2989ACFC29A1A124895A151484996D94A2CC5266C1DDEAA7897AE","PASS","45FA907CE0D3797C1E13EBB2F03F076A25656CCE27E801C18F745ACD3944FBBD","5136EEC556F9790732AE759EF52F77FE6172329EA55787A80300C4A824107E46","smtp-message-acceptance","301","True","3.86",
"134e0ab3-c4ca-48af-ae1c-f2c091bf9001","MANIFEST_BOUND","hmail-perf-pair-delivery-20260901","A83052CA61D7F3853E97522D3F72DDA595DB61811511435D3030E4E230E8B07E","net10","hmail_perf_pair_net10_20260831_225556","C:\hmail-perf-pair-delivery-20260901\net10\Data","F6B2319F94B2989ACFC29A1A124895A151484996D94A2CC5266C1DDEAA7897AE","PASS","45FA907CE0D3797C1E13EBB2F03F076A25656CCE27E801C18F745ACD3944FBBD","5136EEC556F9790732AE759EF52F77FE6172329EA55787A80300C4A824107E46","smtp-message-acceptance","302","True","3.812",
"134e0ab3-c4ca-48af-ae1c-f2c091bf9001","MANIFEST_BOUND","hmail-perf-pair-delivery-20260901","A83052CA61D7F3853E97522D3F72DDA595DB61811511435D3030E4E230E8B07E","net10","hmail_perf_pair_net10_20260831_225556","C:\hmail-perf-pair-delivery-20260901\net10\Data","F6B2319F94B2989ACFC29A1A124895A151484996D94A2CC5266C1DDEAA7897AE","PASS","45FA907CE0D3797C1E13EBB2F03F076A25656CCE27E801C18F745ACD3944FBBD","5136EEC556F9790732AE759EF52F77FE6172329EA55787A80300C4A824107E46","smtp-message-acceptance","303","True","3.922",
"134e0ab3-c4ca-48af-ae1c-f2c091bf9001","MANIFEST_BOUND","hmail-perf-pair-delivery-20260901","A83052CA61D7F3853E97522D3F72DDA595DB61811511435D3030E4E230E8B07E","net10","hmail_perf_pair_net10_20260831_225556","C:\hmail-perf-pair-delivery-20260901\net10\Data","F6B2319F94B2989ACFC29A1A124895A151484996D94A2CC5266C1DDEAA7897AE","PASS","45FA907CE0D3797C1E13EBB2F03F076A25656CCE27E801C18F745ACD3944FBBD","5136EEC556F9790732AE759EF52F77FE6172329EA55787A80300C4A824107E46","smtp-message-acceptance","304","True","3.859",
"134e0ab3-c4ca-48af-ae1c-f2c091bf9001","MANIFEST_BOUND","hmail-perf-pair-delivery-20260901","A83052CA61D7F3853E97522D3F72DDA595DB61811511435D3030E4E230E8B07E","net10","hmail_perf_pair_net10_20260831_225556","C:\hmail-perf-pair-delivery-20260901\net10\Data","F6B2319F94B2989ACFC29A1A124895A151484996D94A2CC5266C1DDEAA7897AE","PASS","45FA907CE0D3797C1E13EBB2F03F076A25656CCE27E801C18F745ACD3944FBBD","5136EEC556F9790732AE759EF52F77FE6172329EA55787A80300C4A824107E46","smtp-message-acceptance","305","True","4.352",
"134e0ab3-c4ca-48af-ae1c-f2c091bf9001","MANIFEST_BOUND","hmail-perf-pair-delivery-20260901","A83052CA61D7F3853E97522D3F72DDA595DB61811511435D3030E4E230E8B07E","net10","hmail_perf_pair_net10_20260831_225556","C:\hmail-perf-pair-delivery-20260901\net10\Data","F6B2319F94B2989ACFC29A1A124895A151484996D94A2CC5266C1DDEAA7897AE","PASS","45FA907CE0D3797C1E13EBB2F03F076A25656CCE27E801C18F745ACD3944FBBD","5136EEC556F9790732AE759EF52F77FE6172329EA55787A80300C4A824107E46","smtp-message-acceptance","306","True","3.752",
"134e0ab3-c4ca-48af-ae1c-f2c091bf9001","MANIFEST_BOUND","hmail-perf-pair-delivery-20260901","A83052CA61D7F3853E97522D3F72DDA595DB61811511435D3030E4E230E8B07E","net10","hmail_perf_pair_net10_20260831_225556","C:\hmail-perf-pair-delivery-20260901\net10\Data","F6B2319F94B2989ACFC29A1A124895A151484996D94A2CC5266C1DDEAA7897AE","PASS","45FA907CE0D3797C1E13EBB2F03F076A25656CCE27E801C18F745ACD3944FBBD","5136EEC556F9790732AE759EF52F77FE6172329EA55787A80300C4A824107E46","smtp-message-acceptance","307","True","3.718",
"134e0ab3-c4ca-48af-ae1c-f2c091bf9001","MANIFEST_BOUND","hmail-perf-pair-delivery-20260901","A83052CA61D7F3853E97522D3F72DDA595DB61811511435D3030E4E230E8B07E","net10","hmail_perf_pair_net10_20260831_225556","C:\hmail-perf-pair-delivery-20260901\net10\Data","F6B2319F94B2989ACFC29A1A124895A151484996D94A2CC5266C1DDEAA7897AE","PASS","45FA907CE0D3797C1E13EBB2F03F076A25656CCE27E801C18F745ACD3944FBBD","5136EEC556F9790732AE759EF52F77FE6172329EA55787A80300C4A824107E46","smtp-message-acceptance","308","True","3.532",
"134e0ab3-c4ca-48af-ae1c-f2c091bf9001","MANIFEST_BOUND","hmail-perf-pair-delivery-20260901","A83052CA61D7F3853E97522D3F72DDA595DB61811511435D3030E4E230E8B07E","net10","hmail_perf_pair_net10_20260831_225556","C:\hmail-perf-pair-delivery-20260901\net10\Data","F6B2319F94B2989ACFC29A1A124895A151484996D94A2CC5266C1DDEAA7897AE","PASS","45FA907CE0D3797C1E13EBB2F03F076A25656CCE27E801C18F745ACD3944FBBD","5136EEC556F9790732AE759EF52F77FE6172329EA55787A80300C4A824107E46","smtp-message-acceptance","309","True","3.702",
"134e0ab3-c4ca-48af-ae1c-f2c091bf9001","MANIFEST_BOUND","hmail-perf-pair-delivery-20260901","A83052CA61D7F3853E97522D3F72DDA595DB61811511435D3030E4E230E8B07E","net10","hmail_perf_pair_net10_20260831_225556","C:\hmail-perf-pair-delivery-20260901\net10\Data","F6B2319F94B2989ACFC29A1A124895A151484996D94A2CC5266C1DDEAA7897AE","PASS","45FA907CE0D3797C1E13EBB2F03F076A25656CCE27E801C18F745ACD3944FBBD","5136EEC556F9790732AE759EF52F77FE6172329EA55787A80300C4A824107E46","smtp-message-acceptance","310","True","3.98",
"134e0ab3-c4ca-48af-ae1c-f2c091bf9001","MANIFEST_BOUND","hmail-perf-pair-delivery-20260901","A83052CA61D7F3853E97522D3F72DDA595DB61811511435D3030E4E230E8B07E","net10","hmail_perf_pair_net10_20260831_225556","C:\hmail-perf-pair-delivery-20260901\net10\Data","F6B2319F94B2989ACFC29A1A124895A151484996D94A2CC5266C1DDEAA7897AE","PASS","45FA907CE0D3797C1E13EBB2F03F076A25656CCE27E801C18F745ACD3944FBBD","5136EEC556F9790732AE759EF52F77FE6172329EA55787A80300C4A824107E46","smtp-message-acceptance","311","True","3.958",
"134e0ab3-c4ca-48af-ae1c-f2c091bf9001","MANIFEST_BOUND","hmail-perf-pair-delivery-20260901","A83052CA61D7F3853E97522D3F72DDA595DB61811511435D3030E4E230E8B07E","net10","hmail_perf_pair_net10_20260831_225556","C:\hmail-perf-pair-delivery-20260901\net10\Data","F6B2319F94B2989ACFC29A1A124895A151484996D94A2CC5266C1DDEAA7897AE","PASS","45FA907CE0D3797C1E13EBB2F03F076A25656CCE27E801C18F745ACD3944FBBD","5136EEC556F9790732AE759EF52F77FE6172329EA55787A80300C4A824107E46","smtp-message-acceptance","312","True","3.587",
"134e0ab3-c4ca-48af-ae1c-f2c091bf9001","MANIFEST_BOUND","hmail-perf-pair-delivery-20260901","A83052CA61D7F3853E97522D3F72DDA595DB61811511435D3030E4E230E8B07E","net10","hmail_perf_pair_net10_20260831_225556","C:\hmail-perf-pair-delivery-20260901\net10\Data","F6B2319F94B2989ACFC29A1A124895A151484996D94A2CC5266C1DDEAA7897AE","PASS","45FA907CE0D3797C1E13EBB2F03F076A25656CCE27E801C18F745ACD3944FBBD","5136EEC556F9790732AE759EF52F77FE6172329EA55787A80300C4A824107E46","smtp-message-acceptance","313","True","3.964",
"134e0ab3-c4ca-48af-ae1c-f2c091bf9001","MANIFEST_BOUND","hmail-perf-pair-delivery-20260901","A83052CA61D7F3853E97522D3F72DDA595DB61811511435D3030E4E230E8B07E","net10","hmail_perf_pair_net10_20260831_225556","C:\hmail-perf-pair-delivery-20260901\net10\Data","F6B2319F94B2989ACFC29A1A124895A151484996D94A2CC5266C1DDEAA7897AE","PASS","45FA907CE0D3797C1E13EBB2F03F076A25656CCE27E801C18F745ACD3944FBBD","5136EEC556F9790732AE759EF52F77FE6172329EA55787A80300C4A824107E46","smtp-message-acceptance","314","True","4.258",
"134e0ab3-c4ca-48af-ae1c-f2c091bf9001","MANIFEST_BOUND","hmail-perf-pair-delivery-20260901","A83052CA61D7F3853E97522D3F72DDA595DB61811511435D3030E4E230E8B07E","net10","hmail_perf_pair_net10_20260831_225556","C:\hmail-perf-pair-delivery-20260901\net10\Data","F6B2319F94B2989ACFC29A1A124895A151484996D94A2CC5266C1DDEAA7897AE","PASS","45FA907CE0D3797C1E13EBB2F03F076A25656CCE27E801C18F745ACD3944FBBD","5136EEC556F9790732AE759EF52F77FE6172329EA55787A80300C4A824107E46","smtp-message-acceptance","315","True","3.832",
"134e0ab3-c4ca-48af-ae1c-f2c091bf9001","MANIFEST_BOUND","hmail-perf-pair-delivery-20260901","A83052CA61D7F3853E97522D3F72DDA595DB61811511435D3030E4E230E8B07E","net10","hmail_perf_pair_net10_20260831_225556","C:\hmail-perf-pair-delivery-20260901\net10\Data","F6B2319F94B2989ACFC29A1A124895A151484996D94A2CC5266C1DDEAA7897AE","PASS","45FA907CE0D3797C1E13EBB2F03F076A25656CCE27E801C18F745ACD3944FBBD","5136EEC556F9790732AE759EF52F77FE6172329EA55787A80300C4A824107E46","smtp-message-acceptance","316","True","4.187",
"134e0ab3-c4ca-48af-ae1c-f2c091bf9001","MANIFEST_BOUND","hmail-perf-pair-delivery-20260901","A83052CA61D7F3853E97522D3F72DDA595DB61811511435D3030E4E230E8B07E","net10","hmail_perf_pair_net10_20260831_225556","C:\hmail-perf-pair-delivery-20260901\net10\Data","F6B2319F94B2989ACFC29A1A124895A151484996D94A2CC5266C1DDEAA7897AE","PASS","45FA907CE0D3797C1E13EBB2F03F076A25656CCE27E801C18F745ACD3944FBBD","5136EEC556F9790732AE759EF52F77FE6172329EA55787A80300C4A824107E46","smtp-message-acceptance","317","True","4.344",
"134e0ab3-c4ca-48af-ae1c-f2c091bf9001","MANIFEST_BOUND","hmail-perf-pair-delivery-20260901","A83052CA61D7F3853E97522D3F72DDA595DB61811511435D3030E4E230E8B07E","net10","hmail_perf_pair_net10_20260831_225556","C:\hmail-perf-pair-delivery-20260901\net10\Data","F6B2319F94B2989ACFC29A1A124895A151484996D94A2CC5266C1DDEAA7897AE","PASS","45FA907CE0D3797C1E13EBB2F03F076A25656CCE27E801C18F745ACD3944FBBD","5136EEC556F9790732AE759EF52F77FE6172329EA55787A80300C4A824107E46","smtp-message-acceptance","318","True","9.141",
"134e0ab3-c4ca-48af-ae1c-f2c091bf9001","MANIFEST_BOUND","hmail-perf-pair-delivery-20260901","A83052CA61D7F3853E97522D3F72DDA595DB61811511435D3030E4E230E8B07E","net10","hmail_perf_pair_net10_20260831_225556","C:\hmail-perf-pair-delivery-20260901\net10\Data","F6B2319F94B2989ACFC29A1A124895A151484996D94A2CC5266C1DDEAA7897AE","PASS","45FA907CE0D3797C1E13EBB2F03F076A25656CCE27E801C18F745ACD3944FBBD","5136EEC556F9790732AE759EF52F77FE6172329EA55787A80300C4A824107E46","smtp-message-acceptance","319","True","6.517",
"134e0ab3-c4ca-48af-ae1c-f2c091bf9001","MANIFEST_BOUND","hmail-perf-pair-delivery-20260901","A83052CA61D7F3853E97522D3F72DDA595DB61811511435D3030E4E230E8B07E","net10","hmail_perf_pair_net10_20260831_225556","C:\hmail-perf-pair-delivery-20260901\net10\Data","F6B2319F94B2989ACFC29A1A124895A151484996D94A2CC5266C1DDEAA7897AE","PASS","45FA907CE0D3797C1E13EBB2F03F076A25656CCE27E801C18F745ACD3944FBBD","5136EEC556F9790732AE759EF52F77FE6172329EA55787A80300C4A824107E46","smtp-message-acceptance","320","True","7.533",
"134e0ab3-c4ca-48af-ae1c-f2c091bf9001","MANIFEST_BOUND","hmail-perf-pair-delivery-20260901","A83052CA61D7F3853E97522D3F72DDA595DB61811511435D3030E4E230E8B07E","net10","hmail_perf_pair_net10_20260831_225556","C:\hmail-perf-pair-delivery-20260901\net10\Data","F6B2319F94B2989ACFC29A1A124895A151484996D94A2CC5266C1DDEAA7897AE","PASS","45FA907CE0D3797C1E13EBB2F03F076A25656CCE27E801C18F745ACD3944FBBD","5136EEC556F9790732AE759EF52F77FE6172329EA55787A80300C4A824107E46","smtp-message-acceptance","321","True","3.823",
"134e0ab3-c4ca-48af-ae1c-f2c091bf9001","MANIFEST_BOUND","hmail-perf-pair-delivery-20260901","A83052CA61D7F3853E97522D3F72DDA595DB61811511435D3030E4E230E8B07E","net10","hmail_perf_pair_net10_20260831_225556","C:\hmail-perf-pair-delivery-20260901\net10\Data","F6B2319F94B2989ACFC29A1A124895A151484996D94A2CC5266C1DDEAA7897AE","PASS","45FA907CE0D3797C1E13EBB2F03F076A25656CCE27E801C18F745ACD3944FBBD","5136EEC556F9790732AE759EF52F77FE6172329EA55787A80300C4A824107E46","smtp-message-acceptance","322","True","3.756",
"134e0ab3-c4ca-48af-ae1c-f2c091bf9001","MANIFEST_BOUND","hmail-perf-pair-delivery-20260901","A83052CA61D7F3853E97522D3F72DDA595DB61811511435D3030E4E230E8B07E","net10","hmail_perf_pair_net10_20260831_225556","C:\hmail-perf-pair-delivery-20260901\net10\Data","F6B2319F94B2989ACFC29A1A124895A151484996D94A2CC5266C1DDEAA7897AE","PASS","45FA907CE0D3797C1E13EBB2F03F076A25656CCE27E801C18F745ACD3944FBBD","5136EEC556F9790732AE759EF52F77FE6172329EA55787A80300C4A824107E46","smtp-message-acceptance","323","True","4.092",
"134e0ab3-c4ca-48af-ae1c-f2c091bf9001","MANIFEST_BOUND","hmail-perf-pair-delivery-20260901","A83052CA61D7F3853E97522D3F72DDA595DB61811511435D3030E4E230E8B07E","net10","hmail_perf_pair_net10_20260831_225556","C:\hmail-perf-pair-delivery-20260901\net10\Data","F6B2319F94B2989ACFC29A1A124895A151484996D94A2CC5266C1DDEAA7897AE","PASS","45FA907CE0D3797C1E13EBB2F03F076A25656CCE27E801C18F745ACD3944FBBD","5136EEC556F9790732AE759EF52F77FE6172329EA55787A80300C4A824107E46","smtp-message-acceptance","324","True","4.329",
"134e0ab3-c4ca-48af-ae1c-f2c091bf9001","MANIFEST_BOUND","hmail-perf-pair-delivery-20260901","A83052CA61D7F3853E97522D3F72DDA595DB61811511435D3030E4E230E8B07E","net10","hmail_perf_pair_net10_20260831_225556","C:\hmail-perf-pair-delivery-20260901\net10\Data","F6B2319F94B2989ACFC29A1A124895A151484996D94A2CC5266C1DDEAA7897AE","PASS","45FA907CE0D3797C1E13EBB2F03F076A25656CCE27E801C18F745ACD3944FBBD","5136EEC556F9790732AE759EF52F77FE6172329EA55787A80300C4A824107E46","smtp-message-acceptance","325","True","4.063",
"134e0ab3-c4ca-48af-ae1c-f2c091bf9001","MANIFEST_BOUND","hmail-perf-pair-delivery-20260901","A83052CA61D7F3853E97522D3F72DDA595DB61811511435D3030E4E230E8B07E","net10","hmail_perf_pair_net10_20260831_225556","C:\hmail-perf-pair-delivery-20260901\net10\Data","F6B2319F94B2989ACFC29A1A124895A151484996D94A2CC5266C1DDEAA7897AE","PASS","45FA907CE0D3797C1E13EBB2F03F076A25656CCE27E801C18F745ACD3944FBBD","5136EEC556F9790732AE759EF52F77FE6172329EA55787A80300C4A824107E46","smtp-message-acceptance","326","True","4.52",
"134e0ab3-c4ca-48af-ae1c-f2c091bf9001","MANIFEST_BOUND","hmail-perf-pair-delivery-20260901","A83052CA61D7F3853E97522D3F72DDA595DB61811511435D3030E4E230E8B07E","net10","hmail_perf_pair_net10_20260831_225556","C:\hmail-perf-pair-delivery-20260901\net10\Data","F6B2319F94B2989ACFC29A1A124895A151484996D94A2CC5266C1DDEAA7897AE","PASS","45FA907CE0D3797C1E13EBB2F03F076A25656CCE27E801C18F745ACD3944FBBD","5136EEC556F9790732AE759EF52F77FE6172329EA55787A80300C4A824107E46","smtp-message-acceptance","327","True","4.403",
"134e0ab3-c4ca-48af-ae1c-f2c091bf9001","MANIFEST_BOUND","hmail-perf-pair-delivery-20260901","A83052CA61D7F3853E97522D3F72DDA595DB61811511435D3030E4E230E8B07E","net10","hmail_perf_pair_net10_20260831_225556","C:\hmail-perf-pair-delivery-20260901\net10\Data","F6B2319F94B2989ACFC29A1A124895A151484996D94A2CC5266C1DDEAA7897AE","PASS","45FA907CE0D3797C1E13EBB2F03F076A25656CCE27E801C18F745ACD3944FBBD","5136EEC556F9790732AE759EF52F77FE6172329EA55787A80300C4A824107E46","smtp-message-acceptance","328","True","3.874",
"134e0ab3-c4ca-48af-ae1c-f2c091bf9001","MANIFEST_BOUND","hmail-perf-pair-delivery-20260901","A83052CA61D7F3853E97522D3F72DDA595DB61811511435D3030E4E230E8B07E","net10","hmail_perf_pair_net10_20260831_225556","C:\hmail-perf-pair-delivery-20260901\net10\Data","F6B2319F94B2989ACFC29A1A124895A151484996D94A2CC5266C1DDEAA7897AE","PASS","45FA907CE0D3797C1E13EBB2F03F076A25656CCE27E801C18F745ACD3944FBBD","5136EEC556F9790732AE759EF52F77FE6172329EA55787A80300C4A824107E46","smtp-message-acceptance","329","True","3.594",
"134e0ab3-c4ca-48af-ae1c-f2c091bf9001","MANIFEST_BOUND","hmail-perf-pair-delivery-20260901","A83052CA61D7F3853E97522D3F72DDA595DB61811511435D3030E4E230E8B07E","net10","hmail_perf_pair_net10_20260831_225556","C:\hmail-perf-pair-delivery-20260901\net10\Data","F6B2319F94B2989ACFC29A1A124895A151484996D94A2CC5266C1DDEAA7897AE","PASS","45FA907CE0D3797C1E13EBB2F03F076A25656CCE27E801C18F745ACD3944FBBD","5136EEC556F9790732AE759EF52F77FE6172329EA55787A80300C4A824107E46","smtp-message-acceptance","330","True","3.637",
"134e0ab3-c4ca-48af-ae1c-f2c091bf9001","MANIFEST_BOUND","hmail-perf-pair-delivery-20260901","A83052CA61D7F3853E97522D3F72DDA595DB61811511435D3030E4E230E8B07E","net10","hmail_perf_pair_net10_20260831_225556","C:\hmail-perf-pair-delivery-20260901\net10\Data","F6B2319F94B2989ACFC29A1A124895A151484996D94A2CC5266C1DDEAA7897AE","PASS","45FA907CE0D3797C1E13EBB2F03F076A25656CCE27E801C18F745ACD3944FBBD","5136EEC556F9790732AE759EF52F77FE6172329EA55787A80300C4A824107E46","smtp-message-acceptance","331","True","4.124",
"134e0ab3-c4ca-48af-ae1c-f2c091bf9001","MANIFEST_BOUND","hmail-perf-pair-delivery-20260901","A83052CA61D7F3853E97522D3F72DDA595DB61811511435D3030E4E230E8B07E","net10","hmail_perf_pair_net10_20260831_225556","C:\hmail-perf-pair-delivery-20260901\net10\Data","F6B2319F94B2989ACFC29A1A124895A151484996D94A2CC5266C1DDEAA7897AE","PASS","45FA907CE0D3797C1E13EBB2F03F076A25656CCE27E801C18F745ACD3944FBBD","5136EEC556F9790732AE759EF52F77FE6172329EA55787A80300C4A824107E46","smtp-message-acceptance","332","True","3.706",
"134e0ab3-c4ca-48af-ae1c-f2c091bf9001","MANIFEST_BOUND","hmail-perf-pair-delivery-20260901","A83052CA61D7F3853E97522D3F72DDA595DB61811511435D3030E4E230E8B07E","net10","hmail_perf_pair_net10_20260831_225556","C:\hmail-perf-pair-delivery-20260901\net10\Data","F6B2319F94B2989ACFC29A1A124895A151484996D94A2CC5266C1DDEAA7897AE","PASS","45FA907CE0D3797C1E13EBB2F03F076A25656CCE27E801C18F745ACD3944FBBD","5136EEC556F9790732AE759EF52F77FE6172329EA55787A80300C4A824107E46","smtp-message-acceptance","333","True","3.851",
"134e0ab3-c4ca-48af-ae1c-f2c091bf9001","MANIFEST_BOUND","hmail-perf-pair-delivery-20260901","A83052CA61D7F3853E97522D3F72DDA595DB61811511435D3030E4E230E8B07E","net10","hmail_perf_pair_net10_20260831_225556","C:\hmail-perf-pair-delivery-20260901\net10\Data","F6B2319F94B2989ACFC29A1A124895A151484996D94A2CC5266C1DDEAA7897AE","PASS","45FA907CE0D3797C1E13EBB2F03F076A25656CCE27E801C18F745ACD3944FBBD","5136EEC556F9790732AE759EF52F77FE6172329EA55787A80300C4A824107E46","smtp-message-acceptance","334","True","3.779",
"134e0ab3-c4ca-48af-ae1c-f2c091bf9001","MANIFEST_BOUND","hmail-perf-pair-delivery-20260901","A83052CA61D7F3853E97522D3F72DDA595DB61811511435D3030E4E230E8B07E","net10","hmail_perf_pair_net10_20260831_225556","C:\hmail-perf-pair-delivery-20260901\net10\Data","F6B2319F94B2989ACFC29A1A124895A151484996D94A2CC5266C1DDEAA7897AE","PASS","45FA907CE0D3797C1E13EBB2F03F076A25656CCE27E801C18F745ACD3944FBBD","5136EEC556F9790732AE759EF52F77FE6172329EA55787A80300C4A824107E46","smtp-message-acceptance","335","True","3.874",
"134e0ab3-c4ca-48af-ae1c-f2c091bf9001","MANIFEST_BOUND","hmail-perf-pair-delivery-20260901","A83052CA61D7F3853E97522D3F72DDA595DB61811511435D3030E4E230E8B07E","net10","hmail_perf_pair_net10_20260831_225556","C:\hmail-perf-pair-delivery-20260901\net10\Data","F6B2319F94B2989ACFC29A1A124895A151484996D94A2CC5266C1DDEAA7897AE","PASS","45FA907CE0D3797C1E13EBB2F03F076A25656CCE27E801C18F745ACD3944FBBD","5136EEC556F9790732AE759EF52F77FE6172329EA55787A80300C4A824107E46","smtp-message-acceptance","336","True","3.731",
"134e0ab3-c4ca-48af-ae1c-f2c091bf9001","MANIFEST_BOUND","hmail-perf-pair-delivery-20260901","A83052CA61D7F3853E97522D3F72DDA595DB61811511435D3030E4E230E8B07E","net10","hmail_perf_pair_net10_20260831_225556","C:\hmail-perf-pair-delivery-20260901\net10\Data","F6B2319F94B2989ACFC29A1A124895A151484996D94A2CC5266C1DDEAA7897AE","PASS","45FA907CE0D3797C1E13EBB2F03F076A25656CCE27E801C18F745ACD3944FBBD","5136EEC556F9790732AE759EF52F77FE6172329EA55787A80300C4A824107E46","smtp-message-acceptance","337","True","3.702",
"134e0ab3-c4ca-48af-ae1c-f2c091bf9001","MANIFEST_BOUND","hmail-perf-pair-delivery-20260901","A83052CA61D7F3853E97522D3F72DDA595DB61811511435D3030E4E230E8B07E","net10","hmail_perf_pair_net10_20260831_225556","C:\hmail-perf-pair-delivery-20260901\net10\Data","F6B2319F94B2989ACFC29A1A124895A151484996D94A2CC5266C1DDEAA7897AE","PASS","45FA907CE0D3797C1E13EBB2F03F076A25656CCE27E801C18F745ACD3944FBBD","5136EEC556F9790732AE759EF52F77FE6172329EA55787A80300C4A824107E46","smtp-message-acceptance","338","True","10.391",
"134e0ab3-c4ca-48af-ae1c-f2c091bf9001","MANIFEST_BOUND","hmail-perf-pair-delivery-20260901","A83052CA61D7F3853E97522D3F72DDA595DB61811511435D3030E4E230E8B07E","net10","hmail_perf_pair_net10_20260831_225556","C:\hmail-perf-pair-delivery-20260901\net10\Data","F6B2319F94B2989ACFC29A1A124895A151484996D94A2CC5266C1DDEAA7897AE","PASS","45FA907CE0D3797C1E13EBB2F03F076A25656CCE27E801C18F745ACD3944FBBD","5136EEC556F9790732AE759EF52F77FE6172329EA55787A80300C4A824107E46","smtp-message-acceptance","339","True","3.866",
"134e0ab3-c4ca-48af-ae1c-f2c091bf9001","MANIFEST_BOUND","hmail-perf-pair-delivery-20260901","A83052CA61D7F3853E97522D3F72DDA595DB61811511435D3030E4E230E8B07E","net10","hmail_perf_pair_net10_20260831_225556","C:\hmail-perf-pair-delivery-20260901\net10\Data","F6B2319F94B2989ACFC29A1A124895A151484996D94A2CC5266C1DDEAA7897AE","PASS","45FA907CE0D3797C1E13EBB2F03F076A25656CCE27E801C18F745ACD3944FBBD","5136EEC556F9790732AE759EF52F77FE6172329EA55787A80300C4A824107E46","smtp-message-acceptance","340","True","3.758",
"134e0ab3-c4ca-48af-ae1c-f2c091bf9001","MANIFEST_BOUND","hmail-perf-pair-delivery-20260901","A83052CA61D7F3853E97522D3F72DDA595DB61811511435D3030E4E230E8B07E","net10","hmail_perf_pair_net10_20260831_225556","C:\hmail-perf-pair-delivery-20260901\net10\Data","F6B2319F94B2989ACFC29A1A124895A151484996D94A2CC5266C1DDEAA7897AE","PASS","45FA907CE0D3797C1E13EBB2F03F076A25656CCE27E801C18F745ACD3944FBBD","5136EEC556F9790732AE759EF52F77FE6172329EA55787A80300C4A824107E46","smtp-message-acceptance","341","True","5.174",
"134e0ab3-c4ca-48af-ae1c-f2c091bf9001","MANIFEST_BOUND","hmail-perf-pair-delivery-20260901","A83052CA61D7F3853E97522D3F72DDA595DB61811511435D3030E4E230E8B07E","net10","hmail_perf_pair_net10_20260831_225556","C:\hmail-perf-pair-delivery-20260901\net10\Data","F6B2319F94B2989ACFC29A1A124895A151484996D94A2CC5266C1DDEAA7897AE","PASS","45FA907CE0D3797C1E13EBB2F03F076A25656CCE27E801C18F745ACD3944FBBD","5136EEC556F9790732AE759EF52F77FE6172329EA55787A80300C4A824107E46","smtp-message-acceptance","342","True","3.982",
"134e0ab3-c4ca-48af-ae1c-f2c091bf9001","MANIFEST_BOUND","hmail-perf-pair-delivery-20260901","A83052CA61D7F3853E97522D3F72DDA595DB61811511435D3030E4E230E8B07E","net10","hmail_perf_pair_net10_20260831_225556","C:\hmail-perf-pair-delivery-20260901\net10\Data","F6B2319F94B2989ACFC29A1A124895A151484996D94A2CC5266C1DDEAA7897AE","PASS","45FA907CE0D3797C1E13EBB2F03F076A25656CCE27E801C18F745ACD3944FBBD","5136EEC556F9790732AE759EF52F77FE6172329EA55787A80300C4A824107E46","smtp-message-acceptance","343","True","4.03",
"134e0ab3-c4ca-48af-ae1c-f2c091bf9001","MANIFEST_BOUND","hmail-perf-pair-delivery-20260901","A83052CA61D7F3853E97522D3F72DDA595DB61811511435D3030E4E230E8B07E","net10","hmail_perf_pair_net10_20260831_225556","C:\hmail-perf-pair-delivery-20260901\net10\Data","F6B2319F94B2989ACFC29A1A124895A151484996D94A2CC5266C1DDEAA7897AE","PASS","45FA907CE0D3797C1E13EBB2F03F076A25656CCE27E801C18F745ACD3944FBBD","5136EEC556F9790732AE759EF52F77FE6172329EA55787A80300C4A824107E46","smtp-message-acceptance","344","True","4.353",
"134e0ab3-c4ca-48af-ae1c-f2c091bf9001","MANIFEST_BOUND","hmail-perf-pair-delivery-20260901","A83052CA61D7F3853E97522D3F72DDA595DB61811511435D3030E4E230E8B07E","net10","hmail_perf_pair_net10_20260831_225556","C:\hmail-perf-pair-delivery-20260901\net10\Data","F6B2319F94B2989ACFC29A1A124895A151484996D94A2CC5266C1DDEAA7897AE","PASS","45FA907CE0D3797C1E13EBB2F03F076A25656CCE27E801C18F745ACD3944FBBD","5136EEC556F9790732AE759EF52F77FE6172329EA55787A80300C4A824107E46","smtp-message-acceptance","345","True","3.961",
"134e0ab3-c4ca-48af-ae1c-f2c091bf9001","MANIFEST_BOUND","hmail-perf-pair-delivery-20260901","A83052CA61D7F3853E97522D3F72DDA595DB61811511435D3030E4E230E8B07E","net10","hmail_perf_pair_net10_20260831_225556","C:\hmail-perf-pair-delivery-20260901\net10\Data","F6B2319F94B2989ACFC29A1A124895A151484996D94A2CC5266C1DDEAA7897AE","PASS","45FA907CE0D3797C1E13EBB2F03F076A25656CCE27E801C18F745ACD3944FBBD","5136EEC556F9790732AE759EF52F77FE6172329EA55787A80300C4A824107E46","smtp-message-acceptance","346","True","3.748",
"134e0ab3-c4ca-48af-ae1c-f2c091bf9001","MANIFEST_BOUND","hmail-perf-pair-delivery-20260901","A83052CA61D7F3853E97522D3F72DDA595DB61811511435D3030E4E230E8B07E","net10","hmail_perf_pair_net10_20260831_225556","C:\hmail-perf-pair-delivery-20260901\net10\Data","F6B2319F94B2989ACFC29A1A124895A151484996D94A2CC5266C1DDEAA7897AE","PASS","45FA907CE0D3797C1E13EBB2F03F076A25656CCE27E801C18F745ACD3944FBBD","5136EEC556F9790732AE759EF52F77FE6172329EA55787A80300C4A824107E46","smtp-message-acceptance","347","True","3.612",
"134e0ab3-c4ca-48af-ae1c-f2c091bf9001","MANIFEST_BOUND","hmail-perf-pair-delivery-20260901","A83052CA61D7F3853E97522D3F72DDA595DB61811511435D3030E4E230E8B07E","net10","hmail_perf_pair_net10_20260831_225556","C:\hmail-perf-pair-delivery-20260901\net10\Data","F6B2319F94B2989ACFC29A1A124895A151484996D94A2CC5266C1DDEAA7897AE","PASS","45FA907CE0D3797C1E13EBB2F03F076A25656CCE27E801C18F745ACD3944FBBD","5136EEC556F9790732AE759EF52F77FE6172329EA55787A80300C4A824107E46","smtp-message-acceptance","348","True","3.77",
"134e0ab3-c4ca-48af-ae1c-f2c091bf9001","MANIFEST_BOUND","hmail-perf-pair-delivery-20260901","A83052CA61D7F3853E97522D3F72DDA595DB61811511435D3030E4E230E8B07E","net10","hmail_perf_pair_net10_20260831_225556","C:\hmail-perf-pair-delivery-20260901\net10\Data","F6B2319F94B2989ACFC29A1A124895A151484996D94A2CC5266C1DDEAA7897AE","PASS","45FA907CE0D3797C1E13EBB2F03F076A25656CCE27E801C18F745ACD3944FBBD","5136EEC556F9790732AE759EF52F77FE6172329EA55787A80300C4A824107E46","smtp-message-acceptance","349","True","3.664",
"134e0ab3-c4ca-48af-ae1c-f2c091bf9001","MANIFEST_BOUND","hmail-perf-pair-delivery-20260901","A83052CA61D7F3853E97522D3F72DDA595DB61811511435D3030E4E230E8B07E","net10","hmail_perf_pair_net10_20260831_225556","C:\hmail-perf-pair-delivery-20260901\net10\Data","F6B2319F94B2989ACFC29A1A124895A151484996D94A2CC5266C1DDEAA7897AE","PASS","45FA907CE0D3797C1E13EBB2F03F076A25656CCE27E801C18F745ACD3944FBBD","5136EEC556F9790732AE759EF52F77FE6172329EA55787A80300C4A824107E46","smtp-message-acceptance","350","True","3.848",
"134e0ab3-c4ca-48af-ae1c-f2c091bf9001","MANIFEST_BOUND","hmail-perf-pair-delivery-20260901","A83052CA61D7F3853E97522D3F72DDA595DB61811511435D3030E4E230E8B07E","net10","hmail_perf_pair_net10_20260831_225556","C:\hmail-perf-pair-delivery-20260901\net10\Data","F6B2319F94B2989ACFC29A1A124895A151484996D94A2CC5266C1DDEAA7897AE","PASS","45FA907CE0D3797C1E13EBB2F03F076A25656CCE27E801C18F745ACD3944FBBD","5136EEC556F9790732AE759EF52F77FE6172329EA55787A80300C4A824107E46","smtp-message-acceptance","351","True","3.676",
"134e0ab3-c4ca-48af-ae1c-f2c091bf9001","MANIFEST_BOUND","hmail-perf-pair-delivery-20260901","A83052CA61D7F3853E97522D3F72DDA595DB61811511435D3030E4E230E8B07E","net10","hmail_perf_pair_net10_20260831_225556","C:\hmail-perf-pair-delivery-20260901\net10\Data","F6B2319F94B2989ACFC29A1A124895A151484996D94A2CC5266C1DDEAA7897AE","PASS","45FA907CE0D3797C1E13EBB2F03F076A25656CCE27E801C18F745ACD3944FBBD","5136EEC556F9790732AE759EF52F77FE6172329EA55787A80300C4A824107E46","smtp-message-acceptance","352","True","3.869",
"134e0ab3-c4ca-48af-ae1c-f2c091bf9001","MANIFEST_BOUND","hmail-perf-pair-delivery-20260901","A83052CA61D7F3853E97522D3F72DDA595DB61811511435D3030E4E230E8B07E","net10","hmail_perf_pair_net10_20260831_225556","C:\hmail-perf-pair-delivery-20260901\net10\Data","F6B2319F94B2989ACFC29A1A124895A151484996D94A2CC5266C1DDEAA7897AE","PASS","45FA907CE0D3797C1E13EBB2F03F076A25656CCE27E801C18F745ACD3944FBBD","5136EEC556F9790732AE759EF52F77FE6172329EA55787A80300C4A824107E46","smtp-message-acceptance","353","True","3.74",
"134e0ab3-c4ca-48af-ae1c-f2c091bf9001","MANIFEST_BOUND","hmail-perf-pair-delivery-20260901","A83052CA61D7F3853E97522D3F72DDA595DB61811511435D3030E4E230E8B07E","net10","hmail_perf_pair_net10_20260831_225556","C:\hmail-perf-pair-delivery-20260901\net10\Data","F6B2319F94B2989ACFC29A1A124895A151484996D94A2CC5266C1DDEAA7897AE","PASS","45FA907CE0D3797C1E13EBB2F03F076A25656CCE27E801C18F745ACD3944FBBD","5136EEC556F9790732AE759EF52F77FE6172329EA55787A80300C4A824107E46","smtp-message-acceptance","354","True","4.255",
"134e0ab3-c4ca-48af-ae1c-f2c091bf9001","MANIFEST_BOUND","hmail-perf-pair-delivery-20260901","A83052CA61D7F3853E97522D3F72DDA595DB61811511435D3030E4E230E8B07E","net10","hmail_perf_pair_net10_20260831_225556","C:\hmail-perf-pair-delivery-20260901\net10\Data","F6B2319F94B2989ACFC29A1A124895A151484996D94A2CC5266C1DDEAA7897AE","PASS","45FA907CE0D3797C1E13EBB2F03F076A25656CCE27E801C18F745ACD3944FBBD","5136EEC556F9790732AE759EF52F77FE6172329EA55787A80300C4A824107E46","smtp-message-acceptance","355","True","3.681",
"134e0ab3-c4ca-48af-ae1c-f2c091bf9001","MANIFEST_BOUND","hmail-perf-pair-delivery-20260901","A83052CA61D7F3853E97522D3F72DDA595DB61811511435D3030E4E230E8B07E","net10","hmail_perf_pair_net10_20260831_225556","C:\hmail-perf-pair-delivery-20260901\net10\Data","F6B2319F94B2989ACFC29A1A124895A151484996D94A2CC5266C1DDEAA7897AE","PASS","45FA907CE0D3797C1E13EBB2F03F076A25656CCE27E801C18F745ACD3944FBBD","5136EEC556F9790732AE759EF52F77FE6172329EA55787A80300C4A824107E46","smtp-message-acceptance","356","True","3.884",
"134e0ab3-c4ca-48af-ae1c-f2c091bf9001","MANIFEST_BOUND","hmail-perf-pair-delivery-20260901","A83052CA61D7F3853E97522D3F72DDA595DB61811511435D3030E4E230E8B07E","net10","hmail_perf_pair_net10_20260831_225556","C:\hmail-perf-pair-delivery-20260901\net10\Data","F6B2319F94B2989ACFC29A1A124895A151484996D94A2CC5266C1DDEAA7897AE","PASS","45FA907CE0D3797C1E13EBB2F03F076A25656CCE27E801C18F745ACD3944FBBD","5136EEC556F9790732AE759EF52F77FE6172329EA55787A80300C4A824107E46","smtp-message-acceptance","357","True","3.999",
"134e0ab3-c4ca-48af-ae1c-f2c091bf9001","MANIFEST_BOUND","hmail-perf-pair-delivery-20260901","A83052CA61D7F3853E97522D3F72DDA595DB61811511435D3030E4E230E8B07E","net10","hmail_perf_pair_net10_20260831_225556","C:\hmail-perf-pair-delivery-20260901\net10\Data","F6B2319F94B2989ACFC29A1A124895A151484996D94A2CC5266C1DDEAA7897AE","PASS","45FA907CE0D3797C1E13EBB2F03F076A25656CCE27E801C18F745ACD3944FBBD","5136EEC556F9790732AE759EF52F77FE6172329EA55787A80300C4A824107E46","smtp-message-acceptance","358","True","4.043",
"134e0ab3-c4ca-48af-ae1c-f2c091bf9001","MANIFEST_BOUND","hmail-perf-pair-delivery-20260901","A83052CA61D7F3853E97522D3F72DDA595DB61811511435D3030E4E230E8B07E","net10","hmail_perf_pair_net10_20260831_225556","C:\hmail-perf-pair-delivery-20260901\net10\Data","F6B2319F94B2989ACFC29A1A124895A151484996D94A2CC5266C1DDEAA7897AE","PASS","45FA907CE0D3797C1E13EBB2F03F076A25656CCE27E801C18F745ACD3944FBBD","5136EEC556F9790732AE759EF52F77FE6172329EA55787A80300C4A824107E46","smtp-message-acceptance","359","True","3.918",
"134e0ab3-c4ca-48af-ae1c-f2c091bf9001","MANIFEST_BOUND","hmail-perf-pair-delivery-20260901","A83052CA61D7F3853E97522D3F72DDA595DB61811511435D3030E4E230E8B07E","net10","hmail_perf_pair_net10_20260831_225556","C:\hmail-perf-pair-delivery-20260901\net10\Data","F6B2319F94B2989ACFC29A1A124895A151484996D94A2CC5266C1DDEAA7897AE","PASS","45FA907CE0D3797C1E13EBB2F03F076A25656CCE27E801C18F745ACD3944FBBD","5136EEC556F9790732AE759EF52F77FE6172329EA55787A80300C4A824107E46","smtp-message-acceptance","360","True","4.211",
"134e0ab3-c4ca-48af-ae1c-f2c091bf9001","MANIFEST_BOUND","hmail-perf-pair-delivery-20260901","A83052CA61D7F3853E97522D3F72DDA595DB61811511435D3030E4E230E8B07E","net10","hmail_perf_pair_net10_20260831_225556","C:\hmail-perf-pair-delivery-20260901\net10\Data","F6B2319F94B2989ACFC29A1A124895A151484996D94A2CC5266C1DDEAA7897AE","PASS","45FA907CE0D3797C1E13EBB2F03F076A25656CCE27E801C18F745ACD3944FBBD","5136EEC556F9790732AE759EF52F77FE6172329EA55787A80300C4A824107E46","smtp-message-acceptance","361","True","4.058",
"134e0ab3-c4ca-48af-ae1c-f2c091bf9001","MANIFEST_BOUND","hmail-perf-pair-delivery-20260901","A83052CA61D7F3853E97522D3F72DDA595DB61811511435D3030E4E230E8B07E","net10","hmail_perf_pair_net10_20260831_225556","C:\hmail-perf-pair-delivery-20260901\net10\Data","F6B2319F94B2989ACFC29A1A124895A151484996D94A2CC5266C1DDEAA7897AE","PASS","45FA907CE0D3797C1E13EBB2F03F076A25656CCE27E801C18F745ACD3944FBBD","5136EEC556F9790732AE759EF52F77FE6172329EA55787A80300C4A824107E46","smtp-message-acceptance","362","True","10.049",
"134e0ab3-c4ca-48af-ae1c-f2c091bf9001","MANIFEST_BOUND","hmail-perf-pair-delivery-20260901","A83052CA61D7F3853E97522D3F72DDA595DB61811511435D3030E4E230E8B07E","net10","hmail_perf_pair_net10_20260831_225556","C:\hmail-perf-pair-delivery-20260901\net10\Data","F6B2319F94B2989ACFC29A1A124895A151484996D94A2CC5266C1DDEAA7897AE","PASS","45FA907CE0D3797C1E13EBB2F03F076A25656CCE27E801C18F745ACD3944FBBD","5136EEC556F9790732AE759EF52F77FE6172329EA55787A80300C4A824107E46","smtp-message-acceptance","363","True","5.873",
"134e0ab3-c4ca-48af-ae1c-f2c091bf9001","MANIFEST_BOUND","hmail-perf-pair-delivery-20260901","A83052CA61D7F3853E97522D3F72DDA595DB61811511435D3030E4E230E8B07E","net10","hmail_perf_pair_net10_20260831_225556","C:\hmail-perf-pair-delivery-20260901\net10\Data","F6B2319F94B2989ACFC29A1A124895A151484996D94A2CC5266C1DDEAA7897AE","PASS","45FA907CE0D3797C1E13EBB2F03F076A25656CCE27E801C18F745ACD3944FBBD","5136EEC556F9790732AE759EF52F77FE6172329EA55787A80300C4A824107E46","smtp-message-acceptance","364","True","4.54",
"134e0ab3-c4ca-48af-ae1c-f2c091bf9001","MANIFEST_BOUND","hmail-perf-pair-delivery-20260901","A83052CA61D7F3853E97522D3F72DDA595DB61811511435D3030E4E230E8B07E","net10","hmail_perf_pair_net10_20260831_225556","C:\hmail-perf-pair-delivery-20260901\net10\Data","F6B2319F94B2989ACFC29A1A124895A151484996D94A2CC5266C1DDEAA7897AE","PASS","45FA907CE0D3797C1E13EBB2F03F076A25656CCE27E801C18F745ACD3944FBBD","5136EEC556F9790732AE759EF52F77FE6172329EA55787A80300C4A824107E46","smtp-message-acceptance","365","True","4.3",
"134e0ab3-c4ca-48af-ae1c-f2c091bf9001","MANIFEST_BOUND","hmail-perf-pair-delivery-20260901","A83052CA61D7F3853E97522D3F72DDA595DB61811511435D3030E4E230E8B07E","net10","hmail_perf_pair_net10_20260831_225556","C:\hmail-perf-pair-delivery-20260901\net10\Data","F6B2319F94B2989ACFC29A1A124895A151484996D94A2CC5266C1DDEAA7897AE","PASS","45FA907CE0D3797C1E13EBB2F03F076A25656CCE27E801C18F745ACD3944FBBD","5136EEC556F9790732AE759EF52F77FE6172329EA55787A80300C4A824107E46","smtp-message-acceptance","366","True","4.637",
"134e0ab3-c4ca-48af-ae1c-f2c091bf9001","MANIFEST_BOUND","hmail-perf-pair-delivery-20260901","A83052CA61D7F3853E97522D3F72DDA595DB61811511435D3030E4E230E8B07E","net10","hmail_perf_pair_net10_20260831_225556","C:\hmail-perf-pair-delivery-20260901\net10\Data","F6B2319F94B2989ACFC29A1A124895A151484996D94A2CC5266C1DDEAA7897AE","PASS","45FA907CE0D3797C1E13EBB2F03F076A25656CCE27E801C18F745ACD3944FBBD","5136EEC556F9790732AE759EF52F77FE6172329EA55787A80300C4A824107E46","smtp-message-acceptance","367","True","4.42",
"134e0ab3-c4ca-48af-ae1c-f2c091bf9001","MANIFEST_BOUND","hmail-perf-pair-delivery-20260901","A83052CA61D7F3853E97522D3F72DDA595DB61811511435D3030E4E230E8B07E","net10","hmail_perf_pair_net10_20260831_225556","C:\hmail-perf-pair-delivery-20260901\net10\Data","F6B2319F94B2989ACFC29A1A124895A151484996D94A2CC5266C1DDEAA7897AE","PASS","45FA907CE0D3797C1E13EBB2F03F076A25656CCE27E801C18F745ACD3944FBBD","5136EEC556F9790732AE759EF52F77FE6172329EA55787A80300C4A824107E46","smtp-message-acceptance","368","True","3.781",
"134e0ab3-c4ca-48af-ae1c-f2c091bf9001","MANIFEST_BOUND","hmail-perf-pair-delivery-20260901","A83052CA61D7F3853E97522D3F72DDA595DB61811511435D3030E4E230E8B07E","net10","hmail_perf_pair_net10_20260831_225556","C:\hmail-perf-pair-delivery-20260901\net10\Data","F6B2319F94B2989ACFC29A1A124895A151484996D94A2CC5266C1DDEAA7897AE","PASS","45FA907CE0D3797C1E13EBB2F03F076A25656CCE27E801C18F745ACD3944FBBD","5136EEC556F9790732AE759EF52F77FE6172329EA55787A80300C4A824107E46","smtp-message-acceptance","369","True","3.863",
"134e0ab3-c4ca-48af-ae1c-f2c091bf9001","MANIFEST_BOUND","hmail-perf-pair-delivery-20260901","A83052CA61D7F3853E97522D3F72DDA595DB61811511435D3030E4E230E8B07E","net10","hmail_perf_pair_net10_20260831_225556","C:\hmail-perf-pair-delivery-20260901\net10\Data","F6B2319F94B2989ACFC29A1A124895A151484996D94A2CC5266C1DDEAA7897AE","PASS","45FA907CE0D3797C1E13EBB2F03F076A25656CCE27E801C18F745ACD3944FBBD","5136EEC556F9790732AE759EF52F77FE6172329EA55787A80300C4A824107E46","smtp-message-acceptance","370","True","3.98",
"134e0ab3-c4ca-48af-ae1c-f2c091bf9001","MANIFEST_BOUND","hmail-perf-pair-delivery-20260901","A83052CA61D7F3853E97522D3F72DDA595DB61811511435D3030E4E230E8B07E","net10","hmail_perf_pair_net10_20260831_225556","C:\hmail-perf-pair-delivery-20260901\net10\Data","F6B2319F94B2989ACFC29A1A124895A151484996D94A2CC5266C1DDEAA7897AE","PASS","45FA907CE0D3797C1E13EBB2F03F076A25656CCE27E801C18F745ACD3944FBBD","5136EEC556F9790732AE759EF52F77FE6172329EA55787A80300C4A824107E46","smtp-message-acceptance","371","True","3.917",
"134e0ab3-c4ca-48af-ae1c-f2c091bf9001","MANIFEST_BOUND","hmail-perf-pair-delivery-20260901","A83052CA61D7F3853E97522D3F72DDA595DB61811511435D3030E4E230E8B07E","net10","hmail_perf_pair_net10_20260831_225556","C:\hmail-perf-pair-delivery-20260901\net10\Data","F6B2319F94B2989ACFC29A1A124895A151484996D94A2CC5266C1DDEAA7897AE","PASS","45FA907CE0D3797C1E13EBB2F03F076A25656CCE27E801C18F745ACD3944FBBD","5136EEC556F9790732AE759EF52F77FE6172329EA55787A80300C4A824107E46","smtp-message-acceptance","372","True","3.948",
"134e0ab3-c4ca-48af-ae1c-f2c091bf9001","MANIFEST_BOUND","hmail-perf-pair-delivery-20260901","A83052CA61D7F3853E97522D3F72DDA595DB61811511435D3030E4E230E8B07E","net10","hmail_perf_pair_net10_20260831_225556","C:\hmail-perf-pair-delivery-20260901\net10\Data","F6B2319F94B2989ACFC29A1A124895A151484996D94A2CC5266C1DDEAA7897AE","PASS","45FA907CE0D3797C1E13EBB2F03F076A25656CCE27E801C18F745ACD3944FBBD","5136EEC556F9790732AE759EF52F77FE6172329EA55787A80300C4A824107E46","smtp-message-acceptance","373","True","4.012",
"134e0ab3-c4ca-48af-ae1c-f2c091bf9001","MANIFEST_BOUND","hmail-perf-pair-delivery-20260901","A83052CA61D7F3853E97522D3F72DDA595DB61811511435D3030E4E230E8B07E","net10","hmail_perf_pair_net10_20260831_225556","C:\hmail-perf-pair-delivery-20260901\net10\Data","F6B2319F94B2989ACFC29A1A124895A151484996D94A2CC5266C1DDEAA7897AE","PASS","45FA907CE0D3797C1E13EBB2F03F076A25656CCE27E801C18F745ACD3944FBBD","5136EEC556F9790732AE759EF52F77FE6172329EA55787A80300C4A824107E46","smtp-message-acceptance","374","True","3.825",
"134e0ab3-c4ca-48af-ae1c-f2c091bf9001","MANIFEST_BOUND","hmail-perf-pair-delivery-20260901","A83052CA61D7F3853E97522D3F72DDA595DB61811511435D3030E4E230E8B07E","net10","hmail_perf_pair_net10_20260831_225556","C:\hmail-perf-pair-delivery-20260901\net10\Data","F6B2319F94B2989ACFC29A1A124895A151484996D94A2CC5266C1DDEAA7897AE","PASS","45FA907CE0D3797C1E13EBB2F03F076A25656CCE27E801C18F745ACD3944FBBD","5136EEC556F9790732AE759EF52F77FE6172329EA55787A80300C4A824107E46","smtp-message-acceptance","375","True","4.097",
"134e0ab3-c4ca-48af-ae1c-f2c091bf9001","MANIFEST_BOUND","hmail-perf-pair-delivery-20260901","A83052CA61D7F3853E97522D3F72DDA595DB61811511435D3030E4E230E8B07E","net10","hmail_perf_pair_net10_20260831_225556","C:\hmail-perf-pair-delivery-20260901\net10\Data","F6B2319F94B2989ACFC29A1A124895A151484996D94A2CC5266C1DDEAA7897AE","PASS","45FA907CE0D3797C1E13EBB2F03F076A25656CCE27E801C18F745ACD3944FBBD","5136EEC556F9790732AE759EF52F77FE6172329EA55787A80300C4A824107E46","smtp-message-acceptance","376","True","4.384",
"134e0ab3-c4ca-48af-ae1c-f2c091bf9001","MANIFEST_BOUND","hmail-perf-pair-delivery-20260901","A83052CA61D7F3853E97522D3F72DDA595DB61811511435D3030E4E230E8B07E","net10","hmail_perf_pair_net10_20260831_225556","C:\hmail-perf-pair-delivery-20260901\net10\Data","F6B2319F94B2989ACFC29A1A124895A151484996D94A2CC5266C1DDEAA7897AE","PASS","45FA907CE0D3797C1E13EBB2F03F076A25656CCE27E801C18F745ACD3944FBBD","5136EEC556F9790732AE759EF52F77FE6172329EA55787A80300C4A824107E46","smtp-message-acceptance","377","True","4.167",
"134e0ab3-c4ca-48af-ae1c-f2c091bf9001","MANIFEST_BOUND","hmail-perf-pair-delivery-20260901","A83052CA61D7F3853E97522D3F72DDA595DB61811511435D3030E4E230E8B07E","net10","hmail_perf_pair_net10_20260831_225556","C:\hmail-perf-pair-delivery-20260901\net10\Data","F6B2319F94B2989ACFC29A1A124895A151484996D94A2CC5266C1DDEAA7897AE","PASS","45FA907CE0D3797C1E13EBB2F03F076A25656CCE27E801C18F745ACD3944FBBD","5136EEC556F9790732AE759EF52F77FE6172329EA55787A80300C4A824107E46","smtp-message-acceptance","378","True","4.221",
"134e0ab3-c4ca-48af-ae1c-f2c091bf9001","MANIFEST_BOUND","hmail-perf-pair-delivery-20260901","A83052CA61D7F3853E97522D3F72DDA595DB61811511435D3030E4E230E8B07E","net10","hmail_perf_pair_net10_20260831_225556","C:\hmail-perf-pair-delivery-20260901\net10\Data","F6B2319F94B2989ACFC29A1A124895A151484996D94A2CC5266C1DDEAA7897AE","PASS","45FA907CE0D3797C1E13EBB2F03F076A25656CCE27E801C18F745ACD3944FBBD","5136EEC556F9790732AE759EF52F77FE6172329EA55787A80300C4A824107E46","smtp-message-acceptance","379","True","3.894",
"134e0ab3-c4ca-48af-ae1c-f2c091bf9001","MANIFEST_BOUND","hmail-perf-pair-delivery-20260901","A83052CA61D7F3853E97522D3F72DDA595DB61811511435D3030E4E230E8B07E","net10","hmail_perf_pair_net10_20260831_225556","C:\hmail-perf-pair-delivery-20260901\net10\Data","F6B2319F94B2989ACFC29A1A124895A151484996D94A2CC5266C1DDEAA7897AE","PASS","45FA907CE0D3797C1E13EBB2F03F076A25656CCE27E801C18F745ACD3944FBBD","5136EEC556F9790732AE759EF52F77FE6172329EA55787A80300C4A824107E46","smtp-message-acceptance","380","True","3.657",
"134e0ab3-c4ca-48af-ae1c-f2c091bf9001","MANIFEST_BOUND","hmail-perf-pair-delivery-20260901","A83052CA61D7F3853E97522D3F72DDA595DB61811511435D3030E4E230E8B07E","net10","hmail_perf_pair_net10_20260831_225556","C:\hmail-perf-pair-delivery-20260901\net10\Data","F6B2319F94B2989ACFC29A1A124895A151484996D94A2CC5266C1DDEAA7897AE","PASS","45FA907CE0D3797C1E13EBB2F03F076A25656CCE27E801C18F745ACD3944FBBD","5136EEC556F9790732AE759EF52F77FE6172329EA55787A80300C4A824107E46","smtp-message-acceptance","381","True","3.933",
"134e0ab3-c4ca-48af-ae1c-f2c091bf9001","MANIFEST_BOUND","hmail-perf-pair-delivery-20260901","A83052CA61D7F3853E97522D3F72DDA595DB61811511435D3030E4E230E8B07E","net10","hmail_perf_pair_net10_20260831_225556","C:\hmail-perf-pair-delivery-20260901\net10\Data","F6B2319F94B2989ACFC29A1A124895A151484996D94A2CC5266C1DDEAA7897AE","PASS","45FA907CE0D3797C1E13EBB2F03F076A25656CCE27E801C18F745ACD3944FBBD","5136EEC556F9790732AE759EF52F77FE6172329EA55787A80300C4A824107E46","smtp-message-acceptance","382","True","4.069",
"134e0ab3-c4ca-48af-ae1c-f2c091bf9001","MANIFEST_BOUND","hmail-perf-pair-delivery-20260901","A83052CA61D7F3853E97522D3F72DDA595DB61811511435D3030E4E230E8B07E","net10","hmail_perf_pair_net10_20260831_225556","C:\hmail-perf-pair-delivery-20260901\net10\Data","F6B2319F94B2989ACFC29A1A124895A151484996D94A2CC5266C1DDEAA7897AE","PASS","45FA907CE0D3797C1E13EBB2F03F076A25656CCE27E801C18F745ACD3944FBBD","5136EEC556F9790732AE759EF52F77FE6172329EA55787A80300C4A824107E46","smtp-message-acceptance","383","True","4.01",
"134e0ab3-c4ca-48af-ae1c-f2c091bf9001","MANIFEST_BOUND","hmail-perf-pair-delivery-20260901","A83052CA61D7F3853E97522D3F72DDA595DB61811511435D3030E4E230E8B07E","net10","hmail_perf_pair_net10_20260831_225556","C:\hmail-perf-pair-delivery-20260901\net10\Data","F6B2319F94B2989ACFC29A1A124895A151484996D94A2CC5266C1DDEAA7897AE","PASS","45FA907CE0D3797C1E13EBB2F03F076A25656CCE27E801C18F745ACD3944FBBD","5136EEC556F9790732AE759EF52F77FE6172329EA55787A80300C4A824107E46","smtp-message-acceptance","384","True","3.717",
"134e0ab3-c4ca-48af-ae1c-f2c091bf9001","MANIFEST_BOUND","hmail-perf-pair-delivery-20260901","A83052CA61D7F3853E97522D3F72DDA595DB61811511435D3030E4E230E8B07E","net10","hmail_perf_pair_net10_20260831_225556","C:\hmail-perf-pair-delivery-20260901\net10\Data","F6B2319F94B2989ACFC29A1A124895A151484996D94A2CC5266C1DDEAA7897AE","PASS","45FA907CE0D3797C1E13EBB2F03F076A25656CCE27E801C18F745ACD3944FBBD","5136EEC556F9790732AE759EF52F77FE6172329EA55787A80300C4A824107E46","smtp-message-acceptance","385","True","4.361",
"134e0ab3-c4ca-48af-ae1c-f2c091bf9001","MANIFEST_BOUND","hmail-perf-pair-delivery-20260901","A83052CA61D7F3853E97522D3F72DDA595DB61811511435D3030E4E230E8B07E","net10","hmail_perf_pair_net10_20260831_225556","C:\hmail-perf-pair-delivery-20260901\net10\Data","F6B2319F94B2989ACFC29A1A124895A151484996D94A2CC5266C1DDEAA7897AE","PASS","45FA907CE0D3797C1E13EBB2F03F076A25656CCE27E801C18F745ACD3944FBBD","5136EEC556F9790732AE759EF52F77FE6172329EA55787A80300C4A824107E46","smtp-message-acceptance","386","True","3.887",
"134e0ab3-c4ca-48af-ae1c-f2c091bf9001","MANIFEST_BOUND","hmail-perf-pair-delivery-20260901","A83052CA61D7F3853E97522D3F72DDA595DB61811511435D3030E4E230E8B07E","net10","hmail_perf_pair_net10_20260831_225556","C:\hmail-perf-pair-delivery-20260901\net10\Data","F6B2319F94B2989ACFC29A1A124895A151484996D94A2CC5266C1DDEAA7897AE","PASS","45FA907CE0D3797C1E13EBB2F03F076A25656CCE27E801C18F745ACD3944FBBD","5136EEC556F9790732AE759EF52F77FE6172329EA55787A80300C4A824107E46","smtp-message-acceptance","387","True","3.697",
"134e0ab3-c4ca-48af-ae1c-f2c091bf9001","MANIFEST_BOUND","hmail-perf-pair-delivery-20260901","A83052CA61D7F3853E97522D3F72DDA595DB61811511435D3030E4E230E8B07E","net10","hmail_perf_pair_net10_20260831_225556","C:\hmail-perf-pair-delivery-20260901\net10\Data","F6B2319F94B2989ACFC29A1A124895A151484996D94A2CC5266C1DDEAA7897AE","PASS","45FA907CE0D3797C1E13EBB2F03F076A25656CCE27E801C18F745ACD3944FBBD","5136EEC556F9790732AE759EF52F77FE6172329EA55787A80300C4A824107E46","smtp-message-acceptance","388","True","3.837",
"134e0ab3-c4ca-48af-ae1c-f2c091bf9001","MANIFEST_BOUND","hmail-perf-pair-delivery-20260901","A83052CA61D7F3853E97522D3F72DDA595DB61811511435D3030E4E230E8B07E","net10","hmail_perf_pair_net10_20260831_225556","C:\hmail-perf-pair-delivery-20260901\net10\Data","F6B2319F94B2989ACFC29A1A124895A151484996D94A2CC5266C1DDEAA7897AE","PASS","45FA907CE0D3797C1E13EBB2F03F076A25656CCE27E801C18F745ACD3944FBBD","5136EEC556F9790732AE759EF52F77FE6172329EA55787A80300C4A824107E46","smtp-message-acceptance","389","True","3.836",
"134e0ab3-c4ca-48af-ae1c-f2c091bf9001","MANIFEST_BOUND","hmail-perf-pair-delivery-20260901","A83052CA61D7F3853E97522D3F72DDA595DB61811511435D3030E4E230E8B07E","net10","hmail_perf_pair_net10_20260831_225556","C:\hmail-perf-pair-delivery-20260901\net10\Data","F6B2319F94B2989ACFC29A1A124895A151484996D94A2CC5266C1DDEAA7897AE","PASS","45FA907CE0D3797C1E13EBB2F03F076A25656CCE27E801C18F745ACD3944FBBD","5136EEC556F9790732AE759EF52F77FE6172329EA55787A80300C4A824107E46","smtp-message-acceptance","390","True","3.74",
"134e0ab3-c4ca-48af-ae1c-f2c091bf9001","MANIFEST_BOUND","hmail-perf-pair-delivery-20260901","A83052CA61D7F3853E97522D3F72DDA595DB61811511435D3030E4E230E8B07E","net10","hmail_perf_pair_net10_20260831_225556","C:\hmail-perf-pair-delivery-20260901\net10\Data","F6B2319F94B2989ACFC29A1A124895A151484996D94A2CC5266C1DDEAA7897AE","PASS","45FA907CE0D3797C1E13EBB2F03F076A25656CCE27E801C18F745ACD3944FBBD","5136EEC556F9790732AE759EF52F77FE6172329EA55787A80300C4A824107E46","smtp-message-acceptance","391","True","3.792",
"134e0ab3-c4ca-48af-ae1c-f2c091bf9001","MANIFEST_BOUND","hmail-perf-pair-delivery-20260901","A83052CA61D7F3853E97522D3F72DDA595DB61811511435D3030E4E230E8B07E","net10","hmail_perf_pair_net10_20260831_225556","C:\hmail-perf-pair-delivery-20260901\net10\Data","F6B2319F94B2989ACFC29A1A124895A151484996D94A2CC5266C1DDEAA7897AE","PASS","45FA907CE0D3797C1E13EBB2F03F076A25656CCE27E801C18F745ACD3944FBBD","5136EEC556F9790732AE759EF52F77FE6172329EA55787A80300C4A824107E46","smtp-message-acceptance","392","True","4.078",
"134e0ab3-c4ca-48af-ae1c-f2c091bf9001","MANIFEST_BOUND","hmail-perf-pair-delivery-20260901","A83052CA61D7F3853E97522D3F72DDA595DB61811511435D3030E4E230E8B07E","net10","hmail_perf_pair_net10_20260831_225556","C:\hmail-perf-pair-delivery-20260901\net10\Data","F6B2319F94B2989ACFC29A1A124895A151484996D94A2CC5266C1DDEAA7897AE","PASS","45FA907CE0D3797C1E13EBB2F03F076A25656CCE27E801C18F745ACD3944FBBD","5136EEC556F9790732AE759EF52F77FE6172329EA55787A80300C4A824107E46","smtp-message-acceptance","393","True","3.832",
"134e0ab3-c4ca-48af-ae1c-f2c091bf9001","MANIFEST_BOUND","hmail-perf-pair-delivery-20260901","A83052CA61D7F3853E97522D3F72DDA595DB61811511435D3030E4E230E8B07E","net10","hmail_perf_pair_net10_20260831_225556","C:\hmail-perf-pair-delivery-20260901\net10\Data","F6B2319F94B2989ACFC29A1A124895A151484996D94A2CC5266C1DDEAA7897AE","PASS","45FA907CE0D3797C1E13EBB2F03F076A25656CCE27E801C18F745ACD3944FBBD","5136EEC556F9790732AE759EF52F77FE6172329EA55787A80300C4A824107E46","smtp-message-acceptance","394","True","3.843",
"134e0ab3-c4ca-48af-ae1c-f2c091bf9001","MANIFEST_BOUND","hmail-perf-pair-delivery-20260901","A83052CA61D7F3853E97522D3F72DDA595DB61811511435D3030E4E230E8B07E","net10","hmail_perf_pair_net10_20260831_225556","C:\hmail-perf-pair-delivery-20260901\net10\Data","F6B2319F94B2989ACFC29A1A124895A151484996D94A2CC5266C1DDEAA7897AE","PASS","45FA907CE0D3797C1E13EBB2F03F076A25656CCE27E801C18F745ACD3944FBBD","5136EEC556F9790732AE759EF52F77FE6172329EA55787A80300C4A824107E46","smtp-message-acceptance","395","True","3.823",
"134e0ab3-c4ca-48af-ae1c-f2c091bf9001","MANIFEST_BOUND","hmail-perf-pair-delivery-20260901","A83052CA61D7F3853E97522D3F72DDA595DB61811511435D3030E4E230E8B07E","net10","hmail_perf_pair_net10_20260831_225556","C:\hmail-perf-pair-delivery-20260901\net10\Data","F6B2319F94B2989ACFC29A1A124895A151484996D94A2CC5266C1DDEAA7897AE","PASS","45FA907CE0D3797C1E13EBB2F03F076A25656CCE27E801C18F745ACD3944FBBD","5136EEC556F9790732AE759EF52F77FE6172329EA55787A80300C4A824107E46","smtp-message-acceptance","396","True","3.834",
"134e0ab3-c4ca-48af-ae1c-f2c091bf9001","MANIFEST_BOUND","hmail-perf-pair-delivery-20260901","A83052CA61D7F3853E97522D3F72DDA595DB61811511435D3030E4E230E8B07E","net10","hmail_perf_pair_net10_20260831_225556","C:\hmail-perf-pair-delivery-20260901\net10\Data","F6B2319F94B2989ACFC29A1A124895A151484996D94A2CC5266C1DDEAA7897AE","PASS","45FA907CE0D3797C1E13EBB2F03F076A25656CCE27E801C18F745ACD3944FBBD","5136EEC556F9790732AE759EF52F77FE6172329EA55787A80300C4A824107E46","smtp-message-acceptance","397","True","3.926",
"134e0ab3-c4ca-48af-ae1c-f2c091bf9001","MANIFEST_BOUND","hmail-perf-pair-delivery-20260901","A83052CA61D7F3853E97522D3F72DDA595DB61811511435D3030E4E230E8B07E","net10","hmail_perf_pair_net10_20260831_225556","C:\hmail-perf-pair-delivery-20260901\net10\Data","F6B2319F94B2989ACFC29A1A124895A151484996D94A2CC5266C1DDEAA7897AE","PASS","45FA907CE0D3797C1E13EBB2F03F076A25656CCE27E801C18F745ACD3944FBBD","5136EEC556F9790732AE759EF52F77FE6172329EA55787A80300C4A824107E46","smtp-message-acceptance","398","True","3.876",
"134e0ab3-c4ca-48af-ae1c-f2c091bf9001","MANIFEST_BOUND","hmail-perf-pair-delivery-20260901","A83052CA61D7F3853E97522D3F72DDA595DB61811511435D3030E4E230E8B07E","net10","hmail_perf_pair_net10_20260831_225556","C:\hmail-perf-pair-delivery-20260901\net10\Data","F6B2319F94B2989ACFC29A1A124895A151484996D94A2CC5266C1DDEAA7897AE","PASS","45FA907CE0D3797C1E13EBB2F03F076A25656CCE27E801C18F745ACD3944FBBD","5136EEC556F9790732AE759EF52F77FE6172329EA55787A80300C4A824107E46","smtp-message-acceptance","399","True","3.612",
"134e0ab3-c4ca-48af-ae1c-f2c091bf9001","MANIFEST_BOUND","hmail-perf-pair-delivery-20260901","A83052CA61D7F3853E97522D3F72DDA595DB61811511435D3030E4E230E8B07E","net10","hmail_perf_pair_net10_20260831_225556","C:\hmail-perf-pair-delivery-20260901\net10\Data","F6B2319F94B2989ACFC29A1A124895A151484996D94A2CC5266C1DDEAA7897AE","PASS","45FA907CE0D3797C1E13EBB2F03F076A25656CCE27E801C18F745ACD3944FBBD","5136EEC556F9790732AE759EF52F77FE6172329EA55787A80300C4A824107E46","smtp-message-acceptance","400","True","3.687",
"134e0ab3-c4ca-48af-ae1c-f2c091bf9001","MANIFEST_BOUND","hmail-perf-pair-delivery-20260901","A83052CA61D7F3853E97522D3F72DDA595DB61811511435D3030E4E230E8B07E","net10","hmail_perf_pair_net10_20260831_225556","C:\hmail-perf-pair-delivery-20260901\net10\Data","F6B2319F94B2989ACFC29A1A124895A151484996D94A2CC5266C1DDEAA7897AE","PASS","45FA907CE0D3797C1E13EBB2F03F076A25656CCE27E801C18F745ACD3944FBBD","5136EEC556F9790732AE759EF52F77FE6172329EA55787A80300C4A824107E46","smtp-message-acceptance","401","True","3.675",
"134e0ab3-c4ca-48af-ae1c-f2c091bf9001","MANIFEST_BOUND","hmail-perf-pair-delivery-20260901","A83052CA61D7F3853E97522D3F72DDA595DB61811511435D3030E4E230E8B07E","net10","hmail_perf_pair_net10_20260831_225556","C:\hmail-perf-pair-delivery-20260901\net10\Data","F6B2319F94B2989ACFC29A1A124895A151484996D94A2CC5266C1DDEAA7897AE","PASS","45FA907CE0D3797C1E13EBB2F03F076A25656CCE27E801C18F745ACD3944FBBD","5136EEC556F9790732AE759EF52F77FE6172329EA55787A80300C4A824107E46","smtp-message-acceptance","402","True","3.758",
"134e0ab3-c4ca-48af-ae1c-f2c091bf9001","MANIFEST_BOUND","hmail-perf-pair-delivery-20260901","A83052CA61D7F3853E97522D3F72DDA595DB61811511435D3030E4E230E8B07E","net10","hmail_perf_pair_net10_20260831_225556","C:\hmail-perf-pair-delivery-20260901\net10\Data","F6B2319F94B2989ACFC29A1A124895A151484996D94A2CC5266C1DDEAA7897AE","PASS","45FA907CE0D3797C1E13EBB2F03F076A25656CCE27E801C18F745ACD3944FBBD","5136EEC556F9790732AE759EF52F77FE6172329EA55787A80300C4A824107E46","smtp-message-acceptance","403","True","3.581",
"134e0ab3-c4ca-48af-ae1c-f2c091bf9001","MANIFEST_BOUND","hmail-perf-pair-delivery-20260901","A83052CA61D7F3853E97522D3F72DDA595DB61811511435D3030E4E230E8B07E","net10","hmail_perf_pair_net10_20260831_225556","C:\hmail-perf-pair-delivery-20260901\net10\Data","F6B2319F94B2989ACFC29A1A124895A151484996D94A2CC5266C1DDEAA7897AE","PASS","45FA907CE0D3797C1E13EBB2F03F076A25656CCE27E801C18F745ACD3944FBBD","5136EEC556F9790732AE759EF52F77FE6172329EA55787A80300C4A824107E46","smtp-message-acceptance","404","True","3.877",
"134e0ab3-c4ca-48af-ae1c-f2c091bf9001","MANIFEST_BOUND","hmail-perf-pair-delivery-20260901","A83052CA61D7F3853E97522D3F72DDA595DB61811511435D3030E4E230E8B07E","net10","hmail_perf_pair_net10_20260831_225556","C:\hmail-perf-pair-delivery-20260901\net10\Data","F6B2319F94B2989ACFC29A1A124895A151484996D94A2CC5266C1DDEAA7897AE","PASS","45FA907CE0D3797C1E13EBB2F03F076A25656CCE27E801C18F745ACD3944FBBD","5136EEC556F9790732AE759EF52F77FE6172329EA55787A80300C4A824107E46","smtp-message-acceptance","405","True","3.856",
"134e0ab3-c4ca-48af-ae1c-f2c091bf9001","MANIFEST_BOUND","hmail-perf-pair-delivery-20260901","A83052CA61D7F3853E97522D3F72DDA595DB61811511435D3030E4E230E8B07E","net10","hmail_perf_pair_net10_20260831_225556","C:\hmail-perf-pair-delivery-20260901\net10\Data","F6B2319F94B2989ACFC29A1A124895A151484996D94A2CC5266C1DDEAA7897AE","PASS","45FA907CE0D3797C1E13EBB2F03F076A25656CCE27E801C18F745ACD3944FBBD","5136EEC556F9790732AE759EF52F77FE6172329EA55787A80300C4A824107E46","smtp-message-acceptance","406","True","4.286",
"134e0ab3-c4ca-48af-ae1c-f2c091bf9001","MANIFEST_BOUND","hmail-perf-pair-delivery-20260901","A83052CA61D7F3853E97522D3F72DDA595DB61811511435D3030E4E230E8B07E","net10","hmail_perf_pair_net10_20260831_225556","C:\hmail-perf-pair-delivery-20260901\net10\Data","F6B2319F94B2989ACFC29A1A124895A151484996D94A2CC5266C1DDEAA7897AE","PASS","45FA907CE0D3797C1E13EBB2F03F076A25656CCE27E801C18F745ACD3944FBBD","5136EEC556F9790732AE759EF52F77FE6172329EA55787A80300C4A824107E46","smtp-message-acceptance","407","True","4.334",
"134e0ab3-c4ca-48af-ae1c-f2c091bf9001","MANIFEST_BOUND","hmail-perf-pair-delivery-20260901","A83052CA61D7F3853E97522D3F72DDA595DB61811511435D3030E4E230E8B07E","net10","hmail_perf_pair_net10_20260831_225556","C:\hmail-perf-pair-delivery-20260901\net10\Data","F6B2319F94B2989ACFC29A1A124895A151484996D94A2CC5266C1DDEAA7897AE","PASS","45FA907CE0D3797C1E13EBB2F03F076A25656CCE27E801C18F745ACD3944FBBD","5136EEC556F9790732AE759EF52F77FE6172329EA55787A80300C4A824107E46","smtp-message-acceptance","408","True","4.348",
"134e0ab3-c4ca-48af-ae1c-f2c091bf9001","MANIFEST_BOUND","hmail-perf-pair-delivery-20260901","A83052CA61D7F3853E97522D3F72DDA595DB61811511435D3030E4E230E8B07E","net10","hmail_perf_pair_net10_20260831_225556","C:\hmail-perf-pair-delivery-20260901\net10\Data","F6B2319F94B2989ACFC29A1A124895A151484996D94A2CC5266C1DDEAA7897AE","PASS","45FA907CE0D3797C1E13EBB2F03F076A25656CCE27E801C18F745ACD3944FBBD","5136EEC556F9790732AE759EF52F77FE6172329EA55787A80300C4A824107E46","smtp-message-acceptance","409","True","3.866",
"134e0ab3-c4ca-48af-ae1c-f2c091bf9001","MANIFEST_BOUND","hmail-perf-pair-delivery-20260901","A83052CA61D7F3853E97522D3F72DDA595DB61811511435D3030E4E230E8B07E","net10","hmail_perf_pair_net10_20260831_225556","C:\hmail-perf-pair-delivery-20260901\net10\Data","F6B2319F94B2989ACFC29A1A124895A151484996D94A2CC5266C1DDEAA7897AE","PASS","45FA907CE0D3797C1E13EBB2F03F076A25656CCE27E801C18F745ACD3944FBBD","5136EEC556F9790732AE759EF52F77FE6172329EA55787A80300C4A824107E46","smtp-message-acceptance","410","True","3.946",
"134e0ab3-c4ca-48af-ae1c-f2c091bf9001","MANIFEST_BOUND","hmail-perf-pair-delivery-20260901","A83052CA61D7F3853E97522D3F72DDA595DB61811511435D3030E4E230E8B07E","net10","hmail_perf_pair_net10_20260831_225556","C:\hmail-perf-pair-delivery-20260901\net10\Data","F6B2319F94B2989ACFC29A1A124895A151484996D94A2CC5266C1DDEAA7897AE","PASS","45FA907CE0D3797C1E13EBB2F03F076A25656CCE27E801C18F745ACD3944FBBD","5136EEC556F9790732AE759EF52F77FE6172329EA55787A80300C4A824107E46","smtp-message-acceptance","411","True","3.882",
"134e0ab3-c4ca-48af-ae1c-f2c091bf9001","MANIFEST_BOUND","hmail-perf-pair-delivery-20260901","A83052CA61D7F3853E97522D3F72DDA595DB61811511435D3030E4E230E8B07E","net10","hmail_perf_pair_net10_20260831_225556","C:\hmail-perf-pair-delivery-20260901\net10\Data","F6B2319F94B2989ACFC29A1A124895A151484996D94A2CC5266C1DDEAA7897AE","PASS","45FA907CE0D3797C1E13EBB2F03F076A25656CCE27E801C18F745ACD3944FBBD","5136EEC556F9790732AE759EF52F77FE6172329EA55787A80300C4A824107E46","smtp-message-acceptance","412","True","3.815",
"134e0ab3-c4ca-48af-ae1c-f2c091bf9001","MANIFEST_BOUND","hmail-perf-pair-delivery-20260901","A83052CA61D7F3853E97522D3F72DDA595DB61811511435D3030E4E230E8B07E","net10","hmail_perf_pair_net10_20260831_225556","C:\hmail-perf-pair-delivery-20260901\net10\Data","F6B2319F94B2989ACFC29A1A124895A151484996D94A2CC5266C1DDEAA7897AE","PASS","45FA907CE0D3797C1E13EBB2F03F076A25656CCE27E801C18F745ACD3944FBBD","5136EEC556F9790732AE759EF52F77FE6172329EA55787A80300C4A824107E46","smtp-message-acceptance","413","True","3.712",
"134e0ab3-c4ca-48af-ae1c-f2c091bf9001","MANIFEST_BOUND","hmail-perf-pair-delivery-20260901","A83052CA61D7F3853E97522D3F72DDA595DB61811511435D3030E4E230E8B07E","net10","hmail_perf_pair_net10_20260831_225556","C:\hmail-perf-pair-delivery-20260901\net10\Data","F6B2319F94B2989ACFC29A1A124895A151484996D94A2CC5266C1DDEAA7897AE","PASS","45FA907CE0D3797C1E13EBB2F03F076A25656CCE27E801C18F745ACD3944FBBD","5136EEC556F9790732AE759EF52F77FE6172329EA55787A80300C4A824107E46","smtp-message-acceptance","414","True","4.336",
"134e0ab3-c4ca-48af-ae1c-f2c091bf9001","MANIFEST_BOUND","hmail-perf-pair-delivery-20260901","A83052CA61D7F3853E97522D3F72DDA595DB61811511435D3030E4E230E8B07E","net10","hmail_perf_pair_net10_20260831_225556","C:\hmail-perf-pair-delivery-20260901\net10\Data","F6B2319F94B2989ACFC29A1A124895A151484996D94A2CC5266C1DDEAA7897AE","PASS","45FA907CE0D3797C1E13EBB2F03F076A25656CCE27E801C18F745ACD3944FBBD","5136EEC556F9790732AE759EF52F77FE6172329EA55787A80300C4A824107E46","smtp-message-acceptance","415","True","3.993",
"134e0ab3-c4ca-48af-ae1c-f2c091bf9001","MANIFEST_BOUND","hmail-perf-pair-delivery-20260901","A83052CA61D7F3853E97522D3F72DDA595DB61811511435D3030E4E230E8B07E","net10","hmail_perf_pair_net10_20260831_225556","C:\hmail-perf-pair-delivery-20260901\net10\Data","F6B2319F94B2989ACFC29A1A124895A151484996D94A2CC5266C1DDEAA7897AE","PASS","45FA907CE0D3797C1E13EBB2F03F076A25656CCE27E801C18F745ACD3944FBBD","5136EEC556F9790732AE759EF52F77FE6172329EA55787A80300C4A824107E46","smtp-message-acceptance","416","True","3.882",
"134e0ab3-c4ca-48af-ae1c-f2c091bf9001","MANIFEST_BOUND","hmail-perf-pair-delivery-20260901","A83052CA61D7F3853E97522D3F72DDA595DB61811511435D3030E4E230E8B07E","net10","hmail_perf_pair_net10_20260831_225556","C:\hmail-perf-pair-delivery-20260901\net10\Data","F6B2319F94B2989ACFC29A1A124895A151484996D94A2CC5266C1DDEAA7897AE","PASS","45FA907CE0D3797C1E13EBB2F03F076A25656CCE27E801C18F745ACD3944FBBD","5136EEC556F9790732AE759EF52F77FE6172329EA55787A80300C4A824107E46","smtp-message-acceptance","417","True","3.735",
"134e0ab3-c4ca-48af-ae1c-f2c091bf9001","MANIFEST_BOUND","hmail-perf-pair-delivery-20260901","A83052CA61D7F3853E97522D3F72DDA595DB61811511435D3030E4E230E8B07E","net10","hmail_perf_pair_net10_20260831_225556","C:\hmail-perf-pair-delivery-20260901\net10\Data","F6B2319F94B2989ACFC29A1A124895A151484996D94A2CC5266C1DDEAA7897AE","PASS","45FA907CE0D3797C1E13EBB2F03F076A25656CCE27E801C18F745ACD3944FBBD","5136EEC556F9790732AE759EF52F77FE6172329EA55787A80300C4A824107E46","smtp-message-acceptance","418","True","3.67",
"134e0ab3-c4ca-48af-ae1c-f2c091bf9001","MANIFEST_BOUND","hmail-perf-pair-delivery-20260901","A83052CA61D7F3853E97522D3F72DDA595DB61811511435D3030E4E230E8B07E","net10","hmail_perf_pair_net10_20260831_225556","C:\hmail-perf-pair-delivery-20260901\net10\Data","F6B2319F94B2989ACFC29A1A124895A151484996D94A2CC5266C1DDEAA7897AE","PASS","45FA907CE0D3797C1E13EBB2F03F076A25656CCE27E801C18F745ACD3944FBBD","5136EEC556F9790732AE759EF52F77FE6172329EA55787A80300C4A824107E46","smtp-message-acceptance","419","True","3.884",
"134e0ab3-c4ca-48af-ae1c-f2c091bf9001","MANIFEST_BOUND","hmail-perf-pair-delivery-20260901","A83052CA61D7F3853E97522D3F72DDA595DB61811511435D3030E4E230E8B07E","net10","hmail_perf_pair_net10_20260831_225556","C:\hmail-perf-pair-delivery-20260901\net10\Data","F6B2319F94B2989ACFC29A1A124895A151484996D94A2CC5266C1DDEAA7897AE","PASS","45FA907CE0D3797C1E13EBB2F03F076A25656CCE27E801C18F745ACD3944FBBD","5136EEC556F9790732AE759EF52F77FE6172329EA55787A80300C4A824107E46","smtp-message-acceptance","420","True","3.775",
"134e0ab3-c4ca-48af-ae1c-f2c091bf9001","MANIFEST_BOUND","hmail-perf-pair-delivery-20260901","A83052CA61D7F3853E97522D3F72DDA595DB61811511435D3030E4E230E8B07E","net10","hmail_perf_pair_net10_20260831_225556","C:\hmail-perf-pair-delivery-20260901\net10\Data","F6B2319F94B2989ACFC29A1A124895A151484996D94A2CC5266C1DDEAA7897AE","PASS","45FA907CE0D3797C1E13EBB2F03F076A25656CCE27E801C18F745ACD3944FBBD","5136EEC556F9790732AE759EF52F77FE6172329EA55787A80300C4A824107E46","smtp-message-acceptance","421","True","3.817",
"134e0ab3-c4ca-48af-ae1c-f2c091bf9001","MANIFEST_BOUND","hmail-perf-pair-delivery-20260901","A83052CA61D7F3853E97522D3F72DDA595DB61811511435D3030E4E230E8B07E","net10","hmail_perf_pair_net10_20260831_225556","C:\hmail-perf-pair-delivery-20260901\net10\Data","F6B2319F94B2989ACFC29A1A124895A151484996D94A2CC5266C1DDEAA7897AE","PASS","45FA907CE0D3797C1E13EBB2F03F076A25656CCE27E801C18F745ACD3944FBBD","5136EEC556F9790732AE759EF52F77FE6172329EA55787A80300C4A824107E46","smtp-message-acceptance","422","True","4.371",
"134e0ab3-c4ca-48af-ae1c-f2c091bf9001","MANIFEST_BOUND","hmail-perf-pair-delivery-20260901","A83052CA61D7F3853E97522D3F72DDA595DB61811511435D3030E4E230E8B07E","net10","hmail_perf_pair_net10_20260831_225556","C:\hmail-perf-pair-delivery-20260901\net10\Data","F6B2319F94B2989ACFC29A1A124895A151484996D94A2CC5266C1DDEAA7897AE","PASS","45FA907CE0D3797C1E13EBB2F03F076A25656CCE27E801C18F745ACD3944FBBD","5136EEC556F9790732AE759EF52F77FE6172329EA55787A80300C4A824107E46","smtp-message-acceptance","423","True","3.828",
"134e0ab3-c4ca-48af-ae1c-f2c091bf9001","MANIFEST_BOUND","hmail-perf-pair-delivery-20260901","A83052CA61D7F3853E97522D3F72DDA595DB61811511435D3030E4E230E8B07E","net10","hmail_perf_pair_net10_20260831_225556","C:\hmail-perf-pair-delivery-20260901\net10\Data","F6B2319F94B2989ACFC29A1A124895A151484996D94A2CC5266C1DDEAA7897AE","PASS","45FA907CE0D3797C1E13EBB2F03F076A25656CCE27E801C18F745ACD3944FBBD","5136EEC556F9790732AE759EF52F77FE6172329EA55787A80300C4A824107E46","smtp-message-acceptance","424","True","3.752",
"134e0ab3-c4ca-48af-ae1c-f2c091bf9001","MANIFEST_BOUND","hmail-perf-pair-delivery-20260901","A83052CA61D7F3853E97522D3F72DDA595DB61811511435D3030E4E230E8B07E","net10","hmail_perf_pair_net10_20260831_225556","C:\hmail-perf-pair-delivery-20260901\net10\Data","F6B2319F94B2989ACFC29A1A124895A151484996D94A2CC5266C1DDEAA7897AE","PASS","45FA907CE0D3797C1E13EBB2F03F076A25656CCE27E801C18F745ACD3944FBBD","5136EEC556F9790732AE759EF52F77FE6172329EA55787A80300C4A824107E46","smtp-message-acceptance","425","True","3.736",
"134e0ab3-c4ca-48af-ae1c-f2c091bf9001","MANIFEST_BOUND","hmail-perf-pair-delivery-20260901","A83052CA61D7F3853E97522D3F72DDA595DB61811511435D3030E4E230E8B07E","net10","hmail_perf_pair_net10_20260831_225556","C:\hmail-perf-pair-delivery-20260901\net10\Data","F6B2319F94B2989ACFC29A1A124895A151484996D94A2CC5266C1DDEAA7897AE","PASS","45FA907CE0D3797C1E13EBB2F03F076A25656CCE27E801C18F745ACD3944FBBD","5136EEC556F9790732AE759EF52F77FE6172329EA55787A80300C4A824107E46","smtp-message-acceptance","426","True","3.75",
"134e0ab3-c4ca-48af-ae1c-f2c091bf9001","MANIFEST_BOUND","hmail-perf-pair-delivery-20260901","A83052CA61D7F3853E97522D3F72DDA595DB61811511435D3030E4E230E8B07E","net10","hmail_perf_pair_net10_20260831_225556","C:\hmail-perf-pair-delivery-20260901\net10\Data","F6B2319F94B2989ACFC29A1A124895A151484996D94A2CC5266C1DDEAA7897AE","PASS","45FA907CE0D3797C1E13EBB2F03F076A25656CCE27E801C18F745ACD3944FBBD","5136EEC556F9790732AE759EF52F77FE6172329EA55787A80300C4A824107E46","smtp-message-acceptance","427","True","3.853",
"134e0ab3-c4ca-48af-ae1c-f2c091bf9001","MANIFEST_BOUND","hmail-perf-pair-delivery-20260901","A83052CA61D7F3853E97522D3F72DDA595DB61811511435D3030E4E230E8B07E","net10","hmail_perf_pair_net10_20260831_225556","C:\hmail-perf-pair-delivery-20260901\net10\Data","F6B2319F94B2989ACFC29A1A124895A151484996D94A2CC5266C1DDEAA7897AE","PASS","45FA907CE0D3797C1E13EBB2F03F076A25656CCE27E801C18F745ACD3944FBBD","5136EEC556F9790732AE759EF52F77FE6172329EA55787A80300C4A824107E46","smtp-message-acceptance","428","True","3.97",
"134e0ab3-c4ca-48af-ae1c-f2c091bf9001","MANIFEST_BOUND","hmail-perf-pair-delivery-20260901","A83052CA61D7F3853E97522D3F72DDA595DB61811511435D3030E4E230E8B07E","net10","hmail_perf_pair_net10_20260831_225556","C:\hmail-perf-pair-delivery-20260901\net10\Data","F6B2319F94B2989ACFC29A1A124895A151484996D94A2CC5266C1DDEAA7897AE","PASS","45FA907CE0D3797C1E13EBB2F03F076A25656CCE27E801C18F745ACD3944FBBD","5136EEC556F9790732AE759EF52F77FE6172329EA55787A80300C4A824107E46","smtp-message-acceptance","429","True","3.851",
"134e0ab3-c4ca-48af-ae1c-f2c091bf9001","MANIFEST_BOUND","hmail-perf-pair-delivery-20260901","A83052CA61D7F3853E97522D3F72DDA595DB61811511435D3030E4E230E8B07E","net10","hmail_perf_pair_net10_20260831_225556","C:\hmail-perf-pair-delivery-20260901\net10\Data","F6B2319F94B2989ACFC29A1A124895A151484996D94A2CC5266C1DDEAA7897AE","PASS","45FA907CE0D3797C1E13EBB2F03F076A25656CCE27E801C18F745ACD3944FBBD","5136EEC556F9790732AE759EF52F77FE6172329EA55787A80300C4A824107E46","smtp-message-acceptance","430","True","3.707",
"134e0ab3-c4ca-48af-ae1c-f2c091bf9001","MANIFEST_BOUND","hmail-perf-pair-delivery-20260901","A83052CA61D7F3853E97522D3F72DDA595DB61811511435D3030E4E230E8B07E","net10","hmail_perf_pair_net10_20260831_225556","C:\hmail-perf-pair-delivery-20260901\net10\Data","F6B2319F94B2989ACFC29A1A124895A151484996D94A2CC5266C1DDEAA7897AE","PASS","45FA907CE0D3797C1E13EBB2F03F076A25656CCE27E801C18F745ACD3944FBBD","5136EEC556F9790732AE759EF52F77FE6172329EA55787A80300C4A824107E46","smtp-message-acceptance","431","True","3.721",
"134e0ab3-c4ca-48af-ae1c-f2c091bf9001","MANIFEST_BOUND","hmail-perf-pair-delivery-20260901","A83052CA61D7F3853E97522D3F72DDA595DB61811511435D3030E4E230E8B07E","net10","hmail_perf_pair_net10_20260831_225556","C:\hmail-perf-pair-delivery-20260901\net10\Data","F6B2319F94B2989ACFC29A1A124895A151484996D94A2CC5266C1DDEAA7897AE","PASS","45FA907CE0D3797C1E13EBB2F03F076A25656CCE27E801C18F745ACD3944FBBD","5136EEC556F9790732AE759EF52F77FE6172329EA55787A80300C4A824107E46","smtp-message-acceptance","432","True","3.995",
"134e0ab3-c4ca-48af-ae1c-f2c091bf9001","MANIFEST_BOUND","hmail-perf-pair-delivery-20260901","A83052CA61D7F3853E97522D3F72DDA595DB61811511435D3030E4E230E8B07E","net10","hmail_perf_pair_net10_20260831_225556","C:\hmail-perf-pair-delivery-20260901\net10\Data","F6B2319F94B2989ACFC29A1A124895A151484996D94A2CC5266C1DDEAA7897AE","PASS","45FA907CE0D3797C1E13EBB2F03F076A25656CCE27E801C18F745ACD3944FBBD","5136EEC556F9790732AE759EF52F77FE6172329EA55787A80300C4A824107E46","smtp-message-acceptance","433","True","3.754",
"134e0ab3-c4ca-48af-ae1c-f2c091bf9001","MANIFEST_BOUND","hmail-perf-pair-delivery-20260901","A83052CA61D7F3853E97522D3F72DDA595DB61811511435D3030E4E230E8B07E","net10","hmail_perf_pair_net10_20260831_225556","C:\hmail-perf-pair-delivery-20260901\net10\Data","F6B2319F94B2989ACFC29A1A124895A151484996D94A2CC5266C1DDEAA7897AE","PASS","45FA907CE0D3797C1E13EBB2F03F076A25656CCE27E801C18F745ACD3944FBBD","5136EEC556F9790732AE759EF52F77FE6172329EA55787A80300C4A824107E46","smtp-message-acceptance","434","True","3.819",
"134e0ab3-c4ca-48af-ae1c-f2c091bf9001","MANIFEST_BOUND","hmail-perf-pair-delivery-20260901","A83052CA61D7F3853E97522D3F72DDA595DB61811511435D3030E4E230E8B07E","net10","hmail_perf_pair_net10_20260831_225556","C:\hmail-perf-pair-delivery-20260901\net10\Data","F6B2319F94B2989ACFC29A1A124895A151484996D94A2CC5266C1DDEAA7897AE","PASS","45FA907CE0D3797C1E13EBB2F03F076A25656CCE27E801C18F745ACD3944FBBD","5136EEC556F9790732AE759EF52F77FE6172329EA55787A80300C4A824107E46","smtp-message-acceptance","435","True","3.976",
"134e0ab3-c4ca-48af-ae1c-f2c091bf9001","MANIFEST_BOUND","hmail-perf-pair-delivery-20260901","A83052CA61D7F3853E97522D3F72DDA595DB61811511435D3030E4E230E8B07E","net10","hmail_perf_pair_net10_20260831_225556","C:\hmail-perf-pair-delivery-20260901\net10\Data","F6B2319F94B2989ACFC29A1A124895A151484996D94A2CC5266C1DDEAA7897AE","PASS","45FA907CE0D3797C1E13EBB2F03F076A25656CCE27E801C18F745ACD3944FBBD","5136EEC556F9790732AE759EF52F77FE6172329EA55787A80300C4A824107E46","smtp-message-acceptance","436","True","4.599",
"134e0ab3-c4ca-48af-ae1c-f2c091bf9001","MANIFEST_BOUND","hmail-perf-pair-delivery-20260901","A83052CA61D7F3853E97522D3F72DDA595DB61811511435D3030E4E230E8B07E","net10","hmail_perf_pair_net10_20260831_225556","C:\hmail-perf-pair-delivery-20260901\net10\Data","F6B2319F94B2989ACFC29A1A124895A151484996D94A2CC5266C1DDEAA7897AE","PASS","45FA907CE0D3797C1E13EBB2F03F076A25656CCE27E801C18F745ACD3944FBBD","5136EEC556F9790732AE759EF52F77FE6172329EA55787A80300C4A824107E46","smtp-message-acceptance","437","True","3.768",
"134e0ab3-c4ca-48af-ae1c-f2c091bf9001","MANIFEST_BOUND","hmail-perf-pair-delivery-20260901","A83052CA61D7F3853E97522D3F72DDA595DB61811511435D3030E4E230E8B07E","net10","hmail_perf_pair_net10_20260831_225556","C:\hmail-perf-pair-delivery-20260901\net10\Data","F6B2319F94B2989ACFC29A1A124895A151484996D94A2CC5266C1DDEAA7897AE","PASS","45FA907CE0D3797C1E13EBB2F03F076A25656CCE27E801C18F745ACD3944FBBD","5136EEC556F9790732AE759EF52F77FE6172329EA55787A80300C4A824107E46","smtp-message-acceptance","438","True","3.643",
"134e0ab3-c4ca-48af-ae1c-f2c091bf9001","MANIFEST_BOUND","hmail-perf-pair-delivery-20260901","A83052CA61D7F3853E97522D3F72DDA595DB61811511435D3030E4E230E8B07E","net10","hmail_perf_pair_net10_20260831_225556","C:\hmail-perf-pair-delivery-20260901\net10\Data","F6B2319F94B2989ACFC29A1A124895A151484996D94A2CC5266C1DDEAA7897AE","PASS","45FA907CE0D3797C1E13EBB2F03F076A25656CCE27E801C18F745ACD3944FBBD","5136EEC556F9790732AE759EF52F77FE6172329EA55787A80300C4A824107E46","smtp-message-acceptance","439","True","3.802",
"134e0ab3-c4ca-48af-ae1c-f2c091bf9001","MANIFEST_BOUND","hmail-perf-pair-delivery-20260901","A83052CA61D7F3853E97522D3F72DDA595DB61811511435D3030E4E230E8B07E","net10","hmail_perf_pair_net10_20260831_225556","C:\hmail-perf-pair-delivery-20260901\net10\Data","F6B2319F94B2989ACFC29A1A124895A151484996D94A2CC5266C1DDEAA7897AE","PASS","45FA907CE0D3797C1E13EBB2F03F076A25656CCE27E801C18F745ACD3944FBBD","5136EEC556F9790732AE759EF52F77FE6172329EA55787A80300C4A824107E46","smtp-message-acceptance","440","True","3.992",
"134e0ab3-c4ca-48af-ae1c-f2c091bf9001","MANIFEST_BOUND","hmail-perf-pair-delivery-20260901","A83052CA61D7F3853E97522D3F72DDA595DB61811511435D3030E4E230E8B07E","net10","hmail_perf_pair_net10_20260831_225556","C:\hmail-perf-pair-delivery-20260901\net10\Data","F6B2319F94B2989ACFC29A1A124895A151484996D94A2CC5266C1DDEAA7897AE","PASS","45FA907CE0D3797C1E13EBB2F03F076A25656CCE27E801C18F745ACD3944FBBD","5136EEC556F9790732AE759EF52F77FE6172329EA55787A80300C4A824107E46","smtp-message-acceptance","441","True","3.563",
"134e0ab3-c4ca-48af-ae1c-f2c091bf9001","MANIFEST_BOUND","hmail-perf-pair-delivery-20260901","A83052CA61D7F3853E97522D3F72DDA595DB61811511435D3030E4E230E8B07E","net10","hmail_perf_pair_net10_20260831_225556","C:\hmail-perf-pair-delivery-20260901\net10\Data","F6B2319F94B2989ACFC29A1A124895A151484996D94A2CC5266C1DDEAA7897AE","PASS","45FA907CE0D3797C1E13EBB2F03F076A25656CCE27E801C18F745ACD3944FBBD","5136EEC556F9790732AE759EF52F77FE6172329EA55787A80300C4A824107E46","smtp-message-acceptance","442","True","3.951",
"134e0ab3-c4ca-48af-ae1c-f2c091bf9001","MANIFEST_BOUND","hmail-perf-pair-delivery-20260901","A83052CA61D7F3853E97522D3F72DDA595DB61811511435D3030E4E230E8B07E","net10","hmail_perf_pair_net10_20260831_225556","C:\hmail-perf-pair-delivery-20260901\net10\Data","F6B2319F94B2989ACFC29A1A124895A151484996D94A2CC5266C1DDEAA7897AE","PASS","45FA907CE0D3797C1E13EBB2F03F076A25656CCE27E801C18F745ACD3944FBBD","5136EEC556F9790732AE759EF52F77FE6172329EA55787A80300C4A824107E46","smtp-message-acceptance","443","True","3.679",
"134e0ab3-c4ca-48af-ae1c-f2c091bf9001","MANIFEST_BOUND","hmail-perf-pair-delivery-20260901","A83052CA61D7F3853E97522D3F72DDA595DB61811511435D3030E4E230E8B07E","net10","hmail_perf_pair_net10_20260831_225556","C:\hmail-perf-pair-delivery-20260901\net10\Data","F6B2319F94B2989ACFC29A1A124895A151484996D94A2CC5266C1DDEAA7897AE","PASS","45FA907CE0D3797C1E13EBB2F03F076A25656CCE27E801C18F745ACD3944FBBD","5136EEC556F9790732AE759EF52F77FE6172329EA55787A80300C4A824107E46","smtp-message-acceptance","444","True","4.325",
"134e0ab3-c4ca-48af-ae1c-f2c091bf9001","MANIFEST_BOUND","hmail-perf-pair-delivery-20260901","A83052CA61D7F3853E97522D3F72DDA595DB61811511435D3030E4E230E8B07E","net10","hmail_perf_pair_net10_20260831_225556","C:\hmail-perf-pair-delivery-20260901\net10\Data","F6B2319F94B2989ACFC29A1A124895A151484996D94A2CC5266C1DDEAA7897AE","PASS","45FA907CE0D3797C1E13EBB2F03F076A25656CCE27E801C18F745ACD3944FBBD","5136EEC556F9790732AE759EF52F77FE6172329EA55787A80300C4A824107E46","smtp-message-acceptance","445","True","3.634",
"134e0ab3-c4ca-48af-ae1c-f2c091bf9001","MANIFEST_BOUND","hmail-perf-pair-delivery-20260901","A83052CA61D7F3853E97522D3F72DDA595DB61811511435D3030E4E230E8B07E","net10","hmail_perf_pair_net10_20260831_225556","C:\hmail-perf-pair-delivery-20260901\net10\Data","F6B2319F94B2989ACFC29A1A124895A151484996D94A2CC5266C1DDEAA7897AE","PASS","45FA907CE0D3797C1E13EBB2F03F076A25656CCE27E801C18F745ACD3944FBBD","5136EEC556F9790732AE759EF52F77FE6172329EA55787A80300C4A824107E46","smtp-message-acceptance","446","True","3.713",
"134e0ab3-c4ca-48af-ae1c-f2c091bf9001","MANIFEST_BOUND","hmail-perf-pair-delivery-20260901","A83052CA61D7F3853E97522D3F72DDA595DB61811511435D3030E4E230E8B07E","net10","hmail_perf_pair_net10_20260831_225556","C:\hmail-perf-pair-delivery-20260901\net10\Data","F6B2319F94B2989ACFC29A1A124895A151484996D94A2CC5266C1DDEAA7897AE","PASS","45FA907CE0D3797C1E13EBB2F03F076A25656CCE27E801C18F745ACD3944FBBD","5136EEC556F9790732AE759EF52F77FE6172329EA55787A80300C4A824107E46","smtp-message-acceptance","447","True","4.009",
"134e0ab3-c4ca-48af-ae1c-f2c091bf9001","MANIFEST_BOUND","hmail-perf-pair-delivery-20260901","A83052CA61D7F3853E97522D3F72DDA595DB61811511435D3030E4E230E8B07E","net10","hmail_perf_pair_net10_20260831_225556","C:\hmail-perf-pair-delivery-20260901\net10\Data","F6B2319F94B2989ACFC29A1A124895A151484996D94A2CC5266C1DDEAA7897AE","PASS","45FA907CE0D3797C1E13EBB2F03F076A25656CCE27E801C18F745ACD3944FBBD","5136EEC556F9790732AE759EF52F77FE6172329EA55787A80300C4A824107E46","smtp-message-acceptance","448","True","4.118",
"134e0ab3-c4ca-48af-ae1c-f2c091bf9001","MANIFEST_BOUND","hmail-perf-pair-delivery-20260901","A83052CA61D7F3853E97522D3F72DDA595DB61811511435D3030E4E230E8B07E","net10","hmail_perf_pair_net10_20260831_225556","C:\hmail-perf-pair-delivery-20260901\net10\Data","F6B2319F94B2989ACFC29A1A124895A151484996D94A2CC5266C1DDEAA7897AE","PASS","45FA907CE0D3797C1E13EBB2F03F076A25656CCE27E801C18F745ACD3944FBBD","5136EEC556F9790732AE759EF52F77FE6172329EA55787A80300C4A824107E46","smtp-message-acceptance","449","True","4.452",
"134e0ab3-c4ca-48af-ae1c-f2c091bf9001","MANIFEST_BOUND","hmail-perf-pair-delivery-20260901","A83052CA61D7F3853E97522D3F72DDA595DB61811511435D3030E4E230E8B07E","net10","hmail_perf_pair_net10_20260831_225556","C:\hmail-perf-pair-delivery-20260901\net10\Data","F6B2319F94B2989ACFC29A1A124895A151484996D94A2CC5266C1DDEAA7897AE","PASS","45FA907CE0D3797C1E13EBB2F03F076A25656CCE27E801C18F745ACD3944FBBD","5136EEC556F9790732AE759EF52F77FE6172329EA55787A80300C4A824107E46","smtp-message-acceptance","450","True","3.852",
"134e0ab3-c4ca-48af-ae1c-f2c091bf9001","MANIFEST_BOUND","hmail-perf-pair-delivery-20260901","A83052CA61D7F3853E97522D3F72DDA595DB61811511435D3030E4E230E8B07E","net10","hmail_perf_pair_net10_20260831_225556","C:\hmail-perf-pair-delivery-20260901\net10\Data","F6B2319F94B2989ACFC29A1A124895A151484996D94A2CC5266C1DDEAA7897AE","PASS","45FA907CE0D3797C1E13EBB2F03F076A25656CCE27E801C18F745ACD3944FBBD","5136EEC556F9790732AE759EF52F77FE6172329EA55787A80300C4A824107E46","smtp-message-acceptance","451","True","4.086",
"134e0ab3-c4ca-48af-ae1c-f2c091bf9001","MANIFEST_BOUND","hmail-perf-pair-delivery-20260901","A83052CA61D7F3853E97522D3F72DDA595DB61811511435D3030E4E230E8B07E","net10","hmail_perf_pair_net10_20260831_225556","C:\hmail-perf-pair-delivery-20260901\net10\Data","F6B2319F94B2989ACFC29A1A124895A151484996D94A2CC5266C1DDEAA7897AE","PASS","45FA907CE0D3797C1E13EBB2F03F076A25656CCE27E801C18F745ACD3944FBBD","5136EEC556F9790732AE759EF52F77FE6172329EA55787A80300C4A824107E46","smtp-message-acceptance","452","True","3.844",
"134e0ab3-c4ca-48af-ae1c-f2c091bf9001","MANIFEST_BOUND","hmail-perf-pair-delivery-20260901","A83052CA61D7F3853E97522D3F72DDA595DB61811511435D3030E4E230E8B07E","net10","hmail_perf_pair_net10_20260831_225556","C:\hmail-perf-pair-delivery-20260901\net10\Data","F6B2319F94B2989ACFC29A1A124895A151484996D94A2CC5266C1DDEAA7897AE","PASS","45FA907CE0D3797C1E13EBB2F03F076A25656CCE27E801C18F745ACD3944FBBD","5136EEC556F9790732AE759EF52F77FE6172329EA55787A80300C4A824107E46","smtp-message-acceptance","453","True","4.051",
"134e0ab3-c4ca-48af-ae1c-f2c091bf9001","MANIFEST_BOUND","hmail-perf-pair-delivery-20260901","A83052CA61D7F3853E97522D3F72DDA595DB61811511435D3030E4E230E8B07E","net10","hmail_perf_pair_net10_20260831_225556","C:\hmail-perf-pair-delivery-20260901\net10\Data","F6B2319F94B2989ACFC29A1A124895A151484996D94A2CC5266C1DDEAA7897AE","PASS","45FA907CE0D3797C1E13EBB2F03F076A25656CCE27E801C18F745ACD3944FBBD","5136EEC556F9790732AE759EF52F77FE6172329EA55787A80300C4A824107E46","smtp-message-acceptance","454","True","4.053",
"134e0ab3-c4ca-48af-ae1c-f2c091bf9001","MANIFEST_BOUND","hmail-perf-pair-delivery-20260901","A83052CA61D7F3853E97522D3F72DDA595DB61811511435D3030E4E230E8B07E","net10","hmail_perf_pair_net10_20260831_225556","C:\hmail-perf-pair-delivery-20260901\net10\Data","F6B2319F94B2989ACFC29A1A124895A151484996D94A2CC5266C1DDEAA7897AE","PASS","45FA907CE0D3797C1E13EBB2F03F076A25656CCE27E801C18F745ACD3944FBBD","5136EEC556F9790732AE759EF52F77FE6172329EA55787A80300C4A824107E46","smtp-message-acceptance","455","True","3.827",
"134e0ab3-c4ca-48af-ae1c-f2c091bf9001","MANIFEST_BOUND","hmail-perf-pair-delivery-20260901","A83052CA61D7F3853E97522D3F72DDA595DB61811511435D3030E4E230E8B07E","net10","hmail_perf_pair_net10_20260831_225556","C:\hmail-perf-pair-delivery-20260901\net10\Data","F6B2319F94B2989ACFC29A1A124895A151484996D94A2CC5266C1DDEAA7897AE","PASS","45FA907CE0D3797C1E13EBB2F03F076A25656CCE27E801C18F745ACD3944FBBD","5136EEC556F9790732AE759EF52F77FE6172329EA55787A80300C4A824107E46","smtp-message-acceptance","456","True","4.077",
"134e0ab3-c4ca-48af-ae1c-f2c091bf9001","MANIFEST_BOUND","hmail-perf-pair-delivery-20260901","A83052CA61D7F3853E97522D3F72DDA595DB61811511435D3030E4E230E8B07E","net10","hmail_perf_pair_net10_20260831_225556","C:\hmail-perf-pair-delivery-20260901\net10\Data","F6B2319F94B2989ACFC29A1A124895A151484996D94A2CC5266C1DDEAA7897AE","PASS","45FA907CE0D3797C1E13EBB2F03F076A25656CCE27E801C18F745ACD3944FBBD","5136EEC556F9790732AE759EF52F77FE6172329EA55787A80300C4A824107E46","smtp-message-acceptance","457","True","3.763",
"134e0ab3-c4ca-48af-ae1c-f2c091bf9001","MANIFEST_BOUND","hmail-perf-pair-delivery-20260901","A83052CA61D7F3853E97522D3F72DDA595DB61811511435D3030E4E230E8B07E","net10","hmail_perf_pair_net10_20260831_225556","C:\hmail-perf-pair-delivery-20260901\net10\Data","F6B2319F94B2989ACFC29A1A124895A151484996D94A2CC5266C1DDEAA7897AE","PASS","45FA907CE0D3797C1E13EBB2F03F076A25656CCE27E801C18F745ACD3944FBBD","5136EEC556F9790732AE759EF52F77FE6172329EA55787A80300C4A824107E46","smtp-message-acceptance","458","True","6.12",
"134e0ab3-c4ca-48af-ae1c-f2c091bf9001","MANIFEST_BOUND","hmail-perf-pair-delivery-20260901","A83052CA61D7F3853E97522D3F72DDA595DB61811511435D3030E4E230E8B07E","net10","hmail_perf_pair_net10_20260831_225556","C:\hmail-perf-pair-delivery-20260901\net10\Data","F6B2319F94B2989ACFC29A1A124895A151484996D94A2CC5266C1DDEAA7897AE","PASS","45FA907CE0D3797C1E13EBB2F03F076A25656CCE27E801C18F745ACD3944FBBD","5136EEC556F9790732AE759EF52F77FE6172329EA55787A80300C4A824107E46","smtp-message-acceptance","459","True","3.792",
"134e0ab3-c4ca-48af-ae1c-f2c091bf9001","MANIFEST_BOUND","hmail-perf-pair-delivery-20260901","A83052CA61D7F3853E97522D3F72DDA595DB61811511435D3030E4E230E8B07E","net10","hmail_perf_pair_net10_20260831_225556","C:\hmail-perf-pair-delivery-20260901\net10\Data","F6B2319F94B2989ACFC29A1A124895A151484996D94A2CC5266C1DDEAA7897AE","PASS","45FA907CE0D3797C1E13EBB2F03F076A25656CCE27E801C18F745ACD3944FBBD","5136EEC556F9790732AE759EF52F77FE6172329EA55787A80300C4A824107E46","smtp-message-acceptance","460","True","3.85",
"134e0ab3-c4ca-48af-ae1c-f2c091bf9001","MANIFEST_BOUND","hmail-perf-pair-delivery-20260901","A83052CA61D7F3853E97522D3F72DDA595DB61811511435D3030E4E230E8B07E","net10","hmail_perf_pair_net10_20260831_225556","C:\hmail-perf-pair-delivery-20260901\net10\Data","F6B2319F94B2989ACFC29A1A124895A151484996D94A2CC5266C1DDEAA7897AE","PASS","45FA907CE0D3797C1E13EBB2F03F076A25656CCE27E801C18F745ACD3944FBBD","5136EEC556F9790732AE759EF52F77FE6172329EA55787A80300C4A824107E46","smtp-message-acceptance","461","True","4.263",
"134e0ab3-c4ca-48af-ae1c-f2c091bf9001","MANIFEST_BOUND","hmail-perf-pair-delivery-20260901","A83052CA61D7F3853E97522D3F72DDA595DB61811511435D3030E4E230E8B07E","net10","hmail_perf_pair_net10_20260831_225556","C:\hmail-perf-pair-delivery-20260901\net10\Data","F6B2319F94B2989ACFC29A1A124895A151484996D94A2CC5266C1DDEAA7897AE","PASS","45FA907CE0D3797C1E13EBB2F03F076A25656CCE27E801C18F745ACD3944FBBD","5136EEC556F9790732AE759EF52F77FE6172329EA55787A80300C4A824107E46","smtp-message-acceptance","462","True","3.581",
"134e0ab3-c4ca-48af-ae1c-f2c091bf9001","MANIFEST_BOUND","hmail-perf-pair-delivery-20260901","A83052CA61D7F3853E97522D3F72DDA595DB61811511435D3030E4E230E8B07E","net10","hmail_perf_pair_net10_20260831_225556","C:\hmail-perf-pair-delivery-20260901\net10\Data","F6B2319F94B2989ACFC29A1A124895A151484996D94A2CC5266C1DDEAA7897AE","PASS","45FA907CE0D3797C1E13EBB2F03F076A25656CCE27E801C18F745ACD3944FBBD","5136EEC556F9790732AE759EF52F77FE6172329EA55787A80300C4A824107E46","smtp-message-acceptance","463","True","3.619",
"134e0ab3-c4ca-48af-ae1c-f2c091bf9001","MANIFEST_BOUND","hmail-perf-pair-delivery-20260901","A83052CA61D7F3853E97522D3F72DDA595DB61811511435D3030E4E230E8B07E","net10","hmail_perf_pair_net10_20260831_225556","C:\hmail-perf-pair-delivery-20260901\net10\Data","F6B2319F94B2989ACFC29A1A124895A151484996D94A2CC5266C1DDEAA7897AE","PASS","45FA907CE0D3797C1E13EBB2F03F076A25656CCE27E801C18F745ACD3944FBBD","5136EEC556F9790732AE759EF52F77FE6172329EA55787A80300C4A824107E46","smtp-message-acceptance","464","True","4.061",
"134e0ab3-c4ca-48af-ae1c-f2c091bf9001","MANIFEST_BOUND","hmail-perf-pair-delivery-20260901","A83052CA61D7F3853E97522D3F72DDA595DB61811511435D3030E4E230E8B07E","net10","hmail_perf_pair_net10_20260831_225556","C:\hmail-perf-pair-delivery-20260901\net10\Data","F6B2319F94B2989ACFC29A1A124895A151484996D94A2CC5266C1DDEAA7897AE","PASS","45FA907CE0D3797C1E13EBB2F03F076A25656CCE27E801C18F745ACD3944FBBD","5136EEC556F9790732AE759EF52F77FE6172329EA55787A80300C4A824107E46","smtp-message-acceptance","465","True","3.819",
"134e0ab3-c4ca-48af-ae1c-f2c091bf9001","MANIFEST_BOUND","hmail-perf-pair-delivery-20260901","A83052CA61D7F3853E97522D3F72DDA595DB61811511435D3030E4E230E8B07E","net10","hmail_perf_pair_net10_20260831_225556","C:\hmail-perf-pair-delivery-20260901\net10\Data","F6B2319F94B2989ACFC29A1A124895A151484996D94A2CC5266C1DDEAA7897AE","PASS","45FA907CE0D3797C1E13EBB2F03F076A25656CCE27E801C18F745ACD3944FBBD","5136EEC556F9790732AE759EF52F77FE6172329EA55787A80300C4A824107E46","smtp-message-acceptance","466","True","3.65",
"134e0ab3-c4ca-48af-ae1c-f2c091bf9001","MANIFEST_BOUND","hmail-perf-pair-delivery-20260901","A83052CA61D7F3853E97522D3F72DDA595DB61811511435D3030E4E230E8B07E","net10","hmail_perf_pair_net10_20260831_225556","C:\hmail-perf-pair-delivery-20260901\net10\Data","F6B2319F94B2989ACFC29A1A124895A151484996D94A2CC5266C1DDEAA7897AE","PASS","45FA907CE0D3797C1E13EBB2F03F076A25656CCE27E801C18F745ACD3944FBBD","5136EEC556F9790732AE759EF52F77FE6172329EA55787A80300C4A824107E46","smtp-message-acceptance","467","True","3.722",
"134e0ab3-c4ca-48af-ae1c-f2c091bf9001","MANIFEST_BOUND","hmail-perf-pair-delivery-20260901","A83052CA61D7F3853E97522D3F72DDA595DB61811511435D3030E4E230E8B07E","net10","hmail_perf_pair_net10_20260831_225556","C:\hmail-perf-pair-delivery-20260901\net10\Data","F6B2319F94B2989ACFC29A1A124895A151484996D94A2CC5266C1DDEAA7897AE","PASS","45FA907CE0D3797C1E13EBB2F03F076A25656CCE27E801C18F745ACD3944FBBD","5136EEC556F9790732AE759EF52F77FE6172329EA55787A80300C4A824107E46","smtp-message-acceptance","468","True","4.054",
"134e0ab3-c4ca-48af-ae1c-f2c091bf9001","MANIFEST_BOUND","hmail-perf-pair-delivery-20260901","A83052CA61D7F3853E97522D3F72DDA595DB61811511435D3030E4E230E8B07E","net10","hmail_perf_pair_net10_20260831_225556","C:\hmail-perf-pair-delivery-20260901\net10\Data","F6B2319F94B2989ACFC29A1A124895A151484996D94A2CC5266C1DDEAA7897AE","PASS","45FA907CE0D3797C1E13EBB2F03F076A25656CCE27E801C18F745ACD3944FBBD","5136EEC556F9790732AE759EF52F77FE6172329EA55787A80300C4A824107E46","smtp-message-acceptance","469","True","3.791",
"134e0ab3-c4ca-48af-ae1c-f2c091bf9001","MANIFEST_BOUND","hmail-perf-pair-delivery-20260901","A83052CA61D7F3853E97522D3F72DDA595DB61811511435D3030E4E230E8B07E","net10","hmail_perf_pair_net10_20260831_225556","C:\hmail-perf-pair-delivery-20260901\net10\Data","F6B2319F94B2989ACFC29A1A124895A151484996D94A2CC5266C1DDEAA7897AE","PASS","45FA907CE0D3797C1E13EBB2F03F076A25656CCE27E801C18F745ACD3944FBBD","5136EEC556F9790732AE759EF52F77FE6172329EA55787A80300C4A824107E46","smtp-message-acceptance","470","True","3.666",
"134e0ab3-c4ca-48af-ae1c-f2c091bf9001","MANIFEST_BOUND","hmail-perf-pair-delivery-20260901","A83052CA61D7F3853E97522D3F72DDA595DB61811511435D3030E4E230E8B07E","net10","hmail_perf_pair_net10_20260831_225556","C:\hmail-perf-pair-delivery-20260901\net10\Data","F6B2319F94B2989ACFC29A1A124895A151484996D94A2CC5266C1DDEAA7897AE","PASS","45FA907CE0D3797C1E13EBB2F03F076A25656CCE27E801C18F745ACD3944FBBD","5136EEC556F9790732AE759EF52F77FE6172329EA55787A80300C4A824107E46","smtp-message-acceptance","471","True","4.31",
"134e0ab3-c4ca-48af-ae1c-f2c091bf9001","MANIFEST_BOUND","hmail-perf-pair-delivery-20260901","A83052CA61D7F3853E97522D3F72DDA595DB61811511435D3030E4E230E8B07E","net10","hmail_perf_pair_net10_20260831_225556","C:\hmail-perf-pair-delivery-20260901\net10\Data","F6B2319F94B2989ACFC29A1A124895A151484996D94A2CC5266C1DDEAA7897AE","PASS","45FA907CE0D3797C1E13EBB2F03F076A25656CCE27E801C18F745ACD3944FBBD","5136EEC556F9790732AE759EF52F77FE6172329EA55787A80300C4A824107E46","smtp-message-acceptance","472","True","3.796",
"134e0ab3-c4ca-48af-ae1c-f2c091bf9001","MANIFEST_BOUND","hmail-perf-pair-delivery-20260901","A83052CA61D7F3853E97522D3F72DDA595DB61811511435D3030E4E230E8B07E","net10","hmail_perf_pair_net10_20260831_225556","C:\hmail-perf-pair-delivery-20260901\net10\Data","F6B2319F94B2989ACFC29A1A124895A151484996D94A2CC5266C1DDEAA7897AE","PASS","45FA907CE0D3797C1E13EBB2F03F076A25656CCE27E801C18F745ACD3944FBBD","5136EEC556F9790732AE759EF52F77FE6172329EA55787A80300C4A824107E46","smtp-message-acceptance","473","True","3.842",
"134e0ab3-c4ca-48af-ae1c-f2c091bf9001","MANIFEST_BOUND","hmail-perf-pair-delivery-20260901","A83052CA61D7F3853E97522D3F72DDA595DB61811511435D3030E4E230E8B07E","net10","hmail_perf_pair_net10_20260831_225556","C:\hmail-perf-pair-delivery-20260901\net10\Data","F6B2319F94B2989ACFC29A1A124895A151484996D94A2CC5266C1DDEAA7897AE","PASS","45FA907CE0D3797C1E13EBB2F03F076A25656CCE27E801C18F745ACD3944FBBD","5136EEC556F9790732AE759EF52F77FE6172329EA55787A80300C4A824107E46","smtp-message-acceptance","474","True","3.723",
"134e0ab3-c4ca-48af-ae1c-f2c091bf9001","MANIFEST_BOUND","hmail-perf-pair-delivery-20260901","A83052CA61D7F3853E97522D3F72DDA595DB61811511435D3030E4E230E8B07E","net10","hmail_perf_pair_net10_20260831_225556","C:\hmail-perf-pair-delivery-20260901\net10\Data","F6B2319F94B2989ACFC29A1A124895A151484996D94A2CC5266C1DDEAA7897AE","PASS","45FA907CE0D3797C1E13EBB2F03F076A25656CCE27E801C18F745ACD3944FBBD","5136EEC556F9790732AE759EF52F77FE6172329EA55787A80300C4A824107E46","smtp-message-acceptance","475","True","4.376",
"134e0ab3-c4ca-48af-ae1c-f2c091bf9001","MANIFEST_BOUND","hmail-perf-pair-delivery-20260901","A83052CA61D7F3853E97522D3F72DDA595DB61811511435D3030E4E230E8B07E","net10","hmail_perf_pair_net10_20260831_225556","C:\hmail-perf-pair-delivery-20260901\net10\Data","F6B2319F94B2989ACFC29A1A124895A151484996D94A2CC5266C1DDEAA7897AE","PASS","45FA907CE0D3797C1E13EBB2F03F076A25656CCE27E801C18F745ACD3944FBBD","5136EEC556F9790732AE759EF52F77FE6172329EA55787A80300C4A824107E46","smtp-message-acceptance","476","True","3.873",
"134e0ab3-c4ca-48af-ae1c-f2c091bf9001","MANIFEST_BOUND","hmail-perf-pair-delivery-20260901","A83052CA61D7F3853E97522D3F72DDA595DB61811511435D3030E4E230E8B07E","net10","hmail_perf_pair_net10_20260831_225556","C:\hmail-perf-pair-delivery-20260901\net10\Data","F6B2319F94B2989ACFC29A1A124895A151484996D94A2CC5266C1DDEAA7897AE","PASS","45FA907CE0D3797C1E13EBB2F03F076A25656CCE27E801C18F745ACD3944FBBD","5136EEC556F9790732AE759EF52F77FE6172329EA55787A80300C4A824107E46","smtp-message-acceptance","477","True","3.758",
"134e0ab3-c4ca-48af-ae1c-f2c091bf9001","MANIFEST_BOUND","hmail-perf-pair-delivery-20260901","A83052CA61D7F3853E97522D3F72DDA595DB61811511435D3030E4E230E8B07E","net10","hmail_perf_pair_net10_20260831_225556","C:\hmail-perf-pair-delivery-20260901\net10\Data","F6B2319F94B2989ACFC29A1A124895A151484996D94A2CC5266C1DDEAA7897AE","PASS","45FA907CE0D3797C1E13EBB2F03F076A25656CCE27E801C18F745ACD3944FBBD","5136EEC556F9790732AE759EF52F77FE6172329EA55787A80300C4A824107E46","smtp-message-acceptance","478","True","3.819",
"134e0ab3-c4ca-48af-ae1c-f2c091bf9001","MANIFEST_BOUND","hmail-perf-pair-delivery-20260901","A83052CA61D7F3853E97522D3F72DDA595DB61811511435D3030E4E230E8B07E","net10","hmail_perf_pair_net10_20260831_225556","C:\hmail-perf-pair-delivery-20260901\net10\Data","F6B2319F94B2989ACFC29A1A124895A151484996D94A2CC5266C1DDEAA7897AE","PASS","45FA907CE0D3797C1E13EBB2F03F076A25656CCE27E801C18F745ACD3944FBBD","5136EEC556F9790732AE759EF52F77FE6172329EA55787A80300C4A824107E46","smtp-message-acceptance","479","True","4.078",
"134e0ab3-c4ca-48af-ae1c-f2c091bf9001","MANIFEST_BOUND","hmail-perf-pair-delivery-20260901","A83052CA61D7F3853E97522D3F72DDA595DB61811511435D3030E4E230E8B07E","net10","hmail_perf_pair_net10_20260831_225556","C:\hmail-perf-pair-delivery-20260901\net10\Data","F6B2319F94B2989ACFC29A1A124895A151484996D94A2CC5266C1DDEAA7897AE","PASS","45FA907CE0D3797C1E13EBB2F03F076A25656CCE27E801C18F745ACD3944FBBD","5136EEC556F9790732AE759EF52F77FE6172329EA55787A80300C4A824107E46","smtp-message-acceptance","480","True","3.904",
"134e0ab3-c4ca-48af-ae1c-f2c091bf9001","MANIFEST_BOUND","hmail-perf-pair-delivery-20260901","A83052CA61D7F3853E97522D3F72DDA595DB61811511435D3030E4E230E8B07E","net10","hmail_perf_pair_net10_20260831_225556","C:\hmail-perf-pair-delivery-20260901\net10\Data","F6B2319F94B2989ACFC29A1A124895A151484996D94A2CC5266C1DDEAA7897AE","PASS","45FA907CE0D3797C1E13EBB2F03F076A25656CCE27E801C18F745ACD3944FBBD","5136EEC556F9790732AE759EF52F77FE6172329EA55787A80300C4A824107E46","smtp-message-acceptance","481","True","3.766",
"134e0ab3-c4ca-48af-ae1c-f2c091bf9001","MANIFEST_BOUND","hmail-perf-pair-delivery-20260901","A83052CA61D7F3853E97522D3F72DDA595DB61811511435D3030E4E230E8B07E","net10","hmail_perf_pair_net10_20260831_225556","C:\hmail-perf-pair-delivery-20260901\net10\Data","F6B2319F94B2989ACFC29A1A124895A151484996D94A2CC5266C1DDEAA7897AE","PASS","45FA907CE0D3797C1E13EBB2F03F076A25656CCE27E801C18F745ACD3944FBBD","5136EEC556F9790732AE759EF52F77FE6172329EA55787A80300C4A824107E46","smtp-message-acceptance","482","True","4.197",
"134e0ab3-c4ca-48af-ae1c-f2c091bf9001","MANIFEST_BOUND","hmail-perf-pair-delivery-20260901","A83052CA61D7F3853E97522D3F72DDA595DB61811511435D3030E4E230E8B07E","net10","hmail_perf_pair_net10_20260831_225556","C:\hmail-perf-pair-delivery-20260901\net10\Data","F6B2319F94B2989ACFC29A1A124895A151484996D94A2CC5266C1DDEAA7897AE","PASS","45FA907CE0D3797C1E13EBB2F03F076A25656CCE27E801C18F745ACD3944FBBD","5136EEC556F9790732AE759EF52F77FE6172329EA55787A80300C4A824107E46","smtp-message-acceptance","483","True","3.823",
"134e0ab3-c4ca-48af-ae1c-f2c091bf9001","MANIFEST_BOUND","hmail-perf-pair-delivery-20260901","A83052CA61D7F3853E97522D3F72DDA595DB61811511435D3030E4E230E8B07E","net10","hmail_perf_pair_net10_20260831_225556","C:\hmail-perf-pair-delivery-20260901\net10\Data","F6B2319F94B2989ACFC29A1A124895A151484996D94A2CC5266C1DDEAA7897AE","PASS","45FA907CE0D3797C1E13EBB2F03F076A25656CCE27E801C18F745ACD3944FBBD","5136EEC556F9790732AE759EF52F77FE6172329EA55787A80300C4A824107E46","smtp-message-acceptance","484","True","4.046",
"134e0ab3-c4ca-48af-ae1c-f2c091bf9001","MANIFEST_BOUND","hmail-perf-pair-delivery-20260901","A83052CA61D7F3853E97522D3F72DDA595DB61811511435D3030E4E230E8B07E","net10","hmail_perf_pair_net10_20260831_225556","C:\hmail-perf-pair-delivery-20260901\net10\Data","F6B2319F94B2989ACFC29A1A124895A151484996D94A2CC5266C1DDEAA7897AE","PASS","45FA907CE0D3797C1E13EBB2F03F076A25656CCE27E801C18F745ACD3944FBBD","5136EEC556F9790732AE759EF52F77FE6172329EA55787A80300C4A824107E46","smtp-message-acceptance","485","True","3.876",
"134e0ab3-c4ca-48af-ae1c-f2c091bf9001","MANIFEST_BOUND","hmail-perf-pair-delivery-20260901","A83052CA61D7F3853E97522D3F72DDA595DB61811511435D3030E4E230E8B07E","net10","hmail_perf_pair_net10_20260831_225556","C:\hmail-perf-pair-delivery-20260901\net10\Data","F6B2319F94B2989ACFC29A1A124895A151484996D94A2CC5266C1DDEAA7897AE","PASS","45FA907CE0D3797C1E13EBB2F03F076A25656CCE27E801C18F745ACD3944FBBD","5136EEC556F9790732AE759EF52F77FE6172329EA55787A80300C4A824107E46","smtp-message-acceptance","486","True","3.806",
"134e0ab3-c4ca-48af-ae1c-f2c091bf9001","MANIFEST_BOUND","hmail-perf-pair-delivery-20260901","A83052CA61D7F3853E97522D3F72DDA595DB61811511435D3030E4E230E8B07E","net10","hmail_perf_pair_net10_20260831_225556","C:\hmail-perf-pair-delivery-20260901\net10\Data","F6B2319F94B2989ACFC29A1A124895A151484996D94A2CC5266C1DDEAA7897AE","PASS","45FA907CE0D3797C1E13EBB2F03F076A25656CCE27E801C18F745ACD3944FBBD","5136EEC556F9790732AE759EF52F77FE6172329EA55787A80300C4A824107E46","smtp-message-acceptance","487","True","3.726",
"134e0ab3-c4ca-48af-ae1c-f2c091bf9001","MANIFEST_BOUND","hmail-perf-pair-delivery-20260901","A83052CA61D7F3853E97522D3F72DDA595DB61811511435D3030E4E230E8B07E","net10","hmail_perf_pair_net10_20260831_225556","C:\hmail-perf-pair-delivery-20260901\net10\Data","F6B2319F94B2989ACFC29A1A124895A151484996D94A2CC5266C1DDEAA7897AE","PASS","45FA907CE0D3797C1E13EBB2F03F076A25656CCE27E801C18F745ACD3944FBBD","5136EEC556F9790732AE759EF52F77FE6172329EA55787A80300C4A824107E46","smtp-message-acceptance","488","True","4.006",
"134e0ab3-c4ca-48af-ae1c-f2c091bf9001","MANIFEST_BOUND","hmail-perf-pair-delivery-20260901","A83052CA61D7F3853E97522D3F72DDA595DB61811511435D3030E4E230E8B07E","net10","hmail_perf_pair_net10_20260831_225556","C:\hmail-perf-pair-delivery-20260901\net10\Data","F6B2319F94B2989ACFC29A1A124895A151484996D94A2CC5266C1DDEAA7897AE","PASS","45FA907CE0D3797C1E13EBB2F03F076A25656CCE27E801C18F745ACD3944FBBD","5136EEC556F9790732AE759EF52F77FE6172329EA55787A80300C4A824107E46","smtp-message-acceptance","489","True","4.268",
"134e0ab3-c4ca-48af-ae1c-f2c091bf9001","MANIFEST_BOUND","hmail-perf-pair-delivery-20260901","A83052CA61D7F3853E97522D3F72DDA595DB61811511435D3030E4E230E8B07E","net10","hmail_perf_pair_net10_20260831_225556","C:\hmail-perf-pair-delivery-20260901\net10\Data","F6B2319F94B2989ACFC29A1A124895A151484996D94A2CC5266C1DDEAA7897AE","PASS","45FA907CE0D3797C1E13EBB2F03F076A25656CCE27E801C18F745ACD3944FBBD","5136EEC556F9790732AE759EF52F77FE6172329EA55787A80300C4A824107E46","smtp-message-acceptance","490","True","4.007",
"134e0ab3-c4ca-48af-ae1c-f2c091bf9001","MANIFEST_BOUND","hmail-perf-pair-delivery-20260901","A83052CA61D7F3853E97522D3F72DDA595DB61811511435D3030E4E230E8B07E","net10","hmail_perf_pair_net10_20260831_225556","C:\hmail-perf-pair-delivery-20260901\net10\Data","F6B2319F94B2989ACFC29A1A124895A151484996D94A2CC5266C1DDEAA7897AE","PASS","45FA907CE0D3797C1E13EBB2F03F076A25656CCE27E801C18F745ACD3944FBBD","5136EEC556F9790732AE759EF52F77FE6172329EA55787A80300C4A824107E46","smtp-message-acceptance","491","True","4.752",
"134e0ab3-c4ca-48af-ae1c-f2c091bf9001","MANIFEST_BOUND","hmail-perf-pair-delivery-20260901","A83052CA61D7F3853E97522D3F72DDA595DB61811511435D3030E4E230E8B07E","net10","hmail_perf_pair_net10_20260831_225556","C:\hmail-perf-pair-delivery-20260901\net10\Data","F6B2319F94B2989ACFC29A1A124895A151484996D94A2CC5266C1DDEAA7897AE","PASS","45FA907CE0D3797C1E13EBB2F03F076A25656CCE27E801C18F745ACD3944FBBD","5136EEC556F9790732AE759EF52F77FE6172329EA55787A80300C4A824107E46","smtp-message-acceptance","492","True","3.751",
"134e0ab3-c4ca-48af-ae1c-f2c091bf9001","MANIFEST_BOUND","hmail-perf-pair-delivery-20260901","A83052CA61D7F3853E97522D3F72DDA595DB61811511435D3030E4E230E8B07E","net10","hmail_perf_pair_net10_20260831_225556","C:\hmail-perf-pair-delivery-20260901\net10\Data","F6B2319F94B2989ACFC29A1A124895A151484996D94A2CC5266C1DDEAA7897AE","PASS","45FA907CE0D3797C1E13EBB2F03F076A25656CCE27E801C18F745ACD3944FBBD","5136EEC556F9790732AE759EF52F77FE6172329EA55787A80300C4A824107E46","smtp-message-acceptance","493","True","3.813",
"134e0ab3-c4ca-48af-ae1c-f2c091bf9001","MANIFEST_BOUND","hmail-perf-pair-delivery-20260901","A83052CA61D7F3853E97522D3F72DDA595DB61811511435D3030E4E230E8B07E","net10","hmail_perf_pair_net10_20260831_225556","C:\hmail-perf-pair-delivery-20260901\net10\Data","F6B2319F94B2989ACFC29A1A124895A151484996D94A2CC5266C1DDEAA7897AE","PASS","45FA907CE0D3797C1E13EBB2F03F076A25656CCE27E801C18F745ACD3944FBBD","5136EEC556F9790732AE759EF52F77FE6172329EA55787A80300C4A824107E46","smtp-message-acceptance","494","True","4.291",
"134e0ab3-c4ca-48af-ae1c-f2c091bf9001","MANIFEST_BOUND","hmail-perf-pair-delivery-20260901","A83052CA61D7F3853E97522D3F72DDA595DB61811511435D3030E4E230E8B07E","net10","hmail_perf_pair_net10_20260831_225556","C:\hmail-perf-pair-delivery-20260901\net10\Data","F6B2319F94B2989ACFC29A1A124895A151484996D94A2CC5266C1DDEAA7897AE","PASS","45FA907CE0D3797C1E13EBB2F03F076A25656CCE27E801C18F745ACD3944FBBD","5136EEC556F9790732AE759EF52F77FE6172329EA55787A80300C4A824107E46","smtp-message-acceptance","495","True","4.036",
"134e0ab3-c4ca-48af-ae1c-f2c091bf9001","MANIFEST_BOUND","hmail-perf-pair-delivery-20260901","A83052CA61D7F3853E97522D3F72DDA595DB61811511435D3030E4E230E8B07E","net10","hmail_perf_pair_net10_20260831_225556","C:\hmail-perf-pair-delivery-20260901\net10\Data","F6B2319F94B2989ACFC29A1A124895A151484996D94A2CC5266C1DDEAA7897AE","PASS","45FA907CE0D3797C1E13EBB2F03F076A25656CCE27E801C18F745ACD3944FBBD","5136EEC556F9790732AE759EF52F77FE6172329EA55787A80300C4A824107E46","smtp-message-acceptance","496","True","3.68",
"134e0ab3-c4ca-48af-ae1c-f2c091bf9001","MANIFEST_BOUND","hmail-perf-pair-delivery-20260901","A83052CA61D7F3853E97522D3F72DDA595DB61811511435D3030E4E230E8B07E","net10","hmail_perf_pair_net10_20260831_225556","C:\hmail-perf-pair-delivery-20260901\net10\Data","F6B2319F94B2989ACFC29A1A124895A151484996D94A2CC5266C1DDEAA7897AE","PASS","45FA907CE0D3797C1E13EBB2F03F076A25656CCE27E801C18F745ACD3944FBBD","5136EEC556F9790732AE759EF52F77FE6172329EA55787A80300C4A824107E46","smtp-message-acceptance","497","True","4.124",
"134e0ab3-c4ca-48af-ae1c-f2c091bf9001","MANIFEST_BOUND","hmail-perf-pair-delivery-20260901","A83052CA61D7F3853E97522D3F72DDA595DB61811511435D3030E4E230E8B07E","net10","hmail_perf_pair_net10_20260831_225556","C:\hmail-perf-pair-delivery-20260901\net10\Data","F6B2319F94B2989ACFC29A1A124895A151484996D94A2CC5266C1DDEAA7897AE","PASS","45FA907CE0D3797C1E13EBB2F03F076A25656CCE27E801C18F745ACD3944FBBD","5136EEC556F9790732AE759EF52F77FE6172329EA55787A80300C4A824107E46","smtp-message-acceptance","498","True","3.705",
"134e0ab3-c4ca-48af-ae1c-f2c091bf9001","MANIFEST_BOUND","hmail-perf-pair-delivery-20260901","A83052CA61D7F3853E97522D3F72DDA595DB61811511435D3030E4E230E8B07E","net10","hmail_perf_pair_net10_20260831_225556","C:\hmail-perf-pair-delivery-20260901\net10\Data","F6B2319F94B2989ACFC29A1A124895A151484996D94A2CC5266C1DDEAA7897AE","PASS","45FA907CE0D3797C1E13EBB2F03F076A25656CCE27E801C18F745ACD3944FBBD","5136EEC556F9790732AE759EF52F77FE6172329EA55787A80300C4A824107E46","smtp-message-acceptance","499","True","3.741",
"134e0ab3-c4ca-48af-ae1c-f2c091bf9001","MANIFEST_BOUND","hmail-perf-pair-delivery-20260901","A83052CA61D7F3853E97522D3F72DDA595DB61811511435D3030E4E230E8B07E","net10","hmail_perf_pair_net10_20260831_225556","C:\hmail-perf-pair-delivery-20260901\net10\Data","F6B2319F94B2989ACFC29A1A124895A151484996D94A2CC5266C1DDEAA7897AE","PASS","45FA907CE0D3797C1E13EBB2F03F076A25656CCE27E801C18F745ACD3944FBBD","5136EEC556F9790732AE759EF52F77FE6172329EA55787A80300C4A824107E46","smtp-message-acceptance","500","True","3.706",
