"runId","provenanceStatus","fixtureId","manifestSha256","implementation","database","dataRoot","executableSha256","sqlMaxPoolSize","sqlConnectionTimeoutSeconds","probeFanOut","launchStaggerMilliseconds","runStartAttestationStatus","runStartDataSha256","runStartMessageSha256","wave","session","ok","timedOut","ms","error","searchResultValid","searchResultCount","searchExactSequence","sortResultValid","sortResultCount","sortExactSequence"
"d02f514d-e0e9-491f-b8d4-72c89c73fe78","MANIFEST_BOUND","hmail-perf-pair-service-20260901","06EFCBA9520D478A6DAC7ABB7F09F3B63D015A0CD5ECA1EB4D0FD2CC8C38F9FD","cpp","hmail_perf_pair_cpp_20260831_head3","C:\hmail-perf-pair-service-20260901\cpp\Data","B3DF9E8BBF4BEDB1102C94DF7C86356E1FEABCBC02A18E8EABEB1EA1453D09B8",,,"one TCP client and one sequential IMAP session per sample","0","PASS","45FA907CE0D3797C1E13EBB2F03F076A25656CCE27E801C18F745ACD3944FBBD","5136EEC556F9790732AE759EF52F77FE6172329EA55787A80300C4A824107E46","1","1","True","False","910.647",,"True","1000","True","True","1000","True"
"d02f514d-e0e9-491f-b8d4-72c89c73fe78","MANIFEST_BOUND","hmail-perf-pair-service-20260901","06EFCBA9520D478A6DAC7ABB7F09F3B63D015A0CD5ECA1EB4D0FD2CC8C38F9FD","cpp","hmail_perf_pair_cpp_20260831_head3","C:\hmail-perf-pair-service-20260901\cpp\Data","B3DF9E8BBF4BEDB1102C94DF7C86356E1FEABCBC02A18E8EABEB1EA1453D09B8",,,"one TCP client and one sequential IMAP session per sample","0","PASS","45FA907CE0D3797C1E13EBB2F03F076A25656CCE27E801C18F745ACD3944FBBD","5136EEC556F9790732AE759EF52F77FE6172329EA55787A80300C4A824107E46","1","2","True","False","1261.752",,"True","1000","True","True","1000","True"
"d02f514d-e0e9-491f-b8d4-72c89c73fe78","MANIFEST_BOUND","hmail-perf-pair-service-20260901","06EFCBA9520D478A6DAC7ABB7F09F3B63D015A0CD5ECA1EB4D0FD2CC8C38F9FD","cpp","hmail_perf_pair_cpp_20260831_head3","C:\hmail-perf-pair-service-20260901\cpp\Data","B3DF9E8BBF4BEDB1102C94DF7C86356E1FEABCBC02A18E8EABEB1EA1453D09B8",,,"one TCP client and one sequential IMAP session per sample","0","PASS","45FA907CE0D3797C1E13EBB2F03F076A25656CCE27E801C18F745ACD3944FBBD","5136EEC556F9790732AE759EF52F77FE6172329EA55787A80300C4A824107E46","1","3","True","False","4262.421",,"True","1000","True","True","1000","True"
"d02f514d-e0e9-491f-b8d4-72c89c73fe78","MANIFEST_BOUND","hmail-perf-pair-service-20260901","06EFCBA9520D478A6DAC7ABB7F09F3B63D015A0CD5ECA1EB4D0FD2CC8C38F9FD","cpp","hmail_perf_pair_cpp_20260831_head3","C:\hmail-perf-pair-service-20260901\cpp\Data","B3DF9E8BBF4BEDB1102C94DF7C86356E1FEABCBC02A18E8EABEB1EA1453D09B8",,,"one TCP client and one sequential IMAP session per sample","0","PASS","45FA907CE0D3797C1E13EBB2F03F076A25656CCE27E801C18F745ACD3944FBBD","5136EEC556F9790732AE759EF52F77FE6172329EA55787A80300C4A824107E46","1","4","True","False","1945.264",,"True","1000","True","True","1000","True"
"d02f514d-e0e9-491f-b8d4-72c89c73fe78","MANIFEST_BOUND","hmail-perf-pair-service-20260901","06EFCBA9520D478A6DAC7ABB7F09F3B63D015A0CD5ECA1EB4D0FD2CC8C38F9FD","cpp","hmail_perf_pair_cpp_20260831_head3","C:\hmail-perf-pair-service-20260901\cpp\Data","B3DF9E8BBF4BEDB1102C94DF7C86356E1FEABCBC02A18E8EABEB1EA1453D09B8",,,"one TCP client and one sequential IMAP session per sample","0","PASS","45FA907CE0D3797C1E13EBB2F03F076A25656CCE27E801C18F745ACD3944FBBD","5136EEC556F9790732AE759EF52F77FE6172329EA55787A80300C4A824107E46","1","5","True","False","1133.821",,"True","1000","True","True","1000","True"
"d02f514d-e0e9-491f-b8d4-72c89c73fe78","MANIFEST_BOUND","hmail-perf-pair-service-20260901","06EFCBA9520D478A6DAC7ABB7F09F3B63D015A0CD5ECA1EB4D0FD2CC8C38F9FD","cpp","hmail_perf_pair_cpp_20260831_head3","C:\hmail-perf-pair-service-20260901\cpp\Data","B3DF9E8BBF4BEDB1102C94DF7C86356E1FEABCBC02A18E8EABEB1EA1453D09B8",,,"one TCP client and one sequential IMAP session per sample","0","PASS","45FA907CE0D3797C1E13EBB2F03F076A25656CCE27E801C18F745ACD3944FBBD","5136EEC556F9790732AE759EF52F77FE6172329EA55787A80300C4A824107E46","1","6","True","False","912.717",,"True","1000","True","True","1000","True"
"d02f514d-e0e9-491f-b8d4-72c89c73fe78","MANIFEST_BOUND","hmail-perf-pair-service-20260901","06EFCBA9520D478A6DAC7ABB7F09F3B63D015A0CD5ECA1EB4D0FD2CC8C38F9FD","cpp","hmail_perf_pair_cpp_20260831_head3","C:\hmail-perf-pair-service-20260901\cpp\Data","B3DF9E8BBF4BEDB1102C94DF7C86356E1FEABCBC02A18E8EABEB1EA1453D09B8",,,"one TCP client and one sequential IMAP session per sample","0","PASS","45FA907CE0D3797C1E13EBB2F03F076A25656CCE27E801C18F745ACD3944FBBD","5136EEC556F9790732AE759EF52F77FE6172329EA55787A80300C4A824107E46","1","7","True","False","5258.2",,"True","1000","True","True","1000","True"
"d02f514d-e0e9-491f-b8d4-72c89c73fe78","MANIFEST_BOUND","hmail-perf-pair-service-20260901","06EFCBA9520D478A6DAC7ABB7F09F3B63D015A0CD5ECA1EB4D0FD2CC8C38F9FD","cpp","hmail_perf_pair_cpp_20260831_head3","C:\hmail-perf-pair-service-20260901\cpp\Data","B3DF9E8BBF4BEDB1102C94DF7C86356E1FEABCBC02A18E8EABEB1EA1453D09B8",,,"one TCP client and one sequential IMAP session per sample","0","PASS","45FA907CE0D3797C1E13EBB2F03F076A25656CCE27E801C18F745ACD3944FBBD","5136EEC556F9790732AE759EF52F77FE6172329EA55787A80300C4A824107E46","1","8","True","False","907.823",,"True","1000","True","True","1000","True"
"d02f514d-e0e9-491f-b8d4-72c89c73fe78","MANIFEST_BOUND","hmail-perf-pair-service-20260901","06EFCBA9520D478A6DAC7ABB7F09F3B63D015A0CD5ECA1EB4D0FD2CC8C38F9FD","cpp","hmail_perf_pair_cpp_20260831_head3","C:\hmail-perf-pair-service-20260901\cpp\Data","B3DF9E8BBF4BEDB1102C94DF7C86356E1FEABCBC02A18E8EABEB1EA1453D09B8",,,"one TCP client and one sequential IMAP session per sample","0","PASS","45FA907CE0D3797C1E13EBB2F03F076A25656CCE27E801C18F745ACD3944FBBD","5136EEC556F9790732AE759EF52F77FE6172329EA55787A80300C4A824107E46","1","9","True","False","1275.432",,"True","1000","True","True","1000","True"
"d02f514d-e0e9-491f-b8d4-72c89c73fe78","MANIFEST_BOUND","hmail-perf-pair-service-20260901","06EFCBA9520D478A6DAC7ABB7F09F3B63D015A0CD5ECA1EB4D0FD2CC8C38F9FD","cpp","hmail_perf_pair_cpp_20260831_head3","C:\hmail-perf-pair-service-20260901\cpp\Data","B3DF9E8BBF4BEDB1102C94DF7C86356E1FEABCBC02A18E8EABEB1EA1453D09B8",,,"one TCP client and one sequential IMAP session per sample","0","PASS","45FA907CE0D3797C1E13EBB2F03F076A25656CCE27E801C18F745ACD3944FBBD","5136EEC556F9790732AE759EF52F77FE6172329EA55787A80300C4A824107E46","1","10","True","False","1142.455",,"True","1000","True","True","1000","True"
"d02f514d-e0e9-491f-b8d4-72c89c73fe78","MANIFEST_BOUND","hmail-perf-pair-service-20260901","06EFCBA9520D478A6DAC7ABB7F09F3B63D015A0CD5ECA1EB4D0FD2CC8C38F9FD","cpp","hmail_perf_pair_cpp_20260831_head3","C:\hmail-perf-pair-service-20260901\cpp\Data","B3DF9E8BBF4BEDB1102C94DF7C86356E1FEABCBC02A18E8EABEB1EA1453D09B8",,,"one TCP client and one sequential IMAP session per sample","0","PASS","45FA907CE0D3797C1E13EBB2F03F076A25656CCE27E801C18F745ACD3944FBBD","5136EEC556F9790732AE759EF52F77FE6172329EA55787A80300C4A824107E46","1","11","True","False","903.37",,"True","1000","True","True","1000","True"
"d02f514d-e0e9-491f-b8d4-72c89c73fe78","MANIFEST_BOUND","hmail-perf-pair-service-20260901","06EFCBA9520D478A6DAC7ABB7F09F3B63D015A0CD5ECA1EB4D0FD2CC8C38F9FD","cpp","hmail_perf_pair_cpp_20260831_head3","C:\hmail-perf-pair-service-20260901\cpp\Data","B3DF9E8BBF4BEDB1102C94DF7C86356E1FEABCBC02A18E8EABEB1EA1453D09B8",,,"one TCP client and one sequential IMAP session per sample","0","PASS","45FA907CE0D3797C1E13EBB2F03F076A25656CCE27E801C18F745ACD3944FBBD","5136EEC556F9790732AE759EF52F77FE6172329EA55787A80300C4A824107E46","1","12","True","False","1722.246",,"True","1000","True","True","1000","True"
"d02f514d-e0e9-491f-b8d4-72c89c73fe78","MANIFEST_BOUND","hmail-perf-pair-service-20260901","06EFCBA9520D478A6DAC7ABB7F09F3B63D015A0CD5ECA1EB4D0FD2CC8C38F9FD","cpp","hmail_perf_pair_cpp_20260831_head3","C:\hmail-perf-pair-service-20260901\cpp\Data","B3DF9E8BBF4BEDB1102C94DF7C86356E1FEABCBC02A18E8EABEB1EA1453D09B8",,,"one TCP client and one sequential IMAP session per sample","0","PASS","45FA907CE0D3797C1E13EBB2F03F076A25656CCE27E801C18F745ACD3944FBBD","5136EEC556F9790732AE759EF52F77FE6172329EA55787A80300C4A824107E46","1","13","True","False","1264.54",,"True","1000","True","True","1000","True"
"d02f514d-e0e9-491f-b8d4-72c89c73fe78","MANIFEST_BOUND","hmail-perf-pair-service-20260901","06EFCBA9520D478A6DAC7ABB7F09F3B63D015A0CD5ECA1EB4D0FD2CC8C38F9FD","cpp","hmail_perf_pair_cpp_20260831_head3","C:\hmail-perf-pair-service-20260901\cpp\Data","B3DF9E8BBF4BEDB1102C94DF7C86356E1FEABCBC02A18E8EABEB1EA1453D09B8",,,"one TCP client and one sequential IMAP session per sample","0","PASS","45FA907CE0D3797C1E13EBB2F03F076A25656CCE27E801C18F745ACD3944FBBD","5136EEC556F9790732AE759EF52F77FE6172329EA55787A80300C4A824107E46","1","14","True","False","1252.119",,"True","1000","True","True","1000","True"
"d02f514d-e0e9-491f-b8d4-72c89c73fe78","MANIFEST_BOUND","hmail-perf-pair-service-20260901","06EFCBA9520D478A6DAC7ABB7F09F3B63D015A0CD5ECA1EB4D0FD2CC8C38F9FD","cpp","hmail_perf_pair_cpp_20260831_head3","C:\hmail-perf-pair-service-20260901\cpp\Data","B3DF9E8BBF4BEDB1102C94DF7C86356E1FEABCBC02A18E8EABEB1EA1453D09B8",,,"one TCP client and one sequential IMAP session per sample","0","PASS","45FA907CE0D3797C1E13EBB2F03F076A25656CCE27E801C18F745ACD3944FBBD","5136EEC556F9790732AE759EF52F77FE6172329EA55787A80300C4A824107E46","1","15","True","False","1248.849",,"True","1000","True","True","1000","True"
"d02f514d-e0e9-491f-b8d4-72c89c73fe78","MANIFEST_BOUND","hmail-perf-pair-service-20260901","06EFCBA9520D478A6DAC7ABB7F09F3B63D015A0CD5ECA1EB4D0FD2CC8C38F9FD","cpp","hmail_perf_pair_cpp_20260831_head3","C:\hmail-perf-pair-service-20260901\cpp\Data","B3DF9E8BBF4BEDB1102C94DF7C86356E1FEABCBC02A18E8EABEB1EA1453D09B8",,,"one TCP client and one sequential IMAP session per sample","0","PASS","45FA907CE0D3797C1E13EBB2F03F076A25656CCE27E801C18F745ACD3944FBBD","5136EEC556F9790732AE759EF52F77FE6172329EA55787A80300C4A824107E46","1","16","True","False","917.885",,"True","1000","True","True","1000","True"
"d02f514d-e0e9-491f-b8d4-72c89c73fe78","MANIFEST_BOUND","hmail-perf-pair-service-20260901","06EFCBA9520D478A6DAC7ABB7F09F3B63D015A0CD5ECA1EB4D0FD2CC8C38F9FD","cpp","hmail_perf_pair_cpp_20260831_head3","C:\hmail-perf-pair-service-20260901\cpp\Data","B3DF9E8BBF4BEDB1102C94DF7C86356E1FEABCBC02A18E8EABEB1EA1453D09B8",,,"one TCP client and one sequential IMAP session per sample","0","PASS","45FA907CE0D3797C1E13EBB2F03F076A25656CCE27E801C18F745ACD3944FBBD","5136EEC556F9790732AE759EF52F77FE6172329EA55787A80300C4A824107E46","1","17","True","False","1131.134",,"True","1000","True","True","1000","True"
"d02f514d-e0e9-491f-b8d4-72c89c73fe78","MANIFEST_BOUND","hmail-perf-pair-service-20260901","06EFCBA9520D478A6DAC7ABB7F09F3B63D015A0CD5ECA1EB4D0FD2CC8C38F9FD","cpp","hmail_perf_pair_cpp_20260831_head3","C:\hmail-perf-pair-service-20260901\cpp\Data","B3DF9E8BBF4BEDB1102C94DF7C86356E1FEABCBC02A18E8EABEB1EA1453D09B8",,,"one TCP client and one sequential IMAP session per sample","0","PASS","45FA907CE0D3797C1E13EBB2F03F076A25656CCE27E801C18F745ACD3944FBBD","5136EEC556F9790732AE759EF52F77FE6172329EA55787A80300C4A824107E46","1","18","True","False","1288.103",,"True","1000","True","True","1000","True"
"d02f514d-e0e9-491f-b8d4-72c89c73fe78","MANIFEST_BOUND","hmail-perf-pair-service-20260901","06EFCBA9520D478A6DAC7ABB7F09F3B63D015A0CD5ECA1EB4D0FD2CC8C38F9FD","cpp","hmail_perf_pair_cpp_20260831_head3","C:\hmail-perf-pair-service-20260901\cpp\Data","B3DF9E8BBF4BEDB1102C94DF7C86356E1FEABCBC02A18E8EABEB1EA1453D09B8",,,"one TCP client and one sequential IMAP session per sample","0","PASS","45FA907CE0D3797C1E13EBB2F03F076A25656CCE27E801C18F745ACD3944FBBD","5136EEC556F9790732AE759EF52F77FE6172329EA55787A80300C4A824107E46","1","19","True","False","4321.681",,"True","1000","True","True","1000","True"
"d02f514d-e0e9-491f-b8d4-72c89c73fe78","MANIFEST_BOUND","hmail-perf-pair-service-20260901","06EFCBA9520D478A6DAC7ABB7F09F3B63D015A0CD5ECA1EB4D0FD2CC8C38F9FD","cpp","hmail_perf_pair_cpp_20260831_head3","C:\hmail-perf-pair-service-20260901\cpp\Data","B3DF9E8BBF4BEDB1102C94DF7C86356E1FEABCBC02A18E8EABEB1EA1453D09B8",,,"one TCP client and one sequential IMAP session per sample","0","PASS","45FA907CE0D3797C1E13EBB2F03F076A25656CCE27E801C18F745ACD3944FBBD","5136EEC556F9790732AE759EF52F77FE6172329EA55787A80300C4A824107E46","1","20","True","False","1272.556",,"True","1000","True","True","1000","True"
"d02f514d-e0e9-491f-b8d4-72c89c73fe78","MANIFEST_BOUND","hmail-perf-pair-service-20260901","06EFCBA9520D478A6DAC7ABB7F09F3B63D015A0CD5ECA1EB4D0FD2CC8C38F9FD","cpp","hmail_perf_pair_cpp_20260831_head3","C:\hmail-perf-pair-service-20260901\cpp\Data","B3DF9E8BBF4BEDB1102C94DF7C86356E1FEABCBC02A18E8EABEB1EA1453D09B8",,,"one TCP client and one sequential IMAP session per sample","0","PASS","45FA907CE0D3797C1E13EBB2F03F076A25656CCE27E801C18F745ACD3944FBBD","5136EEC556F9790732AE759EF52F77FE6172329EA55787A80300C4A824107E46","1","21","True","False","1136.246",,"True","1000","True","True","1000","True"
"d02f514d-e0e9-491f-b8d4-72c89c73fe78","MANIFEST_BOUND","hmail-perf-pair-service-20260901","06EFCBA9520D478A6DAC7ABB7F09F3B63D015A0CD5ECA1EB4D0FD2CC8C38F9FD","cpp","hmail_perf_pair_cpp_20260831_head3","C:\hmail-perf-pair-service-20260901\cpp\Data","B3DF9E8BBF4BEDB1102C94DF7C86356E1FEABCBC02A18E8EABEB1EA1453D09B8",,,"one TCP client and one sequential IMAP session per sample","0","PASS","45FA907CE0D3797C1E13EBB2F03F076A25656CCE27E801C18F745ACD3944FBBD","5136EEC556F9790732AE759EF52F77FE6172329EA55787A80300C4A824107E46","1","22","True","False","4317.503",,"True","1000","True","True","1000","True"
"d02f514d-e0e9-491f-b8d4-72c89c73fe78","MANIFEST_BOUND","hmail-perf-pair-service-20260901","06EFCBA9520D478A6DAC7ABB7F09F3B63D015A0CD5ECA1EB4D0FD2CC8C38F9FD","cpp","hmail_perf_pair_cpp_20260831_head3","C:\hmail-perf-pair-service-20260901\cpp\Data","B3DF9E8BBF4BEDB1102C94DF7C86356E1FEABCBC02A18E8EABEB1EA1453D09B8",,,"one TCP client and one sequential IMAP session per sample","0","PASS","45FA907CE0D3797C1E13EBB2F03F076A25656CCE27E801C18F745ACD3944FBBD","5136EEC556F9790732AE759EF52F77FE6172329EA55787A80300C4A824107E46","1","23","True","False","902.185",,"True","1000","True","True","1000","True"
"d02f514d-e0e9-491f-b8d4-72c89c73fe78","MANIFEST_BOUND","hmail-perf-pair-service-20260901","06EFCBA9520D478A6DAC7ABB7F09F3B63D015A0CD5ECA1EB4D0FD2CC8C38F9FD","cpp","hmail_perf_pair_cpp_20260831_head3","C:\hmail-perf-pair-service-20260901\cpp\Data","B3DF9E8BBF4BEDB1102C94DF7C86356E1FEABCBC02A18E8EABEB1EA1453D09B8",,,"one TCP client and one sequential IMAP session per sample","0","PASS","45FA907CE0D3797C1E13EBB2F03F076A25656CCE27E801C18F745ACD3944FBBD","5136EEC556F9790732AE759EF52F77FE6172329EA55787A80300C4A824107E46","1","24","True","False","1676.725",,"True","1000","True","True","1000","True"
"d02f514d-e0e9-491f-b8d4-72c89c73fe78","MANIFEST_BOUND","hmail-perf-pair-service-20260901","06EFCBA9520D478A6DAC7ABB7F09F3B63D015A0CD5ECA1EB4D0FD2CC8C38F9FD","cpp","hmail_perf_pair_cpp_20260831_head3","C:\hmail-perf-pair-service-20260901\cpp\Data","B3DF9E8BBF4BEDB1102C94DF7C86356E1FEABCBC02A18E8EABEB1EA1453D09B8",,,"one TCP client and one sequential IMAP session per sample","0","PASS","45FA907CE0D3797C1E13EBB2F03F076A25656CCE27E801C18F745ACD3944FBBD","5136EEC556F9790732AE759EF52F77FE6172329EA55787A80300C4A824107E46","1","25","True","False","1244.762",,"True","1000","True","True","1000","True"
"d02f514d-e0e9-491f-b8d4-72c89c73fe78","MANIFEST_BOUND","hmail-perf-pair-service-20260901","06EFCBA9520D478A6DAC7ABB7F09F3B63D015A0CD5ECA1EB4D0FD2CC8C38F9FD","cpp","hmail_perf_pair_cpp_20260831_head3","C:\hmail-perf-pair-service-20260901\cpp\Data","B3DF9E8BBF4BEDB1102C94DF7C86356E1FEABCBC02A18E8EABEB1EA1453D09B8",,,"one TCP client and one sequential IMAP session per sample","0","PASS","45FA907CE0D3797C1E13EBB2F03F076A25656CCE27E801C18F745ACD3944FBBD","5136EEC556F9790732AE759EF52F77FE6172329EA55787A80300C4A824107E46","1","26","True","False","1138.024",,"True","1000","True","True","1000","True"
"d02f514d-e0e9-491f-b8d4-72c89c73fe78","MANIFEST_BOUND","hmail-perf-pair-service-20260901","06EFCBA9520D478A6DAC7ABB7F09F3B63D015A0CD5ECA1EB4D0FD2CC8C38F9FD","cpp","hmail_perf_pair_cpp_20260831_head3","C:\hmail-perf-pair-service-20260901\cpp\Data","B3DF9E8BBF4BEDB1102C94DF7C86356E1FEABCBC02A18E8EABEB1EA1453D09B8",,,"one TCP client and one sequential IMAP session per sample","0","PASS","45FA907CE0D3797C1E13EBB2F03F076A25656CCE27E801C18F745ACD3944FBBD","5136EEC556F9790732AE759EF52F77FE6172329EA55787A80300C4A824107E46","1","27","True","False","3838.453",,"True","1000","True","True","1000","True"
"d02f514d-e0e9-491f-b8d4-72c89c73fe78","MANIFEST_BOUND","hmail-perf-pair-service-20260901","06EFCBA9520D478A6DAC7ABB7F09F3B63D015A0CD5ECA1EB4D0FD2CC8C38F9FD","cpp","hmail_perf_pair_cpp_20260831_head3","C:\hmail-perf-pair-service-20260901\cpp\Data","B3DF9E8BBF4BEDB1102C94DF7C86356E1FEABCBC02A18E8EABEB1EA1453D09B8",,,"one TCP client and one sequential IMAP session per sample","0","PASS","45FA907CE0D3797C1E13EBB2F03F076A25656CCE27E801C18F745ACD3944FBBD","5136EEC556F9790732AE759EF52F77FE6172329EA55787A80300C4A824107E46","1","28","True","False","1076.161",,"True","1000","True","True","1000","True"
"d02f514d-e0e9-491f-b8d4-72c89c73fe78","MANIFEST_BOUND","hmail-perf-pair-service-20260901","06EFCBA9520D478A6DAC7ABB7F09F3B63D015A0CD5ECA1EB4D0FD2CC8C38F9FD","cpp","hmail_perf_pair_cpp_20260831_head3","C:\hmail-perf-pair-service-20260901\cpp\Data","B3DF9E8BBF4BEDB1102C94DF7C86356E1FEABCBC02A18E8EABEB1EA1453D09B8",,,"one TCP client and one sequential IMAP session per sample","0","PASS","45FA907CE0D3797C1E13EBB2F03F076A25656CCE27E801C18F745ACD3944FBBD","5136EEC556F9790732AE759EF52F77FE6172329EA55787A80300C4A824107E46","1","29","True","False","1143.377",,"True","1000","True","True","1000","True"
"d02f514d-e0e9-491f-b8d4-72c89c73fe78","MANIFEST_BOUND","hmail-perf-pair-service-20260901","06EFCBA9520D478A6DAC7ABB7F09F3B63D015A0CD5ECA1EB4D0FD2CC8C38F9FD","cpp","hmail_perf_pair_cpp_20260831_head3","C:\hmail-perf-pair-service-20260901\cpp\Data","B3DF9E8BBF4BEDB1102C94DF7C86356E1FEABCBC02A18E8EABEB1EA1453D09B8",,,"one TCP client and one sequential IMAP session per sample","0","PASS","45FA907CE0D3797C1E13EBB2F03F076A25656CCE27E801C18F745ACD3944FBBD","5136EEC556F9790732AE759EF52F77FE6172329EA55787A80300C4A824107E46","1","30","True","False","1276.708",,"True","1000","True","True","1000","True"
"d02f514d-e0e9-491f-b8d4-72c89c73fe78","MANIFEST_BOUND","hmail-perf-pair-service-20260901","06EFCBA9520D478A6DAC7ABB7F09F3B63D015A0CD5ECA1EB4D0FD2CC8C38F9FD","cpp","hmail_perf_pair_cpp_20260831_head3","C:\hmail-perf-pair-service-20260901\cpp\Data","B3DF9E8BBF4BEDB1102C94DF7C86356E1FEABCBC02A18E8EABEB1EA1453D09B8",,,"one TCP client and one sequential IMAP session per sample","0","PASS","45FA907CE0D3797C1E13EBB2F03F076A25656CCE27E801C18F745ACD3944FBBD","5136EEC556F9790732AE759EF52F77FE6172329EA55787A80300C4A824107E46","1","31","True","False","1149.356",,"True","1000","True","True","1000","True"
"d02f514d-e0e9-491f-b8d4-72c89c73fe78","MANIFEST_BOUND","hmail-perf-pair-service-20260901","06EFCBA9520D478A6DAC7ABB7F09F3B63D015A0CD5ECA1EB4D0FD2CC8C38F9FD","cpp","hmail_perf_pair_cpp_20260831_head3","C:\hmail-perf-pair-service-20260901\cpp\Data","B3DF9E8BBF4BEDB1102C94DF7C86356E1FEABCBC02A18E8EABEB1EA1453D09B8",,,"one TCP client and one sequential IMAP session per sample","0","PASS","45FA907CE0D3797C1E13EBB2F03F076A25656CCE27E801C18F745ACD3944FBBD","5136EEC556F9790732AE759EF52F77FE6172329EA55787A80300C4A824107E46","1","32","True","False","1124.628",,"True","1000","True","True","1000","True"
"d02f514d-e0e9-491f-b8d4-72c89c73fe78","MANIFEST_BOUND","hmail-perf-pair-service-20260901","06EFCBA9520D478A6DAC7ABB7F09F3B63D015A0CD5ECA1EB4D0FD2CC8C38F9FD","cpp","hmail_perf_pair_cpp_20260831_head3","C:\hmail-perf-pair-service-20260901\cpp\Data","B3DF9E8BBF4BEDB1102C94DF7C86356E1FEABCBC02A18E8EABEB1EA1453D09B8",,,"one TCP client and one sequential IMAP session per sample","0","PASS","45FA907CE0D3797C1E13EBB2F03F076A25656CCE27E801C18F745ACD3944FBBD","5136EEC556F9790732AE759EF52F77FE6172329EA55787A80300C4A824107E46","1","33","True","False","1505.646",,"True","1000","True","True","1000","True"
"d02f514d-e0e9-491f-b8d4-72c89c73fe78","MANIFEST_BOUND","hmail-perf-pair-service-20260901","06EFCBA9520D478A6DAC7ABB7F09F3B63D015A0CD5ECA1EB4D0FD2CC8C38F9FD","cpp","hmail_perf_pair_cpp_20260831_head3","C:\hmail-perf-pair-service-20260901\cpp\Data","B3DF9E8BBF4BEDB1102C94DF7C86356E1FEABCBC02A18E8EABEB1EA1453D09B8",,,"one TCP client and one sequential IMAP session per sample","0","PASS","45FA907CE0D3797C1E13EBB2F03F076A25656CCE27E801C18F745ACD3944FBBD","5136EEC556F9790732AE759EF52F77FE6172329EA55787A80300C4A824107E46","1","34","True","False","1641.661",,"True","1000","True","True","1000","True"
"d02f514d-e0e9-491f-b8d4-72c89c73fe78","MANIFEST_BOUND","hmail-perf-pair-service-20260901","06EFCBA9520D478A6DAC7ABB7F09F3B63D015A0CD5ECA1EB4D0FD2CC8C38F9FD","cpp","hmail_perf_pair_cpp_20260831_head3","C:\hmail-perf-pair-service-20260901\cpp\Data","B3DF9E8BBF4BEDB1102C94DF7C86356E1FEABCBC02A18E8EABEB1EA1453D09B8",,,"one TCP client and one sequential IMAP session per sample","0","PASS","45FA907CE0D3797C1E13EBB2F03F076A25656CCE27E801C18F745ACD3944FBBD","5136EEC556F9790732AE759EF52F77FE6172329EA55787A80300C4A824107E46","1","35","True","False","1545.813",,"True","1000","True","True","1000","True"
"d02f514d-e0e9-491f-b8d4-72c89c73fe78","MANIFEST_BOUND","hmail-perf-pair-service-20260901","06EFCBA9520D478A6DAC7ABB7F09F3B63D015A0CD5ECA1EB4D0FD2CC8C38F9FD","cpp","hmail_perf_pair_cpp_20260831_head3","C:\hmail-perf-pair-service-20260901\cpp\Data","B3DF9E8BBF4BEDB1102C94DF7C86356E1FEABCBC02A18E8EABEB1EA1453D09B8",,,"one TCP client and one sequential IMAP session per sample","0","PASS","45FA907CE0D3797C1E13EBB2F03F076A25656CCE27E801C18F745ACD3944FBBD","5136EEC556F9790732AE759EF52F77FE6172329EA55787A80300C4A824107E46","1","36","True","False","1873.267",,"True","1000","True","True","1000","True"
"d02f514d-e0e9-491f-b8d4-72c89c73fe78","MANIFEST_BOUND","hmail-perf-pair-service-20260901","06EFCBA9520D478A6DAC7ABB7F09F3B63D015A0CD5ECA1EB4D0FD2CC8C38F9FD","cpp","hmail_perf_pair_cpp_20260831_head3","C:\hmail-perf-pair-service-20260901\cpp\Data","B3DF9E8BBF4BEDB1102C94DF7C86356E1FEABCBC02A18E8EABEB1EA1453D09B8",,,"one TCP client and one sequential IMAP session per sample","0","PASS","45FA907CE0D3797C1E13EBB2F03F076A25656CCE27E801C18F745ACD3944FBBD","5136EEC556F9790732AE759EF52F77FE6172329EA55787A80300C4A824107E46","1","37","True","False","1921.134",,"True","1000","True","True","1000","True"
"d02f514d-e0e9-491f-b8d4-72c89c73fe78","MANIFEST_BOUND","hmail-perf-pair-service-20260901","06EFCBA9520D478A6DAC7ABB7F09F3B63D015A0CD5ECA1EB4D0FD2CC8C38F9FD","cpp","hmail_perf_pair_cpp_20260831_head3","C:\hmail-perf-pair-service-20260901\cpp\Data","B3DF9E8BBF4BEDB1102C94DF7C86356E1FEABCBC02A18E8EABEB1EA1453D09B8",,,"one TCP client and one sequential IMAP session per sample","0","PASS","45FA907CE0D3797C1E13EBB2F03F076A25656CCE27E801C18F745ACD3944FBBD","5136EEC556F9790732AE759EF52F77FE6172329EA55787A80300C4A824107E46","1","38","True","False","1938.536",,"True","1000","True","True","1000","True"
"d02f514d-e0e9-491f-b8d4-72c89c73fe78","MANIFEST_BOUND","hmail-perf-pair-service-20260901","06EFCBA9520D478A6DAC7ABB7F09F3B63D015A0CD5ECA1EB4D0FD2CC8C38F9FD","cpp","hmail_perf_pair_cpp_20260831_head3","C:\hmail-perf-pair-service-20260901\cpp\Data","B3DF9E8BBF4BEDB1102C94DF7C86356E1FEABCBC02A18E8EABEB1EA1453D09B8",,,"one TCP client and one sequential IMAP session per sample","0","PASS","45FA907CE0D3797C1E13EBB2F03F076A25656CCE27E801C18F745ACD3944FBBD","5136EEC556F9790732AE759EF52F77FE6172329EA55787A80300C4A824107E46","1","39","True","False","1924.24",,"True","1000","True","True","1000","True"
"d02f514d-e0e9-491f-b8d4-72c89c73fe78","MANIFEST_BOUND","hmail-perf-pair-service-20260901","06EFCBA9520D478A6DAC7ABB7F09F3B63D015A0CD5ECA1EB4D0FD2CC8C38F9FD","cpp","hmail_perf_pair_cpp_20260831_head3","C:\hmail-perf-pair-service-20260901\cpp\Data","B3DF9E8BBF4BEDB1102C94DF7C86356E1FEABCBC02A18E8EABEB1EA1453D09B8",,,"one TCP client and one sequential IMAP session per sample","0","PASS","45FA907CE0D3797C1E13EBB2F03F076A25656CCE27E801C18F745ACD3944FBBD","5136EEC556F9790732AE759EF52F77FE6172329EA55787A80300C4A824107E46","1","40","True","False","1929.948",,"True","1000","True","True","1000","True"
"d02f514d-e0e9-491f-b8d4-72c89c73fe78","MANIFEST_BOUND","hmail-perf-pair-service-20260901","06EFCBA9520D478A6DAC7ABB7F09F3B63D015A0CD5ECA1EB4D0FD2CC8C38F9FD","cpp","hmail_perf_pair_cpp_20260831_head3","C:\hmail-perf-pair-service-20260901\cpp\Data","B3DF9E8BBF4BEDB1102C94DF7C86356E1FEABCBC02A18E8EABEB1EA1453D09B8",,,"one TCP client and one sequential IMAP session per sample","0","PASS","45FA907CE0D3797C1E13EBB2F03F076A25656CCE27E801C18F745ACD3944FBBD","5136EEC556F9790732AE759EF52F77FE6172329EA55787A80300C4A824107E46","1","41","True","False","1932.44",,"True","1000","True","True","1000","True"
"d02f514d-e0e9-491f-b8d4-72c89c73fe78","MANIFEST_BOUND","hmail-perf-pair-service-20260901","06EFCBA9520D478A6DAC7ABB7F09F3B63D015A0CD5ECA1EB4D0FD2CC8C38F9FD","cpp","hmail_perf_pair_cpp_20260831_head3","C:\hmail-perf-pair-service-20260901\cpp\Data","B3DF9E8BBF4BEDB1102C94DF7C86356E1FEABCBC02A18E8EABEB1EA1453D09B8",,,"one TCP client and one sequential IMAP session per sample","0","PASS","45FA907CE0D3797C1E13EBB2F03F076A25656CCE27E801C18F745ACD3944FBBD","5136EEC556F9790732AE759EF52F77FE6172329EA55787A80300C4A824107E46","1","42","True","False","1947.925",,"True","1000","True","True","1000","True"
"d02f514d-e0e9-491f-b8d4-72c89c73fe78","MANIFEST_BOUND","hmail-perf-pair-service-20260901","06EFCBA9520D478A6DAC7ABB7F09F3B63D015A0CD5ECA1EB4D0FD2CC8C38F9FD","cpp","hmail_perf_pair_cpp_20260831_head3","C:\hmail-perf-pair-service-20260901\cpp\Data","B3DF9E8BBF4BEDB1102C94DF7C86356E1FEABCBC02A18E8EABEB1EA1453D09B8",,,"one TCP client and one sequential IMAP session per sample","0","PASS","45FA907CE0D3797C1E13EBB2F03F076A25656CCE27E801C18F745ACD3944FBBD","5136EEC556F9790732AE759EF52F77FE6172329EA55787A80300C4A824107E46","1","43","True","False","2350.08",,"True","1000","True","True","1000","True"
"d02f514d-e0e9-491f-b8d4-72c89c73fe78","MANIFEST_BOUND","hmail-perf-pair-service-20260901","06EFCBA9520D478A6DAC7ABB7F09F3B63D015A0CD5ECA1EB4D0FD2CC8C38F9FD","cpp","hmail_perf_pair_cpp_20260831_head3","C:\hmail-perf-pair-service-20260901\cpp\Data","B3DF9E8BBF4BEDB1102C94DF7C86356E1FEABCBC02A18E8EABEB1EA1453D09B8",,,"one TCP client and one sequential IMAP session per sample","0","PASS","45FA907CE0D3797C1E13EBB2F03F076A25656CCE27E801C18F745ACD3944FBBD","5136EEC556F9790732AE759EF52F77FE6172329EA55787A80300C4A824107E46","1","44","True","False","2135.973",,"True","1000","True","True","1000","True"
"d02f514d-e0e9-491f-b8d4-72c89c73fe78","MANIFEST_BOUND","hmail-perf-pair-service-20260901","06EFCBA9520D478A6DAC7ABB7F09F3B63D015A0CD5ECA1EB4D0FD2CC8C38F9FD","cpp","hmail_perf_pair_cpp_20260831_head3","C:\hmail-perf-pair-service-20260901\cpp\Data","B3DF9E8BBF4BEDB1102C94DF7C86356E1FEABCBC02A18E8EABEB1EA1453D09B8",,,"one TCP client and one sequential IMAP session per sample","0","PASS","45FA907CE0D3797C1E13EBB2F03F076A25656CCE27E801C18F745ACD3944FBBD","5136EEC556F9790732AE759EF52F77FE6172329EA55787A80300C4A824107E46","1","45","True","False","2104.576",,"True","1000","True","True","1000","True"
"d02f514d-e0e9-491f-b8d4-72c89c73fe78","MANIFEST_BOUND","hmail-perf-pair-service-20260901","06EFCBA9520D478A6DAC7ABB7F09F3B63D015A0CD5ECA1EB4D0FD2CC8C38F9FD","cpp","hmail_perf_pair_cpp_20260831_head3","C:\hmail-perf-pair-service-20260901\cpp\Data","B3DF9E8BBF4BEDB1102C94DF7C86356E1FEABCBC02A18E8EABEB1EA1453D09B8",,,"one TCP client and one sequential IMAP session per sample","0","PASS","45FA907CE0D3797C1E13EBB2F03F076A25656CCE27E801C18F745ACD3944FBBD","5136EEC556F9790732AE759EF52F77FE6172329EA55787A80300C4A824107E46","1","46","True","False","2040.875",,"True","1000","True","True","1000","True"
"d02f514d-e0e9-491f-b8d4-72c89c73fe78","MANIFEST_BOUND","hmail-perf-pair-service-20260901","06EFCBA9520D478A6DAC7ABB7F09F3B63D015A0CD5ECA1EB4D0FD2CC8C38F9FD","cpp","hmail_perf_pair_cpp_20260831_head3","C:\hmail-perf-pair-service-20260901\cpp\Data","B3DF9E8BBF4BEDB1102C94DF7C86356E1FEABCBC02A18E8EABEB1EA1453D09B8",,,"one TCP client and one sequential IMAP session per sample","0","PASS","45FA907CE0D3797C1E13EBB2F03F076A25656CCE27E801C18F745ACD3944FBBD","5136EEC556F9790732AE759EF52F77FE6172329EA55787A80300C4A824107E46","1","47","True","False","2246.297",,"True","1000","True","True","1000","True"
"d02f514d-e0e9-491f-b8d4-72c89c73fe78","MANIFEST_BOUND","hmail-perf-pair-service-20260901","06EFCBA9520D478A6DAC7ABB7F09F3B63D015A0CD5ECA1EB4D0FD2CC8C38F9FD","cpp","hmail_perf_pair_cpp_20260831_head3","C:\hmail-perf-pair-service-20260901\cpp\Data","B3DF9E8BBF4BEDB1102C94DF7C86356E1FEABCBC02A18E8EABEB1EA1453D09B8",,,"one TCP client and one sequential IMAP session per sample","0","PASS","45FA907CE0D3797C1E13EBB2F03F076A25656CCE27E801C18F745ACD3944FBBD","5136EEC556F9790732AE759EF52F77FE6172329EA55787A80300C4A824107E46","1","48","True","False","2046.976",,"True","1000","True","True","1000","True"
"d02f514d-e0e9-491f-b8d4-72c89c73fe78","MANIFEST_BOUND","hmail-perf-pair-service-20260901","06EFCBA9520D478A6DAC7ABB7F09F3B63D015A0CD5ECA1EB4D0FD2CC8C38F9FD","cpp","hmail_perf_pair_cpp_20260831_head3","C:\hmail-perf-pair-service-20260901\cpp\Data","B3DF9E8BBF4BEDB1102C94DF7C86356E1FEABCBC02A18E8EABEB1EA1453D09B8",,,"one TCP client and one sequential IMAP session per sample","0","PASS","45FA907CE0D3797C1E13EBB2F03F076A25656CCE27E801C18F745ACD3944FBBD","5136EEC556F9790732AE759EF52F77FE6172329EA55787A80300C4A824107E46","1","49","True","False","2306.416",,"True","1000","True","True","1000","True"
"d02f514d-e0e9-491f-b8d4-72c89c73fe78","MANIFEST_BOUND","hmail-perf-pair-service-20260901","06EFCBA9520D478A6DAC7ABB7F09F3B63D015A0CD5ECA1EB4D0FD2CC8C38F9FD","cpp","hmail_perf_pair_cpp_20260831_head3","C:\hmail-perf-pair-service-20260901\cpp\Data","B3DF9E8BBF4BEDB1102C94DF7C86356E1FEABCBC02A18E8EABEB1EA1453D09B8",,,"one TCP client and one sequential IMAP session per sample","0","PASS","45FA907CE0D3797C1E13EBB2F03F076A25656CCE27E801C18F745ACD3944FBBD","5136EEC556F9790732AE759EF52F77FE6172329EA55787A80300C4A824107E46","1","50","True","False","2452.091",,"True","1000","True","True","1000","True"
"d02f514d-e0e9-491f-b8d4-72c89c73fe78","MANIFEST_BOUND","hmail-perf-pair-service-20260901","06EFCBA9520D478A6DAC7ABB7F09F3B63D015A0CD5ECA1EB4D0FD2CC8C38F9FD","cpp","hmail_perf_pair_cpp_20260831_head3","C:\hmail-perf-pair-service-20260901\cpp\Data","B3DF9E8BBF4BEDB1102C94DF7C86356E1FEABCBC02A18E8EABEB1EA1453D09B8",,,"one TCP client and one sequential IMAP session per sample","0","PASS","45FA907CE0D3797C1E13EBB2F03F076A25656CCE27E801C18F745ACD3944FBBD","5136EEC556F9790732AE759EF52F77FE6172329EA55787A80300C4A824107E46","1","51","True","False","2366.154",,"True","1000","True","True","1000","True"
"d02f514d-e0e9-491f-b8d4-72c89c73fe78","MANIFEST_BOUND","hmail-perf-pair-service-20260901","06EFCBA9520D478A6DAC7ABB7F09F3B63D015A0CD5ECA1EB4D0FD2CC8C38F9FD","cpp","hmail_perf_pair_cpp_20260831_head3","C:\hmail-perf-pair-service-20260901\cpp\Data","B3DF9E8BBF4BEDB1102C94DF7C86356E1FEABCBC02A18E8EABEB1EA1453D09B8",,,"one TCP client and one sequential IMAP session per sample","0","PASS","45FA907CE0D3797C1E13EBB2F03F076A25656CCE27E801C18F745ACD3944FBBD","5136EEC556F9790732AE759EF52F77FE6172329EA55787A80300C4A824107E46","1","52","True","False","2314.644",,"True","1000","True","True","1000","True"
"d02f514d-e0e9-491f-b8d4-72c89c73fe78","MANIFEST_BOUND","hmail-perf-pair-service-20260901","06EFCBA9520D478A6DAC7ABB7F09F3B63D015A0CD5ECA1EB4D0FD2CC8C38F9FD","cpp","hmail_perf_pair_cpp_20260831_head3","C:\hmail-perf-pair-service-20260901\cpp\Data","B3DF9E8BBF4BEDB1102C94DF7C86356E1FEABCBC02A18E8EABEB1EA1453D09B8",,,"one TCP client and one sequential IMAP session per sample","0","PASS","45FA907CE0D3797C1E13EBB2F03F076A25656CCE27E801C18F745ACD3944FBBD","5136EEC556F9790732AE759EF52F77FE6172329EA55787A80300C4A824107E46","1","53","True","False","2303.729",,"True","1000","True","True","1000","True"
"d02f514d-e0e9-491f-b8d4-72c89c73fe78","MANIFEST_BOUND","hmail-perf-pair-service-20260901","06EFCBA9520D478A6DAC7ABB7F09F3B63D015A0CD5ECA1EB4D0FD2CC8C38F9FD","cpp","hmail_perf_pair_cpp_20260831_head3","C:\hmail-perf-pair-service-20260901\cpp\Data","B3DF9E8BBF4BEDB1102C94DF7C86356E1FEABCBC02A18E8EABEB1EA1453D09B8",,,"one TCP client and one sequential IMAP session per sample","0","PASS","45FA907CE0D3797C1E13EBB2F03F076A25656CCE27E801C18F745ACD3944FBBD","5136EEC556F9790732AE759EF52F77FE6172329EA55787A80300C4A824107E46","1","54","True","False","2558.667",,"True","1000","True","True","1000","True"
"d02f514d-e0e9-491f-b8d4-72c89c73fe78","MANIFEST_BOUND","hmail-perf-pair-service-20260901","06EFCBA9520D478A6DAC7ABB7F09F3B63D015A0CD5ECA1EB4D0FD2CC8C38F9FD","cpp","hmail_perf_pair_cpp_20260831_head3","C:\hmail-perf-pair-service-20260901\cpp\Data","B3DF9E8BBF4BEDB1102C94DF7C86356E1FEABCBC02A18E8EABEB1EA1453D09B8",,,"one TCP client and one sequential IMAP session per sample","0","PASS","45FA907CE0D3797C1E13EBB2F03F076A25656CCE27E801C18F745ACD3944FBBD","5136EEC556F9790732AE759EF52F77FE6172329EA55787A80300C4A824107E46","1","55","True","False","2725.944",,"True","1000","True","True","1000","True"
"d02f514d-e0e9-491f-b8d4-72c89c73fe78","MANIFEST_BOUND","hmail-perf-pair-service-20260901","06EFCBA9520D478A6DAC7ABB7F09F3B63D015A0CD5ECA1EB4D0FD2CC8C38F9FD","cpp","hmail_perf_pair_cpp_20260831_head3","C:\hmail-perf-pair-service-20260901\cpp\Data","B3DF9E8BBF4BEDB1102C94DF7C86356E1FEABCBC02A18E8EABEB1EA1453D09B8",,,"one TCP client and one sequential IMAP session per sample","0","PASS","45FA907CE0D3797C1E13EBB2F03F076A25656CCE27E801C18F745ACD3944FBBD","5136EEC556F9790732AE759EF52F77FE6172329EA55787A80300C4A824107E46","1","56","True","False","2573.974",,"True","1000","True","True","1000","True"
"d02f514d-e0e9-491f-b8d4-72c89c73fe78","MANIFEST_BOUND","hmail-perf-pair-service-20260901","06EFCBA9520D478A6DAC7ABB7F09F3B63D015A0CD5ECA1EB4D0FD2CC8C38F9FD","cpp","hmail_perf_pair_cpp_20260831_head3","C:\hmail-perf-pair-service-20260901\cpp\Data","B3DF9E8BBF4BEDB1102C94DF7C86356E1FEABCBC02A18E8EABEB1EA1453D09B8",,,"one TCP client and one sequential IMAP session per sample","0","PASS","45FA907CE0D3797C1E13EBB2F03F076A25656CCE27E801C18F745ACD3944FBBD","5136EEC556F9790732AE759EF52F77FE6172329EA55787A80300C4A824107E46","1","57","True","False","2725.297",,"True","1000","True","True","1000","True"
"d02f514d-e0e9-491f-b8d4-72c89c73fe78","MANIFEST_BOUND","hmail-perf-pair-service-20260901","06EFCBA9520D478A6DAC7ABB7F09F3B63D015A0CD5ECA1EB4D0FD2CC8C38F9FD","cpp","hmail_perf_pair_cpp_20260831_head3","C:\hmail-perf-pair-service-20260901\cpp\Data","B3DF9E8BBF4BEDB1102C94DF7C86356E1FEABCBC02A18E8EABEB1EA1453D09B8",,,"one TCP client and one sequential IMAP session per sample","0","PASS","45FA907CE0D3797C1E13EBB2F03F076A25656CCE27E801C18F745ACD3944FBBD","5136EEC556F9790732AE759EF52F77FE6172329EA55787A80300C4A824107E46","1","58","True","False","2768.798",,"True","1000","True","True","1000","True"
"d02f514d-e0e9-491f-b8d4-72c89c73fe78","MANIFEST_BOUND","hmail-perf-pair-service-20260901","06EFCBA9520D478A6DAC7ABB7F09F3B63D015A0CD5ECA1EB4D0FD2CC8C38F9FD","cpp","hmail_perf_pair_cpp_20260831_head3","C:\hmail-perf-pair-service-20260901\cpp\Data","B3DF9E8BBF4BEDB1102C94DF7C86356E1FEABCBC02A18E8EABEB1EA1453D09B8",,,"one TCP client and one sequential IMAP session per sample","0","PASS","45FA907CE0D3797C1E13EBB2F03F076A25656CCE27E801C18F745ACD3944FBBD","5136EEC556F9790732AE759EF52F77FE6172329EA55787A80300C4A824107E46","1","59","True","False","2763.588",,"True","1000","True","True","1000","True"
"d02f514d-e0e9-491f-b8d4-72c89c73fe78","MANIFEST_BOUND","hmail-perf-pair-service-20260901","06EFCBA9520D478A6DAC7ABB7F09F3B63D015A0CD5ECA1EB4D0FD2CC8C38F9FD","cpp","hmail_perf_pair_cpp_20260831_head3","C:\hmail-perf-pair-service-20260901\cpp\Data","B3DF9E8BBF4BEDB1102C94DF7C86356E1FEABCBC02A18E8EABEB1EA1453D09B8",,,"one TCP client and one sequential IMAP session per sample","0","PASS","45FA907CE0D3797C1E13EBB2F03F076A25656CCE27E801C18F745ACD3944FBBD","5136EEC556F9790732AE759EF52F77FE6172329EA55787A80300C4A824107E46","1","60","True","False","2910.795",,"True","1000","True","True","1000","True"
"d02f514d-e0e9-491f-b8d4-72c89c73fe78","MANIFEST_BOUND","hmail-perf-pair-service-20260901","06EFCBA9520D478A6DAC7ABB7F09F3B63D015A0CD5ECA1EB4D0FD2CC8C38F9FD","cpp","hmail_perf_pair_cpp_20260831_head3","C:\hmail-perf-pair-service-20260901\cpp\Data","B3DF9E8BBF4BEDB1102C94DF7C86356E1FEABCBC02A18E8EABEB1EA1453D09B8",,,"one TCP client and one sequential IMAP session per sample","0","PASS","45FA907CE0D3797C1E13EBB2F03F076A25656CCE27E801C18F745ACD3944FBBD","5136EEC556F9790732AE759EF52F77FE6172329EA55787A80300C4A824107E46","1","61","True","False","2854.838",,"True","1000","True","True","1000","True"
"d02f514d-e0e9-491f-b8d4-72c89c73fe78","MANIFEST_BOUND","hmail-perf-pair-service-20260901","06EFCBA9520D478A6DAC7ABB7F09F3B63D015A0CD5ECA1EB4D0FD2CC8C38F9FD","cpp","hmail_perf_pair_cpp_20260831_head3","C:\hmail-perf-pair-service-20260901\cpp\Data","B3DF9E8BBF4BEDB1102C94DF7C86356E1FEABCBC02A18E8EABEB1EA1453D09B8",,,"one TCP client and one sequential IMAP session per sample","0","PASS","45FA907CE0D3797C1E13EBB2F03F076A25656CCE27E801C18F745ACD3944FBBD","5136EEC556F9790732AE759EF52F77FE6172329EA55787A80300C4A824107E46","1","62","True","False","2772.24",,"True","1000","True","True","1000","True"
"d02f514d-e0e9-491f-b8d4-72c89c73fe78","MANIFEST_BOUND","hmail-perf-pair-service-20260901","06EFCBA9520D478A6DAC7ABB7F09F3B63D015A0CD5ECA1EB4D0FD2CC8C38F9FD","cpp","hmail_perf_pair_cpp_20260831_head3","C:\hmail-perf-pair-service-20260901\cpp\Data","B3DF9E8BBF4BEDB1102C94DF7C86356E1FEABCBC02A18E8EABEB1EA1453D09B8",,,"one TCP client and one sequential IMAP session per sample","0","PASS","45FA907CE0D3797C1E13EBB2F03F076A25656CCE27E801C18F745ACD3944FBBD","5136EEC556F9790732AE759EF52F77FE6172329EA55787A80300C4A824107E46","1","63","True","False","2907.457",,"True","1000","True","True","1000","True"
"d02f514d-e0e9-491f-b8d4-72c89c73fe78","MANIFEST_BOUND","hmail-perf-pair-service-20260901","06EFCBA9520D478A6DAC7ABB7F09F3B63D015A0CD5ECA1EB4D0FD2CC8C38F9FD","cpp","hmail_perf_pair_cpp_20260831_head3","C:\hmail-perf-pair-service-20260901\cpp\Data","B3DF9E8BBF4BEDB1102C94DF7C86356E1FEABCBC02A18E8EABEB1EA1453D09B8",,,"one TCP client and one sequential IMAP session per sample","0","PASS","45FA907CE0D3797C1E13EBB2F03F076A25656CCE27E801C18F745ACD3944FBBD","5136EEC556F9790732AE759EF52F77FE6172329EA55787A80300C4A824107E46","1","64","True","False","2975.206",,"True","1000","True","True","1000","True"
"d02f514d-e0e9-491f-b8d4-72c89c73fe78","MANIFEST_BOUND","hmail-perf-pair-service-20260901","06EFCBA9520D478A6DAC7ABB7F09F3B63D015A0CD5ECA1EB4D0FD2CC8C38F9FD","cpp","hmail_perf_pair_cpp_20260831_head3","C:\hmail-perf-pair-service-20260901\cpp\Data","B3DF9E8BBF4BEDB1102C94DF7C86356E1FEABCBC02A18E8EABEB1EA1453D09B8",,,"one TCP client and one sequential IMAP session per sample","0","PASS","45FA907CE0D3797C1E13EBB2F03F076A25656CCE27E801C18F745ACD3944FBBD","5136EEC556F9790732AE759EF52F77FE6172329EA55787A80300C4A824107E46","1","65","True","False","3066.91",,"True","1000","True","True","1000","True"
"d02f514d-e0e9-491f-b8d4-72c89c73fe78","MANIFEST_BOUND","hmail-perf-pair-service-20260901","06EFCBA9520D478A6DAC7ABB7F09F3B63D015A0CD5ECA1EB4D0FD2CC8C38F9FD","cpp","hmail_perf_pair_cpp_20260831_head3","C:\hmail-perf-pair-service-20260901\cpp\Data","B3DF9E8BBF4BEDB1102C94DF7C86356E1FEABCBC02A18E8EABEB1EA1453D09B8",,,"one TCP client and one sequential IMAP session per sample","0","PASS","45FA907CE0D3797C1E13EBB2F03F076A25656CCE27E801C18F745ACD3944FBBD","5136EEC556F9790732AE759EF52F77FE6172329EA55787A80300C4A824107E46","1","66","True","False","3385.208",,"True","1000","True","True","1000","True"
"d02f514d-e0e9-491f-b8d4-72c89c73fe78","MANIFEST_BOUND","hmail-perf-pair-service-20260901","06EFCBA9520D478A6DAC7ABB7F09F3B63D015A0CD5ECA1EB4D0FD2CC8C38F9FD","cpp","hmail_perf_pair_cpp_20260831_head3","C:\hmail-perf-pair-service-20260901\cpp\Data","B3DF9E8BBF4BEDB1102C94DF7C86356E1FEABCBC02A18E8EABEB1EA1453D09B8",,,"one TCP client and one sequential IMAP session per sample","0","PASS","45FA907CE0D3797C1E13EBB2F03F076A25656CCE27E801C18F745ACD3944FBBD","5136EEC556F9790732AE759EF52F77FE6172329EA55787A80300C4A824107E46","1","67","True","False","3107.942",,"True","1000","True","True","1000","True"
"d02f514d-e0e9-491f-b8d4-72c89c73fe78","MANIFEST_BOUND","hmail-perf-pair-service-20260901","06EFCBA9520D478A6DAC7ABB7F09F3B63D015A0CD5ECA1EB4D0FD2CC8C38F9FD","cpp","hmail_perf_pair_cpp_20260831_head3","C:\hmail-perf-pair-service-20260901\cpp\Data","B3DF9E8BBF4BEDB1102C94DF7C86356E1FEABCBC02A18E8EABEB1EA1453D09B8",,,"one TCP client and one sequential IMAP session per sample","0","PASS","45FA907CE0D3797C1E13EBB2F03F076A25656CCE27E801C18F745ACD3944FBBD","5136EEC556F9790732AE759EF52F77FE6172329EA55787A80300C4A824107E46","1","68","True","False","3325.294",,"True","1000","True","True","1000","True"
"d02f514d-e0e9-491f-b8d4-72c89c73fe78","MANIFEST_BOUND","hmail-perf-pair-service-20260901","06EFCBA9520D478A6DAC7ABB7F09F3B63D015A0CD5ECA1EB4D0FD2CC8C38F9FD","cpp","hmail_perf_pair_cpp_20260831_head3","C:\hmail-perf-pair-service-20260901\cpp\Data","B3DF9E8BBF4BEDB1102C94DF7C86356E1FEABCBC02A18E8EABEB1EA1453D09B8",,,"one TCP client and one sequential IMAP session per sample","0","PASS","45FA907CE0D3797C1E13EBB2F03F076A25656CCE27E801C18F745ACD3944FBBD","5136EEC556F9790732AE759EF52F77FE6172329EA55787A80300C4A824107E46","1","69","True","False","3245.344",,"True","1000","True","True","1000","True"
"d02f514d-e0e9-491f-b8d4-72c89c73fe78","MANIFEST_BOUND","hmail-perf-pair-service-20260901","06EFCBA9520D478A6DAC7ABB7F09F3B63D015A0CD5ECA1EB4D0FD2CC8C38F9FD","cpp","hmail_perf_pair_cpp_20260831_head3","C:\hmail-perf-pair-service-20260901\cpp\Data","B3DF9E8BBF4BEDB1102C94DF7C86356E1FEABCBC02A18E8EABEB1EA1453D09B8",,,"one TCP client and one sequential IMAP session per sample","0","PASS","45FA907CE0D3797C1E13EBB2F03F076A25656CCE27E801C18F745ACD3944FBBD","5136EEC556F9790732AE759EF52F77FE6172329EA55787A80300C4A824107E46","1","70","True","False","3164.683",,"True","1000","True","True","1000","True"
"d02f514d-e0e9-491f-b8d4-72c89c73fe78","MANIFEST_BOUND","hmail-perf-pair-service-20260901","06EFCBA9520D478A6DAC7ABB7F09F3B63D015A0CD5ECA1EB4D0FD2CC8C38F9FD","cpp","hmail_perf_pair_cpp_20260831_head3","C:\hmail-perf-pair-service-20260901\cpp\Data","B3DF9E8BBF4BEDB1102C94DF7C86356E1FEABCBC02A18E8EABEB1EA1453D09B8",,,"one TCP client and one sequential IMAP session per sample","0","PASS","45FA907CE0D3797C1E13EBB2F03F076A25656CCE27E801C18F745ACD3944FBBD","5136EEC556F9790732AE759EF52F77FE6172329EA55787A80300C4A824107E46","1","71","True","False","3159.057",,"True","1000","True","True","1000","True"
"d02f514d-e0e9-491f-b8d4-72c89c73fe78","MANIFEST_BOUND","hmail-perf-pair-service-20260901","06EFCBA9520D478A6DAC7ABB7F09F3B63D015A0CD5ECA1EB4D0FD2CC8C38F9FD","cpp","hmail_perf_pair_cpp_20260831_head3","C:\hmail-perf-pair-service-20260901\cpp\Data","B3DF9E8BBF4BEDB1102C94DF7C86356E1FEABCBC02A18E8EABEB1EA1453D09B8",,,"one TCP client and one sequential IMAP session per sample","0","PASS","45FA907CE0D3797C1E13EBB2F03F076A25656CCE27E801C18F745ACD3944FBBD","5136EEC556F9790732AE759EF52F77FE6172329EA55787A80300C4A824107E46","1","72","True","False","2977.776",,"True","1000","True","True","1000","True"
"d02f514d-e0e9-491f-b8d4-72c89c73fe78","MANIFEST_BOUND","hmail-perf-pair-service-20260901","06EFCBA9520D478A6DAC7ABB7F09F3B63D015A0CD5ECA1EB4D0FD2CC8C38F9FD","cpp","hmail_perf_pair_cpp_20260831_head3","C:\hmail-perf-pair-service-20260901\cpp\Data","B3DF9E8BBF4BEDB1102C94DF7C86356E1FEABCBC02A18E8EABEB1EA1453D09B8",,,"one TCP client and one sequential IMAP session per sample","0","PASS","45FA907CE0D3797C1E13EBB2F03F076A25656CCE27E801C18F745ACD3944FBBD","5136EEC556F9790732AE759EF52F77FE6172329EA55787A80300C4A824107E46","1","73","True","False","3582.8",,"True","1000","True","True","1000","True"
"d02f514d-e0e9-491f-b8d4-72c89c73fe78","MANIFEST_BOUND","hmail-perf-pair-service-20260901","06EFCBA9520D478A6DAC7ABB7F09F3B63D015A0CD5ECA1EB4D0FD2CC8C38F9FD","cpp","hmail_perf_pair_cpp_20260831_head3","C:\hmail-perf-pair-service-20260901\cpp\Data","B3DF9E8BBF4BEDB1102C94DF7C86356E1FEABCBC02A18E8EABEB1EA1453D09B8",,,"one TCP client and one sequential IMAP session per sample","0","PASS","45FA907CE0D3797C1E13EBB2F03F076A25656CCE27E801C18F745ACD3944FBBD","5136EEC556F9790732AE759EF52F77FE6172329EA55787A80300C4A824107E46","1","74","True","False","3444.368",,"True","1000","True","True","1000","True"
"d02f514d-e0e9-491f-b8d4-72c89c73fe78","MANIFEST_BOUND","hmail-perf-pair-service-20260901","06EFCBA9520D478A6DAC7ABB7F09F3B63D015A0CD5ECA1EB4D0FD2CC8C38F9FD","cpp","hmail_perf_pair_cpp_20260831_head3","C:\hmail-perf-pair-service-20260901\cpp\Data","B3DF9E8BBF4BEDB1102C94DF7C86356E1FEABCBC02A18E8EABEB1EA1453D09B8",,,"one TCP client and one sequential IMAP session per sample","0","PASS","45FA907CE0D3797C1E13EBB2F03F076A25656CCE27E801C18F745ACD3944FBBD","5136EEC556F9790732AE759EF52F77FE6172329EA55787A80300C4A824107E46","1","75","True","False","3473.796",,"True","1000","True","True","1000","True"
"d02f514d-e0e9-491f-b8d4-72c89c73fe78","MANIFEST_BOUND","hmail-perf-pair-service-20260901","06EFCBA9520D478A6DAC7ABB7F09F3B63D015A0CD5ECA1EB4D0FD2CC8C38F9FD","cpp","hmail_perf_pair_cpp_20260831_head3","C:\hmail-perf-pair-service-20260901\cpp\Data","B3DF9E8BBF4BEDB1102C94DF7C86356E1FEABCBC02A18E8EABEB1EA1453D09B8",,,"one TCP client and one sequential IMAP session per sample","0","PASS","45FA907CE0D3797C1E13EBB2F03F076A25656CCE27E801C18F745ACD3944FBBD","5136EEC556F9790732AE759EF52F77FE6172329EA55787A80300C4A824107E46","1","76","True","False","3182.19",,"True","1000","True","True","1000","True"
"d02f514d-e0e9-491f-b8d4-72c89c73fe78","MANIFEST_BOUND","hmail-perf-pair-service-20260901","06EFCBA9520D478A6DAC7ABB7F09F3B63D015A0CD5ECA1EB4D0FD2CC8C38F9FD","cpp","hmail_perf_pair_cpp_20260831_head3","C:\hmail-perf-pair-service-20260901\cpp\Data","B3DF9E8BBF4BEDB1102C94DF7C86356E1FEABCBC02A18E8EABEB1EA1453D09B8",,,"one TCP client and one sequential IMAP session per sample","0","PASS","45FA907CE0D3797C1E13EBB2F03F076A25656CCE27E801C18F745ACD3944FBBD","5136EEC556F9790732AE759EF52F77FE6172329EA55787A80300C4A824107E46","1","77","True","False","3069.581",,"True","1000","True","True","1000","True"
"d02f514d-e0e9-491f-b8d4-72c89c73fe78","MANIFEST_BOUND","hmail-perf-pair-service-20260901","06EFCBA9520D478A6DAC7ABB7F09F3B63D015A0CD5ECA1EB4D0FD2CC8C38F9FD","cpp","hmail_perf_pair_cpp_20260831_head3","C:\hmail-perf-pair-service-20260901\cpp\Data","B3DF9E8BBF4BEDB1102C94DF7C86356E1FEABCBC02A18E8EABEB1EA1453D09B8",,,"one TCP client and one sequential IMAP session per sample","0","PASS","45FA907CE0D3797C1E13EBB2F03F076A25656CCE27E801C18F745ACD3944FBBD","5136EEC556F9790732AE759EF52F77FE6172329EA55787A80300C4A824107E46","1","78","True","False","3876.925",,"True","1000","True","True","1000","True"
"d02f514d-e0e9-491f-b8d4-72c89c73fe78","MANIFEST_BOUND","hmail-perf-pair-service-20260901","06EFCBA9520D478A6DAC7ABB7F09F3B63D015A0CD5ECA1EB4D0FD2CC8C38F9FD","cpp","hmail_perf_pair_cpp_20260831_head3","C:\hmail-perf-pair-service-20260901\cpp\Data","B3DF9E8BBF4BEDB1102C94DF7C86356E1FEABCBC02A18E8EABEB1EA1453D09B8",,,"one TCP client and one sequential IMAP session per sample","0","PASS","45FA907CE0D3797C1E13EBB2F03F076A25656CCE27E801C18F745ACD3944FBBD","5136EEC556F9790732AE759EF52F77FE6172329EA55787A80300C4A824107E46","1","79","True","False","3641.083",,"True","1000","True","True","1000","True"
"d02f514d-e0e9-491f-b8d4-72c89c73fe78","MANIFEST_BOUND","hmail-perf-pair-service-20260901","06EFCBA9520D478A6DAC7ABB7F09F3B63D015A0CD5ECA1EB4D0FD2CC8C38F9FD","cpp","hmail_perf_pair_cpp_20260831_head3","C:\hmail-perf-pair-service-20260901\cpp\Data","B3DF9E8BBF4BEDB1102C94DF7C86356E1FEABCBC02A18E8EABEB1EA1453D09B8",,,"one TCP client and one sequential IMAP session per sample","0","PASS","45FA907CE0D3797C1E13EBB2F03F076A25656CCE27E801C18F745ACD3944FBBD","5136EEC556F9790732AE759EF52F77FE6172329EA55787A80300C4A824107E46","1","80","True","False","3572.949",,"True","1000","True","True","1000","True"
"d02f514d-e0e9-491f-b8d4-72c89c73fe78","MANIFEST_BOUND","hmail-perf-pair-service-20260901","06EFCBA9520D478A6DAC7ABB7F09F3B63D015A0CD5ECA1EB4D0FD2CC8C38F9FD","cpp","hmail_perf_pair_cpp_20260831_head3","C:\hmail-perf-pair-service-20260901\cpp\Data","B3DF9E8BBF4BEDB1102C94DF7C86356E1FEABCBC02A18E8EABEB1EA1453D09B8",,,"one TCP client and one sequential IMAP session per sample","0","PASS","45FA907CE0D3797C1E13EBB2F03F076A25656CCE27E801C18F745ACD3944FBBD","5136EEC556F9790732AE759EF52F77FE6172329EA55787A80300C4A824107E46","1","81","True","False","3598.167",,"True","1000","True","True","1000","True"
"d02f514d-e0e9-491f-b8d4-72c89c73fe78","MANIFEST_BOUND","hmail-perf-pair-service-20260901","06EFCBA9520D478A6DAC7ABB7F09F3B63D015A0CD5ECA1EB4D0FD2CC8C38F9FD","cpp","hmail_perf_pair_cpp_20260831_head3","C:\hmail-perf-pair-service-20260901\cpp\Data","B3DF9E8BBF4BEDB1102C94DF7C86356E1FEABCBC02A18E8EABEB1EA1453D09B8",,,"one TCP client and one sequential IMAP session per sample","0","PASS","45FA907CE0D3797C1E13EBB2F03F076A25656CCE27E801C18F745ACD3944FBBD","5136EEC556F9790732AE759EF52F77FE6172329EA55787A80300C4A824107E46","1","82","True","False","3706.355",,"True","1000","True","True","1000","True"
"d02f514d-e0e9-491f-b8d4-72c89c73fe78","MANIFEST_BOUND","hmail-perf-pair-service-20260901","06EFCBA9520D478A6DAC7ABB7F09F3B63D015A0CD5ECA1EB4D0FD2CC8C38F9FD","cpp","hmail_perf_pair_cpp_20260831_head3","C:\hmail-perf-pair-service-20260901\cpp\Data","B3DF9E8BBF4BEDB1102C94DF7C86356E1FEABCBC02A18E8EABEB1EA1453D09B8",,,"one TCP client and one sequential IMAP session per sample","0","PASS","45FA907CE0D3797C1E13EBB2F03F076A25656CCE27E801C18F745ACD3944FBBD","5136EEC556F9790732AE759EF52F77FE6172329EA55787A80300C4A824107E46","1","83","True","False","3522.382",,"True","1000","True","True","1000","True"
"d02f514d-e0e9-491f-b8d4-72c89c73fe78","MANIFEST_BOUND","hmail-perf-pair-service-20260901","06EFCBA9520D478A6DAC7ABB7F09F3B63D015A0CD5ECA1EB4D0FD2CC8C38F9FD","cpp","hmail_perf_pair_cpp_20260831_head3","C:\hmail-perf-pair-service-20260901\cpp\Data","B3DF9E8BBF4BEDB1102C94DF7C86356E1FEABCBC02A18E8EABEB1EA1453D09B8",,,"one TCP client and one sequential IMAP session per sample","0","PASS","45FA907CE0D3797C1E13EBB2F03F076A25656CCE27E801C18F745ACD3944FBBD","5136EEC556F9790732AE759EF52F77FE6172329EA55787A80300C4A824107E46","1","84","True","False","3792.082",,"True","1000","True","True","1000","True"
"d02f514d-e0e9-491f-b8d4-72c89c73fe78","MANIFEST_BOUND","hmail-perf-pair-service-20260901","06EFCBA9520D478A6DAC7ABB7F09F3B63D015A0CD5ECA1EB4D0FD2CC8C38F9FD","cpp","hmail_perf_pair_cpp_20260831_head3","C:\hmail-perf-pair-service-20260901\cpp\Data","B3DF9E8BBF4BEDB1102C94DF7C86356E1FEABCBC02A18E8EABEB1EA1453D09B8",,,"one TCP client and one sequential IMAP session per sample","0","PASS","45FA907CE0D3797C1E13EBB2F03F076A25656CCE27E801C18F745ACD3944FBBD","5136EEC556F9790732AE759EF52F77FE6172329EA55787A80300C4A824107E46","1","85","True","False","3734.982",,"True","1000","True","True","1000","True"
"d02f514d-e0e9-491f-b8d4-72c89c73fe78","MANIFEST_BOUND","hmail-perf-pair-service-20260901","06EFCBA9520D478A6DAC7ABB7F09F3B63D015A0CD5ECA1EB4D0FD2CC8C38F9FD","cpp","hmail_perf_pair_cpp_20260831_head3","C:\hmail-perf-pair-service-20260901\cpp\Data","B3DF9E8BBF4BEDB1102C94DF7C86356E1FEABCBC02A18E8EABEB1EA1453D09B8",,,"one TCP client and one sequential IMAP session per sample","0","PASS","45FA907CE0D3797C1E13EBB2F03F076A25656CCE27E801C18F745ACD3944FBBD","5136EEC556F9790732AE759EF52F77FE6172329EA55787A80300C4A824107E46","1","86","True","False","3849.242",,"True","1000","True","True","1000","True"
"d02f514d-e0e9-491f-b8d4-72c89c73fe78","MANIFEST_BOUND","hmail-perf-pair-service-20260901","06EFCBA9520D478A6DAC7ABB7F09F3B63D015A0CD5ECA1EB4D0FD2CC8C38F9FD","cpp","hmail_perf_pair_cpp_20260831_head3","C:\hmail-perf-pair-service-20260901\cpp\Data","B3DF9E8BBF4BEDB1102C94DF7C86356E1FEABCBC02A18E8EABEB1EA1453D09B8",,,"one TCP client and one sequential IMAP session per sample","0","PASS","45FA907CE0D3797C1E13EBB2F03F076A25656CCE27E801C18F745ACD3944FBBD","5136EEC556F9790732AE759EF52F77FE6172329EA55787A80300C4A824107E46","1","87","True","False","3846.149",,"True","1000","True","True","1000","True"
"d02f514d-e0e9-491f-b8d4-72c89c73fe78","MANIFEST_BOUND","hmail-perf-pair-service-20260901","06EFCBA9520D478A6DAC7ABB7F09F3B63D015A0CD5ECA1EB4D0FD2CC8C38F9FD","cpp","hmail_perf_pair_cpp_20260831_head3","C:\hmail-perf-pair-service-20260901\cpp\Data","B3DF9E8BBF4BEDB1102C94DF7C86356E1FEABCBC02A18E8EABEB1EA1453D09B8",,,"one TCP client and one sequential IMAP session per sample","0","PASS","45FA907CE0D3797C1E13EBB2F03F076A25656CCE27E801C18F745ACD3944FBBD","5136EEC556F9790732AE759EF52F77FE6172329EA55787A80300C4A824107E46","1","88","True","False","3994.493",,"True","1000","True","True","1000","True"
"d02f514d-e0e9-491f-b8d4-72c89c73fe78","MANIFEST_BOUND","hmail-perf-pair-service-20260901","06EFCBA9520D478A6DAC7ABB7F09F3B63D015A0CD5ECA1EB4D0FD2CC8C38F9FD","cpp","hmail_perf_pair_cpp_20260831_head3","C:\hmail-perf-pair-service-20260901\cpp\Data","B3DF9E8BBF4BEDB1102C94DF7C86356E1FEABCBC02A18E8EABEB1EA1453D09B8",,,"one TCP client and one sequential IMAP session per sample","0","PASS","45FA907CE0D3797C1E13EBB2F03F076A25656CCE27E801C18F745ACD3944FBBD","5136EEC556F9790732AE759EF52F77FE6172329EA55787A80300C4A824107E46","1","89","True","False","4074.584",,"True","1000","True","True","1000","True"
"d02f514d-e0e9-491f-b8d4-72c89c73fe78","MANIFEST_BOUND","hmail-perf-pair-service-20260901","06EFCBA9520D478A6DAC7ABB7F09F3B63D015A0CD5ECA1EB4D0FD2CC8C38F9FD","cpp","hmail_perf_pair_cpp_20260831_head3","C:\hmail-perf-pair-service-20260901\cpp\Data","B3DF9E8BBF4BEDB1102C94DF7C86356E1FEABCBC02A18E8EABEB1EA1453D09B8",,,"one TCP client and one sequential IMAP session per sample","0","PASS","45FA907CE0D3797C1E13EBB2F03F076A25656CCE27E801C18F745ACD3944FBBD","5136EEC556F9790732AE759EF52F77FE6172329EA55787A80300C4A824107E46","1","90","True","False","3996.983",,"True","1000","True","True","1000","True"
"d02f514d-e0e9-491f-b8d4-72c89c73fe78","MANIFEST_BOUND","hmail-perf-pair-service-20260901","06EFCBA9520D478A6DAC7ABB7F09F3B63D015A0CD5ECA1EB4D0FD2CC8C38F9FD","cpp","hmail_perf_pair_cpp_20260831_head3","C:\hmail-perf-pair-service-20260901\cpp\Data","B3DF9E8BBF4BEDB1102C94DF7C86356E1FEABCBC02A18E8EABEB1EA1453D09B8",,,"one TCP client and one sequential IMAP session per sample","0","PASS","45FA907CE0D3797C1E13EBB2F03F076A25656CCE27E801C18F745ACD3944FBBD","5136EEC556F9790732AE759EF52F77FE6172329EA55787A80300C4A824107E46","1","91","True","False","4210.313",,"True","1000","True","True","1000","True"
"d02f514d-e0e9-491f-b8d4-72c89c73fe78","MANIFEST_BOUND","hmail-perf-pair-service-20260901","06EFCBA9520D478A6DAC7ABB7F09F3B63D015A0CD5ECA1EB4D0FD2CC8C38F9FD","cpp","hmail_perf_pair_cpp_20260831_head3","C:\hmail-perf-pair-service-20260901\cpp\Data","B3DF9E8BBF4BEDB1102C94DF7C86356E1FEABCBC02A18E8EABEB1EA1453D09B8",,,"one TCP client and one sequential IMAP session per sample","0","PASS","45FA907CE0D3797C1E13EBB2F03F076A25656CCE27E801C18F745ACD3944FBBD","5136EEC556F9790732AE759EF52F77FE6172329EA55787A80300C4A824107E46","1","92","True","False","4235.36",,"True","1000","True","True","1000","True"
"d02f514d-e0e9-491f-b8d4-72c89c73fe78","MANIFEST_BOUND","hmail-perf-pair-service-20260901","06EFCBA9520D478A6DAC7ABB7F09F3B63D015A0CD5ECA1EB4D0FD2CC8C38F9FD","cpp","hmail_perf_pair_cpp_20260831_head3","C:\hmail-perf-pair-service-20260901\cpp\Data","B3DF9E8BBF4BEDB1102C94DF7C86356E1FEABCBC02A18E8EABEB1EA1453D09B8",,,"one TCP client and one sequential IMAP session per sample","0","PASS","45FA907CE0D3797C1E13EBB2F03F076A25656CCE27E801C18F745ACD3944FBBD","5136EEC556F9790732AE759EF52F77FE6172329EA55787A80300C4A824107E46","1","93","True","False","4199.411",,"True","1000","True","True","1000","True"
"d02f514d-e0e9-491f-b8d4-72c89c73fe78","MANIFEST_BOUND","hmail-perf-pair-service-20260901","06EFCBA9520D478A6DAC7ABB7F09F3B63D015A0CD5ECA1EB4D0FD2CC8C38F9FD","cpp","hmail_perf_pair_cpp_20260831_head3","C:\hmail-perf-pair-service-20260901\cpp\Data","B3DF9E8BBF4BEDB1102C94DF7C86356E1FEABCBC02A18E8EABEB1EA1453D09B8",,,"one TCP client and one sequential IMAP session per sample","0","PASS","45FA907CE0D3797C1E13EBB2F03F076A25656CCE27E801C18F745ACD3944FBBD","5136EEC556F9790732AE759EF52F77FE6172329EA55787A80300C4A824107E46","1","94","True","False","4089.186",,"True","1000","True","True","1000","True"
"d02f514d-e0e9-491f-b8d4-72c89c73fe78","MANIFEST_BOUND","hmail-perf-pair-service-20260901","06EFCBA9520D478A6DAC7ABB7F09F3B63D015A0CD5ECA1EB4D0FD2CC8C38F9FD","cpp","hmail_perf_pair_cpp_20260831_head3","C:\hmail-perf-pair-service-20260901\cpp\Data","B3DF9E8BBF4BEDB1102C94DF7C86356E1FEABCBC02A18E8EABEB1EA1453D09B8",,,"one TCP client and one sequential IMAP session per sample","0","PASS","45FA907CE0D3797C1E13EBB2F03F076A25656CCE27E801C18F745ACD3944FBBD","5136EEC556F9790732AE759EF52F77FE6172329EA55787A80300C4A824107E46","1","95","True","False","4413.014",,"True","1000","True","True","1000","True"
"d02f514d-e0e9-491f-b8d4-72c89c73fe78","MANIFEST_BOUND","hmail-perf-pair-service-20260901","06EFCBA9520D478A6DAC7ABB7F09F3B63D015A0CD5ECA1EB4D0FD2CC8C38F9FD","cpp","hmail_perf_pair_cpp_20260831_head3","C:\hmail-perf-pair-service-20260901\cpp\Data","B3DF9E8BBF4BEDB1102C94DF7C86356E1FEABCBC02A18E8EABEB1EA1453D09B8",,,"one TCP client and one sequential IMAP session per sample","0","PASS","45FA907CE0D3797C1E13EBB2F03F076A25656CCE27E801C18F745ACD3944FBBD","5136EEC556F9790732AE759EF52F77FE6172329EA55787A80300C4A824107E46","1","96","True","False","4499.287",,"True","1000","True","True","1000","True"
"d02f514d-e0e9-491f-b8d4-72c89c73fe78","MANIFEST_BOUND","hmail-perf-pair-service-20260901","06EFCBA9520D478A6DAC7ABB7F09F3B63D015A0CD5ECA1EB4D0FD2CC8C38F9FD","cpp","hmail_perf_pair_cpp_20260831_head3","C:\hmail-perf-pair-service-20260901\cpp\Data","B3DF9E8BBF4BEDB1102C94DF7C86356E1FEABCBC02A18E8EABEB1EA1453D09B8",,,"one TCP client and one sequential IMAP session per sample","0","PASS","45FA907CE0D3797C1E13EBB2F03F076A25656CCE27E801C18F745ACD3944FBBD","5136EEC556F9790732AE759EF52F77FE6172329EA55787A80300C4A824107E46","1","97","True","False","4481.928",,"True","1000","True","True","1000","True"
"d02f514d-e0e9-491f-b8d4-72c89c73fe78","MANIFEST_BOUND","hmail-perf-pair-service-20260901","06EFCBA9520D478A6DAC7ABB7F09F3B63D015A0CD5ECA1EB4D0FD2CC8C38F9FD","cpp","hmail_perf_pair_cpp_20260831_head3","C:\hmail-perf-pair-service-20260901\cpp\Data","B3DF9E8BBF4BEDB1102C94DF7C86356E1FEABCBC02A18E8EABEB1EA1453D09B8",,,"one TCP client and one sequential IMAP session per sample","0","PASS","45FA907CE0D3797C1E13EBB2F03F076A25656CCE27E801C18F745ACD3944FBBD","5136EEC556F9790732AE759EF52F77FE6172329EA55787A80300C4A824107E46","1","98","True","False","4515.915",,"True","1000","True","True","1000","True"
"d02f514d-e0e9-491f-b8d4-72c89c73fe78","MANIFEST_BOUND","hmail-perf-pair-service-20260901","06EFCBA9520D478A6DAC7ABB7F09F3B63D015A0CD5ECA1EB4D0FD2CC8C38F9FD","cpp","hmail_perf_pair_cpp_20260831_head3","C:\hmail-perf-pair-service-20260901\cpp\Data","B3DF9E8BBF4BEDB1102C94DF7C86356E1FEABCBC02A18E8EABEB1EA1453D09B8",,,"one TCP client and one sequential IMAP session per sample","0","PASS","45FA907CE0D3797C1E13EBB2F03F076A25656CCE27E801C18F745ACD3944FBBD","5136EEC556F9790732AE759EF52F77FE6172329EA55787A80300C4A824107E46","1","99","True","False","4589.449",,"True","1000","True","True","1000","True"
"d02f514d-e0e9-491f-b8d4-72c89c73fe78","MANIFEST_BOUND","hmail-perf-pair-service-20260901","06EFCBA9520D478A6DAC7ABB7F09F3B63D015A0CD5ECA1EB4D0FD2CC8C38F9FD","cpp","hmail_perf_pair_cpp_20260831_head3","C:\hmail-perf-pair-service-20260901\cpp\Data","B3DF9E8BBF4BEDB1102C94DF7C86356E1FEABCBC02A18E8EABEB1EA1453D09B8",,,"one TCP client and one sequential IMAP session per sample","0","PASS","45FA907CE0D3797C1E13EBB2F03F076A25656CCE27E801C18F745ACD3944FBBD","5136EEC556F9790732AE759EF52F77FE6172329EA55787A80300C4A824107E46","1","100","True","False","4785.883",,"True","1000","True","True","1000","True"
"d02f514d-e0e9-491f-b8d4-72c89c73fe78","MANIFEST_BOUND","hmail-perf-pair-service-20260901","06EFCBA9520D478A6DAC7ABB7F09F3B63D015A0CD5ECA1EB4D0FD2CC8C38F9FD","cpp","hmail_perf_pair_cpp_20260831_head3","C:\hmail-perf-pair-service-20260901\cpp\Data","B3DF9E8BBF4BEDB1102C94DF7C86356E1FEABCBC02A18E8EABEB1EA1453D09B8",,,"one TCP client and one sequential IMAP session per sample","0","PASS","45FA907CE0D3797C1E13EBB2F03F076A25656CCE27E801C18F745ACD3944FBBD","5136EEC556F9790732AE759EF52F77FE6172329EA55787A80300C4A824107E46","1","101","True","False","4624.63",,"True","1000","True","True","1000","True"
"d02f514d-e0e9-491f-b8d4-72c89c73fe78","MANIFEST_BOUND","hmail-perf-pair-service-20260901","06EFCBA9520D478A6DAC7ABB7F09F3B63D015A0CD5ECA1EB4D0FD2CC8C38F9FD","cpp","hmail_perf_pair_cpp_20260831_head3","C:\hmail-perf-pair-service-20260901\cpp\Data","B3DF9E8BBF4BEDB1102C94DF7C86356E1FEABCBC02A18E8EABEB1EA1453D09B8",,,"one TCP client and one sequential IMAP session per sample","0","PASS","45FA907CE0D3797C1E13EBB2F03F076A25656CCE27E801C18F745ACD3944FBBD","5136EEC556F9790732AE759EF52F77FE6172329EA55787A80300C4A824107E46","1","102","True","False","4679.903",,"True","1000","True","True","1000","True"
"d02f514d-e0e9-491f-b8d4-72c89c73fe78","MANIFEST_BOUND","hmail-perf-pair-service-20260901","06EFCBA9520D478A6DAC7ABB7F09F3B63D015A0CD5ECA1EB4D0FD2CC8C38F9FD","cpp","hmail_perf_pair_cpp_20260831_head3","C:\hmail-perf-pair-service-20260901\cpp\Data","B3DF9E8BBF4BEDB1102C94DF7C86356E1FEABCBC02A18E8EABEB1EA1453D09B8",,,"one TCP client and one sequential IMAP session per sample","0","PASS","45FA907CE0D3797C1E13EBB2F03F076A25656CCE27E801C18F745ACD3944FBBD","5136EEC556F9790732AE759EF52F77FE6172329EA55787A80300C4A824107E46","1","103","True","False","4659.564",,"True","1000","True","True","1000","True"
"d02f514d-e0e9-491f-b8d4-72c89c73fe78","MANIFEST_BOUND","hmail-perf-pair-service-20260901","06EFCBA9520D478A6DAC7ABB7F09F3B63D015A0CD5ECA1EB4D0FD2CC8C38F9FD","cpp","hmail_perf_pair_cpp_20260831_head3","C:\hmail-perf-pair-service-20260901\cpp\Data","B3DF9E8BBF4BEDB1102C94DF7C86356E1FEABCBC02A18E8EABEB1EA1453D09B8",,,"one TCP client and one sequential IMAP session per sample","0","PASS","45FA907CE0D3797C1E13EBB2F03F076A25656CCE27E801C18F745ACD3944FBBD","5136EEC556F9790732AE759EF52F77FE6172329EA55787A80300C4A824107E46","1","104","True","False","4630.417",,"True","1000","True","True","1000","True"
"d02f514d-e0e9-491f-b8d4-72c89c73fe78","MANIFEST_BOUND","hmail-perf-pair-service-20260901","06EFCBA9520D478A6DAC7ABB7F09F3B63D015A0CD5ECA1EB4D0FD2CC8C38F9FD","cpp","hmail_perf_pair_cpp_20260831_head3","C:\hmail-perf-pair-service-20260901\cpp\Data","B3DF9E8BBF4BEDB1102C94DF7C86356E1FEABCBC02A18E8EABEB1EA1453D09B8",,,"one TCP client and one sequential IMAP session per sample","0","PASS","45FA907CE0D3797C1E13EBB2F03F076A25656CCE27E801C18F745ACD3944FBBD","5136EEC556F9790732AE759EF52F77FE6172329EA55787A80300C4A824107E46","1","105","True","False","4844.029",,"True","1000","True","True","1000","True"
"d02f514d-e0e9-491f-b8d4-72c89c73fe78","MANIFEST_BOUND","hmail-perf-pair-service-20260901","06EFCBA9520D478A6DAC7ABB7F09F3B63D015A0CD5ECA1EB4D0FD2CC8C38F9FD","cpp","hmail_perf_pair_cpp_20260831_head3","C:\hmail-perf-pair-service-20260901\cpp\Data","B3DF9E8BBF4BEDB1102C94DF7C86356E1FEABCBC02A18E8EABEB1EA1453D09B8",,,"one TCP client and one sequential IMAP session per sample","0","PASS","45FA907CE0D3797C1E13EBB2F03F076A25656CCE27E801C18F745ACD3944FBBD","5136EEC556F9790732AE759EF52F77FE6172329EA55787A80300C4A824107E46","1","106","True","False","4790.156",,"True","1000","True","True","1000","True"
"d02f514d-e0e9-491f-b8d4-72c89c73fe78","MANIFEST_BOUND","hmail-perf-pair-service-20260901","06EFCBA9520D478A6DAC7ABB7F09F3B63D015A0CD5ECA1EB4D0FD2CC8C38F9FD","cpp","hmail_perf_pair_cpp_20260831_head3","C:\hmail-perf-pair-service-20260901\cpp\Data","B3DF9E8BBF4BEDB1102C94DF7C86356E1FEABCBC02A18E8EABEB1EA1453D09B8",,,"one TCP client and one sequential IMAP session per sample","0","PASS","45FA907CE0D3797C1E13EBB2F03F076A25656CCE27E801C18F745ACD3944FBBD","5136EEC556F9790732AE759EF52F77FE6172329EA55787A80300C4A824107E46","1","107","True","False","5044.701",,"True","1000","True","True","1000","True"
"d02f514d-e0e9-491f-b8d4-72c89c73fe78","MANIFEST_BOUND","hmail-perf-pair-service-20260901","06EFCBA9520D478A6DAC7ABB7F09F3B63D015A0CD5ECA1EB4D0FD2CC8C38F9FD","cpp","hmail_perf_pair_cpp_20260831_head3","C:\hmail-perf-pair-service-20260901\cpp\Data","B3DF9E8BBF4BEDB1102C94DF7C86356E1FEABCBC02A18E8EABEB1EA1453D09B8",,,"one TCP client and one sequential IMAP session per sample","0","PASS","45FA907CE0D3797C1E13EBB2F03F076A25656CCE27E801C18F745ACD3944FBBD","5136EEC556F9790732AE759EF52F77FE6172329EA55787A80300C4A824107E46","1","108","True","False","4832.471",,"True","1000","True","True","1000","True"
"d02f514d-e0e9-491f-b8d4-72c89c73fe78","MANIFEST_BOUND","hmail-perf-pair-service-20260901","06EFCBA9520D478A6DAC7ABB7F09F3B63D015A0CD5ECA1EB4D0FD2CC8C38F9FD","cpp","hmail_perf_pair_cpp_20260831_head3","C:\hmail-perf-pair-service-20260901\cpp\Data","B3DF9E8BBF4BEDB1102C94DF7C86356E1FEABCBC02A18E8EABEB1EA1453D09B8",,,"one TCP client and one sequential IMAP session per sample","0","PASS","45FA907CE0D3797C1E13EBB2F03F076A25656CCE27E801C18F745ACD3944FBBD","5136EEC556F9790732AE759EF52F77FE6172329EA55787A80300C4A824107E46","1","109","True","False","5082.883",,"True","1000","True","True","1000","True"
"d02f514d-e0e9-491f-b8d4-72c89c73fe78","MANIFEST_BOUND","hmail-perf-pair-service-20260901","06EFCBA9520D478A6DAC7ABB7F09F3B63D015A0CD5ECA1EB4D0FD2CC8C38F9FD","cpp","hmail_perf_pair_cpp_20260831_head3","C:\hmail-perf-pair-service-20260901\cpp\Data","B3DF9E8BBF4BEDB1102C94DF7C86356E1FEABCBC02A18E8EABEB1EA1453D09B8",,,"one TCP client and one sequential IMAP session per sample","0","PASS","45FA907CE0D3797C1E13EBB2F03F076A25656CCE27E801C18F745ACD3944FBBD","5136EEC556F9790732AE759EF52F77FE6172329EA55787A80300C4A824107E46","1","110","True","False","4944.694",,"True","1000","True","True","1000","True"
"d02f514d-e0e9-491f-b8d4-72c89c73fe78","MANIFEST_BOUND","hmail-perf-pair-service-20260901","06EFCBA9520D478A6DAC7ABB7F09F3B63D015A0CD5ECA1EB4D0FD2CC8C38F9FD","cpp","hmail_perf_pair_cpp_20260831_head3","C:\hmail-perf-pair-service-20260901\cpp\Data","B3DF9E8BBF4BEDB1102C94DF7C86356E1FEABCBC02A18E8EABEB1EA1453D09B8",,,"one TCP client and one sequential IMAP session per sample","0","PASS","45FA907CE0D3797C1E13EBB2F03F076A25656CCE27E801C18F745ACD3944FBBD","5136EEC556F9790732AE759EF52F77FE6172329EA55787A80300C4A824107E46","1","111","True","False","4903.93",,"True","1000","True","True","1000","True"
"d02f514d-e0e9-491f-b8d4-72c89c73fe78","MANIFEST_BOUND","hmail-perf-pair-service-20260901","06EFCBA9520D478A6DAC7ABB7F09F3B63D015A0CD5ECA1EB4D0FD2CC8C38F9FD","cpp","hmail_perf_pair_cpp_20260831_head3","C:\hmail-perf-pair-service-20260901\cpp\Data","B3DF9E8BBF4BEDB1102C94DF7C86356E1FEABCBC02A18E8EABEB1EA1453D09B8",,,"one TCP client and one sequential IMAP session per sample","0","PASS","45FA907CE0D3797C1E13EBB2F03F076A25656CCE27E801C18F745ACD3944FBBD","5136EEC556F9790732AE759EF52F77FE6172329EA55787A80300C4A824107E46","1","112","True","False","5248.459",,"True","1000","True","True","1000","True"
"d02f514d-e0e9-491f-b8d4-72c89c73fe78","MANIFEST_BOUND","hmail-perf-pair-service-20260901","06EFCBA9520D478A6DAC7ABB7F09F3B63D015A0CD5ECA1EB4D0FD2CC8C38F9FD","cpp","hmail_perf_pair_cpp_20260831_head3","C:\hmail-perf-pair-service-20260901\cpp\Data","B3DF9E8BBF4BEDB1102C94DF7C86356E1FEABCBC02A18E8EABEB1EA1453D09B8",,,"one TCP client and one sequential IMAP session per sample","0","PASS","45FA907CE0D3797C1E13EBB2F03F076A25656CCE27E801C18F745ACD3944FBBD","5136EEC556F9790732AE759EF52F77FE6172329EA55787A80300C4A824107E46","1","113","True","False","4940.994",,"True","1000","True","True","1000","True"
"d02f514d-e0e9-491f-b8d4-72c89c73fe78","MANIFEST_BOUND","hmail-perf-pair-service-20260901","06EFCBA9520D478A6DAC7ABB7F09F3B63D015A0CD5ECA1EB4D0FD2CC8C38F9FD","cpp","hmail_perf_pair_cpp_20260831_head3","C:\hmail-perf-pair-service-20260901\cpp\Data","B3DF9E8BBF4BEDB1102C94DF7C86356E1FEABCBC02A18E8EABEB1EA1453D09B8",,,"one TCP client and one sequential IMAP session per sample","0","PASS","45FA907CE0D3797C1E13EBB2F03F076A25656CCE27E801C18F745ACD3944FBBD","5136EEC556F9790732AE759EF52F77FE6172329EA55787A80300C4A824107E46","1","114","True","False","5036.744",,"True","1000","True","True","1000","True"
"d02f514d-e0e9-491f-b8d4-72c89c73fe78","MANIFEST_BOUND","hmail-perf-pair-service-20260901","06EFCBA9520D478A6DAC7ABB7F09F3B63D015A0CD5ECA1EB4D0FD2CC8C38F9FD","cpp","hmail_perf_pair_cpp_20260831_head3","C:\hmail-perf-pair-service-20260901\cpp\Data","B3DF9E8BBF4BEDB1102C94DF7C86356E1FEABCBC02A18E8EABEB1EA1453D09B8",,,"one TCP client and one sequential IMAP session per sample","0","PASS","45FA907CE0D3797C1E13EBB2F03F076A25656CCE27E801C18F745ACD3944FBBD","5136EEC556F9790732AE759EF52F77FE6172329EA55787A80300C4A824107E46","1","115","True","False","5236.251",,"True","1000","True","True","1000","True"
"d02f514d-e0e9-491f-b8d4-72c89c73fe78","MANIFEST_BOUND","hmail-perf-pair-service-20260901","06EFCBA9520D478A6DAC7ABB7F09F3B63D015A0CD5ECA1EB4D0FD2CC8C38F9FD","cpp","hmail_perf_pair_cpp_20260831_head3","C:\hmail-perf-pair-service-20260901\cpp\Data","B3DF9E8BBF4BEDB1102C94DF7C86356E1FEABCBC02A18E8EABEB1EA1453D09B8",,,"one TCP client and one sequential IMAP session per sample","0","PASS","45FA907CE0D3797C1E13EBB2F03F076A25656CCE27E801C18F745ACD3944FBBD","5136EEC556F9790732AE759EF52F77FE6172329EA55787A80300C4A824107E46","1","116","True","False","5239.738",,"True","1000","True","True","1000","True"
"d02f514d-e0e9-491f-b8d4-72c89c73fe78","MANIFEST_BOUND","hmail-perf-pair-service-20260901","06EFCBA9520D478A6DAC7ABB7F09F3B63D015A0CD5ECA1EB4D0FD2CC8C38F9FD","cpp","hmail_perf_pair_cpp_20260831_head3","C:\hmail-perf-pair-service-20260901\cpp\Data","B3DF9E8BBF4BEDB1102C94DF7C86356E1FEABCBC02A18E8EABEB1EA1453D09B8",,,"one TCP client and one sequential IMAP session per sample","0","PASS","45FA907CE0D3797C1E13EBB2F03F076A25656CCE27E801C18F745ACD3944FBBD","5136EEC556F9790732AE759EF52F77FE6172329EA55787A80300C4A824107E46","1","117","True","False","5061.281",,"True","1000","True","True","1000","True"
"d02f514d-e0e9-491f-b8d4-72c89c73fe78","MANIFEST_BOUND","hmail-perf-pair-service-20260901","06EFCBA9520D478A6DAC7ABB7F09F3B63D015A0CD5ECA1EB4D0FD2CC8C38F9FD","cpp","hmail_perf_pair_cpp_20260831_head3","C:\hmail-perf-pair-service-20260901\cpp\Data","B3DF9E8BBF4BEDB1102C94DF7C86356E1FEABCBC02A18E8EABEB1EA1453D09B8",,,"one TCP client and one sequential IMAP session per sample","0","PASS","45FA907CE0D3797C1E13EBB2F03F076A25656CCE27E801C18F745ACD3944FBBD","5136EEC556F9790732AE759EF52F77FE6172329EA55787A80300C4A824107E46","1","118","True","False","5310.227",,"True","1000","True","True","1000","True"
"d02f514d-e0e9-491f-b8d4-72c89c73fe78","MANIFEST_BOUND","hmail-perf-pair-service-20260901","06EFCBA9520D478A6DAC7ABB7F09F3B63D015A0CD5ECA1EB4D0FD2CC8C38F9FD","cpp","hmail_perf_pair_cpp_20260831_head3","C:\hmail-perf-pair-service-20260901\cpp\Data","B3DF9E8BBF4BEDB1102C94DF7C86356E1FEABCBC02A18E8EABEB1EA1453D09B8",,,"one TCP client and one sequential IMAP session per sample","0","PASS","45FA907CE0D3797C1E13EBB2F03F076A25656CCE27E801C18F745ACD3944FBBD","5136EEC556F9790732AE759EF52F77FE6172329EA55787A80300C4A824107E46","1","119","True","False","5396.287",,"True","1000","True","True","1000","True"
"d02f514d-e0e9-491f-b8d4-72c89c73fe78","MANIFEST_BOUND","hmail-perf-pair-service-20260901","06EFCBA9520D478A6DAC7ABB7F09F3B63D015A0CD5ECA1EB4D0FD2CC8C38F9FD","cpp","hmail_perf_pair_cpp_20260831_head3","C:\hmail-perf-pair-service-20260901\cpp\Data","B3DF9E8BBF4BEDB1102C94DF7C86356E1FEABCBC02A18E8EABEB1EA1453D09B8",,,"one TCP client and one sequential IMAP session per sample","0","PASS","45FA907CE0D3797C1E13EBB2F03F076A25656CCE27E801C18F745ACD3944FBBD","5136EEC556F9790732AE759EF52F77FE6172329EA55787A80300C4A824107E46","1","120","True","False","5434.729",,"True","1000","True","True","1000","True"
"d02f514d-e0e9-491f-b8d4-72c89c73fe78","MANIFEST_BOUND","hmail-perf-pair-service-20260901","06EFCBA9520D478A6DAC7ABB7F09F3B63D015A0CD5ECA1EB4D0FD2CC8C38F9FD","cpp","hmail_perf_pair_cpp_20260831_head3","C:\hmail-perf-pair-service-20260901\cpp\Data","B3DF9E8BBF4BEDB1102C94DF7C86356E1FEABCBC02A18E8EABEB1EA1453D09B8",,,"one TCP client and one sequential IMAP session per sample","0","PASS","45FA907CE0D3797C1E13EBB2F03F076A25656CCE27E801C18F745ACD3944FBBD","5136EEC556F9790732AE759EF52F77FE6172329EA55787A80300C4A824107E46","1","121","True","False","5407.623",,"True","1000","True","True","1000","True"
"d02f514d-e0e9-491f-b8d4-72c89c73fe78","MANIFEST_BOUND","hmail-perf-pair-service-20260901","06EFCBA9520D478A6DAC7ABB7F09F3B63D015A0CD5ECA1EB4D0FD2CC8C38F9FD","cpp","hmail_perf_pair_cpp_20260831_head3","C:\hmail-perf-pair-service-20260901\cpp\Data","B3DF9E8BBF4BEDB1102C94DF7C86356E1FEABCBC02A18E8EABEB1EA1453D09B8",,,"one TCP client and one sequential IMAP session per sample","0","PASS","45FA907CE0D3797C1E13EBB2F03F076A25656CCE27E801C18F745ACD3944FBBD","5136EEC556F9790732AE759EF52F77FE6172329EA55787A80300C4A824107E46","1","122","True","False","5454.226",,"True","1000","True","True","1000","True"
"d02f514d-e0e9-491f-b8d4-72c89c73fe78","MANIFEST_BOUND","hmail-perf-pair-service-20260901","06EFCBA9520D478A6DAC7ABB7F09F3B63D015A0CD5ECA1EB4D0FD2CC8C38F9FD","cpp","hmail_perf_pair_cpp_20260831_head3","C:\hmail-perf-pair-service-20260901\cpp\Data","B3DF9E8BBF4BEDB1102C94DF7C86356E1FEABCBC02A18E8EABEB1EA1453D09B8",,,"one TCP client and one sequential IMAP session per sample","0","PASS","45FA907CE0D3797C1E13EBB2F03F076A25656CCE27E801C18F745ACD3944FBBD","5136EEC556F9790732AE759EF52F77FE6172329EA55787A80300C4A824107E46","1","123","True","False","5598.134",,"True","1000","True","True","1000","True"
"d02f514d-e0e9-491f-b8d4-72c89c73fe78","MANIFEST_BOUND","hmail-perf-pair-service-20260901","06EFCBA9520D478A6DAC7ABB7F09F3B63D015A0CD5ECA1EB4D0FD2CC8C38F9FD","cpp","hmail_perf_pair_cpp_20260831_head3","C:\hmail-perf-pair-service-20260901\cpp\Data","B3DF9E8BBF4BEDB1102C94DF7C86356E1FEABCBC02A18E8EABEB1EA1453D09B8",,,"one TCP client and one sequential IMAP session per sample","0","PASS","45FA907CE0D3797C1E13EBB2F03F076A25656CCE27E801C18F745ACD3944FBBD","5136EEC556F9790732AE759EF52F77FE6172329EA55787A80300C4A824107E46","1","124","True","False","5431.523",,"True","1000","True","True","1000","True"
"d02f514d-e0e9-491f-b8d4-72c89c73fe78","MANIFEST_BOUND","hmail-perf-pair-service-20260901","06EFCBA9520D478A6DAC7ABB7F09F3B63D015A0CD5ECA1EB4D0FD2CC8C38F9FD","cpp","hmail_perf_pair_cpp_20260831_head3","C:\hmail-perf-pair-service-20260901\cpp\Data","B3DF9E8BBF4BEDB1102C94DF7C86356E1FEABCBC02A18E8EABEB1EA1453D09B8",,,"one TCP client and one sequential IMAP session per sample","0","PASS","45FA907CE0D3797C1E13EBB2F03F076A25656CCE27E801C18F745ACD3944FBBD","5136EEC556F9790732AE759EF52F77FE6172329EA55787A80300C4A824107E46","1","125","True","False","5509.656",,"True","1000","True","True","1000","True"
"d02f514d-e0e9-491f-b8d4-72c89c73fe78","MANIFEST_BOUND","hmail-perf-pair-service-20260901","06EFCBA9520D478A6DAC7ABB7F09F3B63D015A0CD5ECA1EB4D0FD2CC8C38F9FD","cpp","hmail_perf_pair_cpp_20260831_head3","C:\hmail-perf-pair-service-20260901\cpp\Data","B3DF9E8BBF4BEDB1102C94DF7C86356E1FEABCBC02A18E8EABEB1EA1453D09B8",,,"one TCP client and one sequential IMAP session per sample","0","PASS","45FA907CE0D3797C1E13EBB2F03F076A25656CCE27E801C18F745ACD3944FBBD","5136EEC556F9790732AE759EF52F77FE6172329EA55787A80300C4A824107E46","1","126","True","False","5467.234",,"True","1000","True","True","1000","True"
"d02f514d-e0e9-491f-b8d4-72c89c73fe78","MANIFEST_BOUND","hmail-perf-pair-service-20260901","06EFCBA9520D478A6DAC7ABB7F09F3B63D015A0CD5ECA1EB4D0FD2CC8C38F9FD","cpp","hmail_perf_pair_cpp_20260831_head3","C:\hmail-perf-pair-service-20260901\cpp\Data","B3DF9E8BBF4BEDB1102C94DF7C86356E1FEABCBC02A18E8EABEB1EA1453D09B8",,,"one TCP client and one sequential IMAP session per sample","0","PASS","45FA907CE0D3797C1E13EBB2F03F076A25656CCE27E801C18F745ACD3944FBBD","5136EEC556F9790732AE759EF52F77FE6172329EA55787A80300C4A824107E46","1","127","True","False","5862.267",,"True","1000","True","True","1000","True"
"d02f514d-e0e9-491f-b8d4-72c89c73fe78","MANIFEST_BOUND","hmail-perf-pair-service-20260901","06EFCBA9520D478A6DAC7ABB7F09F3B63D015A0CD5ECA1EB4D0FD2CC8C38F9FD","cpp","hmail_perf_pair_cpp_20260831_head3","C:\hmail-perf-pair-service-20260901\cpp\Data","B3DF9E8BBF4BEDB1102C94DF7C86356E1FEABCBC02A18E8EABEB1EA1453D09B8",,,"one TCP client and one sequential IMAP session per sample","0","PASS","45FA907CE0D3797C1E13EBB2F03F076A25656CCE27E801C18F745ACD3944FBBD","5136EEC556F9790732AE759EF52F77FE6172329EA55787A80300C4A824107E46","1","128","True","False","5836.068",,"True","1000","True","True","1000","True"
"d02f514d-e0e9-491f-b8d4-72c89c73fe78","MANIFEST_BOUND","hmail-perf-pair-service-20260901","06EFCBA9520D478A6DAC7ABB7F09F3B63D015A0CD5ECA1EB4D0FD2CC8C38F9FD","cpp","hmail_perf_pair_cpp_20260831_head3","C:\hmail-perf-pair-service-20260901\cpp\Data","B3DF9E8BBF4BEDB1102C94DF7C86356E1FEABCBC02A18E8EABEB1EA1453D09B8",,,"one TCP client and one sequential IMAP session per sample","0","PASS","45FA907CE0D3797C1E13EBB2F03F076A25656CCE27E801C18F745ACD3944FBBD","5136EEC556F9790732AE759EF52F77FE6172329EA55787A80300C4A824107E46","1","129","True","False","5633.51",,"True","1000","True","True","1000","True"
"d02f514d-e0e9-491f-b8d4-72c89c73fe78","MANIFEST_BOUND","hmail-perf-pair-service-20260901","06EFCBA9520D478A6DAC7ABB7F09F3B63D015A0CD5ECA1EB4D0FD2CC8C38F9FD","cpp","hmail_perf_pair_cpp_20260831_head3","C:\hmail-perf-pair-service-20260901\cpp\Data","B3DF9E8BBF4BEDB1102C94DF7C86356E1FEABCBC02A18E8EABEB1EA1453D09B8",,,"one TCP client and one sequential IMAP session per sample","0","PASS","45FA907CE0D3797C1E13EBB2F03F076A25656CCE27E801C18F745ACD3944FBBD","5136EEC556F9790732AE759EF52F77FE6172329EA55787A80300C4A824107E46","1","130","True","False","5874.243",,"True","1000","True","True","1000","True"
"d02f514d-e0e9-491f-b8d4-72c89c73fe78","MANIFEST_BOUND","hmail-perf-pair-service-20260901","06EFCBA9520D478A6DAC7ABB7F09F3B63D015A0CD5ECA1EB4D0FD2CC8C38F9FD","cpp","hmail_perf_pair_cpp_20260831_head3","C:\hmail-perf-pair-service-20260901\cpp\Data","B3DF9E8BBF4BEDB1102C94DF7C86356E1FEABCBC02A18E8EABEB1EA1453D09B8",,,"one TCP client and one sequential IMAP session per sample","0","PASS","45FA907CE0D3797C1E13EBB2F03F076A25656CCE27E801C18F745ACD3944FBBD","5136EEC556F9790732AE759EF52F77FE6172329EA55787A80300C4A824107E46","1","131","True","False","5869.185",,"True","1000","True","True","1000","True"
"d02f514d-e0e9-491f-b8d4-72c89c73fe78","MANIFEST_BOUND","hmail-perf-pair-service-20260901","06EFCBA9520D478A6DAC7ABB7F09F3B63D015A0CD5ECA1EB4D0FD2CC8C38F9FD","cpp","hmail_perf_pair_cpp_20260831_head3","C:\hmail-perf-pair-service-20260901\cpp\Data","B3DF9E8BBF4BEDB1102C94DF7C86356E1FEABCBC02A18E8EABEB1EA1453D09B8",,,"one TCP client and one sequential IMAP session per sample","0","PASS","45FA907CE0D3797C1E13EBB2F03F076A25656CCE27E801C18F745ACD3944FBBD","5136EEC556F9790732AE759EF52F77FE6172329EA55787A80300C4A824107E46","1","132","False","False","5015.875","Aktarma ba?lant?s?ndan veriler okunamad?: Ba?lan?lan uygun olarak belli bir s?re i?inde yan?t vermedi?inden veya kurulan
ba?lant? ba?lan?lan ana bilgisayar yan?t vermedi?inden bir ba?lant? kurulamad?.","False","0","False","False","0","False"
"d02f514d-e0e9-491f-b8d4-72c89c73fe78","MANIFEST_BOUND","hmail-perf-pair-service-20260901","06EFCBA9520D478A6DAC7ABB7F09F3B63D015A0CD5ECA1EB4D0FD2CC8C38F9FD","cpp","hmail_perf_pair_cpp_20260831_head3","C:\hmail-perf-pair-service-20260901\cpp\Data","B3DF9E8BBF4BEDB1102C94DF7C86356E1FEABCBC02A18E8EABEB1EA1453D09B8",,,"one TCP client and one sequential IMAP session per sample","0","PASS","45FA907CE0D3797C1E13EBB2F03F076A25656CCE27E801C18F745ACD3944FBBD","5136EEC556F9790732AE759EF52F77FE6172329EA55787A80300C4A824107E46","1","133","True","False","5871.79",,"True","1000","True","True","1000","True"
"d02f514d-e0e9-491f-b8d4-72c89c73fe78","MANIFEST_BOUND","hmail-perf-pair-service-20260901","06EFCBA9520D478A6DAC7ABB7F09F3B63D015A0CD5ECA1EB4D0FD2CC8C38F9FD","cpp","hmail_perf_pair_cpp_20260831_head3","C:\hmail-perf-pair-service-20260901\cpp\Data","B3DF9E8BBF4BEDB1102C94DF7C86356E1FEABCBC02A18E8EABEB1EA1453D09B8",,,"one TCP client and one sequential IMAP session per sample","0","PASS","45FA907CE0D3797C1E13EBB2F03F076A25656CCE27E801C18F745ACD3944FBBD","5136EEC556F9790732AE759EF52F77FE6172329EA55787A80300C4A824107E46","1","134","False","False","5013.058","Aktarma ba?lant?s?ndan veriler okunamad?: Ba?lan?lan uygun olarak belli bir s?re i?inde yan?t vermedi?inden veya kurulan
ba?lant? ba?lan?lan ana bilgisayar yan?t vermedi?inden bir ba?lant? kurulamad?.","False","0","False","False","0","False"
"d02f514d-e0e9-491f-b8d4-72c89c73fe78","MANIFEST_BOUND","hmail-perf-pair-service-20260901","06EFCBA9520D478A6DAC7ABB7F09F3B63D015A0CD5ECA1EB4D0FD2CC8C38F9FD","cpp","hmail_perf_pair_cpp_20260831_head3","C:\hmail-perf-pair-service-20260901\cpp\Data","B3DF9E8BBF4BEDB1102C94DF7C86356E1FEABCBC02A18E8EABEB1EA1453D09B8",,,"one TCP client and one sequential IMAP session per sample","0","PASS","45FA907CE0D3797C1E13EBB2F03F076A25656CCE27E801C18F745ACD3944FBBD","5136EEC556F9790732AE759EF52F77FE6172329EA55787A80300C4A824107E46","1","135","True","False","5881.834",,"True","1000","True","True","1000","True"
"d02f514d-e0e9-491f-b8d4-72c89c73fe78","MANIFEST_BOUND","hmail-perf-pair-service-20260901","06EFCBA9520D478A6DAC7ABB7F09F3B63D015A0CD5ECA1EB4D0FD2CC8C38F9FD","cpp","hmail_perf_pair_cpp_20260831_head3","C:\hmail-perf-pair-service-20260901\cpp\Data","B3DF9E8BBF4BEDB1102C94DF7C86356E1FEABCBC02A18E8EABEB1EA1453D09B8",,,"one TCP client and one sequential IMAP session per sample","0","PASS","45FA907CE0D3797C1E13EBB2F03F076A25656CCE27E801C18F745ACD3944FBBD","5136EEC556F9790732AE759EF52F77FE6172329EA55787A80300C4A824107E46","1","136","False","False","5010.204","Aktarma ba?lant?s?ndan veriler okunamad?: Ba?lan?lan uygun olarak belli bir s?re i?inde yan?t vermedi?inden veya kurulan
ba?lant? ba?lan?lan ana bilgisayar yan?t vermedi?inden bir ba?lant? kurulamad?.","False","0","False","False","0","False"
"d02f514d-e0e9-491f-b8d4-72c89c73fe78","MANIFEST_BOUND","hmail-perf-pair-service-20260901","06EFCBA9520D478A6DAC7ABB7F09F3B63D015A0CD5ECA1EB4D0FD2CC8C38F9FD","cpp","hmail_perf_pair_cpp_20260831_head3","C:\hmail-perf-pair-service-20260901\cpp\Data","B3DF9E8BBF4BEDB1102C94DF7C86356E1FEABCBC02A18E8EABEB1EA1453D09B8",,,"one TCP client and one sequential IMAP session per sample","0","PASS","45FA907CE0D3797C1E13EBB2F03F076A25656CCE27E801C18F745ACD3944FBBD","5136EEC556F9790732AE759EF52F77FE6172329EA55787A80300C4A824107E46","1","137","False","False","5013.38","Aktarma ba?lant?s?ndan veriler okunamad?: Ba?lan?lan uygun olarak belli bir s?re i?inde yan?t vermedi?inden veya kurulan
ba?lant? ba?lan?lan ana bilgisayar yan?t vermedi?inden bir ba?lant? kurulamad?.","False","0","False","False","0","False"
"d02f514d-e0e9-491f-b8d4-72c89c73fe78","MANIFEST_BOUND","hmail-perf-pair-service-20260901","06EFCBA9520D478A6DAC7ABB7F09F3B63D015A0CD5ECA1EB4D0FD2CC8C38F9FD","cpp","hmail_perf_pair_cpp_20260831_head3","C:\hmail-perf-pair-service-20260901\cpp\Data","B3DF9E8BBF4BEDB1102C94DF7C86356E1FEABCBC02A18E8EABEB1EA1453D09B8",,,"one TCP client and one sequential IMAP session per sample","0","PASS","45FA907CE0D3797C1E13EBB2F03F076A25656CCE27E801C18F745ACD3944FBBD","5136EEC556F9790732AE759EF52F77FE6172329EA55787A80300C4A824107E46","1","138","False","False","5012.491","Aktarma ba?lant?s?ndan veriler okunamad?: Ba?lan?lan uygun olarak belli bir s?re i?inde yan?t vermedi?inden veya kurulan
ba?lant? ba?lan?lan ana bilgisayar yan?t vermedi?inden bir ba?lant? kurulamad?.","False","0","False","False","0","False"
"d02f514d-e0e9-491f-b8d4-72c89c73fe78","MANIFEST_BOUND","hmail-perf-pair-service-20260901","06EFCBA9520D478A6DAC7ABB7F09F3B63D015A0CD5ECA1EB4D0FD2CC8C38F9FD","cpp","hmail_perf_pair_cpp_20260831_head3","C:\hmail-perf-pair-service-20260901\cpp\Data","B3DF9E8BBF4BEDB1102C94DF7C86356E1FEABCBC02A18E8EABEB1EA1453D09B8",,,"one TCP client and one sequential IMAP session per sample","0","PASS","45FA907CE0D3797C1E13EBB2F03F076A25656CCE27E801C18F745ACD3944FBBD","5136EEC556F9790732AE759EF52F77FE6172329EA55787A80300C4A824107E46","1","139","False","False","5010.273","Aktarma ba?lant?s?ndan veriler okunamad?: Ba?lan?lan uygun olarak belli bir s?re i?inde yan?t vermedi?inden veya kurulan
ba?lant? ba?lan?lan ana bilgisayar yan?t vermedi?inden bir ba?lant? kurulamad?.","False","0","False","False","0","False"
"d02f514d-e0e9-491f-b8d4-72c89c73fe78","MANIFEST_BOUND","hmail-perf-pair-service-20260901","06EFCBA9520D478A6DAC7ABB7F09F3B63D015A0CD5ECA1EB4D0FD2CC8C38F9FD","cpp","hmail_perf_pair_cpp_20260831_head3","C:\hmail-perf-pair-service-20260901\cpp\Data","B3DF9E8BBF4BEDB1102C94DF7C86356E1FEABCBC02A18E8EABEB1EA1453D09B8",,,"one TCP client and one sequential IMAP session per sample","0","PASS","45FA907CE0D3797C1E13EBB2F03F076A25656CCE27E801C18F745ACD3944FBBD","5136EEC556F9790732AE759EF52F77FE6172329EA55787A80300C4A824107E46","1","140","False","False","5013.415","Aktarma ba?lant?s?ndan veriler okunamad?: Ba?lan?lan uygun olarak belli bir s?re i?inde yan?t vermedi?inden veya kurulan
ba?lant? ba?lan?lan ana bilgisayar yan?t vermedi?inden bir ba?lant? kurulamad?.","False","0","False","False","0","False"
"d02f514d-e0e9-491f-b8d4-72c89c73fe78","MANIFEST_BOUND","hmail-perf-pair-service-20260901","06EFCBA9520D478A6DAC7ABB7F09F3B63D015A0CD5ECA1EB4D0FD2CC8C38F9FD","cpp","hmail_perf_pair_cpp_20260831_head3","C:\hmail-perf-pair-service-20260901\cpp\Data","B3DF9E8BBF4BEDB1102C94DF7C86356E1FEABCBC02A18E8EABEB1EA1453D09B8",,,"one TCP client and one sequential IMAP session per sample","0","PASS","45FA907CE0D3797C1E13EBB2F03F076A25656CCE27E801C18F745ACD3944FBBD","5136EEC556F9790732AE759EF52F77FE6172329EA55787A80300C4A824107E46","1","141","False","False","5010.003","Aktarma ba?lant?s?ndan veriler okunamad?: Ba?lan?lan uygun olarak belli bir s?re i?inde yan?t vermedi?inden veya kurulan
ba?lant? ba?lan?lan ana bilgisayar yan?t vermedi?inden bir ba?lant? kurulamad?.","False","0","False","False","0","False"
"d02f514d-e0e9-491f-b8d4-72c89c73fe78","MANIFEST_BOUND","hmail-perf-pair-service-20260901","06EFCBA9520D478A6DAC7ABB7F09F3B63D015A0CD5ECA1EB4D0FD2CC8C38F9FD","cpp","hmail_perf_pair_cpp_20260831_head3","C:\hmail-perf-pair-service-20260901\cpp\Data","B3DF9E8BBF4BEDB1102C94DF7C86356E1FEABCBC02A18E8EABEB1EA1453D09B8",,,"one TCP client and one sequential IMAP session per sample","0","PASS","45FA907CE0D3797C1E13EBB2F03F076A25656CCE27E801C18F745ACD3944FBBD","5136EEC556F9790732AE759EF52F77FE6172329EA55787A80300C4A824107E46","1","142","False","False","5015.789","Aktarma ba?lant?s?ndan veriler okunamad?: Ba?lan?lan uygun olarak belli bir s?re i?inde yan?t vermedi?inden veya kurulan
ba?lant? ba?lan?lan ana bilgisayar yan?t vermedi?inden bir ba?lant? kurulamad?.","False","0","False","False","0","False"
"d02f514d-e0e9-491f-b8d4-72c89c73fe78","MANIFEST_BOUND","hmail-perf-pair-service-20260901","06EFCBA9520D478A6DAC7ABB7F09F3B63D015A0CD5ECA1EB4D0FD2CC8C38F9FD","cpp","hmail_perf_pair_cpp_20260831_head3","C:\hmail-perf-pair-service-20260901\cpp\Data","B3DF9E8BBF4BEDB1102C94DF7C86356E1FEABCBC02A18E8EABEB1EA1453D09B8",,,"one TCP client and one sequential IMAP session per sample","0","PASS","45FA907CE0D3797C1E13EBB2F03F076A25656CCE27E801C18F745ACD3944FBBD","5136EEC556F9790732AE759EF52F77FE6172329EA55787A80300C4A824107E46","1","143","False","False","5012.368","Aktarma ba?lant?s?ndan veriler okunamad?: Ba?lan?lan uygun olarak belli bir s?re i?inde yan?t vermedi?inden veya kurulan
ba?lant? ba?lan?lan ana bilgisayar yan?t vermedi?inden bir ba?lant? kurulamad?.","False","0","False","False","0","False"
"d02f514d-e0e9-491f-b8d4-72c89c73fe78","MANIFEST_BOUND","hmail-perf-pair-service-20260901","06EFCBA9520D478A6DAC7ABB7F09F3B63D015A0CD5ECA1EB4D0FD2CC8C38F9FD","cpp","hmail_perf_pair_cpp_20260831_head3","C:\hmail-perf-pair-service-20260901\cpp\Data","B3DF9E8BBF4BEDB1102C94DF7C86356E1FEABCBC02A18E8EABEB1EA1453D09B8",,,"one TCP client and one sequential IMAP session per sample","0","PASS","45FA907CE0D3797C1E13EBB2F03F076A25656CCE27E801C18F745ACD3944FBBD","5136EEC556F9790732AE759EF52F77FE6172329EA55787A80300C4A824107E46","1","144","False","False","5013.533","Aktarma ba?lant?s?ndan veriler okunamad?: Ba?lan?lan uygun olarak belli bir s?re i?inde yan?t vermedi?inden veya kurulan
ba?lant? ba?lan?lan ana bilgisayar yan?t vermedi?inden bir ba?lant? kurulamad?.","False","0","False","False","0","False"
"d02f514d-e0e9-491f-b8d4-72c89c73fe78","MANIFEST_BOUND","hmail-perf-pair-service-20260901","06EFCBA9520D478A6DAC7ABB7F09F3B63D015A0CD5ECA1EB4D0FD2CC8C38F9FD","cpp","hmail_perf_pair_cpp_20260831_head3","C:\hmail-perf-pair-service-20260901\cpp\Data","B3DF9E8BBF4BEDB1102C94DF7C86356E1FEABCBC02A18E8EABEB1EA1453D09B8",,,"one TCP client and one sequential IMAP session per sample","0","PASS","45FA907CE0D3797C1E13EBB2F03F076A25656CCE27E801C18F745ACD3944FBBD","5136EEC556F9790732AE759EF52F77FE6172329EA55787A80300C4A824107E46","1","145","False","False","5012.632","Aktarma ba?lant?s?ndan veriler okunamad?: Ba?lan?lan uygun olarak belli bir s?re i?inde yan?t vermedi?inden veya kurulan
ba?lant? ba?lan?lan ana bilgisayar yan?t vermedi?inden bir ba?lant? kurulamad?.","False","0","False","False","0","False"
"d02f514d-e0e9-491f-b8d4-72c89c73fe78","MANIFEST_BOUND","hmail-perf-pair-service-20260901","06EFCBA9520D478A6DAC7ABB7F09F3B63D015A0CD5ECA1EB4D0FD2CC8C38F9FD","cpp","hmail_perf_pair_cpp_20260831_head3","C:\hmail-perf-pair-service-20260901\cpp\Data","B3DF9E8BBF4BEDB1102C94DF7C86356E1FEABCBC02A18E8EABEB1EA1453D09B8",,,"one TCP client and one sequential IMAP session per sample","0","PASS","45FA907CE0D3797C1E13EBB2F03F076A25656CCE27E801C18F745ACD3944FBBD","5136EEC556F9790732AE759EF52F77FE6172329EA55787A80300C4A824107E46","1","146","False","False","5009.718","Aktarma ba?lant?s?ndan veriler okunamad?: Ba?lan?lan uygun olarak belli bir s?re i?inde yan?t vermedi?inden veya kurulan
ba?lant? ba?lan?lan ana bilgisayar yan?t vermedi?inden bir ba?lant? kurulamad?.","False","0","False","False","0","False"
"d02f514d-e0e9-491f-b8d4-72c89c73fe78","MANIFEST_BOUND","hmail-perf-pair-service-20260901","06EFCBA9520D478A6DAC7ABB7F09F3B63D015A0CD5ECA1EB4D0FD2CC8C38F9FD","cpp","hmail_perf_pair_cpp_20260831_head3","C:\hmail-perf-pair-service-20260901\cpp\Data","B3DF9E8BBF4BEDB1102C94DF7C86356E1FEABCBC02A18E8EABEB1EA1453D09B8",,,"one TCP client and one sequential IMAP session per sample","0","PASS","45FA907CE0D3797C1E13EBB2F03F076A25656CCE27E801C18F745ACD3944FBBD","5136EEC556F9790732AE759EF52F77FE6172329EA55787A80300C4A824107E46","1","147","False","False","5012.334","Aktarma ba?lant?s?ndan veriler okunamad?: Ba?lan?lan uygun olarak belli bir s?re i?inde yan?t vermedi?inden veya kurulan
ba?lant? ba?lan?lan ana bilgisayar yan?t vermedi?inden bir ba?lant? kurulamad?.","False","0","False","False","0","False"
"d02f514d-e0e9-491f-b8d4-72c89c73fe78","MANIFEST_BOUND","hmail-perf-pair-service-20260901","06EFCBA9520D478A6DAC7ABB7F09F3B63D015A0CD5ECA1EB4D0FD2CC8C38F9FD","cpp","hmail_perf_pair_cpp_20260831_head3","C:\hmail-perf-pair-service-20260901\cpp\Data","B3DF9E8BBF4BEDB1102C94DF7C86356E1FEABCBC02A18E8EABEB1EA1453D09B8",,,"one TCP client and one sequential IMAP session per sample","0","PASS","45FA907CE0D3797C1E13EBB2F03F076A25656CCE27E801C18F745ACD3944FBBD","5136EEC556F9790732AE759EF52F77FE6172329EA55787A80300C4A824107E46","1","148","False","False","5014.94","Aktarma ba?lant?s?ndan veriler okunamad?: Ba?lan?lan uygun olarak belli bir s?re i?inde yan?t vermedi?inden veya kurulan
ba?lant? ba?lan?lan ana bilgisayar yan?t vermedi?inden bir ba?lant? kurulamad?.","False","0","False","False","0","False"
"d02f514d-e0e9-491f-b8d4-72c89c73fe78","MANIFEST_BOUND","hmail-perf-pair-service-20260901","06EFCBA9520D478A6DAC7ABB7F09F3B63D015A0CD5ECA1EB4D0FD2CC8C38F9FD","cpp","hmail_perf_pair_cpp_20260831_head3","C:\hmail-perf-pair-service-20260901\cpp\Data","B3DF9E8BBF4BEDB1102C94DF7C86356E1FEABCBC02A18E8EABEB1EA1453D09B8",,,"one TCP client and one sequential IMAP session per sample","0","PASS","45FA907CE0D3797C1E13EBB2F03F076A25656CCE27E801C18F745ACD3944FBBD","5136EEC556F9790732AE759EF52F77FE6172329EA55787A80300C4A824107E46","1","149","False","False","5013.308","Aktarma ba?lant?s?ndan veriler okunamad?: Ba?lan?lan uygun olarak belli bir s?re i?inde yan?t vermedi?inden veya kurulan
ba?lant? ba?lan?lan ana bilgisayar yan?t vermedi?inden bir ba?lant? kurulamad?.","False","0","False","False","0","False"
"d02f514d-e0e9-491f-b8d4-72c89c73fe78","MANIFEST_BOUND","hmail-perf-pair-service-20260901","06EFCBA9520D478A6DAC7ABB7F09F3B63D015A0CD5ECA1EB4D0FD2CC8C38F9FD","cpp","hmail_perf_pair_cpp_20260831_head3","C:\hmail-perf-pair-service-20260901\cpp\Data","B3DF9E8BBF4BEDB1102C94DF7C86356E1FEABCBC02A18E8EABEB1EA1453D09B8",,,"one TCP client and one sequential IMAP session per sample","0","PASS","45FA907CE0D3797C1E13EBB2F03F076A25656CCE27E801C18F745ACD3944FBBD","5136EEC556F9790732AE759EF52F77FE6172329EA55787A80300C4A824107E46","1","150","False","False","5015.451","Aktarma ba?lant?s?ndan veriler okunamad?: Ba?lan?lan uygun olarak belli bir s?re i?inde yan?t vermedi?inden veya kurulan
ba?lant? ba?lan?lan ana bilgisayar yan?t vermedi?inden bir ba?lant? kurulamad?.","False","0","False","False","0","False"
"d02f514d-e0e9-491f-b8d4-72c89c73fe78","MANIFEST_BOUND","hmail-perf-pair-service-20260901","06EFCBA9520D478A6DAC7ABB7F09F3B63D015A0CD5ECA1EB4D0FD2CC8C38F9FD","cpp","hmail_perf_pair_cpp_20260831_head3","C:\hmail-perf-pair-service-20260901\cpp\Data","B3DF9E8BBF4BEDB1102C94DF7C86356E1FEABCBC02A18E8EABEB1EA1453D09B8",,,"one TCP client and one sequential IMAP session per sample","0","PASS","45FA907CE0D3797C1E13EBB2F03F076A25656CCE27E801C18F745ACD3944FBBD","5136EEC556F9790732AE759EF52F77FE6172329EA55787A80300C4A824107E46","1","151","False","False","5012.079","Aktarma ba?lant?s?ndan veriler okunamad?: Ba?lan?lan uygun olarak belli bir s?re i?inde yan?t vermedi?inden veya kurulan
ba?lant? ba?lan?lan ana bilgisayar yan?t vermedi?inden bir ba?lant? kurulamad?.","False","0","False","False","0","False"
"d02f514d-e0e9-491f-b8d4-72c89c73fe78","MANIFEST_BOUND","hmail-perf-pair-service-20260901","06EFCBA9520D478A6DAC7ABB7F09F3B63D015A0CD5ECA1EB4D0FD2CC8C38F9FD","cpp","hmail_perf_pair_cpp_20260831_head3","C:\hmail-perf-pair-service-20260901\cpp\Data","B3DF9E8BBF4BEDB1102C94DF7C86356E1FEABCBC02A18E8EABEB1EA1453D09B8",,,"one TCP client and one sequential IMAP session per sample","0","PASS","45FA907CE0D3797C1E13EBB2F03F076A25656CCE27E801C18F745ACD3944FBBD","5136EEC556F9790732AE759EF52F77FE6172329EA55787A80300C4A824107E46","1","152","False","False","5011.098","Aktarma ba?lant?s?ndan veriler okunamad?: Ba?lan?lan uygun olarak belli bir s?re i?inde yan?t vermedi?inden veya kurulan
ba?lant? ba?lan?lan ana bilgisayar yan?t vermedi?inden bir ba?lant? kurulamad?.","False","0","False","False","0","False"
"d02f514d-e0e9-491f-b8d4-72c89c73fe78","MANIFEST_BOUND","hmail-perf-pair-service-20260901","06EFCBA9520D478A6DAC7ABB7F09F3B63D015A0CD5ECA1EB4D0FD2CC8C38F9FD","cpp","hmail_perf_pair_cpp_20260831_head3","C:\hmail-perf-pair-service-20260901\cpp\Data","B3DF9E8BBF4BEDB1102C94DF7C86356E1FEABCBC02A18E8EABEB1EA1453D09B8",,,"one TCP client and one sequential IMAP session per sample","0","PASS","45FA907CE0D3797C1E13EBB2F03F076A25656CCE27E801C18F745ACD3944FBBD","5136EEC556F9790732AE759EF52F77FE6172329EA55787A80300C4A824107E46","1","153","False","False","5009.548","Aktarma ba?lant?s?ndan veriler okunamad?: Ba?lan?lan uygun olarak belli bir s?re i?inde yan?t vermedi?inden veya kurulan
ba?lant? ba?lan?lan ana bilgisayar yan?t vermedi?inden bir ba?lant? kurulamad?.","False","0","False","False","0","False"
"d02f514d-e0e9-491f-b8d4-72c89c73fe78","MANIFEST_BOUND","hmail-perf-pair-service-20260901","06EFCBA9520D478A6DAC7ABB7F09F3B63D015A0CD5ECA1EB4D0FD2CC8C38F9FD","cpp","hmail_perf_pair_cpp_20260831_head3","C:\hmail-perf-pair-service-20260901\cpp\Data","B3DF9E8BBF4BEDB1102C94DF7C86356E1FEABCBC02A18E8EABEB1EA1453D09B8",,,"one TCP client and one sequential IMAP session per sample","0","PASS","45FA907CE0D3797C1E13EBB2F03F076A25656CCE27E801C18F745ACD3944FBBD","5136EEC556F9790732AE759EF52F77FE6172329EA55787A80300C4A824107E46","1","154","False","False","5009.376","Aktarma ba?lant?s?ndan veriler okunamad?: Ba?lan?lan uygun olarak belli bir s?re i?inde yan?t vermedi?inden veya kurulan
ba?lant? ba?lan?lan ana bilgisayar yan?t vermedi?inden bir ba?lant? kurulamad?.","False","0","False","False","0","False"
"d02f514d-e0e9-491f-b8d4-72c89c73fe78","MANIFEST_BOUND","hmail-perf-pair-service-20260901","06EFCBA9520D478A6DAC7ABB7F09F3B63D015A0CD5ECA1EB4D0FD2CC8C38F9FD","cpp","hmail_perf_pair_cpp_20260831_head3","C:\hmail-perf-pair-service-20260901\cpp\Data","B3DF9E8BBF4BEDB1102C94DF7C86356E1FEABCBC02A18E8EABEB1EA1453D09B8",,,"one TCP client and one sequential IMAP session per sample","0","PASS","45FA907CE0D3797C1E13EBB2F03F076A25656CCE27E801C18F745ACD3944FBBD","5136EEC556F9790732AE759EF52F77FE6172329EA55787A80300C4A824107E46","1","155","False","False","5009.423","Aktarma ba?lant?s?ndan veriler okunamad?: Ba?lan?lan uygun olarak belli bir s?re i?inde yan?t vermedi?inden veya kurulan
ba?lant? ba?lan?lan ana bilgisayar yan?t vermedi?inden bir ba?lant? kurulamad?.","False","0","False","False","0","False"
"d02f514d-e0e9-491f-b8d4-72c89c73fe78","MANIFEST_BOUND","hmail-perf-pair-service-20260901","06EFCBA9520D478A6DAC7ABB7F09F3B63D015A0CD5ECA1EB4D0FD2CC8C38F9FD","cpp","hmail_perf_pair_cpp_20260831_head3","C:\hmail-perf-pair-service-20260901\cpp\Data","B3DF9E8BBF4BEDB1102C94DF7C86356E1FEABCBC02A18E8EABEB1EA1453D09B8",,,"one TCP client and one sequential IMAP session per sample","0","PASS","45FA907CE0D3797C1E13EBB2F03F076A25656CCE27E801C18F745ACD3944FBBD","5136EEC556F9790732AE759EF52F77FE6172329EA55787A80300C4A824107E46","1","156","False","False","5011.758","Aktarma ba?lant?s?ndan veriler okunamad?: Ba?lan?lan uygun olarak belli bir s?re i?inde yan?t vermedi?inden veya kurulan
ba?lant? ba?lan?lan ana bilgisayar yan?t vermedi?inden bir ba?lant? kurulamad?.","False","0","False","False","0","False"
"d02f514d-e0e9-491f-b8d4-72c89c73fe78","MANIFEST_BOUND","hmail-perf-pair-service-20260901","06EFCBA9520D478A6DAC7ABB7F09F3B63D015A0CD5ECA1EB4D0FD2CC8C38F9FD","cpp","hmail_perf_pair_cpp_20260831_head3","C:\hmail-perf-pair-service-20260901\cpp\Data","B3DF9E8BBF4BEDB1102C94DF7C86356E1FEABCBC02A18E8EABEB1EA1453D09B8",,,"one TCP client and one sequential IMAP session per sample","0","PASS","45FA907CE0D3797C1E13EBB2F03F076A25656CCE27E801C18F745ACD3944FBBD","5136EEC556F9790732AE759EF52F77FE6172329EA55787A80300C4A824107E46","1","157","False","False","5009.394","Aktarma ba?lant?s?ndan veriler okunamad?: Ba?lan?lan uygun olarak belli bir s?re i?inde yan?t vermedi?inden veya kurulan
ba?lant? ba?lan?lan ana bilgisayar yan?t vermedi?inden bir ba?lant? kurulamad?.","False","0","False","False","0","False"
"d02f514d-e0e9-491f-b8d4-72c89c73fe78","MANIFEST_BOUND","hmail-perf-pair-service-20260901","06EFCBA9520D478A6DAC7ABB7F09F3B63D015A0CD5ECA1EB4D0FD2CC8C38F9FD","cpp","hmail_perf_pair_cpp_20260831_head3","C:\hmail-perf-pair-service-20260901\cpp\Data","B3DF9E8BBF4BEDB1102C94DF7C86356E1FEABCBC02A18E8EABEB1EA1453D09B8",,,"one TCP client and one sequential IMAP session per sample","0","PASS","45FA907CE0D3797C1E13EBB2F03F076A25656CCE27E801C18F745ACD3944FBBD","5136EEC556F9790732AE759EF52F77FE6172329EA55787A80300C4A824107E46","1","158","False","False","5009.213","Aktarma ba?lant?s?ndan veriler okunamad?: Ba?lan?lan uygun olarak belli bir s?re i?inde yan?t vermedi?inden veya kurulan
ba?lant? ba?lan?lan ana bilgisayar yan?t vermedi?inden bir ba?lant? kurulamad?.","False","0","False","False","0","False"
"d02f514d-e0e9-491f-b8d4-72c89c73fe78","MANIFEST_BOUND","hmail-perf-pair-service-20260901","06EFCBA9520D478A6DAC7ABB7F09F3B63D015A0CD5ECA1EB4D0FD2CC8C38F9FD","cpp","hmail_perf_pair_cpp_20260831_head3","C:\hmail-perf-pair-service-20260901\cpp\Data","B3DF9E8BBF4BEDB1102C94DF7C86356E1FEABCBC02A18E8EABEB1EA1453D09B8",,,"one TCP client and one sequential IMAP session per sample","0","PASS","45FA907CE0D3797C1E13EBB2F03F076A25656CCE27E801C18F745ACD3944FBBD","5136EEC556F9790732AE759EF52F77FE6172329EA55787A80300C4A824107E46","1","159","False","False","5009.296","Aktarma ba?lant?s?ndan veriler okunamad?: Ba?lan?lan uygun olarak belli bir s?re i?inde yan?t vermedi?inden veya kurulan
ba?lant? ba?lan?lan ana bilgisayar yan?t vermedi?inden bir ba?lant? kurulamad?.","False","0","False","False","0","False"
"d02f514d-e0e9-491f-b8d4-72c89c73fe78","MANIFEST_BOUND","hmail-perf-pair-service-20260901","06EFCBA9520D478A6DAC7ABB7F09F3B63D015A0CD5ECA1EB4D0FD2CC8C38F9FD","cpp","hmail_perf_pair_cpp_20260831_head3","C:\hmail-perf-pair-service-20260901\cpp\Data","B3DF9E8BBF4BEDB1102C94DF7C86356E1FEABCBC02A18E8EABEB1EA1453D09B8",,,"one TCP client and one sequential IMAP session per sample","0","PASS","45FA907CE0D3797C1E13EBB2F03F076A25656CCE27E801C18F745ACD3944FBBD","5136EEC556F9790732AE759EF52F77FE6172329EA55787A80300C4A824107E46","1","160","False","False","5010.567","Aktarma ba?lant?s?ndan veriler okunamad?: Ba?lan?lan uygun olarak belli bir s?re i?inde yan?t vermedi?inden veya kurulan
ba?lant? ba?lan?lan ana bilgisayar yan?t vermedi?inden bir ba?lant? kurulamad?.","False","0","False","False","0","False"
"d02f514d-e0e9-491f-b8d4-72c89c73fe78","MANIFEST_BOUND","hmail-perf-pair-service-20260901","06EFCBA9520D478A6DAC7ABB7F09F3B63D015A0CD5ECA1EB4D0FD2CC8C38F9FD","cpp","hmail_perf_pair_cpp_20260831_head3","C:\hmail-perf-pair-service-20260901\cpp\Data","B3DF9E8BBF4BEDB1102C94DF7C86356E1FEABCBC02A18E8EABEB1EA1453D09B8",,,"one TCP client and one sequential IMAP session per sample","0","PASS","45FA907CE0D3797C1E13EBB2F03F076A25656CCE27E801C18F745ACD3944FBBD","5136EEC556F9790732AE759EF52F77FE6172329EA55787A80300C4A824107E46","1","161","False","False","5009.16","Aktarma ba?lant?s?ndan veriler okunamad?: Ba?lan?lan uygun olarak belli bir s?re i?inde yan?t vermedi?inden veya kurulan
ba?lant? ba?lan?lan ana bilgisayar yan?t vermedi?inden bir ba?lant? kurulamad?.","False","0","False","False","0","False"
"d02f514d-e0e9-491f-b8d4-72c89c73fe78","MANIFEST_BOUND","hmail-perf-pair-service-20260901","06EFCBA9520D478A6DAC7ABB7F09F3B63D015A0CD5ECA1EB4D0FD2CC8C38F9FD","cpp","hmail_perf_pair_cpp_20260831_head3","C:\hmail-perf-pair-service-20260901\cpp\Data","B3DF9E8BBF4BEDB1102C94DF7C86356E1FEABCBC02A18E8EABEB1EA1453D09B8",,,"one TCP client and one sequential IMAP session per sample","0","PASS","45FA907CE0D3797C1E13EBB2F03F076A25656CCE27E801C18F745ACD3944FBBD","5136EEC556F9790732AE759EF52F77FE6172329EA55787A80300C4A824107E46","1","162","False","False","5010.767","Aktarma ba?lant?s?ndan veriler okunamad?: Ba?lan?lan uygun olarak belli bir s?re i?inde yan?t vermedi?inden veya kurulan
ba?lant? ba?lan?lan ana bilgisayar yan?t vermedi?inden bir ba?lant? kurulamad?.","False","0","False","False","0","False"
"d02f514d-e0e9-491f-b8d4-72c89c73fe78","MANIFEST_BOUND","hmail-perf-pair-service-20260901","06EFCBA9520D478A6DAC7ABB7F09F3B63D015A0CD5ECA1EB4D0FD2CC8C38F9FD","cpp","hmail_perf_pair_cpp_20260831_head3","C:\hmail-perf-pair-service-20260901\cpp\Data","B3DF9E8BBF4BEDB1102C94DF7C86356E1FEABCBC02A18E8EABEB1EA1453D09B8",,,"one TCP client and one sequential IMAP session per sample","0","PASS","45FA907CE0D3797C1E13EBB2F03F076A25656CCE27E801C18F745ACD3944FBBD","5136EEC556F9790732AE759EF52F77FE6172329EA55787A80300C4A824107E46","1","163","False","False","5009.194","Aktarma ba?lant?s?ndan veriler okunamad?: Ba?lan?lan uygun olarak belli bir s?re i?inde yan?t vermedi?inden veya kurulan
ba?lant? ba?lan?lan ana bilgisayar yan?t vermedi?inden bir ba?lant? kurulamad?.","False","0","False","False","0","False"
"d02f514d-e0e9-491f-b8d4-72c89c73fe78","MANIFEST_BOUND","hmail-perf-pair-service-20260901","06EFCBA9520D478A6DAC7ABB7F09F3B63D015A0CD5ECA1EB4D0FD2CC8C38F9FD","cpp","hmail_perf_pair_cpp_20260831_head3","C:\hmail-perf-pair-service-20260901\cpp\Data","B3DF9E8BBF4BEDB1102C94DF7C86356E1FEABCBC02A18E8EABEB1EA1453D09B8",,,"one TCP client and one sequential IMAP session per sample","0","PASS","45FA907CE0D3797C1E13EBB2F03F076A25656CCE27E801C18F745ACD3944FBBD","5136EEC556F9790732AE759EF52F77FE6172329EA55787A80300C4A824107E46","1","164","False","False","5011.208","Aktarma ba?lant?s?ndan veriler okunamad?: Ba?lan?lan uygun olarak belli bir s?re i?inde yan?t vermedi?inden veya kurulan
ba?lant? ba?lan?lan ana bilgisayar yan?t vermedi?inden bir ba?lant? kurulamad?.","False","0","False","False","0","False"
"d02f514d-e0e9-491f-b8d4-72c89c73fe78","MANIFEST_BOUND","hmail-perf-pair-service-20260901","06EFCBA9520D478A6DAC7ABB7F09F3B63D015A0CD5ECA1EB4D0FD2CC8C38F9FD","cpp","hmail_perf_pair_cpp_20260831_head3","C:\hmail-perf-pair-service-20260901\cpp\Data","B3DF9E8BBF4BEDB1102C94DF7C86356E1FEABCBC02A18E8EABEB1EA1453D09B8",,,"one TCP client and one sequential IMAP session per sample","0","PASS","45FA907CE0D3797C1E13EBB2F03F076A25656CCE27E801C18F745ACD3944FBBD","5136EEC556F9790732AE759EF52F77FE6172329EA55787A80300C4A824107E46","1","165","False","False","5011.71","Aktarma ba?lant?s?ndan veriler okunamad?: Ba?lan?lan uygun olarak belli bir s?re i?inde yan?t vermedi?inden veya kurulan
ba?lant? ba?lan?lan ana bilgisayar yan?t vermedi?inden bir ba?lant? kurulamad?.","False","0","False","False","0","False"
"d02f514d-e0e9-491f-b8d4-72c89c73fe78","MANIFEST_BOUND","hmail-perf-pair-service-20260901","06EFCBA9520D478A6DAC7ABB7F09F3B63D015A0CD5ECA1EB4D0FD2CC8C38F9FD","cpp","hmail_perf_pair_cpp_20260831_head3","C:\hmail-perf-pair-service-20260901\cpp\Data","B3DF9E8BBF4BEDB1102C94DF7C86356E1FEABCBC02A18E8EABEB1EA1453D09B8",,,"one TCP client and one sequential IMAP session per sample","0","PASS","45FA907CE0D3797C1E13EBB2F03F076A25656CCE27E801C18F745ACD3944FBBD","5136EEC556F9790732AE759EF52F77FE6172329EA55787A80300C4A824107E46","1","166","False","False","5009.348","Aktarma ba?lant?s?ndan veriler okunamad?: Ba?lan?lan uygun olarak belli bir s?re i?inde yan?t vermedi?inden veya kurulan
ba?lant? ba?lan?lan ana bilgisayar yan?t vermedi?inden bir ba?lant? kurulamad?.","False","0","False","False","0","False"
"d02f514d-e0e9-491f-b8d4-72c89c73fe78","MANIFEST_BOUND","hmail-perf-pair-service-20260901","06EFCBA9520D478A6DAC7ABB7F09F3B63D015A0CD5ECA1EB4D0FD2CC8C38F9FD","cpp","hmail_perf_pair_cpp_20260831_head3","C:\hmail-perf-pair-service-20260901\cpp\Data","B3DF9E8BBF4BEDB1102C94DF7C86356E1FEABCBC02A18E8EABEB1EA1453D09B8",,,"one TCP client and one sequential IMAP session per sample","0","PASS","45FA907CE0D3797C1E13EBB2F03F076A25656CCE27E801C18F745ACD3944FBBD","5136EEC556F9790732AE759EF52F77FE6172329EA55787A80300C4A824107E46","1","167","False","False","5014.699","Aktarma ba?lant?s?ndan veriler okunamad?: Ba?lan?lan uygun olarak belli bir s?re i?inde yan?t vermedi?inden veya kurulan
ba?lant? ba?lan?lan ana bilgisayar yan?t vermedi?inden bir ba?lant? kurulamad?.","False","0","False","False","0","False"
"d02f514d-e0e9-491f-b8d4-72c89c73fe78","MANIFEST_BOUND","hmail-perf-pair-service-20260901","06EFCBA9520D478A6DAC7ABB7F09F3B63D015A0CD5ECA1EB4D0FD2CC8C38F9FD","cpp","hmail_perf_pair_cpp_20260831_head3","C:\hmail-perf-pair-service-20260901\cpp\Data","B3DF9E8BBF4BEDB1102C94DF7C86356E1FEABCBC02A18E8EABEB1EA1453D09B8",,,"one TCP client and one sequential IMAP session per sample","0","PASS","45FA907CE0D3797C1E13EBB2F03F076A25656CCE27E801C18F745ACD3944FBBD","5136EEC556F9790732AE759EF52F77FE6172329EA55787A80300C4A824107E46","1","168","False","False","5008.834","Aktarma ba?lant?s?ndan veriler okunamad?: Ba?lan?lan uygun olarak belli bir s?re i?inde yan?t vermedi?inden veya kurulan
ba?lant? ba?lan?lan ana bilgisayar yan?t vermedi?inden bir ba?lant? kurulamad?.","False","0","False","False","0","False"
"d02f514d-e0e9-491f-b8d4-72c89c73fe78","MANIFEST_BOUND","hmail-perf-pair-service-20260901","06EFCBA9520D478A6DAC7ABB7F09F3B63D015A0CD5ECA1EB4D0FD2CC8C38F9FD","cpp","hmail_perf_pair_cpp_20260831_head3","C:\hmail-perf-pair-service-20260901\cpp\Data","B3DF9E8BBF4BEDB1102C94DF7C86356E1FEABCBC02A18E8EABEB1EA1453D09B8",,,"one TCP client and one sequential IMAP session per sample","0","PASS","45FA907CE0D3797C1E13EBB2F03F076A25656CCE27E801C18F745ACD3944FBBD","5136EEC556F9790732AE759EF52F77FE6172329EA55787A80300C4A824107E46","1","169","False","False","5010.03","Aktarma ba?lant?s?ndan veriler okunamad?: Ba?lan?lan uygun olarak belli bir s?re i?inde yan?t vermedi?inden veya kurulan
ba?lant? ba?lan?lan ana bilgisayar yan?t vermedi?inden bir ba?lant? kurulamad?.","False","0","False","False","0","False"
"d02f514d-e0e9-491f-b8d4-72c89c73fe78","MANIFEST_BOUND","hmail-perf-pair-service-20260901","06EFCBA9520D478A6DAC7ABB7F09F3B63D015A0CD5ECA1EB4D0FD2CC8C38F9FD","cpp","hmail_perf_pair_cpp_20260831_head3","C:\hmail-perf-pair-service-20260901\cpp\Data","B3DF9E8BBF4BEDB1102C94DF7C86356E1FEABCBC02A18E8EABEB1EA1453D09B8",,,"one TCP client and one sequential IMAP session per sample","0","PASS","45FA907CE0D3797C1E13EBB2F03F076A25656CCE27E801C18F745ACD3944FBBD","5136EEC556F9790732AE759EF52F77FE6172329EA55787A80300C4A824107E46","1","170","False","False","5010.814","Aktarma ba?lant?s?ndan veriler okunamad?: Ba?lan?lan uygun olarak belli bir s?re i?inde yan?t vermedi?inden veya kurulan
ba?lant? ba?lan?lan ana bilgisayar yan?t vermedi?inden bir ba?lant? kurulamad?.","False","0","False","False","0","False"
"d02f514d-e0e9-491f-b8d4-72c89c73fe78","MANIFEST_BOUND","hmail-perf-pair-service-20260901","06EFCBA9520D478A6DAC7ABB7F09F3B63D015A0CD5ECA1EB4D0FD2CC8C38F9FD","cpp","hmail_perf_pair_cpp_20260831_head3","C:\hmail-perf-pair-service-20260901\cpp\Data","B3DF9E8BBF4BEDB1102C94DF7C86356E1FEABCBC02A18E8EABEB1EA1453D09B8",,,"one TCP client and one sequential IMAP session per sample","0","PASS","45FA907CE0D3797C1E13EBB2F03F076A25656CCE27E801C18F745ACD3944FBBD","5136EEC556F9790732AE759EF52F77FE6172329EA55787A80300C4A824107E46","1","171","False","False","5013.652","Aktarma ba?lant?s?ndan veriler okunamad?: Ba?lan?lan uygun olarak belli bir s?re i?inde yan?t vermedi?inden veya kurulan
ba?lant? ba?lan?lan ana bilgisayar yan?t vermedi?inden bir ba?lant? kurulamad?.","False","0","False","False","0","False"
"d02f514d-e0e9-491f-b8d4-72c89c73fe78","MANIFEST_BOUND","hmail-perf-pair-service-20260901","06EFCBA9520D478A6DAC7ABB7F09F3B63D015A0CD5ECA1EB4D0FD2CC8C38F9FD","cpp","hmail_perf_pair_cpp_20260831_head3","C:\hmail-perf-pair-service-20260901\cpp\Data","B3DF9E8BBF4BEDB1102C94DF7C86356E1FEABCBC02A18E8EABEB1EA1453D09B8",,,"one TCP client and one sequential IMAP session per sample","0","PASS","45FA907CE0D3797C1E13EBB2F03F076A25656CCE27E801C18F745ACD3944FBBD","5136EEC556F9790732AE759EF52F77FE6172329EA55787A80300C4A824107E46","1","172","False","False","5013.64","Aktarma ba?lant?s?ndan veriler okunamad?: Ba?lan?lan uygun olarak belli bir s?re i?inde yan?t vermedi?inden veya kurulan
ba?lant? ba?lan?lan ana bilgisayar yan?t vermedi?inden bir ba?lant? kurulamad?.","False","0","False","False","0","False"
"d02f514d-e0e9-491f-b8d4-72c89c73fe78","MANIFEST_BOUND","hmail-perf-pair-service-20260901","06EFCBA9520D478A6DAC7ABB7F09F3B63D015A0CD5ECA1EB4D0FD2CC8C38F9FD","cpp","hmail_perf_pair_cpp_20260831_head3","C:\hmail-perf-pair-service-20260901\cpp\Data","B3DF9E8BBF4BEDB1102C94DF7C86356E1FEABCBC02A18E8EABEB1EA1453D09B8",,,"one TCP client and one sequential IMAP session per sample","0","PASS","45FA907CE0D3797C1E13EBB2F03F076A25656CCE27E801C18F745ACD3944FBBD","5136EEC556F9790732AE759EF52F77FE6172329EA55787A80300C4A824107E46","1","173","False","False","5010.286","Aktarma ba?lant?s?ndan veriler okunamad?: Ba?lan?lan uygun olarak belli bir s?re i?inde yan?t vermedi?inden veya kurulan
ba?lant? ba?lan?lan ana bilgisayar yan?t vermedi?inden bir ba?lant? kurulamad?.","False","0","False","False","0","False"
"d02f514d-e0e9-491f-b8d4-72c89c73fe78","MANIFEST_BOUND","hmail-perf-pair-service-20260901","06EFCBA9520D478A6DAC7ABB7F09F3B63D015A0CD5ECA1EB4D0FD2CC8C38F9FD","cpp","hmail_perf_pair_cpp_20260831_head3","C:\hmail-perf-pair-service-20260901\cpp\Data","B3DF9E8BBF4BEDB1102C94DF7C86356E1FEABCBC02A18E8EABEB1EA1453D09B8",,,"one TCP client and one sequential IMAP session per sample","0","PASS","45FA907CE0D3797C1E13EBB2F03F076A25656CCE27E801C18F745ACD3944FBBD","5136EEC556F9790732AE759EF52F77FE6172329EA55787A80300C4A824107E46","1","174","False","False","5013.928","Aktarma ba?lant?s?ndan veriler okunamad?: Ba?lan?lan uygun olarak belli bir s?re i?inde yan?t vermedi?inden veya kurulan
ba?lant? ba?lan?lan ana bilgisayar yan?t vermedi?inden bir ba?lant? kurulamad?.","False","0","False","False","0","False"
"d02f514d-e0e9-491f-b8d4-72c89c73fe78","MANIFEST_BOUND","hmail-perf-pair-service-20260901","06EFCBA9520D478A6DAC7ABB7F09F3B63D015A0CD5ECA1EB4D0FD2CC8C38F9FD","cpp","hmail_perf_pair_cpp_20260831_head3","C:\hmail-perf-pair-service-20260901\cpp\Data","B3DF9E8BBF4BEDB1102C94DF7C86356E1FEABCBC02A18E8EABEB1EA1453D09B8",,,"one TCP client and one sequential IMAP session per sample","0","PASS","45FA907CE0D3797C1E13EBB2F03F076A25656CCE27E801C18F745ACD3944FBBD","5136EEC556F9790732AE759EF52F77FE6172329EA55787A80300C4A824107E46","1","175","False","False","5014.608","Aktarma ba?lant?s?ndan veriler okunamad?: Ba?lan?lan uygun olarak belli bir s?re i?inde yan?t vermedi?inden veya kurulan
ba?lant? ba?lan?lan ana bilgisayar yan?t vermedi?inden bir ba?lant? kurulamad?.","False","0","False","False","0","False"
"d02f514d-e0e9-491f-b8d4-72c89c73fe78","MANIFEST_BOUND","hmail-perf-pair-service-20260901","06EFCBA9520D478A6DAC7ABB7F09F3B63D015A0CD5ECA1EB4D0FD2CC8C38F9FD","cpp","hmail_perf_pair_cpp_20260831_head3","C:\hmail-perf-pair-service-20260901\cpp\Data","B3DF9E8BBF4BEDB1102C94DF7C86356E1FEABCBC02A18E8EABEB1EA1453D09B8",,,"one TCP client and one sequential IMAP session per sample","0","PASS","45FA907CE0D3797C1E13EBB2F03F076A25656CCE27E801C18F745ACD3944FBBD","5136EEC556F9790732AE759EF52F77FE6172329EA55787A80300C4A824107E46","1","176","False","False","5010.554","Aktarma ba?lant?s?ndan veriler okunamad?: Ba?lan?lan uygun olarak belli bir s?re i?inde yan?t vermedi?inden veya kurulan
ba?lant? ba?lan?lan ana bilgisayar yan?t vermedi?inden bir ba?lant? kurulamad?.","False","0","False","False","0","False"
"d02f514d-e0e9-491f-b8d4-72c89c73fe78","MANIFEST_BOUND","hmail-perf-pair-service-20260901","06EFCBA9520D478A6DAC7ABB7F09F3B63D015A0CD5ECA1EB4D0FD2CC8C38F9FD","cpp","hmail_perf_pair_cpp_20260831_head3","C:\hmail-perf-pair-service-20260901\cpp\Data","B3DF9E8BBF4BEDB1102C94DF7C86356E1FEABCBC02A18E8EABEB1EA1453D09B8",,,"one TCP client and one sequential IMAP session per sample","0","PASS","45FA907CE0D3797C1E13EBB2F03F076A25656CCE27E801C18F745ACD3944FBBD","5136EEC556F9790732AE759EF52F77FE6172329EA55787A80300C4A824107E46","1","177","False","False","5008.697","Aktarma ba?lant?s?ndan veriler okunamad?: Ba?lan?lan uygun olarak belli bir s?re i?inde yan?t vermedi?inden veya kurulan
ba?lant? ba?lan?lan ana bilgisayar yan?t vermedi?inden bir ba?lant? kurulamad?.","False","0","False","False","0","False"
"d02f514d-e0e9-491f-b8d4-72c89c73fe78","MANIFEST_BOUND","hmail-perf-pair-service-20260901","06EFCBA9520D478A6DAC7ABB7F09F3B63D015A0CD5ECA1EB4D0FD2CC8C38F9FD","cpp","hmail_perf_pair_cpp_20260831_head3","C:\hmail-perf-pair-service-20260901\cpp\Data","B3DF9E8BBF4BEDB1102C94DF7C86356E1FEABCBC02A18E8EABEB1EA1453D09B8",,,"one TCP client and one sequential IMAP session per sample","0","PASS","45FA907CE0D3797C1E13EBB2F03F076A25656CCE27E801C18F745ACD3944FBBD","5136EEC556F9790732AE759EF52F77FE6172329EA55787A80300C4A824107E46","1","178","False","False","5009.342","Aktarma ba?lant?s?ndan veriler okunamad?: Ba?lan?lan uygun olarak belli bir s?re i?inde yan?t vermedi?inden veya kurulan
ba?lant? ba?lan?lan ana bilgisayar yan?t vermedi?inden bir ba?lant? kurulamad?.","False","0","False","False","0","False"
"d02f514d-e0e9-491f-b8d4-72c89c73fe78","MANIFEST_BOUND","hmail-perf-pair-service-20260901","06EFCBA9520D478A6DAC7ABB7F09F3B63D015A0CD5ECA1EB4D0FD2CC8C38F9FD","cpp","hmail_perf_pair_cpp_20260831_head3","C:\hmail-perf-pair-service-20260901\cpp\Data","B3DF9E8BBF4BEDB1102C94DF7C86356E1FEABCBC02A18E8EABEB1EA1453D09B8",,,"one TCP client and one sequential IMAP session per sample","0","PASS","45FA907CE0D3797C1E13EBB2F03F076A25656CCE27E801C18F745ACD3944FBBD","5136EEC556F9790732AE759EF52F77FE6172329EA55787A80300C4A824107E46","1","179","False","False","5010.506","Aktarma ba?lant?s?ndan veriler okunamad?: Ba?lan?lan uygun olarak belli bir s?re i?inde yan?t vermedi?inden veya kurulan
ba?lant? ba?lan?lan ana bilgisayar yan?t vermedi?inden bir ba?lant? kurulamad?.","False","0","False","False","0","False"
"d02f514d-e0e9-491f-b8d4-72c89c73fe78","MANIFEST_BOUND","hmail-perf-pair-service-20260901","06EFCBA9520D478A6DAC7ABB7F09F3B63D015A0CD5ECA1EB4D0FD2CC8C38F9FD","cpp","hmail_perf_pair_cpp_20260831_head3","C:\hmail-perf-pair-service-20260901\cpp\Data","B3DF9E8BBF4BEDB1102C94DF7C86356E1FEABCBC02A18E8EABEB1EA1453D09B8",,,"one TCP client and one sequential IMAP session per sample","0","PASS","45FA907CE0D3797C1E13EBB2F03F076A25656CCE27E801C18F745ACD3944FBBD","5136EEC556F9790732AE759EF52F77FE6172329EA55787A80300C4A824107E46","1","180","False","False","5008.461","Aktarma ba?lant?s?ndan veriler okunamad?: Ba?lan?lan uygun olarak belli bir s?re i?inde yan?t vermedi?inden veya kurulan
ba?lant? ba?lan?lan ana bilgisayar yan?t vermedi?inden bir ba?lant? kurulamad?.","False","0","False","False","0","False"
"d02f514d-e0e9-491f-b8d4-72c89c73fe78","MANIFEST_BOUND","hmail-perf-pair-service-20260901","06EFCBA9520D478A6DAC7ABB7F09F3B63D015A0CD5ECA1EB4D0FD2CC8C38F9FD","cpp","hmail_perf_pair_cpp_20260831_head3","C:\hmail-perf-pair-service-20260901\cpp\Data","B3DF9E8BBF4BEDB1102C94DF7C86356E1FEABCBC02A18E8EABEB1EA1453D09B8",,,"one TCP client and one sequential IMAP session per sample","0","PASS","45FA907CE0D3797C1E13EBB2F03F076A25656CCE27E801C18F745ACD3944FBBD","5136EEC556F9790732AE759EF52F77FE6172329EA55787A80300C4A824107E46","1","181","False","False","5010.071","Aktarma ba?lant?s?ndan veriler okunamad?: Ba?lan?lan uygun olarak belli bir s?re i?inde yan?t vermedi?inden veya kurulan
ba?lant? ba?lan?lan ana bilgisayar yan?t vermedi?inden bir ba?lant? kurulamad?.","False","0","False","False","0","False"
"d02f514d-e0e9-491f-b8d4-72c89c73fe78","MANIFEST_BOUND","hmail-perf-pair-service-20260901","06EFCBA9520D478A6DAC7ABB7F09F3B63D015A0CD5ECA1EB4D0FD2CC8C38F9FD","cpp","hmail_perf_pair_cpp_20260831_head3","C:\hmail-perf-pair-service-20260901\cpp\Data","B3DF9E8BBF4BEDB1102C94DF7C86356E1FEABCBC02A18E8EABEB1EA1453D09B8",,,"one TCP client and one sequential IMAP session per sample","0","PASS","45FA907CE0D3797C1E13EBB2F03F076A25656CCE27E801C18F745ACD3944FBBD","5136EEC556F9790732AE759EF52F77FE6172329EA55787A80300C4A824107E46","1","182","False","False","5008.458","Aktarma ba?lant?s?ndan veriler okunamad?: Ba?lan?lan uygun olarak belli bir s?re i?inde yan?t vermedi?inden veya kurulan
ba?lant? ba?lan?lan ana bilgisayar yan?t vermedi?inden bir ba?lant? kurulamad?.","False","0","False","False","0","False"
"d02f514d-e0e9-491f-b8d4-72c89c73fe78","MANIFEST_BOUND","hmail-perf-pair-service-20260901","06EFCBA9520D478A6DAC7ABB7F09F3B63D015A0CD5ECA1EB4D0FD2CC8C38F9FD","cpp","hmail_perf_pair_cpp_20260831_head3","C:\hmail-perf-pair-service-20260901\cpp\Data","B3DF9E8BBF4BEDB1102C94DF7C86356E1FEABCBC02A18E8EABEB1EA1453D09B8",,,"one TCP client and one sequential IMAP session per sample","0","PASS","45FA907CE0D3797C1E13EBB2F03F076A25656CCE27E801C18F745ACD3944FBBD","5136EEC556F9790732AE759EF52F77FE6172329EA55787A80300C4A824107E46","1","183","False","False","5008.448","Aktarma ba?lant?s?ndan veriler okunamad?: Ba?lan?lan uygun olarak belli bir s?re i?inde yan?t vermedi?inden veya kurulan
ba?lant? ba?lan?lan ana bilgisayar yan?t vermedi?inden bir ba?lant? kurulamad?.","False","0","False","False","0","False"
"d02f514d-e0e9-491f-b8d4-72c89c73fe78","MANIFEST_BOUND","hmail-perf-pair-service-20260901","06EFCBA9520D478A6DAC7ABB7F09F3B63D015A0CD5ECA1EB4D0FD2CC8C38F9FD","cpp","hmail_perf_pair_cpp_20260831_head3","C:\hmail-perf-pair-service-20260901\cpp\Data","B3DF9E8BBF4BEDB1102C94DF7C86356E1FEABCBC02A18E8EABEB1EA1453D09B8",,,"one TCP client and one sequential IMAP session per sample","0","PASS","45FA907CE0D3797C1E13EBB2F03F076A25656CCE27E801C18F745ACD3944FBBD","5136EEC556F9790732AE759EF52F77FE6172329EA55787A80300C4A824107E46","1","184","False","False","5010.871","Aktarma ba?lant?s?ndan veriler okunamad?: Ba?lan?lan uygun olarak belli bir s?re i?inde yan?t vermedi?inden veya kurulan
ba?lant? ba?lan?lan ana bilgisayar yan?t vermedi?inden bir ba?lant? kurulamad?.","False","0","False","False","0","False"
"d02f514d-e0e9-491f-b8d4-72c89c73fe78","MANIFEST_BOUND","hmail-perf-pair-service-20260901","06EFCBA9520D478A6DAC7ABB7F09F3B63D015A0CD5ECA1EB4D0FD2CC8C38F9FD","cpp","hmail_perf_pair_cpp_20260831_head3","C:\hmail-perf-pair-service-20260901\cpp\Data","B3DF9E8BBF4BEDB1102C94DF7C86356E1FEABCBC02A18E8EABEB1EA1453D09B8",,,"one TCP client and one sequential IMAP session per sample","0","PASS","45FA907CE0D3797C1E13EBB2F03F076A25656CCE27E801C18F745ACD3944FBBD","5136EEC556F9790732AE759EF52F77FE6172329EA55787A80300C4A824107E46","1","185","False","False","5008.378","Aktarma ba?lant?s?ndan veriler okunamad?: Ba?lan?lan uygun olarak belli bir s?re i?inde yan?t vermedi?inden veya kurulan
ba?lant? ba?lan?lan ana bilgisayar yan?t vermedi?inden bir ba?lant? kurulamad?.","False","0","False","False","0","False"
"d02f514d-e0e9-491f-b8d4-72c89c73fe78","MANIFEST_BOUND","hmail-perf-pair-service-20260901","06EFCBA9520D478A6DAC7ABB7F09F3B63D015A0CD5ECA1EB4D0FD2CC8C38F9FD","cpp","hmail_perf_pair_cpp_20260831_head3","C:\hmail-perf-pair-service-20260901\cpp\Data","B3DF9E8BBF4BEDB1102C94DF7C86356E1FEABCBC02A18E8EABEB1EA1453D09B8",,,"one TCP client and one sequential IMAP session per sample","0","PASS","45FA907CE0D3797C1E13EBB2F03F076A25656CCE27E801C18F745ACD3944FBBD","5136EEC556F9790732AE759EF52F77FE6172329EA55787A80300C4A824107E46","1","186","False","False","5012.164","Aktarma ba?lant?s?ndan veriler okunamad?: Ba?lan?lan uygun olarak belli bir s?re i?inde yan?t vermedi?inden veya kurulan
ba?lant? ba?lan?lan ana bilgisayar yan?t vermedi?inden bir ba?lant? kurulamad?.","False","0","False","False","0","False"
"d02f514d-e0e9-491f-b8d4-72c89c73fe78","MANIFEST_BOUND","hmail-perf-pair-service-20260901","06EFCBA9520D478A6DAC7ABB7F09F3B63D015A0CD5ECA1EB4D0FD2CC8C38F9FD","cpp","hmail_perf_pair_cpp_20260831_head3","C:\hmail-perf-pair-service-20260901\cpp\Data","B3DF9E8BBF4BEDB1102C94DF7C86356E1FEABCBC02A18E8EABEB1EA1453D09B8",,,"one TCP client and one sequential IMAP session per sample","0","PASS","45FA907CE0D3797C1E13EBB2F03F076A25656CCE27E801C18F745ACD3944FBBD","5136EEC556F9790732AE759EF52F77FE6172329EA55787A80300C4A824107E46","1","187","False","False","5009.492","Aktarma ba?lant?s?ndan veriler okunamad?: Ba?lan?lan uygun olarak belli bir s?re i?inde yan?t vermedi?inden veya kurulan
ba?lant? ba?lan?lan ana bilgisayar yan?t vermedi?inden bir ba?lant? kurulamad?.","False","0","False","False","0","False"
"d02f514d-e0e9-491f-b8d4-72c89c73fe78","MANIFEST_BOUND","hmail-perf-pair-service-20260901","06EFCBA9520D478A6DAC7ABB7F09F3B63D015A0CD5ECA1EB4D0FD2CC8C38F9FD","cpp","hmail_perf_pair_cpp_20260831_head3","C:\hmail-perf-pair-service-20260901\cpp\Data","B3DF9E8BBF4BEDB1102C94DF7C86356E1FEABCBC02A18E8EABEB1EA1453D09B8",,,"one TCP client and one sequential IMAP session per sample","0","PASS","45FA907CE0D3797C1E13EBB2F03F076A25656CCE27E801C18F745ACD3944FBBD","5136EEC556F9790732AE759EF52F77FE6172329EA55787A80300C4A824107E46","1","188","False","False","5011.963","Aktarma ba?lant?s?ndan veriler okunamad?: Ba?lan?lan uygun olarak belli bir s?re i?inde yan?t vermedi?inden veya kurulan
ba?lant? ba?lan?lan ana bilgisayar yan?t vermedi?inden bir ba?lant? kurulamad?.","False","0","False","False","0","False"
"d02f514d-e0e9-491f-b8d4-72c89c73fe78","MANIFEST_BOUND","hmail-perf-pair-service-20260901","06EFCBA9520D478A6DAC7ABB7F09F3B63D015A0CD5ECA1EB4D0FD2CC8C38F9FD","cpp","hmail_perf_pair_cpp_20260831_head3","C:\hmail-perf-pair-service-20260901\cpp\Data","B3DF9E8BBF4BEDB1102C94DF7C86356E1FEABCBC02A18E8EABEB1EA1453D09B8",,,"one TCP client and one sequential IMAP session per sample","0","PASS","45FA907CE0D3797C1E13EBB2F03F076A25656CCE27E801C18F745ACD3944FBBD","5136EEC556F9790732AE759EF52F77FE6172329EA55787A80300C4A824107E46","1","189","False","False","5011.954","Aktarma ba?lant?s?ndan veriler okunamad?: Ba?lan?lan uygun olarak belli bir s?re i?inde yan?t vermedi?inden veya kurulan
ba?lant? ba?lan?lan ana bilgisayar yan?t vermedi?inden bir ba?lant? kurulamad?.","False","0","False","False","0","False"
"d02f514d-e0e9-491f-b8d4-72c89c73fe78","MANIFEST_BOUND","hmail-perf-pair-service-20260901","06EFCBA9520D478A6DAC7ABB7F09F3B63D015A0CD5ECA1EB4D0FD2CC8C38F9FD","cpp","hmail_perf_pair_cpp_20260831_head3","C:\hmail-perf-pair-service-20260901\cpp\Data","B3DF9E8BBF4BEDB1102C94DF7C86356E1FEABCBC02A18E8EABEB1EA1453D09B8",,,"one TCP client and one sequential IMAP session per sample","0","PASS","45FA907CE0D3797C1E13EBB2F03F076A25656CCE27E801C18F745ACD3944FBBD","5136EEC556F9790732AE759EF52F77FE6172329EA55787A80300C4A824107E46","1","190","False","False","5012.259","Aktarma ba?lant?s?ndan veriler okunamad?: Ba?lan?lan uygun olarak belli bir s?re i?inde yan?t vermedi?inden veya kurulan
ba?lant? ba?lan?lan ana bilgisayar yan?t vermedi?inden bir ba?lant? kurulamad?.","False","0","False","False","0","False"
"d02f514d-e0e9-491f-b8d4-72c89c73fe78","MANIFEST_BOUND","hmail-perf-pair-service-20260901","06EFCBA9520D478A6DAC7ABB7F09F3B63D015A0CD5ECA1EB4D0FD2CC8C38F9FD","cpp","hmail_perf_pair_cpp_20260831_head3","C:\hmail-perf-pair-service-20260901\cpp\Data","B3DF9E8BBF4BEDB1102C94DF7C86356E1FEABCBC02A18E8EABEB1EA1453D09B8",,,"one TCP client and one sequential IMAP session per sample","0","PASS","45FA907CE0D3797C1E13EBB2F03F076A25656CCE27E801C18F745ACD3944FBBD","5136EEC556F9790732AE759EF52F77FE6172329EA55787A80300C4A824107E46","1","191","False","False","5013.839","Aktarma ba?lant?s?ndan veriler okunamad?: Ba?lan?lan uygun olarak belli bir s?re i?inde yan?t vermedi?inden veya kurulan
ba?lant? ba?lan?lan ana bilgisayar yan?t vermedi?inden bir ba?lant? kurulamad?.","False","0","False","False","0","False"
"d02f514d-e0e9-491f-b8d4-72c89c73fe78","MANIFEST_BOUND","hmail-perf-pair-service-20260901","06EFCBA9520D478A6DAC7ABB7F09F3B63D015A0CD5ECA1EB4D0FD2CC8C38F9FD","cpp","hmail_perf_pair_cpp_20260831_head3","C:\hmail-perf-pair-service-20260901\cpp\Data","B3DF9E8BBF4BEDB1102C94DF7C86356E1FEABCBC02A18E8EABEB1EA1453D09B8",,,"one TCP client and one sequential IMAP session per sample","0","PASS","45FA907CE0D3797C1E13EBB2F03F076A25656CCE27E801C18F745ACD3944FBBD","5136EEC556F9790732AE759EF52F77FE6172329EA55787A80300C4A824107E46","1","192","False","False","5010.668","Aktarma ba?lant?s?ndan veriler okunamad?: Ba?lan?lan uygun olarak belli bir s?re i?inde yan?t vermedi?inden veya kurulan
ba?lant? ba?lan?lan ana bilgisayar yan?t vermedi?inden bir ba?lant? kurulamad?.","False","0","False","False","0","False"
"d02f514d-e0e9-491f-b8d4-72c89c73fe78","MANIFEST_BOUND","hmail-perf-pair-service-20260901","06EFCBA9520D478A6DAC7ABB7F09F3B63D015A0CD5ECA1EB4D0FD2CC8C38F9FD","cpp","hmail_perf_pair_cpp_20260831_head3","C:\hmail-perf-pair-service-20260901\cpp\Data","B3DF9E8BBF4BEDB1102C94DF7C86356E1FEABCBC02A18E8EABEB1EA1453D09B8",,,"one TCP client and one sequential IMAP session per sample","0","PASS","45FA907CE0D3797C1E13EBB2F03F076A25656CCE27E801C18F745ACD3944FBBD","5136EEC556F9790732AE759EF52F77FE6172329EA55787A80300C4A824107E46","1","193","False","False","5010.808","Aktarma ba?lant?s?ndan veriler okunamad?: Ba?lan?lan uygun olarak belli bir s?re i?inde yan?t vermedi?inden veya kurulan
ba?lant? ba?lan?lan ana bilgisayar yan?t vermedi?inden bir ba?lant? kurulamad?.","False","0","False","False","0","False"
"d02f514d-e0e9-491f-b8d4-72c89c73fe78","MANIFEST_BOUND","hmail-perf-pair-service-20260901","06EFCBA9520D478A6DAC7ABB7F09F3B63D015A0CD5ECA1EB4D0FD2CC8C38F9FD","cpp","hmail_perf_pair_cpp_20260831_head3","C:\hmail-perf-pair-service-20260901\cpp\Data","B3DF9E8BBF4BEDB1102C94DF7C86356E1FEABCBC02A18E8EABEB1EA1453D09B8",,,"one TCP client and one sequential IMAP session per sample","0","PASS","45FA907CE0D3797C1E13EBB2F03F076A25656CCE27E801C18F745ACD3944FBBD","5136EEC556F9790732AE759EF52F77FE6172329EA55787A80300C4A824107E46","1","194","False","False","5010.574","Aktarma ba?lant?s?ndan veriler okunamad?: Ba?lan?lan uygun olarak belli bir s?re i?inde yan?t vermedi?inden veya kurulan
ba?lant? ba?lan?lan ana bilgisayar yan?t vermedi?inden bir ba?lant? kurulamad?.","False","0","False","False","0","False"
"d02f514d-e0e9-491f-b8d4-72c89c73fe78","MANIFEST_BOUND","hmail-perf-pair-service-20260901","06EFCBA9520D478A6DAC7ABB7F09F3B63D015A0CD5ECA1EB4D0FD2CC8C38F9FD","cpp","hmail_perf_pair_cpp_20260831_head3","C:\hmail-perf-pair-service-20260901\cpp\Data","B3DF9E8BBF4BEDB1102C94DF7C86356E1FEABCBC02A18E8EABEB1EA1453D09B8",,,"one TCP client and one sequential IMAP session per sample","0","PASS","45FA907CE0D3797C1E13EBB2F03F076A25656CCE27E801C18F745ACD3944FBBD","5136EEC556F9790732AE759EF52F77FE6172329EA55787A80300C4A824107E46","1","195","False","False","5009.592","Aktarma ba?lant?s?ndan veriler okunamad?: Ba?lan?lan uygun olarak belli bir s?re i?inde yan?t vermedi?inden veya kurulan
ba?lant? ba?lan?lan ana bilgisayar yan?t vermedi?inden bir ba?lant? kurulamad?.","False","0","False","False","0","False"
"d02f514d-e0e9-491f-b8d4-72c89c73fe78","MANIFEST_BOUND","hmail-perf-pair-service-20260901","06EFCBA9520D478A6DAC7ABB7F09F3B63D015A0CD5ECA1EB4D0FD2CC8C38F9FD","cpp","hmail_perf_pair_cpp_20260831_head3","C:\hmail-perf-pair-service-20260901\cpp\Data","B3DF9E8BBF4BEDB1102C94DF7C86356E1FEABCBC02A18E8EABEB1EA1453D09B8",,,"one TCP client and one sequential IMAP session per sample","0","PASS","45FA907CE0D3797C1E13EBB2F03F076A25656CCE27E801C18F745ACD3944FBBD","5136EEC556F9790732AE759EF52F77FE6172329EA55787A80300C4A824107E46","1","196","False","False","5012.893","Aktarma ba?lant?s?ndan veriler okunamad?: Ba?lan?lan uygun olarak belli bir s?re i?inde yan?t vermedi?inden veya kurulan
ba?lant? ba?lan?lan ana bilgisayar yan?t vermedi?inden bir ba?lant? kurulamad?.","False","0","False","False","0","False"
"d02f514d-e0e9-491f-b8d4-72c89c73fe78","MANIFEST_BOUND","hmail-perf-pair-service-20260901","06EFCBA9520D478A6DAC7ABB7F09F3B63D015A0CD5ECA1EB4D0FD2CC8C38F9FD","cpp","hmail_perf_pair_cpp_20260831_head3","C:\hmail-perf-pair-service-20260901\cpp\Data","B3DF9E8BBF4BEDB1102C94DF7C86356E1FEABCBC02A18E8EABEB1EA1453D09B8",,,"one TCP client and one sequential IMAP session per sample","0","PASS","45FA907CE0D3797C1E13EBB2F03F076A25656CCE27E801C18F745ACD3944FBBD","5136EEC556F9790732AE759EF52F77FE6172329EA55787A80300C4A824107E46","1","197","False","False","5008.276","Aktarma ba?lant?s?ndan veriler okunamad?: Ba?lan?lan uygun olarak belli bir s?re i?inde yan?t vermedi?inden veya kurulan
ba?lant? ba?lan?lan ana bilgisayar yan?t vermedi?inden bir ba?lant? kurulamad?.","False","0","False","False","0","False"
"d02f514d-e0e9-491f-b8d4-72c89c73fe78","MANIFEST_BOUND","hmail-perf-pair-service-20260901","06EFCBA9520D478A6DAC7ABB7F09F3B63D015A0CD5ECA1EB4D0FD2CC8C38F9FD","cpp","hmail_perf_pair_cpp_20260831_head3","C:\hmail-perf-pair-service-20260901\cpp\Data","B3DF9E8BBF4BEDB1102C94DF7C86356E1FEABCBC02A18E8EABEB1EA1453D09B8",,,"one TCP client and one sequential IMAP session per sample","0","PASS","45FA907CE0D3797C1E13EBB2F03F076A25656CCE27E801C18F745ACD3944FBBD","5136EEC556F9790732AE759EF52F77FE6172329EA55787A80300C4A824107E46","1","198","False","False","5010.825","Aktarma ba?lant?s?ndan veriler okunamad?: Ba?lan?lan uygun olarak belli bir s?re i?inde yan?t vermedi?inden veya kurulan
ba?lant? ba?lan?lan ana bilgisayar yan?t vermedi?inden bir ba?lant? kurulamad?.","False","0","False","False","0","False"
"d02f514d-e0e9-491f-b8d4-72c89c73fe78","MANIFEST_BOUND","hmail-perf-pair-service-20260901","06EFCBA9520D478A6DAC7ABB7F09F3B63D015A0CD5ECA1EB4D0FD2CC8C38F9FD","cpp","hmail_perf_pair_cpp_20260831_head3","C:\hmail-perf-pair-service-20260901\cpp\Data","B3DF9E8BBF4BEDB1102C94DF7C86356E1FEABCBC02A18E8EABEB1EA1453D09B8",,,"one TCP client and one sequential IMAP session per sample","0","PASS","45FA907CE0D3797C1E13EBB2F03F076A25656CCE27E801C18F745ACD3944FBBD","5136EEC556F9790732AE759EF52F77FE6172329EA55787A80300C4A824107E46","1","199","True","False","6179.873",,"True","1000","True","True","1000","True"
"d02f514d-e0e9-491f-b8d4-72c89c73fe78","MANIFEST_BOUND","hmail-perf-pair-service-20260901","06EFCBA9520D478A6DAC7ABB7F09F3B63D015A0CD5ECA1EB4D0FD2CC8C38F9FD","cpp","hmail_perf_pair_cpp_20260831_head3","C:\hmail-perf-pair-service-20260901\cpp\Data","B3DF9E8BBF4BEDB1102C94DF7C86356E1FEABCBC02A18E8EABEB1EA1453D09B8",,,"one TCP client and one sequential IMAP session per sample","0","PASS","45FA907CE0D3797C1E13EBB2F03F076A25656CCE27E801C18F745ACD3944FBBD","5136EEC556F9790732AE759EF52F77FE6172329EA55787A80300C4A824107E46","1","200","False","False","5010.518","Aktarma ba?lant?s?ndan veriler okunamad?: Ba?lan?lan uygun olarak belli bir s?re i?inde yan?t vermedi?inden veya kurulan
ba?lant? ba?lan?lan ana bilgisayar yan?t vermedi?inden bir ba?lant? kurulamad?.","False","0","False","False","0","False"
"d02f514d-e0e9-491f-b8d4-72c89c73fe78","MANIFEST_BOUND","hmail-perf-pair-service-20260901","06EFCBA9520D478A6DAC7ABB7F09F3B63D015A0CD5ECA1EB4D0FD2CC8C38F9FD","cpp","hmail_perf_pair_cpp_20260831_head3","C:\hmail-perf-pair-service-20260901\cpp\Data","B3DF9E8BBF4BEDB1102C94DF7C86356E1FEABCBC02A18E8EABEB1EA1453D09B8",,,"one TCP client and one sequential IMAP session per sample","0","PASS","45FA907CE0D3797C1E13EBB2F03F076A25656CCE27E801C18F745ACD3944FBBD","5136EEC556F9790732AE759EF52F77FE6172329EA55787A80300C4A824107E46","1","201","True","False","7552.652",,"True","1000","True","True","1000","True"
"d02f514d-e0e9-491f-b8d4-72c89c73fe78","MANIFEST_BOUND","hmail-perf-pair-service-20260901","06EFCBA9520D478A6DAC7ABB7F09F3B63D015A0CD5ECA1EB4D0FD2CC8C38F9FD","cpp","hmail_perf_pair_cpp_20260831_head3","C:\hmail-perf-pair-service-20260901\cpp\Data","B3DF9E8BBF4BEDB1102C94DF7C86356E1FEABCBC02A18E8EABEB1EA1453D09B8",,,"one TCP client and one sequential IMAP session per sample","0","PASS","45FA907CE0D3797C1E13EBB2F03F076A25656CCE27E801C18F745ACD3944FBBD","5136EEC556F9790732AE759EF52F77FE6172329EA55787A80300C4A824107E46","1","202","False","False","5012.729","Aktarma ba?lant?s?ndan veriler okunamad?: Ba?lan?lan uygun olarak belli bir s?re i?inde yan?t vermedi?inden veya kurulan
ba?lant? ba?lan?lan ana bilgisayar yan?t vermedi?inden bir ba?lant? kurulamad?.","False","0","False","False","0","False"
"d02f514d-e0e9-491f-b8d4-72c89c73fe78","MANIFEST_BOUND","hmail-perf-pair-service-20260901","06EFCBA9520D478A6DAC7ABB7F09F3B63D015A0CD5ECA1EB4D0FD2CC8C38F9FD","cpp","hmail_perf_pair_cpp_20260831_head3","C:\hmail-perf-pair-service-20260901\cpp\Data","B3DF9E8BBF4BEDB1102C94DF7C86356E1FEABCBC02A18E8EABEB1EA1453D09B8",,,"one TCP client and one sequential IMAP session per sample","0","PASS","45FA907CE0D3797C1E13EBB2F03F076A25656CCE27E801C18F745ACD3944FBBD","5136EEC556F9790732AE759EF52F77FE6172329EA55787A80300C4A824107E46","1","203","False","False","5007.594","Aktarma ba?lant?s?ndan veriler okunamad?: Ba?lan?lan uygun olarak belli bir s?re i?inde yan?t vermedi?inden veya kurulan
ba?lant? ba?lan?lan ana bilgisayar yan?t vermedi?inden bir ba?lant? kurulamad?.","False","0","False","False","0","False"
"d02f514d-e0e9-491f-b8d4-72c89c73fe78","MANIFEST_BOUND","hmail-perf-pair-service-20260901","06EFCBA9520D478A6DAC7ABB7F09F3B63D015A0CD5ECA1EB4D0FD2CC8C38F9FD","cpp","hmail_perf_pair_cpp_20260831_head3","C:\hmail-perf-pair-service-20260901\cpp\Data","B3DF9E8BBF4BEDB1102C94DF7C86356E1FEABCBC02A18E8EABEB1EA1453D09B8",,,"one TCP client and one sequential IMAP session per sample","0","PASS","45FA907CE0D3797C1E13EBB2F03F076A25656CCE27E801C18F745ACD3944FBBD","5136EEC556F9790732AE759EF52F77FE6172329EA55787A80300C4A824107E46","1","204","False","False","5008.196","Aktarma ba?lant?s?ndan veriler okunamad?: Ba?lan?lan uygun olarak belli bir s?re i?inde yan?t vermedi?inden veya kurulan
ba?lant? ba?lan?lan ana bilgisayar yan?t vermedi?inden bir ba?lant? kurulamad?.","False","0","False","False","0","False"
"d02f514d-e0e9-491f-b8d4-72c89c73fe78","MANIFEST_BOUND","hmail-perf-pair-service-20260901","06EFCBA9520D478A6DAC7ABB7F09F3B63D015A0CD5ECA1EB4D0FD2CC8C38F9FD","cpp","hmail_perf_pair_cpp_20260831_head3","C:\hmail-perf-pair-service-20260901\cpp\Data","B3DF9E8BBF4BEDB1102C94DF7C86356E1FEABCBC02A18E8EABEB1EA1453D09B8",,,"one TCP client and one sequential IMAP session per sample","0","PASS","45FA907CE0D3797C1E13EBB2F03F076A25656CCE27E801C18F745ACD3944FBBD","5136EEC556F9790732AE759EF52F77FE6172329EA55787A80300C4A824107E46","1","205","False","False","5013.571","Aktarma ba?lant?s?ndan veriler okunamad?: Ba?lan?lan uygun olarak belli bir s?re i?inde yan?t vermedi?inden veya kurulan
ba?lant? ba?lan?lan ana bilgisayar yan?t vermedi?inden bir ba?lant? kurulamad?.","False","0","False","False","0","False"
"d02f514d-e0e9-491f-b8d4-72c89c73fe78","MANIFEST_BOUND","hmail-perf-pair-service-20260901","06EFCBA9520D478A6DAC7ABB7F09F3B63D015A0CD5ECA1EB4D0FD2CC8C38F9FD","cpp","hmail_perf_pair_cpp_20260831_head3","C:\hmail-perf-pair-service-20260901\cpp\Data","B3DF9E8BBF4BEDB1102C94DF7C86356E1FEABCBC02A18E8EABEB1EA1453D09B8",,,"one TCP client and one sequential IMAP session per sample","0","PASS","45FA907CE0D3797C1E13EBB2F03F076A25656CCE27E801C18F745ACD3944FBBD","5136EEC556F9790732AE759EF52F77FE6172329EA55787A80300C4A824107E46","1","206","False","False","5012.256","Aktarma ba?lant?s?ndan veriler okunamad?: Ba?lan?lan uygun olarak belli bir s?re i?inde yan?t vermedi?inden veya kurulan
ba?lant? ba?lan?lan ana bilgisayar yan?t vermedi?inden bir ba?lant? kurulamad?.","False","0","False","False","0","False"
"d02f514d-e0e9-491f-b8d4-72c89c73fe78","MANIFEST_BOUND","hmail-perf-pair-service-20260901","06EFCBA9520D478A6DAC7ABB7F09F3B63D015A0CD5ECA1EB4D0FD2CC8C38F9FD","cpp","hmail_perf_pair_cpp_20260831_head3","C:\hmail-perf-pair-service-20260901\cpp\Data","B3DF9E8BBF4BEDB1102C94DF7C86356E1FEABCBC02A18E8EABEB1EA1453D09B8",,,"one TCP client and one sequential IMAP session per sample","0","PASS","45FA907CE0D3797C1E13EBB2F03F076A25656CCE27E801C18F745ACD3944FBBD","5136EEC556F9790732AE759EF52F77FE6172329EA55787A80300C4A824107E46","1","207","False","False","5012.556","Aktarma ba?lant?s?ndan veriler okunamad?: Ba?lan?lan uygun olarak belli bir s?re i?inde yan?t vermedi?inden veya kurulan
ba?lant? ba?lan?lan ana bilgisayar yan?t vermedi?inden bir ba?lant? kurulamad?.","False","0","False","False","0","False"
"d02f514d-e0e9-491f-b8d4-72c89c73fe78","MANIFEST_BOUND","hmail-perf-pair-service-20260901","06EFCBA9520D478A6DAC7ABB7F09F3B63D015A0CD5ECA1EB4D0FD2CC8C38F9FD","cpp","hmail_perf_pair_cpp_20260831_head3","C:\hmail-perf-pair-service-20260901\cpp\Data","B3DF9E8BBF4BEDB1102C94DF7C86356E1FEABCBC02A18E8EABEB1EA1453D09B8",,,"one TCP client and one sequential IMAP session per sample","0","PASS","45FA907CE0D3797C1E13EBB2F03F076A25656CCE27E801C18F745ACD3944FBBD","5136EEC556F9790732AE759EF52F77FE6172329EA55787A80300C4A824107E46","1","208","False","False","5008.047","Aktarma ba?lant?s?ndan veriler okunamad?: Ba?lan?lan uygun olarak belli bir s?re i?inde yan?t vermedi?inden veya kurulan
ba?lant? ba?lan?lan ana bilgisayar yan?t vermedi?inden bir ba?lant? kurulamad?.","False","0","False","False","0","False"
"d02f514d-e0e9-491f-b8d4-72c89c73fe78","MANIFEST_BOUND","hmail-perf-pair-service-20260901","06EFCBA9520D478A6DAC7ABB7F09F3B63D015A0CD5ECA1EB4D0FD2CC8C38F9FD","cpp","hmail_perf_pair_cpp_20260831_head3","C:\hmail-perf-pair-service-20260901\cpp\Data","B3DF9E8BBF4BEDB1102C94DF7C86356E1FEABCBC02A18E8EABEB1EA1453D09B8",,,"one TCP client and one sequential IMAP session per sample","0","PASS","45FA907CE0D3797C1E13EBB2F03F076A25656CCE27E801C18F745ACD3944FBBD","5136EEC556F9790732AE759EF52F77FE6172329EA55787A80300C4A824107E46","1","209","False","False","5008.01","Aktarma ba?lant?s?ndan veriler okunamad?: Ba?lan?lan uygun olarak belli bir s?re i?inde yan?t vermedi?inden veya kurulan
ba?lant? ba?lan?lan ana bilgisayar yan?t vermedi?inden bir ba?lant? kurulamad?.","False","0","False","False","0","False"
"d02f514d-e0e9-491f-b8d4-72c89c73fe78","MANIFEST_BOUND","hmail-perf-pair-service-20260901","06EFCBA9520D478A6DAC7ABB7F09F3B63D015A0CD5ECA1EB4D0FD2CC8C38F9FD","cpp","hmail_perf_pair_cpp_20260831_head3","C:\hmail-perf-pair-service-20260901\cpp\Data","B3DF9E8BBF4BEDB1102C94DF7C86356E1FEABCBC02A18E8EABEB1EA1453D09B8",,,"one TCP client and one sequential IMAP session per sample","0","PASS","45FA907CE0D3797C1E13EBB2F03F076A25656CCE27E801C18F745ACD3944FBBD","5136EEC556F9790732AE759EF52F77FE6172329EA55787A80300C4A824107E46","1","210","False","False","5018.759","Aktarma ba?lant?s?ndan veriler okunamad?: Ba?lan?lan uygun olarak belli bir s?re i?inde yan?t vermedi?inden veya kurulan
ba?lant? ba?lan?lan ana bilgisayar yan?t vermedi?inden bir ba?lant? kurulamad?.","False","0","False","False","0","False"
"d02f514d-e0e9-491f-b8d4-72c89c73fe78","MANIFEST_BOUND","hmail-perf-pair-service-20260901","06EFCBA9520D478A6DAC7ABB7F09F3B63D015A0CD5ECA1EB4D0FD2CC8C38F9FD","cpp","hmail_perf_pair_cpp_20260831_head3","C:\hmail-perf-pair-service-20260901\cpp\Data","B3DF9E8BBF4BEDB1102C94DF7C86356E1FEABCBC02A18E8EABEB1EA1453D09B8",,,"one TCP client and one sequential IMAP session per sample","0","PASS","45FA907CE0D3797C1E13EBB2F03F076A25656CCE27E801C18F745ACD3944FBBD","5136EEC556F9790732AE759EF52F77FE6172329EA55787A80300C4A824107E46","1","211","False","False","5018.442","Aktarma ba?lant?s?ndan veriler okunamad?: Ba?lan?lan uygun olarak belli bir s?re i?inde yan?t vermedi?inden veya kurulan
ba?lant? ba?lan?lan ana bilgisayar yan?t vermedi?inden bir ba?lant? kurulamad?.","False","0","False","False","0","False"
"d02f514d-e0e9-491f-b8d4-72c89c73fe78","MANIFEST_BOUND","hmail-perf-pair-service-20260901","06EFCBA9520D478A6DAC7ABB7F09F3B63D015A0CD5ECA1EB4D0FD2CC8C38F9FD","cpp","hmail_perf_pair_cpp_20260831_head3","C:\hmail-perf-pair-service-20260901\cpp\Data","B3DF9E8BBF4BEDB1102C94DF7C86356E1FEABCBC02A18E8EABEB1EA1453D09B8",,,"one TCP client and one sequential IMAP session per sample","0","PASS","45FA907CE0D3797C1E13EBB2F03F076A25656CCE27E801C18F745ACD3944FBBD","5136EEC556F9790732AE759EF52F77FE6172329EA55787A80300C4A824107E46","1","212","False","False","5008.346","Aktarma ba?lant?s?ndan veriler okunamad?: Ba?lan?lan uygun olarak belli bir s?re i?inde yan?t vermedi?inden veya kurulan
ba?lant? ba?lan?lan ana bilgisayar yan?t vermedi?inden bir ba?lant? kurulamad?.","False","0","False","False","0","False"
"d02f514d-e0e9-491f-b8d4-72c89c73fe78","MANIFEST_BOUND","hmail-perf-pair-service-20260901","06EFCBA9520D478A6DAC7ABB7F09F3B63D015A0CD5ECA1EB4D0FD2CC8C38F9FD","cpp","hmail_perf_pair_cpp_20260831_head3","C:\hmail-perf-pair-service-20260901\cpp\Data","B3DF9E8BBF4BEDB1102C94DF7C86356E1FEABCBC02A18E8EABEB1EA1453D09B8",,,"one TCP client and one sequential IMAP session per sample","0","PASS","45FA907CE0D3797C1E13EBB2F03F076A25656CCE27E801C18F745ACD3944FBBD","5136EEC556F9790732AE759EF52F77FE6172329EA55787A80300C4A824107E46","1","213","False","False","5011.575","Aktarma ba?lant?s?ndan veriler okunamad?: Ba?lan?lan uygun olarak belli bir s?re i?inde yan?t vermedi?inden veya kurulan
ba?lant? ba?lan?lan ana bilgisayar yan?t vermedi?inden bir ba?lant? kurulamad?.","False","0","False","False","0","False"
"d02f514d-e0e9-491f-b8d4-72c89c73fe78","MANIFEST_BOUND","hmail-perf-pair-service-20260901","06EFCBA9520D478A6DAC7ABB7F09F3B63D015A0CD5ECA1EB4D0FD2CC8C38F9FD","cpp","hmail_perf_pair_cpp_20260831_head3","C:\hmail-perf-pair-service-20260901\cpp\Data","B3DF9E8BBF4BEDB1102C94DF7C86356E1FEABCBC02A18E8EABEB1EA1453D09B8",,,"one TCP client and one sequential IMAP session per sample","0","PASS","45FA907CE0D3797C1E13EBB2F03F076A25656CCE27E801C18F745ACD3944FBBD","5136EEC556F9790732AE759EF52F77FE6172329EA55787A80300C4A824107E46","1","214","False","False","5011.686","Aktarma ba?lant?s?ndan veriler okunamad?: Ba?lan?lan uygun olarak belli bir s?re i?inde yan?t vermedi?inden veya kurulan
ba?lant? ba?lan?lan ana bilgisayar yan?t vermedi?inden bir ba?lant? kurulamad?.","False","0","False","False","0","False"
"d02f514d-e0e9-491f-b8d4-72c89c73fe78","MANIFEST_BOUND","hmail-perf-pair-service-20260901","06EFCBA9520D478A6DAC7ABB7F09F3B63D015A0CD5ECA1EB4D0FD2CC8C38F9FD","cpp","hmail_perf_pair_cpp_20260831_head3","C:\hmail-perf-pair-service-20260901\cpp\Data","B3DF9E8BBF4BEDB1102C94DF7C86356E1FEABCBC02A18E8EABEB1EA1453D09B8",,,"one TCP client and one sequential IMAP session per sample","0","PASS","45FA907CE0D3797C1E13EBB2F03F076A25656CCE27E801C18F745ACD3944FBBD","5136EEC556F9790732AE759EF52F77FE6172329EA55787A80300C4A824107E46","1","215","False","False","7089.624","Aktarma ba?lant?s?ndan veriler okunamad?: Ba?lan?lan uygun olarak belli bir s?re i?inde yan?t vermedi?inden veya kurulan
ba?lant? ba?lan?lan ana bilgisayar yan?t vermedi?inden bir ba?lant? kurulamad?.","False","0","False","False","0","False"
"d02f514d-e0e9-491f-b8d4-72c89c73fe78","MANIFEST_BOUND","hmail-perf-pair-service-20260901","06EFCBA9520D478A6DAC7ABB7F09F3B63D015A0CD5ECA1EB4D0FD2CC8C38F9FD","cpp","hmail_perf_pair_cpp_20260831_head3","C:\hmail-perf-pair-service-20260901\cpp\Data","B3DF9E8BBF4BEDB1102C94DF7C86356E1FEABCBC02A18E8EABEB1EA1453D09B8",,,"one TCP client and one sequential IMAP session per sample","0","PASS","45FA907CE0D3797C1E13EBB2F03F076A25656CCE27E801C18F745ACD3944FBBD","5136EEC556F9790732AE759EF52F77FE6172329EA55787A80300C4A824107E46","1","216","False","False","5012.234","Aktarma ba?lant?s?ndan veriler okunamad?: Ba?lan?lan uygun olarak belli bir s?re i?inde yan?t vermedi?inden veya kurulan
ba?lant? ba?lan?lan ana bilgisayar yan?t vermedi?inden bir ba?lant? kurulamad?.","False","0","False","False","0","False"
"d02f514d-e0e9-491f-b8d4-72c89c73fe78","MANIFEST_BOUND","hmail-perf-pair-service-20260901","06EFCBA9520D478A6DAC7ABB7F09F3B63D015A0CD5ECA1EB4D0FD2CC8C38F9FD","cpp","hmail_perf_pair_cpp_20260831_head3","C:\hmail-perf-pair-service-20260901\cpp\Data","B3DF9E8BBF4BEDB1102C94DF7C86356E1FEABCBC02A18E8EABEB1EA1453D09B8",,,"one TCP client and one sequential IMAP session per sample","0","PASS","45FA907CE0D3797C1E13EBB2F03F076A25656CCE27E801C18F745ACD3944FBBD","5136EEC556F9790732AE759EF52F77FE6172329EA55787A80300C4A824107E46","1","217","False","False","5008.31","Aktarma ba?lant?s?ndan veriler okunamad?: Ba?lan?lan uygun olarak belli bir s?re i?inde yan?t vermedi?inden veya kurulan
ba?lant? ba?lan?lan ana bilgisayar yan?t vermedi?inden bir ba?lant? kurulamad?.","False","0","False","False","0","False"
"d02f514d-e0e9-491f-b8d4-72c89c73fe78","MANIFEST_BOUND","hmail-perf-pair-service-20260901","06EFCBA9520D478A6DAC7ABB7F09F3B63D015A0CD5ECA1EB4D0FD2CC8C38F9FD","cpp","hmail_perf_pair_cpp_20260831_head3","C:\hmail-perf-pair-service-20260901\cpp\Data","B3DF9E8BBF4BEDB1102C94DF7C86356E1FEABCBC02A18E8EABEB1EA1453D09B8",,,"one TCP client and one sequential IMAP session per sample","0","PASS","45FA907CE0D3797C1E13EBB2F03F076A25656CCE27E801C18F745ACD3944FBBD","5136EEC556F9790732AE759EF52F77FE6172329EA55787A80300C4A824107E46","1","218","False","False","5011","Aktarma ba?lant?s?ndan veriler okunamad?: Ba?lan?lan uygun olarak belli bir s?re i?inde yan?t vermedi?inden veya kurulan
ba?lant? ba?lan?lan ana bilgisayar yan?t vermedi?inden bir ba?lant? kurulamad?.","False","0","False","False","0","False"
"d02f514d-e0e9-491f-b8d4-72c89c73fe78","MANIFEST_BOUND","hmail-perf-pair-service-20260901","06EFCBA9520D478A6DAC7ABB7F09F3B63D015A0CD5ECA1EB4D0FD2CC8C38F9FD","cpp","hmail_perf_pair_cpp_20260831_head3","C:\hmail-perf-pair-service-20260901\cpp\Data","B3DF9E8BBF4BEDB1102C94DF7C86356E1FEABCBC02A18E8EABEB1EA1453D09B8",,,"one TCP client and one sequential IMAP session per sample","0","PASS","45FA907CE0D3797C1E13EBB2F03F076A25656CCE27E801C18F745ACD3944FBBD","5136EEC556F9790732AE759EF52F77FE6172329EA55787A80300C4A824107E46","1","219","False","False","5017.574","Aktarma ba?lant?s?ndan veriler okunamad?: Ba?lan?lan uygun olarak belli bir s?re i?inde yan?t vermedi?inden veya kurulan
ba?lant? ba?lan?lan ana bilgisayar yan?t vermedi?inden bir ba?lant? kurulamad?.","False","0","False","False","0","False"
"d02f514d-e0e9-491f-b8d4-72c89c73fe78","MANIFEST_BOUND","hmail-perf-pair-service-20260901","06EFCBA9520D478A6DAC7ABB7F09F3B63D015A0CD5ECA1EB4D0FD2CC8C38F9FD","cpp","hmail_perf_pair_cpp_20260831_head3","C:\hmail-perf-pair-service-20260901\cpp\Data","B3DF9E8BBF4BEDB1102C94DF7C86356E1FEABCBC02A18E8EABEB1EA1453D09B8",,,"one TCP client and one sequential IMAP session per sample","0","PASS","45FA907CE0D3797C1E13EBB2F03F076A25656CCE27E801C18F745ACD3944FBBD","5136EEC556F9790732AE759EF52F77FE6172329EA55787A80300C4A824107E46","1","220","False","False","5008.278","Aktarma ba?lant?s?ndan veriler okunamad?: Ba?lan?lan uygun olarak belli bir s?re i?inde yan?t vermedi?inden veya kurulan
ba?lant? ba?lan?lan ana bilgisayar yan?t vermedi?inden bir ba?lant? kurulamad?.","False","0","False","False","0","False"
"d02f514d-e0e9-491f-b8d4-72c89c73fe78","MANIFEST_BOUND","hmail-perf-pair-service-20260901","06EFCBA9520D478A6DAC7ABB7F09F3B63D015A0CD5ECA1EB4D0FD2CC8C38F9FD","cpp","hmail_perf_pair_cpp_20260831_head3","C:\hmail-perf-pair-service-20260901\cpp\Data","B3DF9E8BBF4BEDB1102C94DF7C86356E1FEABCBC02A18E8EABEB1EA1453D09B8",,,"one TCP client and one sequential IMAP session per sample","0","PASS","45FA907CE0D3797C1E13EBB2F03F076A25656CCE27E801C18F745ACD3944FBBD","5136EEC556F9790732AE759EF52F77FE6172329EA55787A80300C4A824107E46","1","221","True","False","7339.613",,"True","1000","True","True","1000","True"
"d02f514d-e0e9-491f-b8d4-72c89c73fe78","MANIFEST_BOUND","hmail-perf-pair-service-20260901","06EFCBA9520D478A6DAC7ABB7F09F3B63D015A0CD5ECA1EB4D0FD2CC8C38F9FD","cpp","hmail_perf_pair_cpp_20260831_head3","C:\hmail-perf-pair-service-20260901\cpp\Data","B3DF9E8BBF4BEDB1102C94DF7C86356E1FEABCBC02A18E8EABEB1EA1453D09B8",,,"one TCP client and one sequential IMAP session per sample","0","PASS","45FA907CE0D3797C1E13EBB2F03F076A25656CCE27E801C18F745ACD3944FBBD","5136EEC556F9790732AE759EF52F77FE6172329EA55787A80300C4A824107E46","1","222","False","False","5011.352","Aktarma ba?lant?s?ndan veriler okunamad?: Ba?lan?lan uygun olarak belli bir s?re i?inde yan?t vermedi?inden veya kurulan
ba?lant? ba?lan?lan ana bilgisayar yan?t vermedi?inden bir ba?lant? kurulamad?.","False","0","False","False","0","False"
"d02f514d-e0e9-491f-b8d4-72c89c73fe78","MANIFEST_BOUND","hmail-perf-pair-service-20260901","06EFCBA9520D478A6DAC7ABB7F09F3B63D015A0CD5ECA1EB4D0FD2CC8C38F9FD","cpp","hmail_perf_pair_cpp_20260831_head3","C:\hmail-perf-pair-service-20260901\cpp\Data","B3DF9E8BBF4BEDB1102C94DF7C86356E1FEABCBC02A18E8EABEB1EA1453D09B8",,,"one TCP client and one sequential IMAP session per sample","0","PASS","45FA907CE0D3797C1E13EBB2F03F076A25656CCE27E801C18F745ACD3944FBBD","5136EEC556F9790732AE759EF52F77FE6172329EA55787A80300C4A824107E46","1","223","False","False","5017.837","Aktarma ba?lant?s?ndan veriler okunamad?: Ba?lan?lan uygun olarak belli bir s?re i?inde yan?t vermedi?inden veya kurulan
ba?lant? ba?lan?lan ana bilgisayar yan?t vermedi?inden bir ba?lant? kurulamad?.","False","0","False","False","0","False"
"d02f514d-e0e9-491f-b8d4-72c89c73fe78","MANIFEST_BOUND","hmail-perf-pair-service-20260901","06EFCBA9520D478A6DAC7ABB7F09F3B63D015A0CD5ECA1EB4D0FD2CC8C38F9FD","cpp","hmail_perf_pair_cpp_20260831_head3","C:\hmail-perf-pair-service-20260901\cpp\Data","B3DF9E8BBF4BEDB1102C94DF7C86356E1FEABCBC02A18E8EABEB1EA1453D09B8",,,"one TCP client and one sequential IMAP session per sample","0","PASS","45FA907CE0D3797C1E13EBB2F03F076A25656CCE27E801C18F745ACD3944FBBD","5136EEC556F9790732AE759EF52F77FE6172329EA55787A80300C4A824107E46","1","224","False","False","5009.142","Aktarma ba?lant?s?ndan veriler okunamad?: Ba?lan?lan uygun olarak belli bir s?re i?inde yan?t vermedi?inden veya kurulan
ba?lant? ba?lan?lan ana bilgisayar yan?t vermedi?inden bir ba?lant? kurulamad?.","False","0","False","False","0","False"
"d02f514d-e0e9-491f-b8d4-72c89c73fe78","MANIFEST_BOUND","hmail-perf-pair-service-20260901","06EFCBA9520D478A6DAC7ABB7F09F3B63D015A0CD5ECA1EB4D0FD2CC8C38F9FD","cpp","hmail_perf_pair_cpp_20260831_head3","C:\hmail-perf-pair-service-20260901\cpp\Data","B3DF9E8BBF4BEDB1102C94DF7C86356E1FEABCBC02A18E8EABEB1EA1453D09B8",,,"one TCP client and one sequential IMAP session per sample","0","PASS","45FA907CE0D3797C1E13EBB2F03F076A25656CCE27E801C18F745ACD3944FBBD","5136EEC556F9790732AE759EF52F77FE6172329EA55787A80300C4A824107E46","1","225","True","False","6410.367",,"True","1000","True","True","1000","True"
"d02f514d-e0e9-491f-b8d4-72c89c73fe78","MANIFEST_BOUND","hmail-perf-pair-service-20260901","06EFCBA9520D478A6DAC7ABB7F09F3B63D015A0CD5ECA1EB4D0FD2CC8C38F9FD","cpp","hmail_perf_pair_cpp_20260831_head3","C:\hmail-perf-pair-service-20260901\cpp\Data","B3DF9E8BBF4BEDB1102C94DF7C86356E1FEABCBC02A18E8EABEB1EA1453D09B8",,,"one TCP client and one sequential IMAP session per sample","0","PASS","45FA907CE0D3797C1E13EBB2F03F076A25656CCE27E801C18F745ACD3944FBBD","5136EEC556F9790732AE759EF52F77FE6172329EA55787A80300C4A824107E46","1","226","False","False","5010.293","Aktarma ba?lant?s?ndan veriler okunamad?: Ba?lan?lan uygun olarak belli bir s?re i?inde yan?t vermedi?inden veya kurulan
ba?lant? ba?lan?lan ana bilgisayar yan?t vermedi?inden bir ba?lant? kurulamad?.","False","0","False","False","0","False"
"d02f514d-e0e9-491f-b8d4-72c89c73fe78","MANIFEST_BOUND","hmail-perf-pair-service-20260901","06EFCBA9520D478A6DAC7ABB7F09F3B63D015A0CD5ECA1EB4D0FD2CC8C38F9FD","cpp","hmail_perf_pair_cpp_20260831_head3","C:\hmail-perf-pair-service-20260901\cpp\Data","B3DF9E8BBF4BEDB1102C94DF7C86356E1FEABCBC02A18E8EABEB1EA1453D09B8",,,"one TCP client and one sequential IMAP session per sample","0","PASS","45FA907CE0D3797C1E13EBB2F03F076A25656CCE27E801C18F745ACD3944FBBD","5136EEC556F9790732AE759EF52F77FE6172329EA55787A80300C4A824107E46","1","227","False","False","5007.476","Aktarma ba?lant?s?ndan veriler okunamad?: Ba?lan?lan uygun olarak belli bir s?re i?inde yan?t vermedi?inden veya kurulan
ba?lant? ba?lan?lan ana bilgisayar yan?t vermedi?inden bir ba?lant? kurulamad?.","False","0","False","False","0","False"
"d02f514d-e0e9-491f-b8d4-72c89c73fe78","MANIFEST_BOUND","hmail-perf-pair-service-20260901","06EFCBA9520D478A6DAC7ABB7F09F3B63D015A0CD5ECA1EB4D0FD2CC8C38F9FD","cpp","hmail_perf_pair_cpp_20260831_head3","C:\hmail-perf-pair-service-20260901\cpp\Data","B3DF9E8BBF4BEDB1102C94DF7C86356E1FEABCBC02A18E8EABEB1EA1453D09B8",,,"one TCP client and one sequential IMAP session per sample","0","PASS","45FA907CE0D3797C1E13EBB2F03F076A25656CCE27E801C18F745ACD3944FBBD","5136EEC556F9790732AE759EF52F77FE6172329EA55787A80300C4A824107E46","1","228","True","False","6290.97",,"True","1000","True","True","1000","True"
"d02f514d-e0e9-491f-b8d4-72c89c73fe78","MANIFEST_BOUND","hmail-perf-pair-service-20260901","06EFCBA9520D478A6DAC7ABB7F09F3B63D015A0CD5ECA1EB4D0FD2CC8C38F9FD","cpp","hmail_perf_pair_cpp_20260831_head3","C:\hmail-perf-pair-service-20260901\cpp\Data","B3DF9E8BBF4BEDB1102C94DF7C86356E1FEABCBC02A18E8EABEB1EA1453D09B8",,,"one TCP client and one sequential IMAP session per sample","0","PASS","45FA907CE0D3797C1E13EBB2F03F076A25656CCE27E801C18F745ACD3944FBBD","5136EEC556F9790732AE759EF52F77FE6172329EA55787A80300C4A824107E46","1","229","True","False","7097.329",,"True","1000","True","True","1000","True"
"d02f514d-e0e9-491f-b8d4-72c89c73fe78","MANIFEST_BOUND","hmail-perf-pair-service-20260901","06EFCBA9520D478A6DAC7ABB7F09F3B63D015A0CD5ECA1EB4D0FD2CC8C38F9FD","cpp","hmail_perf_pair_cpp_20260831_head3","C:\hmail-perf-pair-service-20260901\cpp\Data","B3DF9E8BBF4BEDB1102C94DF7C86356E1FEABCBC02A18E8EABEB1EA1453D09B8",,,"one TCP client and one sequential IMAP session per sample","0","PASS","45FA907CE0D3797C1E13EBB2F03F076A25656CCE27E801C18F745ACD3944FBBD","5136EEC556F9790732AE759EF52F77FE6172329EA55787A80300C4A824107E46","1","230","True","False","6805.586",,"True","1000","True","True","1000","True"
"d02f514d-e0e9-491f-b8d4-72c89c73fe78","MANIFEST_BOUND","hmail-perf-pair-service-20260901","06EFCBA9520D478A6DAC7ABB7F09F3B63D015A0CD5ECA1EB4D0FD2CC8C38F9FD","cpp","hmail_perf_pair_cpp_20260831_head3","C:\hmail-perf-pair-service-20260901\cpp\Data","B3DF9E8BBF4BEDB1102C94DF7C86356E1FEABCBC02A18E8EABEB1EA1453D09B8",,,"one TCP client and one sequential IMAP session per sample","0","PASS","45FA907CE0D3797C1E13EBB2F03F076A25656CCE27E801C18F745ACD3944FBBD","5136EEC556F9790732AE759EF52F77FE6172329EA55787A80300C4A824107E46","1","231","True","False","7017.882",,"True","1000","True","True","1000","True"
"d02f514d-e0e9-491f-b8d4-72c89c73fe78","MANIFEST_BOUND","hmail-perf-pair-service-20260901","06EFCBA9520D478A6DAC7ABB7F09F3B63D015A0CD5ECA1EB4D0FD2CC8C38F9FD","cpp","hmail_perf_pair_cpp_20260831_head3","C:\hmail-perf-pair-service-20260901\cpp\Data","B3DF9E8BBF4BEDB1102C94DF7C86356E1FEABCBC02A18E8EABEB1EA1453D09B8",,,"one TCP client and one sequential IMAP session per sample","0","PASS","45FA907CE0D3797C1E13EBB2F03F076A25656CCE27E801C18F745ACD3944FBBD","5136EEC556F9790732AE759EF52F77FE6172329EA55787A80300C4A824107E46","1","232","True","False","6407.686",,"True","1000","True","True","1000","True"
"d02f514d-e0e9-491f-b8d4-72c89c73fe78","MANIFEST_BOUND","hmail-perf-pair-service-20260901","06EFCBA9520D478A6DAC7ABB7F09F3B63D015A0CD5ECA1EB4D0FD2CC8C38F9FD","cpp","hmail_perf_pair_cpp_20260831_head3","C:\hmail-perf-pair-service-20260901\cpp\Data","B3DF9E8BBF4BEDB1102C94DF7C86356E1FEABCBC02A18E8EABEB1EA1453D09B8",,,"one TCP client and one sequential IMAP session per sample","0","PASS","45FA907CE0D3797C1E13EBB2F03F076A25656CCE27E801C18F745ACD3944FBBD","5136EEC556F9790732AE759EF52F77FE6172329EA55787A80300C4A824107E46","1","233","True","False","7489.695",,"True","1000","True","True","1000","True"
"d02f514d-e0e9-491f-b8d4-72c89c73fe78","MANIFEST_BOUND","hmail-perf-pair-service-20260901","06EFCBA9520D478A6DAC7ABB7F09F3B63D015A0CD5ECA1EB4D0FD2CC8C38F9FD","cpp","hmail_perf_pair_cpp_20260831_head3","C:\hmail-perf-pair-service-20260901\cpp\Data","B3DF9E8BBF4BEDB1102C94DF7C86356E1FEABCBC02A18E8EABEB1EA1453D09B8",,,"one TCP client and one sequential IMAP session per sample","0","PASS","45FA907CE0D3797C1E13EBB2F03F076A25656CCE27E801C18F745ACD3944FBBD","5136EEC556F9790732AE759EF52F77FE6172329EA55787A80300C4A824107E46","1","234","True","False","6629.481",,"True","1000","True","True","1000","True"
"d02f514d-e0e9-491f-b8d4-72c89c73fe78","MANIFEST_BOUND","hmail-perf-pair-service-20260901","06EFCBA9520D478A6DAC7ABB7F09F3B63D015A0CD5ECA1EB4D0FD2CC8C38F9FD","cpp","hmail_perf_pair_cpp_20260831_head3","C:\hmail-perf-pair-service-20260901\cpp\Data","B3DF9E8BBF4BEDB1102C94DF7C86356E1FEABCBC02A18E8EABEB1EA1453D09B8",,,"one TCP client and one sequential IMAP session per sample","0","PASS","45FA907CE0D3797C1E13EBB2F03F076A25656CCE27E801C18F745ACD3944FBBD","5136EEC556F9790732AE759EF52F77FE6172329EA55787A80300C4A824107E46","1","235","False","False","7092.222","Aktarma ba?lant?s?ndan veriler okunamad?: Ba?lan?lan uygun olarak belli bir s?re i?inde yan?t vermedi?inden veya kurulan
ba?lant? ba?lan?lan ana bilgisayar yan?t vermedi?inden bir ba?lant? kurulamad?.","False","0","False","False","0","False"
"d02f514d-e0e9-491f-b8d4-72c89c73fe78","MANIFEST_BOUND","hmail-perf-pair-service-20260901","06EFCBA9520D478A6DAC7ABB7F09F3B63D015A0CD5ECA1EB4D0FD2CC8C38F9FD","cpp","hmail_perf_pair_cpp_20260831_head3","C:\hmail-perf-pair-service-20260901\cpp\Data","B3DF9E8BBF4BEDB1102C94DF7C86356E1FEABCBC02A18E8EABEB1EA1453D09B8",,,"one TCP client and one sequential IMAP session per sample","0","PASS","45FA907CE0D3797C1E13EBB2F03F076A25656CCE27E801C18F745ACD3944FBBD","5136EEC556F9790732AE759EF52F77FE6172329EA55787A80300C4A824107E46","1","236","True","False","7008.011",,"True","1000","True","True","1000","True"
"d02f514d-e0e9-491f-b8d4-72c89c73fe78","MANIFEST_BOUND","hmail-perf-pair-service-20260901","06EFCBA9520D478A6DAC7ABB7F09F3B63D015A0CD5ECA1EB4D0FD2CC8C38F9FD","cpp","hmail_perf_pair_cpp_20260831_head3","C:\hmail-perf-pair-service-20260901\cpp\Data","B3DF9E8BBF4BEDB1102C94DF7C86356E1FEABCBC02A18E8EABEB1EA1453D09B8",,,"one TCP client and one sequential IMAP session per sample","0","PASS","45FA907CE0D3797C1E13EBB2F03F076A25656CCE27E801C18F745ACD3944FBBD","5136EEC556F9790732AE759EF52F77FE6172329EA55787A80300C4A824107E46","1","237","True","False","6634.793",,"True","1000","True","True","1000","True"
"d02f514d-e0e9-491f-b8d4-72c89c73fe78","MANIFEST_BOUND","hmail-perf-pair-service-20260901","06EFCBA9520D478A6DAC7ABB7F09F3B63D015A0CD5ECA1EB4D0FD2CC8C38F9FD","cpp","hmail_perf_pair_cpp_20260831_head3","C:\hmail-perf-pair-service-20260901\cpp\Data","B3DF9E8BBF4BEDB1102C94DF7C86356E1FEABCBC02A18E8EABEB1EA1453D09B8",,,"one TCP client and one sequential IMAP session per sample","0","PASS","45FA907CE0D3797C1E13EBB2F03F076A25656CCE27E801C18F745ACD3944FBBD","5136EEC556F9790732AE759EF52F77FE6172329EA55787A80300C4A824107E46","1","238","True","False","6297.184",,"True","1000","True","True","1000","True"
"d02f514d-e0e9-491f-b8d4-72c89c73fe78","MANIFEST_BOUND","hmail-perf-pair-service-20260901","06EFCBA9520D478A6DAC7ABB7F09F3B63D015A0CD5ECA1EB4D0FD2CC8C38F9FD","cpp","hmail_perf_pair_cpp_20260831_head3","C:\hmail-perf-pair-service-20260901\cpp\Data","B3DF9E8BBF4BEDB1102C94DF7C86356E1FEABCBC02A18E8EABEB1EA1453D09B8",,,"one TCP client and one sequential IMAP session per sample","0","PASS","45FA907CE0D3797C1E13EBB2F03F076A25656CCE27E801C18F745ACD3944FBBD","5136EEC556F9790732AE759EF52F77FE6172329EA55787A80300C4A824107E46","1","239","True","False","6912.04",,"True","1000","True","True","1000","True"
"d02f514d-e0e9-491f-b8d4-72c89c73fe78","MANIFEST_BOUND","hmail-perf-pair-service-20260901","06EFCBA9520D478A6DAC7ABB7F09F3B63D015A0CD5ECA1EB4D0FD2CC8C38F9FD","cpp","hmail_perf_pair_cpp_20260831_head3","C:\hmail-perf-pair-service-20260901\cpp\Data","B3DF9E8BBF4BEDB1102C94DF7C86356E1FEABCBC02A18E8EABEB1EA1453D09B8",,,"one TCP client and one sequential IMAP session per sample","0","PASS","45FA907CE0D3797C1E13EBB2F03F076A25656CCE27E801C18F745ACD3944FBBD","5136EEC556F9790732AE759EF52F77FE6172329EA55787A80300C4A824107E46","1","240","True","False","6691.71",,"True","1000","True","True","1000","True"
"d02f514d-e0e9-491f-b8d4-72c89c73fe78","MANIFEST_BOUND","hmail-perf-pair-service-20260901","06EFCBA9520D478A6DAC7ABB7F09F3B63D015A0CD5ECA1EB4D0FD2CC8C38F9FD","cpp","hmail_perf_pair_cpp_20260831_head3","C:\hmail-perf-pair-service-20260901\cpp\Data","B3DF9E8BBF4BEDB1102C94DF7C86356E1FEABCBC02A18E8EABEB1EA1453D09B8",,,"one TCP client and one sequential IMAP session per sample","0","PASS","45FA907CE0D3797C1E13EBB2F03F076A25656CCE27E801C18F745ACD3944FBBD","5136EEC556F9790732AE759EF52F77FE6172329EA55787A80300C4A824107E46","1","241","True","False","7320.458",,"True","1000","True","True","1000","True"
"d02f514d-e0e9-491f-b8d4-72c89c73fe78","MANIFEST_BOUND","hmail-perf-pair-service-20260901","06EFCBA9520D478A6DAC7ABB7F09F3B63D015A0CD5ECA1EB4D0FD2CC8C38F9FD","cpp","hmail_perf_pair_cpp_20260831_head3","C:\hmail-perf-pair-service-20260901\cpp\Data","B3DF9E8BBF4BEDB1102C94DF7C86356E1FEABCBC02A18E8EABEB1EA1453D09B8",,,"one TCP client and one sequential IMAP session per sample","0","PASS","45FA907CE0D3797C1E13EBB2F03F076A25656CCE27E801C18F745ACD3944FBBD","5136EEC556F9790732AE759EF52F77FE6172329EA55787A80300C4A824107E46","1","242","True","False","6496.358",,"True","1000","True","True","1000","True"
"d02f514d-e0e9-491f-b8d4-72c89c73fe78","MANIFEST_BOUND","hmail-perf-pair-service-20260901","06EFCBA9520D478A6DAC7ABB7F09F3B63D015A0CD5ECA1EB4D0FD2CC8C38F9FD","cpp","hmail_perf_pair_cpp_20260831_head3","C:\hmail-perf-pair-service-20260901\cpp\Data","B3DF9E8BBF4BEDB1102C94DF7C86356E1FEABCBC02A18E8EABEB1EA1453D09B8",,,"one TCP client and one sequential IMAP session per sample","0","PASS","45FA907CE0D3797C1E13EBB2F03F076A25656CCE27E801C18F745ACD3944FBBD","5136EEC556F9790732AE759EF52F77FE6172329EA55787A80300C4A824107E46","1","243","True","False","7613.913",,"True","1000","True","True","1000","True"
"d02f514d-e0e9-491f-b8d4-72c89c73fe78","MANIFEST_BOUND","hmail-perf-pair-service-20260901","06EFCBA9520D478A6DAC7ABB7F09F3B63D015A0CD5ECA1EB4D0FD2CC8C38F9FD","cpp","hmail_perf_pair_cpp_20260831_head3","C:\hmail-perf-pair-service-20260901\cpp\Data","B3DF9E8BBF4BEDB1102C94DF7C86356E1FEABCBC02A18E8EABEB1EA1453D09B8",,,"one TCP client and one sequential IMAP session per sample","0","PASS","45FA907CE0D3797C1E13EBB2F03F076A25656CCE27E801C18F745ACD3944FBBD","5136EEC556F9790732AE759EF52F77FE6172329EA55787A80300C4A824107E46","1","244","False","False","7090.616","Aktarma ba?lant?s?ndan veriler okunamad?: Ba?lan?lan uygun olarak belli bir s?re i?inde yan?t vermedi?inden veya kurulan
ba?lant? ba?lan?lan ana bilgisayar yan?t vermedi?inden bir ba?lant? kurulamad?.","False","0","False","False","0","False"
"d02f514d-e0e9-491f-b8d4-72c89c73fe78","MANIFEST_BOUND","hmail-perf-pair-service-20260901","06EFCBA9520D478A6DAC7ABB7F09F3B63D015A0CD5ECA1EB4D0FD2CC8C38F9FD","cpp","hmail_perf_pair_cpp_20260831_head3","C:\hmail-perf-pair-service-20260901\cpp\Data","B3DF9E8BBF4BEDB1102C94DF7C86356E1FEABCBC02A18E8EABEB1EA1453D09B8",,,"one TCP client and one sequential IMAP session per sample","0","PASS","45FA907CE0D3797C1E13EBB2F03F076A25656CCE27E801C18F745ACD3944FBBD","5136EEC556F9790732AE759EF52F77FE6172329EA55787A80300C4A824107E46","1","245","True","False","6699.213",,"True","1000","True","True","1000","True"
"d02f514d-e0e9-491f-b8d4-72c89c73fe78","MANIFEST_BOUND","hmail-perf-pair-service-20260901","06EFCBA9520D478A6DAC7ABB7F09F3B63D015A0CD5ECA1EB4D0FD2CC8C38F9FD","cpp","hmail_perf_pair_cpp_20260831_head3","C:\hmail-perf-pair-service-20260901\cpp\Data","B3DF9E8BBF4BEDB1102C94DF7C86356E1FEABCBC02A18E8EABEB1EA1453D09B8",,,"one TCP client and one sequential IMAP session per sample","0","PASS","45FA907CE0D3797C1E13EBB2F03F076A25656CCE27E801C18F745ACD3944FBBD","5136EEC556F9790732AE759EF52F77FE6172329EA55787A80300C4A824107E46","1","246","True","False","6796.819",,"True","1000","True","True","1000","True"
"d02f514d-e0e9-491f-b8d4-72c89c73fe78","MANIFEST_BOUND","hmail-perf-pair-service-20260901","06EFCBA9520D478A6DAC7ABB7F09F3B63D015A0CD5ECA1EB4D0FD2CC8C38F9FD","cpp","hmail_perf_pair_cpp_20260831_head3","C:\hmail-perf-pair-service-20260901\cpp\Data","B3DF9E8BBF4BEDB1102C94DF7C86356E1FEABCBC02A18E8EABEB1EA1453D09B8",,,"one TCP client and one sequential IMAP session per sample","0","PASS","45FA907CE0D3797C1E13EBB2F03F076A25656CCE27E801C18F745ACD3944FBBD","5136EEC556F9790732AE759EF52F77FE6172329EA55787A80300C4A824107E46","1","247","True","False","7554.687",,"True","1000","True","True","1000","True"
"d02f514d-e0e9-491f-b8d4-72c89c73fe78","MANIFEST_BOUND","hmail-perf-pair-service-20260901","06EFCBA9520D478A6DAC7ABB7F09F3B63D015A0CD5ECA1EB4D0FD2CC8C38F9FD","cpp","hmail_perf_pair_cpp_20260831_head3","C:\hmail-perf-pair-service-20260901\cpp\Data","B3DF9E8BBF4BEDB1102C94DF7C86356E1FEABCBC02A18E8EABEB1EA1453D09B8",,,"one TCP client and one sequential IMAP session per sample","0","PASS","45FA907CE0D3797C1E13EBB2F03F076A25656CCE27E801C18F745ACD3944FBBD","5136EEC556F9790732AE759EF52F77FE6172329EA55787A80300C4A824107E46","1","248","True","False","7270.541",,"True","1000","True","True","1000","True"
"d02f514d-e0e9-491f-b8d4-72c89c73fe78","MANIFEST_BOUND","hmail-perf-pair-service-20260901","06EFCBA9520D478A6DAC7ABB7F09F3B63D015A0CD5ECA1EB4D0FD2CC8C38F9FD","cpp","hmail_perf_pair_cpp_20260831_head3","C:\hmail-perf-pair-service-20260901\cpp\Data","B3DF9E8BBF4BEDB1102C94DF7C86356E1FEABCBC02A18E8EABEB1EA1453D09B8",,,"one TCP client and one sequential IMAP session per sample","0","PASS","45FA907CE0D3797C1E13EBB2F03F076A25656CCE27E801C18F745ACD3944FBBD","5136EEC556F9790732AE759EF52F77FE6172329EA55787A80300C4A824107E46","1","249","True","False","7519.166",,"True","1000","True","True","1000","True"
"d02f514d-e0e9-491f-b8d4-72c89c73fe78","MANIFEST_BOUND","hmail-perf-pair-service-20260901","06EFCBA9520D478A6DAC7ABB7F09F3B63D015A0CD5ECA1EB4D0FD2CC8C38F9FD","cpp","hmail_perf_pair_cpp_20260831_head3","C:\hmail-perf-pair-service-20260901\cpp\Data","B3DF9E8BBF4BEDB1102C94DF7C86356E1FEABCBC02A18E8EABEB1EA1453D09B8",,,"one TCP client and one sequential IMAP session per sample","0","PASS","45FA907CE0D3797C1E13EBB2F03F076A25656CCE27E801C18F745ACD3944FBBD","5136EEC556F9790732AE759EF52F77FE6172329EA55787A80300C4A824107E46","1","250","False","False","7083.489","Aktarma ba?lant?s?ndan veriler okunamad?: Ba?lan?lan uygun olarak belli bir s?re i?inde yan?t vermedi?inden veya kurulan
ba?lant? ba?lan?lan ana bilgisayar yan?t vermedi?inden bir ba?lant? kurulamad?.","False","0","False","False","0","False"
"d02f514d-e0e9-491f-b8d4-72c89c73fe78","MANIFEST_BOUND","hmail-perf-pair-service-20260901","06EFCBA9520D478A6DAC7ABB7F09F3B63D015A0CD5ECA1EB4D0FD2CC8C38F9FD","cpp","hmail_perf_pair_cpp_20260831_head3","C:\hmail-perf-pair-service-20260901\cpp\Data","B3DF9E8BBF4BEDB1102C94DF7C86356E1FEABCBC02A18E8EABEB1EA1453D09B8",,,"one TCP client and one sequential IMAP session per sample","0","PASS","45FA907CE0D3797C1E13EBB2F03F076A25656CCE27E801C18F745ACD3944FBBD","5136EEC556F9790732AE759EF52F77FE6172329EA55787A80300C4A824107E46","1","251","False","False","7088.926","Aktarma ba?lant?s?ndan veriler okunamad?: Ba?lan?lan uygun olarak belli bir s?re i?inde yan?t vermedi?inden veya kurulan
ba?lant? ba?lan?lan ana bilgisayar yan?t vermedi?inden bir ba?lant? kurulamad?.","False","0","False","False","0","False"
"d02f514d-e0e9-491f-b8d4-72c89c73fe78","MANIFEST_BOUND","hmail-perf-pair-service-20260901","06EFCBA9520D478A6DAC7ABB7F09F3B63D015A0CD5ECA1EB4D0FD2CC8C38F9FD","cpp","hmail_perf_pair_cpp_20260831_head3","C:\hmail-perf-pair-service-20260901\cpp\Data","B3DF9E8BBF4BEDB1102C94DF7C86356E1FEABCBC02A18E8EABEB1EA1453D09B8",,,"one TCP client and one sequential IMAP session per sample","0","PASS","45FA907CE0D3797C1E13EBB2F03F076A25656CCE27E801C18F745ACD3944FBBD","5136EEC556F9790732AE759EF52F77FE6172329EA55787A80300C4A824107E46","1","252","True","False","7210.013",,"True","1000","True","True","1000","True"
"d02f514d-e0e9-491f-b8d4-72c89c73fe78","MANIFEST_BOUND","hmail-perf-pair-service-20260901","06EFCBA9520D478A6DAC7ABB7F09F3B63D015A0CD5ECA1EB4D0FD2CC8C38F9FD","cpp","hmail_perf_pair_cpp_20260831_head3","C:\hmail-perf-pair-service-20260901\cpp\Data","B3DF9E8BBF4BEDB1102C94DF7C86356E1FEABCBC02A18E8EABEB1EA1453D09B8",,,"one TCP client and one sequential IMAP session per sample","0","PASS","45FA907CE0D3797C1E13EBB2F03F076A25656CCE27E801C18F745ACD3944FBBD","5136EEC556F9790732AE759EF52F77FE6172329EA55787A80300C4A824107E46","1","253","True","False","7233.147",,"True","1000","True","True","1000","True"
"d02f514d-e0e9-491f-b8d4-72c89c73fe78","MANIFEST_BOUND","hmail-perf-pair-service-20260901","06EFCBA9520D478A6DAC7ABB7F09F3B63D015A0CD5ECA1EB4D0FD2CC8C38F9FD","cpp","hmail_perf_pair_cpp_20260831_head3","C:\hmail-perf-pair-service-20260901\cpp\Data","B3DF9E8BBF4BEDB1102C94DF7C86356E1FEABCBC02A18E8EABEB1EA1453D09B8",,,"one TCP client and one sequential IMAP session per sample","0","PASS","45FA907CE0D3797C1E13EBB2F03F076A25656CCE27E801C18F745ACD3944FBBD","5136EEC556F9790732AE759EF52F77FE6172329EA55787A80300C4A824107E46","1","254","True","False","7011.932",,"True","1000","True","True","1000","True"
"d02f514d-e0e9-491f-b8d4-72c89c73fe78","MANIFEST_BOUND","hmail-perf-pair-service-20260901","06EFCBA9520D478A6DAC7ABB7F09F3B63D015A0CD5ECA1EB4D0FD2CC8C38F9FD","cpp","hmail_perf_pair_cpp_20260831_head3","C:\hmail-perf-pair-service-20260901\cpp\Data","B3DF9E8BBF4BEDB1102C94DF7C86356E1FEABCBC02A18E8EABEB1EA1453D09B8",,,"one TCP client and one sequential IMAP session per sample","0","PASS","45FA907CE0D3797C1E13EBB2F03F076A25656CCE27E801C18F745ACD3944FBBD","5136EEC556F9790732AE759EF52F77FE6172329EA55787A80300C4A824107E46","1","255","True","False","6181.882",,"True","1000","True","True","1000","True"
"d02f514d-e0e9-491f-b8d4-72c89c73fe78","MANIFEST_BOUND","hmail-perf-pair-service-20260901","06EFCBA9520D478A6DAC7ABB7F09F3B63D015A0CD5ECA1EB4D0FD2CC8C38F9FD","cpp","hmail_perf_pair_cpp_20260831_head3","C:\hmail-perf-pair-service-20260901\cpp\Data","B3DF9E8BBF4BEDB1102C94DF7C86356E1FEABCBC02A18E8EABEB1EA1453D09B8",,,"one TCP client and one sequential IMAP session per sample","0","PASS","45FA907CE0D3797C1E13EBB2F03F076A25656CCE27E801C18F745ACD3944FBBD","5136EEC556F9790732AE759EF52F77FE6172329EA55787A80300C4A824107E46","1","256","True","False","7574.037",,"True","1000","True","True","1000","True"
"d02f514d-e0e9-491f-b8d4-72c89c73fe78","MANIFEST_BOUND","hmail-perf-pair-service-20260901","06EFCBA9520D478A6DAC7ABB7F09F3B63D015A0CD5ECA1EB4D0FD2CC8C38F9FD","cpp","hmail_perf_pair_cpp_20260831_head3","C:\hmail-perf-pair-service-20260901\cpp\Data","B3DF9E8BBF4BEDB1102C94DF7C86356E1FEABCBC02A18E8EABEB1EA1453D09B8",,,"one TCP client and one sequential IMAP session per sample","0","PASS","45FA907CE0D3797C1E13EBB2F03F076A25656CCE27E801C18F745ACD3944FBBD","5136EEC556F9790732AE759EF52F77FE6172329EA55787A80300C4A824107E46","1","257","False","False","7086.452","Aktarma ba?lant?s?ndan veriler okunamad?: Ba?lan?lan uygun olarak belli bir s?re i?inde yan?t vermedi?inden veya kurulan
ba?lant? ba?lan?lan ana bilgisayar yan?t vermedi?inden bir ba?lant? kurulamad?.","False","0","False","False","0","False"
"d02f514d-e0e9-491f-b8d4-72c89c73fe78","MANIFEST_BOUND","hmail-perf-pair-service-20260901","06EFCBA9520D478A6DAC7ABB7F09F3B63D015A0CD5ECA1EB4D0FD2CC8C38F9FD","cpp","hmail_perf_pair_cpp_20260831_head3","C:\hmail-perf-pair-service-20260901\cpp\Data","B3DF9E8BBF4BEDB1102C94DF7C86356E1FEABCBC02A18E8EABEB1EA1453D09B8",,,"one TCP client and one sequential IMAP session per sample","0","PASS","45FA907CE0D3797C1E13EBB2F03F076A25656CCE27E801C18F745ACD3944FBBD","5136EEC556F9790732AE759EF52F77FE6172329EA55787A80300C4A824107E46","1","258","False","False","7078.562","Aktarma ba?lant?s?ndan veriler okunamad?: Ba?lan?lan uygun olarak belli bir s?re i?inde yan?t vermedi?inden veya kurulan
ba?lant? ba?lan?lan ana bilgisayar yan?t vermedi?inden bir ba?lant? kurulamad?.","False","0","False","False","0","False"
"d02f514d-e0e9-491f-b8d4-72c89c73fe78","MANIFEST_BOUND","hmail-perf-pair-service-20260901","06EFCBA9520D478A6DAC7ABB7F09F3B63D015A0CD5ECA1EB4D0FD2CC8C38F9FD","cpp","hmail_perf_pair_cpp_20260831_head3","C:\hmail-perf-pair-service-20260901\cpp\Data","B3DF9E8BBF4BEDB1102C94DF7C86356E1FEABCBC02A18E8EABEB1EA1453D09B8",,,"one TCP client and one sequential IMAP session per sample","0","PASS","45FA907CE0D3797C1E13EBB2F03F076A25656CCE27E801C18F745ACD3944FBBD","5136EEC556F9790732AE759EF52F77FE6172329EA55787A80300C4A824107E46","1","259","True","False","7439.84",,"True","1000","True","True","1000","True"
"d02f514d-e0e9-491f-b8d4-72c89c73fe78","MANIFEST_BOUND","hmail-perf-pair-service-20260901","06EFCBA9520D478A6DAC7ABB7F09F3B63D015A0CD5ECA1EB4D0FD2CC8C38F9FD","cpp","hmail_perf_pair_cpp_20260831_head3","C:\hmail-perf-pair-service-20260901\cpp\Data","B3DF9E8BBF4BEDB1102C94DF7C86356E1FEABCBC02A18E8EABEB1EA1453D09B8",,,"one TCP client and one sequential IMAP session per sample","0","PASS","45FA907CE0D3797C1E13EBB2F03F076A25656CCE27E801C18F745ACD3944FBBD","5136EEC556F9790732AE759EF52F77FE6172329EA55787A80300C4A824107E46","1","260","True","False","7576.97",,"True","1000","True","True","1000","True"
"d02f514d-e0e9-491f-b8d4-72c89c73fe78","MANIFEST_BOUND","hmail-perf-pair-service-20260901","06EFCBA9520D478A6DAC7ABB7F09F3B63D015A0CD5ECA1EB4D0FD2CC8C38F9FD","cpp","hmail_perf_pair_cpp_20260831_head3","C:\hmail-perf-pair-service-20260901\cpp\Data","B3DF9E8BBF4BEDB1102C94DF7C86356E1FEABCBC02A18E8EABEB1EA1453D09B8",,,"one TCP client and one sequential IMAP session per sample","0","PASS","45FA907CE0D3797C1E13EBB2F03F076A25656CCE27E801C18F745ACD3944FBBD","5136EEC556F9790732AE759EF52F77FE6172329EA55787A80300C4A824107E46","1","261","True","False","6193.304",,"True","1000","True","True","1000","True"
"d02f514d-e0e9-491f-b8d4-72c89c73fe78","MANIFEST_BOUND","hmail-perf-pair-service-20260901","06EFCBA9520D478A6DAC7ABB7F09F3B63D015A0CD5ECA1EB4D0FD2CC8C38F9FD","cpp","hmail_perf_pair_cpp_20260831_head3","C:\hmail-perf-pair-service-20260901\cpp\Data","B3DF9E8BBF4BEDB1102C94DF7C86356E1FEABCBC02A18E8EABEB1EA1453D09B8",,,"one TCP client and one sequential IMAP session per sample","0","PASS","45FA907CE0D3797C1E13EBB2F03F076A25656CCE27E801C18F745ACD3944FBBD","5136EEC556F9790732AE759EF52F77FE6172329EA55787A80300C4A824107E46","1","262","True","False","7610.828",,"True","1000","True","True","1000","True"
"d02f514d-e0e9-491f-b8d4-72c89c73fe78","MANIFEST_BOUND","hmail-perf-pair-service-20260901","06EFCBA9520D478A6DAC7ABB7F09F3B63D015A0CD5ECA1EB4D0FD2CC8C38F9FD","cpp","hmail_perf_pair_cpp_20260831_head3","C:\hmail-perf-pair-service-20260901\cpp\Data","B3DF9E8BBF4BEDB1102C94DF7C86356E1FEABCBC02A18E8EABEB1EA1453D09B8",,,"one TCP client and one sequential IMAP session per sample","0","PASS","45FA907CE0D3797C1E13EBB2F03F076A25656CCE27E801C18F745ACD3944FBBD","5136EEC556F9790732AE759EF52F77FE6172329EA55787A80300C4A824107E46","1","263","False","False","7080.819","Aktarma ba?lant?s?ndan veriler okunamad?: Ba?lan?lan uygun olarak belli bir s?re i?inde yan?t vermedi?inden veya kurulan
ba?lant? ba?lan?lan ana bilgisayar yan?t vermedi?inden bir ba?lant? kurulamad?.","False","0","False","False","0","False"
"d02f514d-e0e9-491f-b8d4-72c89c73fe78","MANIFEST_BOUND","hmail-perf-pair-service-20260901","06EFCBA9520D478A6DAC7ABB7F09F3B63D015A0CD5ECA1EB4D0FD2CC8C38F9FD","cpp","hmail_perf_pair_cpp_20260831_head3","C:\hmail-perf-pair-service-20260901\cpp\Data","B3DF9E8BBF4BEDB1102C94DF7C86356E1FEABCBC02A18E8EABEB1EA1453D09B8",,,"one TCP client and one sequential IMAP session per sample","0","PASS","45FA907CE0D3797C1E13EBB2F03F076A25656CCE27E801C18F745ACD3944FBBD","5136EEC556F9790732AE759EF52F77FE6172329EA55787A80300C4A824107E46","1","264","False","False","7077.271","Aktarma ba?lant?s?ndan veriler okunamad?: Ba?lan?lan uygun olarak belli bir s?re i?inde yan?t vermedi?inden veya kurulan
ba?lant? ba?lan?lan ana bilgisayar yan?t vermedi?inden bir ba?lant? kurulamad?.","False","0","False","False","0","False"
"d02f514d-e0e9-491f-b8d4-72c89c73fe78","MANIFEST_BOUND","hmail-perf-pair-service-20260901","06EFCBA9520D478A6DAC7ABB7F09F3B63D015A0CD5ECA1EB4D0FD2CC8C38F9FD","cpp","hmail_perf_pair_cpp_20260831_head3","C:\hmail-perf-pair-service-20260901\cpp\Data","B3DF9E8BBF4BEDB1102C94DF7C86356E1FEABCBC02A18E8EABEB1EA1453D09B8",,,"one TCP client and one sequential IMAP session per sample","0","PASS","45FA907CE0D3797C1E13EBB2F03F076A25656CCE27E801C18F745ACD3944FBBD","5136EEC556F9790732AE759EF52F77FE6172329EA55787A80300C4A824107E46","1","265","True","False","7107.33",,"True","1000","True","True","1000","True"
"d02f514d-e0e9-491f-b8d4-72c89c73fe78","MANIFEST_BOUND","hmail-perf-pair-service-20260901","06EFCBA9520D478A6DAC7ABB7F09F3B63D015A0CD5ECA1EB4D0FD2CC8C38F9FD","cpp","hmail_perf_pair_cpp_20260831_head3","C:\hmail-perf-pair-service-20260901\cpp\Data","B3DF9E8BBF4BEDB1102C94DF7C86356E1FEABCBC02A18E8EABEB1EA1453D09B8",,,"one TCP client and one sequential IMAP session per sample","0","PASS","45FA907CE0D3797C1E13EBB2F03F076A25656CCE27E801C18F745ACD3944FBBD","5136EEC556F9790732AE759EF52F77FE6172329EA55787A80300C4A824107E46","1","266","True","False","7515.944",,"True","1000","True","True","1000","True"
"d02f514d-e0e9-491f-b8d4-72c89c73fe78","MANIFEST_BOUND","hmail-perf-pair-service-20260901","06EFCBA9520D478A6DAC7ABB7F09F3B63D015A0CD5ECA1EB4D0FD2CC8C38F9FD","cpp","hmail_perf_pair_cpp_20260831_head3","C:\hmail-perf-pair-service-20260901\cpp\Data","B3DF9E8BBF4BEDB1102C94DF7C86356E1FEABCBC02A18E8EABEB1EA1453D09B8",,,"one TCP client and one sequential IMAP session per sample","0","PASS","45FA907CE0D3797C1E13EBB2F03F076A25656CCE27E801C18F745ACD3944FBBD","5136EEC556F9790732AE759EF52F77FE6172329EA55787A80300C4A824107E46","1","267","True","False","6174.246",,"True","1000","True","True","1000","True"
"d02f514d-e0e9-491f-b8d4-72c89c73fe78","MANIFEST_BOUND","hmail-perf-pair-service-20260901","06EFCBA9520D478A6DAC7ABB7F09F3B63D015A0CD5ECA1EB4D0FD2CC8C38F9FD","cpp","hmail_perf_pair_cpp_20260831_head3","C:\hmail-perf-pair-service-20260901\cpp\Data","B3DF9E8BBF4BEDB1102C94DF7C86356E1FEABCBC02A18E8EABEB1EA1453D09B8",,,"one TCP client and one sequential IMAP session per sample","0","PASS","45FA907CE0D3797C1E13EBB2F03F076A25656CCE27E801C18F745ACD3944FBBD","5136EEC556F9790732AE759EF52F77FE6172329EA55787A80300C4A824107E46","1","268","False","False","7078.062","Aktarma ba?lant?s?ndan veriler okunamad?: Ba?lan?lan uygun olarak belli bir s?re i?inde yan?t vermedi?inden veya kurulan
ba?lant? ba?lan?lan ana bilgisayar yan?t vermedi?inden bir ba?lant? kurulamad?.","False","0","False","False","0","False"
"d02f514d-e0e9-491f-b8d4-72c89c73fe78","MANIFEST_BOUND","hmail-perf-pair-service-20260901","06EFCBA9520D478A6DAC7ABB7F09F3B63D015A0CD5ECA1EB4D0FD2CC8C38F9FD","cpp","hmail_perf_pair_cpp_20260831_head3","C:\hmail-perf-pair-service-20260901\cpp\Data","B3DF9E8BBF4BEDB1102C94DF7C86356E1FEABCBC02A18E8EABEB1EA1453D09B8",,,"one TCP client and one sequential IMAP session per sample","0","PASS","45FA907CE0D3797C1E13EBB2F03F076A25656CCE27E801C18F745ACD3944FBBD","5136EEC556F9790732AE759EF52F77FE6172329EA55787A80300C4A824107E46","1","269","True","False","7460.813",,"True","1000","True","True","1000","True"
"d02f514d-e0e9-491f-b8d4-72c89c73fe78","MANIFEST_BOUND","hmail-perf-pair-service-20260901","06EFCBA9520D478A6DAC7ABB7F09F3B63D015A0CD5ECA1EB4D0FD2CC8C38F9FD","cpp","hmail_perf_pair_cpp_20260831_head3","C:\hmail-perf-pair-service-20260901\cpp\Data","B3DF9E8BBF4BEDB1102C94DF7C86356E1FEABCBC02A18E8EABEB1EA1453D09B8",,,"one TCP client and one sequential IMAP session per sample","0","PASS","45FA907CE0D3797C1E13EBB2F03F076A25656CCE27E801C18F745ACD3944FBBD","5136EEC556F9790732AE759EF52F77FE6172329EA55787A80300C4A824107E46","1","270","True","False","7307.366",,"True","1000","True","True","1000","True"
"d02f514d-e0e9-491f-b8d4-72c89c73fe78","MANIFEST_BOUND","hmail-perf-pair-service-20260901","06EFCBA9520D478A6DAC7ABB7F09F3B63D015A0CD5ECA1EB4D0FD2CC8C38F9FD","cpp","hmail_perf_pair_cpp_20260831_head3","C:\hmail-perf-pair-service-20260901\cpp\Data","B3DF9E8BBF4BEDB1102C94DF7C86356E1FEABCBC02A18E8EABEB1EA1453D09B8",,,"one TCP client and one sequential IMAP session per sample","0","PASS","45FA907CE0D3797C1E13EBB2F03F076A25656CCE27E801C18F745ACD3944FBBD","5136EEC556F9790732AE759EF52F77FE6172329EA55787A80300C4A824107E46","1","271","True","False","7340.795",,"True","1000","True","True","1000","True"
"d02f514d-e0e9-491f-b8d4-72c89c73fe78","MANIFEST_BOUND","hmail-perf-pair-service-20260901","06EFCBA9520D478A6DAC7ABB7F09F3B63D015A0CD5ECA1EB4D0FD2CC8C38F9FD","cpp","hmail_perf_pair_cpp_20260831_head3","C:\hmail-perf-pair-service-20260901\cpp\Data","B3DF9E8BBF4BEDB1102C94DF7C86356E1FEABCBC02A18E8EABEB1EA1453D09B8",,,"one TCP client and one sequential IMAP session per sample","0","PASS","45FA907CE0D3797C1E13EBB2F03F076A25656CCE27E801C18F745ACD3944FBBD","5136EEC556F9790732AE759EF52F77FE6172329EA55787A80300C4A824107E46","1","272","False","False","7085.285","Aktarma ba?lant?s?ndan veriler okunamad?: Ba?lan?lan uygun olarak belli bir s?re i?inde yan?t vermedi?inden veya kurulan
ba?lant? ba?lan?lan ana bilgisayar yan?t vermedi?inden bir ba?lant? kurulamad?.","False","0","False","False","0","False"
"d02f514d-e0e9-491f-b8d4-72c89c73fe78","MANIFEST_BOUND","hmail-perf-pair-service-20260901","06EFCBA9520D478A6DAC7ABB7F09F3B63D015A0CD5ECA1EB4D0FD2CC8C38F9FD","cpp","hmail_perf_pair_cpp_20260831_head3","C:\hmail-perf-pair-service-20260901\cpp\Data","B3DF9E8BBF4BEDB1102C94DF7C86356E1FEABCBC02A18E8EABEB1EA1453D09B8",,,"one TCP client and one sequential IMAP session per sample","0","PASS","45FA907CE0D3797C1E13EBB2F03F076A25656CCE27E801C18F745ACD3944FBBD","5136EEC556F9790732AE759EF52F77FE6172329EA55787A80300C4A824107E46","1","273","False","False","7087.592","Aktarma ba?lant?s?ndan veriler okunamad?: Ba?lan?lan uygun olarak belli bir s?re i?inde yan?t vermedi?inden veya kurulan
ba?lant? ba?lan?lan ana bilgisayar yan?t vermedi?inden bir ba?lant? kurulamad?.","False","0","False","False","0","False"
"d02f514d-e0e9-491f-b8d4-72c89c73fe78","MANIFEST_BOUND","hmail-perf-pair-service-20260901","06EFCBA9520D478A6DAC7ABB7F09F3B63D015A0CD5ECA1EB4D0FD2CC8C38F9FD","cpp","hmail_perf_pair_cpp_20260831_head3","C:\hmail-perf-pair-service-20260901\cpp\Data","B3DF9E8BBF4BEDB1102C94DF7C86356E1FEABCBC02A18E8EABEB1EA1453D09B8",,,"one TCP client and one sequential IMAP session per sample","0","PASS","45FA907CE0D3797C1E13EBB2F03F076A25656CCE27E801C18F745ACD3944FBBD","5136EEC556F9790732AE759EF52F77FE6172329EA55787A80300C4A824107E46","1","274","False","False","7083.074","Aktarma ba?lant?s?ndan veriler okunamad?: Ba?lan?lan uygun olarak belli bir s?re i?inde yan?t vermedi?inden veya kurulan
ba?lant? ba?lan?lan ana bilgisayar yan?t vermedi?inden bir ba?lant? kurulamad?.","False","0","False","False","0","False"
"d02f514d-e0e9-491f-b8d4-72c89c73fe78","MANIFEST_BOUND","hmail-perf-pair-service-20260901","06EFCBA9520D478A6DAC7ABB7F09F3B63D015A0CD5ECA1EB4D0FD2CC8C38F9FD","cpp","hmail_perf_pair_cpp_20260831_head3","C:\hmail-perf-pair-service-20260901\cpp\Data","B3DF9E8BBF4BEDB1102C94DF7C86356E1FEABCBC02A18E8EABEB1EA1453D09B8",,,"one TCP client and one sequential IMAP session per sample","0","PASS","45FA907CE0D3797C1E13EBB2F03F076A25656CCE27E801C18F745ACD3944FBBD","5136EEC556F9790732AE759EF52F77FE6172329EA55787A80300C4A824107E46","1","275","False","False","7080.638","Aktarma ba?lant?s?ndan veriler okunamad?: Ba?lan?lan uygun olarak belli bir s?re i?inde yan?t vermedi?inden veya kurulan
ba?lant? ba?lan?lan ana bilgisayar yan?t vermedi?inden bir ba?lant? kurulamad?.","False","0","False","False","0","False"
"d02f514d-e0e9-491f-b8d4-72c89c73fe78","MANIFEST_BOUND","hmail-perf-pair-service-20260901","06EFCBA9520D478A6DAC7ABB7F09F3B63D015A0CD5ECA1EB4D0FD2CC8C38F9FD","cpp","hmail_perf_pair_cpp_20260831_head3","C:\hmail-perf-pair-service-20260901\cpp\Data","B3DF9E8BBF4BEDB1102C94DF7C86356E1FEABCBC02A18E8EABEB1EA1453D09B8",,,"one TCP client and one sequential IMAP session per sample","0","PASS","45FA907CE0D3797C1E13EBB2F03F076A25656CCE27E801C18F745ACD3944FBBD","5136EEC556F9790732AE759EF52F77FE6172329EA55787A80300C4A824107E46","1","276","False","False","7076.914","Aktarma ba?lant?s?ndan veriler okunamad?: Ba?lan?lan uygun olarak belli bir s?re i?inde yan?t vermedi?inden veya kurulan
ba?lant? ba?lan?lan ana bilgisayar yan?t vermedi?inden bir ba?lant? kurulamad?.","False","0","False","False","0","False"
"d02f514d-e0e9-491f-b8d4-72c89c73fe78","MANIFEST_BOUND","hmail-perf-pair-service-20260901","06EFCBA9520D478A6DAC7ABB7F09F3B63D015A0CD5ECA1EB4D0FD2CC8C38F9FD","cpp","hmail_perf_pair_cpp_20260831_head3","C:\hmail-perf-pair-service-20260901\cpp\Data","B3DF9E8BBF4BEDB1102C94DF7C86356E1FEABCBC02A18E8EABEB1EA1453D09B8",,,"one TCP client and one sequential IMAP session per sample","0","PASS","45FA907CE0D3797C1E13EBB2F03F076A25656CCE27E801C18F745ACD3944FBBD","5136EEC556F9790732AE759EF52F77FE6172329EA55787A80300C4A824107E46","1","277","False","False","7076.988","Aktarma ba?lant?s?ndan veriler okunamad?: Ba?lan?lan uygun olarak belli bir s?re i?inde yan?t vermedi?inden veya kurulan
ba?lant? ba?lan?lan ana bilgisayar yan?t vermedi?inden bir ba?lant? kurulamad?.","False","0","False","False","0","False"
"d02f514d-e0e9-491f-b8d4-72c89c73fe78","MANIFEST_BOUND","hmail-perf-pair-service-20260901","06EFCBA9520D478A6DAC7ABB7F09F3B63D015A0CD5ECA1EB4D0FD2CC8C38F9FD","cpp","hmail_perf_pair_cpp_20260831_head3","C:\hmail-perf-pair-service-20260901\cpp\Data","B3DF9E8BBF4BEDB1102C94DF7C86356E1FEABCBC02A18E8EABEB1EA1453D09B8",,,"one TCP client and one sequential IMAP session per sample","0","PASS","45FA907CE0D3797C1E13EBB2F03F076A25656CCE27E801C18F745ACD3944FBBD","5136EEC556F9790732AE759EF52F77FE6172329EA55787A80300C4A824107E46","1","278","False","False","7075.191","Aktarma ba?lant?s?ndan veriler okunamad?: Ba?lan?lan uygun olarak belli bir s?re i?inde yan?t vermedi?inden veya kurulan
ba?lant? ba?lan?lan ana bilgisayar yan?t vermedi?inden bir ba?lant? kurulamad?.","False","0","False","False","0","False"
"d02f514d-e0e9-491f-b8d4-72c89c73fe78","MANIFEST_BOUND","hmail-perf-pair-service-20260901","06EFCBA9520D478A6DAC7ABB7F09F3B63D015A0CD5ECA1EB4D0FD2CC8C38F9FD","cpp","hmail_perf_pair_cpp_20260831_head3","C:\hmail-perf-pair-service-20260901\cpp\Data","B3DF9E8BBF4BEDB1102C94DF7C86356E1FEABCBC02A18E8EABEB1EA1453D09B8",,,"one TCP client and one sequential IMAP session per sample","0","PASS","45FA907CE0D3797C1E13EBB2F03F076A25656CCE27E801C18F745ACD3944FBBD","5136EEC556F9790732AE759EF52F77FE6172329EA55787A80300C4A824107E46","1","279","True","False","7125.576",,"True","1000","True","True","1000","True"
"d02f514d-e0e9-491f-b8d4-72c89c73fe78","MANIFEST_BOUND","hmail-perf-pair-service-20260901","06EFCBA9520D478A6DAC7ABB7F09F3B63D015A0CD5ECA1EB4D0FD2CC8C38F9FD","cpp","hmail_perf_pair_cpp_20260831_head3","C:\hmail-perf-pair-service-20260901\cpp\Data","B3DF9E8BBF4BEDB1102C94DF7C86356E1FEABCBC02A18E8EABEB1EA1453D09B8",,,"one TCP client and one sequential IMAP session per sample","0","PASS","45FA907CE0D3797C1E13EBB2F03F076A25656CCE27E801C18F745ACD3944FBBD","5136EEC556F9790732AE759EF52F77FE6172329EA55787A80300C4A824107E46","1","280","False","False","7084.265","Aktarma ba?lant?s?ndan veriler okunamad?: Ba?lan?lan uygun olarak belli bir s?re i?inde yan?t vermedi?inden veya kurulan
ba?lant? ba?lan?lan ana bilgisayar yan?t vermedi?inden bir ba?lant? kurulamad?.","False","0","False","False","0","False"
"d02f514d-e0e9-491f-b8d4-72c89c73fe78","MANIFEST_BOUND","hmail-perf-pair-service-20260901","06EFCBA9520D478A6DAC7ABB7F09F3B63D015A0CD5ECA1EB4D0FD2CC8C38F9FD","cpp","hmail_perf_pair_cpp_20260831_head3","C:\hmail-perf-pair-service-20260901\cpp\Data","B3DF9E8BBF4BEDB1102C94DF7C86356E1FEABCBC02A18E8EABEB1EA1453D09B8",,,"one TCP client and one sequential IMAP session per sample","0","PASS","45FA907CE0D3797C1E13EBB2F03F076A25656CCE27E801C18F745ACD3944FBBD","5136EEC556F9790732AE759EF52F77FE6172329EA55787A80300C4A824107E46","1","281","True","False","7501.336",,"True","1000","True","True","1000","True"
"d02f514d-e0e9-491f-b8d4-72c89c73fe78","MANIFEST_BOUND","hmail-perf-pair-service-20260901","06EFCBA9520D478A6DAC7ABB7F09F3B63D015A0CD5ECA1EB4D0FD2CC8C38F9FD","cpp","hmail_perf_pair_cpp_20260831_head3","C:\hmail-perf-pair-service-20260901\cpp\Data","B3DF9E8BBF4BEDB1102C94DF7C86356E1FEABCBC02A18E8EABEB1EA1453D09B8",,,"one TCP client and one sequential IMAP session per sample","0","PASS","45FA907CE0D3797C1E13EBB2F03F076A25656CCE27E801C18F745ACD3944FBBD","5136EEC556F9790732AE759EF52F77FE6172329EA55787A80300C4A824107E46","1","282","True","False","7584.01",,"True","1000","True","True","1000","True"
"d02f514d-e0e9-491f-b8d4-72c89c73fe78","MANIFEST_BOUND","hmail-perf-pair-service-20260901","06EFCBA9520D478A6DAC7ABB7F09F3B63D015A0CD5ECA1EB4D0FD2CC8C38F9FD","cpp","hmail_perf_pair_cpp_20260831_head3","C:\hmail-perf-pair-service-20260901\cpp\Data","B3DF9E8BBF4BEDB1102C94DF7C86356E1FEABCBC02A18E8EABEB1EA1453D09B8",,,"one TCP client and one sequential IMAP session per sample","0","PASS","45FA907CE0D3797C1E13EBB2F03F076A25656CCE27E801C18F745ACD3944FBBD","5136EEC556F9790732AE759EF52F77FE6172329EA55787A80300C4A824107E46","1","283","True","False","7616.9",,"True","1000","True","True","1000","True"
"d02f514d-e0e9-491f-b8d4-72c89c73fe78","MANIFEST_BOUND","hmail-perf-pair-service-20260901","06EFCBA9520D478A6DAC7ABB7F09F3B63D015A0CD5ECA1EB4D0FD2CC8C38F9FD","cpp","hmail_perf_pair_cpp_20260831_head3","C:\hmail-perf-pair-service-20260901\cpp\Data","B3DF9E8BBF4BEDB1102C94DF7C86356E1FEABCBC02A18E8EABEB1EA1453D09B8",,,"one TCP client and one sequential IMAP session per sample","0","PASS","45FA907CE0D3797C1E13EBB2F03F076A25656CCE27E801C18F745ACD3944FBBD","5136EEC556F9790732AE759EF52F77FE6172329EA55787A80300C4A824107E46","1","284","False","False","7080","Aktarma ba?lant?s?ndan veriler okunamad?: Ba?lan?lan uygun olarak belli bir s?re i?inde yan?t vermedi?inden veya kurulan
ba?lant? ba?lan?lan ana bilgisayar yan?t vermedi?inden bir ba?lant? kurulamad?.","False","0","False","False","0","False"
"d02f514d-e0e9-491f-b8d4-72c89c73fe78","MANIFEST_BOUND","hmail-perf-pair-service-20260901","06EFCBA9520D478A6DAC7ABB7F09F3B63D015A0CD5ECA1EB4D0FD2CC8C38F9FD","cpp","hmail_perf_pair_cpp_20260831_head3","C:\hmail-perf-pair-service-20260901\cpp\Data","B3DF9E8BBF4BEDB1102C94DF7C86356E1FEABCBC02A18E8EABEB1EA1453D09B8",,,"one TCP client and one sequential IMAP session per sample","0","PASS","45FA907CE0D3797C1E13EBB2F03F076A25656CCE27E801C18F745ACD3944FBBD","5136EEC556F9790732AE759EF52F77FE6172329EA55787A80300C4A824107E46","1","285","False","False","7076.033","Aktarma ba?lant?s?ndan veriler okunamad?: Ba?lan?lan uygun olarak belli bir s?re i?inde yan?t vermedi?inden veya kurulan
ba?lant? ba?lan?lan ana bilgisayar yan?t vermedi?inden bir ba?lant? kurulamad?.","False","0","False","False","0","False"
"d02f514d-e0e9-491f-b8d4-72c89c73fe78","MANIFEST_BOUND","hmail-perf-pair-service-20260901","06EFCBA9520D478A6DAC7ABB7F09F3B63D015A0CD5ECA1EB4D0FD2CC8C38F9FD","cpp","hmail_perf_pair_cpp_20260831_head3","C:\hmail-perf-pair-service-20260901\cpp\Data","B3DF9E8BBF4BEDB1102C94DF7C86356E1FEABCBC02A18E8EABEB1EA1453D09B8",,,"one TCP client and one sequential IMAP session per sample","0","PASS","45FA907CE0D3797C1E13EBB2F03F076A25656CCE27E801C18F745ACD3944FBBD","5136EEC556F9790732AE759EF52F77FE6172329EA55787A80300C4A824107E46","1","286","False","False","7076.414","Aktarma ba?lant?s?ndan veriler okunamad?: Ba?lan?lan uygun olarak belli bir s?re i?inde yan?t vermedi?inden veya kurulan
ba?lant? ba?lan?lan ana bilgisayar yan?t vermedi?inden bir ba?lant? kurulamad?.","False","0","False","False","0","False"
"d02f514d-e0e9-491f-b8d4-72c89c73fe78","MANIFEST_BOUND","hmail-perf-pair-service-20260901","06EFCBA9520D478A6DAC7ABB7F09F3B63D015A0CD5ECA1EB4D0FD2CC8C38F9FD","cpp","hmail_perf_pair_cpp_20260831_head3","C:\hmail-perf-pair-service-20260901\cpp\Data","B3DF9E8BBF4BEDB1102C94DF7C86356E1FEABCBC02A18E8EABEB1EA1453D09B8",,,"one TCP client and one sequential IMAP session per sample","0","PASS","45FA907CE0D3797C1E13EBB2F03F076A25656CCE27E801C18F745ACD3944FBBD","5136EEC556F9790732AE759EF52F77FE6172329EA55787A80300C4A824107E46","1","287","False","False","7083.37","Aktarma ba?lant?s?ndan veriler okunamad?: Ba?lan?lan uygun olarak belli bir s?re i?inde yan?t vermedi?inden veya kurulan
ba?lant? ba?lan?lan ana bilgisayar yan?t vermedi?inden bir ba?lant? kurulamad?.","False","0","False","False","0","False"
"d02f514d-e0e9-491f-b8d4-72c89c73fe78","MANIFEST_BOUND","hmail-perf-pair-service-20260901","06EFCBA9520D478A6DAC7ABB7F09F3B63D015A0CD5ECA1EB4D0FD2CC8C38F9FD","cpp","hmail_perf_pair_cpp_20260831_head3","C:\hmail-perf-pair-service-20260901\cpp\Data","B3DF9E8BBF4BEDB1102C94DF7C86356E1FEABCBC02A18E8EABEB1EA1453D09B8",,,"one TCP client and one sequential IMAP session per sample","0","PASS","45FA907CE0D3797C1E13EBB2F03F076A25656CCE27E801C18F745ACD3944FBBD","5136EEC556F9790732AE759EF52F77FE6172329EA55787A80300C4A824107E46","1","288","True","False","6490.982",,"True","1000","True","True","1000","True"
"d02f514d-e0e9-491f-b8d4-72c89c73fe78","MANIFEST_BOUND","hmail-perf-pair-service-20260901","06EFCBA9520D478A6DAC7ABB7F09F3B63D015A0CD5ECA1EB4D0FD2CC8C38F9FD","cpp","hmail_perf_pair_cpp_20260831_head3","C:\hmail-perf-pair-service-20260901\cpp\Data","B3DF9E8BBF4BEDB1102C94DF7C86356E1FEABCBC02A18E8EABEB1EA1453D09B8",,,"one TCP client and one sequential IMAP session per sample","0","PASS","45FA907CE0D3797C1E13EBB2F03F076A25656CCE27E801C18F745ACD3944FBBD","5136EEC556F9790732AE759EF52F77FE6172329EA55787A80300C4A824107E46","1","289","False","False","7080.35","Aktarma ba?lant?s?ndan veriler okunamad?: Ba?lan?lan uygun olarak belli bir s?re i?inde yan?t vermedi?inden veya kurulan
ba?lant? ba?lan?lan ana bilgisayar yan?t vermedi?inden bir ba?lant? kurulamad?.","False","0","False","False","0","False"
"d02f514d-e0e9-491f-b8d4-72c89c73fe78","MANIFEST_BOUND","hmail-perf-pair-service-20260901","06EFCBA9520D478A6DAC7ABB7F09F3B63D015A0CD5ECA1EB4D0FD2CC8C38F9FD","cpp","hmail_perf_pair_cpp_20260831_head3","C:\hmail-perf-pair-service-20260901\cpp\Data","B3DF9E8BBF4BEDB1102C94DF7C86356E1FEABCBC02A18E8EABEB1EA1453D09B8",,,"one TCP client and one sequential IMAP session per sample","0","PASS","45FA907CE0D3797C1E13EBB2F03F076A25656CCE27E801C18F745ACD3944FBBD","5136EEC556F9790732AE759EF52F77FE6172329EA55787A80300C4A824107E46","1","290","False","False","7078.234","Aktarma ba?lant?s?ndan veriler okunamad?: Ba?lan?lan uygun olarak belli bir s?re i?inde yan?t vermedi?inden veya kurulan
ba?lant? ba?lan?lan ana bilgisayar yan?t vermedi?inden bir ba?lant? kurulamad?.","False","0","False","False","0","False"
"d02f514d-e0e9-491f-b8d4-72c89c73fe78","MANIFEST_BOUND","hmail-perf-pair-service-20260901","06EFCBA9520D478A6DAC7ABB7F09F3B63D015A0CD5ECA1EB4D0FD2CC8C38F9FD","cpp","hmail_perf_pair_cpp_20260831_head3","C:\hmail-perf-pair-service-20260901\cpp\Data","B3DF9E8BBF4BEDB1102C94DF7C86356E1FEABCBC02A18E8EABEB1EA1453D09B8",,,"one TCP client and one sequential IMAP session per sample","0","PASS","45FA907CE0D3797C1E13EBB2F03F076A25656CCE27E801C18F745ACD3944FBBD","5136EEC556F9790732AE759EF52F77FE6172329EA55787A80300C4A824107E46","1","291","False","False","7081.654","Aktarma ba?lant?s?ndan veriler okunamad?: Ba?lan?lan uygun olarak belli bir s?re i?inde yan?t vermedi?inden veya kurulan
ba?lant? ba?lan?lan ana bilgisayar yan?t vermedi?inden bir ba?lant? kurulamad?.","False","0","False","False","0","False"
"d02f514d-e0e9-491f-b8d4-72c89c73fe78","MANIFEST_BOUND","hmail-perf-pair-service-20260901","06EFCBA9520D478A6DAC7ABB7F09F3B63D015A0CD5ECA1EB4D0FD2CC8C38F9FD","cpp","hmail_perf_pair_cpp_20260831_head3","C:\hmail-perf-pair-service-20260901\cpp\Data","B3DF9E8BBF4BEDB1102C94DF7C86356E1FEABCBC02A18E8EABEB1EA1453D09B8",,,"one TCP client and one sequential IMAP session per sample","0","PASS","45FA907CE0D3797C1E13EBB2F03F076A25656CCE27E801C18F745ACD3944FBBD","5136EEC556F9790732AE759EF52F77FE6172329EA55787A80300C4A824107E46","1","292","False","False","7074.846","Aktarma ba?lant?s?ndan veriler okunamad?: Ba?lan?lan uygun olarak belli bir s?re i?inde yan?t vermedi?inden veya kurulan
ba?lant? ba?lan?lan ana bilgisayar yan?t vermedi?inden bir ba?lant? kurulamad?.","False","0","False","False","0","False"
"d02f514d-e0e9-491f-b8d4-72c89c73fe78","MANIFEST_BOUND","hmail-perf-pair-service-20260901","06EFCBA9520D478A6DAC7ABB7F09F3B63D015A0CD5ECA1EB4D0FD2CC8C38F9FD","cpp","hmail_perf_pair_cpp_20260831_head3","C:\hmail-perf-pair-service-20260901\cpp\Data","B3DF9E8BBF4BEDB1102C94DF7C86356E1FEABCBC02A18E8EABEB1EA1453D09B8",,,"one TCP client and one sequential IMAP session per sample","0","PASS","45FA907CE0D3797C1E13EBB2F03F076A25656CCE27E801C18F745ACD3944FBBD","5136EEC556F9790732AE759EF52F77FE6172329EA55787A80300C4A824107E46","1","293","False","False","7078.303","Aktarma ba?lant?s?ndan veriler okunamad?: Ba?lan?lan uygun olarak belli bir s?re i?inde yan?t vermedi?inden veya kurulan
ba?lant? ba?lan?lan ana bilgisayar yan?t vermedi?inden bir ba?lant? kurulamad?.","False","0","False","False","0","False"
"d02f514d-e0e9-491f-b8d4-72c89c73fe78","MANIFEST_BOUND","hmail-perf-pair-service-20260901","06EFCBA9520D478A6DAC7ABB7F09F3B63D015A0CD5ECA1EB4D0FD2CC8C38F9FD","cpp","hmail_perf_pair_cpp_20260831_head3","C:\hmail-perf-pair-service-20260901\cpp\Data","B3DF9E8BBF4BEDB1102C94DF7C86356E1FEABCBC02A18E8EABEB1EA1453D09B8",,,"one TCP client and one sequential IMAP session per sample","0","PASS","45FA907CE0D3797C1E13EBB2F03F076A25656CCE27E801C18F745ACD3944FBBD","5136EEC556F9790732AE759EF52F77FE6172329EA55787A80300C4A824107E46","1","294","False","False","7076.43","Aktarma ba?lant?s?ndan veriler okunamad?: Ba?lan?lan uygun olarak belli bir s?re i?inde yan?t vermedi?inden veya kurulan
ba?lant? ba?lan?lan ana bilgisayar yan?t vermedi?inden bir ba?lant? kurulamad?.","False","0","False","False","0","False"
"d02f514d-e0e9-491f-b8d4-72c89c73fe78","MANIFEST_BOUND","hmail-perf-pair-service-20260901","06EFCBA9520D478A6DAC7ABB7F09F3B63D015A0CD5ECA1EB4D0FD2CC8C38F9FD","cpp","hmail_perf_pair_cpp_20260831_head3","C:\hmail-perf-pair-service-20260901\cpp\Data","B3DF9E8BBF4BEDB1102C94DF7C86356E1FEABCBC02A18E8EABEB1EA1453D09B8",,,"one TCP client and one sequential IMAP session per sample","0","PASS","45FA907CE0D3797C1E13EBB2F03F076A25656CCE27E801C18F745ACD3944FBBD","5136EEC556F9790732AE759EF52F77FE6172329EA55787A80300C4A824107E46","1","295","False","False","7077.819","Aktarma ba?lant?s?ndan veriler okunamad?: Ba?lan?lan uygun olarak belli bir s?re i?inde yan?t vermedi?inden veya kurulan
ba?lant? ba?lan?lan ana bilgisayar yan?t vermedi?inden bir ba?lant? kurulamad?.","False","0","False","False","0","False"
"d02f514d-e0e9-491f-b8d4-72c89c73fe78","MANIFEST_BOUND","hmail-perf-pair-service-20260901","06EFCBA9520D478A6DAC7ABB7F09F3B63D015A0CD5ECA1EB4D0FD2CC8C38F9FD","cpp","hmail_perf_pair_cpp_20260831_head3","C:\hmail-perf-pair-service-20260901\cpp\Data","B3DF9E8BBF4BEDB1102C94DF7C86356E1FEABCBC02A18E8EABEB1EA1453D09B8",,,"one TCP client and one sequential IMAP session per sample","0","PASS","45FA907CE0D3797C1E13EBB2F03F076A25656CCE27E801C18F745ACD3944FBBD","5136EEC556F9790732AE759EF52F77FE6172329EA55787A80300C4A824107E46","1","296","True","False","6187.572",,"True","1000","True","True","1000","True"
"d02f514d-e0e9-491f-b8d4-72c89c73fe78","MANIFEST_BOUND","hmail-perf-pair-service-20260901","06EFCBA9520D478A6DAC7ABB7F09F3B63D015A0CD5ECA1EB4D0FD2CC8C38F9FD","cpp","hmail_perf_pair_cpp_20260831_head3","C:\hmail-perf-pair-service-20260901\cpp\Data","B3DF9E8BBF4BEDB1102C94DF7C86356E1FEABCBC02A18E8EABEB1EA1453D09B8",,,"one TCP client and one sequential IMAP session per sample","0","PASS","45FA907CE0D3797C1E13EBB2F03F076A25656CCE27E801C18F745ACD3944FBBD","5136EEC556F9790732AE759EF52F77FE6172329EA55787A80300C4A824107E46","1","297","False","False","7083.045","Aktarma ba?lant?s?ndan veriler okunamad?: Ba?lan?lan uygun olarak belli bir s?re i?inde yan?t vermedi?inden veya kurulan
ba?lant? ba?lan?lan ana bilgisayar yan?t vermedi?inden bir ba?lant? kurulamad?.","False","0","False","False","0","False"
"d02f514d-e0e9-491f-b8d4-72c89c73fe78","MANIFEST_BOUND","hmail-perf-pair-service-20260901","06EFCBA9520D478A6DAC7ABB7F09F3B63D015A0CD5ECA1EB4D0FD2CC8C38F9FD","cpp","hmail_perf_pair_cpp_20260831_head3","C:\hmail-perf-pair-service-20260901\cpp\Data","B3DF9E8BBF4BEDB1102C94DF7C86356E1FEABCBC02A18E8EABEB1EA1453D09B8",,,"one TCP client and one sequential IMAP session per sample","0","PASS","45FA907CE0D3797C1E13EBB2F03F076A25656CCE27E801C18F745ACD3944FBBD","5136EEC556F9790732AE759EF52F77FE6172329EA55787A80300C4A824107E46","1","298","False","False","7080.326","Aktarma ba?lant?s?ndan veriler okunamad?: Ba?lan?lan uygun olarak belli bir s?re i?inde yan?t vermedi?inden veya kurulan
ba?lant? ba?lan?lan ana bilgisayar yan?t vermedi?inden bir ba?lant? kurulamad?.","False","0","False","False","0","False"
"d02f514d-e0e9-491f-b8d4-72c89c73fe78","MANIFEST_BOUND","hmail-perf-pair-service-20260901","06EFCBA9520D478A6DAC7ABB7F09F3B63D015A0CD5ECA1EB4D0FD2CC8C38F9FD","cpp","hmail_perf_pair_cpp_20260831_head3","C:\hmail-perf-pair-service-20260901\cpp\Data","B3DF9E8BBF4BEDB1102C94DF7C86356E1FEABCBC02A18E8EABEB1EA1453D09B8",,,"one TCP client and one sequential IMAP session per sample","0","PASS","45FA907CE0D3797C1E13EBB2F03F076A25656CCE27E801C18F745ACD3944FBBD","5136EEC556F9790732AE759EF52F77FE6172329EA55787A80300C4A824107E46","1","299","False","False","7080.652","Aktarma ba?lant?s?ndan veriler okunamad?: Ba?lan?lan uygun olarak belli bir s?re i?inde yan?t vermedi?inden veya kurulan
ba?lant? ba?lan?lan ana bilgisayar yan?t vermedi?inden bir ba?lant? kurulamad?.","False","0","False","False","0","False"
"d02f514d-e0e9-491f-b8d4-72c89c73fe78","MANIFEST_BOUND","hmail-perf-pair-service-20260901","06EFCBA9520D478A6DAC7ABB7F09F3B63D015A0CD5ECA1EB4D0FD2CC8C38F9FD","cpp","hmail_perf_pair_cpp_20260831_head3","C:\hmail-perf-pair-service-20260901\cpp\Data","B3DF9E8BBF4BEDB1102C94DF7C86356E1FEABCBC02A18E8EABEB1EA1453D09B8",,,"one TCP client and one sequential IMAP session per sample","0","PASS","45FA907CE0D3797C1E13EBB2F03F076A25656CCE27E801C18F745ACD3944FBBD","5136EEC556F9790732AE759EF52F77FE6172329EA55787A80300C4A824107E46","1","300","False","False","7074.684","Aktarma ba?lant?s?ndan veriler okunamad?: Ba?lan?lan uygun olarak belli bir s?re i?inde yan?t vermedi?inden veya kurulan
ba?lant? ba?lan?lan ana bilgisayar yan?t vermedi?inden bir ba?lant? kurulamad?.","False","0","False","False","0","False"
"d02f514d-e0e9-491f-b8d4-72c89c73fe78","MANIFEST_BOUND","hmail-perf-pair-service-20260901","06EFCBA9520D478A6DAC7ABB7F09F3B63D015A0CD5ECA1EB4D0FD2CC8C38F9FD","cpp","hmail_perf_pair_cpp_20260831_head3","C:\hmail-perf-pair-service-20260901\cpp\Data","B3DF9E8BBF4BEDB1102C94DF7C86356E1FEABCBC02A18E8EABEB1EA1453D09B8",,,"one TCP client and one sequential IMAP session per sample","0","PASS","45FA907CE0D3797C1E13EBB2F03F076A25656CCE27E801C18F745ACD3944FBBD","5136EEC556F9790732AE759EF52F77FE6172329EA55787A80300C4A824107E46","1","301","False","False","7079.69","Aktarma ba?lant?s?ndan veriler okunamad?: Ba?lan?lan uygun olarak belli bir s?re i?inde yan?t vermedi?inden veya kurulan
ba?lant? ba?lan?lan ana bilgisayar yan?t vermedi?inden bir ba?lant? kurulamad?.","False","0","False","False","0","False"
"d02f514d-e0e9-491f-b8d4-72c89c73fe78","MANIFEST_BOUND","hmail-perf-pair-service-20260901","06EFCBA9520D478A6DAC7ABB7F09F3B63D015A0CD5ECA1EB4D0FD2CC8C38F9FD","cpp","hmail_perf_pair_cpp_20260831_head3","C:\hmail-perf-pair-service-20260901\cpp\Data","B3DF9E8BBF4BEDB1102C94DF7C86356E1FEABCBC02A18E8EABEB1EA1453D09B8",,,"one TCP client and one sequential IMAP session per sample","0","PASS","45FA907CE0D3797C1E13EBB2F03F076A25656CCE27E801C18F745ACD3944FBBD","5136EEC556F9790732AE759EF52F77FE6172329EA55787A80300C4A824107E46","1","302","False","False","7074.602","Aktarma ba?lant?s?ndan veriler okunamad?: Ba?lan?lan uygun olarak belli bir s?re i?inde yan?t vermedi?inden veya kurulan
ba?lant? ba?lan?lan ana bilgisayar yan?t vermedi?inden bir ba?lant? kurulamad?.","False","0","False","False","0","False"
"d02f514d-e0e9-491f-b8d4-72c89c73fe78","MANIFEST_BOUND","hmail-perf-pair-service-20260901","06EFCBA9520D478A6DAC7ABB7F09F3B63D015A0CD5ECA1EB4D0FD2CC8C38F9FD","cpp","hmail_perf_pair_cpp_20260831_head3","C:\hmail-perf-pair-service-20260901\cpp\Data","B3DF9E8BBF4BEDB1102C94DF7C86356E1FEABCBC02A18E8EABEB1EA1453D09B8",,,"one TCP client and one sequential IMAP session per sample","0","PASS","45FA907CE0D3797C1E13EBB2F03F076A25656CCE27E801C18F745ACD3944FBBD","5136EEC556F9790732AE759EF52F77FE6172329EA55787A80300C4A824107E46","1","303","False","False","7074.638","Aktarma ba?lant?s?ndan veriler okunamad?: Ba?lan?lan uygun olarak belli bir s?re i?inde yan?t vermedi?inden veya kurulan
ba?lant? ba?lan?lan ana bilgisayar yan?t vermedi?inden bir ba?lant? kurulamad?.","False","0","False","False","0","False"
"d02f514d-e0e9-491f-b8d4-72c89c73fe78","MANIFEST_BOUND","hmail-perf-pair-service-20260901","06EFCBA9520D478A6DAC7ABB7F09F3B63D015A0CD5ECA1EB4D0FD2CC8C38F9FD","cpp","hmail_perf_pair_cpp_20260831_head3","C:\hmail-perf-pair-service-20260901\cpp\Data","B3DF9E8BBF4BEDB1102C94DF7C86356E1FEABCBC02A18E8EABEB1EA1453D09B8",,,"one TCP client and one sequential IMAP session per sample","0","PASS","45FA907CE0D3797C1E13EBB2F03F076A25656CCE27E801C18F745ACD3944FBBD","5136EEC556F9790732AE759EF52F77FE6172329EA55787A80300C4A824107E46","1","304","False","False","7082.86","Aktarma ba?lant?s?ndan veriler okunamad?: Ba?lan?lan uygun olarak belli bir s?re i?inde yan?t vermedi?inden veya kurulan
ba?lant? ba?lan?lan ana bilgisayar yan?t vermedi?inden bir ba?lant? kurulamad?.","False","0","False","False","0","False"
"d02f514d-e0e9-491f-b8d4-72c89c73fe78","MANIFEST_BOUND","hmail-perf-pair-service-20260901","06EFCBA9520D478A6DAC7ABB7F09F3B63D015A0CD5ECA1EB4D0FD2CC8C38F9FD","cpp","hmail_perf_pair_cpp_20260831_head3","C:\hmail-perf-pair-service-20260901\cpp\Data","B3DF9E8BBF4BEDB1102C94DF7C86356E1FEABCBC02A18E8EABEB1EA1453D09B8",,,"one TCP client and one sequential IMAP session per sample","0","PASS","45FA907CE0D3797C1E13EBB2F03F076A25656CCE27E801C18F745ACD3944FBBD","5136EEC556F9790732AE759EF52F77FE6172329EA55787A80300C4A824107E46","1","305","False","False","7082.225","Aktarma ba?lant?s?ndan veriler okunamad?: Ba?lan?lan uygun olarak belli bir s?re i?inde yan?t vermedi?inden veya kurulan
ba?lant? ba?lan?lan ana bilgisayar yan?t vermedi?inden bir ba?lant? kurulamad?.","False","0","False","False","0","False"
"d02f514d-e0e9-491f-b8d4-72c89c73fe78","MANIFEST_BOUND","hmail-perf-pair-service-20260901","06EFCBA9520D478A6DAC7ABB7F09F3B63D015A0CD5ECA1EB4D0FD2CC8C38F9FD","cpp","hmail_perf_pair_cpp_20260831_head3","C:\hmail-perf-pair-service-20260901\cpp\Data","B3DF9E8BBF4BEDB1102C94DF7C86356E1FEABCBC02A18E8EABEB1EA1453D09B8",,,"one TCP client and one sequential IMAP session per sample","0","PASS","45FA907CE0D3797C1E13EBB2F03F076A25656CCE27E801C18F745ACD3944FBBD","5136EEC556F9790732AE759EF52F77FE6172329EA55787A80300C4A824107E46","1","306","False","False","7079.774","Aktarma ba?lant?s?ndan veriler okunamad?: Ba?lan?lan uygun olarak belli bir s?re i?inde yan?t vermedi?inden veya kurulan
ba?lant? ba?lan?lan ana bilgisayar yan?t vermedi?inden bir ba?lant? kurulamad?.","False","0","False","False","0","False"
"d02f514d-e0e9-491f-b8d4-72c89c73fe78","MANIFEST_BOUND","hmail-perf-pair-service-20260901","06EFCBA9520D478A6DAC7ABB7F09F3B63D015A0CD5ECA1EB4D0FD2CC8C38F9FD","cpp","hmail_perf_pair_cpp_20260831_head3","C:\hmail-perf-pair-service-20260901\cpp\Data","B3DF9E8BBF4BEDB1102C94DF7C86356E1FEABCBC02A18E8EABEB1EA1453D09B8",,,"one TCP client and one sequential IMAP session per sample","0","PASS","45FA907CE0D3797C1E13EBB2F03F076A25656CCE27E801C18F745ACD3944FBBD","5136EEC556F9790732AE759EF52F77FE6172329EA55787A80300C4A824107E46","1","307","False","False","7081.534","Aktarma ba?lant?s?ndan veriler okunamad?: Ba?lan?lan uygun olarak belli bir s?re i?inde yan?t vermedi?inden veya kurulan
ba?lant? ba?lan?lan ana bilgisayar yan?t vermedi?inden bir ba?lant? kurulamad?.","False","0","False","False","0","False"
"d02f514d-e0e9-491f-b8d4-72c89c73fe78","MANIFEST_BOUND","hmail-perf-pair-service-20260901","06EFCBA9520D478A6DAC7ABB7F09F3B63D015A0CD5ECA1EB4D0FD2CC8C38F9FD","cpp","hmail_perf_pair_cpp_20260831_head3","C:\hmail-perf-pair-service-20260901\cpp\Data","B3DF9E8BBF4BEDB1102C94DF7C86356E1FEABCBC02A18E8EABEB1EA1453D09B8",,,"one TCP client and one sequential IMAP session per sample","0","PASS","45FA907CE0D3797C1E13EBB2F03F076A25656CCE27E801C18F745ACD3944FBBD","5136EEC556F9790732AE759EF52F77FE6172329EA55787A80300C4A824107E46","1","308","False","False","7083.863","Aktarma ba?lant?s?ndan veriler okunamad?: Ba?lan?lan uygun olarak belli bir s?re i?inde yan?t vermedi?inden veya kurulan
ba?lant? ba?lan?lan ana bilgisayar yan?t vermedi?inden bir ba?lant? kurulamad?.","False","0","False","False","0","False"
"d02f514d-e0e9-491f-b8d4-72c89c73fe78","MANIFEST_BOUND","hmail-perf-pair-service-20260901","06EFCBA9520D478A6DAC7ABB7F09F3B63D015A0CD5ECA1EB4D0FD2CC8C38F9FD","cpp","hmail_perf_pair_cpp_20260831_head3","C:\hmail-perf-pair-service-20260901\cpp\Data","B3DF9E8BBF4BEDB1102C94DF7C86356E1FEABCBC02A18E8EABEB1EA1453D09B8",,,"one TCP client and one sequential IMAP session per sample","0","PASS","45FA907CE0D3797C1E13EBB2F03F076A25656CCE27E801C18F745ACD3944FBBD","5136EEC556F9790732AE759EF52F77FE6172329EA55787A80300C4A824107E46","1","309","False","False","7078.473","Aktarma ba?lant?s?ndan veriler okunamad?: Ba?lan?lan uygun olarak belli bir s?re i?inde yan?t vermedi?inden veya kurulan
ba?lant? ba?lan?lan ana bilgisayar yan?t vermedi?inden bir ba?lant? kurulamad?.","False","0","False","False","0","False"
"d02f514d-e0e9-491f-b8d4-72c89c73fe78","MANIFEST_BOUND","hmail-perf-pair-service-20260901","06EFCBA9520D478A6DAC7ABB7F09F3B63D015A0CD5ECA1EB4D0FD2CC8C38F9FD","cpp","hmail_perf_pair_cpp_20260831_head3","C:\hmail-perf-pair-service-20260901\cpp\Data","B3DF9E8BBF4BEDB1102C94DF7C86356E1FEABCBC02A18E8EABEB1EA1453D09B8",,,"one TCP client and one sequential IMAP session per sample","0","PASS","45FA907CE0D3797C1E13EBB2F03F076A25656CCE27E801C18F745ACD3944FBBD","5136EEC556F9790732AE759EF52F77FE6172329EA55787A80300C4A824107E46","1","310","False","False","7073.563","Aktarma ba?lant?s?ndan veriler okunamad?: Ba?lan?lan uygun olarak belli bir s?re i?inde yan?t vermedi?inden veya kurulan
ba?lant? ba?lan?lan ana bilgisayar yan?t vermedi?inden bir ba?lant? kurulamad?.","False","0","False","False","0","False"
"d02f514d-e0e9-491f-b8d4-72c89c73fe78","MANIFEST_BOUND","hmail-perf-pair-service-20260901","06EFCBA9520D478A6DAC7ABB7F09F3B63D015A0CD5ECA1EB4D0FD2CC8C38F9FD","cpp","hmail_perf_pair_cpp_20260831_head3","C:\hmail-perf-pair-service-20260901\cpp\Data","B3DF9E8BBF4BEDB1102C94DF7C86356E1FEABCBC02A18E8EABEB1EA1453D09B8",,,"one TCP client and one sequential IMAP session per sample","0","PASS","45FA907CE0D3797C1E13EBB2F03F076A25656CCE27E801C18F745ACD3944FBBD","5136EEC556F9790732AE759EF52F77FE6172329EA55787A80300C4A824107E46","1","311","False","False","7078.906","Aktarma ba?lant?s?ndan veriler okunamad?: Ba?lan?lan uygun olarak belli bir s?re i?inde yan?t vermedi?inden veya kurulan
ba?lant? ba?lan?lan ana bilgisayar yan?t vermedi?inden bir ba?lant? kurulamad?.","False","0","False","False","0","False"
"d02f514d-e0e9-491f-b8d4-72c89c73fe78","MANIFEST_BOUND","hmail-perf-pair-service-20260901","06EFCBA9520D478A6DAC7ABB7F09F3B63D015A0CD5ECA1EB4D0FD2CC8C38F9FD","cpp","hmail_perf_pair_cpp_20260831_head3","C:\hmail-perf-pair-service-20260901\cpp\Data","B3DF9E8BBF4BEDB1102C94DF7C86356E1FEABCBC02A18E8EABEB1EA1453D09B8",,,"one TCP client and one sequential IMAP session per sample","0","PASS","45FA907CE0D3797C1E13EBB2F03F076A25656CCE27E801C18F745ACD3944FBBD","5136EEC556F9790732AE759EF52F77FE6172329EA55787A80300C4A824107E46","1","312","False","False","7082.072","Aktarma ba?lant?s?ndan veriler okunamad?: Ba?lan?lan uygun olarak belli bir s?re i?inde yan?t vermedi?inden veya kurulan
ba?lant? ba?lan?lan ana bilgisayar yan?t vermedi?inden bir ba?lant? kurulamad?.","False","0","False","False","0","False"
"d02f514d-e0e9-491f-b8d4-72c89c73fe78","MANIFEST_BOUND","hmail-perf-pair-service-20260901","06EFCBA9520D478A6DAC7ABB7F09F3B63D015A0CD5ECA1EB4D0FD2CC8C38F9FD","cpp","hmail_perf_pair_cpp_20260831_head3","C:\hmail-perf-pair-service-20260901\cpp\Data","B3DF9E8BBF4BEDB1102C94DF7C86356E1FEABCBC02A18E8EABEB1EA1453D09B8",,,"one TCP client and one sequential IMAP session per sample","0","PASS","45FA907CE0D3797C1E13EBB2F03F076A25656CCE27E801C18F745ACD3944FBBD","5136EEC556F9790732AE759EF52F77FE6172329EA55787A80300C4A824107E46","1","313","False","False","7082.642","Aktarma ba?lant?s?ndan veriler okunamad?: Ba?lan?lan uygun olarak belli bir s?re i?inde yan?t vermedi?inden veya kurulan
ba?lant? ba?lan?lan ana bilgisayar yan?t vermedi?inden bir ba?lant? kurulamad?.","False","0","False","False","0","False"
"d02f514d-e0e9-491f-b8d4-72c89c73fe78","MANIFEST_BOUND","hmail-perf-pair-service-20260901","06EFCBA9520D478A6DAC7ABB7F09F3B63D015A0CD5ECA1EB4D0FD2CC8C38F9FD","cpp","hmail_perf_pair_cpp_20260831_head3","C:\hmail-perf-pair-service-20260901\cpp\Data","B3DF9E8BBF4BEDB1102C94DF7C86356E1FEABCBC02A18E8EABEB1EA1453D09B8",,,"one TCP client and one sequential IMAP session per sample","0","PASS","45FA907CE0D3797C1E13EBB2F03F076A25656CCE27E801C18F745ACD3944FBBD","5136EEC556F9790732AE759EF52F77FE6172329EA55787A80300C4A824107E46","1","314","True","False","6211.959",,"True","1000","True","True","1000","True"
"d02f514d-e0e9-491f-b8d4-72c89c73fe78","MANIFEST_BOUND","hmail-perf-pair-service-20260901","06EFCBA9520D478A6DAC7ABB7F09F3B63D015A0CD5ECA1EB4D0FD2CC8C38F9FD","cpp","hmail_perf_pair_cpp_20260831_head3","C:\hmail-perf-pair-service-20260901\cpp\Data","B3DF9E8BBF4BEDB1102C94DF7C86356E1FEABCBC02A18E8EABEB1EA1453D09B8",,,"one TCP client and one sequential IMAP session per sample","0","PASS","45FA907CE0D3797C1E13EBB2F03F076A25656CCE27E801C18F745ACD3944FBBD","5136EEC556F9790732AE759EF52F77FE6172329EA55787A80300C4A824107E46","1","315","False","False","7079.097","Aktarma ba?lant?s?ndan veriler okunamad?: Ba?lan?lan uygun olarak belli bir s?re i?inde yan?t vermedi?inden veya kurulan
ba?lant? ba?lan?lan ana bilgisayar yan?t vermedi?inden bir ba?lant? kurulamad?.","False","0","False","False","0","False"
"d02f514d-e0e9-491f-b8d4-72c89c73fe78","MANIFEST_BOUND","hmail-perf-pair-service-20260901","06EFCBA9520D478A6DAC7ABB7F09F3B63D015A0CD5ECA1EB4D0FD2CC8C38F9FD","cpp","hmail_perf_pair_cpp_20260831_head3","C:\hmail-perf-pair-service-20260901\cpp\Data","B3DF9E8BBF4BEDB1102C94DF7C86356E1FEABCBC02A18E8EABEB1EA1453D09B8",,,"one TCP client and one sequential IMAP session per sample","0","PASS","45FA907CE0D3797C1E13EBB2F03F076A25656CCE27E801C18F745ACD3944FBBD","5136EEC556F9790732AE759EF52F77FE6172329EA55787A80300C4A824107E46","1","316","False","False","7084.905","Aktarma ba?lant?s?ndan veriler okunamad?: Ba?lan?lan uygun olarak belli bir s?re i?inde yan?t vermedi?inden veya kurulan
ba?lant? ba?lan?lan ana bilgisayar yan?t vermedi?inden bir ba?lant? kurulamad?.","False","0","False","False","0","False"
"d02f514d-e0e9-491f-b8d4-72c89c73fe78","MANIFEST_BOUND","hmail-perf-pair-service-20260901","06EFCBA9520D478A6DAC7ABB7F09F3B63D015A0CD5ECA1EB4D0FD2CC8C38F9FD","cpp","hmail_perf_pair_cpp_20260831_head3","C:\hmail-perf-pair-service-20260901\cpp\Data","B3DF9E8BBF4BEDB1102C94DF7C86356E1FEABCBC02A18E8EABEB1EA1453D09B8",,,"one TCP client and one sequential IMAP session per sample","0","PASS","45FA907CE0D3797C1E13EBB2F03F076A25656CCE27E801C18F745ACD3944FBBD","5136EEC556F9790732AE759EF52F77FE6172329EA55787A80300C4A824107E46","1","317","False","False","7074.098","Aktarma ba?lant?s?ndan veriler okunamad?: Ba?lan?lan uygun olarak belli bir s?re i?inde yan?t vermedi?inden veya kurulan
ba?lant? ba?lan?lan ana bilgisayar yan?t vermedi?inden bir ba?lant? kurulamad?.","False","0","False","False","0","False"
"d02f514d-e0e9-491f-b8d4-72c89c73fe78","MANIFEST_BOUND","hmail-perf-pair-service-20260901","06EFCBA9520D478A6DAC7ABB7F09F3B63D015A0CD5ECA1EB4D0FD2CC8C38F9FD","cpp","hmail_perf_pair_cpp_20260831_head3","C:\hmail-perf-pair-service-20260901\cpp\Data","B3DF9E8BBF4BEDB1102C94DF7C86356E1FEABCBC02A18E8EABEB1EA1453D09B8",,,"one TCP client and one sequential IMAP session per sample","0","PASS","45FA907CE0D3797C1E13EBB2F03F076A25656CCE27E801C18F745ACD3944FBBD","5136EEC556F9790732AE759EF52F77FE6172329EA55787A80300C4A824107E46","1","318","False","False","7074.306","Aktarma ba?lant?s?ndan veriler okunamad?: Ba?lan?lan uygun olarak belli bir s?re i?inde yan?t vermedi?inden veya kurulan
ba?lant? ba?lan?lan ana bilgisayar yan?t vermedi?inden bir ba?lant? kurulamad?.","False","0","False","False","0","False"
"d02f514d-e0e9-491f-b8d4-72c89c73fe78","MANIFEST_BOUND","hmail-perf-pair-service-20260901","06EFCBA9520D478A6DAC7ABB7F09F3B63D015A0CD5ECA1EB4D0FD2CC8C38F9FD","cpp","hmail_perf_pair_cpp_20260831_head3","C:\hmail-perf-pair-service-20260901\cpp\Data","B3DF9E8BBF4BEDB1102C94DF7C86356E1FEABCBC02A18E8EABEB1EA1453D09B8",,,"one TCP client and one sequential IMAP session per sample","0","PASS","45FA907CE0D3797C1E13EBB2F03F076A25656CCE27E801C18F745ACD3944FBBD","5136EEC556F9790732AE759EF52F77FE6172329EA55787A80300C4A824107E46","1","319","False","False","7077.006","Aktarma ba?lant?s?ndan veriler okunamad?: Ba?lan?lan uygun olarak belli bir s?re i?inde yan?t vermedi?inden veya kurulan
ba?lant? ba?lan?lan ana bilgisayar yan?t vermedi?inden bir ba?lant? kurulamad?.","False","0","False","False","0","False"
"d02f514d-e0e9-491f-b8d4-72c89c73fe78","MANIFEST_BOUND","hmail-perf-pair-service-20260901","06EFCBA9520D478A6DAC7ABB7F09F3B63D015A0CD5ECA1EB4D0FD2CC8C38F9FD","cpp","hmail_perf_pair_cpp_20260831_head3","C:\hmail-perf-pair-service-20260901\cpp\Data","B3DF9E8BBF4BEDB1102C94DF7C86356E1FEABCBC02A18E8EABEB1EA1453D09B8",,,"one TCP client and one sequential IMAP session per sample","0","PASS","45FA907CE0D3797C1E13EBB2F03F076A25656CCE27E801C18F745ACD3944FBBD","5136EEC556F9790732AE759EF52F77FE6172329EA55787A80300C4A824107E46","1","320","False","False","7085.275","Aktarma ba?lant?s?ndan veriler okunamad?: Ba?lan?lan uygun olarak belli bir s?re i?inde yan?t vermedi?inden veya kurulan
ba?lant? ba?lan?lan ana bilgisayar yan?t vermedi?inden bir ba?lant? kurulamad?.","False","0","False","False","0","False"
"d02f514d-e0e9-491f-b8d4-72c89c73fe78","MANIFEST_BOUND","hmail-perf-pair-service-20260901","06EFCBA9520D478A6DAC7ABB7F09F3B63D015A0CD5ECA1EB4D0FD2CC8C38F9FD","cpp","hmail_perf_pair_cpp_20260831_head3","C:\hmail-perf-pair-service-20260901\cpp\Data","B3DF9E8BBF4BEDB1102C94DF7C86356E1FEABCBC02A18E8EABEB1EA1453D09B8",,,"one TCP client and one sequential IMAP session per sample","0","PASS","45FA907CE0D3797C1E13EBB2F03F076A25656CCE27E801C18F745ACD3944FBBD","5136EEC556F9790732AE759EF52F77FE6172329EA55787A80300C4A824107E46","1","321","False","False","7087.245","Aktarma ba?lant?s?ndan veriler okunamad?: Ba?lan?lan uygun olarak belli bir s?re i?inde yan?t vermedi?inden veya kurulan
ba?lant? ba?lan?lan ana bilgisayar yan?t vermedi?inden bir ba?lant? kurulamad?.","False","0","False","False","0","False"
"d02f514d-e0e9-491f-b8d4-72c89c73fe78","MANIFEST_BOUND","hmail-perf-pair-service-20260901","06EFCBA9520D478A6DAC7ABB7F09F3B63D015A0CD5ECA1EB4D0FD2CC8C38F9FD","cpp","hmail_perf_pair_cpp_20260831_head3","C:\hmail-perf-pair-service-20260901\cpp\Data","B3DF9E8BBF4BEDB1102C94DF7C86356E1FEABCBC02A18E8EABEB1EA1453D09B8",,,"one TCP client and one sequential IMAP session per sample","0","PASS","45FA907CE0D3797C1E13EBB2F03F076A25656CCE27E801C18F745ACD3944FBBD","5136EEC556F9790732AE759EF52F77FE6172329EA55787A80300C4A824107E46","1","322","False","False","7087.189","Aktarma ba?lant?s?ndan veriler okunamad?: Ba?lan?lan uygun olarak belli bir s?re i?inde yan?t vermedi?inden veya kurulan
ba?lant? ba?lan?lan ana bilgisayar yan?t vermedi?inden bir ba?lant? kurulamad?.","False","0","False","False","0","False"
"d02f514d-e0e9-491f-b8d4-72c89c73fe78","MANIFEST_BOUND","hmail-perf-pair-service-20260901","06EFCBA9520D478A6DAC7ABB7F09F3B63D015A0CD5ECA1EB4D0FD2CC8C38F9FD","cpp","hmail_perf_pair_cpp_20260831_head3","C:\hmail-perf-pair-service-20260901\cpp\Data","B3DF9E8BBF4BEDB1102C94DF7C86356E1FEABCBC02A18E8EABEB1EA1453D09B8",,,"one TCP client and one sequential IMAP session per sample","0","PASS","45FA907CE0D3797C1E13EBB2F03F076A25656CCE27E801C18F745ACD3944FBBD","5136EEC556F9790732AE759EF52F77FE6172329EA55787A80300C4A824107E46","1","323","True","False","6217.554",,"True","1000","True","True","1000","True"
"d02f514d-e0e9-491f-b8d4-72c89c73fe78","MANIFEST_BOUND","hmail-perf-pair-service-20260901","06EFCBA9520D478A6DAC7ABB7F09F3B63D015A0CD5ECA1EB4D0FD2CC8C38F9FD","cpp","hmail_perf_pair_cpp_20260831_head3","C:\hmail-perf-pair-service-20260901\cpp\Data","B3DF9E8BBF4BEDB1102C94DF7C86356E1FEABCBC02A18E8EABEB1EA1453D09B8",,,"one TCP client and one sequential IMAP session per sample","0","PASS","45FA907CE0D3797C1E13EBB2F03F076A25656CCE27E801C18F745ACD3944FBBD","5136EEC556F9790732AE759EF52F77FE6172329EA55787A80300C4A824107E46","1","324","False","False","7078.804","Aktarma ba?lant?s?ndan veriler okunamad?: Ba?lan?lan uygun olarak belli bir s?re i?inde yan?t vermedi?inden veya kurulan
ba?lant? ba?lan?lan ana bilgisayar yan?t vermedi?inden bir ba?lant? kurulamad?.","False","0","False","False","0","False"
"d02f514d-e0e9-491f-b8d4-72c89c73fe78","MANIFEST_BOUND","hmail-perf-pair-service-20260901","06EFCBA9520D478A6DAC7ABB7F09F3B63D015A0CD5ECA1EB4D0FD2CC8C38F9FD","cpp","hmail_perf_pair_cpp_20260831_head3","C:\hmail-perf-pair-service-20260901\cpp\Data","B3DF9E8BBF4BEDB1102C94DF7C86356E1FEABCBC02A18E8EABEB1EA1453D09B8",,,"one TCP client and one sequential IMAP session per sample","0","PASS","45FA907CE0D3797C1E13EBB2F03F076A25656CCE27E801C18F745ACD3944FBBD","5136EEC556F9790732AE759EF52F77FE6172329EA55787A80300C4A824107E46","1","325","False","False","7077.427","Aktarma ba?lant?s?ndan veriler okunamad?: Ba?lan?lan uygun olarak belli bir s?re i?inde yan?t vermedi?inden veya kurulan
ba?lant? ba?lan?lan ana bilgisayar yan?t vermedi?inden bir ba?lant? kurulamad?.","False","0","False","False","0","False"
"d02f514d-e0e9-491f-b8d4-72c89c73fe78","MANIFEST_BOUND","hmail-perf-pair-service-20260901","06EFCBA9520D478A6DAC7ABB7F09F3B63D015A0CD5ECA1EB4D0FD2CC8C38F9FD","cpp","hmail_perf_pair_cpp_20260831_head3","C:\hmail-perf-pair-service-20260901\cpp\Data","B3DF9E8BBF4BEDB1102C94DF7C86356E1FEABCBC02A18E8EABEB1EA1453D09B8",,,"one TCP client and one sequential IMAP session per sample","0","PASS","45FA907CE0D3797C1E13EBB2F03F076A25656CCE27E801C18F745ACD3944FBBD","5136EEC556F9790732AE759EF52F77FE6172329EA55787A80300C4A824107E46","1","326","False","False","7084.359","Aktarma ba?lant?s?ndan veriler okunamad?: Ba?lan?lan uygun olarak belli bir s?re i?inde yan?t vermedi?inden veya kurulan
ba?lant? ba?lan?lan ana bilgisayar yan?t vermedi?inden bir ba?lant? kurulamad?.","False","0","False","False","0","False"
"d02f514d-e0e9-491f-b8d4-72c89c73fe78","MANIFEST_BOUND","hmail-perf-pair-service-20260901","06EFCBA9520D478A6DAC7ABB7F09F3B63D015A0CD5ECA1EB4D0FD2CC8C38F9FD","cpp","hmail_perf_pair_cpp_20260831_head3","C:\hmail-perf-pair-service-20260901\cpp\Data","B3DF9E8BBF4BEDB1102C94DF7C86356E1FEABCBC02A18E8EABEB1EA1453D09B8",,,"one TCP client and one sequential IMAP session per sample","0","PASS","45FA907CE0D3797C1E13EBB2F03F076A25656CCE27E801C18F745ACD3944FBBD","5136EEC556F9790732AE759EF52F77FE6172329EA55787A80300C4A824107E46","1","327","False","False","7076.3","Aktarma ba?lant?s?ndan veriler okunamad?: Ba?lan?lan uygun olarak belli bir s?re i?inde yan?t vermedi?inden veya kurulan
ba?lant? ba?lan?lan ana bilgisayar yan?t vermedi?inden bir ba?lant? kurulamad?.","False","0","False","False","0","False"
"d02f514d-e0e9-491f-b8d4-72c89c73fe78","MANIFEST_BOUND","hmail-perf-pair-service-20260901","06EFCBA9520D478A6DAC7ABB7F09F3B63D015A0CD5ECA1EB4D0FD2CC8C38F9FD","cpp","hmail_perf_pair_cpp_20260831_head3","C:\hmail-perf-pair-service-20260901\cpp\Data","B3DF9E8BBF4BEDB1102C94DF7C86356E1FEABCBC02A18E8EABEB1EA1453D09B8",,,"one TCP client and one sequential IMAP session per sample","0","PASS","45FA907CE0D3797C1E13EBB2F03F076A25656CCE27E801C18F745ACD3944FBBD","5136EEC556F9790732AE759EF52F77FE6172329EA55787A80300C4A824107E46","1","328","False","False","7081.8","Aktarma ba?lant?s?ndan veriler okunamad?: Ba?lan?lan uygun olarak belli bir s?re i?inde yan?t vermedi?inden veya kurulan
ba?lant? ba?lan?lan ana bilgisayar yan?t vermedi?inden bir ba?lant? kurulamad?.","False","0","False","False","0","False"
"d02f514d-e0e9-491f-b8d4-72c89c73fe78","MANIFEST_BOUND","hmail-perf-pair-service-20260901","06EFCBA9520D478A6DAC7ABB7F09F3B63D015A0CD5ECA1EB4D0FD2CC8C38F9FD","cpp","hmail_perf_pair_cpp_20260831_head3","C:\hmail-perf-pair-service-20260901\cpp\Data","B3DF9E8BBF4BEDB1102C94DF7C86356E1FEABCBC02A18E8EABEB1EA1453D09B8",,,"one TCP client and one sequential IMAP session per sample","0","PASS","45FA907CE0D3797C1E13EBB2F03F076A25656CCE27E801C18F745ACD3944FBBD","5136EEC556F9790732AE759EF52F77FE6172329EA55787A80300C4A824107E46","1","329","False","False","7081.701","Aktarma ba?lant?s?ndan veriler okunamad?: Ba?lan?lan uygun olarak belli bir s?re i?inde yan?t vermedi?inden veya kurulan
ba?lant? ba?lan?lan ana bilgisayar yan?t vermedi?inden bir ba?lant? kurulamad?.","False","0","False","False","0","False"
"d02f514d-e0e9-491f-b8d4-72c89c73fe78","MANIFEST_BOUND","hmail-perf-pair-service-20260901","06EFCBA9520D478A6DAC7ABB7F09F3B63D015A0CD5ECA1EB4D0FD2CC8C38F9FD","cpp","hmail_perf_pair_cpp_20260831_head3","C:\hmail-perf-pair-service-20260901\cpp\Data","B3DF9E8BBF4BEDB1102C94DF7C86356E1FEABCBC02A18E8EABEB1EA1453D09B8",,,"one TCP client and one sequential IMAP session per sample","0","PASS","45FA907CE0D3797C1E13EBB2F03F076A25656CCE27E801C18F745ACD3944FBBD","5136EEC556F9790732AE759EF52F77FE6172329EA55787A80300C4A824107E46","1","330","False","False","7079.515","Aktarma ba?lant?s?ndan veriler okunamad?: Ba?lan?lan uygun olarak belli bir s?re i?inde yan?t vermedi?inden veya kurulan
ba?lant? ba?lan?lan ana bilgisayar yan?t vermedi?inden bir ba?lant? kurulamad?.","False","0","False","False","0","False"
"d02f514d-e0e9-491f-b8d4-72c89c73fe78","MANIFEST_BOUND","hmail-perf-pair-service-20260901","06EFCBA9520D478A6DAC7ABB7F09F3B63D015A0CD5ECA1EB4D0FD2CC8C38F9FD","cpp","hmail_perf_pair_cpp_20260831_head3","C:\hmail-perf-pair-service-20260901\cpp\Data","B3DF9E8BBF4BEDB1102C94DF7C86356E1FEABCBC02A18E8EABEB1EA1453D09B8",,,"one TCP client and one sequential IMAP session per sample","0","PASS","45FA907CE0D3797C1E13EBB2F03F076A25656CCE27E801C18F745ACD3944FBBD","5136EEC556F9790732AE759EF52F77FE6172329EA55787A80300C4A824107E46","1","331","False","False","7078.668","Aktarma ba?lant?s?ndan veriler okunamad?: Ba?lan?lan uygun olarak belli bir s?re i?inde yan?t vermedi?inden veya kurulan
ba?lant? ba?lan?lan ana bilgisayar yan?t vermedi?inden bir ba?lant? kurulamad?.","False","0","False","False","0","False"
"d02f514d-e0e9-491f-b8d4-72c89c73fe78","MANIFEST_BOUND","hmail-perf-pair-service-20260901","06EFCBA9520D478A6DAC7ABB7F09F3B63D015A0CD5ECA1EB4D0FD2CC8C38F9FD","cpp","hmail_perf_pair_cpp_20260831_head3","C:\hmail-perf-pair-service-20260901\cpp\Data","B3DF9E8BBF4BEDB1102C94DF7C86356E1FEABCBC02A18E8EABEB1EA1453D09B8",,,"one TCP client and one sequential IMAP session per sample","0","PASS","45FA907CE0D3797C1E13EBB2F03F076A25656CCE27E801C18F745ACD3944FBBD","5136EEC556F9790732AE759EF52F77FE6172329EA55787A80300C4A824107E46","1","332","False","False","7080.892","Aktarma ba?lant?s?ndan veriler okunamad?: Ba?lan?lan uygun olarak belli bir s?re i?inde yan?t vermedi?inden veya kurulan
ba?lant? ba?lan?lan ana bilgisayar yan?t vermedi?inden bir ba?lant? kurulamad?.","False","0","False","False","0","False"
"d02f514d-e0e9-491f-b8d4-72c89c73fe78","MANIFEST_BOUND","hmail-perf-pair-service-20260901","06EFCBA9520D478A6DAC7ABB7F09F3B63D015A0CD5ECA1EB4D0FD2CC8C38F9FD","cpp","hmail_perf_pair_cpp_20260831_head3","C:\hmail-perf-pair-service-20260901\cpp\Data","B3DF9E8BBF4BEDB1102C94DF7C86356E1FEABCBC02A18E8EABEB1EA1453D09B8",,,"one TCP client and one sequential IMAP session per sample","0","PASS","45FA907CE0D3797C1E13EBB2F03F076A25656CCE27E801C18F745ACD3944FBBD","5136EEC556F9790732AE759EF52F77FE6172329EA55787A80300C4A824107E46","1","333","False","False","7078.081","Aktarma ba?lant?s?ndan veriler okunamad?: Ba?lan?lan uygun olarak belli bir s?re i?inde yan?t vermedi?inden veya kurulan
ba?lant? ba?lan?lan ana bilgisayar yan?t vermedi?inden bir ba?lant? kurulamad?.","False","0","False","False","0","False"
"d02f514d-e0e9-491f-b8d4-72c89c73fe78","MANIFEST_BOUND","hmail-perf-pair-service-20260901","06EFCBA9520D478A6DAC7ABB7F09F3B63D015A0CD5ECA1EB4D0FD2CC8C38F9FD","cpp","hmail_perf_pair_cpp_20260831_head3","C:\hmail-perf-pair-service-20260901\cpp\Data","B3DF9E8BBF4BEDB1102C94DF7C86356E1FEABCBC02A18E8EABEB1EA1453D09B8",,,"one TCP client and one sequential IMAP session per sample","0","PASS","45FA907CE0D3797C1E13EBB2F03F076A25656CCE27E801C18F745ACD3944FBBD","5136EEC556F9790732AE759EF52F77FE6172329EA55787A80300C4A824107E46","1","334","False","False","7078.005","Aktarma ba?lant?s?ndan veriler okunamad?: Ba?lan?lan uygun olarak belli bir s?re i?inde yan?t vermedi?inden veya kurulan
ba?lant? ba?lan?lan ana bilgisayar yan?t vermedi?inden bir ba?lant? kurulamad?.","False","0","False","False","0","False"
"d02f514d-e0e9-491f-b8d4-72c89c73fe78","MANIFEST_BOUND","hmail-perf-pair-service-20260901","06EFCBA9520D478A6DAC7ABB7F09F3B63D015A0CD5ECA1EB4D0FD2CC8C38F9FD","cpp","hmail_perf_pair_cpp_20260831_head3","C:\hmail-perf-pair-service-20260901\cpp\Data","B3DF9E8BBF4BEDB1102C94DF7C86356E1FEABCBC02A18E8EABEB1EA1453D09B8",,,"one TCP client and one sequential IMAP session per sample","0","PASS","45FA907CE0D3797C1E13EBB2F03F076A25656CCE27E801C18F745ACD3944FBBD","5136EEC556F9790732AE759EF52F77FE6172329EA55787A80300C4A824107E46","1","335","False","False","7075.137","Aktarma ba?lant?s?ndan veriler okunamad?: Ba?lan?lan uygun olarak belli bir s?re i?inde yan?t vermedi?inden veya kurulan
ba?lant? ba?lan?lan ana bilgisayar yan?t vermedi?inden bir ba?lant? kurulamad?.","False","0","False","False","0","False"
"d02f514d-e0e9-491f-b8d4-72c89c73fe78","MANIFEST_BOUND","hmail-perf-pair-service-20260901","06EFCBA9520D478A6DAC7ABB7F09F3B63D015A0CD5ECA1EB4D0FD2CC8C38F9FD","cpp","hmail_perf_pair_cpp_20260831_head3","C:\hmail-perf-pair-service-20260901\cpp\Data","B3DF9E8BBF4BEDB1102C94DF7C86356E1FEABCBC02A18E8EABEB1EA1453D09B8",,,"one TCP client and one sequential IMAP session per sample","0","PASS","45FA907CE0D3797C1E13EBB2F03F076A25656CCE27E801C18F745ACD3944FBBD","5136EEC556F9790732AE759EF52F77FE6172329EA55787A80300C4A824107E46","1","336","False","False","7085.804","Aktarma ba?lant?s?ndan veriler okunamad?: Ba?lan?lan uygun olarak belli bir s?re i?inde yan?t vermedi?inden veya kurulan
ba?lant? ba?lan?lan ana bilgisayar yan?t vermedi?inden bir ba?lant? kurulamad?.","False","0","False","False","0","False"
"d02f514d-e0e9-491f-b8d4-72c89c73fe78","MANIFEST_BOUND","hmail-perf-pair-service-20260901","06EFCBA9520D478A6DAC7ABB7F09F3B63D015A0CD5ECA1EB4D0FD2CC8C38F9FD","cpp","hmail_perf_pair_cpp_20260831_head3","C:\hmail-perf-pair-service-20260901\cpp\Data","B3DF9E8BBF4BEDB1102C94DF7C86356E1FEABCBC02A18E8EABEB1EA1453D09B8",,,"one TCP client and one sequential IMAP session per sample","0","PASS","45FA907CE0D3797C1E13EBB2F03F076A25656CCE27E801C18F745ACD3944FBBD","5136EEC556F9790732AE759EF52F77FE6172329EA55787A80300C4A824107E46","1","337","False","False","7080.361","Aktarma ba?lant?s?ndan veriler okunamad?: Ba?lan?lan uygun olarak belli bir s?re i?inde yan?t vermedi?inden veya kurulan
ba?lant? ba?lan?lan ana bilgisayar yan?t vermedi?inden bir ba?lant? kurulamad?.","False","0","False","False","0","False"
"d02f514d-e0e9-491f-b8d4-72c89c73fe78","MANIFEST_BOUND","hmail-perf-pair-service-20260901","06EFCBA9520D478A6DAC7ABB7F09F3B63D015A0CD5ECA1EB4D0FD2CC8C38F9FD","cpp","hmail_perf_pair_cpp_20260831_head3","C:\hmail-perf-pair-service-20260901\cpp\Data","B3DF9E8BBF4BEDB1102C94DF7C86356E1FEABCBC02A18E8EABEB1EA1453D09B8",,,"one TCP client and one sequential IMAP session per sample","0","PASS","45FA907CE0D3797C1E13EBB2F03F076A25656CCE27E801C18F745ACD3944FBBD","5136EEC556F9790732AE759EF52F77FE6172329EA55787A80300C4A824107E46","1","338","False","False","7078.173","Aktarma ba?lant?s?ndan veriler okunamad?: Ba?lan?lan uygun olarak belli bir s?re i?inde yan?t vermedi?inden veya kurulan
ba?lant? ba?lan?lan ana bilgisayar yan?t vermedi?inden bir ba?lant? kurulamad?.","False","0","False","False","0","False"
"d02f514d-e0e9-491f-b8d4-72c89c73fe78","MANIFEST_BOUND","hmail-perf-pair-service-20260901","06EFCBA9520D478A6DAC7ABB7F09F3B63D015A0CD5ECA1EB4D0FD2CC8C38F9FD","cpp","hmail_perf_pair_cpp_20260831_head3","C:\hmail-perf-pair-service-20260901\cpp\Data","B3DF9E8BBF4BEDB1102C94DF7C86356E1FEABCBC02A18E8EABEB1EA1453D09B8",,,"one TCP client and one sequential IMAP session per sample","0","PASS","45FA907CE0D3797C1E13EBB2F03F076A25656CCE27E801C18F745ACD3944FBBD","5136EEC556F9790732AE759EF52F77FE6172329EA55787A80300C4A824107E46","1","339","True","False","6214.547",,"True","1000","True","True","1000","True"
"d02f514d-e0e9-491f-b8d4-72c89c73fe78","MANIFEST_BOUND","hmail-perf-pair-service-20260901","06EFCBA9520D478A6DAC7ABB7F09F3B63D015A0CD5ECA1EB4D0FD2CC8C38F9FD","cpp","hmail_perf_pair_cpp_20260831_head3","C:\hmail-perf-pair-service-20260901\cpp\Data","B3DF9E8BBF4BEDB1102C94DF7C86356E1FEABCBC02A18E8EABEB1EA1453D09B8",,,"one TCP client and one sequential IMAP session per sample","0","PASS","45FA907CE0D3797C1E13EBB2F03F076A25656CCE27E801C18F745ACD3944FBBD","5136EEC556F9790732AE759EF52F77FE6172329EA55787A80300C4A824107E46","1","340","False","False","7076.002","Aktarma ba?lant?s?ndan veriler okunamad?: Ba?lan?lan uygun olarak belli bir s?re i?inde yan?t vermedi?inden veya kurulan
ba?lant? ba?lan?lan ana bilgisayar yan?t vermedi?inden bir ba?lant? kurulamad?.","False","0","False","False","0","False"
"d02f514d-e0e9-491f-b8d4-72c89c73fe78","MANIFEST_BOUND","hmail-perf-pair-service-20260901","06EFCBA9520D478A6DAC7ABB7F09F3B63D015A0CD5ECA1EB4D0FD2CC8C38F9FD","cpp","hmail_perf_pair_cpp_20260831_head3","C:\hmail-perf-pair-service-20260901\cpp\Data","B3DF9E8BBF4BEDB1102C94DF7C86356E1FEABCBC02A18E8EABEB1EA1453D09B8",,,"one TCP client and one sequential IMAP session per sample","0","PASS","45FA907CE0D3797C1E13EBB2F03F076A25656CCE27E801C18F745ACD3944FBBD","5136EEC556F9790732AE759EF52F77FE6172329EA55787A80300C4A824107E46","1","341","False","False","7087.146","Aktarma ba?lant?s?ndan veriler okunamad?: Ba?lan?lan uygun olarak belli bir s?re i?inde yan?t vermedi?inden veya kurulan
ba?lant? ba?lan?lan ana bilgisayar yan?t vermedi?inden bir ba?lant? kurulamad?.","False","0","False","False","0","False"
"d02f514d-e0e9-491f-b8d4-72c89c73fe78","MANIFEST_BOUND","hmail-perf-pair-service-20260901","06EFCBA9520D478A6DAC7ABB7F09F3B63D015A0CD5ECA1EB4D0FD2CC8C38F9FD","cpp","hmail_perf_pair_cpp_20260831_head3","C:\hmail-perf-pair-service-20260901\cpp\Data","B3DF9E8BBF4BEDB1102C94DF7C86356E1FEABCBC02A18E8EABEB1EA1453D09B8",,,"one TCP client and one sequential IMAP session per sample","0","PASS","45FA907CE0D3797C1E13EBB2F03F076A25656CCE27E801C18F745ACD3944FBBD","5136EEC556F9790732AE759EF52F77FE6172329EA55787A80300C4A824107E46","1","342","False","False","7078.805","Aktarma ba?lant?s?ndan veriler okunamad?: Ba?lan?lan uygun olarak belli bir s?re i?inde yan?t vermedi?inden veya kurulan
ba?lant? ba?lan?lan ana bilgisayar yan?t vermedi?inden bir ba?lant? kurulamad?.","False","0","False","False","0","False"
"d02f514d-e0e9-491f-b8d4-72c89c73fe78","MANIFEST_BOUND","hmail-perf-pair-service-20260901","06EFCBA9520D478A6DAC7ABB7F09F3B63D015A0CD5ECA1EB4D0FD2CC8C38F9FD","cpp","hmail_perf_pair_cpp_20260831_head3","C:\hmail-perf-pair-service-20260901\cpp\Data","B3DF9E8BBF4BEDB1102C94DF7C86356E1FEABCBC02A18E8EABEB1EA1453D09B8",,,"one TCP client and one sequential IMAP session per sample","0","PASS","45FA907CE0D3797C1E13EBB2F03F076A25656CCE27E801C18F745ACD3944FBBD","5136EEC556F9790732AE759EF52F77FE6172329EA55787A80300C4A824107E46","1","343","False","False","7075.803","Aktarma ba?lant?s?ndan veriler okunamad?: Ba?lan?lan uygun olarak belli bir s?re i?inde yan?t vermedi?inden veya kurulan
ba?lant? ba?lan?lan ana bilgisayar yan?t vermedi?inden bir ba?lant? kurulamad?.","False","0","False","False","0","False"
"d02f514d-e0e9-491f-b8d4-72c89c73fe78","MANIFEST_BOUND","hmail-perf-pair-service-20260901","06EFCBA9520D478A6DAC7ABB7F09F3B63D015A0CD5ECA1EB4D0FD2CC8C38F9FD","cpp","hmail_perf_pair_cpp_20260831_head3","C:\hmail-perf-pair-service-20260901\cpp\Data","B3DF9E8BBF4BEDB1102C94DF7C86356E1FEABCBC02A18E8EABEB1EA1453D09B8",,,"one TCP client and one sequential IMAP session per sample","0","PASS","45FA907CE0D3797C1E13EBB2F03F076A25656CCE27E801C18F745ACD3944FBBD","5136EEC556F9790732AE759EF52F77FE6172329EA55787A80300C4A824107E46","1","344","False","False","7080.552","Aktarma ba?lant?s?ndan veriler okunamad?: Ba?lan?lan uygun olarak belli bir s?re i?inde yan?t vermedi?inden veya kurulan
ba?lant? ba?lan?lan ana bilgisayar yan?t vermedi?inden bir ba?lant? kurulamad?.","False","0","False","False","0","False"
"d02f514d-e0e9-491f-b8d4-72c89c73fe78","MANIFEST_BOUND","hmail-perf-pair-service-20260901","06EFCBA9520D478A6DAC7ABB7F09F3B63D015A0CD5ECA1EB4D0FD2CC8C38F9FD","cpp","hmail_perf_pair_cpp_20260831_head3","C:\hmail-perf-pair-service-20260901\cpp\Data","B3DF9E8BBF4BEDB1102C94DF7C86356E1FEABCBC02A18E8EABEB1EA1453D09B8",,,"one TCP client and one sequential IMAP session per sample","0","PASS","45FA907CE0D3797C1E13EBB2F03F076A25656CCE27E801C18F745ACD3944FBBD","5136EEC556F9790732AE759EF52F77FE6172329EA55787A80300C4A824107E46","1","345","False","False","7083.907","Aktarma ba?lant?s?ndan veriler okunamad?: Ba?lan?lan uygun olarak belli bir s?re i?inde yan?t vermedi?inden veya kurulan
ba?lant? ba?lan?lan ana bilgisayar yan?t vermedi?inden bir ba?lant? kurulamad?.","False","0","False","False","0","False"
"d02f514d-e0e9-491f-b8d4-72c89c73fe78","MANIFEST_BOUND","hmail-perf-pair-service-20260901","06EFCBA9520D478A6DAC7ABB7F09F3B63D015A0CD5ECA1EB4D0FD2CC8C38F9FD","cpp","hmail_perf_pair_cpp_20260831_head3","C:\hmail-perf-pair-service-20260901\cpp\Data","B3DF9E8BBF4BEDB1102C94DF7C86356E1FEABCBC02A18E8EABEB1EA1453D09B8",,,"one TCP client and one sequential IMAP session per sample","0","PASS","45FA907CE0D3797C1E13EBB2F03F076A25656CCE27E801C18F745ACD3944FBBD","5136EEC556F9790732AE759EF52F77FE6172329EA55787A80300C4A824107E46","1","346","False","False","7074.529","Aktarma ba?lant?s?ndan veriler okunamad?: Ba?lan?lan uygun olarak belli bir s?re i?inde yan?t vermedi?inden veya kurulan
ba?lant? ba?lan?lan ana bilgisayar yan?t vermedi?inden bir ba?lant? kurulamad?.","False","0","False","False","0","False"
"d02f514d-e0e9-491f-b8d4-72c89c73fe78","MANIFEST_BOUND","hmail-perf-pair-service-20260901","06EFCBA9520D478A6DAC7ABB7F09F3B63D015A0CD5ECA1EB4D0FD2CC8C38F9FD","cpp","hmail_perf_pair_cpp_20260831_head3","C:\hmail-perf-pair-service-20260901\cpp\Data","B3DF9E8BBF4BEDB1102C94DF7C86356E1FEABCBC02A18E8EABEB1EA1453D09B8",,,"one TCP client and one sequential IMAP session per sample","0","PASS","45FA907CE0D3797C1E13EBB2F03F076A25656CCE27E801C18F745ACD3944FBBD","5136EEC556F9790732AE759EF52F77FE6172329EA55787A80300C4A824107E46","1","347","False","False","7076.194","Aktarma ba?lant?s?ndan veriler okunamad?: Ba?lan?lan uygun olarak belli bir s?re i?inde yan?t vermedi?inden veya kurulan
ba?lant? ba?lan?lan ana bilgisayar yan?t vermedi?inden bir ba?lant? kurulamad?.","False","0","False","False","0","False"
"d02f514d-e0e9-491f-b8d4-72c89c73fe78","MANIFEST_BOUND","hmail-perf-pair-service-20260901","06EFCBA9520D478A6DAC7ABB7F09F3B63D015A0CD5ECA1EB4D0FD2CC8C38F9FD","cpp","hmail_perf_pair_cpp_20260831_head3","C:\hmail-perf-pair-service-20260901\cpp\Data","B3DF9E8BBF4BEDB1102C94DF7C86356E1FEABCBC02A18E8EABEB1EA1453D09B8",,,"one TCP client and one sequential IMAP session per sample","0","PASS","45FA907CE0D3797C1E13EBB2F03F076A25656CCE27E801C18F745ACD3944FBBD","5136EEC556F9790732AE759EF52F77FE6172329EA55787A80300C4A824107E46","1","348","False","False","7073.442","Aktarma ba?lant?s?ndan veriler okunamad?: Ba?lan?lan uygun olarak belli bir s?re i?inde yan?t vermedi?inden veya kurulan
ba?lant? ba?lan?lan ana bilgisayar yan?t vermedi?inden bir ba?lant? kurulamad?.","False","0","False","False","0","False"
"d02f514d-e0e9-491f-b8d4-72c89c73fe78","MANIFEST_BOUND","hmail-perf-pair-service-20260901","06EFCBA9520D478A6DAC7ABB7F09F3B63D015A0CD5ECA1EB4D0FD2CC8C38F9FD","cpp","hmail_perf_pair_cpp_20260831_head3","C:\hmail-perf-pair-service-20260901\cpp\Data","B3DF9E8BBF4BEDB1102C94DF7C86356E1FEABCBC02A18E8EABEB1EA1453D09B8",,,"one TCP client and one sequential IMAP session per sample","0","PASS","45FA907CE0D3797C1E13EBB2F03F076A25656CCE27E801C18F745ACD3944FBBD","5136EEC556F9790732AE759EF52F77FE6172329EA55787A80300C4A824107E46","1","349","False","False","7078.685","Aktarma ba?lant?s?ndan veriler okunamad?: Ba?lan?lan uygun olarak belli bir s?re i?inde yan?t vermedi?inden veya kurulan
ba?lant? ba?lan?lan ana bilgisayar yan?t vermedi?inden bir ba?lant? kurulamad?.","False","0","False","False","0","False"
"d02f514d-e0e9-491f-b8d4-72c89c73fe78","MANIFEST_BOUND","hmail-perf-pair-service-20260901","06EFCBA9520D478A6DAC7ABB7F09F3B63D015A0CD5ECA1EB4D0FD2CC8C38F9FD","cpp","hmail_perf_pair_cpp_20260831_head3","C:\hmail-perf-pair-service-20260901\cpp\Data","B3DF9E8BBF4BEDB1102C94DF7C86356E1FEABCBC02A18E8EABEB1EA1453D09B8",,,"one TCP client and one sequential IMAP session per sample","0","PASS","45FA907CE0D3797C1E13EBB2F03F076A25656CCE27E801C18F745ACD3944FBBD","5136EEC556F9790732AE759EF52F77FE6172329EA55787A80300C4A824107E46","1","350","False","False","7076.064","Aktarma ba?lant?s?ndan veriler okunamad?: Ba?lan?lan uygun olarak belli bir s?re i?inde yan?t vermedi?inden veya kurulan
ba?lant? ba?lan?lan ana bilgisayar yan?t vermedi?inden bir ba?lant? kurulamad?.","False","0","False","False","0","False"
"d02f514d-e0e9-491f-b8d4-72c89c73fe78","MANIFEST_BOUND","hmail-perf-pair-service-20260901","06EFCBA9520D478A6DAC7ABB7F09F3B63D015A0CD5ECA1EB4D0FD2CC8C38F9FD","cpp","hmail_perf_pair_cpp_20260831_head3","C:\hmail-perf-pair-service-20260901\cpp\Data","B3DF9E8BBF4BEDB1102C94DF7C86356E1FEABCBC02A18E8EABEB1EA1453D09B8",,,"one TCP client and one sequential IMAP session per sample","0","PASS","45FA907CE0D3797C1E13EBB2F03F076A25656CCE27E801C18F745ACD3944FBBD","5136EEC556F9790732AE759EF52F77FE6172329EA55787A80300C4A824107E46","1","351","False","False","7075.823","Aktarma ba?lant?s?ndan veriler okunamad?: Ba?lan?lan uygun olarak belli bir s?re i?inde yan?t vermedi?inden veya kurulan
ba?lant? ba?lan?lan ana bilgisayar yan?t vermedi?inden bir ba?lant? kurulamad?.","False","0","False","False","0","False"
"d02f514d-e0e9-491f-b8d4-72c89c73fe78","MANIFEST_BOUND","hmail-perf-pair-service-20260901","06EFCBA9520D478A6DAC7ABB7F09F3B63D015A0CD5ECA1EB4D0FD2CC8C38F9FD","cpp","hmail_perf_pair_cpp_20260831_head3","C:\hmail-perf-pair-service-20260901\cpp\Data","B3DF9E8BBF4BEDB1102C94DF7C86356E1FEABCBC02A18E8EABEB1EA1453D09B8",,,"one TCP client and one sequential IMAP session per sample","0","PASS","45FA907CE0D3797C1E13EBB2F03F076A25656CCE27E801C18F745ACD3944FBBD","5136EEC556F9790732AE759EF52F77FE6172329EA55787A80300C4A824107E46","1","352","False","False","7078.913","Aktarma ba?lant?s?ndan veriler okunamad?: Ba?lan?lan uygun olarak belli bir s?re i?inde yan?t vermedi?inden veya kurulan
ba?lant? ba?lan?lan ana bilgisayar yan?t vermedi?inden bir ba?lant? kurulamad?.","False","0","False","False","0","False"
"d02f514d-e0e9-491f-b8d4-72c89c73fe78","MANIFEST_BOUND","hmail-perf-pair-service-20260901","06EFCBA9520D478A6DAC7ABB7F09F3B63D015A0CD5ECA1EB4D0FD2CC8C38F9FD","cpp","hmail_perf_pair_cpp_20260831_head3","C:\hmail-perf-pair-service-20260901\cpp\Data","B3DF9E8BBF4BEDB1102C94DF7C86356E1FEABCBC02A18E8EABEB1EA1453D09B8",,,"one TCP client and one sequential IMAP session per sample","0","PASS","45FA907CE0D3797C1E13EBB2F03F076A25656CCE27E801C18F745ACD3944FBBD","5136EEC556F9790732AE759EF52F77FE6172329EA55787A80300C4A824107E46","1","353","False","False","7080.465","Aktarma ba?lant?s?ndan veriler okunamad?: Ba?lan?lan uygun olarak belli bir s?re i?inde yan?t vermedi?inden veya kurulan
ba?lant? ba?lan?lan ana bilgisayar yan?t vermedi?inden bir ba?lant? kurulamad?.","False","0","False","False","0","False"
"d02f514d-e0e9-491f-b8d4-72c89c73fe78","MANIFEST_BOUND","hmail-perf-pair-service-20260901","06EFCBA9520D478A6DAC7ABB7F09F3B63D015A0CD5ECA1EB4D0FD2CC8C38F9FD","cpp","hmail_perf_pair_cpp_20260831_head3","C:\hmail-perf-pair-service-20260901\cpp\Data","B3DF9E8BBF4BEDB1102C94DF7C86356E1FEABCBC02A18E8EABEB1EA1453D09B8",,,"one TCP client and one sequential IMAP session per sample","0","PASS","45FA907CE0D3797C1E13EBB2F03F076A25656CCE27E801C18F745ACD3944FBBD","5136EEC556F9790732AE759EF52F77FE6172329EA55787A80300C4A824107E46","1","354","False","False","7075.052","Aktarma ba?lant?s?ndan veriler okunamad?: Ba?lan?lan uygun olarak belli bir s?re i?inde yan?t vermedi?inden veya kurulan
ba?lant? ba?lan?lan ana bilgisayar yan?t vermedi?inden bir ba?lant? kurulamad?.","False","0","False","False","0","False"
"d02f514d-e0e9-491f-b8d4-72c89c73fe78","MANIFEST_BOUND","hmail-perf-pair-service-20260901","06EFCBA9520D478A6DAC7ABB7F09F3B63D015A0CD5ECA1EB4D0FD2CC8C38F9FD","cpp","hmail_perf_pair_cpp_20260831_head3","C:\hmail-perf-pair-service-20260901\cpp\Data","B3DF9E8BBF4BEDB1102C94DF7C86356E1FEABCBC02A18E8EABEB1EA1453D09B8",,,"one TCP client and one sequential IMAP session per sample","0","PASS","45FA907CE0D3797C1E13EBB2F03F076A25656CCE27E801C18F745ACD3944FBBD","5136EEC556F9790732AE759EF52F77FE6172329EA55787A80300C4A824107E46","1","355","False","False","7086.136","Aktarma ba?lant?s?ndan veriler okunamad?: Ba?lan?lan uygun olarak belli bir s?re i?inde yan?t vermedi?inden veya kurulan
ba?lant? ba?lan?lan ana bilgisayar yan?t vermedi?inden bir ba?lant? kurulamad?.","False","0","False","False","0","False"
"d02f514d-e0e9-491f-b8d4-72c89c73fe78","MANIFEST_BOUND","hmail-perf-pair-service-20260901","06EFCBA9520D478A6DAC7ABB7F09F3B63D015A0CD5ECA1EB4D0FD2CC8C38F9FD","cpp","hmail_perf_pair_cpp_20260831_head3","C:\hmail-perf-pair-service-20260901\cpp\Data","B3DF9E8BBF4BEDB1102C94DF7C86356E1FEABCBC02A18E8EABEB1EA1453D09B8",,,"one TCP client and one sequential IMAP session per sample","0","PASS","45FA907CE0D3797C1E13EBB2F03F076A25656CCE27E801C18F745ACD3944FBBD","5136EEC556F9790732AE759EF52F77FE6172329EA55787A80300C4A824107E46","1","356","False","False","7081.105","Aktarma ba?lant?s?ndan veriler okunamad?: Ba?lan?lan uygun olarak belli bir s?re i?inde yan?t vermedi?inden veya kurulan
ba?lant? ba?lan?lan ana bilgisayar yan?t vermedi?inden bir ba?lant? kurulamad?.","False","0","False","False","0","False"
"d02f514d-e0e9-491f-b8d4-72c89c73fe78","MANIFEST_BOUND","hmail-perf-pair-service-20260901","06EFCBA9520D478A6DAC7ABB7F09F3B63D015A0CD5ECA1EB4D0FD2CC8C38F9FD","cpp","hmail_perf_pair_cpp_20260831_head3","C:\hmail-perf-pair-service-20260901\cpp\Data","B3DF9E8BBF4BEDB1102C94DF7C86356E1FEABCBC02A18E8EABEB1EA1453D09B8",,,"one TCP client and one sequential IMAP session per sample","0","PASS","45FA907CE0D3797C1E13EBB2F03F076A25656CCE27E801C18F745ACD3944FBBD","5136EEC556F9790732AE759EF52F77FE6172329EA55787A80300C4A824107E46","1","357","False","False","7076.715","Aktarma ba?lant?s?ndan veriler okunamad?: Ba?lan?lan uygun olarak belli bir s?re i?inde yan?t vermedi?inden veya kurulan
ba?lant? ba?lan?lan ana bilgisayar yan?t vermedi?inden bir ba?lant? kurulamad?.","False","0","False","False","0","False"
"d02f514d-e0e9-491f-b8d4-72c89c73fe78","MANIFEST_BOUND","hmail-perf-pair-service-20260901","06EFCBA9520D478A6DAC7ABB7F09F3B63D015A0CD5ECA1EB4D0FD2CC8C38F9FD","cpp","hmail_perf_pair_cpp_20260831_head3","C:\hmail-perf-pair-service-20260901\cpp\Data","B3DF9E8BBF4BEDB1102C94DF7C86356E1FEABCBC02A18E8EABEB1EA1453D09B8",,,"one TCP client and one sequential IMAP session per sample","0","PASS","45FA907CE0D3797C1E13EBB2F03F076A25656CCE27E801C18F745ACD3944FBBD","5136EEC556F9790732AE759EF52F77FE6172329EA55787A80300C4A824107E46","1","358","False","False","7080.967","Aktarma ba?lant?s?ndan veriler okunamad?: Ba?lan?lan uygun olarak belli bir s?re i?inde yan?t vermedi?inden veya kurulan
ba?lant? ba?lan?lan ana bilgisayar yan?t vermedi?inden bir ba?lant? kurulamad?.","False","0","False","False","0","False"
"d02f514d-e0e9-491f-b8d4-72c89c73fe78","MANIFEST_BOUND","hmail-perf-pair-service-20260901","06EFCBA9520D478A6DAC7ABB7F09F3B63D015A0CD5ECA1EB4D0FD2CC8C38F9FD","cpp","hmail_perf_pair_cpp_20260831_head3","C:\hmail-perf-pair-service-20260901\cpp\Data","B3DF9E8BBF4BEDB1102C94DF7C86356E1FEABCBC02A18E8EABEB1EA1453D09B8",,,"one TCP client and one sequential IMAP session per sample","0","PASS","45FA907CE0D3797C1E13EBB2F03F076A25656CCE27E801C18F745ACD3944FBBD","5136EEC556F9790732AE759EF52F77FE6172329EA55787A80300C4A824107E46","1","359","False","False","7078.971","Aktarma ba?lant?s?ndan veriler okunamad?: Ba?lan?lan uygun olarak belli bir s?re i?inde yan?t vermedi?inden veya kurulan
ba?lant? ba?lan?lan ana bilgisayar yan?t vermedi?inden bir ba?lant? kurulamad?.","False","0","False","False","0","False"
"d02f514d-e0e9-491f-b8d4-72c89c73fe78","MANIFEST_BOUND","hmail-perf-pair-service-20260901","06EFCBA9520D478A6DAC7ABB7F09F3B63D015A0CD5ECA1EB4D0FD2CC8C38F9FD","cpp","hmail_perf_pair_cpp_20260831_head3","C:\hmail-perf-pair-service-20260901\cpp\Data","B3DF9E8BBF4BEDB1102C94DF7C86356E1FEABCBC02A18E8EABEB1EA1453D09B8",,,"one TCP client and one sequential IMAP session per sample","0","PASS","45FA907CE0D3797C1E13EBB2F03F076A25656CCE27E801C18F745ACD3944FBBD","5136EEC556F9790732AE759EF52F77FE6172329EA55787A80300C4A824107E46","1","360","False","False","7079.596","Aktarma ba?lant?s?ndan veriler okunamad?: Ba?lan?lan uygun olarak belli bir s?re i?inde yan?t vermedi?inden veya kurulan
ba?lant? ba?lan?lan ana bilgisayar yan?t vermedi?inden bir ba?lant? kurulamad?.","False","0","False","False","0","False"
"d02f514d-e0e9-491f-b8d4-72c89c73fe78","MANIFEST_BOUND","hmail-perf-pair-service-20260901","06EFCBA9520D478A6DAC7ABB7F09F3B63D015A0CD5ECA1EB4D0FD2CC8C38F9FD","cpp","hmail_perf_pair_cpp_20260831_head3","C:\hmail-perf-pair-service-20260901\cpp\Data","B3DF9E8BBF4BEDB1102C94DF7C86356E1FEABCBC02A18E8EABEB1EA1453D09B8",,,"one TCP client and one sequential IMAP session per sample","0","PASS","45FA907CE0D3797C1E13EBB2F03F076A25656CCE27E801C18F745ACD3944FBBD","5136EEC556F9790732AE759EF52F77FE6172329EA55787A80300C4A824107E46","1","361","False","False","7080.244","Aktarma ba?lant?s?ndan veriler okunamad?: Ba?lan?lan uygun olarak belli bir s?re i?inde yan?t vermedi?inden veya kurulan
ba?lant? ba?lan?lan ana bilgisayar yan?t vermedi?inden bir ba?lant? kurulamad?.","False","0","False","False","0","False"
"d02f514d-e0e9-491f-b8d4-72c89c73fe78","MANIFEST_BOUND","hmail-perf-pair-service-20260901","06EFCBA9520D478A6DAC7ABB7F09F3B63D015A0CD5ECA1EB4D0FD2CC8C38F9FD","cpp","hmail_perf_pair_cpp_20260831_head3","C:\hmail-perf-pair-service-20260901\cpp\Data","B3DF9E8BBF4BEDB1102C94DF7C86356E1FEABCBC02A18E8EABEB1EA1453D09B8",,,"one TCP client and one sequential IMAP session per sample","0","PASS","45FA907CE0D3797C1E13EBB2F03F076A25656CCE27E801C18F745ACD3944FBBD","5136EEC556F9790732AE759EF52F77FE6172329EA55787A80300C4A824107E46","1","362","False","False","7074.929","Aktarma ba?lant?s?ndan veriler okunamad?: Ba?lan?lan uygun olarak belli bir s?re i?inde yan?t vermedi?inden veya kurulan
ba?lant? ba?lan?lan ana bilgisayar yan?t vermedi?inden bir ba?lant? kurulamad?.","False","0","False","False","0","False"
"d02f514d-e0e9-491f-b8d4-72c89c73fe78","MANIFEST_BOUND","hmail-perf-pair-service-20260901","06EFCBA9520D478A6DAC7ABB7F09F3B63D015A0CD5ECA1EB4D0FD2CC8C38F9FD","cpp","hmail_perf_pair_cpp_20260831_head3","C:\hmail-perf-pair-service-20260901\cpp\Data","B3DF9E8BBF4BEDB1102C94DF7C86356E1FEABCBC02A18E8EABEB1EA1453D09B8",,,"one TCP client and one sequential IMAP session per sample","0","PASS","45FA907CE0D3797C1E13EBB2F03F076A25656CCE27E801C18F745ACD3944FBBD","5136EEC556F9790732AE759EF52F77FE6172329EA55787A80300C4A824107E46","1","363","False","False","7077.35","Aktarma ba?lant?s?ndan veriler okunamad?: Ba?lan?lan uygun olarak belli bir s?re i?inde yan?t vermedi?inden veya kurulan
ba?lant? ba?lan?lan ana bilgisayar yan?t vermedi?inden bir ba?lant? kurulamad?.","False","0","False","False","0","False"
"d02f514d-e0e9-491f-b8d4-72c89c73fe78","MANIFEST_BOUND","hmail-perf-pair-service-20260901","06EFCBA9520D478A6DAC7ABB7F09F3B63D015A0CD5ECA1EB4D0FD2CC8C38F9FD","cpp","hmail_perf_pair_cpp_20260831_head3","C:\hmail-perf-pair-service-20260901\cpp\Data","B3DF9E8BBF4BEDB1102C94DF7C86356E1FEABCBC02A18E8EABEB1EA1453D09B8",,,"one TCP client and one sequential IMAP session per sample","0","PASS","45FA907CE0D3797C1E13EBB2F03F076A25656CCE27E801C18F745ACD3944FBBD","5136EEC556F9790732AE759EF52F77FE6172329EA55787A80300C4A824107E46","1","364","False","False","7086.971","Aktarma ba?lant?s?ndan veriler okunamad?: Ba?lan?lan uygun olarak belli bir s?re i?inde yan?t vermedi?inden veya kurulan
ba?lant? ba?lan?lan ana bilgisayar yan?t vermedi?inden bir ba?lant? kurulamad?.","False","0","False","False","0","False"
"d02f514d-e0e9-491f-b8d4-72c89c73fe78","MANIFEST_BOUND","hmail-perf-pair-service-20260901","06EFCBA9520D478A6DAC7ABB7F09F3B63D015A0CD5ECA1EB4D0FD2CC8C38F9FD","cpp","hmail_perf_pair_cpp_20260831_head3","C:\hmail-perf-pair-service-20260901\cpp\Data","B3DF9E8BBF4BEDB1102C94DF7C86356E1FEABCBC02A18E8EABEB1EA1453D09B8",,,"one TCP client and one sequential IMAP session per sample","0","PASS","45FA907CE0D3797C1E13EBB2F03F076A25656CCE27E801C18F745ACD3944FBBD","5136EEC556F9790732AE759EF52F77FE6172329EA55787A80300C4A824107E46","1","365","False","False","7074.85","Aktarma ba?lant?s?ndan veriler okunamad?: Ba?lan?lan uygun olarak belli bir s?re i?inde yan?t vermedi?inden veya kurulan
ba?lant? ba?lan?lan ana bilgisayar yan?t vermedi?inden bir ba?lant? kurulamad?.","False","0","False","False","0","False"
"d02f514d-e0e9-491f-b8d4-72c89c73fe78","MANIFEST_BOUND","hmail-perf-pair-service-20260901","06EFCBA9520D478A6DAC7ABB7F09F3B63D015A0CD5ECA1EB4D0FD2CC8C38F9FD","cpp","hmail_perf_pair_cpp_20260831_head3","C:\hmail-perf-pair-service-20260901\cpp\Data","B3DF9E8BBF4BEDB1102C94DF7C86356E1FEABCBC02A18E8EABEB1EA1453D09B8",,,"one TCP client and one sequential IMAP session per sample","0","PASS","45FA907CE0D3797C1E13EBB2F03F076A25656CCE27E801C18F745ACD3944FBBD","5136EEC556F9790732AE759EF52F77FE6172329EA55787A80300C4A824107E46","1","366","False","False","7082.052","Aktarma ba?lant?s?ndan veriler okunamad?: Ba?lan?lan uygun olarak belli bir s?re i?inde yan?t vermedi?inden veya kurulan
ba?lant? ba?lan?lan ana bilgisayar yan?t vermedi?inden bir ba?lant? kurulamad?.","False","0","False","False","0","False"
"d02f514d-e0e9-491f-b8d4-72c89c73fe78","MANIFEST_BOUND","hmail-perf-pair-service-20260901","06EFCBA9520D478A6DAC7ABB7F09F3B63D015A0CD5ECA1EB4D0FD2CC8C38F9FD","cpp","hmail_perf_pair_cpp_20260831_head3","C:\hmail-perf-pair-service-20260901\cpp\Data","B3DF9E8BBF4BEDB1102C94DF7C86356E1FEABCBC02A18E8EABEB1EA1453D09B8",,,"one TCP client and one sequential IMAP session per sample","0","PASS","45FA907CE0D3797C1E13EBB2F03F076A25656CCE27E801C18F745ACD3944FBBD","5136EEC556F9790732AE759EF52F77FE6172329EA55787A80300C4A824107E46","1","367","False","False","7080.979","Aktarma ba?lant?s?ndan veriler okunamad?: Ba?lan?lan uygun olarak belli bir s?re i?inde yan?t vermedi?inden veya kurulan
ba?lant? ba?lan?lan ana bilgisayar yan?t vermedi?inden bir ba?lant? kurulamad?.","False","0","False","False","0","False"
"d02f514d-e0e9-491f-b8d4-72c89c73fe78","MANIFEST_BOUND","hmail-perf-pair-service-20260901","06EFCBA9520D478A6DAC7ABB7F09F3B63D015A0CD5ECA1EB4D0FD2CC8C38F9FD","cpp","hmail_perf_pair_cpp_20260831_head3","C:\hmail-perf-pair-service-20260901\cpp\Data","B3DF9E8BBF4BEDB1102C94DF7C86356E1FEABCBC02A18E8EABEB1EA1453D09B8",,,"one TCP client and one sequential IMAP session per sample","0","PASS","45FA907CE0D3797C1E13EBB2F03F076A25656CCE27E801C18F745ACD3944FBBD","5136EEC556F9790732AE759EF52F77FE6172329EA55787A80300C4A824107E46","1","368","True","False","6282.963",,"True","1000","True","True","1000","True"
"d02f514d-e0e9-491f-b8d4-72c89c73fe78","MANIFEST_BOUND","hmail-perf-pair-service-20260901","06EFCBA9520D478A6DAC7ABB7F09F3B63D015A0CD5ECA1EB4D0FD2CC8C38F9FD","cpp","hmail_perf_pair_cpp_20260831_head3","C:\hmail-perf-pair-service-20260901\cpp\Data","B3DF9E8BBF4BEDB1102C94DF7C86356E1FEABCBC02A18E8EABEB1EA1453D09B8",,,"one TCP client and one sequential IMAP session per sample","0","PASS","45FA907CE0D3797C1E13EBB2F03F076A25656CCE27E801C18F745ACD3944FBBD","5136EEC556F9790732AE759EF52F77FE6172329EA55787A80300C4A824107E46","1","369","False","False","7078.958","Aktarma ba?lant?s?ndan veriler okunamad?: Ba?lan?lan uygun olarak belli bir s?re i?inde yan?t vermedi?inden veya kurulan
ba?lant? ba?lan?lan ana bilgisayar yan?t vermedi?inden bir ba?lant? kurulamad?.","False","0","False","False","0","False"
"d02f514d-e0e9-491f-b8d4-72c89c73fe78","MANIFEST_BOUND","hmail-perf-pair-service-20260901","06EFCBA9520D478A6DAC7ABB7F09F3B63D015A0CD5ECA1EB4D0FD2CC8C38F9FD","cpp","hmail_perf_pair_cpp_20260831_head3","C:\hmail-perf-pair-service-20260901\cpp\Data","B3DF9E8BBF4BEDB1102C94DF7C86356E1FEABCBC02A18E8EABEB1EA1453D09B8",,,"one TCP client and one sequential IMAP session per sample","0","PASS","45FA907CE0D3797C1E13EBB2F03F076A25656CCE27E801C18F745ACD3944FBBD","5136EEC556F9790732AE759EF52F77FE6172329EA55787A80300C4A824107E46","1","370","False","False","7075.079","Aktarma ba?lant?s?ndan veriler okunamad?: Ba?lan?lan uygun olarak belli bir s?re i?inde yan?t vermedi?inden veya kurulan
ba?lant? ba?lan?lan ana bilgisayar yan?t vermedi?inden bir ba?lant? kurulamad?.","False","0","False","False","0","False"
"d02f514d-e0e9-491f-b8d4-72c89c73fe78","MANIFEST_BOUND","hmail-perf-pair-service-20260901","06EFCBA9520D478A6DAC7ABB7F09F3B63D015A0CD5ECA1EB4D0FD2CC8C38F9FD","cpp","hmail_perf_pair_cpp_20260831_head3","C:\hmail-perf-pair-service-20260901\cpp\Data","B3DF9E8BBF4BEDB1102C94DF7C86356E1FEABCBC02A18E8EABEB1EA1453D09B8",,,"one TCP client and one sequential IMAP session per sample","0","PASS","45FA907CE0D3797C1E13EBB2F03F076A25656CCE27E801C18F745ACD3944FBBD","5136EEC556F9790732AE759EF52F77FE6172329EA55787A80300C4A824107E46","1","371","False","False","7076.295","Aktarma ba?lant?s?ndan veriler okunamad?: Ba?lan?lan uygun olarak belli bir s?re i?inde yan?t vermedi?inden veya kurulan
ba?lant? ba?lan?lan ana bilgisayar yan?t vermedi?inden bir ba?lant? kurulamad?.","False","0","False","False","0","False"
"d02f514d-e0e9-491f-b8d4-72c89c73fe78","MANIFEST_BOUND","hmail-perf-pair-service-20260901","06EFCBA9520D478A6DAC7ABB7F09F3B63D015A0CD5ECA1EB4D0FD2CC8C38F9FD","cpp","hmail_perf_pair_cpp_20260831_head3","C:\hmail-perf-pair-service-20260901\cpp\Data","B3DF9E8BBF4BEDB1102C94DF7C86356E1FEABCBC02A18E8EABEB1EA1453D09B8",,,"one TCP client and one sequential IMAP session per sample","0","PASS","45FA907CE0D3797C1E13EBB2F03F076A25656CCE27E801C18F745ACD3944FBBD","5136EEC556F9790732AE759EF52F77FE6172329EA55787A80300C4A824107E46","1","372","False","False","7080.71","Aktarma ba?lant?s?ndan veriler okunamad?: Ba?lan?lan uygun olarak belli bir s?re i?inde yan?t vermedi?inden veya kurulan
ba?lant? ba?lan?lan ana bilgisayar yan?t vermedi?inden bir ba?lant? kurulamad?.","False","0","False","False","0","False"
"d02f514d-e0e9-491f-b8d4-72c89c73fe78","MANIFEST_BOUND","hmail-perf-pair-service-20260901","06EFCBA9520D478A6DAC7ABB7F09F3B63D015A0CD5ECA1EB4D0FD2CC8C38F9FD","cpp","hmail_perf_pair_cpp_20260831_head3","C:\hmail-perf-pair-service-20260901\cpp\Data","B3DF9E8BBF4BEDB1102C94DF7C86356E1FEABCBC02A18E8EABEB1EA1453D09B8",,,"one TCP client and one sequential IMAP session per sample","0","PASS","45FA907CE0D3797C1E13EBB2F03F076A25656CCE27E801C18F745ACD3944FBBD","5136EEC556F9790732AE759EF52F77FE6172329EA55787A80300C4A824107E46","1","373","False","False","7083.529","Aktarma ba?lant?s?ndan veriler okunamad?: Ba?lan?lan uygun olarak belli bir s?re i?inde yan?t vermedi?inden veya kurulan
ba?lant? ba?lan?lan ana bilgisayar yan?t vermedi?inden bir ba?lant? kurulamad?.","False","0","False","False","0","False"
"d02f514d-e0e9-491f-b8d4-72c89c73fe78","MANIFEST_BOUND","hmail-perf-pair-service-20260901","06EFCBA9520D478A6DAC7ABB7F09F3B63D015A0CD5ECA1EB4D0FD2CC8C38F9FD","cpp","hmail_perf_pair_cpp_20260831_head3","C:\hmail-perf-pair-service-20260901\cpp\Data","B3DF9E8BBF4BEDB1102C94DF7C86356E1FEABCBC02A18E8EABEB1EA1453D09B8",,,"one TCP client and one sequential IMAP session per sample","0","PASS","45FA907CE0D3797C1E13EBB2F03F076A25656CCE27E801C18F745ACD3944FBBD","5136EEC556F9790732AE759EF52F77FE6172329EA55787A80300C4A824107E46","1","374","False","False","7083.835","Aktarma ba?lant?s?ndan veriler okunamad?: Ba?lan?lan uygun olarak belli bir s?re i?inde yan?t vermedi?inden veya kurulan
ba?lant? ba?lan?lan ana bilgisayar yan?t vermedi?inden bir ba?lant? kurulamad?.","False","0","False","False","0","False"
"d02f514d-e0e9-491f-b8d4-72c89c73fe78","MANIFEST_BOUND","hmail-perf-pair-service-20260901","06EFCBA9520D478A6DAC7ABB7F09F3B63D015A0CD5ECA1EB4D0FD2CC8C38F9FD","cpp","hmail_perf_pair_cpp_20260831_head3","C:\hmail-perf-pair-service-20260901\cpp\Data","B3DF9E8BBF4BEDB1102C94DF7C86356E1FEABCBC02A18E8EABEB1EA1453D09B8",,,"one TCP client and one sequential IMAP session per sample","0","PASS","45FA907CE0D3797C1E13EBB2F03F076A25656CCE27E801C18F745ACD3944FBBD","5136EEC556F9790732AE759EF52F77FE6172329EA55787A80300C4A824107E46","1","375","False","False","7077.107","Aktarma ba?lant?s?ndan veriler okunamad?: Ba?lan?lan uygun olarak belli bir s?re i?inde yan?t vermedi?inden veya kurulan
ba?lant? ba?lan?lan ana bilgisayar yan?t vermedi?inden bir ba?lant? kurulamad?.","False","0","False","False","0","False"
"d02f514d-e0e9-491f-b8d4-72c89c73fe78","MANIFEST_BOUND","hmail-perf-pair-service-20260901","06EFCBA9520D478A6DAC7ABB7F09F3B63D015A0CD5ECA1EB4D0FD2CC8C38F9FD","cpp","hmail_perf_pair_cpp_20260831_head3","C:\hmail-perf-pair-service-20260901\cpp\Data","B3DF9E8BBF4BEDB1102C94DF7C86356E1FEABCBC02A18E8EABEB1EA1453D09B8",,,"one TCP client and one sequential IMAP session per sample","0","PASS","45FA907CE0D3797C1E13EBB2F03F076A25656CCE27E801C18F745ACD3944FBBD","5136EEC556F9790732AE759EF52F77FE6172329EA55787A80300C4A824107E46","1","376","False","False","7077.738","Aktarma ba?lant?s?ndan veriler okunamad?: Ba?lan?lan uygun olarak belli bir s?re i?inde yan?t vermedi?inden veya kurulan
ba?lant? ba?lan?lan ana bilgisayar yan?t vermedi?inden bir ba?lant? kurulamad?.","False","0","False","False","0","False"
"d02f514d-e0e9-491f-b8d4-72c89c73fe78","MANIFEST_BOUND","hmail-perf-pair-service-20260901","06EFCBA9520D478A6DAC7ABB7F09F3B63D015A0CD5ECA1EB4D0FD2CC8C38F9FD","cpp","hmail_perf_pair_cpp_20260831_head3","C:\hmail-perf-pair-service-20260901\cpp\Data","B3DF9E8BBF4BEDB1102C94DF7C86356E1FEABCBC02A18E8EABEB1EA1453D09B8",,,"one TCP client and one sequential IMAP session per sample","0","PASS","45FA907CE0D3797C1E13EBB2F03F076A25656CCE27E801C18F745ACD3944FBBD","5136EEC556F9790732AE759EF52F77FE6172329EA55787A80300C4A824107E46","1","377","False","False","7079.111","Aktarma ba?lant?s?ndan veriler okunamad?: Ba?lan?lan uygun olarak belli bir s?re i?inde yan?t vermedi?inden veya kurulan
ba?lant? ba?lan?lan ana bilgisayar yan?t vermedi?inden bir ba?lant? kurulamad?.","False","0","False","False","0","False"
"d02f514d-e0e9-491f-b8d4-72c89c73fe78","MANIFEST_BOUND","hmail-perf-pair-service-20260901","06EFCBA9520D478A6DAC7ABB7F09F3B63D015A0CD5ECA1EB4D0FD2CC8C38F9FD","cpp","hmail_perf_pair_cpp_20260831_head3","C:\hmail-perf-pair-service-20260901\cpp\Data","B3DF9E8BBF4BEDB1102C94DF7C86356E1FEABCBC02A18E8EABEB1EA1453D09B8",,,"one TCP client and one sequential IMAP session per sample","0","PASS","45FA907CE0D3797C1E13EBB2F03F076A25656CCE27E801C18F745ACD3944FBBD","5136EEC556F9790732AE759EF52F77FE6172329EA55787A80300C4A824107E46","1","378","False","False","7086.029","Aktarma ba?lant?s?ndan veriler okunamad?: Ba?lan?lan uygun olarak belli bir s?re i?inde yan?t vermedi?inden veya kurulan
ba?lant? ba?lan?lan ana bilgisayar yan?t vermedi?inden bir ba?lant? kurulamad?.","False","0","False","False","0","False"
"d02f514d-e0e9-491f-b8d4-72c89c73fe78","MANIFEST_BOUND","hmail-perf-pair-service-20260901","06EFCBA9520D478A6DAC7ABB7F09F3B63D015A0CD5ECA1EB4D0FD2CC8C38F9FD","cpp","hmail_perf_pair_cpp_20260831_head3","C:\hmail-perf-pair-service-20260901\cpp\Data","B3DF9E8BBF4BEDB1102C94DF7C86356E1FEABCBC02A18E8EABEB1EA1453D09B8",,,"one TCP client and one sequential IMAP session per sample","0","PASS","45FA907CE0D3797C1E13EBB2F03F076A25656CCE27E801C18F745ACD3944FBBD","5136EEC556F9790732AE759EF52F77FE6172329EA55787A80300C4A824107E46","1","379","False","False","7085.934","Aktarma ba?lant?s?ndan veriler okunamad?: Ba?lan?lan uygun olarak belli bir s?re i?inde yan?t vermedi?inden veya kurulan
ba?lant? ba?lan?lan ana bilgisayar yan?t vermedi?inden bir ba?lant? kurulamad?.","False","0","False","False","0","False"
"d02f514d-e0e9-491f-b8d4-72c89c73fe78","MANIFEST_BOUND","hmail-perf-pair-service-20260901","06EFCBA9520D478A6DAC7ABB7F09F3B63D015A0CD5ECA1EB4D0FD2CC8C38F9FD","cpp","hmail_perf_pair_cpp_20260831_head3","C:\hmail-perf-pair-service-20260901\cpp\Data","B3DF9E8BBF4BEDB1102C94DF7C86356E1FEABCBC02A18E8EABEB1EA1453D09B8",,,"one TCP client and one sequential IMAP session per sample","0","PASS","45FA907CE0D3797C1E13EBB2F03F076A25656CCE27E801C18F745ACD3944FBBD","5136EEC556F9790732AE759EF52F77FE6172329EA55787A80300C4A824107E46","1","380","True","False","6863.204",,"True","1000","True","True","1000","True"
"d02f514d-e0e9-491f-b8d4-72c89c73fe78","MANIFEST_BOUND","hmail-perf-pair-service-20260901","06EFCBA9520D478A6DAC7ABB7F09F3B63D015A0CD5ECA1EB4D0FD2CC8C38F9FD","cpp","hmail_perf_pair_cpp_20260831_head3","C:\hmail-perf-pair-service-20260901\cpp\Data","B3DF9E8BBF4BEDB1102C94DF7C86356E1FEABCBC02A18E8EABEB1EA1453D09B8",,,"one TCP client and one sequential IMAP session per sample","0","PASS","45FA907CE0D3797C1E13EBB2F03F076A25656CCE27E801C18F745ACD3944FBBD","5136EEC556F9790732AE759EF52F77FE6172329EA55787A80300C4A824107E46","1","381","False","False","7080.971","Aktarma ba?lant?s?ndan veriler okunamad?: Ba?lan?lan uygun olarak belli bir s?re i?inde yan?t vermedi?inden veya kurulan
ba?lant? ba?lan?lan ana bilgisayar yan?t vermedi?inden bir ba?lant? kurulamad?.","False","0","False","False","0","False"
"d02f514d-e0e9-491f-b8d4-72c89c73fe78","MANIFEST_BOUND","hmail-perf-pair-service-20260901","06EFCBA9520D478A6DAC7ABB7F09F3B63D015A0CD5ECA1EB4D0FD2CC8C38F9FD","cpp","hmail_perf_pair_cpp_20260831_head3","C:\hmail-perf-pair-service-20260901\cpp\Data","B3DF9E8BBF4BEDB1102C94DF7C86356E1FEABCBC02A18E8EABEB1EA1453D09B8",,,"one TCP client and one sequential IMAP session per sample","0","PASS","45FA907CE0D3797C1E13EBB2F03F076A25656CCE27E801C18F745ACD3944FBBD","5136EEC556F9790732AE759EF52F77FE6172329EA55787A80300C4A824107E46","1","382","False","False","7079.04","Aktarma ba?lant?s?ndan veriler okunamad?: Ba?lan?lan uygun olarak belli bir s?re i?inde yan?t vermedi?inden veya kurulan
ba?lant? ba?lan?lan ana bilgisayar yan?t vermedi?inden bir ba?lant? kurulamad?.","False","0","False","False","0","False"
"d02f514d-e0e9-491f-b8d4-72c89c73fe78","MANIFEST_BOUND","hmail-perf-pair-service-20260901","06EFCBA9520D478A6DAC7ABB7F09F3B63D015A0CD5ECA1EB4D0FD2CC8C38F9FD","cpp","hmail_perf_pair_cpp_20260831_head3","C:\hmail-perf-pair-service-20260901\cpp\Data","B3DF9E8BBF4BEDB1102C94DF7C86356E1FEABCBC02A18E8EABEB1EA1453D09B8",,,"one TCP client and one sequential IMAP session per sample","0","PASS","45FA907CE0D3797C1E13EBB2F03F076A25656CCE27E801C18F745ACD3944FBBD","5136EEC556F9790732AE759EF52F77FE6172329EA55787A80300C4A824107E46","1","383","False","False","7073.453","Aktarma ba?lant?s?ndan veriler okunamad?: Ba?lan?lan uygun olarak belli bir s?re i?inde yan?t vermedi?inden veya kurulan
ba?lant? ba?lan?lan ana bilgisayar yan?t vermedi?inden bir ba?lant? kurulamad?.","False","0","False","False","0","False"
"d02f514d-e0e9-491f-b8d4-72c89c73fe78","MANIFEST_BOUND","hmail-perf-pair-service-20260901","06EFCBA9520D478A6DAC7ABB7F09F3B63D015A0CD5ECA1EB4D0FD2CC8C38F9FD","cpp","hmail_perf_pair_cpp_20260831_head3","C:\hmail-perf-pair-service-20260901\cpp\Data","B3DF9E8BBF4BEDB1102C94DF7C86356E1FEABCBC02A18E8EABEB1EA1453D09B8",,,"one TCP client and one sequential IMAP session per sample","0","PASS","45FA907CE0D3797C1E13EBB2F03F076A25656CCE27E801C18F745ACD3944FBBD","5136EEC556F9790732AE759EF52F77FE6172329EA55787A80300C4A824107E46","1","384","False","False","7077.57","Aktarma ba?lant?s?ndan veriler okunamad?: Ba?lan?lan uygun olarak belli bir s?re i?inde yan?t vermedi?inden veya kurulan
ba?lant? ba?lan?lan ana bilgisayar yan?t vermedi?inden bir ba?lant? kurulamad?.","False","0","False","False","0","False"
"d02f514d-e0e9-491f-b8d4-72c89c73fe78","MANIFEST_BOUND","hmail-perf-pair-service-20260901","06EFCBA9520D478A6DAC7ABB7F09F3B63D015A0CD5ECA1EB4D0FD2CC8C38F9FD","cpp","hmail_perf_pair_cpp_20260831_head3","C:\hmail-perf-pair-service-20260901\cpp\Data","B3DF9E8BBF4BEDB1102C94DF7C86356E1FEABCBC02A18E8EABEB1EA1453D09B8",,,"one TCP client and one sequential IMAP session per sample","0","PASS","45FA907CE0D3797C1E13EBB2F03F076A25656CCE27E801C18F745ACD3944FBBD","5136EEC556F9790732AE759EF52F77FE6172329EA55787A80300C4A824107E46","1","385","False","False","7075.129","Aktarma ba?lant?s?ndan veriler okunamad?: Ba?lan?lan uygun olarak belli bir s?re i?inde yan?t vermedi?inden veya kurulan
ba?lant? ba?lan?lan ana bilgisayar yan?t vermedi?inden bir ba?lant? kurulamad?.","False","0","False","False","0","False"
"d02f514d-e0e9-491f-b8d4-72c89c73fe78","MANIFEST_BOUND","hmail-perf-pair-service-20260901","06EFCBA9520D478A6DAC7ABB7F09F3B63D015A0CD5ECA1EB4D0FD2CC8C38F9FD","cpp","hmail_perf_pair_cpp_20260831_head3","C:\hmail-perf-pair-service-20260901\cpp\Data","B3DF9E8BBF4BEDB1102C94DF7C86356E1FEABCBC02A18E8EABEB1EA1453D09B8",,,"one TCP client and one sequential IMAP session per sample","0","PASS","45FA907CE0D3797C1E13EBB2F03F076A25656CCE27E801C18F745ACD3944FBBD","5136EEC556F9790732AE759EF52F77FE6172329EA55787A80300C4A824107E46","1","386","False","False","7075.73","Aktarma ba?lant?s?ndan veriler okunamad?: Ba?lan?lan uygun olarak belli bir s?re i?inde yan?t vermedi?inden veya kurulan
ba?lant? ba?lan?lan ana bilgisayar yan?t vermedi?inden bir ba?lant? kurulamad?.","False","0","False","False","0","False"
"d02f514d-e0e9-491f-b8d4-72c89c73fe78","MANIFEST_BOUND","hmail-perf-pair-service-20260901","06EFCBA9520D478A6DAC7ABB7F09F3B63D015A0CD5ECA1EB4D0FD2CC8C38F9FD","cpp","hmail_perf_pair_cpp_20260831_head3","C:\hmail-perf-pair-service-20260901\cpp\Data","B3DF9E8BBF4BEDB1102C94DF7C86356E1FEABCBC02A18E8EABEB1EA1453D09B8",,,"one TCP client and one sequential IMAP session per sample","0","PASS","45FA907CE0D3797C1E13EBB2F03F076A25656CCE27E801C18F745ACD3944FBBD","5136EEC556F9790732AE759EF52F77FE6172329EA55787A80300C4A824107E46","1","387","True","False","7403.602",,"True","1000","True","True","1000","True"
"d02f514d-e0e9-491f-b8d4-72c89c73fe78","MANIFEST_BOUND","hmail-perf-pair-service-20260901","06EFCBA9520D478A6DAC7ABB7F09F3B63D015A0CD5ECA1EB4D0FD2CC8C38F9FD","cpp","hmail_perf_pair_cpp_20260831_head3","C:\hmail-perf-pair-service-20260901\cpp\Data","B3DF9E8BBF4BEDB1102C94DF7C86356E1FEABCBC02A18E8EABEB1EA1453D09B8",,,"one TCP client and one sequential IMAP session per sample","0","PASS","45FA907CE0D3797C1E13EBB2F03F076A25656CCE27E801C18F745ACD3944FBBD","5136EEC556F9790732AE759EF52F77FE6172329EA55787A80300C4A824107E46","1","388","False","False","7073.45","Aktarma ba?lant?s?ndan veriler okunamad?: Ba?lan?lan uygun olarak belli bir s?re i?inde yan?t vermedi?inden veya kurulan
ba?lant? ba?lan?lan ana bilgisayar yan?t vermedi?inden bir ba?lant? kurulamad?.","False","0","False","False","0","False"
"d02f514d-e0e9-491f-b8d4-72c89c73fe78","MANIFEST_BOUND","hmail-perf-pair-service-20260901","06EFCBA9520D478A6DAC7ABB7F09F3B63D015A0CD5ECA1EB4D0FD2CC8C38F9FD","cpp","hmail_perf_pair_cpp_20260831_head3","C:\hmail-perf-pair-service-20260901\cpp\Data","B3DF9E8BBF4BEDB1102C94DF7C86356E1FEABCBC02A18E8EABEB1EA1453D09B8",,,"one TCP client and one sequential IMAP session per sample","0","PASS","45FA907CE0D3797C1E13EBB2F03F076A25656CCE27E801C18F745ACD3944FBBD","5136EEC556F9790732AE759EF52F77FE6172329EA55787A80300C4A824107E46","1","389","False","False","7075.38","Aktarma ba?lant?s?ndan veriler okunamad?: Ba?lan?lan uygun olarak belli bir s?re i?inde yan?t vermedi?inden veya kurulan
ba?lant? ba?lan?lan ana bilgisayar yan?t vermedi?inden bir ba?lant? kurulamad?.","False","0","False","False","0","False"
"d02f514d-e0e9-491f-b8d4-72c89c73fe78","MANIFEST_BOUND","hmail-perf-pair-service-20260901","06EFCBA9520D478A6DAC7ABB7F09F3B63D015A0CD5ECA1EB4D0FD2CC8C38F9FD","cpp","hmail_perf_pair_cpp_20260831_head3","C:\hmail-perf-pair-service-20260901\cpp\Data","B3DF9E8BBF4BEDB1102C94DF7C86356E1FEABCBC02A18E8EABEB1EA1453D09B8",,,"one TCP client and one sequential IMAP session per sample","0","PASS","45FA907CE0D3797C1E13EBB2F03F076A25656CCE27E801C18F745ACD3944FBBD","5136EEC556F9790732AE759EF52F77FE6172329EA55787A80300C4A824107E46","1","390","False","False","7082.573","Aktarma ba?lant?s?ndan veriler okunamad?: Ba?lan?lan uygun olarak belli bir s?re i?inde yan?t vermedi?inden veya kurulan
ba?lant? ba?lan?lan ana bilgisayar yan?t vermedi?inden bir ba?lant? kurulamad?.","False","0","False","False","0","False"
"d02f514d-e0e9-491f-b8d4-72c89c73fe78","MANIFEST_BOUND","hmail-perf-pair-service-20260901","06EFCBA9520D478A6DAC7ABB7F09F3B63D015A0CD5ECA1EB4D0FD2CC8C38F9FD","cpp","hmail_perf_pair_cpp_20260831_head3","C:\hmail-perf-pair-service-20260901\cpp\Data","B3DF9E8BBF4BEDB1102C94DF7C86356E1FEABCBC02A18E8EABEB1EA1453D09B8",,,"one TCP client and one sequential IMAP session per sample","0","PASS","45FA907CE0D3797C1E13EBB2F03F076A25656CCE27E801C18F745ACD3944FBBD","5136EEC556F9790732AE759EF52F77FE6172329EA55787A80300C4A824107E46","1","391","False","False","7079.794","Aktarma ba?lant?s?ndan veriler okunamad?: Ba?lan?lan uygun olarak belli bir s?re i?inde yan?t vermedi?inden veya kurulan
ba?lant? ba?lan?lan ana bilgisayar yan?t vermedi?inden bir ba?lant? kurulamad?.","False","0","False","False","0","False"
"d02f514d-e0e9-491f-b8d4-72c89c73fe78","MANIFEST_BOUND","hmail-perf-pair-service-20260901","06EFCBA9520D478A6DAC7ABB7F09F3B63D015A0CD5ECA1EB4D0FD2CC8C38F9FD","cpp","hmail_perf_pair_cpp_20260831_head3","C:\hmail-perf-pair-service-20260901\cpp\Data","B3DF9E8BBF4BEDB1102C94DF7C86356E1FEABCBC02A18E8EABEB1EA1453D09B8",,,"one TCP client and one sequential IMAP session per sample","0","PASS","45FA907CE0D3797C1E13EBB2F03F076A25656CCE27E801C18F745ACD3944FBBD","5136EEC556F9790732AE759EF52F77FE6172329EA55787A80300C4A824107E46","1","392","False","False","7076.949","Aktarma ba?lant?s?ndan veriler okunamad?: Ba?lan?lan uygun olarak belli bir s?re i?inde yan?t vermedi?inden veya kurulan
ba?lant? ba?lan?lan ana bilgisayar yan?t vermedi?inden bir ba?lant? kurulamad?.","False","0","False","False","0","False"
"d02f514d-e0e9-491f-b8d4-72c89c73fe78","MANIFEST_BOUND","hmail-perf-pair-service-20260901","06EFCBA9520D478A6DAC7ABB7F09F3B63D015A0CD5ECA1EB4D0FD2CC8C38F9FD","cpp","hmail_perf_pair_cpp_20260831_head3","C:\hmail-perf-pair-service-20260901\cpp\Data","B3DF9E8BBF4BEDB1102C94DF7C86356E1FEABCBC02A18E8EABEB1EA1453D09B8",,,"one TCP client and one sequential IMAP session per sample","0","PASS","45FA907CE0D3797C1E13EBB2F03F076A25656CCE27E801C18F745ACD3944FBBD","5136EEC556F9790732AE759EF52F77FE6172329EA55787A80300C4A824107E46","1","393","False","False","7076.706","Aktarma ba?lant?s?ndan veriler okunamad?: Ba?lan?lan uygun olarak belli bir s?re i?inde yan?t vermedi?inden veya kurulan
ba?lant? ba?lan?lan ana bilgisayar yan?t vermedi?inden bir ba?lant? kurulamad?.","False","0","False","False","0","False"
"d02f514d-e0e9-491f-b8d4-72c89c73fe78","MANIFEST_BOUND","hmail-perf-pair-service-20260901","06EFCBA9520D478A6DAC7ABB7F09F3B63D015A0CD5ECA1EB4D0FD2CC8C38F9FD","cpp","hmail_perf_pair_cpp_20260831_head3","C:\hmail-perf-pair-service-20260901\cpp\Data","B3DF9E8BBF4BEDB1102C94DF7C86356E1FEABCBC02A18E8EABEB1EA1453D09B8",,,"one TCP client and one sequential IMAP session per sample","0","PASS","45FA907CE0D3797C1E13EBB2F03F076A25656CCE27E801C18F745ACD3944FBBD","5136EEC556F9790732AE759EF52F77FE6172329EA55787A80300C4A824107E46","1","394","False","False","7074.67","Aktarma ba?lant?s?ndan veriler okunamad?: Ba?lan?lan uygun olarak belli bir s?re i?inde yan?t vermedi?inden veya kurulan
ba?lant? ba?lan?lan ana bilgisayar yan?t vermedi?inden bir ba?lant? kurulamad?.","False","0","False","False","0","False"
"d02f514d-e0e9-491f-b8d4-72c89c73fe78","MANIFEST_BOUND","hmail-perf-pair-service-20260901","06EFCBA9520D478A6DAC7ABB7F09F3B63D015A0CD5ECA1EB4D0FD2CC8C38F9FD","cpp","hmail_perf_pair_cpp_20260831_head3","C:\hmail-perf-pair-service-20260901\cpp\Data","B3DF9E8BBF4BEDB1102C94DF7C86356E1FEABCBC02A18E8EABEB1EA1453D09B8",,,"one TCP client and one sequential IMAP session per sample","0","PASS","45FA907CE0D3797C1E13EBB2F03F076A25656CCE27E801C18F745ACD3944FBBD","5136EEC556F9790732AE759EF52F77FE6172329EA55787A80300C4A824107E46","1","395","False","False","7082.758","Aktarma ba?lant?s?ndan veriler okunamad?: Ba?lan?lan uygun olarak belli bir s?re i?inde yan?t vermedi?inden veya kurulan
ba?lant? ba?lan?lan ana bilgisayar yan?t vermedi?inden bir ba?lant? kurulamad?.","False","0","False","False","0","False"
"d02f514d-e0e9-491f-b8d4-72c89c73fe78","MANIFEST_BOUND","hmail-perf-pair-service-20260901","06EFCBA9520D478A6DAC7ABB7F09F3B63D015A0CD5ECA1EB4D0FD2CC8C38F9FD","cpp","hmail_perf_pair_cpp_20260831_head3","C:\hmail-perf-pair-service-20260901\cpp\Data","B3DF9E8BBF4BEDB1102C94DF7C86356E1FEABCBC02A18E8EABEB1EA1453D09B8",,,"one TCP client and one sequential IMAP session per sample","0","PASS","45FA907CE0D3797C1E13EBB2F03F076A25656CCE27E801C18F745ACD3944FBBD","5136EEC556F9790732AE759EF52F77FE6172329EA55787A80300C4A824107E46","1","396","False","False","7085.035","Aktarma ba?lant?s?ndan veriler okunamad?: Ba?lan?lan uygun olarak belli bir s?re i?inde yan?t vermedi?inden veya kurulan
ba?lant? ba?lan?lan ana bilgisayar yan?t vermedi?inden bir ba?lant? kurulamad?.","False","0","False","False","0","False"
"d02f514d-e0e9-491f-b8d4-72c89c73fe78","MANIFEST_BOUND","hmail-perf-pair-service-20260901","06EFCBA9520D478A6DAC7ABB7F09F3B63D015A0CD5ECA1EB4D0FD2CC8C38F9FD","cpp","hmail_perf_pair_cpp_20260831_head3","C:\hmail-perf-pair-service-20260901\cpp\Data","B3DF9E8BBF4BEDB1102C94DF7C86356E1FEABCBC02A18E8EABEB1EA1453D09B8",,,"one TCP client and one sequential IMAP session per sample","0","PASS","45FA907CE0D3797C1E13EBB2F03F076A25656CCE27E801C18F745ACD3944FBBD","5136EEC556F9790732AE759EF52F77FE6172329EA55787A80300C4A824107E46","1","397","False","False","7082.466","Aktarma ba?lant?s?ndan veriler okunamad?: Ba?lan?lan uygun olarak belli bir s?re i?inde yan?t vermedi?inden veya kurulan
ba?lant? ba?lan?lan ana bilgisayar yan?t vermedi?inden bir ba?lant? kurulamad?.","False","0","False","False","0","False"
"d02f514d-e0e9-491f-b8d4-72c89c73fe78","MANIFEST_BOUND","hmail-perf-pair-service-20260901","06EFCBA9520D478A6DAC7ABB7F09F3B63D015A0CD5ECA1EB4D0FD2CC8C38F9FD","cpp","hmail_perf_pair_cpp_20260831_head3","C:\hmail-perf-pair-service-20260901\cpp\Data","B3DF9E8BBF4BEDB1102C94DF7C86356E1FEABCBC02A18E8EABEB1EA1453D09B8",,,"one TCP client and one sequential IMAP session per sample","0","PASS","45FA907CE0D3797C1E13EBB2F03F076A25656CCE27E801C18F745ACD3944FBBD","5136EEC556F9790732AE759EF52F77FE6172329EA55787A80300C4A824107E46","1","398","False","False","7080.042","Aktarma ba?lant?s?ndan veriler okunamad?: Ba?lan?lan uygun olarak belli bir s?re i?inde yan?t vermedi?inden veya kurulan
ba?lant? ba?lan?lan ana bilgisayar yan?t vermedi?inden bir ba?lant? kurulamad?.","False","0","False","False","0","False"
"d02f514d-e0e9-491f-b8d4-72c89c73fe78","MANIFEST_BOUND","hmail-perf-pair-service-20260901","06EFCBA9520D478A6DAC7ABB7F09F3B63D015A0CD5ECA1EB4D0FD2CC8C38F9FD","cpp","hmail_perf_pair_cpp_20260831_head3","C:\hmail-perf-pair-service-20260901\cpp\Data","B3DF9E8BBF4BEDB1102C94DF7C86356E1FEABCBC02A18E8EABEB1EA1453D09B8",,,"one TCP client and one sequential IMAP session per sample","0","PASS","45FA907CE0D3797C1E13EBB2F03F076A25656CCE27E801C18F745ACD3944FBBD","5136EEC556F9790732AE759EF52F77FE6172329EA55787A80300C4A824107E46","1","399","False","False","7080.637","Aktarma ba?lant?s?ndan veriler okunamad?: Ba?lan?lan uygun olarak belli bir s?re i?inde yan?t vermedi?inden veya kurulan
ba?lant? ba?lan?lan ana bilgisayar yan?t vermedi?inden bir ba?lant? kurulamad?.","False","0","False","False","0","False"
"d02f514d-e0e9-491f-b8d4-72c89c73fe78","MANIFEST_BOUND","hmail-perf-pair-service-20260901","06EFCBA9520D478A6DAC7ABB7F09F3B63D015A0CD5ECA1EB4D0FD2CC8C38F9FD","cpp","hmail_perf_pair_cpp_20260831_head3","C:\hmail-perf-pair-service-20260901\cpp\Data","B3DF9E8BBF4BEDB1102C94DF7C86356E1FEABCBC02A18E8EABEB1EA1453D09B8",,,"one TCP client and one sequential IMAP session per sample","0","PASS","45FA907CE0D3797C1E13EBB2F03F076A25656CCE27E801C18F745ACD3944FBBD","5136EEC556F9790732AE759EF52F77FE6172329EA55787A80300C4A824107E46","1","400","False","False","7081.914","Aktarma ba?lant?s?ndan veriler okunamad?: Ba?lan?lan uygun olarak belli bir s?re i?inde yan?t vermedi?inden veya kurulan
ba?lant? ba?lan?lan ana bilgisayar yan?t vermedi?inden bir ba?lant? kurulamad?.","False","0","False","False","0","False"
"d02f514d-e0e9-491f-b8d4-72c89c73fe78","MANIFEST_BOUND","hmail-perf-pair-service-20260901","06EFCBA9520D478A6DAC7ABB7F09F3B63D015A0CD5ECA1EB4D0FD2CC8C38F9FD","cpp","hmail_perf_pair_cpp_20260831_head3","C:\hmail-perf-pair-service-20260901\cpp\Data","B3DF9E8BBF4BEDB1102C94DF7C86356E1FEABCBC02A18E8EABEB1EA1453D09B8",,,"one TCP client and one sequential IMAP session per sample","0","PASS","45FA907CE0D3797C1E13EBB2F03F076A25656CCE27E801C18F745ACD3944FBBD","5136EEC556F9790732AE759EF52F77FE6172329EA55787A80300C4A824107E46","1","401","False","False","7076.218","Aktarma ba?lant?s?ndan veriler okunamad?: Ba?lan?lan uygun olarak belli bir s?re i?inde yan?t vermedi?inden veya kurulan
ba?lant? ba?lan?lan ana bilgisayar yan?t vermedi?inden bir ba?lant? kurulamad?.","False","0","False","False","0","False"
"d02f514d-e0e9-491f-b8d4-72c89c73fe78","MANIFEST_BOUND","hmail-perf-pair-service-20260901","06EFCBA9520D478A6DAC7ABB7F09F3B63D015A0CD5ECA1EB4D0FD2CC8C38F9FD","cpp","hmail_perf_pair_cpp_20260831_head3","C:\hmail-perf-pair-service-20260901\cpp\Data","B3DF9E8BBF4BEDB1102C94DF7C86356E1FEABCBC02A18E8EABEB1EA1453D09B8",,,"one TCP client and one sequential IMAP session per sample","0","PASS","45FA907CE0D3797C1E13EBB2F03F076A25656CCE27E801C18F745ACD3944FBBD","5136EEC556F9790732AE759EF52F77FE6172329EA55787A80300C4A824107E46","1","402","False","False","7074.736","Aktarma ba?lant?s?ndan veriler okunamad?: Ba?lan?lan uygun olarak belli bir s?re i?inde yan?t vermedi?inden veya kurulan
ba?lant? ba?lan?lan ana bilgisayar yan?t vermedi?inden bir ba?lant? kurulamad?.","False","0","False","False","0","False"
"d02f514d-e0e9-491f-b8d4-72c89c73fe78","MANIFEST_BOUND","hmail-perf-pair-service-20260901","06EFCBA9520D478A6DAC7ABB7F09F3B63D015A0CD5ECA1EB4D0FD2CC8C38F9FD","cpp","hmail_perf_pair_cpp_20260831_head3","C:\hmail-perf-pair-service-20260901\cpp\Data","B3DF9E8BBF4BEDB1102C94DF7C86356E1FEABCBC02A18E8EABEB1EA1453D09B8",,,"one TCP client and one sequential IMAP session per sample","0","PASS","45FA907CE0D3797C1E13EBB2F03F076A25656CCE27E801C18F745ACD3944FBBD","5136EEC556F9790732AE759EF52F77FE6172329EA55787A80300C4A824107E46","1","403","False","False","7074.081","Aktarma ba?lant?s?ndan veriler okunamad?: Ba?lan?lan uygun olarak belli bir s?re i?inde yan?t vermedi?inden veya kurulan
ba?lant? ba?lan?lan ana bilgisayar yan?t vermedi?inden bir ba?lant? kurulamad?.","False","0","False","False","0","False"
"d02f514d-e0e9-491f-b8d4-72c89c73fe78","MANIFEST_BOUND","hmail-perf-pair-service-20260901","06EFCBA9520D478A6DAC7ABB7F09F3B63D015A0CD5ECA1EB4D0FD2CC8C38F9FD","cpp","hmail_perf_pair_cpp_20260831_head3","C:\hmail-perf-pair-service-20260901\cpp\Data","B3DF9E8BBF4BEDB1102C94DF7C86356E1FEABCBC02A18E8EABEB1EA1453D09B8",,,"one TCP client and one sequential IMAP session per sample","0","PASS","45FA907CE0D3797C1E13EBB2F03F076A25656CCE27E801C18F745ACD3944FBBD","5136EEC556F9790732AE759EF52F77FE6172329EA55787A80300C4A824107E46","1","404","False","False","7083.274","Aktarma ba?lant?s?ndan veriler okunamad?: Ba?lan?lan uygun olarak belli bir s?re i?inde yan?t vermedi?inden veya kurulan
ba?lant? ba?lan?lan ana bilgisayar yan?t vermedi?inden bir ba?lant? kurulamad?.","False","0","False","False","0","False"
"d02f514d-e0e9-491f-b8d4-72c89c73fe78","MANIFEST_BOUND","hmail-perf-pair-service-20260901","06EFCBA9520D478A6DAC7ABB7F09F3B63D015A0CD5ECA1EB4D0FD2CC8C38F9FD","cpp","hmail_perf_pair_cpp_20260831_head3","C:\hmail-perf-pair-service-20260901\cpp\Data","B3DF9E8BBF4BEDB1102C94DF7C86356E1FEABCBC02A18E8EABEB1EA1453D09B8",,,"one TCP client and one sequential IMAP session per sample","0","PASS","45FA907CE0D3797C1E13EBB2F03F076A25656CCE27E801C18F745ACD3944FBBD","5136EEC556F9790732AE759EF52F77FE6172329EA55787A80300C4A824107E46","1","405","False","False","7073.885","Aktarma ba?lant?s?ndan veriler okunamad?: Ba?lan?lan uygun olarak belli bir s?re i?inde yan?t vermedi?inden veya kurulan
ba?lant? ba?lan?lan ana bilgisayar yan?t vermedi?inden bir ba?lant? kurulamad?.","False","0","False","False","0","False"
"d02f514d-e0e9-491f-b8d4-72c89c73fe78","MANIFEST_BOUND","hmail-perf-pair-service-20260901","06EFCBA9520D478A6DAC7ABB7F09F3B63D015A0CD5ECA1EB4D0FD2CC8C38F9FD","cpp","hmail_perf_pair_cpp_20260831_head3","C:\hmail-perf-pair-service-20260901\cpp\Data","B3DF9E8BBF4BEDB1102C94DF7C86356E1FEABCBC02A18E8EABEB1EA1453D09B8",,,"one TCP client and one sequential IMAP session per sample","0","PASS","45FA907CE0D3797C1E13EBB2F03F076A25656CCE27E801C18F745ACD3944FBBD","5136EEC556F9790732AE759EF52F77FE6172329EA55787A80300C4A824107E46","1","406","False","False","7078.588","Aktarma ba?lant?s?ndan veriler okunamad?: Ba?lan?lan uygun olarak belli bir s?re i?inde yan?t vermedi?inden veya kurulan
ba?lant? ba?lan?lan ana bilgisayar yan?t vermedi?inden bir ba?lant? kurulamad?.","False","0","False","False","0","False"
"d02f514d-e0e9-491f-b8d4-72c89c73fe78","MANIFEST_BOUND","hmail-perf-pair-service-20260901","06EFCBA9520D478A6DAC7ABB7F09F3B63D015A0CD5ECA1EB4D0FD2CC8C38F9FD","cpp","hmail_perf_pair_cpp_20260831_head3","C:\hmail-perf-pair-service-20260901\cpp\Data","B3DF9E8BBF4BEDB1102C94DF7C86356E1FEABCBC02A18E8EABEB1EA1453D09B8",,,"one TCP client and one sequential IMAP session per sample","0","PASS","45FA907CE0D3797C1E13EBB2F03F076A25656CCE27E801C18F745ACD3944FBBD","5136EEC556F9790732AE759EF52F77FE6172329EA55787A80300C4A824107E46","1","407","False","False","7078.579","Aktarma ba?lant?s?ndan veriler okunamad?: Ba?lan?lan uygun olarak belli bir s?re i?inde yan?t vermedi?inden veya kurulan
ba?lant? ba?lan?lan ana bilgisayar yan?t vermedi?inden bir ba?lant? kurulamad?.","False","0","False","False","0","False"
"d02f514d-e0e9-491f-b8d4-72c89c73fe78","MANIFEST_BOUND","hmail-perf-pair-service-20260901","06EFCBA9520D478A6DAC7ABB7F09F3B63D015A0CD5ECA1EB4D0FD2CC8C38F9FD","cpp","hmail_perf_pair_cpp_20260831_head3","C:\hmail-perf-pair-service-20260901\cpp\Data","B3DF9E8BBF4BEDB1102C94DF7C86356E1FEABCBC02A18E8EABEB1EA1453D09B8",,,"one TCP client and one sequential IMAP session per sample","0","PASS","45FA907CE0D3797C1E13EBB2F03F076A25656CCE27E801C18F745ACD3944FBBD","5136EEC556F9790732AE759EF52F77FE6172329EA55787A80300C4A824107E46","1","408","False","False","7075.88","Aktarma ba?lant?s?ndan veriler okunamad?: Ba?lan?lan uygun olarak belli bir s?re i?inde yan?t vermedi?inden veya kurulan
ba?lant? ba?lan?lan ana bilgisayar yan?t vermedi?inden bir ba?lant? kurulamad?.","False","0","False","False","0","False"
"d02f514d-e0e9-491f-b8d4-72c89c73fe78","MANIFEST_BOUND","hmail-perf-pair-service-20260901","06EFCBA9520D478A6DAC7ABB7F09F3B63D015A0CD5ECA1EB4D0FD2CC8C38F9FD","cpp","hmail_perf_pair_cpp_20260831_head3","C:\hmail-perf-pair-service-20260901\cpp\Data","B3DF9E8BBF4BEDB1102C94DF7C86356E1FEABCBC02A18E8EABEB1EA1453D09B8",,,"one TCP client and one sequential IMAP session per sample","0","PASS","45FA907CE0D3797C1E13EBB2F03F076A25656CCE27E801C18F745ACD3944FBBD","5136EEC556F9790732AE759EF52F77FE6172329EA55787A80300C4A824107E46","1","409","False","False","7075.65","Aktarma ba?lant?s?ndan veriler okunamad?: Ba?lan?lan uygun olarak belli bir s?re i?inde yan?t vermedi?inden veya kurulan
ba?lant? ba?lan?lan ana bilgisayar yan?t vermedi?inden bir ba?lant? kurulamad?.","False","0","False","False","0","False"
"d02f514d-e0e9-491f-b8d4-72c89c73fe78","MANIFEST_BOUND","hmail-perf-pair-service-20260901","06EFCBA9520D478A6DAC7ABB7F09F3B63D015A0CD5ECA1EB4D0FD2CC8C38F9FD","cpp","hmail_perf_pair_cpp_20260831_head3","C:\hmail-perf-pair-service-20260901\cpp\Data","B3DF9E8BBF4BEDB1102C94DF7C86356E1FEABCBC02A18E8EABEB1EA1453D09B8",,,"one TCP client and one sequential IMAP session per sample","0","PASS","45FA907CE0D3797C1E13EBB2F03F076A25656CCE27E801C18F745ACD3944FBBD","5136EEC556F9790732AE759EF52F77FE6172329EA55787A80300C4A824107E46","1","410","False","False","7074.617","Aktarma ba?lant?s?ndan veriler okunamad?: Ba?lan?lan uygun olarak belli bir s?re i?inde yan?t vermedi?inden veya kurulan
ba?lant? ba?lan?lan ana bilgisayar yan?t vermedi?inden bir ba?lant? kurulamad?.","False","0","False","False","0","False"
"d02f514d-e0e9-491f-b8d4-72c89c73fe78","MANIFEST_BOUND","hmail-perf-pair-service-20260901","06EFCBA9520D478A6DAC7ABB7F09F3B63D015A0CD5ECA1EB4D0FD2CC8C38F9FD","cpp","hmail_perf_pair_cpp_20260831_head3","C:\hmail-perf-pair-service-20260901\cpp\Data","B3DF9E8BBF4BEDB1102C94DF7C86356E1FEABCBC02A18E8EABEB1EA1453D09B8",,,"one TCP client and one sequential IMAP session per sample","0","PASS","45FA907CE0D3797C1E13EBB2F03F076A25656CCE27E801C18F745ACD3944FBBD","5136EEC556F9790732AE759EF52F77FE6172329EA55787A80300C4A824107E46","1","411","False","False","7082.351","Aktarma ba?lant?s?ndan veriler okunamad?: Ba?lan?lan uygun olarak belli bir s?re i?inde yan?t vermedi?inden veya kurulan
ba?lant? ba?lan?lan ana bilgisayar yan?t vermedi?inden bir ba?lant? kurulamad?.","False","0","False","False","0","False"
"d02f514d-e0e9-491f-b8d4-72c89c73fe78","MANIFEST_BOUND","hmail-perf-pair-service-20260901","06EFCBA9520D478A6DAC7ABB7F09F3B63D015A0CD5ECA1EB4D0FD2CC8C38F9FD","cpp","hmail_perf_pair_cpp_20260831_head3","C:\hmail-perf-pair-service-20260901\cpp\Data","B3DF9E8BBF4BEDB1102C94DF7C86356E1FEABCBC02A18E8EABEB1EA1453D09B8",,,"one TCP client and one sequential IMAP session per sample","0","PASS","45FA907CE0D3797C1E13EBB2F03F076A25656CCE27E801C18F745ACD3944FBBD","5136EEC556F9790732AE759EF52F77FE6172329EA55787A80300C4A824107E46","1","412","False","False","7079.981","Aktarma ba?lant?s?ndan veriler okunamad?: Ba?lan?lan uygun olarak belli bir s?re i?inde yan?t vermedi?inden veya kurulan
ba?lant? ba?lan?lan ana bilgisayar yan?t vermedi?inden bir ba?lant? kurulamad?.","False","0","False","False","0","False"
"d02f514d-e0e9-491f-b8d4-72c89c73fe78","MANIFEST_BOUND","hmail-perf-pair-service-20260901","06EFCBA9520D478A6DAC7ABB7F09F3B63D015A0CD5ECA1EB4D0FD2CC8C38F9FD","cpp","hmail_perf_pair_cpp_20260831_head3","C:\hmail-perf-pair-service-20260901\cpp\Data","B3DF9E8BBF4BEDB1102C94DF7C86356E1FEABCBC02A18E8EABEB1EA1453D09B8",,,"one TCP client and one sequential IMAP session per sample","0","PASS","45FA907CE0D3797C1E13EBB2F03F076A25656CCE27E801C18F745ACD3944FBBD","5136EEC556F9790732AE759EF52F77FE6172329EA55787A80300C4A824107E46","1","413","False","False","7070.333","Aktarma ba?lant?s?ndan veriler okunamad?: Ba?lan?lan uygun olarak belli bir s?re i?inde yan?t vermedi?inden veya kurulan
ba?lant? ba?lan?lan ana bilgisayar yan?t vermedi?inden bir ba?lant? kurulamad?.","False","0","False","False","0","False"
"d02f514d-e0e9-491f-b8d4-72c89c73fe78","MANIFEST_BOUND","hmail-perf-pair-service-20260901","06EFCBA9520D478A6DAC7ABB7F09F3B63D015A0CD5ECA1EB4D0FD2CC8C38F9FD","cpp","hmail_perf_pair_cpp_20260831_head3","C:\hmail-perf-pair-service-20260901\cpp\Data","B3DF9E8BBF4BEDB1102C94DF7C86356E1FEABCBC02A18E8EABEB1EA1453D09B8",,,"one TCP client and one sequential IMAP session per sample","0","PASS","45FA907CE0D3797C1E13EBB2F03F076A25656CCE27E801C18F745ACD3944FBBD","5136EEC556F9790732AE759EF52F77FE6172329EA55787A80300C4A824107E46","1","414","False","False","7077.425","Aktarma ba?lant?s?ndan veriler okunamad?: Ba?lan?lan uygun olarak belli bir s?re i?inde yan?t vermedi?inden veya kurulan
ba?lant? ba?lan?lan ana bilgisayar yan?t vermedi?inden bir ba?lant? kurulamad?.","False","0","False","False","0","False"
"d02f514d-e0e9-491f-b8d4-72c89c73fe78","MANIFEST_BOUND","hmail-perf-pair-service-20260901","06EFCBA9520D478A6DAC7ABB7F09F3B63D015A0CD5ECA1EB4D0FD2CC8C38F9FD","cpp","hmail_perf_pair_cpp_20260831_head3","C:\hmail-perf-pair-service-20260901\cpp\Data","B3DF9E8BBF4BEDB1102C94DF7C86356E1FEABCBC02A18E8EABEB1EA1453D09B8",,,"one TCP client and one sequential IMAP session per sample","0","PASS","45FA907CE0D3797C1E13EBB2F03F076A25656CCE27E801C18F745ACD3944FBBD","5136EEC556F9790732AE759EF52F77FE6172329EA55787A80300C4A824107E46","1","415","False","False","7078.328","Aktarma ba?lant?s?ndan veriler okunamad?: Ba?lan?lan uygun olarak belli bir s?re i?inde yan?t vermedi?inden veya kurulan
ba?lant? ba?lan?lan ana bilgisayar yan?t vermedi?inden bir ba?lant? kurulamad?.","False","0","False","False","0","False"
"d02f514d-e0e9-491f-b8d4-72c89c73fe78","MANIFEST_BOUND","hmail-perf-pair-service-20260901","06EFCBA9520D478A6DAC7ABB7F09F3B63D015A0CD5ECA1EB4D0FD2CC8C38F9FD","cpp","hmail_perf_pair_cpp_20260831_head3","C:\hmail-perf-pair-service-20260901\cpp\Data","B3DF9E8BBF4BEDB1102C94DF7C86356E1FEABCBC02A18E8EABEB1EA1453D09B8",,,"one TCP client and one sequential IMAP session per sample","0","PASS","45FA907CE0D3797C1E13EBB2F03F076A25656CCE27E801C18F745ACD3944FBBD","5136EEC556F9790732AE759EF52F77FE6172329EA55787A80300C4A824107E46","1","416","False","False","7073.604","Aktarma ba?lant?s?ndan veriler okunamad?: Ba?lan?lan uygun olarak belli bir s?re i?inde yan?t vermedi?inden veya kurulan
ba?lant? ba?lan?lan ana bilgisayar yan?t vermedi?inden bir ba?lant? kurulamad?.","False","0","False","False","0","False"
"d02f514d-e0e9-491f-b8d4-72c89c73fe78","MANIFEST_BOUND","hmail-perf-pair-service-20260901","06EFCBA9520D478A6DAC7ABB7F09F3B63D015A0CD5ECA1EB4D0FD2CC8C38F9FD","cpp","hmail_perf_pair_cpp_20260831_head3","C:\hmail-perf-pair-service-20260901\cpp\Data","B3DF9E8BBF4BEDB1102C94DF7C86356E1FEABCBC02A18E8EABEB1EA1453D09B8",,,"one TCP client and one sequential IMAP session per sample","0","PASS","45FA907CE0D3797C1E13EBB2F03F076A25656CCE27E801C18F745ACD3944FBBD","5136EEC556F9790732AE759EF52F77FE6172329EA55787A80300C4A824107E46","1","417","False","False","7074.872","Aktarma ba?lant?s?ndan veriler okunamad?: Ba?lan?lan uygun olarak belli bir s?re i?inde yan?t vermedi?inden veya kurulan
ba?lant? ba?lan?lan ana bilgisayar yan?t vermedi?inden bir ba?lant? kurulamad?.","False","0","False","False","0","False"
"d02f514d-e0e9-491f-b8d4-72c89c73fe78","MANIFEST_BOUND","hmail-perf-pair-service-20260901","06EFCBA9520D478A6DAC7ABB7F09F3B63D015A0CD5ECA1EB4D0FD2CC8C38F9FD","cpp","hmail_perf_pair_cpp_20260831_head3","C:\hmail-perf-pair-service-20260901\cpp\Data","B3DF9E8BBF4BEDB1102C94DF7C86356E1FEABCBC02A18E8EABEB1EA1453D09B8",,,"one TCP client and one sequential IMAP session per sample","0","PASS","45FA907CE0D3797C1E13EBB2F03F076A25656CCE27E801C18F745ACD3944FBBD","5136EEC556F9790732AE759EF52F77FE6172329EA55787A80300C4A824107E46","1","418","False","False","7073.248","Aktarma ba?lant?s?ndan veriler okunamad?: Ba?lan?lan uygun olarak belli bir s?re i?inde yan?t vermedi?inden veya kurulan
ba?lant? ba?lan?lan ana bilgisayar yan?t vermedi?inden bir ba?lant? kurulamad?.","False","0","False","False","0","False"
"d02f514d-e0e9-491f-b8d4-72c89c73fe78","MANIFEST_BOUND","hmail-perf-pair-service-20260901","06EFCBA9520D478A6DAC7ABB7F09F3B63D015A0CD5ECA1EB4D0FD2CC8C38F9FD","cpp","hmail_perf_pair_cpp_20260831_head3","C:\hmail-perf-pair-service-20260901\cpp\Data","B3DF9E8BBF4BEDB1102C94DF7C86356E1FEABCBC02A18E8EABEB1EA1453D09B8",,,"one TCP client and one sequential IMAP session per sample","0","PASS","45FA907CE0D3797C1E13EBB2F03F076A25656CCE27E801C18F745ACD3944FBBD","5136EEC556F9790732AE759EF52F77FE6172329EA55787A80300C4A824107E46","1","419","False","False","7081.023","Aktarma ba?lant?s?ndan veriler okunamad?: Ba?lan?lan uygun olarak belli bir s?re i?inde yan?t vermedi?inden veya kurulan
ba?lant? ba?lan?lan ana bilgisayar yan?t vermedi?inden bir ba?lant? kurulamad?.","False","0","False","False","0","False"
"d02f514d-e0e9-491f-b8d4-72c89c73fe78","MANIFEST_BOUND","hmail-perf-pair-service-20260901","06EFCBA9520D478A6DAC7ABB7F09F3B63D015A0CD5ECA1EB4D0FD2CC8C38F9FD","cpp","hmail_perf_pair_cpp_20260831_head3","C:\hmail-perf-pair-service-20260901\cpp\Data","B3DF9E8BBF4BEDB1102C94DF7C86356E1FEABCBC02A18E8EABEB1EA1453D09B8",,,"one TCP client and one sequential IMAP session per sample","0","PASS","45FA907CE0D3797C1E13EBB2F03F076A25656CCE27E801C18F745ACD3944FBBD","5136EEC556F9790732AE759EF52F77FE6172329EA55787A80300C4A824107E46","1","420","False","False","7074.387","Aktarma ba?lant?s?ndan veriler okunamad?: Ba?lan?lan uygun olarak belli bir s?re i?inde yan?t vermedi?inden veya kurulan
ba?lant? ba?lan?lan ana bilgisayar yan?t vermedi?inden bir ba?lant? kurulamad?.","False","0","False","False","0","False"
"d02f514d-e0e9-491f-b8d4-72c89c73fe78","MANIFEST_BOUND","hmail-perf-pair-service-20260901","06EFCBA9520D478A6DAC7ABB7F09F3B63D015A0CD5ECA1EB4D0FD2CC8C38F9FD","cpp","hmail_perf_pair_cpp_20260831_head3","C:\hmail-perf-pair-service-20260901\cpp\Data","B3DF9E8BBF4BEDB1102C94DF7C86356E1FEABCBC02A18E8EABEB1EA1453D09B8",,,"one TCP client and one sequential IMAP session per sample","0","PASS","45FA907CE0D3797C1E13EBB2F03F076A25656CCE27E801C18F745ACD3944FBBD","5136EEC556F9790732AE759EF52F77FE6172329EA55787A80300C4A824107E46","1","421","False","False","7072.853","Aktarma ba?lant?s?ndan veriler okunamad?: Ba?lan?lan uygun olarak belli bir s?re i?inde yan?t vermedi?inden veya kurulan
ba?lant? ba?lan?lan ana bilgisayar yan?t vermedi?inden bir ba?lant? kurulamad?.","False","0","False","False","0","False"
"d02f514d-e0e9-491f-b8d4-72c89c73fe78","MANIFEST_BOUND","hmail-perf-pair-service-20260901","06EFCBA9520D478A6DAC7ABB7F09F3B63D015A0CD5ECA1EB4D0FD2CC8C38F9FD","cpp","hmail_perf_pair_cpp_20260831_head3","C:\hmail-perf-pair-service-20260901\cpp\Data","B3DF9E8BBF4BEDB1102C94DF7C86356E1FEABCBC02A18E8EABEB1EA1453D09B8",,,"one TCP client and one sequential IMAP session per sample","0","PASS","45FA907CE0D3797C1E13EBB2F03F076A25656CCE27E801C18F745ACD3944FBBD","5136EEC556F9790732AE759EF52F77FE6172329EA55787A80300C4A824107E46","1","422","False","False","7081.357","Aktarma ba?lant?s?ndan veriler okunamad?: Ba?lan?lan uygun olarak belli bir s?re i?inde yan?t vermedi?inden veya kurulan
ba?lant? ba?lan?lan ana bilgisayar yan?t vermedi?inden bir ba?lant? kurulamad?.","False","0","False","False","0","False"
"d02f514d-e0e9-491f-b8d4-72c89c73fe78","MANIFEST_BOUND","hmail-perf-pair-service-20260901","06EFCBA9520D478A6DAC7ABB7F09F3B63D015A0CD5ECA1EB4D0FD2CC8C38F9FD","cpp","hmail_perf_pair_cpp_20260831_head3","C:\hmail-perf-pair-service-20260901\cpp\Data","B3DF9E8BBF4BEDB1102C94DF7C86356E1FEABCBC02A18E8EABEB1EA1453D09B8",,,"one TCP client and one sequential IMAP session per sample","0","PASS","45FA907CE0D3797C1E13EBB2F03F076A25656CCE27E801C18F745ACD3944FBBD","5136EEC556F9790732AE759EF52F77FE6172329EA55787A80300C4A824107E46","1","423","False","False","7077.785","Aktarma ba?lant?s?ndan veriler okunamad?: Ba?lan?lan uygun olarak belli bir s?re i?inde yan?t vermedi?inden veya kurulan
ba?lant? ba?lan?lan ana bilgisayar yan?t vermedi?inden bir ba?lant? kurulamad?.","False","0","False","False","0","False"
"d02f514d-e0e9-491f-b8d4-72c89c73fe78","MANIFEST_BOUND","hmail-perf-pair-service-20260901","06EFCBA9520D478A6DAC7ABB7F09F3B63D015A0CD5ECA1EB4D0FD2CC8C38F9FD","cpp","hmail_perf_pair_cpp_20260831_head3","C:\hmail-perf-pair-service-20260901\cpp\Data","B3DF9E8BBF4BEDB1102C94DF7C86356E1FEABCBC02A18E8EABEB1EA1453D09B8",,,"one TCP client and one sequential IMAP session per sample","0","PASS","45FA907CE0D3797C1E13EBB2F03F076A25656CCE27E801C18F745ACD3944FBBD","5136EEC556F9790732AE759EF52F77FE6172329EA55787A80300C4A824107E46","1","424","False","False","7073.203","Aktarma ba?lant?s?ndan veriler okunamad?: Ba?lan?lan uygun olarak belli bir s?re i?inde yan?t vermedi?inden veya kurulan
ba?lant? ba?lan?lan ana bilgisayar yan?t vermedi?inden bir ba?lant? kurulamad?.","False","0","False","False","0","False"
"d02f514d-e0e9-491f-b8d4-72c89c73fe78","MANIFEST_BOUND","hmail-perf-pair-service-20260901","06EFCBA9520D478A6DAC7ABB7F09F3B63D015A0CD5ECA1EB4D0FD2CC8C38F9FD","cpp","hmail_perf_pair_cpp_20260831_head3","C:\hmail-perf-pair-service-20260901\cpp\Data","B3DF9E8BBF4BEDB1102C94DF7C86356E1FEABCBC02A18E8EABEB1EA1453D09B8",,,"one TCP client and one sequential IMAP session per sample","0","PASS","45FA907CE0D3797C1E13EBB2F03F076A25656CCE27E801C18F745ACD3944FBBD","5136EEC556F9790732AE759EF52F77FE6172329EA55787A80300C4A824107E46","1","425","False","False","7083.113","Aktarma ba?lant?s?ndan veriler okunamad?: Ba?lan?lan uygun olarak belli bir s?re i?inde yan?t vermedi?inden veya kurulan
ba?lant? ba?lan?lan ana bilgisayar yan?t vermedi?inden bir ba?lant? kurulamad?.","False","0","False","False","0","False"
"d02f514d-e0e9-491f-b8d4-72c89c73fe78","MANIFEST_BOUND","hmail-perf-pair-service-20260901","06EFCBA9520D478A6DAC7ABB7F09F3B63D015A0CD5ECA1EB4D0FD2CC8C38F9FD","cpp","hmail_perf_pair_cpp_20260831_head3","C:\hmail-perf-pair-service-20260901\cpp\Data","B3DF9E8BBF4BEDB1102C94DF7C86356E1FEABCBC02A18E8EABEB1EA1453D09B8",,,"one TCP client and one sequential IMAP session per sample","0","PASS","45FA907CE0D3797C1E13EBB2F03F076A25656CCE27E801C18F745ACD3944FBBD","5136EEC556F9790732AE759EF52F77FE6172329EA55787A80300C4A824107E46","1","426","False","False","7077.803","Aktarma ba?lant?s?ndan veriler okunamad?: Ba?lan?lan uygun olarak belli bir s?re i?inde yan?t vermedi?inden veya kurulan
ba?lant? ba?lan?lan ana bilgisayar yan?t vermedi?inden bir ba?lant? kurulamad?.","False","0","False","False","0","False"
"d02f514d-e0e9-491f-b8d4-72c89c73fe78","MANIFEST_BOUND","hmail-perf-pair-service-20260901","06EFCBA9520D478A6DAC7ABB7F09F3B63D015A0CD5ECA1EB4D0FD2CC8C38F9FD","cpp","hmail_perf_pair_cpp_20260831_head3","C:\hmail-perf-pair-service-20260901\cpp\Data","B3DF9E8BBF4BEDB1102C94DF7C86356E1FEABCBC02A18E8EABEB1EA1453D09B8",,,"one TCP client and one sequential IMAP session per sample","0","PASS","45FA907CE0D3797C1E13EBB2F03F076A25656CCE27E801C18F745ACD3944FBBD","5136EEC556F9790732AE759EF52F77FE6172329EA55787A80300C4A824107E46","1","427","False","False","7078.529","Aktarma ba?lant?s?ndan veriler okunamad?: Ba?lan?lan uygun olarak belli bir s?re i?inde yan?t vermedi?inden veya kurulan
ba?lant? ba?lan?lan ana bilgisayar yan?t vermedi?inden bir ba?lant? kurulamad?.","False","0","False","False","0","False"
"d02f514d-e0e9-491f-b8d4-72c89c73fe78","MANIFEST_BOUND","hmail-perf-pair-service-20260901","06EFCBA9520D478A6DAC7ABB7F09F3B63D015A0CD5ECA1EB4D0FD2CC8C38F9FD","cpp","hmail_perf_pair_cpp_20260831_head3","C:\hmail-perf-pair-service-20260901\cpp\Data","B3DF9E8BBF4BEDB1102C94DF7C86356E1FEABCBC02A18E8EABEB1EA1453D09B8",,,"one TCP client and one sequential IMAP session per sample","0","PASS","45FA907CE0D3797C1E13EBB2F03F076A25656CCE27E801C18F745ACD3944FBBD","5136EEC556F9790732AE759EF52F77FE6172329EA55787A80300C4A824107E46","1","428","False","False","7077.852","Aktarma ba?lant?s?ndan veriler okunamad?: Ba?lan?lan uygun olarak belli bir s?re i?inde yan?t vermedi?inden veya kurulan
ba?lant? ba?lan?lan ana bilgisayar yan?t vermedi?inden bir ba?lant? kurulamad?.","False","0","False","False","0","False"
"d02f514d-e0e9-491f-b8d4-72c89c73fe78","MANIFEST_BOUND","hmail-perf-pair-service-20260901","06EFCBA9520D478A6DAC7ABB7F09F3B63D015A0CD5ECA1EB4D0FD2CC8C38F9FD","cpp","hmail_perf_pair_cpp_20260831_head3","C:\hmail-perf-pair-service-20260901\cpp\Data","B3DF9E8BBF4BEDB1102C94DF7C86356E1FEABCBC02A18E8EABEB1EA1453D09B8",,,"one TCP client and one sequential IMAP session per sample","0","PASS","45FA907CE0D3797C1E13EBB2F03F076A25656CCE27E801C18F745ACD3944FBBD","5136EEC556F9790732AE759EF52F77FE6172329EA55787A80300C4A824107E46","1","429","False","False","7081.755","Aktarma ba?lant?s?ndan veriler okunamad?: Ba?lan?lan uygun olarak belli bir s?re i?inde yan?t vermedi?inden veya kurulan
ba?lant? ba?lan?lan ana bilgisayar yan?t vermedi?inden bir ba?lant? kurulamad?.","False","0","False","False","0","False"
"d02f514d-e0e9-491f-b8d4-72c89c73fe78","MANIFEST_BOUND","hmail-perf-pair-service-20260901","06EFCBA9520D478A6DAC7ABB7F09F3B63D015A0CD5ECA1EB4D0FD2CC8C38F9FD","cpp","hmail_perf_pair_cpp_20260831_head3","C:\hmail-perf-pair-service-20260901\cpp\Data","B3DF9E8BBF4BEDB1102C94DF7C86356E1FEABCBC02A18E8EABEB1EA1453D09B8",,,"one TCP client and one sequential IMAP session per sample","0","PASS","45FA907CE0D3797C1E13EBB2F03F076A25656CCE27E801C18F745ACD3944FBBD","5136EEC556F9790732AE759EF52F77FE6172329EA55787A80300C4A824107E46","1","430","False","False","7076.558","Aktarma ba?lant?s?ndan veriler okunamad?: Ba?lan?lan uygun olarak belli bir s?re i?inde yan?t vermedi?inden veya kurulan
ba?lant? ba?lan?lan ana bilgisayar yan?t vermedi?inden bir ba?lant? kurulamad?.","False","0","False","False","0","False"
"d02f514d-e0e9-491f-b8d4-72c89c73fe78","MANIFEST_BOUND","hmail-perf-pair-service-20260901","06EFCBA9520D478A6DAC7ABB7F09F3B63D015A0CD5ECA1EB4D0FD2CC8C38F9FD","cpp","hmail_perf_pair_cpp_20260831_head3","C:\hmail-perf-pair-service-20260901\cpp\Data","B3DF9E8BBF4BEDB1102C94DF7C86356E1FEABCBC02A18E8EABEB1EA1453D09B8",,,"one TCP client and one sequential IMAP session per sample","0","PASS","45FA907CE0D3797C1E13EBB2F03F076A25656CCE27E801C18F745ACD3944FBBD","5136EEC556F9790732AE759EF52F77FE6172329EA55787A80300C4A824107E46","1","431","False","False","7080.751","Aktarma ba?lant?s?ndan veriler okunamad?: Ba?lan?lan uygun olarak belli bir s?re i?inde yan?t vermedi?inden veya kurulan
ba?lant? ba?lan?lan ana bilgisayar yan?t vermedi?inden bir ba?lant? kurulamad?.","False","0","False","False","0","False"
"d02f514d-e0e9-491f-b8d4-72c89c73fe78","MANIFEST_BOUND","hmail-perf-pair-service-20260901","06EFCBA9520D478A6DAC7ABB7F09F3B63D015A0CD5ECA1EB4D0FD2CC8C38F9FD","cpp","hmail_perf_pair_cpp_20260831_head3","C:\hmail-perf-pair-service-20260901\cpp\Data","B3DF9E8BBF4BEDB1102C94DF7C86356E1FEABCBC02A18E8EABEB1EA1453D09B8",,,"one TCP client and one sequential IMAP session per sample","0","PASS","45FA907CE0D3797C1E13EBB2F03F076A25656CCE27E801C18F745ACD3944FBBD","5136EEC556F9790732AE759EF52F77FE6172329EA55787A80300C4A824107E46","1","432","False","False","7081.825","Aktarma ba?lant?s?ndan veriler okunamad?: Ba?lan?lan uygun olarak belli bir s?re i?inde yan?t vermedi?inden veya kurulan
ba?lant? ba?lan?lan ana bilgisayar yan?t vermedi?inden bir ba?lant? kurulamad?.","False","0","False","False","0","False"
"d02f514d-e0e9-491f-b8d4-72c89c73fe78","MANIFEST_BOUND","hmail-perf-pair-service-20260901","06EFCBA9520D478A6DAC7ABB7F09F3B63D015A0CD5ECA1EB4D0FD2CC8C38F9FD","cpp","hmail_perf_pair_cpp_20260831_head3","C:\hmail-perf-pair-service-20260901\cpp\Data","B3DF9E8BBF4BEDB1102C94DF7C86356E1FEABCBC02A18E8EABEB1EA1453D09B8",,,"one TCP client and one sequential IMAP session per sample","0","PASS","45FA907CE0D3797C1E13EBB2F03F076A25656CCE27E801C18F745ACD3944FBBD","5136EEC556F9790732AE759EF52F77FE6172329EA55787A80300C4A824107E46","1","433","False","False","7073.901","Aktarma ba?lant?s?ndan veriler okunamad?: Ba?lan?lan uygun olarak belli bir s?re i?inde yan?t vermedi?inden veya kurulan
ba?lant? ba?lan?lan ana bilgisayar yan?t vermedi?inden bir ba?lant? kurulamad?.","False","0","False","False","0","False"
"d02f514d-e0e9-491f-b8d4-72c89c73fe78","MANIFEST_BOUND","hmail-perf-pair-service-20260901","06EFCBA9520D478A6DAC7ABB7F09F3B63D015A0CD5ECA1EB4D0FD2CC8C38F9FD","cpp","hmail_perf_pair_cpp_20260831_head3","C:\hmail-perf-pair-service-20260901\cpp\Data","B3DF9E8BBF4BEDB1102C94DF7C86356E1FEABCBC02A18E8EABEB1EA1453D09B8",,,"one TCP client and one sequential IMAP session per sample","0","PASS","45FA907CE0D3797C1E13EBB2F03F076A25656CCE27E801C18F745ACD3944FBBD","5136EEC556F9790732AE759EF52F77FE6172329EA55787A80300C4A824107E46","1","434","False","False","7081.079","Aktarma ba?lant?s?ndan veriler okunamad?: Ba?lan?lan uygun olarak belli bir s?re i?inde yan?t vermedi?inden veya kurulan
ba?lant? ba?lan?lan ana bilgisayar yan?t vermedi?inden bir ba?lant? kurulamad?.","False","0","False","False","0","False"
"d02f514d-e0e9-491f-b8d4-72c89c73fe78","MANIFEST_BOUND","hmail-perf-pair-service-20260901","06EFCBA9520D478A6DAC7ABB7F09F3B63D015A0CD5ECA1EB4D0FD2CC8C38F9FD","cpp","hmail_perf_pair_cpp_20260831_head3","C:\hmail-perf-pair-service-20260901\cpp\Data","B3DF9E8BBF4BEDB1102C94DF7C86356E1FEABCBC02A18E8EABEB1EA1453D09B8",,,"one TCP client and one sequential IMAP session per sample","0","PASS","45FA907CE0D3797C1E13EBB2F03F076A25656CCE27E801C18F745ACD3944FBBD","5136EEC556F9790732AE759EF52F77FE6172329EA55787A80300C4A824107E46","1","435","False","False","7070.921","Aktarma ba?lant?s?ndan veriler okunamad?: Ba?lan?lan uygun olarak belli bir s?re i?inde yan?t vermedi?inden veya kurulan
ba?lant? ba?lan?lan ana bilgisayar yan?t vermedi?inden bir ba?lant? kurulamad?.","False","0","False","False","0","False"
"d02f514d-e0e9-491f-b8d4-72c89c73fe78","MANIFEST_BOUND","hmail-perf-pair-service-20260901","06EFCBA9520D478A6DAC7ABB7F09F3B63D015A0CD5ECA1EB4D0FD2CC8C38F9FD","cpp","hmail_perf_pair_cpp_20260831_head3","C:\hmail-perf-pair-service-20260901\cpp\Data","B3DF9E8BBF4BEDB1102C94DF7C86356E1FEABCBC02A18E8EABEB1EA1453D09B8",,,"one TCP client and one sequential IMAP session per sample","0","PASS","45FA907CE0D3797C1E13EBB2F03F076A25656CCE27E801C18F745ACD3944FBBD","5136EEC556F9790732AE759EF52F77FE6172329EA55787A80300C4A824107E46","1","436","False","False","7079.458","Aktarma ba?lant?s?ndan veriler okunamad?: Ba?lan?lan uygun olarak belli bir s?re i?inde yan?t vermedi?inden veya kurulan
ba?lant? ba?lan?lan ana bilgisayar yan?t vermedi?inden bir ba?lant? kurulamad?.","False","0","False","False","0","False"
"d02f514d-e0e9-491f-b8d4-72c89c73fe78","MANIFEST_BOUND","hmail-perf-pair-service-20260901","06EFCBA9520D478A6DAC7ABB7F09F3B63D015A0CD5ECA1EB4D0FD2CC8C38F9FD","cpp","hmail_perf_pair_cpp_20260831_head3","C:\hmail-perf-pair-service-20260901\cpp\Data","B3DF9E8BBF4BEDB1102C94DF7C86356E1FEABCBC02A18E8EABEB1EA1453D09B8",,,"one TCP client and one sequential IMAP session per sample","0","PASS","45FA907CE0D3797C1E13EBB2F03F076A25656CCE27E801C18F745ACD3944FBBD","5136EEC556F9790732AE759EF52F77FE6172329EA55787A80300C4A824107E46","1","437","False","False","7075.78","Aktarma ba?lant?s?ndan veriler okunamad?: Ba?lan?lan uygun olarak belli bir s?re i?inde yan?t vermedi?inden veya kurulan
ba?lant? ba?lan?lan ana bilgisayar yan?t vermedi?inden bir ba?lant? kurulamad?.","False","0","False","False","0","False"
"d02f514d-e0e9-491f-b8d4-72c89c73fe78","MANIFEST_BOUND","hmail-perf-pair-service-20260901","06EFCBA9520D478A6DAC7ABB7F09F3B63D015A0CD5ECA1EB4D0FD2CC8C38F9FD","cpp","hmail_perf_pair_cpp_20260831_head3","C:\hmail-perf-pair-service-20260901\cpp\Data","B3DF9E8BBF4BEDB1102C94DF7C86356E1FEABCBC02A18E8EABEB1EA1453D09B8",,,"one TCP client and one sequential IMAP session per sample","0","PASS","45FA907CE0D3797C1E13EBB2F03F076A25656CCE27E801C18F745ACD3944FBBD","5136EEC556F9790732AE759EF52F77FE6172329EA55787A80300C4A824107E46","1","438","False","False","7080.617","Aktarma ba?lant?s?ndan veriler okunamad?: Ba?lan?lan uygun olarak belli bir s?re i?inde yan?t vermedi?inden veya kurulan
ba?lant? ba?lan?lan ana bilgisayar yan?t vermedi?inden bir ba?lant? kurulamad?.","False","0","False","False","0","False"
"d02f514d-e0e9-491f-b8d4-72c89c73fe78","MANIFEST_BOUND","hmail-perf-pair-service-20260901","06EFCBA9520D478A6DAC7ABB7F09F3B63D015A0CD5ECA1EB4D0FD2CC8C38F9FD","cpp","hmail_perf_pair_cpp_20260831_head3","C:\hmail-perf-pair-service-20260901\cpp\Data","B3DF9E8BBF4BEDB1102C94DF7C86356E1FEABCBC02A18E8EABEB1EA1453D09B8",,,"one TCP client and one sequential IMAP session per sample","0","PASS","45FA907CE0D3797C1E13EBB2F03F076A25656CCE27E801C18F745ACD3944FBBD","5136EEC556F9790732AE759EF52F77FE6172329EA55787A80300C4A824107E46","1","439","False","False","7080.422","Aktarma ba?lant?s?ndan veriler okunamad?: Ba?lan?lan uygun olarak belli bir s?re i?inde yan?t vermedi?inden veya kurulan
ba?lant? ba?lan?lan ana bilgisayar yan?t vermedi?inden bir ba?lant? kurulamad?.","False","0","False","False","0","False"
"d02f514d-e0e9-491f-b8d4-72c89c73fe78","MANIFEST_BOUND","hmail-perf-pair-service-20260901","06EFCBA9520D478A6DAC7ABB7F09F3B63D015A0CD5ECA1EB4D0FD2CC8C38F9FD","cpp","hmail_perf_pair_cpp_20260831_head3","C:\hmail-perf-pair-service-20260901\cpp\Data","B3DF9E8BBF4BEDB1102C94DF7C86356E1FEABCBC02A18E8EABEB1EA1453D09B8",,,"one TCP client and one sequential IMAP session per sample","0","PASS","45FA907CE0D3797C1E13EBB2F03F076A25656CCE27E801C18F745ACD3944FBBD","5136EEC556F9790732AE759EF52F77FE6172329EA55787A80300C4A824107E46","1","440","False","False","7074.278","Aktarma ba?lant?s?ndan veriler okunamad?: Ba?lan?lan uygun olarak belli bir s?re i?inde yan?t vermedi?inden veya kurulan
ba?lant? ba?lan?lan ana bilgisayar yan?t vermedi?inden bir ba?lant? kurulamad?.","False","0","False","False","0","False"
"d02f514d-e0e9-491f-b8d4-72c89c73fe78","MANIFEST_BOUND","hmail-perf-pair-service-20260901","06EFCBA9520D478A6DAC7ABB7F09F3B63D015A0CD5ECA1EB4D0FD2CC8C38F9FD","cpp","hmail_perf_pair_cpp_20260831_head3","C:\hmail-perf-pair-service-20260901\cpp\Data","B3DF9E8BBF4BEDB1102C94DF7C86356E1FEABCBC02A18E8EABEB1EA1453D09B8",,,"one TCP client and one sequential IMAP session per sample","0","PASS","45FA907CE0D3797C1E13EBB2F03F076A25656CCE27E801C18F745ACD3944FBBD","5136EEC556F9790732AE759EF52F77FE6172329EA55787A80300C4A824107E46","1","441","False","False","7073.445","Aktarma ba?lant?s?ndan veriler okunamad?: Ba?lan?lan uygun olarak belli bir s?re i?inde yan?t vermedi?inden veya kurulan
ba?lant? ba?lan?lan ana bilgisayar yan?t vermedi?inden bir ba?lant? kurulamad?.","False","0","False","False","0","False"
"d02f514d-e0e9-491f-b8d4-72c89c73fe78","MANIFEST_BOUND","hmail-perf-pair-service-20260901","06EFCBA9520D478A6DAC7ABB7F09F3B63D015A0CD5ECA1EB4D0FD2CC8C38F9FD","cpp","hmail_perf_pair_cpp_20260831_head3","C:\hmail-perf-pair-service-20260901\cpp\Data","B3DF9E8BBF4BEDB1102C94DF7C86356E1FEABCBC02A18E8EABEB1EA1453D09B8",,,"one TCP client and one sequential IMAP session per sample","0","PASS","45FA907CE0D3797C1E13EBB2F03F076A25656CCE27E801C18F745ACD3944FBBD","5136EEC556F9790732AE759EF52F77FE6172329EA55787A80300C4A824107E46","1","442","False","False","7079.485","Aktarma ba?lant?s?ndan veriler okunamad?: Ba?lan?lan uygun olarak belli bir s?re i?inde yan?t vermedi?inden veya kurulan
ba?lant? ba?lan?lan ana bilgisayar yan?t vermedi?inden bir ba?lant? kurulamad?.","False","0","False","False","0","False"
"d02f514d-e0e9-491f-b8d4-72c89c73fe78","MANIFEST_BOUND","hmail-perf-pair-service-20260901","06EFCBA9520D478A6DAC7ABB7F09F3B63D015A0CD5ECA1EB4D0FD2CC8C38F9FD","cpp","hmail_perf_pair_cpp_20260831_head3","C:\hmail-perf-pair-service-20260901\cpp\Data","B3DF9E8BBF4BEDB1102C94DF7C86356E1FEABCBC02A18E8EABEB1EA1453D09B8",,,"one TCP client and one sequential IMAP session per sample","0","PASS","45FA907CE0D3797C1E13EBB2F03F076A25656CCE27E801C18F745ACD3944FBBD","5136EEC556F9790732AE759EF52F77FE6172329EA55787A80300C4A824107E46","1","443","False","False","7071.376","Aktarma ba?lant?s?ndan veriler okunamad?: Ba?lan?lan uygun olarak belli bir s?re i?inde yan?t vermedi?inden veya kurulan
ba?lant? ba?lan?lan ana bilgisayar yan?t vermedi?inden bir ba?lant? kurulamad?.","False","0","False","False","0","False"
"d02f514d-e0e9-491f-b8d4-72c89c73fe78","MANIFEST_BOUND","hmail-perf-pair-service-20260901","06EFCBA9520D478A6DAC7ABB7F09F3B63D015A0CD5ECA1EB4D0FD2CC8C38F9FD","cpp","hmail_perf_pair_cpp_20260831_head3","C:\hmail-perf-pair-service-20260901\cpp\Data","B3DF9E8BBF4BEDB1102C94DF7C86356E1FEABCBC02A18E8EABEB1EA1453D09B8",,,"one TCP client and one sequential IMAP session per sample","0","PASS","45FA907CE0D3797C1E13EBB2F03F076A25656CCE27E801C18F745ACD3944FBBD","5136EEC556F9790732AE759EF52F77FE6172329EA55787A80300C4A824107E46","1","444","False","False","7078.582","Aktarma ba?lant?s?ndan veriler okunamad?: Ba?lan?lan uygun olarak belli bir s?re i?inde yan?t vermedi?inden veya kurulan
ba?lant? ba?lan?lan ana bilgisayar yan?t vermedi?inden bir ba?lant? kurulamad?.","False","0","False","False","0","False"
"d02f514d-e0e9-491f-b8d4-72c89c73fe78","MANIFEST_BOUND","hmail-perf-pair-service-20260901","06EFCBA9520D478A6DAC7ABB7F09F3B63D015A0CD5ECA1EB4D0FD2CC8C38F9FD","cpp","hmail_perf_pair_cpp_20260831_head3","C:\hmail-perf-pair-service-20260901\cpp\Data","B3DF9E8BBF4BEDB1102C94DF7C86356E1FEABCBC02A18E8EABEB1EA1453D09B8",,,"one TCP client and one sequential IMAP session per sample","0","PASS","45FA907CE0D3797C1E13EBB2F03F076A25656CCE27E801C18F745ACD3944FBBD","5136EEC556F9790732AE759EF52F77FE6172329EA55787A80300C4A824107E46","1","445","False","False","7072.394","Aktarma ba?lant?s?ndan veriler okunamad?: Ba?lan?lan uygun olarak belli bir s?re i?inde yan?t vermedi?inden veya kurulan
ba?lant? ba?lan?lan ana bilgisayar yan?t vermedi?inden bir ba?lant? kurulamad?.","False","0","False","False","0","False"
"d02f514d-e0e9-491f-b8d4-72c89c73fe78","MANIFEST_BOUND","hmail-perf-pair-service-20260901","06EFCBA9520D478A6DAC7ABB7F09F3B63D015A0CD5ECA1EB4D0FD2CC8C38F9FD","cpp","hmail_perf_pair_cpp_20260831_head3","C:\hmail-perf-pair-service-20260901\cpp\Data","B3DF9E8BBF4BEDB1102C94DF7C86356E1FEABCBC02A18E8EABEB1EA1453D09B8",,,"one TCP client and one sequential IMAP session per sample","0","PASS","45FA907CE0D3797C1E13EBB2F03F076A25656CCE27E801C18F745ACD3944FBBD","5136EEC556F9790732AE759EF52F77FE6172329EA55787A80300C4A824107E46","1","446","False","False","7078.559","Aktarma ba?lant?s?ndan veriler okunamad?: Ba?lan?lan uygun olarak belli bir s?re i?inde yan?t vermedi?inden veya kurulan
ba?lant? ba?lan?lan ana bilgisayar yan?t vermedi?inden bir ba?lant? kurulamad?.","False","0","False","False","0","False"
"d02f514d-e0e9-491f-b8d4-72c89c73fe78","MANIFEST_BOUND","hmail-perf-pair-service-20260901","06EFCBA9520D478A6DAC7ABB7F09F3B63D015A0CD5ECA1EB4D0FD2CC8C38F9FD","cpp","hmail_perf_pair_cpp_20260831_head3","C:\hmail-perf-pair-service-20260901\cpp\Data","B3DF9E8BBF4BEDB1102C94DF7C86356E1FEABCBC02A18E8EABEB1EA1453D09B8",,,"one TCP client and one sequential IMAP session per sample","0","PASS","45FA907CE0D3797C1E13EBB2F03F076A25656CCE27E801C18F745ACD3944FBBD","5136EEC556F9790732AE759EF52F77FE6172329EA55787A80300C4A824107E46","1","447","False","False","2067.046","Hedef makine etkin olarak reddetti?inden ba?lant? kurulamad? 127.0.0.1:1143","False","0","False","False","0","False"
"d02f514d-e0e9-491f-b8d4-72c89c73fe78","MANIFEST_BOUND","hmail-perf-pair-service-20260901","06EFCBA9520D478A6DAC7ABB7F09F3B63D015A0CD5ECA1EB4D0FD2CC8C38F9FD","cpp","hmail_perf_pair_cpp_20260831_head3","C:\hmail-perf-pair-service-20260901\cpp\Data","B3DF9E8BBF4BEDB1102C94DF7C86356E1FEABCBC02A18E8EABEB1EA1453D09B8",,,"one TCP client and one sequential IMAP session per sample","0","PASS","45FA907CE0D3797C1E13EBB2F03F076A25656CCE27E801C18F745ACD3944FBBD","5136EEC556F9790732AE759EF52F77FE6172329EA55787A80300C4A824107E46","1","448","False","False","7073.299","Aktarma ba?lant?s?ndan veriler okunamad?: Ba?lan?lan uygun olarak belli bir s?re i?inde yan?t vermedi?inden veya kurulan
ba?lant? ba?lan?lan ana bilgisayar yan?t vermedi?inden bir ba?lant? kurulamad?.","False","0","False","False","0","False"
"d02f514d-e0e9-491f-b8d4-72c89c73fe78","MANIFEST_BOUND","hmail-perf-pair-service-20260901","06EFCBA9520D478A6DAC7ABB7F09F3B63D015A0CD5ECA1EB4D0FD2CC8C38F9FD","cpp","hmail_perf_pair_cpp_20260831_head3","C:\hmail-perf-pair-service-20260901\cpp\Data","B3DF9E8BBF4BEDB1102C94DF7C86356E1FEABCBC02A18E8EABEB1EA1453D09B8",,,"one TCP client and one sequential IMAP session per sample","0","PASS","45FA907CE0D3797C1E13EBB2F03F076A25656CCE27E801C18F745ACD3944FBBD","5136EEC556F9790732AE759EF52F77FE6172329EA55787A80300C4A824107E46","1","449","False","False","7071.63","Aktarma ba?lant?s?ndan veriler okunamad?: Ba?lan?lan uygun olarak belli bir s?re i?inde yan?t vermedi?inden veya kurulan
ba?lant? ba?lan?lan ana bilgisayar yan?t vermedi?inden bir ba?lant? kurulamad?.","False","0","False","False","0","False"
"d02f514d-e0e9-491f-b8d4-72c89c73fe78","MANIFEST_BOUND","hmail-perf-pair-service-20260901","06EFCBA9520D478A6DAC7ABB7F09F3B63D015A0CD5ECA1EB4D0FD2CC8C38F9FD","cpp","hmail_perf_pair_cpp_20260831_head3","C:\hmail-perf-pair-service-20260901\cpp\Data","B3DF9E8BBF4BEDB1102C94DF7C86356E1FEABCBC02A18E8EABEB1EA1453D09B8",,,"one TCP client and one sequential IMAP session per sample","0","PASS","45FA907CE0D3797C1E13EBB2F03F076A25656CCE27E801C18F745ACD3944FBBD","5136EEC556F9790732AE759EF52F77FE6172329EA55787A80300C4A824107E46","1","450","False","False","7069.73","Aktarma ba?lant?s?ndan veriler okunamad?: Ba?lan?lan uygun olarak belli bir s?re i?inde yan?t vermedi?inden veya kurulan
ba?lant? ba?lan?lan ana bilgisayar yan?t vermedi?inden bir ba?lant? kurulamad?.","False","0","False","False","0","False"
"d02f514d-e0e9-491f-b8d4-72c89c73fe78","MANIFEST_BOUND","hmail-perf-pair-service-20260901","06EFCBA9520D478A6DAC7ABB7F09F3B63D015A0CD5ECA1EB4D0FD2CC8C38F9FD","cpp","hmail_perf_pair_cpp_20260831_head3","C:\hmail-perf-pair-service-20260901\cpp\Data","B3DF9E8BBF4BEDB1102C94DF7C86356E1FEABCBC02A18E8EABEB1EA1453D09B8",,,"one TCP client and one sequential IMAP session per sample","0","PASS","45FA907CE0D3797C1E13EBB2F03F076A25656CCE27E801C18F745ACD3944FBBD","5136EEC556F9790732AE759EF52F77FE6172329EA55787A80300C4A824107E46","1","451","False","False","7080.628","Aktarma ba?lant?s?ndan veriler okunamad?: Ba?lan?lan uygun olarak belli bir s?re i?inde yan?t vermedi?inden veya kurulan
ba?lant? ba?lan?lan ana bilgisayar yan?t vermedi?inden bir ba?lant? kurulamad?.","False","0","False","False","0","False"
"d02f514d-e0e9-491f-b8d4-72c89c73fe78","MANIFEST_BOUND","hmail-perf-pair-service-20260901","06EFCBA9520D478A6DAC7ABB7F09F3B63D015A0CD5ECA1EB4D0FD2CC8C38F9FD","cpp","hmail_perf_pair_cpp_20260831_head3","C:\hmail-perf-pair-service-20260901\cpp\Data","B3DF9E8BBF4BEDB1102C94DF7C86356E1FEABCBC02A18E8EABEB1EA1453D09B8",,,"one TCP client and one sequential IMAP session per sample","0","PASS","45FA907CE0D3797C1E13EBB2F03F076A25656CCE27E801C18F745ACD3944FBBD","5136EEC556F9790732AE759EF52F77FE6172329EA55787A80300C4A824107E46","1","452","False","False","7079.093","Aktarma ba?lant?s?ndan veriler okunamad?: Ba?lan?lan uygun olarak belli bir s?re i?inde yan?t vermedi?inden veya kurulan
ba?lant? ba?lan?lan ana bilgisayar yan?t vermedi?inden bir ba?lant? kurulamad?.","False","0","False","False","0","False"
"d02f514d-e0e9-491f-b8d4-72c89c73fe78","MANIFEST_BOUND","hmail-perf-pair-service-20260901","06EFCBA9520D478A6DAC7ABB7F09F3B63D015A0CD5ECA1EB4D0FD2CC8C38F9FD","cpp","hmail_perf_pair_cpp_20260831_head3","C:\hmail-perf-pair-service-20260901\cpp\Data","B3DF9E8BBF4BEDB1102C94DF7C86356E1FEABCBC02A18E8EABEB1EA1453D09B8",,,"one TCP client and one sequential IMAP session per sample","0","PASS","45FA907CE0D3797C1E13EBB2F03F076A25656CCE27E801C18F745ACD3944FBBD","5136EEC556F9790732AE759EF52F77FE6172329EA55787A80300C4A824107E46","1","453","False","False","7077.768","Aktarma ba?lant?s?ndan veriler okunamad?: Ba?lan?lan uygun olarak belli bir s?re i?inde yan?t vermedi?inden veya kurulan
ba?lant? ba?lan?lan ana bilgisayar yan?t vermedi?inden bir ba?lant? kurulamad?.","False","0","False","False","0","False"
"d02f514d-e0e9-491f-b8d4-72c89c73fe78","MANIFEST_BOUND","hmail-perf-pair-service-20260901","06EFCBA9520D478A6DAC7ABB7F09F3B63D015A0CD5ECA1EB4D0FD2CC8C38F9FD","cpp","hmail_perf_pair_cpp_20260831_head3","C:\hmail-perf-pair-service-20260901\cpp\Data","B3DF9E8BBF4BEDB1102C94DF7C86356E1FEABCBC02A18E8EABEB1EA1453D09B8",,,"one TCP client and one sequential IMAP session per sample","0","PASS","45FA907CE0D3797C1E13EBB2F03F076A25656CCE27E801C18F745ACD3944FBBD","5136EEC556F9790732AE759EF52F77FE6172329EA55787A80300C4A824107E46","1","454","False","False","7071.124","Aktarma ba?lant?s?ndan veriler okunamad?: Ba?lan?lan uygun olarak belli bir s?re i?inde yan?t vermedi?inden veya kurulan
ba?lant? ba?lan?lan ana bilgisayar yan?t vermedi?inden bir ba?lant? kurulamad?.","False","0","False","False","0","False"
"d02f514d-e0e9-491f-b8d4-72c89c73fe78","MANIFEST_BOUND","hmail-perf-pair-service-20260901","06EFCBA9520D478A6DAC7ABB7F09F3B63D015A0CD5ECA1EB4D0FD2CC8C38F9FD","cpp","hmail_perf_pair_cpp_20260831_head3","C:\hmail-perf-pair-service-20260901\cpp\Data","B3DF9E8BBF4BEDB1102C94DF7C86356E1FEABCBC02A18E8EABEB1EA1453D09B8",,,"one TCP client and one sequential IMAP session per sample","0","PASS","45FA907CE0D3797C1E13EBB2F03F076A25656CCE27E801C18F745ACD3944FBBD","5136EEC556F9790732AE759EF52F77FE6172329EA55787A80300C4A824107E46","1","455","False","False","7074.725","Aktarma ba?lant?s?ndan veriler okunamad?: Ba?lan?lan uygun olarak belli bir s?re i?inde yan?t vermedi?inden veya kurulan
ba?lant? ba?lan?lan ana bilgisayar yan?t vermedi?inden bir ba?lant? kurulamad?.","False","0","False","False","0","False"
"d02f514d-e0e9-491f-b8d4-72c89c73fe78","MANIFEST_BOUND","hmail-perf-pair-service-20260901","06EFCBA9520D478A6DAC7ABB7F09F3B63D015A0CD5ECA1EB4D0FD2CC8C38F9FD","cpp","hmail_perf_pair_cpp_20260831_head3","C:\hmail-perf-pair-service-20260901\cpp\Data","B3DF9E8BBF4BEDB1102C94DF7C86356E1FEABCBC02A18E8EABEB1EA1453D09B8",,,"one TCP client and one sequential IMAP session per sample","0","PASS","45FA907CE0D3797C1E13EBB2F03F076A25656CCE27E801C18F745ACD3944FBBD","5136EEC556F9790732AE759EF52F77FE6172329EA55787A80300C4A824107E46","1","456","False","False","7072.01","Aktarma ba?lant?s?ndan veriler okunamad?: Ba?lan?lan uygun olarak belli bir s?re i?inde yan?t vermedi?inden veya kurulan
ba?lant? ba?lan?lan ana bilgisayar yan?t vermedi?inden bir ba?lant? kurulamad?.","False","0","False","False","0","False"
"d02f514d-e0e9-491f-b8d4-72c89c73fe78","MANIFEST_BOUND","hmail-perf-pair-service-20260901","06EFCBA9520D478A6DAC7ABB7F09F3B63D015A0CD5ECA1EB4D0FD2CC8C38F9FD","cpp","hmail_perf_pair_cpp_20260831_head3","C:\hmail-perf-pair-service-20260901\cpp\Data","B3DF9E8BBF4BEDB1102C94DF7C86356E1FEABCBC02A18E8EABEB1EA1453D09B8",,,"one TCP client and one sequential IMAP session per sample","0","PASS","45FA907CE0D3797C1E13EBB2F03F076A25656CCE27E801C18F745ACD3944FBBD","5136EEC556F9790732AE759EF52F77FE6172329EA55787A80300C4A824107E46","1","457","False","False","7071.899","Aktarma ba?lant?s?ndan veriler okunamad?: Ba?lan?lan uygun olarak belli bir s?re i?inde yan?t vermedi?inden veya kurulan
ba?lant? ba?lan?lan ana bilgisayar yan?t vermedi?inden bir ba?lant? kurulamad?.","False","0","False","False","0","False"
"d02f514d-e0e9-491f-b8d4-72c89c73fe78","MANIFEST_BOUND","hmail-perf-pair-service-20260901","06EFCBA9520D478A6DAC7ABB7F09F3B63D015A0CD5ECA1EB4D0FD2CC8C38F9FD","cpp","hmail_perf_pair_cpp_20260831_head3","C:\hmail-perf-pair-service-20260901\cpp\Data","B3DF9E8BBF4BEDB1102C94DF7C86356E1FEABCBC02A18E8EABEB1EA1453D09B8",,,"one TCP client and one sequential IMAP session per sample","0","PASS","45FA907CE0D3797C1E13EBB2F03F076A25656CCE27E801C18F745ACD3944FBBD","5136EEC556F9790732AE759EF52F77FE6172329EA55787A80300C4A824107E46","1","458","False","False","7079.164","Aktarma ba?lant?s?ndan veriler okunamad?: Ba?lan?lan uygun olarak belli bir s?re i?inde yan?t vermedi?inden veya kurulan
ba?lant? ba?lan?lan ana bilgisayar yan?t vermedi?inden bir ba?lant? kurulamad?.","False","0","False","False","0","False"
"d02f514d-e0e9-491f-b8d4-72c89c73fe78","MANIFEST_BOUND","hmail-perf-pair-service-20260901","06EFCBA9520D478A6DAC7ABB7F09F3B63D015A0CD5ECA1EB4D0FD2CC8C38F9FD","cpp","hmail_perf_pair_cpp_20260831_head3","C:\hmail-perf-pair-service-20260901\cpp\Data","B3DF9E8BBF4BEDB1102C94DF7C86356E1FEABCBC02A18E8EABEB1EA1453D09B8",,,"one TCP client and one sequential IMAP session per sample","0","PASS","45FA907CE0D3797C1E13EBB2F03F076A25656CCE27E801C18F745ACD3944FBBD","5136EEC556F9790732AE759EF52F77FE6172329EA55787A80300C4A824107E46","1","459","False","False","7079.053","Aktarma ba?lant?s?ndan veriler okunamad?: Ba?lan?lan uygun olarak belli bir s?re i?inde yan?t vermedi?inden veya kurulan
ba?lant? ba?lan?lan ana bilgisayar yan?t vermedi?inden bir ba?lant? kurulamad?.","False","0","False","False","0","False"
"d02f514d-e0e9-491f-b8d4-72c89c73fe78","MANIFEST_BOUND","hmail-perf-pair-service-20260901","06EFCBA9520D478A6DAC7ABB7F09F3B63D015A0CD5ECA1EB4D0FD2CC8C38F9FD","cpp","hmail_perf_pair_cpp_20260831_head3","C:\hmail-perf-pair-service-20260901\cpp\Data","B3DF9E8BBF4BEDB1102C94DF7C86356E1FEABCBC02A18E8EABEB1EA1453D09B8",,,"one TCP client and one sequential IMAP session per sample","0","PASS","45FA907CE0D3797C1E13EBB2F03F076A25656CCE27E801C18F745ACD3944FBBD","5136EEC556F9790732AE759EF52F77FE6172329EA55787A80300C4A824107E46","1","460","False","False","7083.382","Aktarma ba?lant?s?ndan veriler okunamad?: Ba?lan?lan uygun olarak belli bir s?re i?inde yan?t vermedi?inden veya kurulan
ba?lant? ba?lan?lan ana bilgisayar yan?t vermedi?inden bir ba?lant? kurulamad?.","False","0","False","False","0","False"
"d02f514d-e0e9-491f-b8d4-72c89c73fe78","MANIFEST_BOUND","hmail-perf-pair-service-20260901","06EFCBA9520D478A6DAC7ABB7F09F3B63D015A0CD5ECA1EB4D0FD2CC8C38F9FD","cpp","hmail_perf_pair_cpp_20260831_head3","C:\hmail-perf-pair-service-20260901\cpp\Data","B3DF9E8BBF4BEDB1102C94DF7C86356E1FEABCBC02A18E8EABEB1EA1453D09B8",,,"one TCP client and one sequential IMAP session per sample","0","PASS","45FA907CE0D3797C1E13EBB2F03F076A25656CCE27E801C18F745ACD3944FBBD","5136EEC556F9790732AE759EF52F77FE6172329EA55787A80300C4A824107E46","1","461","False","False","2066.981","Hedef makine etkin olarak reddetti?inden ba?lant? kurulamad? 127.0.0.1:1143","False","0","False","False","0","False"
"d02f514d-e0e9-491f-b8d4-72c89c73fe78","MANIFEST_BOUND","hmail-perf-pair-service-20260901","06EFCBA9520D478A6DAC7ABB7F09F3B63D015A0CD5ECA1EB4D0FD2CC8C38F9FD","cpp","hmail_perf_pair_cpp_20260831_head3","C:\hmail-perf-pair-service-20260901\cpp\Data","B3DF9E8BBF4BEDB1102C94DF7C86356E1FEABCBC02A18E8EABEB1EA1453D09B8",,,"one TCP client and one sequential IMAP session per sample","0","PASS","45FA907CE0D3797C1E13EBB2F03F076A25656CCE27E801C18F745ACD3944FBBD","5136EEC556F9790732AE759EF52F77FE6172329EA55787A80300C4A824107E46","1","462","False","False","7075.066","Aktarma ba?lant?s?ndan veriler okunamad?: Ba?lan?lan uygun olarak belli bir s?re i?inde yan?t vermedi?inden veya kurulan
ba?lant? ba?lan?lan ana bilgisayar yan?t vermedi?inden bir ba?lant? kurulamad?.","False","0","False","False","0","False"
"d02f514d-e0e9-491f-b8d4-72c89c73fe78","MANIFEST_BOUND","hmail-perf-pair-service-20260901","06EFCBA9520D478A6DAC7ABB7F09F3B63D015A0CD5ECA1EB4D0FD2CC8C38F9FD","cpp","hmail_perf_pair_cpp_20260831_head3","C:\hmail-perf-pair-service-20260901\cpp\Data","B3DF9E8BBF4BEDB1102C94DF7C86356E1FEABCBC02A18E8EABEB1EA1453D09B8",,,"one TCP client and one sequential IMAP session per sample","0","PASS","45FA907CE0D3797C1E13EBB2F03F076A25656CCE27E801C18F745ACD3944FBBD","5136EEC556F9790732AE759EF52F77FE6172329EA55787A80300C4A824107E46","1","463","False","False","7075.249","Aktarma ba?lant?s?ndan veriler okunamad?: Ba?lan?lan uygun olarak belli bir s?re i?inde yan?t vermedi?inden veya kurulan
ba?lant? ba?lan?lan ana bilgisayar yan?t vermedi?inden bir ba?lant? kurulamad?.","False","0","False","False","0","False"
"d02f514d-e0e9-491f-b8d4-72c89c73fe78","MANIFEST_BOUND","hmail-perf-pair-service-20260901","06EFCBA9520D478A6DAC7ABB7F09F3B63D015A0CD5ECA1EB4D0FD2CC8C38F9FD","cpp","hmail_perf_pair_cpp_20260831_head3","C:\hmail-perf-pair-service-20260901\cpp\Data","B3DF9E8BBF4BEDB1102C94DF7C86356E1FEABCBC02A18E8EABEB1EA1453D09B8",,,"one TCP client and one sequential IMAP session per sample","0","PASS","45FA907CE0D3797C1E13EBB2F03F076A25656CCE27E801C18F745ACD3944FBBD","5136EEC556F9790732AE759EF52F77FE6172329EA55787A80300C4A824107E46","1","464","False","False","7072.669","Aktarma ba?lant?s?ndan veriler okunamad?: Ba?lan?lan uygun olarak belli bir s?re i?inde yan?t vermedi?inden veya kurulan
ba?lant? ba?lan?lan ana bilgisayar yan?t vermedi?inden bir ba?lant? kurulamad?.","False","0","False","False","0","False"
"d02f514d-e0e9-491f-b8d4-72c89c73fe78","MANIFEST_BOUND","hmail-perf-pair-service-20260901","06EFCBA9520D478A6DAC7ABB7F09F3B63D015A0CD5ECA1EB4D0FD2CC8C38F9FD","cpp","hmail_perf_pair_cpp_20260831_head3","C:\hmail-perf-pair-service-20260901\cpp\Data","B3DF9E8BBF4BEDB1102C94DF7C86356E1FEABCBC02A18E8EABEB1EA1453D09B8",,,"one TCP client and one sequential IMAP session per sample","0","PASS","45FA907CE0D3797C1E13EBB2F03F076A25656CCE27E801C18F745ACD3944FBBD","5136EEC556F9790732AE759EF52F77FE6172329EA55787A80300C4A824107E46","1","465","False","False","7071.165","Aktarma ba?lant?s?ndan veriler okunamad?: Ba?lan?lan uygun olarak belli bir s?re i?inde yan?t vermedi?inden veya kurulan
ba?lant? ba?lan?lan ana bilgisayar yan?t vermedi?inden bir ba?lant? kurulamad?.","False","0","False","False","0","False"
"d02f514d-e0e9-491f-b8d4-72c89c73fe78","MANIFEST_BOUND","hmail-perf-pair-service-20260901","06EFCBA9520D478A6DAC7ABB7F09F3B63D015A0CD5ECA1EB4D0FD2CC8C38F9FD","cpp","hmail_perf_pair_cpp_20260831_head3","C:\hmail-perf-pair-service-20260901\cpp\Data","B3DF9E8BBF4BEDB1102C94DF7C86356E1FEABCBC02A18E8EABEB1EA1453D09B8",,,"one TCP client and one sequential IMAP session per sample","0","PASS","45FA907CE0D3797C1E13EBB2F03F076A25656CCE27E801C18F745ACD3944FBBD","5136EEC556F9790732AE759EF52F77FE6172329EA55787A80300C4A824107E46","1","466","False","False","7078.06","Aktarma ba?lant?s?ndan veriler okunamad?: Ba?lan?lan uygun olarak belli bir s?re i?inde yan?t vermedi?inden veya kurulan
ba?lant? ba?lan?lan ana bilgisayar yan?t vermedi?inden bir ba?lant? kurulamad?.","False","0","False","False","0","False"
"d02f514d-e0e9-491f-b8d4-72c89c73fe78","MANIFEST_BOUND","hmail-perf-pair-service-20260901","06EFCBA9520D478A6DAC7ABB7F09F3B63D015A0CD5ECA1EB4D0FD2CC8C38F9FD","cpp","hmail_perf_pair_cpp_20260831_head3","C:\hmail-perf-pair-service-20260901\cpp\Data","B3DF9E8BBF4BEDB1102C94DF7C86356E1FEABCBC02A18E8EABEB1EA1453D09B8",,,"one TCP client and one sequential IMAP session per sample","0","PASS","45FA907CE0D3797C1E13EBB2F03F076A25656CCE27E801C18F745ACD3944FBBD","5136EEC556F9790732AE759EF52F77FE6172329EA55787A80300C4A824107E46","1","467","False","False","7074.808","Aktarma ba?lant?s?ndan veriler okunamad?: Ba?lan?lan uygun olarak belli bir s?re i?inde yan?t vermedi?inden veya kurulan
ba?lant? ba?lan?lan ana bilgisayar yan?t vermedi?inden bir ba?lant? kurulamad?.","False","0","False","False","0","False"
"d02f514d-e0e9-491f-b8d4-72c89c73fe78","MANIFEST_BOUND","hmail-perf-pair-service-20260901","06EFCBA9520D478A6DAC7ABB7F09F3B63D015A0CD5ECA1EB4D0FD2CC8C38F9FD","cpp","hmail_perf_pair_cpp_20260831_head3","C:\hmail-perf-pair-service-20260901\cpp\Data","B3DF9E8BBF4BEDB1102C94DF7C86356E1FEABCBC02A18E8EABEB1EA1453D09B8",,,"one TCP client and one sequential IMAP session per sample","0","PASS","45FA907CE0D3797C1E13EBB2F03F076A25656CCE27E801C18F745ACD3944FBBD","5136EEC556F9790732AE759EF52F77FE6172329EA55787A80300C4A824107E46","1","468","False","False","7078.054","Aktarma ba?lant?s?ndan veriler okunamad?: Ba?lan?lan uygun olarak belli bir s?re i?inde yan?t vermedi?inden veya kurulan
ba?lant? ba?lan?lan ana bilgisayar yan?t vermedi?inden bir ba?lant? kurulamad?.","False","0","False","False","0","False"
"d02f514d-e0e9-491f-b8d4-72c89c73fe78","MANIFEST_BOUND","hmail-perf-pair-service-20260901","06EFCBA9520D478A6DAC7ABB7F09F3B63D015A0CD5ECA1EB4D0FD2CC8C38F9FD","cpp","hmail_perf_pair_cpp_20260831_head3","C:\hmail-perf-pair-service-20260901\cpp\Data","B3DF9E8BBF4BEDB1102C94DF7C86356E1FEABCBC02A18E8EABEB1EA1453D09B8",,,"one TCP client and one sequential IMAP session per sample","0","PASS","45FA907CE0D3797C1E13EBB2F03F076A25656CCE27E801C18F745ACD3944FBBD","5136EEC556F9790732AE759EF52F77FE6172329EA55787A80300C4A824107E46","1","469","False","False","7074.307","Aktarma ba?lant?s?ndan veriler okunamad?: Ba?lan?lan uygun olarak belli bir s?re i?inde yan?t vermedi?inden veya kurulan
ba?lant? ba?lan?lan ana bilgisayar yan?t vermedi?inden bir ba?lant? kurulamad?.","False","0","False","False","0","False"
"d02f514d-e0e9-491f-b8d4-72c89c73fe78","MANIFEST_BOUND","hmail-perf-pair-service-20260901","06EFCBA9520D478A6DAC7ABB7F09F3B63D015A0CD5ECA1EB4D0FD2CC8C38F9FD","cpp","hmail_perf_pair_cpp_20260831_head3","C:\hmail-perf-pair-service-20260901\cpp\Data","B3DF9E8BBF4BEDB1102C94DF7C86356E1FEABCBC02A18E8EABEB1EA1453D09B8",,,"one TCP client and one sequential IMAP session per sample","0","PASS","45FA907CE0D3797C1E13EBB2F03F076A25656CCE27E801C18F745ACD3944FBBD","5136EEC556F9790732AE759EF52F77FE6172329EA55787A80300C4A824107E46","1","470","False","False","7074.306","Aktarma ba?lant?s?ndan veriler okunamad?: Ba?lan?lan uygun olarak belli bir s?re i?inde yan?t vermedi?inden veya kurulan
ba?lant? ba?lan?lan ana bilgisayar yan?t vermedi?inden bir ba?lant? kurulamad?.","False","0","False","False","0","False"
"d02f514d-e0e9-491f-b8d4-72c89c73fe78","MANIFEST_BOUND","hmail-perf-pair-service-20260901","06EFCBA9520D478A6DAC7ABB7F09F3B63D015A0CD5ECA1EB4D0FD2CC8C38F9FD","cpp","hmail_perf_pair_cpp_20260831_head3","C:\hmail-perf-pair-service-20260901\cpp\Data","B3DF9E8BBF4BEDB1102C94DF7C86356E1FEABCBC02A18E8EABEB1EA1453D09B8",,,"one TCP client and one sequential IMAP session per sample","0","PASS","45FA907CE0D3797C1E13EBB2F03F076A25656CCE27E801C18F745ACD3944FBBD","5136EEC556F9790732AE759EF52F77FE6172329EA55787A80300C4A824107E46","1","471","False","False","7079.117","Aktarma ba?lant?s?ndan veriler okunamad?: Ba?lan?lan uygun olarak belli bir s?re i?inde yan?t vermedi?inden veya kurulan
ba?lant? ba?lan?lan ana bilgisayar yan?t vermedi?inden bir ba?lant? kurulamad?.","False","0","False","False","0","False"
"d02f514d-e0e9-491f-b8d4-72c89c73fe78","MANIFEST_BOUND","hmail-perf-pair-service-20260901","06EFCBA9520D478A6DAC7ABB7F09F3B63D015A0CD5ECA1EB4D0FD2CC8C38F9FD","cpp","hmail_perf_pair_cpp_20260831_head3","C:\hmail-perf-pair-service-20260901\cpp\Data","B3DF9E8BBF4BEDB1102C94DF7C86356E1FEABCBC02A18E8EABEB1EA1453D09B8",,,"one TCP client and one sequential IMAP session per sample","0","PASS","45FA907CE0D3797C1E13EBB2F03F076A25656CCE27E801C18F745ACD3944FBBD","5136EEC556F9790732AE759EF52F77FE6172329EA55787A80300C4A824107E46","1","472","False","False","7075.641","Aktarma ba?lant?s?ndan veriler okunamad?: Ba?lan?lan uygun olarak belli bir s?re i?inde yan?t vermedi?inden veya kurulan
ba?lant? ba?lan?lan ana bilgisayar yan?t vermedi?inden bir ba?lant? kurulamad?.","False","0","False","False","0","False"
"d02f514d-e0e9-491f-b8d4-72c89c73fe78","MANIFEST_BOUND","hmail-perf-pair-service-20260901","06EFCBA9520D478A6DAC7ABB7F09F3B63D015A0CD5ECA1EB4D0FD2CC8C38F9FD","cpp","hmail_perf_pair_cpp_20260831_head3","C:\hmail-perf-pair-service-20260901\cpp\Data","B3DF9E8BBF4BEDB1102C94DF7C86356E1FEABCBC02A18E8EABEB1EA1453D09B8",,,"one TCP client and one sequential IMAP session per sample","0","PASS","45FA907CE0D3797C1E13EBB2F03F076A25656CCE27E801C18F745ACD3944FBBD","5136EEC556F9790732AE759EF52F77FE6172329EA55787A80300C4A824107E46","1","473","False","False","7071.254","Aktarma ba?lant?s?ndan veriler okunamad?: Ba?lan?lan uygun olarak belli bir s?re i?inde yan?t vermedi?inden veya kurulan
ba?lant? ba?lan?lan ana bilgisayar yan?t vermedi?inden bir ba?lant? kurulamad?.","False","0","False","False","0","False"
"d02f514d-e0e9-491f-b8d4-72c89c73fe78","MANIFEST_BOUND","hmail-perf-pair-service-20260901","06EFCBA9520D478A6DAC7ABB7F09F3B63D015A0CD5ECA1EB4D0FD2CC8C38F9FD","cpp","hmail_perf_pair_cpp_20260831_head3","C:\hmail-perf-pair-service-20260901\cpp\Data","B3DF9E8BBF4BEDB1102C94DF7C86356E1FEABCBC02A18E8EABEB1EA1453D09B8",,,"one TCP client and one sequential IMAP session per sample","0","PASS","45FA907CE0D3797C1E13EBB2F03F076A25656CCE27E801C18F745ACD3944FBBD","5136EEC556F9790732AE759EF52F77FE6172329EA55787A80300C4A824107E46","1","474","False","False","7078.075","Aktarma ba?lant?s?ndan veriler okunamad?: Ba?lan?lan uygun olarak belli bir s?re i?inde yan?t vermedi?inden veya kurulan
ba?lant? ba?lan?lan ana bilgisayar yan?t vermedi?inden bir ba?lant? kurulamad?.","False","0","False","False","0","False"
"d02f514d-e0e9-491f-b8d4-72c89c73fe78","MANIFEST_BOUND","hmail-perf-pair-service-20260901","06EFCBA9520D478A6DAC7ABB7F09F3B63D015A0CD5ECA1EB4D0FD2CC8C38F9FD","cpp","hmail_perf_pair_cpp_20260831_head3","C:\hmail-perf-pair-service-20260901\cpp\Data","B3DF9E8BBF4BEDB1102C94DF7C86356E1FEABCBC02A18E8EABEB1EA1453D09B8",,,"one TCP client and one sequential IMAP session per sample","0","PASS","45FA907CE0D3797C1E13EBB2F03F076A25656CCE27E801C18F745ACD3944FBBD","5136EEC556F9790732AE759EF52F77FE6172329EA55787A80300C4A824107E46","1","475","False","False","7079.382","Aktarma ba?lant?s?ndan veriler okunamad?: Ba?lan?lan uygun olarak belli bir s?re i?inde yan?t vermedi?inden veya kurulan
ba?lant? ba?lan?lan ana bilgisayar yan?t vermedi?inden bir ba?lant? kurulamad?.","False","0","False","False","0","False"
"d02f514d-e0e9-491f-b8d4-72c89c73fe78","MANIFEST_BOUND","hmail-perf-pair-service-20260901","06EFCBA9520D478A6DAC7ABB7F09F3B63D015A0CD5ECA1EB4D0FD2CC8C38F9FD","cpp","hmail_perf_pair_cpp_20260831_head3","C:\hmail-perf-pair-service-20260901\cpp\Data","B3DF9E8BBF4BEDB1102C94DF7C86356E1FEABCBC02A18E8EABEB1EA1453D09B8",,,"one TCP client and one sequential IMAP session per sample","0","PASS","45FA907CE0D3797C1E13EBB2F03F076A25656CCE27E801C18F745ACD3944FBBD","5136EEC556F9790732AE759EF52F77FE6172329EA55787A80300C4A824107E46","1","476","False","False","7083.415","Aktarma ba?lant?s?ndan veriler okunamad?: Ba?lan?lan uygun olarak belli bir s?re i?inde yan?t vermedi?inden veya kurulan
ba?lant? ba?lan?lan ana bilgisayar yan?t vermedi?inden bir ba?lant? kurulamad?.","False","0","False","False","0","False"
"d02f514d-e0e9-491f-b8d4-72c89c73fe78","MANIFEST_BOUND","hmail-perf-pair-service-20260901","06EFCBA9520D478A6DAC7ABB7F09F3B63D015A0CD5ECA1EB4D0FD2CC8C38F9FD","cpp","hmail_perf_pair_cpp_20260831_head3","C:\hmail-perf-pair-service-20260901\cpp\Data","B3DF9E8BBF4BEDB1102C94DF7C86356E1FEABCBC02A18E8EABEB1EA1453D09B8",,,"one TCP client and one sequential IMAP session per sample","0","PASS","45FA907CE0D3797C1E13EBB2F03F076A25656CCE27E801C18F745ACD3944FBBD","5136EEC556F9790732AE759EF52F77FE6172329EA55787A80300C4A824107E46","1","477","False","False","2071.75","Hedef makine etkin olarak reddetti?inden ba?lant? kurulamad? 127.0.0.1:1143","False","0","False","False","0","False"
"d02f514d-e0e9-491f-b8d4-72c89c73fe78","MANIFEST_BOUND","hmail-perf-pair-service-20260901","06EFCBA9520D478A6DAC7ABB7F09F3B63D015A0CD5ECA1EB4D0FD2CC8C38F9FD","cpp","hmail_perf_pair_cpp_20260831_head3","C:\hmail-perf-pair-service-20260901\cpp\Data","B3DF9E8BBF4BEDB1102C94DF7C86356E1FEABCBC02A18E8EABEB1EA1453D09B8",,,"one TCP client and one sequential IMAP session per sample","0","PASS","45FA907CE0D3797C1E13EBB2F03F076A25656CCE27E801C18F745ACD3944FBBD","5136EEC556F9790732AE759EF52F77FE6172329EA55787A80300C4A824107E46","1","478","False","False","7073.649","Aktarma ba?lant?s?ndan veriler okunamad?: Ba?lan?lan uygun olarak belli bir s?re i?inde yan?t vermedi?inden veya kurulan
ba?lant? ba?lan?lan ana bilgisayar yan?t vermedi?inden bir ba?lant? kurulamad?.","False","0","False","False","0","False"
"d02f514d-e0e9-491f-b8d4-72c89c73fe78","MANIFEST_BOUND","hmail-perf-pair-service-20260901","06EFCBA9520D478A6DAC7ABB7F09F3B63D015A0CD5ECA1EB4D0FD2CC8C38F9FD","cpp","hmail_perf_pair_cpp_20260831_head3","C:\hmail-perf-pair-service-20260901\cpp\Data","B3DF9E8BBF4BEDB1102C94DF7C86356E1FEABCBC02A18E8EABEB1EA1453D09B8",,,"one TCP client and one sequential IMAP session per sample","0","PASS","45FA907CE0D3797C1E13EBB2F03F076A25656CCE27E801C18F745ACD3944FBBD","5136EEC556F9790732AE759EF52F77FE6172329EA55787A80300C4A824107E46","1","479","False","False","7071.209","Aktarma ba?lant?s?ndan veriler okunamad?: Ba?lan?lan uygun olarak belli bir s?re i?inde yan?t vermedi?inden veya kurulan
ba?lant? ba?lan?lan ana bilgisayar yan?t vermedi?inden bir ba?lant? kurulamad?.","False","0","False","False","0","False"
"d02f514d-e0e9-491f-b8d4-72c89c73fe78","MANIFEST_BOUND","hmail-perf-pair-service-20260901","06EFCBA9520D478A6DAC7ABB7F09F3B63D015A0CD5ECA1EB4D0FD2CC8C38F9FD","cpp","hmail_perf_pair_cpp_20260831_head3","C:\hmail-perf-pair-service-20260901\cpp\Data","B3DF9E8BBF4BEDB1102C94DF7C86356E1FEABCBC02A18E8EABEB1EA1453D09B8",,,"one TCP client and one sequential IMAP session per sample","0","PASS","45FA907CE0D3797C1E13EBB2F03F076A25656CCE27E801C18F745ACD3944FBBD","5136EEC556F9790732AE759EF52F77FE6172329EA55787A80300C4A824107E46","1","480","False","False","7071.107","Aktarma ba?lant?s?ndan veriler okunamad?: Ba?lan?lan uygun olarak belli bir s?re i?inde yan?t vermedi?inden veya kurulan
ba?lant? ba?lan?lan ana bilgisayar yan?t vermedi?inden bir ba?lant? kurulamad?.","False","0","False","False","0","False"
"d02f514d-e0e9-491f-b8d4-72c89c73fe78","MANIFEST_BOUND","hmail-perf-pair-service-20260901","06EFCBA9520D478A6DAC7ABB7F09F3B63D015A0CD5ECA1EB4D0FD2CC8C38F9FD","cpp","hmail_perf_pair_cpp_20260831_head3","C:\hmail-perf-pair-service-20260901\cpp\Data","B3DF9E8BBF4BEDB1102C94DF7C86356E1FEABCBC02A18E8EABEB1EA1453D09B8",,,"one TCP client and one sequential IMAP session per sample","0","PASS","45FA907CE0D3797C1E13EBB2F03F076A25656CCE27E801C18F745ACD3944FBBD","5136EEC556F9790732AE759EF52F77FE6172329EA55787A80300C4A824107E46","1","481","False","False","7077.242","Aktarma ba?lant?s?ndan veriler okunamad?: Ba?lan?lan uygun olarak belli bir s?re i?inde yan?t vermedi?inden veya kurulan
ba?lant? ba?lan?lan ana bilgisayar yan?t vermedi?inden bir ba?lant? kurulamad?.","False","0","False","False","0","False"
"d02f514d-e0e9-491f-b8d4-72c89c73fe78","MANIFEST_BOUND","hmail-perf-pair-service-20260901","06EFCBA9520D478A6DAC7ABB7F09F3B63D015A0CD5ECA1EB4D0FD2CC8C38F9FD","cpp","hmail_perf_pair_cpp_20260831_head3","C:\hmail-perf-pair-service-20260901\cpp\Data","B3DF9E8BBF4BEDB1102C94DF7C86356E1FEABCBC02A18E8EABEB1EA1453D09B8",,,"one TCP client and one sequential IMAP session per sample","0","PASS","45FA907CE0D3797C1E13EBB2F03F076A25656CCE27E801C18F745ACD3944FBBD","5136EEC556F9790732AE759EF52F77FE6172329EA55787A80300C4A824107E46","1","482","False","False","7077.268","Aktarma ba?lant?s?ndan veriler okunamad?: Ba?lan?lan uygun olarak belli bir s?re i?inde yan?t vermedi?inden veya kurulan
ba?lant? ba?lan?lan ana bilgisayar yan?t vermedi?inden bir ba?lant? kurulamad?.","False","0","False","False","0","False"
"d02f514d-e0e9-491f-b8d4-72c89c73fe78","MANIFEST_BOUND","hmail-perf-pair-service-20260901","06EFCBA9520D478A6DAC7ABB7F09F3B63D015A0CD5ECA1EB4D0FD2CC8C38F9FD","cpp","hmail_perf_pair_cpp_20260831_head3","C:\hmail-perf-pair-service-20260901\cpp\Data","B3DF9E8BBF4BEDB1102C94DF7C86356E1FEABCBC02A18E8EABEB1EA1453D09B8",,,"one TCP client and one sequential IMAP session per sample","0","PASS","45FA907CE0D3797C1E13EBB2F03F076A25656CCE27E801C18F745ACD3944FBBD","5136EEC556F9790732AE759EF52F77FE6172329EA55787A80300C4A824107E46","1","483","False","False","7077.889","Aktarma ba?lant?s?ndan veriler okunamad?: Ba?lan?lan uygun olarak belli bir s?re i?inde yan?t vermedi?inden veya kurulan
ba?lant? ba?lan?lan ana bilgisayar yan?t vermedi?inden bir ba?lant? kurulamad?.","False","0","False","False","0","False"
"d02f514d-e0e9-491f-b8d4-72c89c73fe78","MANIFEST_BOUND","hmail-perf-pair-service-20260901","06EFCBA9520D478A6DAC7ABB7F09F3B63D015A0CD5ECA1EB4D0FD2CC8C38F9FD","cpp","hmail_perf_pair_cpp_20260831_head3","C:\hmail-perf-pair-service-20260901\cpp\Data","B3DF9E8BBF4BEDB1102C94DF7C86356E1FEABCBC02A18E8EABEB1EA1453D09B8",,,"one TCP client and one sequential IMAP session per sample","0","PASS","45FA907CE0D3797C1E13EBB2F03F076A25656CCE27E801C18F745ACD3944FBBD","5136EEC556F9790732AE759EF52F77FE6172329EA55787A80300C4A824107E46","1","484","False","False","7075.658","Aktarma ba?lant?s?ndan veriler okunamad?: Ba?lan?lan uygun olarak belli bir s?re i?inde yan?t vermedi?inden veya kurulan
ba?lant? ba?lan?lan ana bilgisayar yan?t vermedi?inden bir ba?lant? kurulamad?.","False","0","False","False","0","False"
"d02f514d-e0e9-491f-b8d4-72c89c73fe78","MANIFEST_BOUND","hmail-perf-pair-service-20260901","06EFCBA9520D478A6DAC7ABB7F09F3B63D015A0CD5ECA1EB4D0FD2CC8C38F9FD","cpp","hmail_perf_pair_cpp_20260831_head3","C:\hmail-perf-pair-service-20260901\cpp\Data","B3DF9E8BBF4BEDB1102C94DF7C86356E1FEABCBC02A18E8EABEB1EA1453D09B8",,,"one TCP client and one sequential IMAP session per sample","0","PASS","45FA907CE0D3797C1E13EBB2F03F076A25656CCE27E801C18F745ACD3944FBBD","5136EEC556F9790732AE759EF52F77FE6172329EA55787A80300C4A824107E46","1","485","False","False","7070.481","Aktarma ba?lant?s?ndan veriler okunamad?: Ba?lan?lan uygun olarak belli bir s?re i?inde yan?t vermedi?inden veya kurulan
ba?lant? ba?lan?lan ana bilgisayar yan?t vermedi?inden bir ba?lant? kurulamad?.","False","0","False","False","0","False"
"d02f514d-e0e9-491f-b8d4-72c89c73fe78","MANIFEST_BOUND","hmail-perf-pair-service-20260901","06EFCBA9520D478A6DAC7ABB7F09F3B63D015A0CD5ECA1EB4D0FD2CC8C38F9FD","cpp","hmail_perf_pair_cpp_20260831_head3","C:\hmail-perf-pair-service-20260901\cpp\Data","B3DF9E8BBF4BEDB1102C94DF7C86356E1FEABCBC02A18E8EABEB1EA1453D09B8",,,"one TCP client and one sequential IMAP session per sample","0","PASS","45FA907CE0D3797C1E13EBB2F03F076A25656CCE27E801C18F745ACD3944FBBD","5136EEC556F9790732AE759EF52F77FE6172329EA55787A80300C4A824107E46","1","486","False","False","7079.328","Aktarma ba?lant?s?ndan veriler okunamad?: Ba?lan?lan uygun olarak belli bir s?re i?inde yan?t vermedi?inden veya kurulan
ba?lant? ba?lan?lan ana bilgisayar yan?t vermedi?inden bir ba?lant? kurulamad?.","False","0","False","False","0","False"
"d02f514d-e0e9-491f-b8d4-72c89c73fe78","MANIFEST_BOUND","hmail-perf-pair-service-20260901","06EFCBA9520D478A6DAC7ABB7F09F3B63D015A0CD5ECA1EB4D0FD2CC8C38F9FD","cpp","hmail_perf_pair_cpp_20260831_head3","C:\hmail-perf-pair-service-20260901\cpp\Data","B3DF9E8BBF4BEDB1102C94DF7C86356E1FEABCBC02A18E8EABEB1EA1453D09B8",,,"one TCP client and one sequential IMAP session per sample","0","PASS","45FA907CE0D3797C1E13EBB2F03F076A25656CCE27E801C18F745ACD3944FBBD","5136EEC556F9790732AE759EF52F77FE6172329EA55787A80300C4A824107E46","1","487","False","False","7073.936","Aktarma ba?lant?s?ndan veriler okunamad?: Ba?lan?lan uygun olarak belli bir s?re i?inde yan?t vermedi?inden veya kurulan
ba?lant? ba?lan?lan ana bilgisayar yan?t vermedi?inden bir ba?lant? kurulamad?.","False","0","False","False","0","False"
"d02f514d-e0e9-491f-b8d4-72c89c73fe78","MANIFEST_BOUND","hmail-perf-pair-service-20260901","06EFCBA9520D478A6DAC7ABB7F09F3B63D015A0CD5ECA1EB4D0FD2CC8C38F9FD","cpp","hmail_perf_pair_cpp_20260831_head3","C:\hmail-perf-pair-service-20260901\cpp\Data","B3DF9E8BBF4BEDB1102C94DF7C86356E1FEABCBC02A18E8EABEB1EA1453D09B8",,,"one TCP client and one sequential IMAP session per sample","0","PASS","45FA907CE0D3797C1E13EBB2F03F076A25656CCE27E801C18F745ACD3944FBBD","5136EEC556F9790732AE759EF52F77FE6172329EA55787A80300C4A824107E46","1","488","False","False","7071.664","Aktarma ba?lant?s?ndan veriler okunamad?: Ba?lan?lan uygun olarak belli bir s?re i?inde yan?t vermedi?inden veya kurulan
ba?lant? ba?lan?lan ana bilgisayar yan?t vermedi?inden bir ba?lant? kurulamad?.","False","0","False","False","0","False"
"d02f514d-e0e9-491f-b8d4-72c89c73fe78","MANIFEST_BOUND","hmail-perf-pair-service-20260901","06EFCBA9520D478A6DAC7ABB7F09F3B63D015A0CD5ECA1EB4D0FD2CC8C38F9FD","cpp","hmail_perf_pair_cpp_20260831_head3","C:\hmail-perf-pair-service-20260901\cpp\Data","B3DF9E8BBF4BEDB1102C94DF7C86356E1FEABCBC02A18E8EABEB1EA1453D09B8",,,"one TCP client and one sequential IMAP session per sample","0","PASS","45FA907CE0D3797C1E13EBB2F03F076A25656CCE27E801C18F745ACD3944FBBD","5136EEC556F9790732AE759EF52F77FE6172329EA55787A80300C4A824107E46","1","489","False","False","7070.269","Aktarma ba?lant?s?ndan veriler okunamad?: Ba?lan?lan uygun olarak belli bir s?re i?inde yan?t vermedi?inden veya kurulan
ba?lant? ba?lan?lan ana bilgisayar yan?t vermedi?inden bir ba?lant? kurulamad?.","False","0","False","False","0","False"
"d02f514d-e0e9-491f-b8d4-72c89c73fe78","MANIFEST_BOUND","hmail-perf-pair-service-20260901","06EFCBA9520D478A6DAC7ABB7F09F3B63D015A0CD5ECA1EB4D0FD2CC8C38F9FD","cpp","hmail_perf_pair_cpp_20260831_head3","C:\hmail-perf-pair-service-20260901\cpp\Data","B3DF9E8BBF4BEDB1102C94DF7C86356E1FEABCBC02A18E8EABEB1EA1453D09B8",,,"one TCP client and one sequential IMAP session per sample","0","PASS","45FA907CE0D3797C1E13EBB2F03F076A25656CCE27E801C18F745ACD3944FBBD","5136EEC556F9790732AE759EF52F77FE6172329EA55787A80300C4A824107E46","1","490","False","False","7082.22","Aktarma ba?lant?s?ndan veriler okunamad?: Ba?lan?lan uygun olarak belli bir s?re i?inde yan?t vermedi?inden veya kurulan
ba?lant? ba?lan?lan ana bilgisayar yan?t vermedi?inden bir ba?lant? kurulamad?.","False","0","False","False","0","False"
"d02f514d-e0e9-491f-b8d4-72c89c73fe78","MANIFEST_BOUND","hmail-perf-pair-service-20260901","06EFCBA9520D478A6DAC7ABB7F09F3B63D015A0CD5ECA1EB4D0FD2CC8C38F9FD","cpp","hmail_perf_pair_cpp_20260831_head3","C:\hmail-perf-pair-service-20260901\cpp\Data","B3DF9E8BBF4BEDB1102C94DF7C86356E1FEABCBC02A18E8EABEB1EA1453D09B8",,,"one TCP client and one sequential IMAP session per sample","0","PASS","45FA907CE0D3797C1E13EBB2F03F076A25656CCE27E801C18F745ACD3944FBBD","5136EEC556F9790732AE759EF52F77FE6172329EA55787A80300C4A824107E46","1","491","False","False","7078.349","Aktarma ba?lant?s?ndan veriler okunamad?: Ba?lan?lan uygun olarak belli bir s?re i?inde yan?t vermedi?inden veya kurulan
ba?lant? ba?lan?lan ana bilgisayar yan?t vermedi?inden bir ba?lant? kurulamad?.","False","0","False","False","0","False"
"d02f514d-e0e9-491f-b8d4-72c89c73fe78","MANIFEST_BOUND","hmail-perf-pair-service-20260901","06EFCBA9520D478A6DAC7ABB7F09F3B63D015A0CD5ECA1EB4D0FD2CC8C38F9FD","cpp","hmail_perf_pair_cpp_20260831_head3","C:\hmail-perf-pair-service-20260901\cpp\Data","B3DF9E8BBF4BEDB1102C94DF7C86356E1FEABCBC02A18E8EABEB1EA1453D09B8",,,"one TCP client and one sequential IMAP session per sample","0","PASS","45FA907CE0D3797C1E13EBB2F03F076A25656CCE27E801C18F745ACD3944FBBD","5136EEC556F9790732AE759EF52F77FE6172329EA55787A80300C4A824107E46","1","492","False","False","7075.389","Aktarma ba?lant?s?ndan veriler okunamad?: Ba?lan?lan uygun olarak belli bir s?re i?inde yan?t vermedi?inden veya kurulan
ba?lant? ba?lan?lan ana bilgisayar yan?t vermedi?inden bir ba?lant? kurulamad?.","False","0","False","False","0","False"
"d02f514d-e0e9-491f-b8d4-72c89c73fe78","MANIFEST_BOUND","hmail-perf-pair-service-20260901","06EFCBA9520D478A6DAC7ABB7F09F3B63D015A0CD5ECA1EB4D0FD2CC8C38F9FD","cpp","hmail_perf_pair_cpp_20260831_head3","C:\hmail-perf-pair-service-20260901\cpp\Data","B3DF9E8BBF4BEDB1102C94DF7C86356E1FEABCBC02A18E8EABEB1EA1453D09B8",,,"one TCP client and one sequential IMAP session per sample","0","PASS","45FA907CE0D3797C1E13EBB2F03F076A25656CCE27E801C18F745ACD3944FBBD","5136EEC556F9790732AE759EF52F77FE6172329EA55787A80300C4A824107E46","1","493","False","False","7079.771","Aktarma ba?lant?s?ndan veriler okunamad?: Ba?lan?lan uygun olarak belli bir s?re i?inde yan?t vermedi?inden veya kurulan
ba?lant? ba?lan?lan ana bilgisayar yan?t vermedi?inden bir ba?lant? kurulamad?.","False","0","False","False","0","False"
"d02f514d-e0e9-491f-b8d4-72c89c73fe78","MANIFEST_BOUND","hmail-perf-pair-service-20260901","06EFCBA9520D478A6DAC7ABB7F09F3B63D015A0CD5ECA1EB4D0FD2CC8C38F9FD","cpp","hmail_perf_pair_cpp_20260831_head3","C:\hmail-perf-pair-service-20260901\cpp\Data","B3DF9E8BBF4BEDB1102C94DF7C86356E1FEABCBC02A18E8EABEB1EA1453D09B8",,,"one TCP client and one sequential IMAP session per sample","0","PASS","45FA907CE0D3797C1E13EBB2F03F076A25656CCE27E801C18F745ACD3944FBBD","5136EEC556F9790732AE759EF52F77FE6172329EA55787A80300C4A824107E46","1","494","False","False","7073.627","Aktarma ba?lant?s?ndan veriler okunamad?: Ba?lan?lan uygun olarak belli bir s?re i?inde yan?t vermedi?inden veya kurulan
ba?lant? ba?lan?lan ana bilgisayar yan?t vermedi?inden bir ba?lant? kurulamad?.","False","0","False","False","0","False"
"d02f514d-e0e9-491f-b8d4-72c89c73fe78","MANIFEST_BOUND","hmail-perf-pair-service-20260901","06EFCBA9520D478A6DAC7ABB7F09F3B63D015A0CD5ECA1EB4D0FD2CC8C38F9FD","cpp","hmail_perf_pair_cpp_20260831_head3","C:\hmail-perf-pair-service-20260901\cpp\Data","B3DF9E8BBF4BEDB1102C94DF7C86356E1FEABCBC02A18E8EABEB1EA1453D09B8",,,"one TCP client and one sequential IMAP session per sample","0","PASS","45FA907CE0D3797C1E13EBB2F03F076A25656CCE27E801C18F745ACD3944FBBD","5136EEC556F9790732AE759EF52F77FE6172329EA55787A80300C4A824107E46","1","495","False","False","2058.16","Hedef makine etkin olarak reddetti?inden ba?lant? kurulamad? 127.0.0.1:1143","False","0","False","False","0","False"
"d02f514d-e0e9-491f-b8d4-72c89c73fe78","MANIFEST_BOUND","hmail-perf-pair-service-20260901","06EFCBA9520D478A6DAC7ABB7F09F3B63D015A0CD5ECA1EB4D0FD2CC8C38F9FD","cpp","hmail_perf_pair_cpp_20260831_head3","C:\hmail-perf-pair-service-20260901\cpp\Data","B3DF9E8BBF4BEDB1102C94DF7C86356E1FEABCBC02A18E8EABEB1EA1453D09B8",,,"one TCP client and one sequential IMAP session per sample","0","PASS","45FA907CE0D3797C1E13EBB2F03F076A25656CCE27E801C18F745ACD3944FBBD","5136EEC556F9790732AE759EF52F77FE6172329EA55787A80300C4A824107E46","1","496","False","False","7069.773","Aktarma ba?lant?s?ndan veriler okunamad?: Ba?lan?lan uygun olarak belli bir s?re i?inde yan?t vermedi?inden veya kurulan
ba?lant? ba?lan?lan ana bilgisayar yan?t vermedi?inden bir ba?lant? kurulamad?.","False","0","False","False","0","False"
"d02f514d-e0e9-491f-b8d4-72c89c73fe78","MANIFEST_BOUND","hmail-perf-pair-service-20260901","06EFCBA9520D478A6DAC7ABB7F09F3B63D015A0CD5ECA1EB4D0FD2CC8C38F9FD","cpp","hmail_perf_pair_cpp_20260831_head3","C:\hmail-perf-pair-service-20260901\cpp\Data","B3DF9E8BBF4BEDB1102C94DF7C86356E1FEABCBC02A18E8EABEB1EA1453D09B8",,,"one TCP client and one sequential IMAP session per sample","0","PASS","45FA907CE0D3797C1E13EBB2F03F076A25656CCE27E801C18F745ACD3944FBBD","5136EEC556F9790732AE759EF52F77FE6172329EA55787A80300C4A824107E46","1","497","False","False","7074.345","Aktarma ba?lant?s?ndan veriler okunamad?: Ba?lan?lan uygun olarak belli bir s?re i?inde yan?t vermedi?inden veya kurulan
ba?lant? ba?lan?lan ana bilgisayar yan?t vermedi?inden bir ba?lant? kurulamad?.","False","0","False","False","0","False"
"d02f514d-e0e9-491f-b8d4-72c89c73fe78","MANIFEST_BOUND","hmail-perf-pair-service-20260901","06EFCBA9520D478A6DAC7ABB7F09F3B63D015A0CD5ECA1EB4D0FD2CC8C38F9FD","cpp","hmail_perf_pair_cpp_20260831_head3","C:\hmail-perf-pair-service-20260901\cpp\Data","B3DF9E8BBF4BEDB1102C94DF7C86356E1FEABCBC02A18E8EABEB1EA1453D09B8",,,"one TCP client and one sequential IMAP session per sample","0","PASS","45FA907CE0D3797C1E13EBB2F03F076A25656CCE27E801C18F745ACD3944FBBD","5136EEC556F9790732AE759EF52F77FE6172329EA55787A80300C4A824107E46","1","498","False","False","2065.693","Hedef makine etkin olarak reddetti?inden ba?lant? kurulamad? 127.0.0.1:1143","False","0","False","False","0","False"
"d02f514d-e0e9-491f-b8d4-72c89c73fe78","MANIFEST_BOUND","hmail-perf-pair-service-20260901","06EFCBA9520D478A6DAC7ABB7F09F3B63D015A0CD5ECA1EB4D0FD2CC8C38F9FD","cpp","hmail_perf_pair_cpp_20260831_head3","C:\hmail-perf-pair-service-20260901\cpp\Data","B3DF9E8BBF4BEDB1102C94DF7C86356E1FEABCBC02A18E8EABEB1EA1453D09B8",,,"one TCP client and one sequential IMAP session per sample","0","PASS","45FA907CE0D3797C1E13EBB2F03F076A25656CCE27E801C18F745ACD3944FBBD","5136EEC556F9790732AE759EF52F77FE6172329EA55787A80300C4A824107E46","1","499","False","False","7076.48","Aktarma ba?lant?s?ndan veriler okunamad?: Ba?lan?lan uygun olarak belli bir s?re i?inde yan?t vermedi?inden veya kurulan
ba?lant? ba?lan?lan ana bilgisayar yan?t vermedi?inden bir ba?lant? kurulamad?.","False","0","False","False","0","False"
"d02f514d-e0e9-491f-b8d4-72c89c73fe78","MANIFEST_BOUND","hmail-perf-pair-service-20260901","06EFCBA9520D478A6DAC7ABB7F09F3B63D015A0CD5ECA1EB4D0FD2CC8C38F9FD","cpp","hmail_perf_pair_cpp_20260831_head3","C:\hmail-perf-pair-service-20260901\cpp\Data","B3DF9E8BBF4BEDB1102C94DF7C86356E1FEABCBC02A18E8EABEB1EA1453D09B8",,,"one TCP client and one sequential IMAP session per sample","0","PASS","45FA907CE0D3797C1E13EBB2F03F076A25656CCE27E801C18F745ACD3944FBBD","5136EEC556F9790732AE759EF52F77FE6172329EA55787A80300C4A824107E46","1","500","False","False","7074.192","Aktarma ba?lant?s?ndan veriler okunamad?: Ba?lan?lan uygun olarak belli bir s?re i?inde yan?t vermedi?inden veya kurulan
ba?lant? ba?lan?lan ana bilgisayar yan?t vermedi?inden bir ba?lant? kurulamad?.","False","0","False","False","0","False"
"d02f514d-e0e9-491f-b8d4-72c89c73fe78","MANIFEST_BOUND","hmail-perf-pair-service-20260901","06EFCBA9520D478A6DAC7ABB7F09F3B63D015A0CD5ECA1EB4D0FD2CC8C38F9FD","cpp","hmail_perf_pair_cpp_20260831_head3","C:\hmail-perf-pair-service-20260901\cpp\Data","B3DF9E8BBF4BEDB1102C94DF7C86356E1FEABCBC02A18E8EABEB1EA1453D09B8",,,"one TCP client and one sequential IMAP session per sample","0","PASS","45FA907CE0D3797C1E13EBB2F03F076A25656CCE27E801C18F745ACD3944FBBD","5136EEC556F9790732AE759EF52F77FE6172329EA55787A80300C4A824107E46","1","501","False","False","7075.824","Aktarma ba?lant?s?ndan veriler okunamad?: Ba?lan?lan uygun olarak belli bir s?re i?inde yan?t vermedi?inden veya kurulan
ba?lant? ba?lan?lan ana bilgisayar yan?t vermedi?inden bir ba?lant? kurulamad?.","False","0","False","False","0","False"
"d02f514d-e0e9-491f-b8d4-72c89c73fe78","MANIFEST_BOUND","hmail-perf-pair-service-20260901","06EFCBA9520D478A6DAC7ABB7F09F3B63D015A0CD5ECA1EB4D0FD2CC8C38F9FD","cpp","hmail_perf_pair_cpp_20260831_head3","C:\hmail-perf-pair-service-20260901\cpp\Data","B3DF9E8BBF4BEDB1102C94DF7C86356E1FEABCBC02A18E8EABEB1EA1453D09B8",,,"one TCP client and one sequential IMAP session per sample","0","PASS","45FA907CE0D3797C1E13EBB2F03F076A25656CCE27E801C18F745ACD3944FBBD","5136EEC556F9790732AE759EF52F77FE6172329EA55787A80300C4A824107E46","1","502","False","False","2065.796","Hedef makine etkin olarak reddetti?inden ba?lant? kurulamad? 127.0.0.1:1143","False","0","False","False","0","False"
"d02f514d-e0e9-491f-b8d4-72c89c73fe78","MANIFEST_BOUND","hmail-perf-pair-service-20260901","06EFCBA9520D478A6DAC7ABB7F09F3B63D015A0CD5ECA1EB4D0FD2CC8C38F9FD","cpp","hmail_perf_pair_cpp_20260831_head3","C:\hmail-perf-pair-service-20260901\cpp\Data","B3DF9E8BBF4BEDB1102C94DF7C86356E1FEABCBC02A18E8EABEB1EA1453D09B8",,,"one TCP client and one sequential IMAP session per sample","0","PASS","45FA907CE0D3797C1E13EBB2F03F076A25656CCE27E801C18F745ACD3944FBBD","5136EEC556F9790732AE759EF52F77FE6172329EA55787A80300C4A824107E46","1","503","False","False","7078.44","Aktarma ba?lant?s?ndan veriler okunamad?: Ba?lan?lan uygun olarak belli bir s?re i?inde yan?t vermedi?inden veya kurulan
ba?lant? ba?lan?lan ana bilgisayar yan?t vermedi?inden bir ba?lant? kurulamad?.","False","0","False","False","0","False"
"d02f514d-e0e9-491f-b8d4-72c89c73fe78","MANIFEST_BOUND","hmail-perf-pair-service-20260901","06EFCBA9520D478A6DAC7ABB7F09F3B63D015A0CD5ECA1EB4D0FD2CC8C38F9FD","cpp","hmail_perf_pair_cpp_20260831_head3","C:\hmail-perf-pair-service-20260901\cpp\Data","B3DF9E8BBF4BEDB1102C94DF7C86356E1FEABCBC02A18E8EABEB1EA1453D09B8",,,"one TCP client and one sequential IMAP session per sample","0","PASS","45FA907CE0D3797C1E13EBB2F03F076A25656CCE27E801C18F745ACD3944FBBD","5136EEC556F9790732AE759EF52F77FE6172329EA55787A80300C4A824107E46","1","504","False","False","7069.732","Aktarma ba?lant?s?ndan veriler okunamad?: Ba?lan?lan uygun olarak belli bir s?re i?inde yan?t vermedi?inden veya kurulan
ba?lant? ba?lan?lan ana bilgisayar yan?t vermedi?inden bir ba?lant? kurulamad?.","False","0","False","False","0","False"
"d02f514d-e0e9-491f-b8d4-72c89c73fe78","MANIFEST_BOUND","hmail-perf-pair-service-20260901","06EFCBA9520D478A6DAC7ABB7F09F3B63D015A0CD5ECA1EB4D0FD2CC8C38F9FD","cpp","hmail_perf_pair_cpp_20260831_head3","C:\hmail-perf-pair-service-20260901\cpp\Data","B3DF9E8BBF4BEDB1102C94DF7C86356E1FEABCBC02A18E8EABEB1EA1453D09B8",,,"one TCP client and one sequential IMAP session per sample","0","PASS","45FA907CE0D3797C1E13EBB2F03F076A25656CCE27E801C18F745ACD3944FBBD","5136EEC556F9790732AE759EF52F77FE6172329EA55787A80300C4A824107E46","1","505","False","False","7077.883","Aktarma ba?lant?s?ndan veriler okunamad?: Ba?lan?lan uygun olarak belli bir s?re i?inde yan?t vermedi?inden veya kurulan
ba?lant? ba?lan?lan ana bilgisayar yan?t vermedi?inden bir ba?lant? kurulamad?.","False","0","False","False","0","False"
"d02f514d-e0e9-491f-b8d4-72c89c73fe78","MANIFEST_BOUND","hmail-perf-pair-service-20260901","06EFCBA9520D478A6DAC7ABB7F09F3B63D015A0CD5ECA1EB4D0FD2CC8C38F9FD","cpp","hmail_perf_pair_cpp_20260831_head3","C:\hmail-perf-pair-service-20260901\cpp\Data","B3DF9E8BBF4BEDB1102C94DF7C86356E1FEABCBC02A18E8EABEB1EA1453D09B8",,,"one TCP client and one sequential IMAP session per sample","0","PASS","45FA907CE0D3797C1E13EBB2F03F076A25656CCE27E801C18F745ACD3944FBBD","5136EEC556F9790732AE759EF52F77FE6172329EA55787A80300C4A824107E46","1","506","False","False","7080.893","Aktarma ba?lant?s?ndan veriler okunamad?: Ba?lan?lan uygun olarak belli bir s?re i?inde yan?t vermedi?inden veya kurulan
ba?lant? ba?lan?lan ana bilgisayar yan?t vermedi?inden bir ba?lant? kurulamad?.","False","0","False","False","0","False"
"d02f514d-e0e9-491f-b8d4-72c89c73fe78","MANIFEST_BOUND","hmail-perf-pair-service-20260901","06EFCBA9520D478A6DAC7ABB7F09F3B63D015A0CD5ECA1EB4D0FD2CC8C38F9FD","cpp","hmail_perf_pair_cpp_20260831_head3","C:\hmail-perf-pair-service-20260901\cpp\Data","B3DF9E8BBF4BEDB1102C94DF7C86356E1FEABCBC02A18E8EABEB1EA1453D09B8",,,"one TCP client and one sequential IMAP session per sample","0","PASS","45FA907CE0D3797C1E13EBB2F03F076A25656CCE27E801C18F745ACD3944FBBD","5136EEC556F9790732AE759EF52F77FE6172329EA55787A80300C4A824107E46","1","507","False","False","7078.358","Aktarma ba?lant?s?ndan veriler okunamad?: Ba?lan?lan uygun olarak belli bir s?re i?inde yan?t vermedi?inden veya kurulan
ba?lant? ba?lan?lan ana bilgisayar yan?t vermedi?inden bir ba?lant? kurulamad?.","False","0","False","False","0","False"
"d02f514d-e0e9-491f-b8d4-72c89c73fe78","MANIFEST_BOUND","hmail-perf-pair-service-20260901","06EFCBA9520D478A6DAC7ABB7F09F3B63D015A0CD5ECA1EB4D0FD2CC8C38F9FD","cpp","hmail_perf_pair_cpp_20260831_head3","C:\hmail-perf-pair-service-20260901\cpp\Data","B3DF9E8BBF4BEDB1102C94DF7C86356E1FEABCBC02A18E8EABEB1EA1453D09B8",,,"one TCP client and one sequential IMAP session per sample","0","PASS","45FA907CE0D3797C1E13EBB2F03F076A25656CCE27E801C18F745ACD3944FBBD","5136EEC556F9790732AE759EF52F77FE6172329EA55787A80300C4A824107E46","1","508","False","False","7075.488","Aktarma ba?lant?s?ndan veriler okunamad?: Ba?lan?lan uygun olarak belli bir s?re i?inde yan?t vermedi?inden veya kurulan
ba?lant? ba?lan?lan ana bilgisayar yan?t vermedi?inden bir ba?lant? kurulamad?.","False","0","False","False","0","False"
"d02f514d-e0e9-491f-b8d4-72c89c73fe78","MANIFEST_BOUND","hmail-perf-pair-service-20260901","06EFCBA9520D478A6DAC7ABB7F09F3B63D015A0CD5ECA1EB4D0FD2CC8C38F9FD","cpp","hmail_perf_pair_cpp_20260831_head3","C:\hmail-perf-pair-service-20260901\cpp\Data","B3DF9E8BBF4BEDB1102C94DF7C86356E1FEABCBC02A18E8EABEB1EA1453D09B8",,,"one TCP client and one sequential IMAP session per sample","0","PASS","45FA907CE0D3797C1E13EBB2F03F076A25656CCE27E801C18F745ACD3944FBBD","5136EEC556F9790732AE759EF52F77FE6172329EA55787A80300C4A824107E46","1","509","False","False","7075.474","Aktarma ba?lant?s?ndan veriler okunamad?: Ba?lan?lan uygun olarak belli bir s?re i?inde yan?t vermedi?inden veya kurulan
ba?lant? ba?lan?lan ana bilgisayar yan?t vermedi?inden bir ba?lant? kurulamad?.","False","0","False","False","0","False"
"d02f514d-e0e9-491f-b8d4-72c89c73fe78","MANIFEST_BOUND","hmail-perf-pair-service-20260901","06EFCBA9520D478A6DAC7ABB7F09F3B63D015A0CD5ECA1EB4D0FD2CC8C38F9FD","cpp","hmail_perf_pair_cpp_20260831_head3","C:\hmail-perf-pair-service-20260901\cpp\Data","B3DF9E8BBF4BEDB1102C94DF7C86356E1FEABCBC02A18E8EABEB1EA1453D09B8",,,"one TCP client and one sequential IMAP session per sample","0","PASS","45FA907CE0D3797C1E13EBB2F03F076A25656CCE27E801C18F745ACD3944FBBD","5136EEC556F9790732AE759EF52F77FE6172329EA55787A80300C4A824107E46","1","510","False","False","2065.418","Hedef makine etkin olarak reddetti?inden ba?lant? kurulamad? 127.0.0.1:1143","False","0","False","False","0","False"
"d02f514d-e0e9-491f-b8d4-72c89c73fe78","MANIFEST_BOUND","hmail-perf-pair-service-20260901","06EFCBA9520D478A6DAC7ABB7F09F3B63D015A0CD5ECA1EB4D0FD2CC8C38F9FD","cpp","hmail_perf_pair_cpp_20260831_head3","C:\hmail-perf-pair-service-20260901\cpp\Data","B3DF9E8BBF4BEDB1102C94DF7C86356E1FEABCBC02A18E8EABEB1EA1453D09B8",,,"one TCP client and one sequential IMAP session per sample","0","PASS","45FA907CE0D3797C1E13EBB2F03F076A25656CCE27E801C18F745ACD3944FBBD","5136EEC556F9790732AE759EF52F77FE6172329EA55787A80300C4A824107E46","1","511","False","False","2059.736","Hedef makine etkin olarak reddetti?inden ba?lant? kurulamad? 127.0.0.1:1143","False","0","False","False","0","False"
"d02f514d-e0e9-491f-b8d4-72c89c73fe78","MANIFEST_BOUND","hmail-perf-pair-service-20260901","06EFCBA9520D478A6DAC7ABB7F09F3B63D015A0CD5ECA1EB4D0FD2CC8C38F9FD","cpp","hmail_perf_pair_cpp_20260831_head3","C:\hmail-perf-pair-service-20260901\cpp\Data","B3DF9E8BBF4BEDB1102C94DF7C86356E1FEABCBC02A18E8EABEB1EA1453D09B8",,,"one TCP client and one sequential IMAP session per sample","0","PASS","45FA907CE0D3797C1E13EBB2F03F076A25656CCE27E801C18F745ACD3944FBBD","5136EEC556F9790732AE759EF52F77FE6172329EA55787A80300C4A824107E46","1","512","False","False","2056.919","Hedef makine etkin olarak reddetti?inden ba?lant? kurulamad? 127.0.0.1:1143","False","0","False","False","0","False"
"d02f514d-e0e9-491f-b8d4-72c89c73fe78","MANIFEST_BOUND","hmail-perf-pair-service-20260901","06EFCBA9520D478A6DAC7ABB7F09F3B63D015A0CD5ECA1EB4D0FD2CC8C38F9FD","cpp","hmail_perf_pair_cpp_20260831_head3","C:\hmail-perf-pair-service-20260901\cpp\Data","B3DF9E8BBF4BEDB1102C94DF7C86356E1FEABCBC02A18E8EABEB1EA1453D09B8",,,"one TCP client and one sequential IMAP session per sample","0","PASS","45FA907CE0D3797C1E13EBB2F03F076A25656CCE27E801C18F745ACD3944FBBD","5136EEC556F9790732AE759EF52F77FE6172329EA55787A80300C4A824107E46","1","513","False","False","7078.248","Aktarma ba?lant?s?ndan veriler okunamad?: Ba?lan?lan uygun olarak belli bir s?re i?inde yan?t vermedi?inden veya kurulan
ba?lant? ba?lan?lan ana bilgisayar yan?t vermedi?inden bir ba?lant? kurulamad?.","False","0","False","False","0","False"
"d02f514d-e0e9-491f-b8d4-72c89c73fe78","MANIFEST_BOUND","hmail-perf-pair-service-20260901","06EFCBA9520D478A6DAC7ABB7F09F3B63D015A0CD5ECA1EB4D0FD2CC8C38F9FD","cpp","hmail_perf_pair_cpp_20260831_head3","C:\hmail-perf-pair-service-20260901\cpp\Data","B3DF9E8BBF4BEDB1102C94DF7C86356E1FEABCBC02A18E8EABEB1EA1453D09B8",,,"one TCP client and one sequential IMAP session per sample","0","PASS","45FA907CE0D3797C1E13EBB2F03F076A25656CCE27E801C18F745ACD3944FBBD","5136EEC556F9790732AE759EF52F77FE6172329EA55787A80300C4A824107E46","1","514","False","False","2058.468","Hedef makine etkin olarak reddetti?inden ba?lant? kurulamad? 127.0.0.1:1143","False","0","False","False","0","False"
"d02f514d-e0e9-491f-b8d4-72c89c73fe78","MANIFEST_BOUND","hmail-perf-pair-service-20260901","06EFCBA9520D478A6DAC7ABB7F09F3B63D015A0CD5ECA1EB4D0FD2CC8C38F9FD","cpp","hmail_perf_pair_cpp_20260831_head3","C:\hmail-perf-pair-service-20260901\cpp\Data","B3DF9E8BBF4BEDB1102C94DF7C86356E1FEABCBC02A18E8EABEB1EA1453D09B8",,,"one TCP client and one sequential IMAP session per sample","0","PASS","45FA907CE0D3797C1E13EBB2F03F076A25656CCE27E801C18F745ACD3944FBBD","5136EEC556F9790732AE759EF52F77FE6172329EA55787A80300C4A824107E46","1","515","False","False","7078.551","Aktarma ba?lant?s?ndan veriler okunamad?: Ba?lan?lan uygun olarak belli bir s?re i?inde yan?t vermedi?inden veya kurulan
ba?lant? ba?lan?lan ana bilgisayar yan?t vermedi?inden bir ba?lant? kurulamad?.","False","0","False","False","0","False"
"d02f514d-e0e9-491f-b8d4-72c89c73fe78","MANIFEST_BOUND","hmail-perf-pair-service-20260901","06EFCBA9520D478A6DAC7ABB7F09F3B63D015A0CD5ECA1EB4D0FD2CC8C38F9FD","cpp","hmail_perf_pair_cpp_20260831_head3","C:\hmail-perf-pair-service-20260901\cpp\Data","B3DF9E8BBF4BEDB1102C94DF7C86356E1FEABCBC02A18E8EABEB1EA1453D09B8",,,"one TCP client and one sequential IMAP session per sample","0","PASS","45FA907CE0D3797C1E13EBB2F03F076A25656CCE27E801C18F745ACD3944FBBD","5136EEC556F9790732AE759EF52F77FE6172329EA55787A80300C4A824107E46","1","516","False","False","7079.609","Aktarma ba?lant?s?ndan veriler okunamad?: Ba?lan?lan uygun olarak belli bir s?re i?inde yan?t vermedi?inden veya kurulan
ba?lant? ba?lan?lan ana bilgisayar yan?t vermedi?inden bir ba?lant? kurulamad?.","False","0","False","False","0","False"
"d02f514d-e0e9-491f-b8d4-72c89c73fe78","MANIFEST_BOUND","hmail-perf-pair-service-20260901","06EFCBA9520D478A6DAC7ABB7F09F3B63D015A0CD5ECA1EB4D0FD2CC8C38F9FD","cpp","hmail_perf_pair_cpp_20260831_head3","C:\hmail-perf-pair-service-20260901\cpp\Data","B3DF9E8BBF4BEDB1102C94DF7C86356E1FEABCBC02A18E8EABEB1EA1453D09B8",,,"one TCP client and one sequential IMAP session per sample","0","PASS","45FA907CE0D3797C1E13EBB2F03F076A25656CCE27E801C18F745ACD3944FBBD","5136EEC556F9790732AE759EF52F77FE6172329EA55787A80300C4A824107E46","1","517","False","False","7074.512","Aktarma ba?lant?s?ndan veriler okunamad?: Ba?lan?lan uygun olarak belli bir s?re i?inde yan?t vermedi?inden veya kurulan
ba?lant? ba?lan?lan ana bilgisayar yan?t vermedi?inden bir ba?lant? kurulamad?.","False","0","False","False","0","False"
"d02f514d-e0e9-491f-b8d4-72c89c73fe78","MANIFEST_BOUND","hmail-perf-pair-service-20260901","06EFCBA9520D478A6DAC7ABB7F09F3B63D015A0CD5ECA1EB4D0FD2CC8C38F9FD","cpp","hmail_perf_pair_cpp_20260831_head3","C:\hmail-perf-pair-service-20260901\cpp\Data","B3DF9E8BBF4BEDB1102C94DF7C86356E1FEABCBC02A18E8EABEB1EA1453D09B8",,,"one TCP client and one sequential IMAP session per sample","0","PASS","45FA907CE0D3797C1E13EBB2F03F076A25656CCE27E801C18F745ACD3944FBBD","5136EEC556F9790732AE759EF52F77FE6172329EA55787A80300C4A824107E46","1","518","False","False","2065.583","Hedef makine etkin olarak reddetti?inden ba?lant? kurulamad? 127.0.0.1:1143","False","0","False","False","0","False"
"d02f514d-e0e9-491f-b8d4-72c89c73fe78","MANIFEST_BOUND","hmail-perf-pair-service-20260901","06EFCBA9520D478A6DAC7ABB7F09F3B63D015A0CD5ECA1EB4D0FD2CC8C38F9FD","cpp","hmail_perf_pair_cpp_20260831_head3","C:\hmail-perf-pair-service-20260901\cpp\Data","B3DF9E8BBF4BEDB1102C94DF7C86356E1FEABCBC02A18E8EABEB1EA1453D09B8",,,"one TCP client and one sequential IMAP session per sample","0","PASS","45FA907CE0D3797C1E13EBB2F03F076A25656CCE27E801C18F745ACD3944FBBD","5136EEC556F9790732AE759EF52F77FE6172329EA55787A80300C4A824107E46","1","519","False","False","7080.72","Aktarma ba?lant?s?ndan veriler okunamad?: Ba?lan?lan uygun olarak belli bir s?re i?inde yan?t vermedi?inden veya kurulan
ba?lant? ba?lan?lan ana bilgisayar yan?t vermedi?inden bir ba?lant? kurulamad?.","False","0","False","False","0","False"
"d02f514d-e0e9-491f-b8d4-72c89c73fe78","MANIFEST_BOUND","hmail-perf-pair-service-20260901","06EFCBA9520D478A6DAC7ABB7F09F3B63D015A0CD5ECA1EB4D0FD2CC8C38F9FD","cpp","hmail_perf_pair_cpp_20260831_head3","C:\hmail-perf-pair-service-20260901\cpp\Data","B3DF9E8BBF4BEDB1102C94DF7C86356E1FEABCBC02A18E8EABEB1EA1453D09B8",,,"one TCP client and one sequential IMAP session per sample","0","PASS","45FA907CE0D3797C1E13EBB2F03F076A25656CCE27E801C18F745ACD3944FBBD","5136EEC556F9790732AE759EF52F77FE6172329EA55787A80300C4A824107E46","1","520","False","False","7077.782","Aktarma ba?lant?s?ndan veriler okunamad?: Ba?lan?lan uygun olarak belli bir s?re i?inde yan?t vermedi?inden veya kurulan
ba?lant? ba?lan?lan ana bilgisayar yan?t vermedi?inden bir ba?lant? kurulamad?.","False","0","False","False","0","False"
"d02f514d-e0e9-491f-b8d4-72c89c73fe78","MANIFEST_BOUND","hmail-perf-pair-service-20260901","06EFCBA9520D478A6DAC7ABB7F09F3B63D015A0CD5ECA1EB4D0FD2CC8C38F9FD","cpp","hmail_perf_pair_cpp_20260831_head3","C:\hmail-perf-pair-service-20260901\cpp\Data","B3DF9E8BBF4BEDB1102C94DF7C86356E1FEABCBC02A18E8EABEB1EA1453D09B8",,,"one TCP client and one sequential IMAP session per sample","0","PASS","45FA907CE0D3797C1E13EBB2F03F076A25656CCE27E801C18F745ACD3944FBBD","5136EEC556F9790732AE759EF52F77FE6172329EA55787A80300C4A824107E46","1","521","False","False","7078.545","Aktarma ba?lant?s?ndan veriler okunamad?: Ba?lan?lan uygun olarak belli bir s?re i?inde yan?t vermedi?inden veya kurulan
ba?lant? ba?lan?lan ana bilgisayar yan?t vermedi?inden bir ba?lant? kurulamad?.","False","0","False","False","0","False"
"d02f514d-e0e9-491f-b8d4-72c89c73fe78","MANIFEST_BOUND","hmail-perf-pair-service-20260901","06EFCBA9520D478A6DAC7ABB7F09F3B63D015A0CD5ECA1EB4D0FD2CC8C38F9FD","cpp","hmail_perf_pair_cpp_20260831_head3","C:\hmail-perf-pair-service-20260901\cpp\Data","B3DF9E8BBF4BEDB1102C94DF7C86356E1FEABCBC02A18E8EABEB1EA1453D09B8",,,"one TCP client and one sequential IMAP session per sample","0","PASS","45FA907CE0D3797C1E13EBB2F03F076A25656CCE27E801C18F745ACD3944FBBD","5136EEC556F9790732AE759EF52F77FE6172329EA55787A80300C4A824107E46","1","522","False","False","7075.899","Aktarma ba?lant?s?ndan veriler okunamad?: Ba?lan?lan uygun olarak belli bir s?re i?inde yan?t vermedi?inden veya kurulan
ba?lant? ba?lan?lan ana bilgisayar yan?t vermedi?inden bir ba?lant? kurulamad?.","False","0","False","False","0","False"
"d02f514d-e0e9-491f-b8d4-72c89c73fe78","MANIFEST_BOUND","hmail-perf-pair-service-20260901","06EFCBA9520D478A6DAC7ABB7F09F3B63D015A0CD5ECA1EB4D0FD2CC8C38F9FD","cpp","hmail_perf_pair_cpp_20260831_head3","C:\hmail-perf-pair-service-20260901\cpp\Data","B3DF9E8BBF4BEDB1102C94DF7C86356E1FEABCBC02A18E8EABEB1EA1453D09B8",,,"one TCP client and one sequential IMAP session per sample","0","PASS","45FA907CE0D3797C1E13EBB2F03F076A25656CCE27E801C18F745ACD3944FBBD","5136EEC556F9790732AE759EF52F77FE6172329EA55787A80300C4A824107E46","1","523","False","False","7077.951","Aktarma ba?lant?s?ndan veriler okunamad?: Ba?lan?lan uygun olarak belli bir s?re i?inde yan?t vermedi?inden veya kurulan
ba?lant? ba?lan?lan ana bilgisayar yan?t vermedi?inden bir ba?lant? kurulamad?.","False","0","False","False","0","False"
"d02f514d-e0e9-491f-b8d4-72c89c73fe78","MANIFEST_BOUND","hmail-perf-pair-service-20260901","06EFCBA9520D478A6DAC7ABB7F09F3B63D015A0CD5ECA1EB4D0FD2CC8C38F9FD","cpp","hmail_perf_pair_cpp_20260831_head3","C:\hmail-perf-pair-service-20260901\cpp\Data","B3DF9E8BBF4BEDB1102C94DF7C86356E1FEABCBC02A18E8EABEB1EA1453D09B8",,,"one TCP client and one sequential IMAP session per sample","0","PASS","45FA907CE0D3797C1E13EBB2F03F076A25656CCE27E801C18F745ACD3944FBBD","5136EEC556F9790732AE759EF52F77FE6172329EA55787A80300C4A824107E46","1","524","False","False","2059.203","Hedef makine etkin olarak reddetti?inden ba?lant? kurulamad? 127.0.0.1:1143","False","0","False","False","0","False"
"d02f514d-e0e9-491f-b8d4-72c89c73fe78","MANIFEST_BOUND","hmail-perf-pair-service-20260901","06EFCBA9520D478A6DAC7ABB7F09F3B63D015A0CD5ECA1EB4D0FD2CC8C38F9FD","cpp","hmail_perf_pair_cpp_20260831_head3","C:\hmail-perf-pair-service-20260901\cpp\Data","B3DF9E8BBF4BEDB1102C94DF7C86356E1FEABCBC02A18E8EABEB1EA1453D09B8",,,"one TCP client and one sequential IMAP session per sample","0","PASS","45FA907CE0D3797C1E13EBB2F03F076A25656CCE27E801C18F745ACD3944FBBD","5136EEC556F9790732AE759EF52F77FE6172329EA55787A80300C4A824107E46","1","525","False","False","2056.51","Hedef makine etkin olarak reddetti?inden ba?lant? kurulamad? 127.0.0.1:1143","False","0","False","False","0","False"
"d02f514d-e0e9-491f-b8d4-72c89c73fe78","MANIFEST_BOUND","hmail-perf-pair-service-20260901","06EFCBA9520D478A6DAC7ABB7F09F3B63D015A0CD5ECA1EB4D0FD2CC8C38F9FD","cpp","hmail_perf_pair_cpp_20260831_head3","C:\hmail-perf-pair-service-20260901\cpp\Data","B3DF9E8BBF4BEDB1102C94DF7C86356E1FEABCBC02A18E8EABEB1EA1453D09B8",,,"one TCP client and one sequential IMAP session per sample","0","PASS","45FA907CE0D3797C1E13EBB2F03F076A25656CCE27E801C18F745ACD3944FBBD","5136EEC556F9790732AE759EF52F77FE6172329EA55787A80300C4A824107E46","1","526","False","False","7072.007","Aktarma ba?lant?s?ndan veriler okunamad?: Ba?lan?lan uygun olarak belli bir s?re i?inde yan?t vermedi?inden veya kurulan
ba?lant? ba?lan?lan ana bilgisayar yan?t vermedi?inden bir ba?lant? kurulamad?.","False","0","False","False","0","False"
"d02f514d-e0e9-491f-b8d4-72c89c73fe78","MANIFEST_BOUND","hmail-perf-pair-service-20260901","06EFCBA9520D478A6DAC7ABB7F09F3B63D015A0CD5ECA1EB4D0FD2CC8C38F9FD","cpp","hmail_perf_pair_cpp_20260831_head3","C:\hmail-perf-pair-service-20260901\cpp\Data","B3DF9E8BBF4BEDB1102C94DF7C86356E1FEABCBC02A18E8EABEB1EA1453D09B8",,,"one TCP client and one sequential IMAP session per sample","0","PASS","45FA907CE0D3797C1E13EBB2F03F076A25656CCE27E801C18F745ACD3944FBBD","5136EEC556F9790732AE759EF52F77FE6172329EA55787A80300C4A824107E46","1","527","False","False","7078.452","Aktarma ba?lant?s?ndan veriler okunamad?: Ba?lan?lan uygun olarak belli bir s?re i?inde yan?t vermedi?inden veya kurulan
ba?lant? ba?lan?lan ana bilgisayar yan?t vermedi?inden bir ba?lant? kurulamad?.","False","0","False","False","0","False"
"d02f514d-e0e9-491f-b8d4-72c89c73fe78","MANIFEST_BOUND","hmail-perf-pair-service-20260901","06EFCBA9520D478A6DAC7ABB7F09F3B63D015A0CD5ECA1EB4D0FD2CC8C38F9FD","cpp","hmail_perf_pair_cpp_20260831_head3","C:\hmail-perf-pair-service-20260901\cpp\Data","B3DF9E8BBF4BEDB1102C94DF7C86356E1FEABCBC02A18E8EABEB1EA1453D09B8",,,"one TCP client and one sequential IMAP session per sample","0","PASS","45FA907CE0D3797C1E13EBB2F03F076A25656CCE27E801C18F745ACD3944FBBD","5136EEC556F9790732AE759EF52F77FE6172329EA55787A80300C4A824107E46","1","528","False","False","2056.024","Hedef makine etkin olarak reddetti?inden ba?lant? kurulamad? 127.0.0.1:1143","False","0","False","False","0","False"
"d02f514d-e0e9-491f-b8d4-72c89c73fe78","MANIFEST_BOUND","hmail-perf-pair-service-20260901","06EFCBA9520D478A6DAC7ABB7F09F3B63D015A0CD5ECA1EB4D0FD2CC8C38F9FD","cpp","hmail_perf_pair_cpp_20260831_head3","C:\hmail-perf-pair-service-20260901\cpp\Data","B3DF9E8BBF4BEDB1102C94DF7C86356E1FEABCBC02A18E8EABEB1EA1453D09B8",,,"one TCP client and one sequential IMAP session per sample","0","PASS","45FA907CE0D3797C1E13EBB2F03F076A25656CCE27E801C18F745ACD3944FBBD","5136EEC556F9790732AE759EF52F77FE6172329EA55787A80300C4A824107E46","1","529","False","False","2057.814","Hedef makine etkin olarak reddetti?inden ba?lant? kurulamad? 127.0.0.1:1143","False","0","False","False","0","False"
"d02f514d-e0e9-491f-b8d4-72c89c73fe78","MANIFEST_BOUND","hmail-perf-pair-service-20260901","06EFCBA9520D478A6DAC7ABB7F09F3B63D015A0CD5ECA1EB4D0FD2CC8C38F9FD","cpp","hmail_perf_pair_cpp_20260831_head3","C:\hmail-perf-pair-service-20260901\cpp\Data","B3DF9E8BBF4BEDB1102C94DF7C86356E1FEABCBC02A18E8EABEB1EA1453D09B8",,,"one TCP client and one sequential IMAP session per sample","0","PASS","45FA907CE0D3797C1E13EBB2F03F076A25656CCE27E801C18F745ACD3944FBBD","5136EEC556F9790732AE759EF52F77FE6172329EA55787A80300C4A824107E46","1","530","False","False","2065.233","Hedef makine etkin olarak reddetti?inden ba?lant? kurulamad? 127.0.0.1:1143","False","0","False","False","0","False"
"d02f514d-e0e9-491f-b8d4-72c89c73fe78","MANIFEST_BOUND","hmail-perf-pair-service-20260901","06EFCBA9520D478A6DAC7ABB7F09F3B63D015A0CD5ECA1EB4D0FD2CC8C38F9FD","cpp","hmail_perf_pair_cpp_20260831_head3","C:\hmail-perf-pair-service-20260901\cpp\Data","B3DF9E8BBF4BEDB1102C94DF7C86356E1FEABCBC02A18E8EABEB1EA1453D09B8",,,"one TCP client and one sequential IMAP session per sample","0","PASS","45FA907CE0D3797C1E13EBB2F03F076A25656CCE27E801C18F745ACD3944FBBD","5136EEC556F9790732AE759EF52F77FE6172329EA55787A80300C4A824107E46","1","531","False","False","2065.647","Hedef makine etkin olarak reddetti?inden ba?lant? kurulamad? 127.0.0.1:1143","False","0","False","False","0","False"
"d02f514d-e0e9-491f-b8d4-72c89c73fe78","MANIFEST_BOUND","hmail-perf-pair-service-20260901","06EFCBA9520D478A6DAC7ABB7F09F3B63D015A0CD5ECA1EB4D0FD2CC8C38F9FD","cpp","hmail_perf_pair_cpp_20260831_head3","C:\hmail-perf-pair-service-20260901\cpp\Data","B3DF9E8BBF4BEDB1102C94DF7C86356E1FEABCBC02A18E8EABEB1EA1453D09B8",,,"one TCP client and one sequential IMAP session per sample","0","PASS","45FA907CE0D3797C1E13EBB2F03F076A25656CCE27E801C18F745ACD3944FBBD","5136EEC556F9790732AE759EF52F77FE6172329EA55787A80300C4A824107E46","1","532","False","False","7077.217","Aktarma ba?lant?s?ndan veriler okunamad?: Ba?lan?lan uygun olarak belli bir s?re i?inde yan?t vermedi?inden veya kurulan
ba?lant? ba?lan?lan ana bilgisayar yan?t vermedi?inden bir ba?lant? kurulamad?.","False","0","False","False","0","False"
"d02f514d-e0e9-491f-b8d4-72c89c73fe78","MANIFEST_BOUND","hmail-perf-pair-service-20260901","06EFCBA9520D478A6DAC7ABB7F09F3B63D015A0CD5ECA1EB4D0FD2CC8C38F9FD","cpp","hmail_perf_pair_cpp_20260831_head3","C:\hmail-perf-pair-service-20260901\cpp\Data","B3DF9E8BBF4BEDB1102C94DF7C86356E1FEABCBC02A18E8EABEB1EA1453D09B8",,,"one TCP client and one sequential IMAP session per sample","0","PASS","45FA907CE0D3797C1E13EBB2F03F076A25656CCE27E801C18F745ACD3944FBBD","5136EEC556F9790732AE759EF52F77FE6172329EA55787A80300C4A824107E46","1","533","False","False","2057.371","Hedef makine etkin olarak reddetti?inden ba?lant? kurulamad? 127.0.0.1:1143","False","0","False","False","0","False"
"d02f514d-e0e9-491f-b8d4-72c89c73fe78","MANIFEST_BOUND","hmail-perf-pair-service-20260901","06EFCBA9520D478A6DAC7ABB7F09F3B63D015A0CD5ECA1EB4D0FD2CC8C38F9FD","cpp","hmail_perf_pair_cpp_20260831_head3","C:\hmail-perf-pair-service-20260901\cpp\Data","B3DF9E8BBF4BEDB1102C94DF7C86356E1FEABCBC02A18E8EABEB1EA1453D09B8",,,"one TCP client and one sequential IMAP session per sample","0","PASS","45FA907CE0D3797C1E13EBB2F03F076A25656CCE27E801C18F745ACD3944FBBD","5136EEC556F9790732AE759EF52F77FE6172329EA55787A80300C4A824107E46","1","534","False","False","2059.926","Hedef makine etkin olarak reddetti?inden ba?lant? kurulamad? 127.0.0.1:1143","False","0","False","False","0","False"
"d02f514d-e0e9-491f-b8d4-72c89c73fe78","MANIFEST_BOUND","hmail-perf-pair-service-20260901","06EFCBA9520D478A6DAC7ABB7F09F3B63D015A0CD5ECA1EB4D0FD2CC8C38F9FD","cpp","hmail_perf_pair_cpp_20260831_head3","C:\hmail-perf-pair-service-20260901\cpp\Data","B3DF9E8BBF4BEDB1102C94DF7C86356E1FEABCBC02A18E8EABEB1EA1453D09B8",,,"one TCP client and one sequential IMAP session per sample","0","PASS","45FA907CE0D3797C1E13EBB2F03F076A25656CCE27E801C18F745ACD3944FBBD","5136EEC556F9790732AE759EF52F77FE6172329EA55787A80300C4A824107E46","1","535","False","False","2065.329","Hedef makine etkin olarak reddetti?inden ba?lant? kurulamad? 127.0.0.1:1143","False","0","False","False","0","False"
"d02f514d-e0e9-491f-b8d4-72c89c73fe78","MANIFEST_BOUND","hmail-perf-pair-service-20260901","06EFCBA9520D478A6DAC7ABB7F09F3B63D015A0CD5ECA1EB4D0FD2CC8C38F9FD","cpp","hmail_perf_pair_cpp_20260831_head3","C:\hmail-perf-pair-service-20260901\cpp\Data","B3DF9E8BBF4BEDB1102C94DF7C86356E1FEABCBC02A18E8EABEB1EA1453D09B8",,,"one TCP client and one sequential IMAP session per sample","0","PASS","45FA907CE0D3797C1E13EBB2F03F076A25656CCE27E801C18F745ACD3944FBBD","5136EEC556F9790732AE759EF52F77FE6172329EA55787A80300C4A824107E46","1","536","False","False","7079.101","Aktarma ba?lant?s?ndan veriler okunamad?: Ba?lan?lan uygun olarak belli bir s?re i?inde yan?t vermedi?inden veya kurulan
ba?lant? ba?lan?lan ana bilgisayar yan?t vermedi?inden bir ba?lant? kurulamad?.","False","0","False","False","0","False"
"d02f514d-e0e9-491f-b8d4-72c89c73fe78","MANIFEST_BOUND","hmail-perf-pair-service-20260901","06EFCBA9520D478A6DAC7ABB7F09F3B63D015A0CD5ECA1EB4D0FD2CC8C38F9FD","cpp","hmail_perf_pair_cpp_20260831_head3","C:\hmail-perf-pair-service-20260901\cpp\Data","B3DF9E8BBF4BEDB1102C94DF7C86356E1FEABCBC02A18E8EABEB1EA1453D09B8",,,"one TCP client and one sequential IMAP session per sample","0","PASS","45FA907CE0D3797C1E13EBB2F03F076A25656CCE27E801C18F745ACD3944FBBD","5136EEC556F9790732AE759EF52F77FE6172329EA55787A80300C4A824107E46","1","537","False","False","2059.344","Hedef makine etkin olarak reddetti?inden ba?lant? kurulamad? 127.0.0.1:1143","False","0","False","False","0","False"
"d02f514d-e0e9-491f-b8d4-72c89c73fe78","MANIFEST_BOUND","hmail-perf-pair-service-20260901","06EFCBA9520D478A6DAC7ABB7F09F3B63D015A0CD5ECA1EB4D0FD2CC8C38F9FD","cpp","hmail_perf_pair_cpp_20260831_head3","C:\hmail-perf-pair-service-20260901\cpp\Data","B3DF9E8BBF4BEDB1102C94DF7C86356E1FEABCBC02A18E8EABEB1EA1453D09B8",,,"one TCP client and one sequential IMAP session per sample","0","PASS","45FA907CE0D3797C1E13EBB2F03F076A25656CCE27E801C18F745ACD3944FBBD","5136EEC556F9790732AE759EF52F77FE6172329EA55787A80300C4A824107E46","1","538","False","False","7077.855","Aktarma ba?lant?s?ndan veriler okunamad?: Ba?lan?lan uygun olarak belli bir s?re i?inde yan?t vermedi?inden veya kurulan
ba?lant? ba?lan?lan ana bilgisayar yan?t vermedi?inden bir ba?lant? kurulamad?.","False","0","False","False","0","False"
"d02f514d-e0e9-491f-b8d4-72c89c73fe78","MANIFEST_BOUND","hmail-perf-pair-service-20260901","06EFCBA9520D478A6DAC7ABB7F09F3B63D015A0CD5ECA1EB4D0FD2CC8C38F9FD","cpp","hmail_perf_pair_cpp_20260831_head3","C:\hmail-perf-pair-service-20260901\cpp\Data","B3DF9E8BBF4BEDB1102C94DF7C86356E1FEABCBC02A18E8EABEB1EA1453D09B8",,,"one TCP client and one sequential IMAP session per sample","0","PASS","45FA907CE0D3797C1E13EBB2F03F076A25656CCE27E801C18F745ACD3944FBBD","5136EEC556F9790732AE759EF52F77FE6172329EA55787A80300C4A824107E46","1","539","False","False","2057.091","Hedef makine etkin olarak reddetti?inden ba?lant? kurulamad? 127.0.0.1:1143","False","0","False","False","0","False"
"d02f514d-e0e9-491f-b8d4-72c89c73fe78","MANIFEST_BOUND","hmail-perf-pair-service-20260901","06EFCBA9520D478A6DAC7ABB7F09F3B63D015A0CD5ECA1EB4D0FD2CC8C38F9FD","cpp","hmail_perf_pair_cpp_20260831_head3","C:\hmail-perf-pair-service-20260901\cpp\Data","B3DF9E8BBF4BEDB1102C94DF7C86356E1FEABCBC02A18E8EABEB1EA1453D09B8",,,"one TCP client and one sequential IMAP session per sample","0","PASS","45FA907CE0D3797C1E13EBB2F03F076A25656CCE27E801C18F745ACD3944FBBD","5136EEC556F9790732AE759EF52F77FE6172329EA55787A80300C4A824107E46","1","540","False","False","7083.075","Aktarma ba?lant?s?ndan veriler okunamad?: Ba?lan?lan uygun olarak belli bir s?re i?inde yan?t vermedi?inden veya kurulan
ba?lant? ba?lan?lan ana bilgisayar yan?t vermedi?inden bir ba?lant? kurulamad?.","False","0","False","False","0","False"
"d02f514d-e0e9-491f-b8d4-72c89c73fe78","MANIFEST_BOUND","hmail-perf-pair-service-20260901","06EFCBA9520D478A6DAC7ABB7F09F3B63D015A0CD5ECA1EB4D0FD2CC8C38F9FD","cpp","hmail_perf_pair_cpp_20260831_head3","C:\hmail-perf-pair-service-20260901\cpp\Data","B3DF9E8BBF4BEDB1102C94DF7C86356E1FEABCBC02A18E8EABEB1EA1453D09B8",,,"one TCP client and one sequential IMAP session per sample","0","PASS","45FA907CE0D3797C1E13EBB2F03F076A25656CCE27E801C18F745ACD3944FBBD","5136EEC556F9790732AE759EF52F77FE6172329EA55787A80300C4A824107E46","1","541","False","False","2068.727","Hedef makine etkin olarak reddetti?inden ba?lant? kurulamad? 127.0.0.1:1143","False","0","False","False","0","False"
"d02f514d-e0e9-491f-b8d4-72c89c73fe78","MANIFEST_BOUND","hmail-perf-pair-service-20260901","06EFCBA9520D478A6DAC7ABB7F09F3B63D015A0CD5ECA1EB4D0FD2CC8C38F9FD","cpp","hmail_perf_pair_cpp_20260831_head3","C:\hmail-perf-pair-service-20260901\cpp\Data","B3DF9E8BBF4BEDB1102C94DF7C86356E1FEABCBC02A18E8EABEB1EA1453D09B8",,,"one TCP client and one sequential IMAP session per sample","0","PASS","45FA907CE0D3797C1E13EBB2F03F076A25656CCE27E801C18F745ACD3944FBBD","5136EEC556F9790732AE759EF52F77FE6172329EA55787A80300C4A824107E46","1","542","False","False","2064.158","Hedef makine etkin olarak reddetti?inden ba?lant? kurulamad? 127.0.0.1:1143","False","0","False","False","0","False"
"d02f514d-e0e9-491f-b8d4-72c89c73fe78","MANIFEST_BOUND","hmail-perf-pair-service-20260901","06EFCBA9520D478A6DAC7ABB7F09F3B63D015A0CD5ECA1EB4D0FD2CC8C38F9FD","cpp","hmail_perf_pair_cpp_20260831_head3","C:\hmail-perf-pair-service-20260901\cpp\Data","B3DF9E8BBF4BEDB1102C94DF7C86356E1FEABCBC02A18E8EABEB1EA1453D09B8",,,"one TCP client and one sequential IMAP session per sample","0","PASS","45FA907CE0D3797C1E13EBB2F03F076A25656CCE27E801C18F745ACD3944FBBD","5136EEC556F9790732AE759EF52F77FE6172329EA55787A80300C4A824107E46","1","543","False","False","7073.872","Aktarma ba?lant?s?ndan veriler okunamad?: Ba?lan?lan uygun olarak belli bir s?re i?inde yan?t vermedi?inden veya kurulan
ba?lant? ba?lan?lan ana bilgisayar yan?t vermedi?inden bir ba?lant? kurulamad?.","False","0","False","False","0","False"
"d02f514d-e0e9-491f-b8d4-72c89c73fe78","MANIFEST_BOUND","hmail-perf-pair-service-20260901","06EFCBA9520D478A6DAC7ABB7F09F3B63D015A0CD5ECA1EB4D0FD2CC8C38F9FD","cpp","hmail_perf_pair_cpp_20260831_head3","C:\hmail-perf-pair-service-20260901\cpp\Data","B3DF9E8BBF4BEDB1102C94DF7C86356E1FEABCBC02A18E8EABEB1EA1453D09B8",,,"one TCP client and one sequential IMAP session per sample","0","PASS","45FA907CE0D3797C1E13EBB2F03F076A25656CCE27E801C18F745ACD3944FBBD","5136EEC556F9790732AE759EF52F77FE6172329EA55787A80300C4A824107E46","1","544","False","False","2056.7","Hedef makine etkin olarak reddetti?inden ba?lant? kurulamad? 127.0.0.1:1143","False","0","False","False","0","False"
"d02f514d-e0e9-491f-b8d4-72c89c73fe78","MANIFEST_BOUND","hmail-perf-pair-service-20260901","06EFCBA9520D478A6DAC7ABB7F09F3B63D015A0CD5ECA1EB4D0FD2CC8C38F9FD","cpp","hmail_perf_pair_cpp_20260831_head3","C:\hmail-perf-pair-service-20260901\cpp\Data","B3DF9E8BBF4BEDB1102C94DF7C86356E1FEABCBC02A18E8EABEB1EA1453D09B8",,,"one TCP client and one sequential IMAP session per sample","0","PASS","45FA907CE0D3797C1E13EBB2F03F076A25656CCE27E801C18F745ACD3944FBBD","5136EEC556F9790732AE759EF52F77FE6172329EA55787A80300C4A824107E46","1","545","False","False","2058.401","Hedef makine etkin olarak reddetti?inden ba?lant? kurulamad? 127.0.0.1:1143","False","0","False","False","0","False"
"d02f514d-e0e9-491f-b8d4-72c89c73fe78","MANIFEST_BOUND","hmail-perf-pair-service-20260901","06EFCBA9520D478A6DAC7ABB7F09F3B63D015A0CD5ECA1EB4D0FD2CC8C38F9FD","cpp","hmail_perf_pair_cpp_20260831_head3","C:\hmail-perf-pair-service-20260901\cpp\Data","B3DF9E8BBF4BEDB1102C94DF7C86356E1FEABCBC02A18E8EABEB1EA1453D09B8",,,"one TCP client and one sequential IMAP session per sample","0","PASS","45FA907CE0D3797C1E13EBB2F03F076A25656CCE27E801C18F745ACD3944FBBD","5136EEC556F9790732AE759EF52F77FE6172329EA55787A80300C4A824107E46","1","546","False","False","2056.222","Hedef makine etkin olarak reddetti?inden ba?lant? kurulamad? 127.0.0.1:1143","False","0","False","False","0","False"
"d02f514d-e0e9-491f-b8d4-72c89c73fe78","MANIFEST_BOUND","hmail-perf-pair-service-20260901","06EFCBA9520D478A6DAC7ABB7F09F3B63D015A0CD5ECA1EB4D0FD2CC8C38F9FD","cpp","hmail_perf_pair_cpp_20260831_head3","C:\hmail-perf-pair-service-20260901\cpp\Data","B3DF9E8BBF4BEDB1102C94DF7C86356E1FEABCBC02A18E8EABEB1EA1453D09B8",,,"one TCP client and one sequential IMAP session per sample","0","PASS","45FA907CE0D3797C1E13EBB2F03F076A25656CCE27E801C18F745ACD3944FBBD","5136EEC556F9790732AE759EF52F77FE6172329EA55787A80300C4A824107E46","1","547","False","False","2055.622","Hedef makine etkin olarak reddetti?inden ba?lant? kurulamad? 127.0.0.1:1143","False","0","False","False","0","False"
"d02f514d-e0e9-491f-b8d4-72c89c73fe78","MANIFEST_BOUND","hmail-perf-pair-service-20260901","06EFCBA9520D478A6DAC7ABB7F09F3B63D015A0CD5ECA1EB4D0FD2CC8C38F9FD","cpp","hmail_perf_pair_cpp_20260831_head3","C:\hmail-perf-pair-service-20260901\cpp\Data","B3DF9E8BBF4BEDB1102C94DF7C86356E1FEABCBC02A18E8EABEB1EA1453D09B8",,,"one TCP client and one sequential IMAP session per sample","0","PASS","45FA907CE0D3797C1E13EBB2F03F076A25656CCE27E801C18F745ACD3944FBBD","5136EEC556F9790732AE759EF52F77FE6172329EA55787A80300C4A824107E46","1","548","False","False","2064.204","Hedef makine etkin olarak reddetti?inden ba?lant? kurulamad? 127.0.0.1:1143","False","0","False","False","0","False"
"d02f514d-e0e9-491f-b8d4-72c89c73fe78","MANIFEST_BOUND","hmail-perf-pair-service-20260901","06EFCBA9520D478A6DAC7ABB7F09F3B63D015A0CD5ECA1EB4D0FD2CC8C38F9FD","cpp","hmail_perf_pair_cpp_20260831_head3","C:\hmail-perf-pair-service-20260901\cpp\Data","B3DF9E8BBF4BEDB1102C94DF7C86356E1FEABCBC02A18E8EABEB1EA1453D09B8",,,"one TCP client and one sequential IMAP session per sample","0","PASS","45FA907CE0D3797C1E13EBB2F03F076A25656CCE27E801C18F745ACD3944FBBD","5136EEC556F9790732AE759EF52F77FE6172329EA55787A80300C4A824107E46","1","549","False","False","2064.94","Hedef makine etkin olarak reddetti?inden ba?lant? kurulamad? 127.0.0.1:1143","False","0","False","False","0","False"
"d02f514d-e0e9-491f-b8d4-72c89c73fe78","MANIFEST_BOUND","hmail-perf-pair-service-20260901","06EFCBA9520D478A6DAC7ABB7F09F3B63D015A0CD5ECA1EB4D0FD2CC8C38F9FD","cpp","hmail_perf_pair_cpp_20260831_head3","C:\hmail-perf-pair-service-20260901\cpp\Data","B3DF9E8BBF4BEDB1102C94DF7C86356E1FEABCBC02A18E8EABEB1EA1453D09B8",,,"one TCP client and one sequential IMAP session per sample","0","PASS","45FA907CE0D3797C1E13EBB2F03F076A25656CCE27E801C18F745ACD3944FBBD","5136EEC556F9790732AE759EF52F77FE6172329EA55787A80300C4A824107E46","1","550","False","False","2064.077","Hedef makine etkin olarak reddetti?inden ba?lant? kurulamad? 127.0.0.1:1143","False","0","False","False","0","False"
"d02f514d-e0e9-491f-b8d4-72c89c73fe78","MANIFEST_BOUND","hmail-perf-pair-service-20260901","06EFCBA9520D478A6DAC7ABB7F09F3B63D015A0CD5ECA1EB4D0FD2CC8C38F9FD","cpp","hmail_perf_pair_cpp_20260831_head3","C:\hmail-perf-pair-service-20260901\cpp\Data","B3DF9E8BBF4BEDB1102C94DF7C86356E1FEABCBC02A18E8EABEB1EA1453D09B8",,,"one TCP client and one sequential IMAP session per sample","0","PASS","45FA907CE0D3797C1E13EBB2F03F076A25656CCE27E801C18F745ACD3944FBBD","5136EEC556F9790732AE759EF52F77FE6172329EA55787A80300C4A824107E46","1","551","False","False","2072.265","Hedef makine etkin olarak reddetti?inden ba?lant? kurulamad? 127.0.0.1:1143","False","0","False","False","0","False"
"d02f514d-e0e9-491f-b8d4-72c89c73fe78","MANIFEST_BOUND","hmail-perf-pair-service-20260901","06EFCBA9520D478A6DAC7ABB7F09F3B63D015A0CD5ECA1EB4D0FD2CC8C38F9FD","cpp","hmail_perf_pair_cpp_20260831_head3","C:\hmail-perf-pair-service-20260901\cpp\Data","B3DF9E8BBF4BEDB1102C94DF7C86356E1FEABCBC02A18E8EABEB1EA1453D09B8",,,"one TCP client and one sequential IMAP session per sample","0","PASS","45FA907CE0D3797C1E13EBB2F03F076A25656CCE27E801C18F745ACD3944FBBD","5136EEC556F9790732AE759EF52F77FE6172329EA55787A80300C4A824107E46","1","552","False","False","2057.654","Hedef makine etkin olarak reddetti?inden ba?lant? kurulamad? 127.0.0.1:1143","False","0","False","False","0","False"
"d02f514d-e0e9-491f-b8d4-72c89c73fe78","MANIFEST_BOUND","hmail-perf-pair-service-20260901","06EFCBA9520D478A6DAC7ABB7F09F3B63D015A0CD5ECA1EB4D0FD2CC8C38F9FD","cpp","hmail_perf_pair_cpp_20260831_head3","C:\hmail-perf-pair-service-20260901\cpp\Data","B3DF9E8BBF4BEDB1102C94DF7C86356E1FEABCBC02A18E8EABEB1EA1453D09B8",,,"one TCP client and one sequential IMAP session per sample","0","PASS","45FA907CE0D3797C1E13EBB2F03F076A25656CCE27E801C18F745ACD3944FBBD","5136EEC556F9790732AE759EF52F77FE6172329EA55787A80300C4A824107E46","1","553","False","False","2055.992","Hedef makine etkin olarak reddetti?inden ba?lant? kurulamad? 127.0.0.1:1143","False","0","False","False","0","False"
"d02f514d-e0e9-491f-b8d4-72c89c73fe78","MANIFEST_BOUND","hmail-perf-pair-service-20260901","06EFCBA9520D478A6DAC7ABB7F09F3B63D015A0CD5ECA1EB4D0FD2CC8C38F9FD","cpp","hmail_perf_pair_cpp_20260831_head3","C:\hmail-perf-pair-service-20260901\cpp\Data","B3DF9E8BBF4BEDB1102C94DF7C86356E1FEABCBC02A18E8EABEB1EA1453D09B8",,,"one TCP client and one sequential IMAP session per sample","0","PASS","45FA907CE0D3797C1E13EBB2F03F076A25656CCE27E801C18F745ACD3944FBBD","5136EEC556F9790732AE759EF52F77FE6172329EA55787A80300C4A824107E46","1","554","False","False","2059.509","Hedef makine etkin olarak reddetti?inden ba?lant? kurulamad? 127.0.0.1:1143","False","0","False","False","0","False"
"d02f514d-e0e9-491f-b8d4-72c89c73fe78","MANIFEST_BOUND","hmail-perf-pair-service-20260901","06EFCBA9520D478A6DAC7ABB7F09F3B63D015A0CD5ECA1EB4D0FD2CC8C38F9FD","cpp","hmail_perf_pair_cpp_20260831_head3","C:\hmail-perf-pair-service-20260901\cpp\Data","B3DF9E8BBF4BEDB1102C94DF7C86356E1FEABCBC02A18E8EABEB1EA1453D09B8",,,"one TCP client and one sequential IMAP session per sample","0","PASS","45FA907CE0D3797C1E13EBB2F03F076A25656CCE27E801C18F745ACD3944FBBD","5136EEC556F9790732AE759EF52F77FE6172329EA55787A80300C4A824107E46","1","555","False","False","2057.685","Hedef makine etkin olarak reddetti?inden ba?lant? kurulamad? 127.0.0.1:1143","False","0","False","False","0","False"
"d02f514d-e0e9-491f-b8d4-72c89c73fe78","MANIFEST_BOUND","hmail-perf-pair-service-20260901","06EFCBA9520D478A6DAC7ABB7F09F3B63D015A0CD5ECA1EB4D0FD2CC8C38F9FD","cpp","hmail_perf_pair_cpp_20260831_head3","C:\hmail-perf-pair-service-20260901\cpp\Data","B3DF9E8BBF4BEDB1102C94DF7C86356E1FEABCBC02A18E8EABEB1EA1453D09B8",,,"one TCP client and one sequential IMAP session per sample","0","PASS","45FA907CE0D3797C1E13EBB2F03F076A25656CCE27E801C18F745ACD3944FBBD","5136EEC556F9790732AE759EF52F77FE6172329EA55787A80300C4A824107E46","1","556","False","False","2057.988","Hedef makine etkin olarak reddetti?inden ba?lant? kurulamad? 127.0.0.1:1143","False","0","False","False","0","False"
"d02f514d-e0e9-491f-b8d4-72c89c73fe78","MANIFEST_BOUND","hmail-perf-pair-service-20260901","06EFCBA9520D478A6DAC7ABB7F09F3B63D015A0CD5ECA1EB4D0FD2CC8C38F9FD","cpp","hmail_perf_pair_cpp_20260831_head3","C:\hmail-perf-pair-service-20260901\cpp\Data","B3DF9E8BBF4BEDB1102C94DF7C86356E1FEABCBC02A18E8EABEB1EA1453D09B8",,,"one TCP client and one sequential IMAP session per sample","0","PASS","45FA907CE0D3797C1E13EBB2F03F076A25656CCE27E801C18F745ACD3944FBBD","5136EEC556F9790732AE759EF52F77FE6172329EA55787A80300C4A824107E46","1","557","False","False","2058.343","Hedef makine etkin olarak reddetti?inden ba?lant? kurulamad? 127.0.0.1:1143","False","0","False","False","0","False"
"d02f514d-e0e9-491f-b8d4-72c89c73fe78","MANIFEST_BOUND","hmail-perf-pair-service-20260901","06EFCBA9520D478A6DAC7ABB7F09F3B63D015A0CD5ECA1EB4D0FD2CC8C38F9FD","cpp","hmail_perf_pair_cpp_20260831_head3","C:\hmail-perf-pair-service-20260901\cpp\Data","B3DF9E8BBF4BEDB1102C94DF7C86356E1FEABCBC02A18E8EABEB1EA1453D09B8",,,"one TCP client and one sequential IMAP session per sample","0","PASS","45FA907CE0D3797C1E13EBB2F03F076A25656CCE27E801C18F745ACD3944FBBD","5136EEC556F9790732AE759EF52F77FE6172329EA55787A80300C4A824107E46","1","558","False","False","2064.866","Hedef makine etkin olarak reddetti?inden ba?lant? kurulamad? 127.0.0.1:1143","False","0","False","False","0","False"
"d02f514d-e0e9-491f-b8d4-72c89c73fe78","MANIFEST_BOUND","hmail-perf-pair-service-20260901","06EFCBA9520D478A6DAC7ABB7F09F3B63D015A0CD5ECA1EB4D0FD2CC8C38F9FD","cpp","hmail_perf_pair_cpp_20260831_head3","C:\hmail-perf-pair-service-20260901\cpp\Data","B3DF9E8BBF4BEDB1102C94DF7C86356E1FEABCBC02A18E8EABEB1EA1453D09B8",,,"one TCP client and one sequential IMAP session per sample","0","PASS","45FA907CE0D3797C1E13EBB2F03F076A25656CCE27E801C18F745ACD3944FBBD","5136EEC556F9790732AE759EF52F77FE6172329EA55787A80300C4A824107E46","1","559","False","False","2058.412","Hedef makine etkin olarak reddetti?inden ba?lant? kurulamad? 127.0.0.1:1143","False","0","False","False","0","False"
"d02f514d-e0e9-491f-b8d4-72c89c73fe78","MANIFEST_BOUND","hmail-perf-pair-service-20260901","06EFCBA9520D478A6DAC7ABB7F09F3B63D015A0CD5ECA1EB4D0FD2CC8C38F9FD","cpp","hmail_perf_pair_cpp_20260831_head3","C:\hmail-perf-pair-service-20260901\cpp\Data","B3DF9E8BBF4BEDB1102C94DF7C86356E1FEABCBC02A18E8EABEB1EA1453D09B8",,,"one TCP client and one sequential IMAP session per sample","0","PASS","45FA907CE0D3797C1E13EBB2F03F076A25656CCE27E801C18F745ACD3944FBBD","5136EEC556F9790732AE759EF52F77FE6172329EA55787A80300C4A824107E46","1","560","False","False","2057.823","Hedef makine etkin olarak reddetti?inden ba?lant? kurulamad? 127.0.0.1:1143","False","0","False","False","0","False"
"d02f514d-e0e9-491f-b8d4-72c89c73fe78","MANIFEST_BOUND","hmail-perf-pair-service-20260901","06EFCBA9520D478A6DAC7ABB7F09F3B63D015A0CD5ECA1EB4D0FD2CC8C38F9FD","cpp","hmail_perf_pair_cpp_20260831_head3","C:\hmail-perf-pair-service-20260901\cpp\Data","B3DF9E8BBF4BEDB1102C94DF7C86356E1FEABCBC02A18E8EABEB1EA1453D09B8",,,"one TCP client and one sequential IMAP session per sample","0","PASS","45FA907CE0D3797C1E13EBB2F03F076A25656CCE27E801C18F745ACD3944FBBD","5136EEC556F9790732AE759EF52F77FE6172329EA55787A80300C4A824107E46","1","561","False","False","2069.291","Hedef makine etkin olarak reddetti?inden ba?lant? kurulamad? 127.0.0.1:1143","False","0","False","False","0","False"
"d02f514d-e0e9-491f-b8d4-72c89c73fe78","MANIFEST_BOUND","hmail-perf-pair-service-20260901","06EFCBA9520D478A6DAC7ABB7F09F3B63D015A0CD5ECA1EB4D0FD2CC8C38F9FD","cpp","hmail_perf_pair_cpp_20260831_head3","C:\hmail-perf-pair-service-20260901\cpp\Data","B3DF9E8BBF4BEDB1102C94DF7C86356E1FEABCBC02A18E8EABEB1EA1453D09B8",,,"one TCP client and one sequential IMAP session per sample","0","PASS","45FA907CE0D3797C1E13EBB2F03F076A25656CCE27E801C18F745ACD3944FBBD","5136EEC556F9790732AE759EF52F77FE6172329EA55787A80300C4A824107E46","1","562","False","False","2063.599","Hedef makine etkin olarak reddetti?inden ba?lant? kurulamad? 127.0.0.1:1143","False","0","False","False","0","False"
"d02f514d-e0e9-491f-b8d4-72c89c73fe78","MANIFEST_BOUND","hmail-perf-pair-service-20260901","06EFCBA9520D478A6DAC7ABB7F09F3B63D015A0CD5ECA1EB4D0FD2CC8C38F9FD","cpp","hmail_perf_pair_cpp_20260831_head3","C:\hmail-perf-pair-service-20260901\cpp\Data","B3DF9E8BBF4BEDB1102C94DF7C86356E1FEABCBC02A18E8EABEB1EA1453D09B8",,,"one TCP client and one sequential IMAP session per sample","0","PASS","45FA907CE0D3797C1E13EBB2F03F076A25656CCE27E801C18F745ACD3944FBBD","5136EEC556F9790732AE759EF52F77FE6172329EA55787A80300C4A824107E46","1","563","False","False","2063.91","Hedef makine etkin olarak reddetti?inden ba?lant? kurulamad? 127.0.0.1:1143","False","0","False","False","0","False"
"d02f514d-e0e9-491f-b8d4-72c89c73fe78","MANIFEST_BOUND","hmail-perf-pair-service-20260901","06EFCBA9520D478A6DAC7ABB7F09F3B63D015A0CD5ECA1EB4D0FD2CC8C38F9FD","cpp","hmail_perf_pair_cpp_20260831_head3","C:\hmail-perf-pair-service-20260901\cpp\Data","B3DF9E8BBF4BEDB1102C94DF7C86356E1FEABCBC02A18E8EABEB1EA1453D09B8",,,"one TCP client and one sequential IMAP session per sample","0","PASS","45FA907CE0D3797C1E13EBB2F03F076A25656CCE27E801C18F745ACD3944FBBD","5136EEC556F9790732AE759EF52F77FE6172329EA55787A80300C4A824107E46","1","564","False","False","7068.546","Aktarma ba?lant?s?ndan veriler okunamad?: Ba?lan?lan uygun olarak belli bir s?re i?inde yan?t vermedi?inden veya kurulan
ba?lant? ba?lan?lan ana bilgisayar yan?t vermedi?inden bir ba?lant? kurulamad?.","False","0","False","False","0","False"
"d02f514d-e0e9-491f-b8d4-72c89c73fe78","MANIFEST_BOUND","hmail-perf-pair-service-20260901","06EFCBA9520D478A6DAC7ABB7F09F3B63D015A0CD5ECA1EB4D0FD2CC8C38F9FD","cpp","hmail_perf_pair_cpp_20260831_head3","C:\hmail-perf-pair-service-20260901\cpp\Data","B3DF9E8BBF4BEDB1102C94DF7C86356E1FEABCBC02A18E8EABEB1EA1453D09B8",,,"one TCP client and one sequential IMAP session per sample","0","PASS","45FA907CE0D3797C1E13EBB2F03F076A25656CCE27E801C18F745ACD3944FBBD","5136EEC556F9790732AE759EF52F77FE6172329EA55787A80300C4A824107E46","1","565","False","False","2063.964","Hedef makine etkin olarak reddetti?inden ba?lant? kurulamad? 127.0.0.1:1143","False","0","False","False","0","False"
"d02f514d-e0e9-491f-b8d4-72c89c73fe78","MANIFEST_BOUND","hmail-perf-pair-service-20260901","06EFCBA9520D478A6DAC7ABB7F09F3B63D015A0CD5ECA1EB4D0FD2CC8C38F9FD","cpp","hmail_perf_pair_cpp_20260831_head3","C:\hmail-perf-pair-service-20260901\cpp\Data","B3DF9E8BBF4BEDB1102C94DF7C86356E1FEABCBC02A18E8EABEB1EA1453D09B8",,,"one TCP client and one sequential IMAP session per sample","0","PASS","45FA907CE0D3797C1E13EBB2F03F076A25656CCE27E801C18F745ACD3944FBBD","5136EEC556F9790732AE759EF52F77FE6172329EA55787A80300C4A824107E46","1","566","False","False","2071.507","Hedef makine etkin olarak reddetti?inden ba?lant? kurulamad? 127.0.0.1:1143","False","0","False","False","0","False"
"d02f514d-e0e9-491f-b8d4-72c89c73fe78","MANIFEST_BOUND","hmail-perf-pair-service-20260901","06EFCBA9520D478A6DAC7ABB7F09F3B63D015A0CD5ECA1EB4D0FD2CC8C38F9FD","cpp","hmail_perf_pair_cpp_20260831_head3","C:\hmail-perf-pair-service-20260901\cpp\Data","B3DF9E8BBF4BEDB1102C94DF7C86356E1FEABCBC02A18E8EABEB1EA1453D09B8",,,"one TCP client and one sequential IMAP session per sample","0","PASS","45FA907CE0D3797C1E13EBB2F03F076A25656CCE27E801C18F745ACD3944FBBD","5136EEC556F9790732AE759EF52F77FE6172329EA55787A80300C4A824107E46","1","567","False","False","2064.248","Hedef makine etkin olarak reddetti?inden ba?lant? kurulamad? 127.0.0.1:1143","False","0","False","False","0","False"
"d02f514d-e0e9-491f-b8d4-72c89c73fe78","MANIFEST_BOUND","hmail-perf-pair-service-20260901","06EFCBA9520D478A6DAC7ABB7F09F3B63D015A0CD5ECA1EB4D0FD2CC8C38F9FD","cpp","hmail_perf_pair_cpp_20260831_head3","C:\hmail-perf-pair-service-20260901\cpp\Data","B3DF9E8BBF4BEDB1102C94DF7C86356E1FEABCBC02A18E8EABEB1EA1453D09B8",,,"one TCP client and one sequential IMAP session per sample","0","PASS","45FA907CE0D3797C1E13EBB2F03F076A25656CCE27E801C18F745ACD3944FBBD","5136EEC556F9790732AE759EF52F77FE6172329EA55787A80300C4A824107E46","1","568","False","False","2056.507","Hedef makine etkin olarak reddetti?inden ba?lant? kurulamad? 127.0.0.1:1143","False","0","False","False","0","False"
"d02f514d-e0e9-491f-b8d4-72c89c73fe78","MANIFEST_BOUND","hmail-perf-pair-service-20260901","06EFCBA9520D478A6DAC7ABB7F09F3B63D015A0CD5ECA1EB4D0FD2CC8C38F9FD","cpp","hmail_perf_pair_cpp_20260831_head3","C:\hmail-perf-pair-service-20260901\cpp\Data","B3DF9E8BBF4BEDB1102C94DF7C86356E1FEABCBC02A18E8EABEB1EA1453D09B8",,,"one TCP client and one sequential IMAP session per sample","0","PASS","45FA907CE0D3797C1E13EBB2F03F076A25656CCE27E801C18F745ACD3944FBBD","5136EEC556F9790732AE759EF52F77FE6172329EA55787A80300C4A824107E46","1","569","False","False","2054.741","Hedef makine etkin olarak reddetti?inden ba?lant? kurulamad? 127.0.0.1:1143","False","0","False","False","0","False"
"d02f514d-e0e9-491f-b8d4-72c89c73fe78","MANIFEST_BOUND","hmail-perf-pair-service-20260901","06EFCBA9520D478A6DAC7ABB7F09F3B63D015A0CD5ECA1EB4D0FD2CC8C38F9FD","cpp","hmail_perf_pair_cpp_20260831_head3","C:\hmail-perf-pair-service-20260901\cpp\Data","B3DF9E8BBF4BEDB1102C94DF7C86356E1FEABCBC02A18E8EABEB1EA1453D09B8",,,"one TCP client and one sequential IMAP session per sample","0","PASS","45FA907CE0D3797C1E13EBB2F03F076A25656CCE27E801C18F745ACD3944FBBD","5136EEC556F9790732AE759EF52F77FE6172329EA55787A80300C4A824107E46","1","570","False","False","2062.856","Hedef makine etkin olarak reddetti?inden ba?lant? kurulamad? 127.0.0.1:1143","False","0","False","False","0","False"
"d02f514d-e0e9-491f-b8d4-72c89c73fe78","MANIFEST_BOUND","hmail-perf-pair-service-20260901","06EFCBA9520D478A6DAC7ABB7F09F3B63D015A0CD5ECA1EB4D0FD2CC8C38F9FD","cpp","hmail_perf_pair_cpp_20260831_head3","C:\hmail-perf-pair-service-20260901\cpp\Data","B3DF9E8BBF4BEDB1102C94DF7C86356E1FEABCBC02A18E8EABEB1EA1453D09B8",,,"one TCP client and one sequential IMAP session per sample","0","PASS","45FA907CE0D3797C1E13EBB2F03F076A25656CCE27E801C18F745ACD3944FBBD","5136EEC556F9790732AE759EF52F77FE6172329EA55787A80300C4A824107E46","1","571","False","False","2058.528","Hedef makine etkin olarak reddetti?inden ba?lant? kurulamad? 127.0.0.1:1143","False","0","False","False","0","False"
"d02f514d-e0e9-491f-b8d4-72c89c73fe78","MANIFEST_BOUND","hmail-perf-pair-service-20260901","06EFCBA9520D478A6DAC7ABB7F09F3B63D015A0CD5ECA1EB4D0FD2CC8C38F9FD","cpp","hmail_perf_pair_cpp_20260831_head3","C:\hmail-perf-pair-service-20260901\cpp\Data","B3DF9E8BBF4BEDB1102C94DF7C86356E1FEABCBC02A18E8EABEB1EA1453D09B8",,,"one TCP client and one sequential IMAP session per sample","0","PASS","45FA907CE0D3797C1E13EBB2F03F076A25656CCE27E801C18F745ACD3944FBBD","5136EEC556F9790732AE759EF52F77FE6172329EA55787A80300C4A824107E46","1","572","False","False","2063.117","Hedef makine etkin olarak reddetti?inden ba?lant? kurulamad? 127.0.0.1:1143","False","0","False","False","0","False"
"d02f514d-e0e9-491f-b8d4-72c89c73fe78","MANIFEST_BOUND","hmail-perf-pair-service-20260901","06EFCBA9520D478A6DAC7ABB7F09F3B63D015A0CD5ECA1EB4D0FD2CC8C38F9FD","cpp","hmail_perf_pair_cpp_20260831_head3","C:\hmail-perf-pair-service-20260901\cpp\Data","B3DF9E8BBF4BEDB1102C94DF7C86356E1FEABCBC02A18E8EABEB1EA1453D09B8",,,"one TCP client and one sequential IMAP session per sample","0","PASS","45FA907CE0D3797C1E13EBB2F03F076A25656CCE27E801C18F745ACD3944FBBD","5136EEC556F9790732AE759EF52F77FE6172329EA55787A80300C4A824107E46","1","573","False","False","2054.863","Hedef makine etkin olarak reddetti?inden ba?lant? kurulamad? 127.0.0.1:1143","False","0","False","False","0","False"
"d02f514d-e0e9-491f-b8d4-72c89c73fe78","MANIFEST_BOUND","hmail-perf-pair-service-20260901","06EFCBA9520D478A6DAC7ABB7F09F3B63D015A0CD5ECA1EB4D0FD2CC8C38F9FD","cpp","hmail_perf_pair_cpp_20260831_head3","C:\hmail-perf-pair-service-20260901\cpp\Data","B3DF9E8BBF4BEDB1102C94DF7C86356E1FEABCBC02A18E8EABEB1EA1453D09B8",,,"one TCP client and one sequential IMAP session per sample","0","PASS","45FA907CE0D3797C1E13EBB2F03F076A25656CCE27E801C18F745ACD3944FBBD","5136EEC556F9790732AE759EF52F77FE6172329EA55787A80300C4A824107E46","1","574","False","False","2058.741","Hedef makine etkin olarak reddetti?inden ba?lant? kurulamad? 127.0.0.1:1143","False","0","False","False","0","False"
"d02f514d-e0e9-491f-b8d4-72c89c73fe78","MANIFEST_BOUND","hmail-perf-pair-service-20260901","06EFCBA9520D478A6DAC7ABB7F09F3B63D015A0CD5ECA1EB4D0FD2CC8C38F9FD","cpp","hmail_perf_pair_cpp_20260831_head3","C:\hmail-perf-pair-service-20260901\cpp\Data","B3DF9E8BBF4BEDB1102C94DF7C86356E1FEABCBC02A18E8EABEB1EA1453D09B8",,,"one TCP client and one sequential IMAP session per sample","0","PASS","45FA907CE0D3797C1E13EBB2F03F076A25656CCE27E801C18F745ACD3944FBBD","5136EEC556F9790732AE759EF52F77FE6172329EA55787A80300C4A824107E46","1","575","False","False","2067.499","Hedef makine etkin olarak reddetti?inden ba?lant? kurulamad? 127.0.0.1:1143","False","0","False","False","0","False"
"d02f514d-e0e9-491f-b8d4-72c89c73fe78","MANIFEST_BOUND","hmail-perf-pair-service-20260901","06EFCBA9520D478A6DAC7ABB7F09F3B63D015A0CD5ECA1EB4D0FD2CC8C38F9FD","cpp","hmail_perf_pair_cpp_20260831_head3","C:\hmail-perf-pair-service-20260901\cpp\Data","B3DF9E8BBF4BEDB1102C94DF7C86356E1FEABCBC02A18E8EABEB1EA1453D09B8",,,"one TCP client and one sequential IMAP session per sample","0","PASS","45FA907CE0D3797C1E13EBB2F03F076A25656CCE27E801C18F745ACD3944FBBD","5136EEC556F9790732AE759EF52F77FE6172329EA55787A80300C4A824107E46","1","576","False","False","2055.446","Hedef makine etkin olarak reddetti?inden ba?lant? kurulamad? 127.0.0.1:1143","False","0","False","False","0","False"
"d02f514d-e0e9-491f-b8d4-72c89c73fe78","MANIFEST_BOUND","hmail-perf-pair-service-20260901","06EFCBA9520D478A6DAC7ABB7F09F3B63D015A0CD5ECA1EB4D0FD2CC8C38F9FD","cpp","hmail_perf_pair_cpp_20260831_head3","C:\hmail-perf-pair-service-20260901\cpp\Data","B3DF9E8BBF4BEDB1102C94DF7C86356E1FEABCBC02A18E8EABEB1EA1453D09B8",,,"one TCP client and one sequential IMAP session per sample","0","PASS","45FA907CE0D3797C1E13EBB2F03F076A25656CCE27E801C18F745ACD3944FBBD","5136EEC556F9790732AE759EF52F77FE6172329EA55787A80300C4A824107E46","1","577","False","False","2058.043","Hedef makine etkin olarak reddetti?inden ba?lant? kurulamad? 127.0.0.1:1143","False","0","False","False","0","False"
"d02f514d-e0e9-491f-b8d4-72c89c73fe78","MANIFEST_BOUND","hmail-perf-pair-service-20260901","06EFCBA9520D478A6DAC7ABB7F09F3B63D015A0CD5ECA1EB4D0FD2CC8C38F9FD","cpp","hmail_perf_pair_cpp_20260831_head3","C:\hmail-perf-pair-service-20260901\cpp\Data","B3DF9E8BBF4BEDB1102C94DF7C86356E1FEABCBC02A18E8EABEB1EA1453D09B8",,,"one TCP client and one sequential IMAP session per sample","0","PASS","45FA907CE0D3797C1E13EBB2F03F076A25656CCE27E801C18F745ACD3944FBBD","5136EEC556F9790732AE759EF52F77FE6172329EA55787A80300C4A824107E46","1","578","False","False","2056.54","Hedef makine etkin olarak reddetti?inden ba?lant? kurulamad? 127.0.0.1:1143","False","0","False","False","0","False"
"d02f514d-e0e9-491f-b8d4-72c89c73fe78","MANIFEST_BOUND","hmail-perf-pair-service-20260901","06EFCBA9520D478A6DAC7ABB7F09F3B63D015A0CD5ECA1EB4D0FD2CC8C38F9FD","cpp","hmail_perf_pair_cpp_20260831_head3","C:\hmail-perf-pair-service-20260901\cpp\Data","B3DF9E8BBF4BEDB1102C94DF7C86356E1FEABCBC02A18E8EABEB1EA1453D09B8",,,"one TCP client and one sequential IMAP session per sample","0","PASS","45FA907CE0D3797C1E13EBB2F03F076A25656CCE27E801C18F745ACD3944FBBD","5136EEC556F9790732AE759EF52F77FE6172329EA55787A80300C4A824107E46","1","579","False","False","2062.991","Hedef makine etkin olarak reddetti?inden ba?lant? kurulamad? 127.0.0.1:1143","False","0","False","False","0","False"
"d02f514d-e0e9-491f-b8d4-72c89c73fe78","MANIFEST_BOUND","hmail-perf-pair-service-20260901","06EFCBA9520D478A6DAC7ABB7F09F3B63D015A0CD5ECA1EB4D0FD2CC8C38F9FD","cpp","hmail_perf_pair_cpp_20260831_head3","C:\hmail-perf-pair-service-20260901\cpp\Data","B3DF9E8BBF4BEDB1102C94DF7C86356E1FEABCBC02A18E8EABEB1EA1453D09B8",,,"one TCP client and one sequential IMAP session per sample","0","PASS","45FA907CE0D3797C1E13EBB2F03F076A25656CCE27E801C18F745ACD3944FBBD","5136EEC556F9790732AE759EF52F77FE6172329EA55787A80300C4A824107E46","1","580","False","False","2063.541","Hedef makine etkin olarak reddetti?inden ba?lant? kurulamad? 127.0.0.1:1143","False","0","False","False","0","False"
"d02f514d-e0e9-491f-b8d4-72c89c73fe78","MANIFEST_BOUND","hmail-perf-pair-service-20260901","06EFCBA9520D478A6DAC7ABB7F09F3B63D015A0CD5ECA1EB4D0FD2CC8C38F9FD","cpp","hmail_perf_pair_cpp_20260831_head3","C:\hmail-perf-pair-service-20260901\cpp\Data","B3DF9E8BBF4BEDB1102C94DF7C86356E1FEABCBC02A18E8EABEB1EA1453D09B8",,,"one TCP client and one sequential IMAP session per sample","0","PASS","45FA907CE0D3797C1E13EBB2F03F076A25656CCE27E801C18F745ACD3944FBBD","5136EEC556F9790732AE759EF52F77FE6172329EA55787A80300C4A824107E46","1","581","False","False","2063.426","Hedef makine etkin olarak reddetti?inden ba?lant? kurulamad? 127.0.0.1:1143","False","0","False","False","0","False"
"d02f514d-e0e9-491f-b8d4-72c89c73fe78","MANIFEST_BOUND","hmail-perf-pair-service-20260901","06EFCBA9520D478A6DAC7ABB7F09F3B63D015A0CD5ECA1EB4D0FD2CC8C38F9FD","cpp","hmail_perf_pair_cpp_20260831_head3","C:\hmail-perf-pair-service-20260901\cpp\Data","B3DF9E8BBF4BEDB1102C94DF7C86356E1FEABCBC02A18E8EABEB1EA1453D09B8",,,"one TCP client and one sequential IMAP session per sample","0","PASS","45FA907CE0D3797C1E13EBB2F03F076A25656CCE27E801C18F745ACD3944FBBD","5136EEC556F9790732AE759EF52F77FE6172329EA55787A80300C4A824107E46","1","582","False","False","2067.381","Hedef makine etkin olarak reddetti?inden ba?lant? kurulamad? 127.0.0.1:1143","False","0","False","False","0","False"
"d02f514d-e0e9-491f-b8d4-72c89c73fe78","MANIFEST_BOUND","hmail-perf-pair-service-20260901","06EFCBA9520D478A6DAC7ABB7F09F3B63D015A0CD5ECA1EB4D0FD2CC8C38F9FD","cpp","hmail_perf_pair_cpp_20260831_head3","C:\hmail-perf-pair-service-20260901\cpp\Data","B3DF9E8BBF4BEDB1102C94DF7C86356E1FEABCBC02A18E8EABEB1EA1453D09B8",,,"one TCP client and one sequential IMAP session per sample","0","PASS","45FA907CE0D3797C1E13EBB2F03F076A25656CCE27E801C18F745ACD3944FBBD","5136EEC556F9790732AE759EF52F77FE6172329EA55787A80300C4A824107E46","1","583","False","False","2058.445","Hedef makine etkin olarak reddetti?inden ba?lant? kurulamad? 127.0.0.1:1143","False","0","False","False","0","False"
"d02f514d-e0e9-491f-b8d4-72c89c73fe78","MANIFEST_BOUND","hmail-perf-pair-service-20260901","06EFCBA9520D478A6DAC7ABB7F09F3B63D015A0CD5ECA1EB4D0FD2CC8C38F9FD","cpp","hmail_perf_pair_cpp_20260831_head3","C:\hmail-perf-pair-service-20260901\cpp\Data","B3DF9E8BBF4BEDB1102C94DF7C86356E1FEABCBC02A18E8EABEB1EA1453D09B8",,,"one TCP client and one sequential IMAP session per sample","0","PASS","45FA907CE0D3797C1E13EBB2F03F076A25656CCE27E801C18F745ACD3944FBBD","5136EEC556F9790732AE759EF52F77FE6172329EA55787A80300C4A824107E46","1","584","False","False","2058.069","Hedef makine etkin olarak reddetti?inden ba?lant? kurulamad? 127.0.0.1:1143","False","0","False","False","0","False"
"d02f514d-e0e9-491f-b8d4-72c89c73fe78","MANIFEST_BOUND","hmail-perf-pair-service-20260901","06EFCBA9520D478A6DAC7ABB7F09F3B63D015A0CD5ECA1EB4D0FD2CC8C38F9FD","cpp","hmail_perf_pair_cpp_20260831_head3","C:\hmail-perf-pair-service-20260901\cpp\Data","B3DF9E8BBF4BEDB1102C94DF7C86356E1FEABCBC02A18E8EABEB1EA1453D09B8",,,"one TCP client and one sequential IMAP session per sample","0","PASS","45FA907CE0D3797C1E13EBB2F03F076A25656CCE27E801C18F745ACD3944FBBD","5136EEC556F9790732AE759EF52F77FE6172329EA55787A80300C4A824107E46","1","585","False","False","2063.433","Hedef makine etkin olarak reddetti?inden ba?lant? kurulamad? 127.0.0.1:1143","False","0","False","False","0","False"
"d02f514d-e0e9-491f-b8d4-72c89c73fe78","MANIFEST_BOUND","hmail-perf-pair-service-20260901","06EFCBA9520D478A6DAC7ABB7F09F3B63D015A0CD5ECA1EB4D0FD2CC8C38F9FD","cpp","hmail_perf_pair_cpp_20260831_head3","C:\hmail-perf-pair-service-20260901\cpp\Data","B3DF9E8BBF4BEDB1102C94DF7C86356E1FEABCBC02A18E8EABEB1EA1453D09B8",,,"one TCP client and one sequential IMAP session per sample","0","PASS","45FA907CE0D3797C1E13EBB2F03F076A25656CCE27E801C18F745ACD3944FBBD","5136EEC556F9790732AE759EF52F77FE6172329EA55787A80300C4A824107E46","1","586","False","False","2069.781","Hedef makine etkin olarak reddetti?inden ba?lant? kurulamad? 127.0.0.1:1143","False","0","False","False","0","False"
"d02f514d-e0e9-491f-b8d4-72c89c73fe78","MANIFEST_BOUND","hmail-perf-pair-service-20260901","06EFCBA9520D478A6DAC7ABB7F09F3B63D015A0CD5ECA1EB4D0FD2CC8C38F9FD","cpp","hmail_perf_pair_cpp_20260831_head3","C:\hmail-perf-pair-service-20260901\cpp\Data","B3DF9E8BBF4BEDB1102C94DF7C86356E1FEABCBC02A18E8EABEB1EA1453D09B8",,,"one TCP client and one sequential IMAP session per sample","0","PASS","45FA907CE0D3797C1E13EBB2F03F076A25656CCE27E801C18F745ACD3944FBBD","5136EEC556F9790732AE759EF52F77FE6172329EA55787A80300C4A824107E46","1","587","False","False","7076.076","Aktarma ba?lant?s?ndan veriler okunamad?: Ba?lan?lan uygun olarak belli bir s?re i?inde yan?t vermedi?inden veya kurulan
ba?lant? ba?lan?lan ana bilgisayar yan?t vermedi?inden bir ba?lant? kurulamad?.","False","0","False","False","0","False"
"d02f514d-e0e9-491f-b8d4-72c89c73fe78","MANIFEST_BOUND","hmail-perf-pair-service-20260901","06EFCBA9520D478A6DAC7ABB7F09F3B63D015A0CD5ECA1EB4D0FD2CC8C38F9FD","cpp","hmail_perf_pair_cpp_20260831_head3","C:\hmail-perf-pair-service-20260901\cpp\Data","B3DF9E8BBF4BEDB1102C94DF7C86356E1FEABCBC02A18E8EABEB1EA1453D09B8",,,"one TCP client and one sequential IMAP session per sample","0","PASS","45FA907CE0D3797C1E13EBB2F03F076A25656CCE27E801C18F745ACD3944FBBD","5136EEC556F9790732AE759EF52F77FE6172329EA55787A80300C4A824107E46","1","588","False","False","2063.296","Hedef makine etkin olarak reddetti?inden ba?lant? kurulamad? 127.0.0.1:1143","False","0","False","False","0","False"
"d02f514d-e0e9-491f-b8d4-72c89c73fe78","MANIFEST_BOUND","hmail-perf-pair-service-20260901","06EFCBA9520D478A6DAC7ABB7F09F3B63D015A0CD5ECA1EB4D0FD2CC8C38F9FD","cpp","hmail_perf_pair_cpp_20260831_head3","C:\hmail-perf-pair-service-20260901\cpp\Data","B3DF9E8BBF4BEDB1102C94DF7C86356E1FEABCBC02A18E8EABEB1EA1453D09B8",,,"one TCP client and one sequential IMAP session per sample","0","PASS","45FA907CE0D3797C1E13EBB2F03F076A25656CCE27E801C18F745ACD3944FBBD","5136EEC556F9790732AE759EF52F77FE6172329EA55787A80300C4A824107E46","1","589","False","False","2063.303","Hedef makine etkin olarak reddetti?inden ba?lant? kurulamad? 127.0.0.1:1143","False","0","False","False","0","False"
"d02f514d-e0e9-491f-b8d4-72c89c73fe78","MANIFEST_BOUND","hmail-perf-pair-service-20260901","06EFCBA9520D478A6DAC7ABB7F09F3B63D015A0CD5ECA1EB4D0FD2CC8C38F9FD","cpp","hmail_perf_pair_cpp_20260831_head3","C:\hmail-perf-pair-service-20260901\cpp\Data","B3DF9E8BBF4BEDB1102C94DF7C86356E1FEABCBC02A18E8EABEB1EA1453D09B8",,,"one TCP client and one sequential IMAP session per sample","0","PASS","45FA907CE0D3797C1E13EBB2F03F076A25656CCE27E801C18F745ACD3944FBBD","5136EEC556F9790732AE759EF52F77FE6172329EA55787A80300C4A824107E46","1","590","False","False","2070.971","Hedef makine etkin olarak reddetti?inden ba?lant? kurulamad? 127.0.0.1:1143","False","0","False","False","0","False"
"d02f514d-e0e9-491f-b8d4-72c89c73fe78","MANIFEST_BOUND","hmail-perf-pair-service-20260901","06EFCBA9520D478A6DAC7ABB7F09F3B63D015A0CD5ECA1EB4D0FD2CC8C38F9FD","cpp","hmail_perf_pair_cpp_20260831_head3","C:\hmail-perf-pair-service-20260901\cpp\Data","B3DF9E8BBF4BEDB1102C94DF7C86356E1FEABCBC02A18E8EABEB1EA1453D09B8",,,"one TCP client and one sequential IMAP session per sample","0","PASS","45FA907CE0D3797C1E13EBB2F03F076A25656CCE27E801C18F745ACD3944FBBD","5136EEC556F9790732AE759EF52F77FE6172329EA55787A80300C4A824107E46","1","591","False","False","2071.123","Hedef makine etkin olarak reddetti?inden ba?lant? kurulamad? 127.0.0.1:1143","False","0","False","False","0","False"
"d02f514d-e0e9-491f-b8d4-72c89c73fe78","MANIFEST_BOUND","hmail-perf-pair-service-20260901","06EFCBA9520D478A6DAC7ABB7F09F3B63D015A0CD5ECA1EB4D0FD2CC8C38F9FD","cpp","hmail_perf_pair_cpp_20260831_head3","C:\hmail-perf-pair-service-20260901\cpp\Data","B3DF9E8BBF4BEDB1102C94DF7C86356E1FEABCBC02A18E8EABEB1EA1453D09B8",,,"one TCP client and one sequential IMAP session per sample","0","PASS","45FA907CE0D3797C1E13EBB2F03F076A25656CCE27E801C18F745ACD3944FBBD","5136EEC556F9790732AE759EF52F77FE6172329EA55787A80300C4A824107E46","1","592","False","False","2058.09","Hedef makine etkin olarak reddetti?inden ba?lant? kurulamad? 127.0.0.1:1143","False","0","False","False","0","False"
"d02f514d-e0e9-491f-b8d4-72c89c73fe78","MANIFEST_BOUND","hmail-perf-pair-service-20260901","06EFCBA9520D478A6DAC7ABB7F09F3B63D015A0CD5ECA1EB4D0FD2CC8C38F9FD","cpp","hmail_perf_pair_cpp_20260831_head3","C:\hmail-perf-pair-service-20260901\cpp\Data","B3DF9E8BBF4BEDB1102C94DF7C86356E1FEABCBC02A18E8EABEB1EA1453D09B8",,,"one TCP client and one sequential IMAP session per sample","0","PASS","45FA907CE0D3797C1E13EBB2F03F076A25656CCE27E801C18F745ACD3944FBBD","5136EEC556F9790732AE759EF52F77FE6172329EA55787A80300C4A824107E46","1","593","False","False","2055.396","Hedef makine etkin olarak reddetti?inden ba?lant? kurulamad? 127.0.0.1:1143","False","0","False","False","0","False"
"d02f514d-e0e9-491f-b8d4-72c89c73fe78","MANIFEST_BOUND","hmail-perf-pair-service-20260901","06EFCBA9520D478A6DAC7ABB7F09F3B63D015A0CD5ECA1EB4D0FD2CC8C38F9FD","cpp","hmail_perf_pair_cpp_20260831_head3","C:\hmail-perf-pair-service-20260901\cpp\Data","B3DF9E8BBF4BEDB1102C94DF7C86356E1FEABCBC02A18E8EABEB1EA1453D09B8",,,"one TCP client and one sequential IMAP session per sample","0","PASS","45FA907CE0D3797C1E13EBB2F03F076A25656CCE27E801C18F745ACD3944FBBD","5136EEC556F9790732AE759EF52F77FE6172329EA55787A80300C4A824107E46","1","594","False","False","2062.965","Hedef makine etkin olarak reddetti?inden ba?lant? kurulamad? 127.0.0.1:1143","False","0","False","False","0","False"
"d02f514d-e0e9-491f-b8d4-72c89c73fe78","MANIFEST_BOUND","hmail-perf-pair-service-20260901","06EFCBA9520D478A6DAC7ABB7F09F3B63D015A0CD5ECA1EB4D0FD2CC8C38F9FD","cpp","hmail_perf_pair_cpp_20260831_head3","C:\hmail-perf-pair-service-20260901\cpp\Data","B3DF9E8BBF4BEDB1102C94DF7C86356E1FEABCBC02A18E8EABEB1EA1453D09B8",,,"one TCP client and one sequential IMAP session per sample","0","PASS","45FA907CE0D3797C1E13EBB2F03F076A25656CCE27E801C18F745ACD3944FBBD","5136EEC556F9790732AE759EF52F77FE6172329EA55787A80300C4A824107E46","1","595","False","False","2063.054","Hedef makine etkin olarak reddetti?inden ba?lant? kurulamad? 127.0.0.1:1143","False","0","False","False","0","False"
"d02f514d-e0e9-491f-b8d4-72c89c73fe78","MANIFEST_BOUND","hmail-perf-pair-service-20260901","06EFCBA9520D478A6DAC7ABB7F09F3B63D015A0CD5ECA1EB4D0FD2CC8C38F9FD","cpp","hmail_perf_pair_cpp_20260831_head3","C:\hmail-perf-pair-service-20260901\cpp\Data","B3DF9E8BBF4BEDB1102C94DF7C86356E1FEABCBC02A18E8EABEB1EA1453D09B8",,,"one TCP client and one sequential IMAP session per sample","0","PASS","45FA907CE0D3797C1E13EBB2F03F076A25656CCE27E801C18F745ACD3944FBBD","5136EEC556F9790732AE759EF52F77FE6172329EA55787A80300C4A824107E46","1","596","False","False","2069.547","Hedef makine etkin olarak reddetti?inden ba?lant? kurulamad? 127.0.0.1:1143","False","0","False","False","0","False"
"d02f514d-e0e9-491f-b8d4-72c89c73fe78","MANIFEST_BOUND","hmail-perf-pair-service-20260901","06EFCBA9520D478A6DAC7ABB7F09F3B63D015A0CD5ECA1EB4D0FD2CC8C38F9FD","cpp","hmail_perf_pair_cpp_20260831_head3","C:\hmail-perf-pair-service-20260901\cpp\Data","B3DF9E8BBF4BEDB1102C94DF7C86356E1FEABCBC02A18E8EABEB1EA1453D09B8",,,"one TCP client and one sequential IMAP session per sample","0","PASS","45FA907CE0D3797C1E13EBB2F03F076A25656CCE27E801C18F745ACD3944FBBD","5136EEC556F9790732AE759EF52F77FE6172329EA55787A80300C4A824107E46","1","597","False","False","2055.727","Hedef makine etkin olarak reddetti?inden ba?lant? kurulamad? 127.0.0.1:1143","False","0","False","False","0","False"
"d02f514d-e0e9-491f-b8d4-72c89c73fe78","MANIFEST_BOUND","hmail-perf-pair-service-20260901","06EFCBA9520D478A6DAC7ABB7F09F3B63D015A0CD5ECA1EB4D0FD2CC8C38F9FD","cpp","hmail_perf_pair_cpp_20260831_head3","C:\hmail-perf-pair-service-20260901\cpp\Data","B3DF9E8BBF4BEDB1102C94DF7C86356E1FEABCBC02A18E8EABEB1EA1453D09B8",,,"one TCP client and one sequential IMAP session per sample","0","PASS","45FA907CE0D3797C1E13EBB2F03F076A25656CCE27E801C18F745ACD3944FBBD","5136EEC556F9790732AE759EF52F77FE6172329EA55787A80300C4A824107E46","1","598","False","False","2063.41","Hedef makine etkin olarak reddetti?inden ba?lant? kurulamad? 127.0.0.1:1143","False","0","False","False","0","False"
"d02f514d-e0e9-491f-b8d4-72c89c73fe78","MANIFEST_BOUND","hmail-perf-pair-service-20260901","06EFCBA9520D478A6DAC7ABB7F09F3B63D015A0CD5ECA1EB4D0FD2CC8C38F9FD","cpp","hmail_perf_pair_cpp_20260831_head3","C:\hmail-perf-pair-service-20260901\cpp\Data","B3DF9E8BBF4BEDB1102C94DF7C86356E1FEABCBC02A18E8EABEB1EA1453D09B8",,,"one TCP client and one sequential IMAP session per sample","0","PASS","45FA907CE0D3797C1E13EBB2F03F076A25656CCE27E801C18F745ACD3944FBBD","5136EEC556F9790732AE759EF52F77FE6172329EA55787A80300C4A824107E46","1","599","False","False","2070.888","Hedef makine etkin olarak reddetti?inden ba?lant? kurulamad? 127.0.0.1:1143","False","0","False","False","0","False"
"d02f514d-e0e9-491f-b8d4-72c89c73fe78","MANIFEST_BOUND","hmail-perf-pair-service-20260901","06EFCBA9520D478A6DAC7ABB7F09F3B63D015A0CD5ECA1EB4D0FD2CC8C38F9FD","cpp","hmail_perf_pair_cpp_20260831_head3","C:\hmail-perf-pair-service-20260901\cpp\Data","B3DF9E8BBF4BEDB1102C94DF7C86356E1FEABCBC02A18E8EABEB1EA1453D09B8",,,"one TCP client and one sequential IMAP session per sample","0","PASS","45FA907CE0D3797C1E13EBB2F03F076A25656CCE27E801C18F745ACD3944FBBD","5136EEC556F9790732AE759EF52F77FE6172329EA55787A80300C4A824107E46","1","600","False","False","2058.032","Hedef makine etkin olarak reddetti?inden ba?lant? kurulamad? 127.0.0.1:1143","False","0","False","False","0","False"
"d02f514d-e0e9-491f-b8d4-72c89c73fe78","MANIFEST_BOUND","hmail-perf-pair-service-20260901","06EFCBA9520D478A6DAC7ABB7F09F3B63D015A0CD5ECA1EB4D0FD2CC8C38F9FD","cpp","hmail_perf_pair_cpp_20260831_head3","C:\hmail-perf-pair-service-20260901\cpp\Data","B3DF9E8BBF4BEDB1102C94DF7C86356E1FEABCBC02A18E8EABEB1EA1453D09B8",,,"one TCP client and one sequential IMAP session per sample","0","PASS","45FA907CE0D3797C1E13EBB2F03F076A25656CCE27E801C18F745ACD3944FBBD","5136EEC556F9790732AE759EF52F77FE6172329EA55787A80300C4A824107E46","1","601","False","False","2055.913","Hedef makine etkin olarak reddetti?inden ba?lant? kurulamad? 127.0.0.1:1143","False","0","False","False","0","False"
"d02f514d-e0e9-491f-b8d4-72c89c73fe78","MANIFEST_BOUND","hmail-perf-pair-service-20260901","06EFCBA9520D478A6DAC7ABB7F09F3B63D015A0CD5ECA1EB4D0FD2CC8C38F9FD","cpp","hmail_perf_pair_cpp_20260831_head3","C:\hmail-perf-pair-service-20260901\cpp\Data","B3DF9E8BBF4BEDB1102C94DF7C86356E1FEABCBC02A18E8EABEB1EA1453D09B8",,,"one TCP client and one sequential IMAP session per sample","0","PASS","45FA907CE0D3797C1E13EBB2F03F076A25656CCE27E801C18F745ACD3944FBBD","5136EEC556F9790732AE759EF52F77FE6172329EA55787A80300C4A824107E46","1","602","False","False","2062.568","Hedef makine etkin olarak reddetti?inden ba?lant? kurulamad? 127.0.0.1:1143","False","0","False","False","0","False"
"d02f514d-e0e9-491f-b8d4-72c89c73fe78","MANIFEST_BOUND","hmail-perf-pair-service-20260901","06EFCBA9520D478A6DAC7ABB7F09F3B63D015A0CD5ECA1EB4D0FD2CC8C38F9FD","cpp","hmail_perf_pair_cpp_20260831_head3","C:\hmail-perf-pair-service-20260901\cpp\Data","B3DF9E8BBF4BEDB1102C94DF7C86356E1FEABCBC02A18E8EABEB1EA1453D09B8",,,"one TCP client and one sequential IMAP session per sample","0","PASS","45FA907CE0D3797C1E13EBB2F03F076A25656CCE27E801C18F745ACD3944FBBD","5136EEC556F9790732AE759EF52F77FE6172329EA55787A80300C4A824107E46","1","603","False","False","2062.413","Hedef makine etkin olarak reddetti?inden ba?lant? kurulamad? 127.0.0.1:1143","False","0","False","False","0","False"
"d02f514d-e0e9-491f-b8d4-72c89c73fe78","MANIFEST_BOUND","hmail-perf-pair-service-20260901","06EFCBA9520D478A6DAC7ABB7F09F3B63D015A0CD5ECA1EB4D0FD2CC8C38F9FD","cpp","hmail_perf_pair_cpp_20260831_head3","C:\hmail-perf-pair-service-20260901\cpp\Data","B3DF9E8BBF4BEDB1102C94DF7C86356E1FEABCBC02A18E8EABEB1EA1453D09B8",,,"one TCP client and one sequential IMAP session per sample","0","PASS","45FA907CE0D3797C1E13EBB2F03F076A25656CCE27E801C18F745ACD3944FBBD","5136EEC556F9790732AE759EF52F77FE6172329EA55787A80300C4A824107E46","1","604","False","False","2069.518","Hedef makine etkin olarak reddetti?inden ba?lant? kurulamad? 127.0.0.1:1143","False","0","False","False","0","False"
"d02f514d-e0e9-491f-b8d4-72c89c73fe78","MANIFEST_BOUND","hmail-perf-pair-service-20260901","06EFCBA9520D478A6DAC7ABB7F09F3B63D015A0CD5ECA1EB4D0FD2CC8C38F9FD","cpp","hmail_perf_pair_cpp_20260831_head3","C:\hmail-perf-pair-service-20260901\cpp\Data","B3DF9E8BBF4BEDB1102C94DF7C86356E1FEABCBC02A18E8EABEB1EA1453D09B8",,,"one TCP client and one sequential IMAP session per sample","0","PASS","45FA907CE0D3797C1E13EBB2F03F076A25656CCE27E801C18F745ACD3944FBBD","5136EEC556F9790732AE759EF52F77FE6172329EA55787A80300C4A824107E46","1","605","False","False","7073.774","Aktarma ba?lant?s?ndan veriler okunamad?: Ba?lan?lan uygun olarak belli bir s?re i?inde yan?t vermedi?inden veya kurulan
ba?lant? ba?lan?lan ana bilgisayar yan?t vermedi?inden bir ba?lant? kurulamad?.","False","0","False","False","0","False"
"d02f514d-e0e9-491f-b8d4-72c89c73fe78","MANIFEST_BOUND","hmail-perf-pair-service-20260901","06EFCBA9520D478A6DAC7ABB7F09F3B63D015A0CD5ECA1EB4D0FD2CC8C38F9FD","cpp","hmail_perf_pair_cpp_20260831_head3","C:\hmail-perf-pair-service-20260901\cpp\Data","B3DF9E8BBF4BEDB1102C94DF7C86356E1FEABCBC02A18E8EABEB1EA1453D09B8",,,"one TCP client and one sequential IMAP session per sample","0","PASS","45FA907CE0D3797C1E13EBB2F03F076A25656CCE27E801C18F745ACD3944FBBD","5136EEC556F9790732AE759EF52F77FE6172329EA55787A80300C4A824107E46","1","606","False","False","2063.711","Hedef makine etkin olarak reddetti?inden ba?lant? kurulamad? 127.0.0.1:1143","False","0","False","False","0","False"
"d02f514d-e0e9-491f-b8d4-72c89c73fe78","MANIFEST_BOUND","hmail-perf-pair-service-20260901","06EFCBA9520D478A6DAC7ABB7F09F3B63D015A0CD5ECA1EB4D0FD2CC8C38F9FD","cpp","hmail_perf_pair_cpp_20260831_head3","C:\hmail-perf-pair-service-20260901\cpp\Data","B3DF9E8BBF4BEDB1102C94DF7C86356E1FEABCBC02A18E8EABEB1EA1453D09B8",,,"one TCP client and one sequential IMAP session per sample","0","PASS","45FA907CE0D3797C1E13EBB2F03F076A25656CCE27E801C18F745ACD3944FBBD","5136EEC556F9790732AE759EF52F77FE6172329EA55787A80300C4A824107E46","1","607","False","False","2070.862","Hedef makine etkin olarak reddetti?inden ba?lant? kurulamad? 127.0.0.1:1143","False","0","False","False","0","False"
"d02f514d-e0e9-491f-b8d4-72c89c73fe78","MANIFEST_BOUND","hmail-perf-pair-service-20260901","06EFCBA9520D478A6DAC7ABB7F09F3B63D015A0CD5ECA1EB4D0FD2CC8C38F9FD","cpp","hmail_perf_pair_cpp_20260831_head3","C:\hmail-perf-pair-service-20260901\cpp\Data","B3DF9E8BBF4BEDB1102C94DF7C86356E1FEABCBC02A18E8EABEB1EA1453D09B8",,,"one TCP client and one sequential IMAP session per sample","0","PASS","45FA907CE0D3797C1E13EBB2F03F076A25656CCE27E801C18F745ACD3944FBBD","5136EEC556F9790732AE759EF52F77FE6172329EA55787A80300C4A824107E46","1","608","False","False","2053.992","Hedef makine etkin olarak reddetti?inden ba?lant? kurulamad? 127.0.0.1:1143","False","0","False","False","0","False"
"d02f514d-e0e9-491f-b8d4-72c89c73fe78","MANIFEST_BOUND","hmail-perf-pair-service-20260901","06EFCBA9520D478A6DAC7ABB7F09F3B63D015A0CD5ECA1EB4D0FD2CC8C38F9FD","cpp","hmail_perf_pair_cpp_20260831_head3","C:\hmail-perf-pair-service-20260901\cpp\Data","B3DF9E8BBF4BEDB1102C94DF7C86356E1FEABCBC02A18E8EABEB1EA1453D09B8",,,"one TCP client and one sequential IMAP session per sample","0","PASS","45FA907CE0D3797C1E13EBB2F03F076A25656CCE27E801C18F745ACD3944FBBD","5136EEC556F9790732AE759EF52F77FE6172329EA55787A80300C4A824107E46","1","609","False","False","2057.759","Hedef makine etkin olarak reddetti?inden ba?lant? kurulamad? 127.0.0.1:1143","False","0","False","False","0","False"
"d02f514d-e0e9-491f-b8d4-72c89c73fe78","MANIFEST_BOUND","hmail-perf-pair-service-20260901","06EFCBA9520D478A6DAC7ABB7F09F3B63D015A0CD5ECA1EB4D0FD2CC8C38F9FD","cpp","hmail_perf_pair_cpp_20260831_head3","C:\hmail-perf-pair-service-20260901\cpp\Data","B3DF9E8BBF4BEDB1102C94DF7C86356E1FEABCBC02A18E8EABEB1EA1453D09B8",,,"one TCP client and one sequential IMAP session per sample","0","PASS","45FA907CE0D3797C1E13EBB2F03F076A25656CCE27E801C18F745ACD3944FBBD","5136EEC556F9790732AE759EF52F77FE6172329EA55787A80300C4A824107E46","1","610","False","False","7074.159","Aktarma ba?lant?s?ndan veriler okunamad?: Ba?lan?lan uygun olarak belli bir s?re i?inde yan?t vermedi?inden veya kurulan
ba?lant? ba?lan?lan ana bilgisayar yan?t vermedi?inden bir ba?lant? kurulamad?.","False","0","False","False","0","False"
"d02f514d-e0e9-491f-b8d4-72c89c73fe78","MANIFEST_BOUND","hmail-perf-pair-service-20260901","06EFCBA9520D478A6DAC7ABB7F09F3B63D015A0CD5ECA1EB4D0FD2CC8C38F9FD","cpp","hmail_perf_pair_cpp_20260831_head3","C:\hmail-perf-pair-service-20260901\cpp\Data","B3DF9E8BBF4BEDB1102C94DF7C86356E1FEABCBC02A18E8EABEB1EA1453D09B8",,,"one TCP client and one sequential IMAP session per sample","0","PASS","45FA907CE0D3797C1E13EBB2F03F076A25656CCE27E801C18F745ACD3944FBBD","5136EEC556F9790732AE759EF52F77FE6172329EA55787A80300C4A824107E46","1","611","False","False","2062.325","Hedef makine etkin olarak reddetti?inden ba?lant? kurulamad? 127.0.0.1:1143","False","0","False","False","0","False"
"d02f514d-e0e9-491f-b8d4-72c89c73fe78","MANIFEST_BOUND","hmail-perf-pair-service-20260901","06EFCBA9520D478A6DAC7ABB7F09F3B63D015A0CD5ECA1EB4D0FD2CC8C38F9FD","cpp","hmail_perf_pair_cpp_20260831_head3","C:\hmail-perf-pair-service-20260901\cpp\Data","B3DF9E8BBF4BEDB1102C94DF7C86356E1FEABCBC02A18E8EABEB1EA1453D09B8",,,"one TCP client and one sequential IMAP session per sample","0","PASS","45FA907CE0D3797C1E13EBB2F03F076A25656CCE27E801C18F745ACD3944FBBD","5136EEC556F9790732AE759EF52F77FE6172329EA55787A80300C4A824107E46","1","612","False","False","2069.128","Hedef makine etkin olarak reddetti?inden ba?lant? kurulamad? 127.0.0.1:1143","False","0","False","False","0","False"
"d02f514d-e0e9-491f-b8d4-72c89c73fe78","MANIFEST_BOUND","hmail-perf-pair-service-20260901","06EFCBA9520D478A6DAC7ABB7F09F3B63D015A0CD5ECA1EB4D0FD2CC8C38F9FD","cpp","hmail_perf_pair_cpp_20260831_head3","C:\hmail-perf-pair-service-20260901\cpp\Data","B3DF9E8BBF4BEDB1102C94DF7C86356E1FEABCBC02A18E8EABEB1EA1453D09B8",,,"one TCP client and one sequential IMAP session per sample","0","PASS","45FA907CE0D3797C1E13EBB2F03F076A25656CCE27E801C18F745ACD3944FBBD","5136EEC556F9790732AE759EF52F77FE6172329EA55787A80300C4A824107E46","1","613","False","False","2070.333","Hedef makine etkin olarak reddetti?inden ba?lant? kurulamad? 127.0.0.1:1143","False","0","False","False","0","False"
"d02f514d-e0e9-491f-b8d4-72c89c73fe78","MANIFEST_BOUND","hmail-perf-pair-service-20260901","06EFCBA9520D478A6DAC7ABB7F09F3B63D015A0CD5ECA1EB4D0FD2CC8C38F9FD","cpp","hmail_perf_pair_cpp_20260831_head3","C:\hmail-perf-pair-service-20260901\cpp\Data","B3DF9E8BBF4BEDB1102C94DF7C86356E1FEABCBC02A18E8EABEB1EA1453D09B8",,,"one TCP client and one sequential IMAP session per sample","0","PASS","45FA907CE0D3797C1E13EBB2F03F076A25656CCE27E801C18F745ACD3944FBBD","5136EEC556F9790732AE759EF52F77FE6172329EA55787A80300C4A824107E46","1","614","False","False","2054.759","Hedef makine etkin olarak reddetti?inden ba?lant? kurulamad? 127.0.0.1:1143","False","0","False","False","0","False"
"d02f514d-e0e9-491f-b8d4-72c89c73fe78","MANIFEST_BOUND","hmail-perf-pair-service-20260901","06EFCBA9520D478A6DAC7ABB7F09F3B63D015A0CD5ECA1EB4D0FD2CC8C38F9FD","cpp","hmail_perf_pair_cpp_20260831_head3","C:\hmail-perf-pair-service-20260901\cpp\Data","B3DF9E8BBF4BEDB1102C94DF7C86356E1FEABCBC02A18E8EABEB1EA1453D09B8",,,"one TCP client and one sequential IMAP session per sample","0","PASS","45FA907CE0D3797C1E13EBB2F03F076A25656CCE27E801C18F745ACD3944FBBD","5136EEC556F9790732AE759EF52F77FE6172329EA55787A80300C4A824107E46","1","615","False","False","2057.954","Hedef makine etkin olarak reddetti?inden ba?lant? kurulamad? 127.0.0.1:1143","False","0","False","False","0","False"
"d02f514d-e0e9-491f-b8d4-72c89c73fe78","MANIFEST_BOUND","hmail-perf-pair-service-20260901","06EFCBA9520D478A6DAC7ABB7F09F3B63D015A0CD5ECA1EB4D0FD2CC8C38F9FD","cpp","hmail_perf_pair_cpp_20260831_head3","C:\hmail-perf-pair-service-20260901\cpp\Data","B3DF9E8BBF4BEDB1102C94DF7C86356E1FEABCBC02A18E8EABEB1EA1453D09B8",,,"one TCP client and one sequential IMAP session per sample","0","PASS","45FA907CE0D3797C1E13EBB2F03F076A25656CCE27E801C18F745ACD3944FBBD","5136EEC556F9790732AE759EF52F77FE6172329EA55787A80300C4A824107E46","1","616","False","False","2057.244","Hedef makine etkin olarak reddetti?inden ba?lant? kurulamad? 127.0.0.1:1143","False","0","False","False","0","False"
"d02f514d-e0e9-491f-b8d4-72c89c73fe78","MANIFEST_BOUND","hmail-perf-pair-service-20260901","06EFCBA9520D478A6DAC7ABB7F09F3B63D015A0CD5ECA1EB4D0FD2CC8C38F9FD","cpp","hmail_perf_pair_cpp_20260831_head3","C:\hmail-perf-pair-service-20260901\cpp\Data","B3DF9E8BBF4BEDB1102C94DF7C86356E1FEABCBC02A18E8EABEB1EA1453D09B8",,,"one TCP client and one sequential IMAP session per sample","0","PASS","45FA907CE0D3797C1E13EBB2F03F076A25656CCE27E801C18F745ACD3944FBBD","5136EEC556F9790732AE759EF52F77FE6172329EA55787A80300C4A824107E46","1","617","False","False","2057.747","Hedef makine etkin olarak reddetti?inden ba?lant? kurulamad? 127.0.0.1:1143","False","0","False","False","0","False"
"d02f514d-e0e9-491f-b8d4-72c89c73fe78","MANIFEST_BOUND","hmail-perf-pair-service-20260901","06EFCBA9520D478A6DAC7ABB7F09F3B63D015A0CD5ECA1EB4D0FD2CC8C38F9FD","cpp","hmail_perf_pair_cpp_20260831_head3","C:\hmail-perf-pair-service-20260901\cpp\Data","B3DF9E8BBF4BEDB1102C94DF7C86356E1FEABCBC02A18E8EABEB1EA1453D09B8",,,"one TCP client and one sequential IMAP session per sample","0","PASS","45FA907CE0D3797C1E13EBB2F03F076A25656CCE27E801C18F745ACD3944FBBD","5136EEC556F9790732AE759EF52F77FE6172329EA55787A80300C4A824107E46","1","618","False","False","2071.645","Hedef makine etkin olarak reddetti?inden ba?lant? kurulamad? 127.0.0.1:1143","False","0","False","False","0","False"
"d02f514d-e0e9-491f-b8d4-72c89c73fe78","MANIFEST_BOUND","hmail-perf-pair-service-20260901","06EFCBA9520D478A6DAC7ABB7F09F3B63D015A0CD5ECA1EB4D0FD2CC8C38F9FD","cpp","hmail_perf_pair_cpp_20260831_head3","C:\hmail-perf-pair-service-20260901\cpp\Data","B3DF9E8BBF4BEDB1102C94DF7C86356E1FEABCBC02A18E8EABEB1EA1453D09B8",,,"one TCP client and one sequential IMAP session per sample","0","PASS","45FA907CE0D3797C1E13EBB2F03F076A25656CCE27E801C18F745ACD3944FBBD","5136EEC556F9790732AE759EF52F77FE6172329EA55787A80300C4A824107E46","1","619","False","False","2062.312","Hedef makine etkin olarak reddetti?inden ba?lant? kurulamad? 127.0.0.1:1143","False","0","False","False","0","False"
"d02f514d-e0e9-491f-b8d4-72c89c73fe78","MANIFEST_BOUND","hmail-perf-pair-service-20260901","06EFCBA9520D478A6DAC7ABB7F09F3B63D015A0CD5ECA1EB4D0FD2CC8C38F9FD","cpp","hmail_perf_pair_cpp_20260831_head3","C:\hmail-perf-pair-service-20260901\cpp\Data","B3DF9E8BBF4BEDB1102C94DF7C86356E1FEABCBC02A18E8EABEB1EA1453D09B8",,,"one TCP client and one sequential IMAP session per sample","0","PASS","45FA907CE0D3797C1E13EBB2F03F076A25656CCE27E801C18F745ACD3944FBBD","5136EEC556F9790732AE759EF52F77FE6172329EA55787A80300C4A824107E46","1","620","False","False","2062.576","Hedef makine etkin olarak reddetti?inden ba?lant? kurulamad? 127.0.0.1:1143","False","0","False","False","0","False"
"d02f514d-e0e9-491f-b8d4-72c89c73fe78","MANIFEST_BOUND","hmail-perf-pair-service-20260901","06EFCBA9520D478A6DAC7ABB7F09F3B63D015A0CD5ECA1EB4D0FD2CC8C38F9FD","cpp","hmail_perf_pair_cpp_20260831_head3","C:\hmail-perf-pair-service-20260901\cpp\Data","B3DF9E8BBF4BEDB1102C94DF7C86356E1FEABCBC02A18E8EABEB1EA1453D09B8",,,"one TCP client and one sequential IMAP session per sample","0","PASS","45FA907CE0D3797C1E13EBB2F03F076A25656CCE27E801C18F745ACD3944FBBD","5136EEC556F9790732AE759EF52F77FE6172329EA55787A80300C4A824107E46","1","621","False","False","2062.431","Hedef makine etkin olarak reddetti?inden ba?lant? kurulamad? 127.0.0.1:1143","False","0","False","False","0","False"
"d02f514d-e0e9-491f-b8d4-72c89c73fe78","MANIFEST_BOUND","hmail-perf-pair-service-20260901","06EFCBA9520D478A6DAC7ABB7F09F3B63D015A0CD5ECA1EB4D0FD2CC8C38F9FD","cpp","hmail_perf_pair_cpp_20260831_head3","C:\hmail-perf-pair-service-20260901\cpp\Data","B3DF9E8BBF4BEDB1102C94DF7C86356E1FEABCBC02A18E8EABEB1EA1453D09B8",,,"one TCP client and one sequential IMAP session per sample","0","PASS","45FA907CE0D3797C1E13EBB2F03F076A25656CCE27E801C18F745ACD3944FBBD","5136EEC556F9790732AE759EF52F77FE6172329EA55787A80300C4A824107E46","1","622","False","False","2070.359","Hedef makine etkin olarak reddetti?inden ba?lant? kurulamad? 127.0.0.1:1143","False","0","False","False","0","False"
"d02f514d-e0e9-491f-b8d4-72c89c73fe78","MANIFEST_BOUND","hmail-perf-pair-service-20260901","06EFCBA9520D478A6DAC7ABB7F09F3B63D015A0CD5ECA1EB4D0FD2CC8C38F9FD","cpp","hmail_perf_pair_cpp_20260831_head3","C:\hmail-perf-pair-service-20260901\cpp\Data","B3DF9E8BBF4BEDB1102C94DF7C86356E1FEABCBC02A18E8EABEB1EA1453D09B8",,,"one TCP client and one sequential IMAP session per sample","0","PASS","45FA907CE0D3797C1E13EBB2F03F076A25656CCE27E801C18F745ACD3944FBBD","5136EEC556F9790732AE759EF52F77FE6172329EA55787A80300C4A824107E46","1","623","False","False","2069.493","Hedef makine etkin olarak reddetti?inden ba?lant? kurulamad? 127.0.0.1:1143","False","0","False","False","0","False"
"d02f514d-e0e9-491f-b8d4-72c89c73fe78","MANIFEST_BOUND","hmail-perf-pair-service-20260901","06EFCBA9520D478A6DAC7ABB7F09F3B63D015A0CD5ECA1EB4D0FD2CC8C38F9FD","cpp","hmail_perf_pair_cpp_20260831_head3","C:\hmail-perf-pair-service-20260901\cpp\Data","B3DF9E8BBF4BEDB1102C94DF7C86356E1FEABCBC02A18E8EABEB1EA1453D09B8",,,"one TCP client and one sequential IMAP session per sample","0","PASS","45FA907CE0D3797C1E13EBB2F03F076A25656CCE27E801C18F745ACD3944FBBD","5136EEC556F9790732AE759EF52F77FE6172329EA55787A80300C4A824107E46","1","624","False","False","7076.156","Aktarma ba?lant?s?ndan veriler okunamad?: Ba?lan?lan uygun olarak belli bir s?re i?inde yan?t vermedi?inden veya kurulan
ba?lant? ba?lan?lan ana bilgisayar yan?t vermedi?inden bir ba?lant? kurulamad?.","False","0","False","False","0","False"
"d02f514d-e0e9-491f-b8d4-72c89c73fe78","MANIFEST_BOUND","hmail-perf-pair-service-20260901","06EFCBA9520D478A6DAC7ABB7F09F3B63D015A0CD5ECA1EB4D0FD2CC8C38F9FD","cpp","hmail_perf_pair_cpp_20260831_head3","C:\hmail-perf-pair-service-20260901\cpp\Data","B3DF9E8BBF4BEDB1102C94DF7C86356E1FEABCBC02A18E8EABEB1EA1453D09B8",,,"one TCP client and one sequential IMAP session per sample","0","PASS","45FA907CE0D3797C1E13EBB2F03F076A25656CCE27E801C18F745ACD3944FBBD","5136EEC556F9790732AE759EF52F77FE6172329EA55787A80300C4A824107E46","1","625","False","False","2057.587","Hedef makine etkin olarak reddetti?inden ba?lant? kurulamad? 127.0.0.1:1143","False","0","False","False","0","False"
"d02f514d-e0e9-491f-b8d4-72c89c73fe78","MANIFEST_BOUND","hmail-perf-pair-service-20260901","06EFCBA9520D478A6DAC7ABB7F09F3B63D015A0CD5ECA1EB4D0FD2CC8C38F9FD","cpp","hmail_perf_pair_cpp_20260831_head3","C:\hmail-perf-pair-service-20260901\cpp\Data","B3DF9E8BBF4BEDB1102C94DF7C86356E1FEABCBC02A18E8EABEB1EA1453D09B8",,,"one TCP client and one sequential IMAP session per sample","0","PASS","45FA907CE0D3797C1E13EBB2F03F076A25656CCE27E801C18F745ACD3944FBBD","5136EEC556F9790732AE759EF52F77FE6172329EA55787A80300C4A824107E46","1","626","False","False","2054.016","Hedef makine etkin olarak reddetti?inden ba?lant? kurulamad? 127.0.0.1:1143","False","0","False","False","0","False"
"d02f514d-e0e9-491f-b8d4-72c89c73fe78","MANIFEST_BOUND","hmail-perf-pair-service-20260901","06EFCBA9520D478A6DAC7ABB7F09F3B63D015A0CD5ECA1EB4D0FD2CC8C38F9FD","cpp","hmail_perf_pair_cpp_20260831_head3","C:\hmail-perf-pair-service-20260901\cpp\Data","B3DF9E8BBF4BEDB1102C94DF7C86356E1FEABCBC02A18E8EABEB1EA1453D09B8",,,"one TCP client and one sequential IMAP session per sample","0","PASS","45FA907CE0D3797C1E13EBB2F03F076A25656CCE27E801C18F745ACD3944FBBD","5136EEC556F9790732AE759EF52F77FE6172329EA55787A80300C4A824107E46","1","627","False","False","2068.31","Hedef makine etkin olarak reddetti?inden ba?lant? kurulamad? 127.0.0.1:1143","False","0","False","False","0","False"
"d02f514d-e0e9-491f-b8d4-72c89c73fe78","MANIFEST_BOUND","hmail-perf-pair-service-20260901","06EFCBA9520D478A6DAC7ABB7F09F3B63D015A0CD5ECA1EB4D0FD2CC8C38F9FD","cpp","hmail_perf_pair_cpp_20260831_head3","C:\hmail-perf-pair-service-20260901\cpp\Data","B3DF9E8BBF4BEDB1102C94DF7C86356E1FEABCBC02A18E8EABEB1EA1453D09B8",,,"one TCP client and one sequential IMAP session per sample","0","PASS","45FA907CE0D3797C1E13EBB2F03F076A25656CCE27E801C18F745ACD3944FBBD","5136EEC556F9790732AE759EF52F77FE6172329EA55787A80300C4A824107E46","1","628","False","False","2068.877","Hedef makine etkin olarak reddetti?inden ba?lant? kurulamad? 127.0.0.1:1143","False","0","False","False","0","False"
"d02f514d-e0e9-491f-b8d4-72c89c73fe78","MANIFEST_BOUND","hmail-perf-pair-service-20260901","06EFCBA9520D478A6DAC7ABB7F09F3B63D015A0CD5ECA1EB4D0FD2CC8C38F9FD","cpp","hmail_perf_pair_cpp_20260831_head3","C:\hmail-perf-pair-service-20260901\cpp\Data","B3DF9E8BBF4BEDB1102C94DF7C86356E1FEABCBC02A18E8EABEB1EA1453D09B8",,,"one TCP client and one sequential IMAP session per sample","0","PASS","45FA907CE0D3797C1E13EBB2F03F076A25656CCE27E801C18F745ACD3944FBBD","5136EEC556F9790732AE759EF52F77FE6172329EA55787A80300C4A824107E46","1","629","False","False","2068.308","Hedef makine etkin olarak reddetti?inden ba?lant? kurulamad? 127.0.0.1:1143","False","0","False","False","0","False"
"d02f514d-e0e9-491f-b8d4-72c89c73fe78","MANIFEST_BOUND","hmail-perf-pair-service-20260901","06EFCBA9520D478A6DAC7ABB7F09F3B63D015A0CD5ECA1EB4D0FD2CC8C38F9FD","cpp","hmail_perf_pair_cpp_20260831_head3","C:\hmail-perf-pair-service-20260901\cpp\Data","B3DF9E8BBF4BEDB1102C94DF7C86356E1FEABCBC02A18E8EABEB1EA1453D09B8",,,"one TCP client and one sequential IMAP session per sample","0","PASS","45FA907CE0D3797C1E13EBB2F03F076A25656CCE27E801C18F745ACD3944FBBD","5136EEC556F9790732AE759EF52F77FE6172329EA55787A80300C4A824107E46","1","630","False","False","2070.345","Hedef makine etkin olarak reddetti?inden ba?lant? kurulamad? 127.0.0.1:1143","False","0","False","False","0","False"
"d02f514d-e0e9-491f-b8d4-72c89c73fe78","MANIFEST_BOUND","hmail-perf-pair-service-20260901","06EFCBA9520D478A6DAC7ABB7F09F3B63D015A0CD5ECA1EB4D0FD2CC8C38F9FD","cpp","hmail_perf_pair_cpp_20260831_head3","C:\hmail-perf-pair-service-20260901\cpp\Data","B3DF9E8BBF4BEDB1102C94DF7C86356E1FEABCBC02A18E8EABEB1EA1453D09B8",,,"one TCP client and one sequential IMAP session per sample","0","PASS","45FA907CE0D3797C1E13EBB2F03F076A25656CCE27E801C18F745ACD3944FBBD","5136EEC556F9790732AE759EF52F77FE6172329EA55787A80300C4A824107E46","1","631","False","False","2068.915","Hedef makine etkin olarak reddetti?inden ba?lant? kurulamad? 127.0.0.1:1143","False","0","False","False","0","False"
"d02f514d-e0e9-491f-b8d4-72c89c73fe78","MANIFEST_BOUND","hmail-perf-pair-service-20260901","06EFCBA9520D478A6DAC7ABB7F09F3B63D015A0CD5ECA1EB4D0FD2CC8C38F9FD","cpp","hmail_perf_pair_cpp_20260831_head3","C:\hmail-perf-pair-service-20260901\cpp\Data","B3DF9E8BBF4BEDB1102C94DF7C86356E1FEABCBC02A18E8EABEB1EA1453D09B8",,,"one TCP client and one sequential IMAP session per sample","0","PASS","45FA907CE0D3797C1E13EBB2F03F076A25656CCE27E801C18F745ACD3944FBBD","5136EEC556F9790732AE759EF52F77FE6172329EA55787A80300C4A824107E46","1","632","False","False","2062.67","Hedef makine etkin olarak reddetti?inden ba?lant? kurulamad? 127.0.0.1:1143","False","0","False","False","0","False"
"d02f514d-e0e9-491f-b8d4-72c89c73fe78","MANIFEST_BOUND","hmail-perf-pair-service-20260901","06EFCBA9520D478A6DAC7ABB7F09F3B63D015A0CD5ECA1EB4D0FD2CC8C38F9FD","cpp","hmail_perf_pair_cpp_20260831_head3","C:\hmail-perf-pair-service-20260901\cpp\Data","B3DF9E8BBF4BEDB1102C94DF7C86356E1FEABCBC02A18E8EABEB1EA1453D09B8",,,"one TCP client and one sequential IMAP session per sample","0","PASS","45FA907CE0D3797C1E13EBB2F03F076A25656CCE27E801C18F745ACD3944FBBD","5136EEC556F9790732AE759EF52F77FE6172329EA55787A80300C4A824107E46","1","633","False","False","2062.373","Hedef makine etkin olarak reddetti?inden ba?lant? kurulamad? 127.0.0.1:1143","False","0","False","False","0","False"
"d02f514d-e0e9-491f-b8d4-72c89c73fe78","MANIFEST_BOUND","hmail-perf-pair-service-20260901","06EFCBA9520D478A6DAC7ABB7F09F3B63D015A0CD5ECA1EB4D0FD2CC8C38F9FD","cpp","hmail_perf_pair_cpp_20260831_head3","C:\hmail-perf-pair-service-20260901\cpp\Data","B3DF9E8BBF4BEDB1102C94DF7C86356E1FEABCBC02A18E8EABEB1EA1453D09B8",,,"one TCP client and one sequential IMAP session per sample","0","PASS","45FA907CE0D3797C1E13EBB2F03F076A25656CCE27E801C18F745ACD3944FBBD","5136EEC556F9790732AE759EF52F77FE6172329EA55787A80300C4A824107E46","1","634","False","False","2067.578","Hedef makine etkin olarak reddetti?inden ba?lant? kurulamad? 127.0.0.1:1143","False","0","False","False","0","False"
"d02f514d-e0e9-491f-b8d4-72c89c73fe78","MANIFEST_BOUND","hmail-perf-pair-service-20260901","06EFCBA9520D478A6DAC7ABB7F09F3B63D015A0CD5ECA1EB4D0FD2CC8C38F9FD","cpp","hmail_perf_pair_cpp_20260831_head3","C:\hmail-perf-pair-service-20260901\cpp\Data","B3DF9E8BBF4BEDB1102C94DF7C86356E1FEABCBC02A18E8EABEB1EA1453D09B8",,,"one TCP client and one sequential IMAP session per sample","0","PASS","45FA907CE0D3797C1E13EBB2F03F076A25656CCE27E801C18F745ACD3944FBBD","5136EEC556F9790732AE759EF52F77FE6172329EA55787A80300C4A824107E46","1","635","False","False","2071.744","Hedef makine etkin olarak reddetti?inden ba?lant? kurulamad? 127.0.0.1:1143","False","0","False","False","0","False"
"d02f514d-e0e9-491f-b8d4-72c89c73fe78","MANIFEST_BOUND","hmail-perf-pair-service-20260901","06EFCBA9520D478A6DAC7ABB7F09F3B63D015A0CD5ECA1EB4D0FD2CC8C38F9FD","cpp","hmail_perf_pair_cpp_20260831_head3","C:\hmail-perf-pair-service-20260901\cpp\Data","B3DF9E8BBF4BEDB1102C94DF7C86356E1FEABCBC02A18E8EABEB1EA1453D09B8",,,"one TCP client and one sequential IMAP session per sample","0","PASS","45FA907CE0D3797C1E13EBB2F03F076A25656CCE27E801C18F745ACD3944FBBD","5136EEC556F9790732AE759EF52F77FE6172329EA55787A80300C4A824107E46","1","636","False","False","2068.496","Hedef makine etkin olarak reddetti?inden ba?lant? kurulamad? 127.0.0.1:1143","False","0","False","False","0","False"
"d02f514d-e0e9-491f-b8d4-72c89c73fe78","MANIFEST_BOUND","hmail-perf-pair-service-20260901","06EFCBA9520D478A6DAC7ABB7F09F3B63D015A0CD5ECA1EB4D0FD2CC8C38F9FD","cpp","hmail_perf_pair_cpp_20260831_head3","C:\hmail-perf-pair-service-20260901\cpp\Data","B3DF9E8BBF4BEDB1102C94DF7C86356E1FEABCBC02A18E8EABEB1EA1453D09B8",,,"one TCP client and one sequential IMAP session per sample","0","PASS","45FA907CE0D3797C1E13EBB2F03F076A25656CCE27E801C18F745ACD3944FBBD","5136EEC556F9790732AE759EF52F77FE6172329EA55787A80300C4A824107E46","1","637","False","False","2069.778","Hedef makine etkin olarak reddetti?inden ba?lant? kurulamad? 127.0.0.1:1143","False","0","False","False","0","False"
"d02f514d-e0e9-491f-b8d4-72c89c73fe78","MANIFEST_BOUND","hmail-perf-pair-service-20260901","06EFCBA9520D478A6DAC7ABB7F09F3B63D015A0CD5ECA1EB4D0FD2CC8C38F9FD","cpp","hmail_perf_pair_cpp_20260831_head3","C:\hmail-perf-pair-service-20260901\cpp\Data","B3DF9E8BBF4BEDB1102C94DF7C86356E1FEABCBC02A18E8EABEB1EA1453D09B8",,,"one TCP client and one sequential IMAP session per sample","0","PASS","45FA907CE0D3797C1E13EBB2F03F076A25656CCE27E801C18F745ACD3944FBBD","5136EEC556F9790732AE759EF52F77FE6172329EA55787A80300C4A824107E46","1","638","False","False","2070.227","Hedef makine etkin olarak reddetti?inden ba?lant? kurulamad? 127.0.0.1:1143","False","0","False","False","0","False"
"d02f514d-e0e9-491f-b8d4-72c89c73fe78","MANIFEST_BOUND","hmail-perf-pair-service-20260901","06EFCBA9520D478A6DAC7ABB7F09F3B63D015A0CD5ECA1EB4D0FD2CC8C38F9FD","cpp","hmail_perf_pair_cpp_20260831_head3","C:\hmail-perf-pair-service-20260901\cpp\Data","B3DF9E8BBF4BEDB1102C94DF7C86356E1FEABCBC02A18E8EABEB1EA1453D09B8",,,"one TCP client and one sequential IMAP session per sample","0","PASS","45FA907CE0D3797C1E13EBB2F03F076A25656CCE27E801C18F745ACD3944FBBD","5136EEC556F9790732AE759EF52F77FE6172329EA55787A80300C4A824107E46","1","639","False","False","2070.302","Hedef makine etkin olarak reddetti?inden ba?lant? kurulamad? 127.0.0.1:1143","False","0","False","False","0","False"
"d02f514d-e0e9-491f-b8d4-72c89c73fe78","MANIFEST_BOUND","hmail-perf-pair-service-20260901","06EFCBA9520D478A6DAC7ABB7F09F3B63D015A0CD5ECA1EB4D0FD2CC8C38F9FD","cpp","hmail_perf_pair_cpp_20260831_head3","C:\hmail-perf-pair-service-20260901\cpp\Data","B3DF9E8BBF4BEDB1102C94DF7C86356E1FEABCBC02A18E8EABEB1EA1453D09B8",,,"one TCP client and one sequential IMAP session per sample","0","PASS","45FA907CE0D3797C1E13EBB2F03F076A25656CCE27E801C18F745ACD3944FBBD","5136EEC556F9790732AE759EF52F77FE6172329EA55787A80300C4A824107E46","1","640","False","False","2062.308","Hedef makine etkin olarak reddetti?inden ba?lant? kurulamad? 127.0.0.1:1143","False","0","False","False","0","False"
"d02f514d-e0e9-491f-b8d4-72c89c73fe78","MANIFEST_BOUND","hmail-perf-pair-service-20260901","06EFCBA9520D478A6DAC7ABB7F09F3B63D015A0CD5ECA1EB4D0FD2CC8C38F9FD","cpp","hmail_perf_pair_cpp_20260831_head3","C:\hmail-perf-pair-service-20260901\cpp\Data","B3DF9E8BBF4BEDB1102C94DF7C86356E1FEABCBC02A18E8EABEB1EA1453D09B8",,,"one TCP client and one sequential IMAP session per sample","0","PASS","45FA907CE0D3797C1E13EBB2F03F076A25656CCE27E801C18F745ACD3944FBBD","5136EEC556F9790732AE759EF52F77FE6172329EA55787A80300C4A824107E46","1","641","False","False","2069.794","Hedef makine etkin olarak reddetti?inden ba?lant? kurulamad? 127.0.0.1:1143","False","0","False","False","0","False"
"d02f514d-e0e9-491f-b8d4-72c89c73fe78","MANIFEST_BOUND","hmail-perf-pair-service-20260901","06EFCBA9520D478A6DAC7ABB7F09F3B63D015A0CD5ECA1EB4D0FD2CC8C38F9FD","cpp","hmail_perf_pair_cpp_20260831_head3","C:\hmail-perf-pair-service-20260901\cpp\Data","B3DF9E8BBF4BEDB1102C94DF7C86356E1FEABCBC02A18E8EABEB1EA1453D09B8",,,"one TCP client and one sequential IMAP session per sample","0","PASS","45FA907CE0D3797C1E13EBB2F03F076A25656CCE27E801C18F745ACD3944FBBD","5136EEC556F9790732AE759EF52F77FE6172329EA55787A80300C4A824107E46","1","642","False","False","2069.488","Hedef makine etkin olarak reddetti?inden ba?lant? kurulamad? 127.0.0.1:1143","False","0","False","False","0","False"
"d02f514d-e0e9-491f-b8d4-72c89c73fe78","MANIFEST_BOUND","hmail-perf-pair-service-20260901","06EFCBA9520D478A6DAC7ABB7F09F3B63D015A0CD5ECA1EB4D0FD2CC8C38F9FD","cpp","hmail_perf_pair_cpp_20260831_head3","C:\hmail-perf-pair-service-20260901\cpp\Data","B3DF9E8BBF4BEDB1102C94DF7C86356E1FEABCBC02A18E8EABEB1EA1453D09B8",,,"one TCP client and one sequential IMAP session per sample","0","PASS","45FA907CE0D3797C1E13EBB2F03F076A25656CCE27E801C18F745ACD3944FBBD","5136EEC556F9790732AE759EF52F77FE6172329EA55787A80300C4A824107E46","1","643","False","False","2067.628","Hedef makine etkin olarak reddetti?inden ba?lant? kurulamad? 127.0.0.1:1143","False","0","False","False","0","False"
"d02f514d-e0e9-491f-b8d4-72c89c73fe78","MANIFEST_BOUND","hmail-perf-pair-service-20260901","06EFCBA9520D478A6DAC7ABB7F09F3B63D015A0CD5ECA1EB4D0FD2CC8C38F9FD","cpp","hmail_perf_pair_cpp_20260831_head3","C:\hmail-perf-pair-service-20260901\cpp\Data","B3DF9E8BBF4BEDB1102C94DF7C86356E1FEABCBC02A18E8EABEB1EA1453D09B8",,,"one TCP client and one sequential IMAP session per sample","0","PASS","45FA907CE0D3797C1E13EBB2F03F076A25656CCE27E801C18F745ACD3944FBBD","5136EEC556F9790732AE759EF52F77FE6172329EA55787A80300C4A824107E46","1","644","False","False","2068.316","Hedef makine etkin olarak reddetti?inden ba?lant? kurulamad? 127.0.0.1:1143","False","0","False","False","0","False"
"d02f514d-e0e9-491f-b8d4-72c89c73fe78","MANIFEST_BOUND","hmail-perf-pair-service-20260901","06EFCBA9520D478A6DAC7ABB7F09F3B63D015A0CD5ECA1EB4D0FD2CC8C38F9FD","cpp","hmail_perf_pair_cpp_20260831_head3","C:\hmail-perf-pair-service-20260901\cpp\Data","B3DF9E8BBF4BEDB1102C94DF7C86356E1FEABCBC02A18E8EABEB1EA1453D09B8",,,"one TCP client and one sequential IMAP session per sample","0","PASS","45FA907CE0D3797C1E13EBB2F03F076A25656CCE27E801C18F745ACD3944FBBD","5136EEC556F9790732AE759EF52F77FE6172329EA55787A80300C4A824107E46","1","645","False","False","2068.315","Hedef makine etkin olarak reddetti?inden ba?lant? kurulamad? 127.0.0.1:1143","False","0","False","False","0","False"
"d02f514d-e0e9-491f-b8d4-72c89c73fe78","MANIFEST_BOUND","hmail-perf-pair-service-20260901","06EFCBA9520D478A6DAC7ABB7F09F3B63D015A0CD5ECA1EB4D0FD2CC8C38F9FD","cpp","hmail_perf_pair_cpp_20260831_head3","C:\hmail-perf-pair-service-20260901\cpp\Data","B3DF9E8BBF4BEDB1102C94DF7C86356E1FEABCBC02A18E8EABEB1EA1453D09B8",,,"one TCP client and one sequential IMAP session per sample","0","PASS","45FA907CE0D3797C1E13EBB2F03F076A25656CCE27E801C18F745ACD3944FBBD","5136EEC556F9790732AE759EF52F77FE6172329EA55787A80300C4A824107E46","1","646","False","False","2068.224","Hedef makine etkin olarak reddetti?inden ba?lant? kurulamad? 127.0.0.1:1143","False","0","False","False","0","False"
"d02f514d-e0e9-491f-b8d4-72c89c73fe78","MANIFEST_BOUND","hmail-perf-pair-service-20260901","06EFCBA9520D478A6DAC7ABB7F09F3B63D015A0CD5ECA1EB4D0FD2CC8C38F9FD","cpp","hmail_perf_pair_cpp_20260831_head3","C:\hmail-perf-pair-service-20260901\cpp\Data","B3DF9E8BBF4BEDB1102C94DF7C86356E1FEABCBC02A18E8EABEB1EA1453D09B8",,,"one TCP client and one sequential IMAP session per sample","0","PASS","45FA907CE0D3797C1E13EBB2F03F076A25656CCE27E801C18F745ACD3944FBBD","5136EEC556F9790732AE759EF52F77FE6172329EA55787A80300C4A824107E46","1","647","False","False","2061.734","Hedef makine etkin olarak reddetti?inden ba?lant? kurulamad? 127.0.0.1:1143","False","0","False","False","0","False"
"d02f514d-e0e9-491f-b8d4-72c89c73fe78","MANIFEST_BOUND","hmail-perf-pair-service-20260901","06EFCBA9520D478A6DAC7ABB7F09F3B63D015A0CD5ECA1EB4D0FD2CC8C38F9FD","cpp","hmail_perf_pair_cpp_20260831_head3","C:\hmail-perf-pair-service-20260901\cpp\Data","B3DF9E8BBF4BEDB1102C94DF7C86356E1FEABCBC02A18E8EABEB1EA1453D09B8",,,"one TCP client and one sequential IMAP session per sample","0","PASS","45FA907CE0D3797C1E13EBB2F03F076A25656CCE27E801C18F745ACD3944FBBD","5136EEC556F9790732AE759EF52F77FE6172329EA55787A80300C4A824107E46","1","648","False","False","2069.204","Hedef makine etkin olarak reddetti?inden ba?lant? kurulamad? 127.0.0.1:1143","False","0","False","False","0","False"
"d02f514d-e0e9-491f-b8d4-72c89c73fe78","MANIFEST_BOUND","hmail-perf-pair-service-20260901","06EFCBA9520D478A6DAC7ABB7F09F3B63D015A0CD5ECA1EB4D0FD2CC8C38F9FD","cpp","hmail_perf_pair_cpp_20260831_head3","C:\hmail-perf-pair-service-20260901\cpp\Data","B3DF9E8BBF4BEDB1102C94DF7C86356E1FEABCBC02A18E8EABEB1EA1453D09B8",,,"one TCP client and one sequential IMAP session per sample","0","PASS","45FA907CE0D3797C1E13EBB2F03F076A25656CCE27E801C18F745ACD3944FBBD","5136EEC556F9790732AE759EF52F77FE6172329EA55787A80300C4A824107E46","1","649","False","False","2061.892","Hedef makine etkin olarak reddetti?inden ba?lant? kurulamad? 127.0.0.1:1143","False","0","False","False","0","False"
"d02f514d-e0e9-491f-b8d4-72c89c73fe78","MANIFEST_BOUND","hmail-perf-pair-service-20260901","06EFCBA9520D478A6DAC7ABB7F09F3B63D015A0CD5ECA1EB4D0FD2CC8C38F9FD","cpp","hmail_perf_pair_cpp_20260831_head3","C:\hmail-perf-pair-service-20260901\cpp\Data","B3DF9E8BBF4BEDB1102C94DF7C86356E1FEABCBC02A18E8EABEB1EA1453D09B8",,,"one TCP client and one sequential IMAP session per sample","0","PASS","45FA907CE0D3797C1E13EBB2F03F076A25656CCE27E801C18F745ACD3944FBBD","5136EEC556F9790732AE759EF52F77FE6172329EA55787A80300C4A824107E46","1","650","False","False","2067.44","Hedef makine etkin olarak reddetti?inden ba?lant? kurulamad? 127.0.0.1:1143","False","0","False","False","0","False"
"d02f514d-e0e9-491f-b8d4-72c89c73fe78","MANIFEST_BOUND","hmail-perf-pair-service-20260901","06EFCBA9520D478A6DAC7ABB7F09F3B63D015A0CD5ECA1EB4D0FD2CC8C38F9FD","cpp","hmail_perf_pair_cpp_20260831_head3","C:\hmail-perf-pair-service-20260901\cpp\Data","B3DF9E8BBF4BEDB1102C94DF7C86356E1FEABCBC02A18E8EABEB1EA1453D09B8",,,"one TCP client and one sequential IMAP session per sample","0","PASS","45FA907CE0D3797C1E13EBB2F03F076A25656CCE27E801C18F745ACD3944FBBD","5136EEC556F9790732AE759EF52F77FE6172329EA55787A80300C4A824107E46","1","651","False","False","2067.594","Hedef makine etkin olarak reddetti?inden ba?lant? kurulamad? 127.0.0.1:1143","False","0","False","False","0","False"
"d02f514d-e0e9-491f-b8d4-72c89c73fe78","MANIFEST_BOUND","hmail-perf-pair-service-20260901","06EFCBA9520D478A6DAC7ABB7F09F3B63D015A0CD5ECA1EB4D0FD2CC8C38F9FD","cpp","hmail_perf_pair_cpp_20260831_head3","C:\hmail-perf-pair-service-20260901\cpp\Data","B3DF9E8BBF4BEDB1102C94DF7C86356E1FEABCBC02A18E8EABEB1EA1453D09B8",,,"one TCP client and one sequential IMAP session per sample","0","PASS","45FA907CE0D3797C1E13EBB2F03F076A25656CCE27E801C18F745ACD3944FBBD","5136EEC556F9790732AE759EF52F77FE6172329EA55787A80300C4A824107E46","1","652","False","False","2065.755","Hedef makine etkin olarak reddetti?inden ba?lant? kurulamad? 127.0.0.1:1143","False","0","False","False","0","False"
"d02f514d-e0e9-491f-b8d4-72c89c73fe78","MANIFEST_BOUND","hmail-perf-pair-service-20260901","06EFCBA9520D478A6DAC7ABB7F09F3B63D015A0CD5ECA1EB4D0FD2CC8C38F9FD","cpp","hmail_perf_pair_cpp_20260831_head3","C:\hmail-perf-pair-service-20260901\cpp\Data","B3DF9E8BBF4BEDB1102C94DF7C86356E1FEABCBC02A18E8EABEB1EA1453D09B8",,,"one TCP client and one sequential IMAP session per sample","0","PASS","45FA907CE0D3797C1E13EBB2F03F076A25656CCE27E801C18F745ACD3944FBBD","5136EEC556F9790732AE759EF52F77FE6172329EA55787A80300C4A824107E46","1","653","False","False","2069.661","Hedef makine etkin olarak reddetti?inden ba?lant? kurulamad? 127.0.0.1:1143","False","0","False","False","0","False"
"d02f514d-e0e9-491f-b8d4-72c89c73fe78","MANIFEST_BOUND","hmail-perf-pair-service-20260901","06EFCBA9520D478A6DAC7ABB7F09F3B63D015A0CD5ECA1EB4D0FD2CC8C38F9FD","cpp","hmail_perf_pair_cpp_20260831_head3","C:\hmail-perf-pair-service-20260901\cpp\Data","B3DF9E8BBF4BEDB1102C94DF7C86356E1FEABCBC02A18E8EABEB1EA1453D09B8",,,"one TCP client and one sequential IMAP session per sample","0","PASS","45FA907CE0D3797C1E13EBB2F03F076A25656CCE27E801C18F745ACD3944FBBD","5136EEC556F9790732AE759EF52F77FE6172329EA55787A80300C4A824107E46","1","654","False","False","2067.224","Hedef makine etkin olarak reddetti?inden ba?lant? kurulamad? 127.0.0.1:1143","False","0","False","False","0","False"
"d02f514d-e0e9-491f-b8d4-72c89c73fe78","MANIFEST_BOUND","hmail-perf-pair-service-20260901","06EFCBA9520D478A6DAC7ABB7F09F3B63D015A0CD5ECA1EB4D0FD2CC8C38F9FD","cpp","hmail_perf_pair_cpp_20260831_head3","C:\hmail-perf-pair-service-20260901\cpp\Data","B3DF9E8BBF4BEDB1102C94DF7C86356E1FEABCBC02A18E8EABEB1EA1453D09B8",,,"one TCP client and one sequential IMAP session per sample","0","PASS","45FA907CE0D3797C1E13EBB2F03F076A25656CCE27E801C18F745ACD3944FBBD","5136EEC556F9790732AE759EF52F77FE6172329EA55787A80300C4A824107E46","1","655","False","False","2067.699","Hedef makine etkin olarak reddetti?inden ba?lant? kurulamad? 127.0.0.1:1143","False","0","False","False","0","False"
"d02f514d-e0e9-491f-b8d4-72c89c73fe78","MANIFEST_BOUND","hmail-perf-pair-service-20260901","06EFCBA9520D478A6DAC7ABB7F09F3B63D015A0CD5ECA1EB4D0FD2CC8C38F9FD","cpp","hmail_perf_pair_cpp_20260831_head3","C:\hmail-perf-pair-service-20260901\cpp\Data","B3DF9E8BBF4BEDB1102C94DF7C86356E1FEABCBC02A18E8EABEB1EA1453D09B8",,,"one TCP client and one sequential IMAP session per sample","0","PASS","45FA907CE0D3797C1E13EBB2F03F076A25656CCE27E801C18F745ACD3944FBBD","5136EEC556F9790732AE759EF52F77FE6172329EA55787A80300C4A824107E46","1","656","False","False","2061.417","Hedef makine etkin olarak reddetti?inden ba?lant? kurulamad? 127.0.0.1:1143","False","0","False","False","0","False"
"d02f514d-e0e9-491f-b8d4-72c89c73fe78","MANIFEST_BOUND","hmail-perf-pair-service-20260901","06EFCBA9520D478A6DAC7ABB7F09F3B63D015A0CD5ECA1EB4D0FD2CC8C38F9FD","cpp","hmail_perf_pair_cpp_20260831_head3","C:\hmail-perf-pair-service-20260901\cpp\Data","B3DF9E8BBF4BEDB1102C94DF7C86356E1FEABCBC02A18E8EABEB1EA1453D09B8",,,"one TCP client and one sequential IMAP session per sample","0","PASS","45FA907CE0D3797C1E13EBB2F03F076A25656CCE27E801C18F745ACD3944FBBD","5136EEC556F9790732AE759EF52F77FE6172329EA55787A80300C4A824107E46","1","657","False","False","2061.511","Hedef makine etkin olarak reddetti?inden ba?lant? kurulamad? 127.0.0.1:1143","False","0","False","False","0","False"
"d02f514d-e0e9-491f-b8d4-72c89c73fe78","MANIFEST_BOUND","hmail-perf-pair-service-20260901","06EFCBA9520D478A6DAC7ABB7F09F3B63D015A0CD5ECA1EB4D0FD2CC8C38F9FD","cpp","hmail_perf_pair_cpp_20260831_head3","C:\hmail-perf-pair-service-20260901\cpp\Data","B3DF9E8BBF4BEDB1102C94DF7C86356E1FEABCBC02A18E8EABEB1EA1453D09B8",,,"one TCP client and one sequential IMAP session per sample","0","PASS","45FA907CE0D3797C1E13EBB2F03F076A25656CCE27E801C18F745ACD3944FBBD","5136EEC556F9790732AE759EF52F77FE6172329EA55787A80300C4A824107E46","1","658","False","False","2061.331","Hedef makine etkin olarak reddetti?inden ba?lant? kurulamad? 127.0.0.1:1143","False","0","False","False","0","False"
"d02f514d-e0e9-491f-b8d4-72c89c73fe78","MANIFEST_BOUND","hmail-perf-pair-service-20260901","06EFCBA9520D478A6DAC7ABB7F09F3B63D015A0CD5ECA1EB4D0FD2CC8C38F9FD","cpp","hmail_perf_pair_cpp_20260831_head3","C:\hmail-perf-pair-service-20260901\cpp\Data","B3DF9E8BBF4BEDB1102C94DF7C86356E1FEABCBC02A18E8EABEB1EA1453D09B8",,,"one TCP client and one sequential IMAP session per sample","0","PASS","45FA907CE0D3797C1E13EBB2F03F076A25656CCE27E801C18F745ACD3944FBBD","5136EEC556F9790732AE759EF52F77FE6172329EA55787A80300C4A824107E46","1","659","False","False","2068.501","Hedef makine etkin olarak reddetti?inden ba?lant? kurulamad? 127.0.0.1:1143","False","0","False","False","0","False"
"d02f514d-e0e9-491f-b8d4-72c89c73fe78","MANIFEST_BOUND","hmail-perf-pair-service-20260901","06EFCBA9520D478A6DAC7ABB7F09F3B63D015A0CD5ECA1EB4D0FD2CC8C38F9FD","cpp","hmail_perf_pair_cpp_20260831_head3","C:\hmail-perf-pair-service-20260901\cpp\Data","B3DF9E8BBF4BEDB1102C94DF7C86356E1FEABCBC02A18E8EABEB1EA1453D09B8",,,"one TCP client and one sequential IMAP session per sample","0","PASS","45FA907CE0D3797C1E13EBB2F03F076A25656CCE27E801C18F745ACD3944FBBD","5136EEC556F9790732AE759EF52F77FE6172329EA55787A80300C4A824107E46","1","660","False","False","2069.433","Hedef makine etkin olarak reddetti?inden ba?lant? kurulamad? 127.0.0.1:1143","False","0","False","False","0","False"
"d02f514d-e0e9-491f-b8d4-72c89c73fe78","MANIFEST_BOUND","hmail-perf-pair-service-20260901","06EFCBA9520D478A6DAC7ABB7F09F3B63D015A0CD5ECA1EB4D0FD2CC8C38F9FD","cpp","hmail_perf_pair_cpp_20260831_head3","C:\hmail-perf-pair-service-20260901\cpp\Data","B3DF9E8BBF4BEDB1102C94DF7C86356E1FEABCBC02A18E8EABEB1EA1453D09B8",,,"one TCP client and one sequential IMAP session per sample","0","PASS","45FA907CE0D3797C1E13EBB2F03F076A25656CCE27E801C18F745ACD3944FBBD","5136EEC556F9790732AE759EF52F77FE6172329EA55787A80300C4A824107E46","1","661","False","False","2067.487","Hedef makine etkin olarak reddetti?inden ba?lant? kurulamad? 127.0.0.1:1143","False","0","False","False","0","False"
"d02f514d-e0e9-491f-b8d4-72c89c73fe78","MANIFEST_BOUND","hmail-perf-pair-service-20260901","06EFCBA9520D478A6DAC7ABB7F09F3B63D015A0CD5ECA1EB4D0FD2CC8C38F9FD","cpp","hmail_perf_pair_cpp_20260831_head3","C:\hmail-perf-pair-service-20260901\cpp\Data","B3DF9E8BBF4BEDB1102C94DF7C86356E1FEABCBC02A18E8EABEB1EA1453D09B8",,,"one TCP client and one sequential IMAP session per sample","0","PASS","45FA907CE0D3797C1E13EBB2F03F076A25656CCE27E801C18F745ACD3944FBBD","5136EEC556F9790732AE759EF52F77FE6172329EA55787A80300C4A824107E46","1","662","False","False","2069.271","Hedef makine etkin olarak reddetti?inden ba?lant? kurulamad? 127.0.0.1:1143","False","0","False","False","0","False"
"d02f514d-e0e9-491f-b8d4-72c89c73fe78","MANIFEST_BOUND","hmail-perf-pair-service-20260901","06EFCBA9520D478A6DAC7ABB7F09F3B63D015A0CD5ECA1EB4D0FD2CC8C38F9FD","cpp","hmail_perf_pair_cpp_20260831_head3","C:\hmail-perf-pair-service-20260901\cpp\Data","B3DF9E8BBF4BEDB1102C94DF7C86356E1FEABCBC02A18E8EABEB1EA1453D09B8",,,"one TCP client and one sequential IMAP session per sample","0","PASS","45FA907CE0D3797C1E13EBB2F03F076A25656CCE27E801C18F745ACD3944FBBD","5136EEC556F9790732AE759EF52F77FE6172329EA55787A80300C4A824107E46","1","663","False","False","2067.39","Hedef makine etkin olarak reddetti?inden ba?lant? kurulamad? 127.0.0.1:1143","False","0","False","False","0","False"
"d02f514d-e0e9-491f-b8d4-72c89c73fe78","MANIFEST_BOUND","hmail-perf-pair-service-20260901","06EFCBA9520D478A6DAC7ABB7F09F3B63D015A0CD5ECA1EB4D0FD2CC8C38F9FD","cpp","hmail_perf_pair_cpp_20260831_head3","C:\hmail-perf-pair-service-20260901\cpp\Data","B3DF9E8BBF4BEDB1102C94DF7C86356E1FEABCBC02A18E8EABEB1EA1453D09B8",,,"one TCP client and one sequential IMAP session per sample","0","PASS","45FA907CE0D3797C1E13EBB2F03F076A25656CCE27E801C18F745ACD3944FBBD","5136EEC556F9790732AE759EF52F77FE6172329EA55787A80300C4A824107E46","1","664","False","False","2061.133","Hedef makine etkin olarak reddetti?inden ba?lant? kurulamad? 127.0.0.1:1143","False","0","False","False","0","False"
"d02f514d-e0e9-491f-b8d4-72c89c73fe78","MANIFEST_BOUND","hmail-perf-pair-service-20260901","06EFCBA9520D478A6DAC7ABB7F09F3B63D015A0CD5ECA1EB4D0FD2CC8C38F9FD","cpp","hmail_perf_pair_cpp_20260831_head3","C:\hmail-perf-pair-service-20260901\cpp\Data","B3DF9E8BBF4BEDB1102C94DF7C86356E1FEABCBC02A18E8EABEB1EA1453D09B8",,,"one TCP client and one sequential IMAP session per sample","0","PASS","45FA907CE0D3797C1E13EBB2F03F076A25656CCE27E801C18F745ACD3944FBBD","5136EEC556F9790732AE759EF52F77FE6172329EA55787A80300C4A824107E46","1","665","False","False","2069.273","Hedef makine etkin olarak reddetti?inden ba?lant? kurulamad? 127.0.0.1:1143","False","0","False","False","0","False"
"d02f514d-e0e9-491f-b8d4-72c89c73fe78","MANIFEST_BOUND","hmail-perf-pair-service-20260901","06EFCBA9520D478A6DAC7ABB7F09F3B63D015A0CD5ECA1EB4D0FD2CC8C38F9FD","cpp","hmail_perf_pair_cpp_20260831_head3","C:\hmail-perf-pair-service-20260901\cpp\Data","B3DF9E8BBF4BEDB1102C94DF7C86356E1FEABCBC02A18E8EABEB1EA1453D09B8",,,"one TCP client and one sequential IMAP session per sample","0","PASS","45FA907CE0D3797C1E13EBB2F03F076A25656CCE27E801C18F745ACD3944FBBD","5136EEC556F9790732AE759EF52F77FE6172329EA55787A80300C4A824107E46","1","666","False","False","2066.779","Hedef makine etkin olarak reddetti?inden ba?lant? kurulamad? 127.0.0.1:1143","False","0","False","False","0","False"
"d02f514d-e0e9-491f-b8d4-72c89c73fe78","MANIFEST_BOUND","hmail-perf-pair-service-20260901","06EFCBA9520D478A6DAC7ABB7F09F3B63D015A0CD5ECA1EB4D0FD2CC8C38F9FD","cpp","hmail_perf_pair_cpp_20260831_head3","C:\hmail-perf-pair-service-20260901\cpp\Data","B3DF9E8BBF4BEDB1102C94DF7C86356E1FEABCBC02A18E8EABEB1EA1453D09B8",,,"one TCP client and one sequential IMAP session per sample","0","PASS","45FA907CE0D3797C1E13EBB2F03F076A25656CCE27E801C18F745ACD3944FBBD","5136EEC556F9790732AE759EF52F77FE6172329EA55787A80300C4A824107E46","1","667","False","False","2061.258","Hedef makine etkin olarak reddetti?inden ba?lant? kurulamad? 127.0.0.1:1143","False","0","False","False","0","False"
"d02f514d-e0e9-491f-b8d4-72c89c73fe78","MANIFEST_BOUND","hmail-perf-pair-service-20260901","06EFCBA9520D478A6DAC7ABB7F09F3B63D015A0CD5ECA1EB4D0FD2CC8C38F9FD","cpp","hmail_perf_pair_cpp_20260831_head3","C:\hmail-perf-pair-service-20260901\cpp\Data","B3DF9E8BBF4BEDB1102C94DF7C86356E1FEABCBC02A18E8EABEB1EA1453D09B8",,,"one TCP client and one sequential IMAP session per sample","0","PASS","45FA907CE0D3797C1E13EBB2F03F076A25656CCE27E801C18F745ACD3944FBBD","5136EEC556F9790732AE759EF52F77FE6172329EA55787A80300C4A824107E46","1","668","False","False","2061","Hedef makine etkin olarak reddetti?inden ba?lant? kurulamad? 127.0.0.1:1143","False","0","False","False","0","False"
"d02f514d-e0e9-491f-b8d4-72c89c73fe78","MANIFEST_BOUND","hmail-perf-pair-service-20260901","06EFCBA9520D478A6DAC7ABB7F09F3B63D015A0CD5ECA1EB4D0FD2CC8C38F9FD","cpp","hmail_perf_pair_cpp_20260831_head3","C:\hmail-perf-pair-service-20260901\cpp\Data","B3DF9E8BBF4BEDB1102C94DF7C86356E1FEABCBC02A18E8EABEB1EA1453D09B8",,,"one TCP client and one sequential IMAP session per sample","0","PASS","45FA907CE0D3797C1E13EBB2F03F076A25656CCE27E801C18F745ACD3944FBBD","5136EEC556F9790732AE759EF52F77FE6172329EA55787A80300C4A824107E46","1","669","False","False","2069.338","Hedef makine etkin olarak reddetti?inden ba?lant? kurulamad? 127.0.0.1:1143","False","0","False","False","0","False"
"d02f514d-e0e9-491f-b8d4-72c89c73fe78","MANIFEST_BOUND","hmail-perf-pair-service-20260901","06EFCBA9520D478A6DAC7ABB7F09F3B63D015A0CD5ECA1EB4D0FD2CC8C38F9FD","cpp","hmail_perf_pair_cpp_20260831_head3","C:\hmail-perf-pair-service-20260901\cpp\Data","B3DF9E8BBF4BEDB1102C94DF7C86356E1FEABCBC02A18E8EABEB1EA1453D09B8",,,"one TCP client and one sequential IMAP session per sample","0","PASS","45FA907CE0D3797C1E13EBB2F03F076A25656CCE27E801C18F745ACD3944FBBD","5136EEC556F9790732AE759EF52F77FE6172329EA55787A80300C4A824107E46","1","670","False","False","2067.228","Hedef makine etkin olarak reddetti?inden ba?lant? kurulamad? 127.0.0.1:1143","False","0","False","False","0","False"
"d02f514d-e0e9-491f-b8d4-72c89c73fe78","MANIFEST_BOUND","hmail-perf-pair-service-20260901","06EFCBA9520D478A6DAC7ABB7F09F3B63D015A0CD5ECA1EB4D0FD2CC8C38F9FD","cpp","hmail_perf_pair_cpp_20260831_head3","C:\hmail-perf-pair-service-20260901\cpp\Data","B3DF9E8BBF4BEDB1102C94DF7C86356E1FEABCBC02A18E8EABEB1EA1453D09B8",,,"one TCP client and one sequential IMAP session per sample","0","PASS","45FA907CE0D3797C1E13EBB2F03F076A25656CCE27E801C18F745ACD3944FBBD","5136EEC556F9790732AE759EF52F77FE6172329EA55787A80300C4A824107E46","1","671","False","False","2067.389","Hedef makine etkin olarak reddetti?inden ba?lant? kurulamad? 127.0.0.1:1143","False","0","False","False","0","False"
"d02f514d-e0e9-491f-b8d4-72c89c73fe78","MANIFEST_BOUND","hmail-perf-pair-service-20260901","06EFCBA9520D478A6DAC7ABB7F09F3B63D015A0CD5ECA1EB4D0FD2CC8C38F9FD","cpp","hmail_perf_pair_cpp_20260831_head3","C:\hmail-perf-pair-service-20260901\cpp\Data","B3DF9E8BBF4BEDB1102C94DF7C86356E1FEABCBC02A18E8EABEB1EA1453D09B8",,,"one TCP client and one sequential IMAP session per sample","0","PASS","45FA907CE0D3797C1E13EBB2F03F076A25656CCE27E801C18F745ACD3944FBBD","5136EEC556F9790732AE759EF52F77FE6172329EA55787A80300C4A824107E46","1","672","False","False","2068.06","Hedef makine etkin olarak reddetti?inden ba?lant? kurulamad? 127.0.0.1:1143","False","0","False","False","0","False"
"d02f514d-e0e9-491f-b8d4-72c89c73fe78","MANIFEST_BOUND","hmail-perf-pair-service-20260901","06EFCBA9520D478A6DAC7ABB7F09F3B63D015A0CD5ECA1EB4D0FD2CC8C38F9FD","cpp","hmail_perf_pair_cpp_20260831_head3","C:\hmail-perf-pair-service-20260901\cpp\Data","B3DF9E8BBF4BEDB1102C94DF7C86356E1FEABCBC02A18E8EABEB1EA1453D09B8",,,"one TCP client and one sequential IMAP session per sample","0","PASS","45FA907CE0D3797C1E13EBB2F03F076A25656CCE27E801C18F745ACD3944FBBD","5136EEC556F9790732AE759EF52F77FE6172329EA55787A80300C4A824107E46","1","673","False","False","2067.246","Hedef makine etkin olarak reddetti?inden ba?lant? kurulamad? 127.0.0.1:1143","False","0","False","False","0","False"
"d02f514d-e0e9-491f-b8d4-72c89c73fe78","MANIFEST_BOUND","hmail-perf-pair-service-20260901","06EFCBA9520D478A6DAC7ABB7F09F3B63D015A0CD5ECA1EB4D0FD2CC8C38F9FD","cpp","hmail_perf_pair_cpp_20260831_head3","C:\hmail-perf-pair-service-20260901\cpp\Data","B3DF9E8BBF4BEDB1102C94DF7C86356E1FEABCBC02A18E8EABEB1EA1453D09B8",,,"one TCP client and one sequential IMAP session per sample","0","PASS","45FA907CE0D3797C1E13EBB2F03F076A25656CCE27E801C18F745ACD3944FBBD","5136EEC556F9790732AE759EF52F77FE6172329EA55787A80300C4A824107E46","1","674","False","False","2066.559","Hedef makine etkin olarak reddetti?inden ba?lant? kurulamad? 127.0.0.1:1143","False","0","False","False","0","False"
"d02f514d-e0e9-491f-b8d4-72c89c73fe78","MANIFEST_BOUND","hmail-perf-pair-service-20260901","06EFCBA9520D478A6DAC7ABB7F09F3B63D015A0CD5ECA1EB4D0FD2CC8C38F9FD","cpp","hmail_perf_pair_cpp_20260831_head3","C:\hmail-perf-pair-service-20260901\cpp\Data","B3DF9E8BBF4BEDB1102C94DF7C86356E1FEABCBC02A18E8EABEB1EA1453D09B8",,,"one TCP client and one sequential IMAP session per sample","0","PASS","45FA907CE0D3797C1E13EBB2F03F076A25656CCE27E801C18F745ACD3944FBBD","5136EEC556F9790732AE759EF52F77FE6172329EA55787A80300C4A824107E46","1","675","False","False","2067.125","Hedef makine etkin olarak reddetti?inden ba?lant? kurulamad? 127.0.0.1:1143","False","0","False","False","0","False"
"d02f514d-e0e9-491f-b8d4-72c89c73fe78","MANIFEST_BOUND","hmail-perf-pair-service-20260901","06EFCBA9520D478A6DAC7ABB7F09F3B63D015A0CD5ECA1EB4D0FD2CC8C38F9FD","cpp","hmail_perf_pair_cpp_20260831_head3","C:\hmail-perf-pair-service-20260901\cpp\Data","B3DF9E8BBF4BEDB1102C94DF7C86356E1FEABCBC02A18E8EABEB1EA1453D09B8",,,"one TCP client and one sequential IMAP session per sample","0","PASS","45FA907CE0D3797C1E13EBB2F03F076A25656CCE27E801C18F745ACD3944FBBD","5136EEC556F9790732AE759EF52F77FE6172329EA55787A80300C4A824107E46","1","676","False","False","2067.245","Hedef makine etkin olarak reddetti?inden ba?lant? kurulamad? 127.0.0.1:1143","False","0","False","False","0","False"
"d02f514d-e0e9-491f-b8d4-72c89c73fe78","MANIFEST_BOUND","hmail-perf-pair-service-20260901","06EFCBA9520D478A6DAC7ABB7F09F3B63D015A0CD5ECA1EB4D0FD2CC8C38F9FD","cpp","hmail_perf_pair_cpp_20260831_head3","C:\hmail-perf-pair-service-20260901\cpp\Data","B3DF9E8BBF4BEDB1102C94DF7C86356E1FEABCBC02A18E8EABEB1EA1453D09B8",,,"one TCP client and one sequential IMAP session per sample","0","PASS","45FA907CE0D3797C1E13EBB2F03F076A25656CCE27E801C18F745ACD3944FBBD","5136EEC556F9790732AE759EF52F77FE6172329EA55787A80300C4A824107E46","1","677","False","False","2067.29","Hedef makine etkin olarak reddetti?inden ba?lant? kurulamad? 127.0.0.1:1143","False","0","False","False","0","False"
"d02f514d-e0e9-491f-b8d4-72c89c73fe78","MANIFEST_BOUND","hmail-perf-pair-service-20260901","06EFCBA9520D478A6DAC7ABB7F09F3B63D015A0CD5ECA1EB4D0FD2CC8C38F9FD","cpp","hmail_perf_pair_cpp_20260831_head3","C:\hmail-perf-pair-service-20260901\cpp\Data","B3DF9E8BBF4BEDB1102C94DF7C86356E1FEABCBC02A18E8EABEB1EA1453D09B8",,,"one TCP client and one sequential IMAP session per sample","0","PASS","45FA907CE0D3797C1E13EBB2F03F076A25656CCE27E801C18F745ACD3944FBBD","5136EEC556F9790732AE759EF52F77FE6172329EA55787A80300C4A824107E46","1","678","False","False","2068.71","Hedef makine etkin olarak reddetti?inden ba?lant? kurulamad? 127.0.0.1:1143","False","0","False","False","0","False"
"d02f514d-e0e9-491f-b8d4-72c89c73fe78","MANIFEST_BOUND","hmail-perf-pair-service-20260901","06EFCBA9520D478A6DAC7ABB7F09F3B63D015A0CD5ECA1EB4D0FD2CC8C38F9FD","cpp","hmail_perf_pair_cpp_20260831_head3","C:\hmail-perf-pair-service-20260901\cpp\Data","B3DF9E8BBF4BEDB1102C94DF7C86356E1FEABCBC02A18E8EABEB1EA1453D09B8",,,"one TCP client and one sequential IMAP session per sample","0","PASS","45FA907CE0D3797C1E13EBB2F03F076A25656CCE27E801C18F745ACD3944FBBD","5136EEC556F9790732AE759EF52F77FE6172329EA55787A80300C4A824107E46","1","679","False","False","2068.934","Hedef makine etkin olarak reddetti?inden ba?lant? kurulamad? 127.0.0.1:1143","False","0","False","False","0","False"
"d02f514d-e0e9-491f-b8d4-72c89c73fe78","MANIFEST_BOUND","hmail-perf-pair-service-20260901","06EFCBA9520D478A6DAC7ABB7F09F3B63D015A0CD5ECA1EB4D0FD2CC8C38F9FD","cpp","hmail_perf_pair_cpp_20260831_head3","C:\hmail-perf-pair-service-20260901\cpp\Data","B3DF9E8BBF4BEDB1102C94DF7C86356E1FEABCBC02A18E8EABEB1EA1453D09B8",,,"one TCP client and one sequential IMAP session per sample","0","PASS","45FA907CE0D3797C1E13EBB2F03F076A25656CCE27E801C18F745ACD3944FBBD","5136EEC556F9790732AE759EF52F77FE6172329EA55787A80300C4A824107E46","1","680","False","False","2068.17","Hedef makine etkin olarak reddetti?inden ba?lant? kurulamad? 127.0.0.1:1143","False","0","False","False","0","False"
"d02f514d-e0e9-491f-b8d4-72c89c73fe78","MANIFEST_BOUND","hmail-perf-pair-service-20260901","06EFCBA9520D478A6DAC7ABB7F09F3B63D015A0CD5ECA1EB4D0FD2CC8C38F9FD","cpp","hmail_perf_pair_cpp_20260831_head3","C:\hmail-perf-pair-service-20260901\cpp\Data","B3DF9E8BBF4BEDB1102C94DF7C86356E1FEABCBC02A18E8EABEB1EA1453D09B8",,,"one TCP client and one sequential IMAP session per sample","0","PASS","45FA907CE0D3797C1E13EBB2F03F076A25656CCE27E801C18F745ACD3944FBBD","5136EEC556F9790732AE759EF52F77FE6172329EA55787A80300C4A824107E46","1","681","False","False","2069.506","Hedef makine etkin olarak reddetti?inden ba?lant? kurulamad? 127.0.0.1:1143","False","0","False","False","0","False"
"d02f514d-e0e9-491f-b8d4-72c89c73fe78","MANIFEST_BOUND","hmail-perf-pair-service-20260901","06EFCBA9520D478A6DAC7ABB7F09F3B63D015A0CD5ECA1EB4D0FD2CC8C38F9FD","cpp","hmail_perf_pair_cpp_20260831_head3","C:\hmail-perf-pair-service-20260901\cpp\Data","B3DF9E8BBF4BEDB1102C94DF7C86356E1FEABCBC02A18E8EABEB1EA1453D09B8",,,"one TCP client and one sequential IMAP session per sample","0","PASS","45FA907CE0D3797C1E13EBB2F03F076A25656CCE27E801C18F745ACD3944FBBD","5136EEC556F9790732AE759EF52F77FE6172329EA55787A80300C4A824107E46","1","682","False","False","2068.977","Hedef makine etkin olarak reddetti?inden ba?lant? kurulamad? 127.0.0.1:1143","False","0","False","False","0","False"
"d02f514d-e0e9-491f-b8d4-72c89c73fe78","MANIFEST_BOUND","hmail-perf-pair-service-20260901","06EFCBA9520D478A6DAC7ABB7F09F3B63D015A0CD5ECA1EB4D0FD2CC8C38F9FD","cpp","hmail_perf_pair_cpp_20260831_head3","C:\hmail-perf-pair-service-20260901\cpp\Data","B3DF9E8BBF4BEDB1102C94DF7C86356E1FEABCBC02A18E8EABEB1EA1453D09B8",,,"one TCP client and one sequential IMAP session per sample","0","PASS","45FA907CE0D3797C1E13EBB2F03F076A25656CCE27E801C18F745ACD3944FBBD","5136EEC556F9790732AE759EF52F77FE6172329EA55787A80300C4A824107E46","1","683","False","False","2066.315","Hedef makine etkin olarak reddetti?inden ba?lant? kurulamad? 127.0.0.1:1143","False","0","False","False","0","False"
"d02f514d-e0e9-491f-b8d4-72c89c73fe78","MANIFEST_BOUND","hmail-perf-pair-service-20260901","06EFCBA9520D478A6DAC7ABB7F09F3B63D015A0CD5ECA1EB4D0FD2CC8C38F9FD","cpp","hmail_perf_pair_cpp_20260831_head3","C:\hmail-perf-pair-service-20260901\cpp\Data","B3DF9E8BBF4BEDB1102C94DF7C86356E1FEABCBC02A18E8EABEB1EA1453D09B8",,,"one TCP client and one sequential IMAP session per sample","0","PASS","45FA907CE0D3797C1E13EBB2F03F076A25656CCE27E801C18F745ACD3944FBBD","5136EEC556F9790732AE759EF52F77FE6172329EA55787A80300C4A824107E46","1","684","False","False","2067.102","Hedef makine etkin olarak reddetti?inden ba?lant? kurulamad? 127.0.0.1:1143","False","0","False","False","0","False"
"d02f514d-e0e9-491f-b8d4-72c89c73fe78","MANIFEST_BOUND","hmail-perf-pair-service-20260901","06EFCBA9520D478A6DAC7ABB7F09F3B63D015A0CD5ECA1EB4D0FD2CC8C38F9FD","cpp","hmail_perf_pair_cpp_20260831_head3","C:\hmail-perf-pair-service-20260901\cpp\Data","B3DF9E8BBF4BEDB1102C94DF7C86356E1FEABCBC02A18E8EABEB1EA1453D09B8",,,"one TCP client and one sequential IMAP session per sample","0","PASS","45FA907CE0D3797C1E13EBB2F03F076A25656CCE27E801C18F745ACD3944FBBD","5136EEC556F9790732AE759EF52F77FE6172329EA55787A80300C4A824107E46","1","685","False","False","2066.961","Hedef makine etkin olarak reddetti?inden ba?lant? kurulamad? 127.0.0.1:1143","False","0","False","False","0","False"
"d02f514d-e0e9-491f-b8d4-72c89c73fe78","MANIFEST_BOUND","hmail-perf-pair-service-20260901","06EFCBA9520D478A6DAC7ABB7F09F3B63D015A0CD5ECA1EB4D0FD2CC8C38F9FD","cpp","hmail_perf_pair_cpp_20260831_head3","C:\hmail-perf-pair-service-20260901\cpp\Data","B3DF9E8BBF4BEDB1102C94DF7C86356E1FEABCBC02A18E8EABEB1EA1453D09B8",,,"one TCP client and one sequential IMAP session per sample","0","PASS","45FA907CE0D3797C1E13EBB2F03F076A25656CCE27E801C18F745ACD3944FBBD","5136EEC556F9790732AE759EF52F77FE6172329EA55787A80300C4A824107E46","1","686","False","False","2060.378","Hedef makine etkin olarak reddetti?inden ba?lant? kurulamad? 127.0.0.1:1143","False","0","False","False","0","False"
"d02f514d-e0e9-491f-b8d4-72c89c73fe78","MANIFEST_BOUND","hmail-perf-pair-service-20260901","06EFCBA9520D478A6DAC7ABB7F09F3B63D015A0CD5ECA1EB4D0FD2CC8C38F9FD","cpp","hmail_perf_pair_cpp_20260831_head3","C:\hmail-perf-pair-service-20260901\cpp\Data","B3DF9E8BBF4BEDB1102C94DF7C86356E1FEABCBC02A18E8EABEB1EA1453D09B8",,,"one TCP client and one sequential IMAP session per sample","0","PASS","45FA907CE0D3797C1E13EBB2F03F076A25656CCE27E801C18F745ACD3944FBBD","5136EEC556F9790732AE759EF52F77FE6172329EA55787A80300C4A824107E46","1","687","False","False","2068.845","Hedef makine etkin olarak reddetti?inden ba?lant? kurulamad? 127.0.0.1:1143","False","0","False","False","0","False"
"d02f514d-e0e9-491f-b8d4-72c89c73fe78","MANIFEST_BOUND","hmail-perf-pair-service-20260901","06EFCBA9520D478A6DAC7ABB7F09F3B63D015A0CD5ECA1EB4D0FD2CC8C38F9FD","cpp","hmail_perf_pair_cpp_20260831_head3","C:\hmail-perf-pair-service-20260901\cpp\Data","B3DF9E8BBF4BEDB1102C94DF7C86356E1FEABCBC02A18E8EABEB1EA1453D09B8",,,"one TCP client and one sequential IMAP session per sample","0","PASS","45FA907CE0D3797C1E13EBB2F03F076A25656CCE27E801C18F745ACD3944FBBD","5136EEC556F9790732AE759EF52F77FE6172329EA55787A80300C4A824107E46","1","688","False","False","2060.713","Hedef makine etkin olarak reddetti?inden ba?lant? kurulamad? 127.0.0.1:1143","False","0","False","False","0","False"
"d02f514d-e0e9-491f-b8d4-72c89c73fe78","MANIFEST_BOUND","hmail-perf-pair-service-20260901","06EFCBA9520D478A6DAC7ABB7F09F3B63D015A0CD5ECA1EB4D0FD2CC8C38F9FD","cpp","hmail_perf_pair_cpp_20260831_head3","C:\hmail-perf-pair-service-20260901\cpp\Data","B3DF9E8BBF4BEDB1102C94DF7C86356E1FEABCBC02A18E8EABEB1EA1453D09B8",,,"one TCP client and one sequential IMAP session per sample","0","PASS","45FA907CE0D3797C1E13EBB2F03F076A25656CCE27E801C18F745ACD3944FBBD","5136EEC556F9790732AE759EF52F77FE6172329EA55787A80300C4A824107E46","1","689","False","False","2060.512","Hedef makine etkin olarak reddetti?inden ba?lant? kurulamad? 127.0.0.1:1143","False","0","False","False","0","False"
"d02f514d-e0e9-491f-b8d4-72c89c73fe78","MANIFEST_BOUND","hmail-perf-pair-service-20260901","06EFCBA9520D478A6DAC7ABB7F09F3B63D015A0CD5ECA1EB4D0FD2CC8C38F9FD","cpp","hmail_perf_pair_cpp_20260831_head3","C:\hmail-perf-pair-service-20260901\cpp\Data","B3DF9E8BBF4BEDB1102C94DF7C86356E1FEABCBC02A18E8EABEB1EA1453D09B8",,,"one TCP client and one sequential IMAP session per sample","0","PASS","45FA907CE0D3797C1E13EBB2F03F076A25656CCE27E801C18F745ACD3944FBBD","5136EEC556F9790732AE759EF52F77FE6172329EA55787A80300C4A824107E46","1","690","False","False","2069.199","Hedef makine etkin olarak reddetti?inden ba?lant? kurulamad? 127.0.0.1:1143","False","0","False","False","0","False"
"d02f514d-e0e9-491f-b8d4-72c89c73fe78","MANIFEST_BOUND","hmail-perf-pair-service-20260901","06EFCBA9520D478A6DAC7ABB7F09F3B63D015A0CD5ECA1EB4D0FD2CC8C38F9FD","cpp","hmail_perf_pair_cpp_20260831_head3","C:\hmail-perf-pair-service-20260901\cpp\Data","B3DF9E8BBF4BEDB1102C94DF7C86356E1FEABCBC02A18E8EABEB1EA1453D09B8",,,"one TCP client and one sequential IMAP session per sample","0","PASS","45FA907CE0D3797C1E13EBB2F03F076A25656CCE27E801C18F745ACD3944FBBD","5136EEC556F9790732AE759EF52F77FE6172329EA55787A80300C4A824107E46","1","691","False","False","2066.243","Hedef makine etkin olarak reddetti?inden ba?lant? kurulamad? 127.0.0.1:1143","False","0","False","False","0","False"
"d02f514d-e0e9-491f-b8d4-72c89c73fe78","MANIFEST_BOUND","hmail-perf-pair-service-20260901","06EFCBA9520D478A6DAC7ABB7F09F3B63D015A0CD5ECA1EB4D0FD2CC8C38F9FD","cpp","hmail_perf_pair_cpp_20260831_head3","C:\hmail-perf-pair-service-20260901\cpp\Data","B3DF9E8BBF4BEDB1102C94DF7C86356E1FEABCBC02A18E8EABEB1EA1453D09B8",,,"one TCP client and one sequential IMAP session per sample","0","PASS","45FA907CE0D3797C1E13EBB2F03F076A25656CCE27E801C18F745ACD3944FBBD","5136EEC556F9790732AE759EF52F77FE6172329EA55787A80300C4A824107E46","1","692","False","False","2066.702","Hedef makine etkin olarak reddetti?inden ba?lant? kurulamad? 127.0.0.1:1143","False","0","False","False","0","False"
"d02f514d-e0e9-491f-b8d4-72c89c73fe78","MANIFEST_BOUND","hmail-perf-pair-service-20260901","06EFCBA9520D478A6DAC7ABB7F09F3B63D015A0CD5ECA1EB4D0FD2CC8C38F9FD","cpp","hmail_perf_pair_cpp_20260831_head3","C:\hmail-perf-pair-service-20260901\cpp\Data","B3DF9E8BBF4BEDB1102C94DF7C86356E1FEABCBC02A18E8EABEB1EA1453D09B8",,,"one TCP client and one sequential IMAP session per sample","0","PASS","45FA907CE0D3797C1E13EBB2F03F076A25656CCE27E801C18F745ACD3944FBBD","5136EEC556F9790732AE759EF52F77FE6172329EA55787A80300C4A824107E46","1","693","False","False","2060.372","Hedef makine etkin olarak reddetti?inden ba?lant? kurulamad? 127.0.0.1:1143","False","0","False","False","0","False"
"d02f514d-e0e9-491f-b8d4-72c89c73fe78","MANIFEST_BOUND","hmail-perf-pair-service-20260901","06EFCBA9520D478A6DAC7ABB7F09F3B63D015A0CD5ECA1EB4D0FD2CC8C38F9FD","cpp","hmail_perf_pair_cpp_20260831_head3","C:\hmail-perf-pair-service-20260901\cpp\Data","B3DF9E8BBF4BEDB1102C94DF7C86356E1FEABCBC02A18E8EABEB1EA1453D09B8",,,"one TCP client and one sequential IMAP session per sample","0","PASS","45FA907CE0D3797C1E13EBB2F03F076A25656CCE27E801C18F745ACD3944FBBD","5136EEC556F9790732AE759EF52F77FE6172329EA55787A80300C4A824107E46","1","694","False","False","2075.647","Hedef makine etkin olarak reddetti?inden ba?lant? kurulamad? 127.0.0.1:1143","False","0","False","False","0","False"
"d02f514d-e0e9-491f-b8d4-72c89c73fe78","MANIFEST_BOUND","hmail-perf-pair-service-20260901","06EFCBA9520D478A6DAC7ABB7F09F3B63D015A0CD5ECA1EB4D0FD2CC8C38F9FD","cpp","hmail_perf_pair_cpp_20260831_head3","C:\hmail-perf-pair-service-20260901\cpp\Data","B3DF9E8BBF4BEDB1102C94DF7C86356E1FEABCBC02A18E8EABEB1EA1453D09B8",,,"one TCP client and one sequential IMAP session per sample","0","PASS","45FA907CE0D3797C1E13EBB2F03F076A25656CCE27E801C18F745ACD3944FBBD","5136EEC556F9790732AE759EF52F77FE6172329EA55787A80300C4A824107E46","1","695","False","False","2068.266","Hedef makine etkin olarak reddetti?inden ba?lant? kurulamad? 127.0.0.1:1143","False","0","False","False","0","False"
"d02f514d-e0e9-491f-b8d4-72c89c73fe78","MANIFEST_BOUND","hmail-perf-pair-service-20260901","06EFCBA9520D478A6DAC7ABB7F09F3B63D015A0CD5ECA1EB4D0FD2CC8C38F9FD","cpp","hmail_perf_pair_cpp_20260831_head3","C:\hmail-perf-pair-service-20260901\cpp\Data","B3DF9E8BBF4BEDB1102C94DF7C86356E1FEABCBC02A18E8EABEB1EA1453D09B8",,,"one TCP client and one sequential IMAP session per sample","0","PASS","45FA907CE0D3797C1E13EBB2F03F076A25656CCE27E801C18F745ACD3944FBBD","5136EEC556F9790732AE759EF52F77FE6172329EA55787A80300C4A824107E46","1","696","False","False","2060.252","Hedef makine etkin olarak reddetti?inden ba?lant? kurulamad? 127.0.0.1:1143","False","0","False","False","0","False"
"d02f514d-e0e9-491f-b8d4-72c89c73fe78","MANIFEST_BOUND","hmail-perf-pair-service-20260901","06EFCBA9520D478A6DAC7ABB7F09F3B63D015A0CD5ECA1EB4D0FD2CC8C38F9FD","cpp","hmail_perf_pair_cpp_20260831_head3","C:\hmail-perf-pair-service-20260901\cpp\Data","B3DF9E8BBF4BEDB1102C94DF7C86356E1FEABCBC02A18E8EABEB1EA1453D09B8",,,"one TCP client and one sequential IMAP session per sample","0","PASS","45FA907CE0D3797C1E13EBB2F03F076A25656CCE27E801C18F745ACD3944FBBD","5136EEC556F9790732AE759EF52F77FE6172329EA55787A80300C4A824107E46","1","697","False","False","2073.119","Hedef makine etkin olarak reddetti?inden ba?lant? kurulamad? 127.0.0.1:1143","False","0","False","False","0","False"
"d02f514d-e0e9-491f-b8d4-72c89c73fe78","MANIFEST_BOUND","hmail-perf-pair-service-20260901","06EFCBA9520D478A6DAC7ABB7F09F3B63D015A0CD5ECA1EB4D0FD2CC8C38F9FD","cpp","hmail_perf_pair_cpp_20260831_head3","C:\hmail-perf-pair-service-20260901\cpp\Data","B3DF9E8BBF4BEDB1102C94DF7C86356E1FEABCBC02A18E8EABEB1EA1453D09B8",,,"one TCP client and one sequential IMAP session per sample","0","PASS","45FA907CE0D3797C1E13EBB2F03F076A25656CCE27E801C18F745ACD3944FBBD","5136EEC556F9790732AE759EF52F77FE6172329EA55787A80300C4A824107E46","1","698","False","False","2066.784","Hedef makine etkin olarak reddetti?inden ba?lant? kurulamad? 127.0.0.1:1143","False","0","False","False","0","False"
"d02f514d-e0e9-491f-b8d4-72c89c73fe78","MANIFEST_BOUND","hmail-perf-pair-service-20260901","06EFCBA9520D478A6DAC7ABB7F09F3B63D015A0CD5ECA1EB4D0FD2CC8C38F9FD","cpp","hmail_perf_pair_cpp_20260831_head3","C:\hmail-perf-pair-service-20260901\cpp\Data","B3DF9E8BBF4BEDB1102C94DF7C86356E1FEABCBC02A18E8EABEB1EA1453D09B8",,,"one TCP client and one sequential IMAP session per sample","0","PASS","45FA907CE0D3797C1E13EBB2F03F076A25656CCE27E801C18F745ACD3944FBBD","5136EEC556F9790732AE759EF52F77FE6172329EA55787A80300C4A824107E46","1","699","False","False","2073.139","Hedef makine etkin olarak reddetti?inden ba?lant? kurulamad? 127.0.0.1:1143","False","0","False","False","0","False"
"d02f514d-e0e9-491f-b8d4-72c89c73fe78","MANIFEST_BOUND","hmail-perf-pair-service-20260901","06EFCBA9520D478A6DAC7ABB7F09F3B63D015A0CD5ECA1EB4D0FD2CC8C38F9FD","cpp","hmail_perf_pair_cpp_20260831_head3","C:\hmail-perf-pair-service-20260901\cpp\Data","B3DF9E8BBF4BEDB1102C94DF7C86356E1FEABCBC02A18E8EABEB1EA1453D09B8",,,"one TCP client and one sequential IMAP session per sample","0","PASS","45FA907CE0D3797C1E13EBB2F03F076A25656CCE27E801C18F745ACD3944FBBD","5136EEC556F9790732AE759EF52F77FE6172329EA55787A80300C4A824107E46","1","700","False","False","2073.138","Hedef makine etkin olarak reddetti?inden ba?lant? kurulamad? 127.0.0.1:1143","False","0","False","False","0","False"
"d02f514d-e0e9-491f-b8d4-72c89c73fe78","MANIFEST_BOUND","hmail-perf-pair-service-20260901","06EFCBA9520D478A6DAC7ABB7F09F3B63D015A0CD5ECA1EB4D0FD2CC8C38F9FD","cpp","hmail_perf_pair_cpp_20260831_head3","C:\hmail-perf-pair-service-20260901\cpp\Data","B3DF9E8BBF4BEDB1102C94DF7C86356E1FEABCBC02A18E8EABEB1EA1453D09B8",,,"one TCP client and one sequential IMAP session per sample","0","PASS","45FA907CE0D3797C1E13EBB2F03F076A25656CCE27E801C18F745ACD3944FBBD","5136EEC556F9790732AE759EF52F77FE6172329EA55787A80300C4A824107E46","1","701","False","False","2067.692","Hedef makine etkin olarak reddetti?inden ba?lant? kurulamad? 127.0.0.1:1143","False","0","False","False","0","False"
"d02f514d-e0e9-491f-b8d4-72c89c73fe78","MANIFEST_BOUND","hmail-perf-pair-service-20260901","06EFCBA9520D478A6DAC7ABB7F09F3B63D015A0CD5ECA1EB4D0FD2CC8C38F9FD","cpp","hmail_perf_pair_cpp_20260831_head3","C:\hmail-perf-pair-service-20260901\cpp\Data","B3DF9E8BBF4BEDB1102C94DF7C86356E1FEABCBC02A18E8EABEB1EA1453D09B8",,,"one TCP client and one sequential IMAP session per sample","0","PASS","45FA907CE0D3797C1E13EBB2F03F076A25656CCE27E801C18F745ACD3944FBBD","5136EEC556F9790732AE759EF52F77FE6172329EA55787A80300C4A824107E46","1","702","False","False","2074.096","Hedef makine etkin olarak reddetti?inden ba?lant? kurulamad? 127.0.0.1:1143","False","0","False","False","0","False"
"d02f514d-e0e9-491f-b8d4-72c89c73fe78","MANIFEST_BOUND","hmail-perf-pair-service-20260901","06EFCBA9520D478A6DAC7ABB7F09F3B63D015A0CD5ECA1EB4D0FD2CC8C38F9FD","cpp","hmail_perf_pair_cpp_20260831_head3","C:\hmail-perf-pair-service-20260901\cpp\Data","B3DF9E8BBF4BEDB1102C94DF7C86356E1FEABCBC02A18E8EABEB1EA1453D09B8",,,"one TCP client and one sequential IMAP session per sample","0","PASS","45FA907CE0D3797C1E13EBB2F03F076A25656CCE27E801C18F745ACD3944FBBD","5136EEC556F9790732AE759EF52F77FE6172329EA55787A80300C4A824107E46","1","703","False","False","2072.942","Hedef makine etkin olarak reddetti?inden ba?lant? kurulamad? 127.0.0.1:1143","False","0","False","False","0","False"
"d02f514d-e0e9-491f-b8d4-72c89c73fe78","MANIFEST_BOUND","hmail-perf-pair-service-20260901","06EFCBA9520D478A6DAC7ABB7F09F3B63D015A0CD5ECA1EB4D0FD2CC8C38F9FD","cpp","hmail_perf_pair_cpp_20260831_head3","C:\hmail-perf-pair-service-20260901\cpp\Data","B3DF9E8BBF4BEDB1102C94DF7C86356E1FEABCBC02A18E8EABEB1EA1453D09B8",,,"one TCP client and one sequential IMAP session per sample","0","PASS","45FA907CE0D3797C1E13EBB2F03F076A25656CCE27E801C18F745ACD3944FBBD","5136EEC556F9790732AE759EF52F77FE6172329EA55787A80300C4A824107E46","1","704","False","False","2060.128","Hedef makine etkin olarak reddetti?inden ba?lant? kurulamad? 127.0.0.1:1143","False","0","False","False","0","False"
"d02f514d-e0e9-491f-b8d4-72c89c73fe78","MANIFEST_BOUND","hmail-perf-pair-service-20260901","06EFCBA9520D478A6DAC7ABB7F09F3B63D015A0CD5ECA1EB4D0FD2CC8C38F9FD","cpp","hmail_perf_pair_cpp_20260831_head3","C:\hmail-perf-pair-service-20260901\cpp\Data","B3DF9E8BBF4BEDB1102C94DF7C86356E1FEABCBC02A18E8EABEB1EA1453D09B8",,,"one TCP client and one sequential IMAP session per sample","0","PASS","45FA907CE0D3797C1E13EBB2F03F076A25656CCE27E801C18F745ACD3944FBBD","5136EEC556F9790732AE759EF52F77FE6172329EA55787A80300C4A824107E46","1","705","False","False","2060.101","Hedef makine etkin olarak reddetti?inden ba?lant? kurulamad? 127.0.0.1:1143","False","0","False","False","0","False"
"d02f514d-e0e9-491f-b8d4-72c89c73fe78","MANIFEST_BOUND","hmail-perf-pair-service-20260901","06EFCBA9520D478A6DAC7ABB7F09F3B63D015A0CD5ECA1EB4D0FD2CC8C38F9FD","cpp","hmail_perf_pair_cpp_20260831_head3","C:\hmail-perf-pair-service-20260901\cpp\Data","B3DF9E8BBF4BEDB1102C94DF7C86356E1FEABCBC02A18E8EABEB1EA1453D09B8",,,"one TCP client and one sequential IMAP session per sample","0","PASS","45FA907CE0D3797C1E13EBB2F03F076A25656CCE27E801C18F745ACD3944FBBD","5136EEC556F9790732AE759EF52F77FE6172329EA55787A80300C4A824107E46","1","706","False","False","2067.166","Hedef makine etkin olarak reddetti?inden ba?lant? kurulamad? 127.0.0.1:1143","False","0","False","False","0","False"
"d02f514d-e0e9-491f-b8d4-72c89c73fe78","MANIFEST_BOUND","hmail-perf-pair-service-20260901","06EFCBA9520D478A6DAC7ABB7F09F3B63D015A0CD5ECA1EB4D0FD2CC8C38F9FD","cpp","hmail_perf_pair_cpp_20260831_head3","C:\hmail-perf-pair-service-20260901\cpp\Data","B3DF9E8BBF4BEDB1102C94DF7C86356E1FEABCBC02A18E8EABEB1EA1453D09B8",,,"one TCP client and one sequential IMAP session per sample","0","PASS","45FA907CE0D3797C1E13EBB2F03F076A25656CCE27E801C18F745ACD3944FBBD","5136EEC556F9790732AE759EF52F77FE6172329EA55787A80300C4A824107E46","1","707","False","False","2066.169","Hedef makine etkin olarak reddetti?inden ba?lant? kurulamad? 127.0.0.1:1143","False","0","False","False","0","False"
"d02f514d-e0e9-491f-b8d4-72c89c73fe78","MANIFEST_BOUND","hmail-perf-pair-service-20260901","06EFCBA9520D478A6DAC7ABB7F09F3B63D015A0CD5ECA1EB4D0FD2CC8C38F9FD","cpp","hmail_perf_pair_cpp_20260831_head3","C:\hmail-perf-pair-service-20260901\cpp\Data","B3DF9E8BBF4BEDB1102C94DF7C86356E1FEABCBC02A18E8EABEB1EA1453D09B8",,,"one TCP client and one sequential IMAP session per sample","0","PASS","45FA907CE0D3797C1E13EBB2F03F076A25656CCE27E801C18F745ACD3944FBBD","5136EEC556F9790732AE759EF52F77FE6172329EA55787A80300C4A824107E46","1","708","False","False","2066.565","Hedef makine etkin olarak reddetti?inden ba?lant? kurulamad? 127.0.0.1:1143","False","0","False","False","0","False"
"d02f514d-e0e9-491f-b8d4-72c89c73fe78","MANIFEST_BOUND","hmail-perf-pair-service-20260901","06EFCBA9520D478A6DAC7ABB7F09F3B63D015A0CD5ECA1EB4D0FD2CC8C38F9FD","cpp","hmail_perf_pair_cpp_20260831_head3","C:\hmail-perf-pair-service-20260901\cpp\Data","B3DF9E8BBF4BEDB1102C94DF7C86356E1FEABCBC02A18E8EABEB1EA1453D09B8",,,"one TCP client and one sequential IMAP session per sample","0","PASS","45FA907CE0D3797C1E13EBB2F03F076A25656CCE27E801C18F745ACD3944FBBD","5136EEC556F9790732AE759EF52F77FE6172329EA55787A80300C4A824107E46","1","709","False","False","2068.816","Hedef makine etkin olarak reddetti?inden ba?lant? kurulamad? 127.0.0.1:1143","False","0","False","False","0","False"
"d02f514d-e0e9-491f-b8d4-72c89c73fe78","MANIFEST_BOUND","hmail-perf-pair-service-20260901","06EFCBA9520D478A6DAC7ABB7F09F3B63D015A0CD5ECA1EB4D0FD2CC8C38F9FD","cpp","hmail_perf_pair_cpp_20260831_head3","C:\hmail-perf-pair-service-20260901\cpp\Data","B3DF9E8BBF4BEDB1102C94DF7C86356E1FEABCBC02A18E8EABEB1EA1453D09B8",,,"one TCP client and one sequential IMAP session per sample","0","PASS","45FA907CE0D3797C1E13EBB2F03F076A25656CCE27E801C18F745ACD3944FBBD","5136EEC556F9790732AE759EF52F77FE6172329EA55787A80300C4A824107E46","1","710","False","False","2068.794","Hedef makine etkin olarak reddetti?inden ba?lant? kurulamad? 127.0.0.1:1143","False","0","False","False","0","False"
"d02f514d-e0e9-491f-b8d4-72c89c73fe78","MANIFEST_BOUND","hmail-perf-pair-service-20260901","06EFCBA9520D478A6DAC7ABB7F09F3B63D015A0CD5ECA1EB4D0FD2CC8C38F9FD","cpp","hmail_perf_pair_cpp_20260831_head3","C:\hmail-perf-pair-service-20260901\cpp\Data","B3DF9E8BBF4BEDB1102C94DF7C86356E1FEABCBC02A18E8EABEB1EA1453D09B8",,,"one TCP client and one sequential IMAP session per sample","0","PASS","45FA907CE0D3797C1E13EBB2F03F076A25656CCE27E801C18F745ACD3944FBBD","5136EEC556F9790732AE759EF52F77FE6172329EA55787A80300C4A824107E46","1","711","False","False","2068.234","Hedef makine etkin olarak reddetti?inden ba?lant? kurulamad? 127.0.0.1:1143","False","0","False","False","0","False"
"d02f514d-e0e9-491f-b8d4-72c89c73fe78","MANIFEST_BOUND","hmail-perf-pair-service-20260901","06EFCBA9520D478A6DAC7ABB7F09F3B63D015A0CD5ECA1EB4D0FD2CC8C38F9FD","cpp","hmail_perf_pair_cpp_20260831_head3","C:\hmail-perf-pair-service-20260901\cpp\Data","B3DF9E8BBF4BEDB1102C94DF7C86356E1FEABCBC02A18E8EABEB1EA1453D09B8",,,"one TCP client and one sequential IMAP session per sample","0","PASS","45FA907CE0D3797C1E13EBB2F03F076A25656CCE27E801C18F745ACD3944FBBD","5136EEC556F9790732AE759EF52F77FE6172329EA55787A80300C4A824107E46","1","712","False","False","2068.187","Hedef makine etkin olarak reddetti?inden ba?lant? kurulamad? 127.0.0.1:1143","False","0","False","False","0","False"
"d02f514d-e0e9-491f-b8d4-72c89c73fe78","MANIFEST_BOUND","hmail-perf-pair-service-20260901","06EFCBA9520D478A6DAC7ABB7F09F3B63D015A0CD5ECA1EB4D0FD2CC8C38F9FD","cpp","hmail_perf_pair_cpp_20260831_head3","C:\hmail-perf-pair-service-20260901\cpp\Data","B3DF9E8BBF4BEDB1102C94DF7C86356E1FEABCBC02A18E8EABEB1EA1453D09B8",,,"one TCP client and one sequential IMAP session per sample","0","PASS","45FA907CE0D3797C1E13EBB2F03F076A25656CCE27E801C18F745ACD3944FBBD","5136EEC556F9790732AE759EF52F77FE6172329EA55787A80300C4A824107E46","1","713","False","False","2065.631","Hedef makine etkin olarak reddetti?inden ba?lant? kurulamad? 127.0.0.1:1143","False","0","False","False","0","False"
"d02f514d-e0e9-491f-b8d4-72c89c73fe78","MANIFEST_BOUND","hmail-perf-pair-service-20260901","06EFCBA9520D478A6DAC7ABB7F09F3B63D015A0CD5ECA1EB4D0FD2CC8C38F9FD","cpp","hmail_perf_pair_cpp_20260831_head3","C:\hmail-perf-pair-service-20260901\cpp\Data","B3DF9E8BBF4BEDB1102C94DF7C86356E1FEABCBC02A18E8EABEB1EA1453D09B8",,,"one TCP client and one sequential IMAP session per sample","0","PASS","45FA907CE0D3797C1E13EBB2F03F076A25656CCE27E801C18F745ACD3944FBBD","5136EEC556F9790732AE759EF52F77FE6172329EA55787A80300C4A824107E46","1","714","False","False","2066.183","Hedef makine etkin olarak reddetti?inden ba?lant? kurulamad? 127.0.0.1:1143","False","0","False","False","0","False"
"d02f514d-e0e9-491f-b8d4-72c89c73fe78","MANIFEST_BOUND","hmail-perf-pair-service-20260901","06EFCBA9520D478A6DAC7ABB7F09F3B63D015A0CD5ECA1EB4D0FD2CC8C38F9FD","cpp","hmail_perf_pair_cpp_20260831_head3","C:\hmail-perf-pair-service-20260901\cpp\Data","B3DF9E8BBF4BEDB1102C94DF7C86356E1FEABCBC02A18E8EABEB1EA1453D09B8",,,"one TCP client and one sequential IMAP session per sample","0","PASS","45FA907CE0D3797C1E13EBB2F03F076A25656CCE27E801C18F745ACD3944FBBD","5136EEC556F9790732AE759EF52F77FE6172329EA55787A80300C4A824107E46","1","715","False","False","2065.801","Hedef makine etkin olarak reddetti?inden ba?lant? kurulamad? 127.0.0.1:1143","False","0","False","False","0","False"
"d02f514d-e0e9-491f-b8d4-72c89c73fe78","MANIFEST_BOUND","hmail-perf-pair-service-20260901","06EFCBA9520D478A6DAC7ABB7F09F3B63D015A0CD5ECA1EB4D0FD2CC8C38F9FD","cpp","hmail_perf_pair_cpp_20260831_head3","C:\hmail-perf-pair-service-20260901\cpp\Data","B3DF9E8BBF4BEDB1102C94DF7C86356E1FEABCBC02A18E8EABEB1EA1453D09B8",,,"one TCP client and one sequential IMAP session per sample","0","PASS","45FA907CE0D3797C1E13EBB2F03F076A25656CCE27E801C18F745ACD3944FBBD","5136EEC556F9790732AE759EF52F77FE6172329EA55787A80300C4A824107E46","1","716","False","False","2066.095","Hedef makine etkin olarak reddetti?inden ba?lant? kurulamad? 127.0.0.1:1143","False","0","False","False","0","False"
"d02f514d-e0e9-491f-b8d4-72c89c73fe78","MANIFEST_BOUND","hmail-perf-pair-service-20260901","06EFCBA9520D478A6DAC7ABB7F09F3B63D015A0CD5ECA1EB4D0FD2CC8C38F9FD","cpp","hmail_perf_pair_cpp_20260831_head3","C:\hmail-perf-pair-service-20260901\cpp\Data","B3DF9E8BBF4BEDB1102C94DF7C86356E1FEABCBC02A18E8EABEB1EA1453D09B8",,,"one TCP client and one sequential IMAP session per sample","0","PASS","45FA907CE0D3797C1E13EBB2F03F076A25656CCE27E801C18F745ACD3944FBBD","5136EEC556F9790732AE759EF52F77FE6172329EA55787A80300C4A824107E46","1","717","False","False","2068.279","Hedef makine etkin olarak reddetti?inden ba?lant? kurulamad? 127.0.0.1:1143","False","0","False","False","0","False"
"d02f514d-e0e9-491f-b8d4-72c89c73fe78","MANIFEST_BOUND","hmail-perf-pair-service-20260901","06EFCBA9520D478A6DAC7ABB7F09F3B63D015A0CD5ECA1EB4D0FD2CC8C38F9FD","cpp","hmail_perf_pair_cpp_20260831_head3","C:\hmail-perf-pair-service-20260901\cpp\Data","B3DF9E8BBF4BEDB1102C94DF7C86356E1FEABCBC02A18E8EABEB1EA1453D09B8",,,"one TCP client and one sequential IMAP session per sample","0","PASS","45FA907CE0D3797C1E13EBB2F03F076A25656CCE27E801C18F745ACD3944FBBD","5136EEC556F9790732AE759EF52F77FE6172329EA55787A80300C4A824107E46","1","718","False","False","2066.387","Hedef makine etkin olarak reddetti?inden ba?lant? kurulamad? 127.0.0.1:1143","False","0","False","False","0","False"
"d02f514d-e0e9-491f-b8d4-72c89c73fe78","MANIFEST_BOUND","hmail-perf-pair-service-20260901","06EFCBA9520D478A6DAC7ABB7F09F3B63D015A0CD5ECA1EB4D0FD2CC8C38F9FD","cpp","hmail_perf_pair_cpp_20260831_head3","C:\hmail-perf-pair-service-20260901\cpp\Data","B3DF9E8BBF4BEDB1102C94DF7C86356E1FEABCBC02A18E8EABEB1EA1453D09B8",,,"one TCP client and one sequential IMAP session per sample","0","PASS","45FA907CE0D3797C1E13EBB2F03F076A25656CCE27E801C18F745ACD3944FBBD","5136EEC556F9790732AE759EF52F77FE6172329EA55787A80300C4A824107E46","1","719","False","False","2066.313","Hedef makine etkin olarak reddetti?inden ba?lant? kurulamad? 127.0.0.1:1143","False","0","False","False","0","False"
"d02f514d-e0e9-491f-b8d4-72c89c73fe78","MANIFEST_BOUND","hmail-perf-pair-service-20260901","06EFCBA9520D478A6DAC7ABB7F09F3B63D015A0CD5ECA1EB4D0FD2CC8C38F9FD","cpp","hmail_perf_pair_cpp_20260831_head3","C:\hmail-perf-pair-service-20260901\cpp\Data","B3DF9E8BBF4BEDB1102C94DF7C86356E1FEABCBC02A18E8EABEB1EA1453D09B8",,,"one TCP client and one sequential IMAP session per sample","0","PASS","45FA907CE0D3797C1E13EBB2F03F076A25656CCE27E801C18F745ACD3944FBBD","5136EEC556F9790732AE759EF52F77FE6172329EA55787A80300C4A824107E46","1","720","False","False","2059.687","Hedef makine etkin olarak reddetti?inden ba?lant? kurulamad? 127.0.0.1:1143","False","0","False","False","0","False"
"d02f514d-e0e9-491f-b8d4-72c89c73fe78","MANIFEST_BOUND","hmail-perf-pair-service-20260901","06EFCBA9520D478A6DAC7ABB7F09F3B63D015A0CD5ECA1EB4D0FD2CC8C38F9FD","cpp","hmail_perf_pair_cpp_20260831_head3","C:\hmail-perf-pair-service-20260901\cpp\Data","B3DF9E8BBF4BEDB1102C94DF7C86356E1FEABCBC02A18E8EABEB1EA1453D09B8",,,"one TCP client and one sequential IMAP session per sample","0","PASS","45FA907CE0D3797C1E13EBB2F03F076A25656CCE27E801C18F745ACD3944FBBD","5136EEC556F9790732AE759EF52F77FE6172329EA55787A80300C4A824107E46","1","721","False","False","2059.529","Hedef makine etkin olarak reddetti?inden ba?lant? kurulamad? 127.0.0.1:1143","False","0","False","False","0","False"
"d02f514d-e0e9-491f-b8d4-72c89c73fe78","MANIFEST_BOUND","hmail-perf-pair-service-20260901","06EFCBA9520D478A6DAC7ABB7F09F3B63D015A0CD5ECA1EB4D0FD2CC8C38F9FD","cpp","hmail_perf_pair_cpp_20260831_head3","C:\hmail-perf-pair-service-20260901\cpp\Data","B3DF9E8BBF4BEDB1102C94DF7C86356E1FEABCBC02A18E8EABEB1EA1453D09B8",,,"one TCP client and one sequential IMAP session per sample","0","PASS","45FA907CE0D3797C1E13EBB2F03F076A25656CCE27E801C18F745ACD3944FBBD","5136EEC556F9790732AE759EF52F77FE6172329EA55787A80300C4A824107E46","1","722","False","False","2065.644","Hedef makine etkin olarak reddetti?inden ba?lant? kurulamad? 127.0.0.1:1143","False","0","False","False","0","False"
"d02f514d-e0e9-491f-b8d4-72c89c73fe78","MANIFEST_BOUND","hmail-perf-pair-service-20260901","06EFCBA9520D478A6DAC7ABB7F09F3B63D015A0CD5ECA1EB4D0FD2CC8C38F9FD","cpp","hmail_perf_pair_cpp_20260831_head3","C:\hmail-perf-pair-service-20260901\cpp\Data","B3DF9E8BBF4BEDB1102C94DF7C86356E1FEABCBC02A18E8EABEB1EA1453D09B8",,,"one TCP client and one sequential IMAP session per sample","0","PASS","45FA907CE0D3797C1E13EBB2F03F076A25656CCE27E801C18F745ACD3944FBBD","5136EEC556F9790732AE759EF52F77FE6172329EA55787A80300C4A824107E46","1","723","False","False","2072.894","Hedef makine etkin olarak reddetti?inden ba?lant? kurulamad? 127.0.0.1:1143","False","0","False","False","0","False"
"d02f514d-e0e9-491f-b8d4-72c89c73fe78","MANIFEST_BOUND","hmail-perf-pair-service-20260901","06EFCBA9520D478A6DAC7ABB7F09F3B63D015A0CD5ECA1EB4D0FD2CC8C38F9FD","cpp","hmail_perf_pair_cpp_20260831_head3","C:\hmail-perf-pair-service-20260901\cpp\Data","B3DF9E8BBF4BEDB1102C94DF7C86356E1FEABCBC02A18E8EABEB1EA1453D09B8",,,"one TCP client and one sequential IMAP session per sample","0","PASS","45FA907CE0D3797C1E13EBB2F03F076A25656CCE27E801C18F745ACD3944FBBD","5136EEC556F9790732AE759EF52F77FE6172329EA55787A80300C4A824107E46","1","724","False","False","2066.394","Hedef makine etkin olarak reddetti?inden ba?lant? kurulamad? 127.0.0.1:1143","False","0","False","False","0","False"
"d02f514d-e0e9-491f-b8d4-72c89c73fe78","MANIFEST_BOUND","hmail-perf-pair-service-20260901","06EFCBA9520D478A6DAC7ABB7F09F3B63D015A0CD5ECA1EB4D0FD2CC8C38F9FD","cpp","hmail_perf_pair_cpp_20260831_head3","C:\hmail-perf-pair-service-20260901\cpp\Data","B3DF9E8BBF4BEDB1102C94DF7C86356E1FEABCBC02A18E8EABEB1EA1453D09B8",,,"one TCP client and one sequential IMAP session per sample","0","PASS","45FA907CE0D3797C1E13EBB2F03F076A25656CCE27E801C18F745ACD3944FBBD","5136EEC556F9790732AE759EF52F77FE6172329EA55787A80300C4A824107E46","1","725","False","False","2059.569","Hedef makine etkin olarak reddetti?inden ba?lant? kurulamad? 127.0.0.1:1143","False","0","False","False","0","False"
"d02f514d-e0e9-491f-b8d4-72c89c73fe78","MANIFEST_BOUND","hmail-perf-pair-service-20260901","06EFCBA9520D478A6DAC7ABB7F09F3B63D015A0CD5ECA1EB4D0FD2CC8C38F9FD","cpp","hmail_perf_pair_cpp_20260831_head3","C:\hmail-perf-pair-service-20260901\cpp\Data","B3DF9E8BBF4BEDB1102C94DF7C86356E1FEABCBC02A18E8EABEB1EA1453D09B8",,,"one TCP client and one sequential IMAP session per sample","0","PASS","45FA907CE0D3797C1E13EBB2F03F076A25656CCE27E801C18F745ACD3944FBBD","5136EEC556F9790732AE759EF52F77FE6172329EA55787A80300C4A824107E46","1","726","False","False","2068.141","Hedef makine etkin olarak reddetti?inden ba?lant? kurulamad? 127.0.0.1:1143","False","0","False","False","0","False"
"d02f514d-e0e9-491f-b8d4-72c89c73fe78","MANIFEST_BOUND","hmail-perf-pair-service-20260901","06EFCBA9520D478A6DAC7ABB7F09F3B63D015A0CD5ECA1EB4D0FD2CC8C38F9FD","cpp","hmail_perf_pair_cpp_20260831_head3","C:\hmail-perf-pair-service-20260901\cpp\Data","B3DF9E8BBF4BEDB1102C94DF7C86356E1FEABCBC02A18E8EABEB1EA1453D09B8",,,"one TCP client and one sequential IMAP session per sample","0","PASS","45FA907CE0D3797C1E13EBB2F03F076A25656CCE27E801C18F745ACD3944FBBD","5136EEC556F9790732AE759EF52F77FE6172329EA55787A80300C4A824107E46","1","727","False","False","2066.452","Hedef makine etkin olarak reddetti?inden ba?lant? kurulamad? 127.0.0.1:1143","False","0","False","False","0","False"
"d02f514d-e0e9-491f-b8d4-72c89c73fe78","MANIFEST_BOUND","hmail-perf-pair-service-20260901","06EFCBA9520D478A6DAC7ABB7F09F3B63D015A0CD5ECA1EB4D0FD2CC8C38F9FD","cpp","hmail_perf_pair_cpp_20260831_head3","C:\hmail-perf-pair-service-20260901\cpp\Data","B3DF9E8BBF4BEDB1102C94DF7C86356E1FEABCBC02A18E8EABEB1EA1453D09B8",,,"one TCP client and one sequential IMAP session per sample","0","PASS","45FA907CE0D3797C1E13EBB2F03F076A25656CCE27E801C18F745ACD3944FBBD","5136EEC556F9790732AE759EF52F77FE6172329EA55787A80300C4A824107E46","1","728","False","False","2066.596","Hedef makine etkin olarak reddetti?inden ba?lant? kurulamad? 127.0.0.1:1143","False","0","False","False","0","False"
"d02f514d-e0e9-491f-b8d4-72c89c73fe78","MANIFEST_BOUND","hmail-perf-pair-service-20260901","06EFCBA9520D478A6DAC7ABB7F09F3B63D015A0CD5ECA1EB4D0FD2CC8C38F9FD","cpp","hmail_perf_pair_cpp_20260831_head3","C:\hmail-perf-pair-service-20260901\cpp\Data","B3DF9E8BBF4BEDB1102C94DF7C86356E1FEABCBC02A18E8EABEB1EA1453D09B8",,,"one TCP client and one sequential IMAP session per sample","0","PASS","45FA907CE0D3797C1E13EBB2F03F076A25656CCE27E801C18F745ACD3944FBBD","5136EEC556F9790732AE759EF52F77FE6172329EA55787A80300C4A824107E46","1","729","False","False","2059.633","Hedef makine etkin olarak reddetti?inden ba?lant? kurulamad? 127.0.0.1:1143","False","0","False","False","0","False"
"d02f514d-e0e9-491f-b8d4-72c89c73fe78","MANIFEST_BOUND","hmail-perf-pair-service-20260901","06EFCBA9520D478A6DAC7ABB7F09F3B63D015A0CD5ECA1EB4D0FD2CC8C38F9FD","cpp","hmail_perf_pair_cpp_20260831_head3","C:\hmail-perf-pair-service-20260901\cpp\Data","B3DF9E8BBF4BEDB1102C94DF7C86356E1FEABCBC02A18E8EABEB1EA1453D09B8",,,"one TCP client and one sequential IMAP session per sample","0","PASS","45FA907CE0D3797C1E13EBB2F03F076A25656CCE27E801C18F745ACD3944FBBD","5136EEC556F9790732AE759EF52F77FE6172329EA55787A80300C4A824107E46","1","730","False","False","2068.493","Hedef makine etkin olarak reddetti?inden ba?lant? kurulamad? 127.0.0.1:1143","False","0","False","False","0","False"
"d02f514d-e0e9-491f-b8d4-72c89c73fe78","MANIFEST_BOUND","hmail-perf-pair-service-20260901","06EFCBA9520D478A6DAC7ABB7F09F3B63D015A0CD5ECA1EB4D0FD2CC8C38F9FD","cpp","hmail_perf_pair_cpp_20260831_head3","C:\hmail-perf-pair-service-20260901\cpp\Data","B3DF9E8BBF4BEDB1102C94DF7C86356E1FEABCBC02A18E8EABEB1EA1453D09B8",,,"one TCP client and one sequential IMAP session per sample","0","PASS","45FA907CE0D3797C1E13EBB2F03F076A25656CCE27E801C18F745ACD3944FBBD","5136EEC556F9790732AE759EF52F77FE6172329EA55787A80300C4A824107E46","1","731","False","False","2059.775","Hedef makine etkin olarak reddetti?inden ba?lant? kurulamad? 127.0.0.1:1143","False","0","False","False","0","False"
"d02f514d-e0e9-491f-b8d4-72c89c73fe78","MANIFEST_BOUND","hmail-perf-pair-service-20260901","06EFCBA9520D478A6DAC7ABB7F09F3B63D015A0CD5ECA1EB4D0FD2CC8C38F9FD","cpp","hmail_perf_pair_cpp_20260831_head3","C:\hmail-perf-pair-service-20260901\cpp\Data","B3DF9E8BBF4BEDB1102C94DF7C86356E1FEABCBC02A18E8EABEB1EA1453D09B8",,,"one TCP client and one sequential IMAP session per sample","0","PASS","45FA907CE0D3797C1E13EBB2F03F076A25656CCE27E801C18F745ACD3944FBBD","5136EEC556F9790732AE759EF52F77FE6172329EA55787A80300C4A824107E46","1","732","False","False","2068.489","Hedef makine etkin olarak reddetti?inden ba?lant? kurulamad? 127.0.0.1:1143","False","0","False","False","0","False"
"d02f514d-e0e9-491f-b8d4-72c89c73fe78","MANIFEST_BOUND","hmail-perf-pair-service-20260901","06EFCBA9520D478A6DAC7ABB7F09F3B63D015A0CD5ECA1EB4D0FD2CC8C38F9FD","cpp","hmail_perf_pair_cpp_20260831_head3","C:\hmail-perf-pair-service-20260901\cpp\Data","B3DF9E8BBF4BEDB1102C94DF7C86356E1FEABCBC02A18E8EABEB1EA1453D09B8",,,"one TCP client and one sequential IMAP session per sample","0","PASS","45FA907CE0D3797C1E13EBB2F03F076A25656CCE27E801C18F745ACD3944FBBD","5136EEC556F9790732AE759EF52F77FE6172329EA55787A80300C4A824107E46","1","733","False","False","2066.113","Hedef makine etkin olarak reddetti?inden ba?lant? kurulamad? 127.0.0.1:1143","False","0","False","False","0","False"
"d02f514d-e0e9-491f-b8d4-72c89c73fe78","MANIFEST_BOUND","hmail-perf-pair-service-20260901","06EFCBA9520D478A6DAC7ABB7F09F3B63D015A0CD5ECA1EB4D0FD2CC8C38F9FD","cpp","hmail_perf_pair_cpp_20260831_head3","C:\hmail-perf-pair-service-20260901\cpp\Data","B3DF9E8BBF4BEDB1102C94DF7C86356E1FEABCBC02A18E8EABEB1EA1453D09B8",,,"one TCP client and one sequential IMAP session per sample","0","PASS","45FA907CE0D3797C1E13EBB2F03F076A25656CCE27E801C18F745ACD3944FBBD","5136EEC556F9790732AE759EF52F77FE6172329EA55787A80300C4A824107E46","1","734","False","False","2066.784","Hedef makine etkin olarak reddetti?inden ba?lant? kurulamad? 127.0.0.1:1143","False","0","False","False","0","False"
"d02f514d-e0e9-491f-b8d4-72c89c73fe78","MANIFEST_BOUND","hmail-perf-pair-service-20260901","06EFCBA9520D478A6DAC7ABB7F09F3B63D015A0CD5ECA1EB4D0FD2CC8C38F9FD","cpp","hmail_perf_pair_cpp_20260831_head3","C:\hmail-perf-pair-service-20260901\cpp\Data","B3DF9E8BBF4BEDB1102C94DF7C86356E1FEABCBC02A18E8EABEB1EA1453D09B8",,,"one TCP client and one sequential IMAP session per sample","0","PASS","45FA907CE0D3797C1E13EBB2F03F076A25656CCE27E801C18F745ACD3944FBBD","5136EEC556F9790732AE759EF52F77FE6172329EA55787A80300C4A824107E46","1","735","False","False","2067.647","Hedef makine etkin olarak reddetti?inden ba?lant? kurulamad? 127.0.0.1:1143","False","0","False","False","0","False"
"d02f514d-e0e9-491f-b8d4-72c89c73fe78","MANIFEST_BOUND","hmail-perf-pair-service-20260901","06EFCBA9520D478A6DAC7ABB7F09F3B63D015A0CD5ECA1EB4D0FD2CC8C38F9FD","cpp","hmail_perf_pair_cpp_20260831_head3","C:\hmail-perf-pair-service-20260901\cpp\Data","B3DF9E8BBF4BEDB1102C94DF7C86356E1FEABCBC02A18E8EABEB1EA1453D09B8",,,"one TCP client and one sequential IMAP session per sample","0","PASS","45FA907CE0D3797C1E13EBB2F03F076A25656CCE27E801C18F745ACD3944FBBD","5136EEC556F9790732AE759EF52F77FE6172329EA55787A80300C4A824107E46","1","736","False","False","2066.258","Hedef makine etkin olarak reddetti?inden ba?lant? kurulamad? 127.0.0.1:1143","False","0","False","False","0","False"
"d02f514d-e0e9-491f-b8d4-72c89c73fe78","MANIFEST_BOUND","hmail-perf-pair-service-20260901","06EFCBA9520D478A6DAC7ABB7F09F3B63D015A0CD5ECA1EB4D0FD2CC8C38F9FD","cpp","hmail_perf_pair_cpp_20260831_head3","C:\hmail-perf-pair-service-20260901\cpp\Data","B3DF9E8BBF4BEDB1102C94DF7C86356E1FEABCBC02A18E8EABEB1EA1453D09B8",,,"one TCP client and one sequential IMAP session per sample","0","PASS","45FA907CE0D3797C1E13EBB2F03F076A25656CCE27E801C18F745ACD3944FBBD","5136EEC556F9790732AE759EF52F77FE6172329EA55787A80300C4A824107E46","1","737","False","False","2059.559","Hedef makine etkin olarak reddetti?inden ba?lant? kurulamad? 127.0.0.1:1143","False","0","False","False","0","False"
"d02f514d-e0e9-491f-b8d4-72c89c73fe78","MANIFEST_BOUND","hmail-perf-pair-service-20260901","06EFCBA9520D478A6DAC7ABB7F09F3B63D015A0CD5ECA1EB4D0FD2CC8C38F9FD","cpp","hmail_perf_pair_cpp_20260831_head3","C:\hmail-perf-pair-service-20260901\cpp\Data","B3DF9E8BBF4BEDB1102C94DF7C86356E1FEABCBC02A18E8EABEB1EA1453D09B8",,,"one TCP client and one sequential IMAP session per sample","0","PASS","45FA907CE0D3797C1E13EBB2F03F076A25656CCE27E801C18F745ACD3944FBBD","5136EEC556F9790732AE759EF52F77FE6172329EA55787A80300C4A824107E46","1","738","False","False","2068.387","Hedef makine etkin olarak reddetti?inden ba?lant? kurulamad? 127.0.0.1:1143","False","0","False","False","0","False"
"d02f514d-e0e9-491f-b8d4-72c89c73fe78","MANIFEST_BOUND","hmail-perf-pair-service-20260901","06EFCBA9520D478A6DAC7ABB7F09F3B63D015A0CD5ECA1EB4D0FD2CC8C38F9FD","cpp","hmail_perf_pair_cpp_20260831_head3","C:\hmail-perf-pair-service-20260901\cpp\Data","B3DF9E8BBF4BEDB1102C94DF7C86356E1FEABCBC02A18E8EABEB1EA1453D09B8",,,"one TCP client and one sequential IMAP session per sample","0","PASS","45FA907CE0D3797C1E13EBB2F03F076A25656CCE27E801C18F745ACD3944FBBD","5136EEC556F9790732AE759EF52F77FE6172329EA55787A80300C4A824107E46","1","739","False","False","2068.382","Hedef makine etkin olarak reddetti?inden ba?lant? kurulamad? 127.0.0.1:1143","False","0","False","False","0","False"
"d02f514d-e0e9-491f-b8d4-72c89c73fe78","MANIFEST_BOUND","hmail-perf-pair-service-20260901","06EFCBA9520D478A6DAC7ABB7F09F3B63D015A0CD5ECA1EB4D0FD2CC8C38F9FD","cpp","hmail_perf_pair_cpp_20260831_head3","C:\hmail-perf-pair-service-20260901\cpp\Data","B3DF9E8BBF4BEDB1102C94DF7C86356E1FEABCBC02A18E8EABEB1EA1453D09B8",,,"one TCP client and one sequential IMAP session per sample","0","PASS","45FA907CE0D3797C1E13EBB2F03F076A25656CCE27E801C18F745ACD3944FBBD","5136EEC556F9790732AE759EF52F77FE6172329EA55787A80300C4A824107E46","1","740","False","False","2068.001","Hedef makine etkin olarak reddetti?inden ba?lant? kurulamad? 127.0.0.1:1143","False","0","False","False","0","False"
"d02f514d-e0e9-491f-b8d4-72c89c73fe78","MANIFEST_BOUND","hmail-perf-pair-service-20260901","06EFCBA9520D478A6DAC7ABB7F09F3B63D015A0CD5ECA1EB4D0FD2CC8C38F9FD","cpp","hmail_perf_pair_cpp_20260831_head3","C:\hmail-perf-pair-service-20260901\cpp\Data","B3DF9E8BBF4BEDB1102C94DF7C86356E1FEABCBC02A18E8EABEB1EA1453D09B8",,,"one TCP client and one sequential IMAP session per sample","0","PASS","45FA907CE0D3797C1E13EBB2F03F076A25656CCE27E801C18F745ACD3944FBBD","5136EEC556F9790732AE759EF52F77FE6172329EA55787A80300C4A824107E46","1","741","False","False","2066.036","Hedef makine etkin olarak reddetti?inden ba?lant? kurulamad? 127.0.0.1:1143","False","0","False","False","0","False"
"d02f514d-e0e9-491f-b8d4-72c89c73fe78","MANIFEST_BOUND","hmail-perf-pair-service-20260901","06EFCBA9520D478A6DAC7ABB7F09F3B63D015A0CD5ECA1EB4D0FD2CC8C38F9FD","cpp","hmail_perf_pair_cpp_20260831_head3","C:\hmail-perf-pair-service-20260901\cpp\Data","B3DF9E8BBF4BEDB1102C94DF7C86356E1FEABCBC02A18E8EABEB1EA1453D09B8",,,"one TCP client and one sequential IMAP session per sample","0","PASS","45FA907CE0D3797C1E13EBB2F03F076A25656CCE27E801C18F745ACD3944FBBD","5136EEC556F9790732AE759EF52F77FE6172329EA55787A80300C4A824107E46","1","742","False","False","2067.653","Hedef makine etkin olarak reddetti?inden ba?lant? kurulamad? 127.0.0.1:1143","False","0","False","False","0","False"
"d02f514d-e0e9-491f-b8d4-72c89c73fe78","MANIFEST_BOUND","hmail-perf-pair-service-20260901","06EFCBA9520D478A6DAC7ABB7F09F3B63D015A0CD5ECA1EB4D0FD2CC8C38F9FD","cpp","hmail_perf_pair_cpp_20260831_head3","C:\hmail-perf-pair-service-20260901\cpp\Data","B3DF9E8BBF4BEDB1102C94DF7C86356E1FEABCBC02A18E8EABEB1EA1453D09B8",,,"one TCP client and one sequential IMAP session per sample","0","PASS","45FA907CE0D3797C1E13EBB2F03F076A25656CCE27E801C18F745ACD3944FBBD","5136EEC556F9790732AE759EF52F77FE6172329EA55787A80300C4A824107E46","1","743","False","False","2068.142","Hedef makine etkin olarak reddetti?inden ba?lant? kurulamad? 127.0.0.1:1143","False","0","False","False","0","False"
"d02f514d-e0e9-491f-b8d4-72c89c73fe78","MANIFEST_BOUND","hmail-perf-pair-service-20260901","06EFCBA9520D478A6DAC7ABB7F09F3B63D015A0CD5ECA1EB4D0FD2CC8C38F9FD","cpp","hmail_perf_pair_cpp_20260831_head3","C:\hmail-perf-pair-service-20260901\cpp\Data","B3DF9E8BBF4BEDB1102C94DF7C86356E1FEABCBC02A18E8EABEB1EA1453D09B8",,,"one TCP client and one sequential IMAP session per sample","0","PASS","45FA907CE0D3797C1E13EBB2F03F076A25656CCE27E801C18F745ACD3944FBBD","5136EEC556F9790732AE759EF52F77FE6172329EA55787A80300C4A824107E46","1","744","False","False","2068.16","Hedef makine etkin olarak reddetti?inden ba?lant? kurulamad? 127.0.0.1:1143","False","0","False","False","0","False"
"d02f514d-e0e9-491f-b8d4-72c89c73fe78","MANIFEST_BOUND","hmail-perf-pair-service-20260901","06EFCBA9520D478A6DAC7ABB7F09F3B63D015A0CD5ECA1EB4D0FD2CC8C38F9FD","cpp","hmail_perf_pair_cpp_20260831_head3","C:\hmail-perf-pair-service-20260901\cpp\Data","B3DF9E8BBF4BEDB1102C94DF7C86356E1FEABCBC02A18E8EABEB1EA1453D09B8",,,"one TCP client and one sequential IMAP session per sample","0","PASS","45FA907CE0D3797C1E13EBB2F03F076A25656CCE27E801C18F745ACD3944FBBD","5136EEC556F9790732AE759EF52F77FE6172329EA55787A80300C4A824107E46","1","745","False","False","2058.993","Hedef makine etkin olarak reddetti?inden ba?lant? kurulamad? 127.0.0.1:1143","False","0","False","False","0","False"
"d02f514d-e0e9-491f-b8d4-72c89c73fe78","MANIFEST_BOUND","hmail-perf-pair-service-20260901","06EFCBA9520D478A6DAC7ABB7F09F3B63D015A0CD5ECA1EB4D0FD2CC8C38F9FD","cpp","hmail_perf_pair_cpp_20260831_head3","C:\hmail-perf-pair-service-20260901\cpp\Data","B3DF9E8BBF4BEDB1102C94DF7C86356E1FEABCBC02A18E8EABEB1EA1453D09B8",,,"one TCP client and one sequential IMAP session per sample","0","PASS","45FA907CE0D3797C1E13EBB2F03F076A25656CCE27E801C18F745ACD3944FBBD","5136EEC556F9790732AE759EF52F77FE6172329EA55787A80300C4A824107E46","1","746","False","False","2065.545","Hedef makine etkin olarak reddetti?inden ba?lant? kurulamad? 127.0.0.1:1143","False","0","False","False","0","False"
"d02f514d-e0e9-491f-b8d4-72c89c73fe78","MANIFEST_BOUND","hmail-perf-pair-service-20260901","06EFCBA9520D478A6DAC7ABB7F09F3B63D015A0CD5ECA1EB4D0FD2CC8C38F9FD","cpp","hmail_perf_pair_cpp_20260831_head3","C:\hmail-perf-pair-service-20260901\cpp\Data","B3DF9E8BBF4BEDB1102C94DF7C86356E1FEABCBC02A18E8EABEB1EA1453D09B8",,,"one TCP client and one sequential IMAP session per sample","0","PASS","45FA907CE0D3797C1E13EBB2F03F076A25656CCE27E801C18F745ACD3944FBBD","5136EEC556F9790732AE759EF52F77FE6172329EA55787A80300C4A824107E46","1","747","False","False","2066.031","Hedef makine etkin olarak reddetti?inden ba?lant? kurulamad? 127.0.0.1:1143","False","0","False","False","0","False"
"d02f514d-e0e9-491f-b8d4-72c89c73fe78","MANIFEST_BOUND","hmail-perf-pair-service-20260901","06EFCBA9520D478A6DAC7ABB7F09F3B63D015A0CD5ECA1EB4D0FD2CC8C38F9FD","cpp","hmail_perf_pair_cpp_20260831_head3","C:\hmail-perf-pair-service-20260901\cpp\Data","B3DF9E8BBF4BEDB1102C94DF7C86356E1FEABCBC02A18E8EABEB1EA1453D09B8",,,"one TCP client and one sequential IMAP session per sample","0","PASS","45FA907CE0D3797C1E13EBB2F03F076A25656CCE27E801C18F745ACD3944FBBD","5136EEC556F9790732AE759EF52F77FE6172329EA55787A80300C4A824107E46","1","748","False","False","2067.582","Hedef makine etkin olarak reddetti?inden ba?lant? kurulamad? 127.0.0.1:1143","False","0","False","False","0","False"
"d02f514d-e0e9-491f-b8d4-72c89c73fe78","MANIFEST_BOUND","hmail-perf-pair-service-20260901","06EFCBA9520D478A6DAC7ABB7F09F3B63D015A0CD5ECA1EB4D0FD2CC8C38F9FD","cpp","hmail_perf_pair_cpp_20260831_head3","C:\hmail-perf-pair-service-20260901\cpp\Data","B3DF9E8BBF4BEDB1102C94DF7C86356E1FEABCBC02A18E8EABEB1EA1453D09B8",,,"one TCP client and one sequential IMAP session per sample","0","PASS","45FA907CE0D3797C1E13EBB2F03F076A25656CCE27E801C18F745ACD3944FBBD","5136EEC556F9790732AE759EF52F77FE6172329EA55787A80300C4A824107E46","1","749","False","False","2067.438","Hedef makine etkin olarak reddetti?inden ba?lant? kurulamad? 127.0.0.1:1143","False","0","False","False","0","False"
"d02f514d-e0e9-491f-b8d4-72c89c73fe78","MANIFEST_BOUND","hmail-perf-pair-service-20260901","06EFCBA9520D478A6DAC7ABB7F09F3B63D015A0CD5ECA1EB4D0FD2CC8C38F9FD","cpp","hmail_perf_pair_cpp_20260831_head3","C:\hmail-perf-pair-service-20260901\cpp\Data","B3DF9E8BBF4BEDB1102C94DF7C86356E1FEABCBC02A18E8EABEB1EA1453D09B8",,,"one TCP client and one sequential IMAP session per sample","0","PASS","45FA907CE0D3797C1E13EBB2F03F076A25656CCE27E801C18F745ACD3944FBBD","5136EEC556F9790732AE759EF52F77FE6172329EA55787A80300C4A824107E46","1","750","False","False","2065.617","Hedef makine etkin olarak reddetti?inden ba?lant? kurulamad? 127.0.0.1:1143","False","0","False","False","0","False"
"d02f514d-e0e9-491f-b8d4-72c89c73fe78","MANIFEST_BOUND","hmail-perf-pair-service-20260901","06EFCBA9520D478A6DAC7ABB7F09F3B63D015A0CD5ECA1EB4D0FD2CC8C38F9FD","cpp","hmail_perf_pair_cpp_20260831_head3","C:\hmail-perf-pair-service-20260901\cpp\Data","B3DF9E8BBF4BEDB1102C94DF7C86356E1FEABCBC02A18E8EABEB1EA1453D09B8",,,"one TCP client and one sequential IMAP session per sample","0","PASS","45FA907CE0D3797C1E13EBB2F03F076A25656CCE27E801C18F745ACD3944FBBD","5136EEC556F9790732AE759EF52F77FE6172329EA55787A80300C4A824107E46","1","751","False","False","2067.5","Hedef makine etkin olarak reddetti?inden ba?lant? kurulamad? 127.0.0.1:1143","False","0","False","False","0","False"
"d02f514d-e0e9-491f-b8d4-72c89c73fe78","MANIFEST_BOUND","hmail-perf-pair-service-20260901","06EFCBA9520D478A6DAC7ABB7F09F3B63D015A0CD5ECA1EB4D0FD2CC8C38F9FD","cpp","hmail_perf_pair_cpp_20260831_head3","C:\hmail-perf-pair-service-20260901\cpp\Data","B3DF9E8BBF4BEDB1102C94DF7C86356E1FEABCBC02A18E8EABEB1EA1453D09B8",,,"one TCP client and one sequential IMAP session per sample","0","PASS","45FA907CE0D3797C1E13EBB2F03F076A25656CCE27E801C18F745ACD3944FBBD","5136EEC556F9790732AE759EF52F77FE6172329EA55787A80300C4A824107E46","1","752","False","False","2067.602","Hedef makine etkin olarak reddetti?inden ba?lant? kurulamad? 127.0.0.1:1143","False","0","False","False","0","False"
"d02f514d-e0e9-491f-b8d4-72c89c73fe78","MANIFEST_BOUND","hmail-perf-pair-service-20260901","06EFCBA9520D478A6DAC7ABB7F09F3B63D015A0CD5ECA1EB4D0FD2CC8C38F9FD","cpp","hmail_perf_pair_cpp_20260831_head3","C:\hmail-perf-pair-service-20260901\cpp\Data","B3DF9E8BBF4BEDB1102C94DF7C86356E1FEABCBC02A18E8EABEB1EA1453D09B8",,,"one TCP client and one sequential IMAP session per sample","0","PASS","45FA907CE0D3797C1E13EBB2F03F076A25656CCE27E801C18F745ACD3944FBBD","5136EEC556F9790732AE759EF52F77FE6172329EA55787A80300C4A824107E46","1","753","False","False","2064.798","Hedef makine etkin olarak reddetti?inden ba?lant? kurulamad? 127.0.0.1:1143","False","0","False","False","0","False"
"d02f514d-e0e9-491f-b8d4-72c89c73fe78","MANIFEST_BOUND","hmail-perf-pair-service-20260901","06EFCBA9520D478A6DAC7ABB7F09F3B63D015A0CD5ECA1EB4D0FD2CC8C38F9FD","cpp","hmail_perf_pair_cpp_20260831_head3","C:\hmail-perf-pair-service-20260901\cpp\Data","B3DF9E8BBF4BEDB1102C94DF7C86356E1FEABCBC02A18E8EABEB1EA1453D09B8",,,"one TCP client and one sequential IMAP session per sample","0","PASS","45FA907CE0D3797C1E13EBB2F03F076A25656CCE27E801C18F745ACD3944FBBD","5136EEC556F9790732AE759EF52F77FE6172329EA55787A80300C4A824107E46","1","754","False","False","2065.122","Hedef makine etkin olarak reddetti?inden ba?lant? kurulamad? 127.0.0.1:1143","False","0","False","False","0","False"
"d02f514d-e0e9-491f-b8d4-72c89c73fe78","MANIFEST_BOUND","hmail-perf-pair-service-20260901","06EFCBA9520D478A6DAC7ABB7F09F3B63D015A0CD5ECA1EB4D0FD2CC8C38F9FD","cpp","hmail_perf_pair_cpp_20260831_head3","C:\hmail-perf-pair-service-20260901\cpp\Data","B3DF9E8BBF4BEDB1102C94DF7C86356E1FEABCBC02A18E8EABEB1EA1453D09B8",,,"one TCP client and one sequential IMAP session per sample","0","PASS","45FA907CE0D3797C1E13EBB2F03F076A25656CCE27E801C18F745ACD3944FBBD","5136EEC556F9790732AE759EF52F77FE6172329EA55787A80300C4A824107E46","1","755","False","False","2065.68","Hedef makine etkin olarak reddetti?inden ba?lant? kurulamad? 127.0.0.1:1143","False","0","False","False","0","False"
"d02f514d-e0e9-491f-b8d4-72c89c73fe78","MANIFEST_BOUND","hmail-perf-pair-service-20260901","06EFCBA9520D478A6DAC7ABB7F09F3B63D015A0CD5ECA1EB4D0FD2CC8C38F9FD","cpp","hmail_perf_pair_cpp_20260831_head3","C:\hmail-perf-pair-service-20260901\cpp\Data","B3DF9E8BBF4BEDB1102C94DF7C86356E1FEABCBC02A18E8EABEB1EA1453D09B8",,,"one TCP client and one sequential IMAP session per sample","0","PASS","45FA907CE0D3797C1E13EBB2F03F076A25656CCE27E801C18F745ACD3944FBBD","5136EEC556F9790732AE759EF52F77FE6172329EA55787A80300C4A824107E46","1","756","False","False","2058.786","Hedef makine etkin olarak reddetti?inden ba?lant? kurulamad? 127.0.0.1:1143","False","0","False","False","0","False"
"d02f514d-e0e9-491f-b8d4-72c89c73fe78","MANIFEST_BOUND","hmail-perf-pair-service-20260901","06EFCBA9520D478A6DAC7ABB7F09F3B63D015A0CD5ECA1EB4D0FD2CC8C38F9FD","cpp","hmail_perf_pair_cpp_20260831_head3","C:\hmail-perf-pair-service-20260901\cpp\Data","B3DF9E8BBF4BEDB1102C94DF7C86356E1FEABCBC02A18E8EABEB1EA1453D09B8",,,"one TCP client and one sequential IMAP session per sample","0","PASS","45FA907CE0D3797C1E13EBB2F03F076A25656CCE27E801C18F745ACD3944FBBD","5136EEC556F9790732AE759EF52F77FE6172329EA55787A80300C4A824107E46","1","757","False","False","2067.476","Hedef makine etkin olarak reddetti?inden ba?lant? kurulamad? 127.0.0.1:1143","False","0","False","False","0","False"
"d02f514d-e0e9-491f-b8d4-72c89c73fe78","MANIFEST_BOUND","hmail-perf-pair-service-20260901","06EFCBA9520D478A6DAC7ABB7F09F3B63D015A0CD5ECA1EB4D0FD2CC8C38F9FD","cpp","hmail_perf_pair_cpp_20260831_head3","C:\hmail-perf-pair-service-20260901\cpp\Data","B3DF9E8BBF4BEDB1102C94DF7C86356E1FEABCBC02A18E8EABEB1EA1453D09B8",,,"one TCP client and one sequential IMAP session per sample","0","PASS","45FA907CE0D3797C1E13EBB2F03F076A25656CCE27E801C18F745ACD3944FBBD","5136EEC556F9790732AE759EF52F77FE6172329EA55787A80300C4A824107E46","1","758","False","False","2067.456","Hedef makine etkin olarak reddetti?inden ba?lant? kurulamad? 127.0.0.1:1143","False","0","False","False","0","False"
"d02f514d-e0e9-491f-b8d4-72c89c73fe78","MANIFEST_BOUND","hmail-perf-pair-service-20260901","06EFCBA9520D478A6DAC7ABB7F09F3B63D015A0CD5ECA1EB4D0FD2CC8C38F9FD","cpp","hmail_perf_pair_cpp_20260831_head3","C:\hmail-perf-pair-service-20260901\cpp\Data","B3DF9E8BBF4BEDB1102C94DF7C86356E1FEABCBC02A18E8EABEB1EA1453D09B8",,,"one TCP client and one sequential IMAP session per sample","0","PASS","45FA907CE0D3797C1E13EBB2F03F076A25656CCE27E801C18F745ACD3944FBBD","5136EEC556F9790732AE759EF52F77FE6172329EA55787A80300C4A824107E46","1","759","False","False","2065.134","Hedef makine etkin olarak reddetti?inden ba?lant? kurulamad? 127.0.0.1:1143","False","0","False","False","0","False"
"d02f514d-e0e9-491f-b8d4-72c89c73fe78","MANIFEST_BOUND","hmail-perf-pair-service-20260901","06EFCBA9520D478A6DAC7ABB7F09F3B63D015A0CD5ECA1EB4D0FD2CC8C38F9FD","cpp","hmail_perf_pair_cpp_20260831_head3","C:\hmail-perf-pair-service-20260901\cpp\Data","B3DF9E8BBF4BEDB1102C94DF7C86356E1FEABCBC02A18E8EABEB1EA1453D09B8",,,"one TCP client and one sequential IMAP session per sample","0","PASS","45FA907CE0D3797C1E13EBB2F03F076A25656CCE27E801C18F745ACD3944FBBD","5136EEC556F9790732AE759EF52F77FE6172329EA55787A80300C4A824107E46","1","760","False","False","2058.593","Hedef makine etkin olarak reddetti?inden ba?lant? kurulamad? 127.0.0.1:1143","False","0","False","False","0","False"
"d02f514d-e0e9-491f-b8d4-72c89c73fe78","MANIFEST_BOUND","hmail-perf-pair-service-20260901","06EFCBA9520D478A6DAC7ABB7F09F3B63D015A0CD5ECA1EB4D0FD2CC8C38F9FD","cpp","hmail_perf_pair_cpp_20260831_head3","C:\hmail-perf-pair-service-20260901\cpp\Data","B3DF9E8BBF4BEDB1102C94DF7C86356E1FEABCBC02A18E8EABEB1EA1453D09B8",,,"one TCP client and one sequential IMAP session per sample","0","PASS","45FA907CE0D3797C1E13EBB2F03F076A25656CCE27E801C18F745ACD3944FBBD","5136EEC556F9790732AE759EF52F77FE6172329EA55787A80300C4A824107E46","1","761","False","False","2064.502","Hedef makine etkin olarak reddetti?inden ba?lant? kurulamad? 127.0.0.1:1143","False","0","False","False","0","False"
"d02f514d-e0e9-491f-b8d4-72c89c73fe78","MANIFEST_BOUND","hmail-perf-pair-service-20260901","06EFCBA9520D478A6DAC7ABB7F09F3B63D015A0CD5ECA1EB4D0FD2CC8C38F9FD","cpp","hmail_perf_pair_cpp_20260831_head3","C:\hmail-perf-pair-service-20260901\cpp\Data","B3DF9E8BBF4BEDB1102C94DF7C86356E1FEABCBC02A18E8EABEB1EA1453D09B8",,,"one TCP client and one sequential IMAP session per sample","0","PASS","45FA907CE0D3797C1E13EBB2F03F076A25656CCE27E801C18F745ACD3944FBBD","5136EEC556F9790732AE759EF52F77FE6172329EA55787A80300C4A824107E46","1","762","False","False","2065.512","Hedef makine etkin olarak reddetti?inden ba?lant? kurulamad? 127.0.0.1:1143","False","0","False","False","0","False"
"d02f514d-e0e9-491f-b8d4-72c89c73fe78","MANIFEST_BOUND","hmail-perf-pair-service-20260901","06EFCBA9520D478A6DAC7ABB7F09F3B63D015A0CD5ECA1EB4D0FD2CC8C38F9FD","cpp","hmail_perf_pair_cpp_20260831_head3","C:\hmail-perf-pair-service-20260901\cpp\Data","B3DF9E8BBF4BEDB1102C94DF7C86356E1FEABCBC02A18E8EABEB1EA1453D09B8",,,"one TCP client and one sequential IMAP session per sample","0","PASS","45FA907CE0D3797C1E13EBB2F03F076A25656CCE27E801C18F745ACD3944FBBD","5136EEC556F9790732AE759EF52F77FE6172329EA55787A80300C4A824107E46","1","763","False","False","2064.503","Hedef makine etkin olarak reddetti?inden ba?lant? kurulamad? 127.0.0.1:1143","False","0","False","False","0","False"
"d02f514d-e0e9-491f-b8d4-72c89c73fe78","MANIFEST_BOUND","hmail-perf-pair-service-20260901","06EFCBA9520D478A6DAC7ABB7F09F3B63D015A0CD5ECA1EB4D0FD2CC8C38F9FD","cpp","hmail_perf_pair_cpp_20260831_head3","C:\hmail-perf-pair-service-20260901\cpp\Data","B3DF9E8BBF4BEDB1102C94DF7C86356E1FEABCBC02A18E8EABEB1EA1453D09B8",,,"one TCP client and one sequential IMAP session per sample","0","PASS","45FA907CE0D3797C1E13EBB2F03F076A25656CCE27E801C18F745ACD3944FBBD","5136EEC556F9790732AE759EF52F77FE6172329EA55787A80300C4A824107E46","1","764","False","False","2067.137","Hedef makine etkin olarak reddetti?inden ba?lant? kurulamad? 127.0.0.1:1143","False","0","False","False","0","False"
"d02f514d-e0e9-491f-b8d4-72c89c73fe78","MANIFEST_BOUND","hmail-perf-pair-service-20260901","06EFCBA9520D478A6DAC7ABB7F09F3B63D015A0CD5ECA1EB4D0FD2CC8C38F9FD","cpp","hmail_perf_pair_cpp_20260831_head3","C:\hmail-perf-pair-service-20260901\cpp\Data","B3DF9E8BBF4BEDB1102C94DF7C86356E1FEABCBC02A18E8EABEB1EA1453D09B8",,,"one TCP client and one sequential IMAP session per sample","0","PASS","45FA907CE0D3797C1E13EBB2F03F076A25656CCE27E801C18F745ACD3944FBBD","5136EEC556F9790732AE759EF52F77FE6172329EA55787A80300C4A824107E46","1","765","False","False","2058.052","Hedef makine etkin olarak reddetti?inden ba?lant? kurulamad? 127.0.0.1:1143","False","0","False","False","0","False"
"d02f514d-e0e9-491f-b8d4-72c89c73fe78","MANIFEST_BOUND","hmail-perf-pair-service-20260901","06EFCBA9520D478A6DAC7ABB7F09F3B63D015A0CD5ECA1EB4D0FD2CC8C38F9FD","cpp","hmail_perf_pair_cpp_20260831_head3","C:\hmail-perf-pair-service-20260901\cpp\Data","B3DF9E8BBF4BEDB1102C94DF7C86356E1FEABCBC02A18E8EABEB1EA1453D09B8",,,"one TCP client and one sequential IMAP session per sample","0","PASS","45FA907CE0D3797C1E13EBB2F03F076A25656CCE27E801C18F745ACD3944FBBD","5136EEC556F9790732AE759EF52F77FE6172329EA55787A80300C4A824107E46","1","766","False","False","2064.956","Hedef makine etkin olarak reddetti?inden ba?lant? kurulamad? 127.0.0.1:1143","False","0","False","False","0","False"
"d02f514d-e0e9-491f-b8d4-72c89c73fe78","MANIFEST_BOUND","hmail-perf-pair-service-20260901","06EFCBA9520D478A6DAC7ABB7F09F3B63D015A0CD5ECA1EB4D0FD2CC8C38F9FD","cpp","hmail_perf_pair_cpp_20260831_head3","C:\hmail-perf-pair-service-20260901\cpp\Data","B3DF9E8BBF4BEDB1102C94DF7C86356E1FEABCBC02A18E8EABEB1EA1453D09B8",,,"one TCP client and one sequential IMAP session per sample","0","PASS","45FA907CE0D3797C1E13EBB2F03F076A25656CCE27E801C18F745ACD3944FBBD","5136EEC556F9790732AE759EF52F77FE6172329EA55787A80300C4A824107E46","1","767","False","False","2066.781","Hedef makine etkin olarak reddetti?inden ba?lant? kurulamad? 127.0.0.1:1143","False","0","False","False","0","False"
"d02f514d-e0e9-491f-b8d4-72c89c73fe78","MANIFEST_BOUND","hmail-perf-pair-service-20260901","06EFCBA9520D478A6DAC7ABB7F09F3B63D015A0CD5ECA1EB4D0FD2CC8C38F9FD","cpp","hmail_perf_pair_cpp_20260831_head3","C:\hmail-perf-pair-service-20260901\cpp\Data","B3DF9E8BBF4BEDB1102C94DF7C86356E1FEABCBC02A18E8EABEB1EA1453D09B8",,,"one TCP client and one sequential IMAP session per sample","0","PASS","45FA907CE0D3797C1E13EBB2F03F076A25656CCE27E801C18F745ACD3944FBBD","5136EEC556F9790732AE759EF52F77FE6172329EA55787A80300C4A824107E46","1","768","False","False","2064.112","Hedef makine etkin olarak reddetti?inden ba?lant? kurulamad? 127.0.0.1:1143","False","0","False","False","0","False"
"d02f514d-e0e9-491f-b8d4-72c89c73fe78","MANIFEST_BOUND","hmail-perf-pair-service-20260901","06EFCBA9520D478A6DAC7ABB7F09F3B63D015A0CD5ECA1EB4D0FD2CC8C38F9FD","cpp","hmail_perf_pair_cpp_20260831_head3","C:\hmail-perf-pair-service-20260901\cpp\Data","B3DF9E8BBF4BEDB1102C94DF7C86356E1FEABCBC02A18E8EABEB1EA1453D09B8",,,"one TCP client and one sequential IMAP session per sample","0","PASS","45FA907CE0D3797C1E13EBB2F03F076A25656CCE27E801C18F745ACD3944FBBD","5136EEC556F9790732AE759EF52F77FE6172329EA55787A80300C4A824107E46","1","769","False","False","2064.664","Hedef makine etkin olarak reddetti?inden ba?lant? kurulamad? 127.0.0.1:1143","False","0","False","False","0","False"
"d02f514d-e0e9-491f-b8d4-72c89c73fe78","MANIFEST_BOUND","hmail-perf-pair-service-20260901","06EFCBA9520D478A6DAC7ABB7F09F3B63D015A0CD5ECA1EB4D0FD2CC8C38F9FD","cpp","hmail_perf_pair_cpp_20260831_head3","C:\hmail-perf-pair-service-20260901\cpp\Data","B3DF9E8BBF4BEDB1102C94DF7C86356E1FEABCBC02A18E8EABEB1EA1453D09B8",,,"one TCP client and one sequential IMAP session per sample","0","PASS","45FA907CE0D3797C1E13EBB2F03F076A25656CCE27E801C18F745ACD3944FBBD","5136EEC556F9790732AE759EF52F77FE6172329EA55787A80300C4A824107E46","1","770","False","False","2066.731","Hedef makine etkin olarak reddetti?inden ba?lant? kurulamad? 127.0.0.1:1143","False","0","False","False","0","False"
"d02f514d-e0e9-491f-b8d4-72c89c73fe78","MANIFEST_BOUND","hmail-perf-pair-service-20260901","06EFCBA9520D478A6DAC7ABB7F09F3B63D015A0CD5ECA1EB4D0FD2CC8C38F9FD","cpp","hmail_perf_pair_cpp_20260831_head3","C:\hmail-perf-pair-service-20260901\cpp\Data","B3DF9E8BBF4BEDB1102C94DF7C86356E1FEABCBC02A18E8EABEB1EA1453D09B8",,,"one TCP client and one sequential IMAP session per sample","0","PASS","45FA907CE0D3797C1E13EBB2F03F076A25656CCE27E801C18F745ACD3944FBBD","5136EEC556F9790732AE759EF52F77FE6172329EA55787A80300C4A824107E46","1","771","False","False","2064.108","Hedef makine etkin olarak reddetti?inden ba?lant? kurulamad? 127.0.0.1:1143","False","0","False","False","0","False"
"d02f514d-e0e9-491f-b8d4-72c89c73fe78","MANIFEST_BOUND","hmail-perf-pair-service-20260901","06EFCBA9520D478A6DAC7ABB7F09F3B63D015A0CD5ECA1EB4D0FD2CC8C38F9FD","cpp","hmail_perf_pair_cpp_20260831_head3","C:\hmail-perf-pair-service-20260901\cpp\Data","B3DF9E8BBF4BEDB1102C94DF7C86356E1FEABCBC02A18E8EABEB1EA1453D09B8",,,"one TCP client and one sequential IMAP session per sample","0","PASS","45FA907CE0D3797C1E13EBB2F03F076A25656CCE27E801C18F745ACD3944FBBD","5136EEC556F9790732AE759EF52F77FE6172329EA55787A80300C4A824107E46","1","772","False","False","2066.965","Hedef makine etkin olarak reddetti?inden ba?lant? kurulamad? 127.0.0.1:1143","False","0","False","False","0","False"
"d02f514d-e0e9-491f-b8d4-72c89c73fe78","MANIFEST_BOUND","hmail-perf-pair-service-20260901","06EFCBA9520D478A6DAC7ABB7F09F3B63D015A0CD5ECA1EB4D0FD2CC8C38F9FD","cpp","hmail_perf_pair_cpp_20260831_head3","C:\hmail-perf-pair-service-20260901\cpp\Data","B3DF9E8BBF4BEDB1102C94DF7C86356E1FEABCBC02A18E8EABEB1EA1453D09B8",,,"one TCP client and one sequential IMAP session per sample","0","PASS","45FA907CE0D3797C1E13EBB2F03F076A25656CCE27E801C18F745ACD3944FBBD","5136EEC556F9790732AE759EF52F77FE6172329EA55787A80300C4A824107E46","1","773","False","False","2063.735","Hedef makine etkin olarak reddetti?inden ba?lant? kurulamad? 127.0.0.1:1143","False","0","False","False","0","False"
"d02f514d-e0e9-491f-b8d4-72c89c73fe78","MANIFEST_BOUND","hmail-perf-pair-service-20260901","06EFCBA9520D478A6DAC7ABB7F09F3B63D015A0CD5ECA1EB4D0FD2CC8C38F9FD","cpp","hmail_perf_pair_cpp_20260831_head3","C:\hmail-perf-pair-service-20260901\cpp\Data","B3DF9E8BBF4BEDB1102C94DF7C86356E1FEABCBC02A18E8EABEB1EA1453D09B8",,,"one TCP client and one sequential IMAP session per sample","0","PASS","45FA907CE0D3797C1E13EBB2F03F076A25656CCE27E801C18F745ACD3944FBBD","5136EEC556F9790732AE759EF52F77FE6172329EA55787A80300C4A824107E46","1","774","False","False","2066.89","Hedef makine etkin olarak reddetti?inden ba?lant? kurulamad? 127.0.0.1:1143","False","0","False","False","0","False"
"d02f514d-e0e9-491f-b8d4-72c89c73fe78","MANIFEST_BOUND","hmail-perf-pair-service-20260901","06EFCBA9520D478A6DAC7ABB7F09F3B63D015A0CD5ECA1EB4D0FD2CC8C38F9FD","cpp","hmail_perf_pair_cpp_20260831_head3","C:\hmail-perf-pair-service-20260901\cpp\Data","B3DF9E8BBF4BEDB1102C94DF7C86356E1FEABCBC02A18E8EABEB1EA1453D09B8",,,"one TCP client and one sequential IMAP session per sample","0","PASS","45FA907CE0D3797C1E13EBB2F03F076A25656CCE27E801C18F745ACD3944FBBD","5136EEC556F9790732AE759EF52F77FE6172329EA55787A80300C4A824107E46","1","775","False","False","2063.976","Hedef makine etkin olarak reddetti?inden ba?lant? kurulamad? 127.0.0.1:1143","False","0","False","False","0","False"
"d02f514d-e0e9-491f-b8d4-72c89c73fe78","MANIFEST_BOUND","hmail-perf-pair-service-20260901","06EFCBA9520D478A6DAC7ABB7F09F3B63D015A0CD5ECA1EB4D0FD2CC8C38F9FD","cpp","hmail_perf_pair_cpp_20260831_head3","C:\hmail-perf-pair-service-20260901\cpp\Data","B3DF9E8BBF4BEDB1102C94DF7C86356E1FEABCBC02A18E8EABEB1EA1453D09B8",,,"one TCP client and one sequential IMAP session per sample","0","PASS","45FA907CE0D3797C1E13EBB2F03F076A25656CCE27E801C18F745ACD3944FBBD","5136EEC556F9790732AE759EF52F77FE6172329EA55787A80300C4A824107E46","1","776","False","False","2063.569","Hedef makine etkin olarak reddetti?inden ba?lant? kurulamad? 127.0.0.1:1143","False","0","False","False","0","False"
"d02f514d-e0e9-491f-b8d4-72c89c73fe78","MANIFEST_BOUND","hmail-perf-pair-service-20260901","06EFCBA9520D478A6DAC7ABB7F09F3B63D015A0CD5ECA1EB4D0FD2CC8C38F9FD","cpp","hmail_perf_pair_cpp_20260831_head3","C:\hmail-perf-pair-service-20260901\cpp\Data","B3DF9E8BBF4BEDB1102C94DF7C86356E1FEABCBC02A18E8EABEB1EA1453D09B8",,,"one TCP client and one sequential IMAP session per sample","0","PASS","45FA907CE0D3797C1E13EBB2F03F076A25656CCE27E801C18F745ACD3944FBBD","5136EEC556F9790732AE759EF52F77FE6172329EA55787A80300C4A824107E46","1","777","False","False","2066.721","Hedef makine etkin olarak reddetti?inden ba?lant? kurulamad? 127.0.0.1:1143","False","0","False","False","0","False"
"d02f514d-e0e9-491f-b8d4-72c89c73fe78","MANIFEST_BOUND","hmail-perf-pair-service-20260901","06EFCBA9520D478A6DAC7ABB7F09F3B63D015A0CD5ECA1EB4D0FD2CC8C38F9FD","cpp","hmail_perf_pair_cpp_20260831_head3","C:\hmail-perf-pair-service-20260901\cpp\Data","B3DF9E8BBF4BEDB1102C94DF7C86356E1FEABCBC02A18E8EABEB1EA1453D09B8",,,"one TCP client and one sequential IMAP session per sample","0","PASS","45FA907CE0D3797C1E13EBB2F03F076A25656CCE27E801C18F745ACD3944FBBD","5136EEC556F9790732AE759EF52F77FE6172329EA55787A80300C4A824107E46","1","778","False","False","2064.991","Hedef makine etkin olarak reddetti?inden ba?lant? kurulamad? 127.0.0.1:1143","False","0","False","False","0","False"
"d02f514d-e0e9-491f-b8d4-72c89c73fe78","MANIFEST_BOUND","hmail-perf-pair-service-20260901","06EFCBA9520D478A6DAC7ABB7F09F3B63D015A0CD5ECA1EB4D0FD2CC8C38F9FD","cpp","hmail_perf_pair_cpp_20260831_head3","C:\hmail-perf-pair-service-20260901\cpp\Data","B3DF9E8BBF4BEDB1102C94DF7C86356E1FEABCBC02A18E8EABEB1EA1453D09B8",,,"one TCP client and one sequential IMAP session per sample","0","PASS","45FA907CE0D3797C1E13EBB2F03F076A25656CCE27E801C18F745ACD3944FBBD","5136EEC556F9790732AE759EF52F77FE6172329EA55787A80300C4A824107E46","1","779","False","False","2066.561","Hedef makine etkin olarak reddetti?inden ba?lant? kurulamad? 127.0.0.1:1143","False","0","False","False","0","False"
"d02f514d-e0e9-491f-b8d4-72c89c73fe78","MANIFEST_BOUND","hmail-perf-pair-service-20260901","06EFCBA9520D478A6DAC7ABB7F09F3B63D015A0CD5ECA1EB4D0FD2CC8C38F9FD","cpp","hmail_perf_pair_cpp_20260831_head3","C:\hmail-perf-pair-service-20260901\cpp\Data","B3DF9E8BBF4BEDB1102C94DF7C86356E1FEABCBC02A18E8EABEB1EA1453D09B8",,,"one TCP client and one sequential IMAP session per sample","0","PASS","45FA907CE0D3797C1E13EBB2F03F076A25656CCE27E801C18F745ACD3944FBBD","5136EEC556F9790732AE759EF52F77FE6172329EA55787A80300C4A824107E46","1","780","False","False","2063.789","Hedef makine etkin olarak reddetti?inden ba?lant? kurulamad? 127.0.0.1:1143","False","0","False","False","0","False"
"d02f514d-e0e9-491f-b8d4-72c89c73fe78","MANIFEST_BOUND","hmail-perf-pair-service-20260901","06EFCBA9520D478A6DAC7ABB7F09F3B63D015A0CD5ECA1EB4D0FD2CC8C38F9FD","cpp","hmail_perf_pair_cpp_20260831_head3","C:\hmail-perf-pair-service-20260901\cpp\Data","B3DF9E8BBF4BEDB1102C94DF7C86356E1FEABCBC02A18E8EABEB1EA1453D09B8",,,"one TCP client and one sequential IMAP session per sample","0","PASS","45FA907CE0D3797C1E13EBB2F03F076A25656CCE27E801C18F745ACD3944FBBD","5136EEC556F9790732AE759EF52F77FE6172329EA55787A80300C4A824107E46","1","781","False","False","2066.096","Hedef makine etkin olarak reddetti?inden ba?lant? kurulamad? 127.0.0.1:1143","False","0","False","False","0","False"
"d02f514d-e0e9-491f-b8d4-72c89c73fe78","MANIFEST_BOUND","hmail-perf-pair-service-20260901","06EFCBA9520D478A6DAC7ABB7F09F3B63D015A0CD5ECA1EB4D0FD2CC8C38F9FD","cpp","hmail_perf_pair_cpp_20260831_head3","C:\hmail-perf-pair-service-20260901\cpp\Data","B3DF9E8BBF4BEDB1102C94DF7C86356E1FEABCBC02A18E8EABEB1EA1453D09B8",,,"one TCP client and one sequential IMAP session per sample","0","PASS","45FA907CE0D3797C1E13EBB2F03F076A25656CCE27E801C18F745ACD3944FBBD","5136EEC556F9790732AE759EF52F77FE6172329EA55787A80300C4A824107E46","1","782","False","False","2064.243","Hedef makine etkin olarak reddetti?inden ba?lant? kurulamad? 127.0.0.1:1143","False","0","False","False","0","False"
"d02f514d-e0e9-491f-b8d4-72c89c73fe78","MANIFEST_BOUND","hmail-perf-pair-service-20260901","06EFCBA9520D478A6DAC7ABB7F09F3B63D015A0CD5ECA1EB4D0FD2CC8C38F9FD","cpp","hmail_perf_pair_cpp_20260831_head3","C:\hmail-perf-pair-service-20260901\cpp\Data","B3DF9E8BBF4BEDB1102C94DF7C86356E1FEABCBC02A18E8EABEB1EA1453D09B8",,,"one TCP client and one sequential IMAP session per sample","0","PASS","45FA907CE0D3797C1E13EBB2F03F076A25656CCE27E801C18F745ACD3944FBBD","5136EEC556F9790732AE759EF52F77FE6172329EA55787A80300C4A824107E46","1","783","False","False","2064.151","Hedef makine etkin olarak reddetti?inden ba?lant? kurulamad? 127.0.0.1:1143","False","0","False","False","0","False"
"d02f514d-e0e9-491f-b8d4-72c89c73fe78","MANIFEST_BOUND","hmail-perf-pair-service-20260901","06EFCBA9520D478A6DAC7ABB7F09F3B63D015A0CD5ECA1EB4D0FD2CC8C38F9FD","cpp","hmail_perf_pair_cpp_20260831_head3","C:\hmail-perf-pair-service-20260901\cpp\Data","B3DF9E8BBF4BEDB1102C94DF7C86356E1FEABCBC02A18E8EABEB1EA1453D09B8",,,"one TCP client and one sequential IMAP session per sample","0","PASS","45FA907CE0D3797C1E13EBB2F03F076A25656CCE27E801C18F745ACD3944FBBD","5136EEC556F9790732AE759EF52F77FE6172329EA55787A80300C4A824107E46","1","784","False","False","2063.454","Hedef makine etkin olarak reddetti?inden ba?lant? kurulamad? 127.0.0.1:1143","False","0","False","False","0","False"
"d02f514d-e0e9-491f-b8d4-72c89c73fe78","MANIFEST_BOUND","hmail-perf-pair-service-20260901","06EFCBA9520D478A6DAC7ABB7F09F3B63D015A0CD5ECA1EB4D0FD2CC8C38F9FD","cpp","hmail_perf_pair_cpp_20260831_head3","C:\hmail-perf-pair-service-20260901\cpp\Data","B3DF9E8BBF4BEDB1102C94DF7C86356E1FEABCBC02A18E8EABEB1EA1453D09B8",,,"one TCP client and one sequential IMAP session per sample","0","PASS","45FA907CE0D3797C1E13EBB2F03F076A25656CCE27E801C18F745ACD3944FBBD","5136EEC556F9790732AE759EF52F77FE6172329EA55787A80300C4A824107E46","1","785","False","False","2064.851","Hedef makine etkin olarak reddetti?inden ba?lant? kurulamad? 127.0.0.1:1143","False","0","False","False","0","False"
"d02f514d-e0e9-491f-b8d4-72c89c73fe78","MANIFEST_BOUND","hmail-perf-pair-service-20260901","06EFCBA9520D478A6DAC7ABB7F09F3B63D015A0CD5ECA1EB4D0FD2CC8C38F9FD","cpp","hmail_perf_pair_cpp_20260831_head3","C:\hmail-perf-pair-service-20260901\cpp\Data","B3DF9E8BBF4BEDB1102C94DF7C86356E1FEABCBC02A18E8EABEB1EA1453D09B8",,,"one TCP client and one sequential IMAP session per sample","0","PASS","45FA907CE0D3797C1E13EBB2F03F076A25656CCE27E801C18F745ACD3944FBBD","5136EEC556F9790732AE759EF52F77FE6172329EA55787A80300C4A824107E46","1","786","False","False","2065.932","Hedef makine etkin olarak reddetti?inden ba?lant? kurulamad? 127.0.0.1:1143","False","0","False","False","0","False"
"d02f514d-e0e9-491f-b8d4-72c89c73fe78","MANIFEST_BOUND","hmail-perf-pair-service-20260901","06EFCBA9520D478A6DAC7ABB7F09F3B63D015A0CD5ECA1EB4D0FD2CC8C38F9FD","cpp","hmail_perf_pair_cpp_20260831_head3","C:\hmail-perf-pair-service-20260901\cpp\Data","B3DF9E8BBF4BEDB1102C94DF7C86356E1FEABCBC02A18E8EABEB1EA1453D09B8",,,"one TCP client and one sequential IMAP session per sample","0","PASS","45FA907CE0D3797C1E13EBB2F03F076A25656CCE27E801C18F745ACD3944FBBD","5136EEC556F9790732AE759EF52F77FE6172329EA55787A80300C4A824107E46","1","787","False","False","2063.537","Hedef makine etkin olarak reddetti?inden ba?lant? kurulamad? 127.0.0.1:1143","False","0","False","False","0","False"
"d02f514d-e0e9-491f-b8d4-72c89c73fe78","MANIFEST_BOUND","hmail-perf-pair-service-20260901","06EFCBA9520D478A6DAC7ABB7F09F3B63D015A0CD5ECA1EB4D0FD2CC8C38F9FD","cpp","hmail_perf_pair_cpp_20260831_head3","C:\hmail-perf-pair-service-20260901\cpp\Data","B3DF9E8BBF4BEDB1102C94DF7C86356E1FEABCBC02A18E8EABEB1EA1453D09B8",,,"one TCP client and one sequential IMAP session per sample","0","PASS","45FA907CE0D3797C1E13EBB2F03F076A25656CCE27E801C18F745ACD3944FBBD","5136EEC556F9790732AE759EF52F77FE6172329EA55787A80300C4A824107E46","1","788","False","False","2064.844","Hedef makine etkin olarak reddetti?inden ba?lant? kurulamad? 127.0.0.1:1143","False","0","False","False","0","False"
"d02f514d-e0e9-491f-b8d4-72c89c73fe78","MANIFEST_BOUND","hmail-perf-pair-service-20260901","06EFCBA9520D478A6DAC7ABB7F09F3B63D015A0CD5ECA1EB4D0FD2CC8C38F9FD","cpp","hmail_perf_pair_cpp_20260831_head3","C:\hmail-perf-pair-service-20260901\cpp\Data","B3DF9E8BBF4BEDB1102C94DF7C86356E1FEABCBC02A18E8EABEB1EA1453D09B8",,,"one TCP client and one sequential IMAP session per sample","0","PASS","45FA907CE0D3797C1E13EBB2F03F076A25656CCE27E801C18F745ACD3944FBBD","5136EEC556F9790732AE759EF52F77FE6172329EA55787A80300C4A824107E46","1","789","False","False","2063.739","Hedef makine etkin olarak reddetti?inden ba?lant? kurulamad? 127.0.0.1:1143","False","0","False","False","0","False"
"d02f514d-e0e9-491f-b8d4-72c89c73fe78","MANIFEST_BOUND","hmail-perf-pair-service-20260901","06EFCBA9520D478A6DAC7ABB7F09F3B63D015A0CD5ECA1EB4D0FD2CC8C38F9FD","cpp","hmail_perf_pair_cpp_20260831_head3","C:\hmail-perf-pair-service-20260901\cpp\Data","B3DF9E8BBF4BEDB1102C94DF7C86356E1FEABCBC02A18E8EABEB1EA1453D09B8",,,"one TCP client and one sequential IMAP session per sample","0","PASS","45FA907CE0D3797C1E13EBB2F03F076A25656CCE27E801C18F745ACD3944FBBD","5136EEC556F9790732AE759EF52F77FE6172329EA55787A80300C4A824107E46","1","790","False","False","2063.161","Hedef makine etkin olarak reddetti?inden ba?lant? kurulamad? 127.0.0.1:1143","False","0","False","False","0","False"
"d02f514d-e0e9-491f-b8d4-72c89c73fe78","MANIFEST_BOUND","hmail-perf-pair-service-20260901","06EFCBA9520D478A6DAC7ABB7F09F3B63D015A0CD5ECA1EB4D0FD2CC8C38F9FD","cpp","hmail_perf_pair_cpp_20260831_head3","C:\hmail-perf-pair-service-20260901\cpp\Data","B3DF9E8BBF4BEDB1102C94DF7C86356E1FEABCBC02A18E8EABEB1EA1453D09B8",,,"one TCP client and one sequential IMAP session per sample","0","PASS","45FA907CE0D3797C1E13EBB2F03F076A25656CCE27E801C18F745ACD3944FBBD","5136EEC556F9790732AE759EF52F77FE6172329EA55787A80300C4A824107E46","1","791","False","False","2070.438","Hedef makine etkin olarak reddetti?inden ba?lant? kurulamad? 127.0.0.1:1143","False","0","False","False","0","False"
"d02f514d-e0e9-491f-b8d4-72c89c73fe78","MANIFEST_BOUND","hmail-perf-pair-service-20260901","06EFCBA9520D478A6DAC7ABB7F09F3B63D015A0CD5ECA1EB4D0FD2CC8C38F9FD","cpp","hmail_perf_pair_cpp_20260831_head3","C:\hmail-perf-pair-service-20260901\cpp\Data","B3DF9E8BBF4BEDB1102C94DF7C86356E1FEABCBC02A18E8EABEB1EA1453D09B8",,,"one TCP client and one sequential IMAP session per sample","0","PASS","45FA907CE0D3797C1E13EBB2F03F076A25656CCE27E801C18F745ACD3944FBBD","5136EEC556F9790732AE759EF52F77FE6172329EA55787A80300C4A824107E46","1","792","False","False","2063.232","Hedef makine etkin olarak reddetti?inden ba?lant? kurulamad? 127.0.0.1:1143","False","0","False","False","0","False"
"d02f514d-e0e9-491f-b8d4-72c89c73fe78","MANIFEST_BOUND","hmail-perf-pair-service-20260901","06EFCBA9520D478A6DAC7ABB7F09F3B63D015A0CD5ECA1EB4D0FD2CC8C38F9FD","cpp","hmail_perf_pair_cpp_20260831_head3","C:\hmail-perf-pair-service-20260901\cpp\Data","B3DF9E8BBF4BEDB1102C94DF7C86356E1FEABCBC02A18E8EABEB1EA1453D09B8",,,"one TCP client and one sequential IMAP session per sample","0","PASS","45FA907CE0D3797C1E13EBB2F03F076A25656CCE27E801C18F745ACD3944FBBD","5136EEC556F9790732AE759EF52F77FE6172329EA55787A80300C4A824107E46","1","793","False","False","2063.109","Hedef makine etkin olarak reddetti?inden ba?lant? kurulamad? 127.0.0.1:1143","False","0","False","False","0","False"
"d02f514d-e0e9-491f-b8d4-72c89c73fe78","MANIFEST_BOUND","hmail-perf-pair-service-20260901","06EFCBA9520D478A6DAC7ABB7F09F3B63D015A0CD5ECA1EB4D0FD2CC8C38F9FD","cpp","hmail_perf_pair_cpp_20260831_head3","C:\hmail-perf-pair-service-20260901\cpp\Data","B3DF9E8BBF4BEDB1102C94DF7C86356E1FEABCBC02A18E8EABEB1EA1453D09B8",,,"one TCP client and one sequential IMAP session per sample","0","PASS","45FA907CE0D3797C1E13EBB2F03F076A25656CCE27E801C18F745ACD3944FBBD","5136EEC556F9790732AE759EF52F77FE6172329EA55787A80300C4A824107E46","1","794","False","False","2064.072","Hedef makine etkin olarak reddetti?inden ba?lant? kurulamad? 127.0.0.1:1143","False","0","False","False","0","False"
"d02f514d-e0e9-491f-b8d4-72c89c73fe78","MANIFEST_BOUND","hmail-perf-pair-service-20260901","06EFCBA9520D478A6DAC7ABB7F09F3B63D015A0CD5ECA1EB4D0FD2CC8C38F9FD","cpp","hmail_perf_pair_cpp_20260831_head3","C:\hmail-perf-pair-service-20260901\cpp\Data","B3DF9E8BBF4BEDB1102C94DF7C86356E1FEABCBC02A18E8EABEB1EA1453D09B8",,,"one TCP client and one sequential IMAP session per sample","0","PASS","45FA907CE0D3797C1E13EBB2F03F076A25656CCE27E801C18F745ACD3944FBBD","5136EEC556F9790732AE759EF52F77FE6172329EA55787A80300C4A824107E46","1","795","False","False","2063.689","Hedef makine etkin olarak reddetti?inden ba?lant? kurulamad? 127.0.0.1:1143","False","0","False","False","0","False"
"d02f514d-e0e9-491f-b8d4-72c89c73fe78","MANIFEST_BOUND","hmail-perf-pair-service-20260901","06EFCBA9520D478A6DAC7ABB7F09F3B63D015A0CD5ECA1EB4D0FD2CC8C38F9FD","cpp","hmail_perf_pair_cpp_20260831_head3","C:\hmail-perf-pair-service-20260901\cpp\Data","B3DF9E8BBF4BEDB1102C94DF7C86356E1FEABCBC02A18E8EABEB1EA1453D09B8",,,"one TCP client and one sequential IMAP session per sample","0","PASS","45FA907CE0D3797C1E13EBB2F03F076A25656CCE27E801C18F745ACD3944FBBD","5136EEC556F9790732AE759EF52F77FE6172329EA55787A80300C4A824107E46","1","796","False","False","2065.845","Hedef makine etkin olarak reddetti?inden ba?lant? kurulamad? 127.0.0.1:1143","False","0","False","False","0","False"
"d02f514d-e0e9-491f-b8d4-72c89c73fe78","MANIFEST_BOUND","hmail-perf-pair-service-20260901","06EFCBA9520D478A6DAC7ABB7F09F3B63D015A0CD5ECA1EB4D0FD2CC8C38F9FD","cpp","hmail_perf_pair_cpp_20260831_head3","C:\hmail-perf-pair-service-20260901\cpp\Data","B3DF9E8BBF4BEDB1102C94DF7C86356E1FEABCBC02A18E8EABEB1EA1453D09B8",,,"one TCP client and one sequential IMAP session per sample","0","PASS","45FA907CE0D3797C1E13EBB2F03F076A25656CCE27E801C18F745ACD3944FBBD","5136EEC556F9790732AE759EF52F77FE6172329EA55787A80300C4A824107E46","1","797","False","False","2065.765","Hedef makine etkin olarak reddetti?inden ba?lant? kurulamad? 127.0.0.1:1143","False","0","False","False","0","False"
"d02f514d-e0e9-491f-b8d4-72c89c73fe78","MANIFEST_BOUND","hmail-perf-pair-service-20260901","06EFCBA9520D478A6DAC7ABB7F09F3B63D015A0CD5ECA1EB4D0FD2CC8C38F9FD","cpp","hmail_perf_pair_cpp_20260831_head3","C:\hmail-perf-pair-service-20260901\cpp\Data","B3DF9E8BBF4BEDB1102C94DF7C86356E1FEABCBC02A18E8EABEB1EA1453D09B8",,,"one TCP client and one sequential IMAP session per sample","0","PASS","45FA907CE0D3797C1E13EBB2F03F076A25656CCE27E801C18F745ACD3944FBBD","5136EEC556F9790732AE759EF52F77FE6172329EA55787A80300C4A824107E46","1","798","False","False","2063.5","Hedef makine etkin olarak reddetti?inden ba?lant? kurulamad? 127.0.0.1:1143","False","0","False","False","0","False"
"d02f514d-e0e9-491f-b8d4-72c89c73fe78","MANIFEST_BOUND","hmail-perf-pair-service-20260901","06EFCBA9520D478A6DAC7ABB7F09F3B63D015A0CD5ECA1EB4D0FD2CC8C38F9FD","cpp","hmail_perf_pair_cpp_20260831_head3","C:\hmail-perf-pair-service-20260901\cpp\Data","B3DF9E8BBF4BEDB1102C94DF7C86356E1FEABCBC02A18E8EABEB1EA1453D09B8",,,"one TCP client and one sequential IMAP session per sample","0","PASS","45FA907CE0D3797C1E13EBB2F03F076A25656CCE27E801C18F745ACD3944FBBD","5136EEC556F9790732AE759EF52F77FE6172329EA55787A80300C4A824107E46","1","799","False","False","2069.679","Hedef makine etkin olarak reddetti?inden ba?lant? kurulamad? 127.0.0.1:1143","False","0","False","False","0","False"
"d02f514d-e0e9-491f-b8d4-72c89c73fe78","MANIFEST_BOUND","hmail-perf-pair-service-20260901","06EFCBA9520D478A6DAC7ABB7F09F3B63D015A0CD5ECA1EB4D0FD2CC8C38F9FD","cpp","hmail_perf_pair_cpp_20260831_head3","C:\hmail-perf-pair-service-20260901\cpp\Data","B3DF9E8BBF4BEDB1102C94DF7C86356E1FEABCBC02A18E8EABEB1EA1453D09B8",,,"one TCP client and one sequential IMAP session per sample","0","PASS","45FA907CE0D3797C1E13EBB2F03F076A25656CCE27E801C18F745ACD3944FBBD","5136EEC556F9790732AE759EF52F77FE6172329EA55787A80300C4A824107E46","1","800","False","False","2062.992","Hedef makine etkin olarak reddetti?inden ba?lant? kurulamad? 127.0.0.1:1143","False","0","False","False","0","False"
"d02f514d-e0e9-491f-b8d4-72c89c73fe78","MANIFEST_BOUND","hmail-perf-pair-service-20260901","06EFCBA9520D478A6DAC7ABB7F09F3B63D015A0CD5ECA1EB4D0FD2CC8C38F9FD","cpp","hmail_perf_pair_cpp_20260831_head3","C:\hmail-perf-pair-service-20260901\cpp\Data","B3DF9E8BBF4BEDB1102C94DF7C86356E1FEABCBC02A18E8EABEB1EA1453D09B8",,,"one TCP client and one sequential IMAP session per sample","0","PASS","45FA907CE0D3797C1E13EBB2F03F076A25656CCE27E801C18F745ACD3944FBBD","5136EEC556F9790732AE759EF52F77FE6172329EA55787A80300C4A824107E46","1","801","False","False","2065.953","Hedef makine etkin olarak reddetti?inden ba?lant? kurulamad? 127.0.0.1:1143","False","0","False","False","0","False"
"d02f514d-e0e9-491f-b8d4-72c89c73fe78","MANIFEST_BOUND","hmail-perf-pair-service-20260901","06EFCBA9520D478A6DAC7ABB7F09F3B63D015A0CD5ECA1EB4D0FD2CC8C38F9FD","cpp","hmail_perf_pair_cpp_20260831_head3","C:\hmail-perf-pair-service-20260901\cpp\Data","B3DF9E8BBF4BEDB1102C94DF7C86356E1FEABCBC02A18E8EABEB1EA1453D09B8",,,"one TCP client and one sequential IMAP session per sample","0","PASS","45FA907CE0D3797C1E13EBB2F03F076A25656CCE27E801C18F745ACD3944FBBD","5136EEC556F9790732AE759EF52F77FE6172329EA55787A80300C4A824107E46","1","802","False","False","2063.079","Hedef makine etkin olarak reddetti?inden ba?lant? kurulamad? 127.0.0.1:1143","False","0","False","False","0","False"
"d02f514d-e0e9-491f-b8d4-72c89c73fe78","MANIFEST_BOUND","hmail-perf-pair-service-20260901","06EFCBA9520D478A6DAC7ABB7F09F3B63D015A0CD5ECA1EB4D0FD2CC8C38F9FD","cpp","hmail_perf_pair_cpp_20260831_head3","C:\hmail-perf-pair-service-20260901\cpp\Data","B3DF9E8BBF4BEDB1102C94DF7C86356E1FEABCBC02A18E8EABEB1EA1453D09B8",,,"one TCP client and one sequential IMAP session per sample","0","PASS","45FA907CE0D3797C1E13EBB2F03F076A25656CCE27E801C18F745ACD3944FBBD","5136EEC556F9790732AE759EF52F77FE6172329EA55787A80300C4A824107E46","1","803","False","False","2063.65","Hedef makine etkin olarak reddetti?inden ba?lant? kurulamad? 127.0.0.1:1143","False","0","False","False","0","False"
"d02f514d-e0e9-491f-b8d4-72c89c73fe78","MANIFEST_BOUND","hmail-perf-pair-service-20260901","06EFCBA9520D478A6DAC7ABB7F09F3B63D015A0CD5ECA1EB4D0FD2CC8C38F9FD","cpp","hmail_perf_pair_cpp_20260831_head3","C:\hmail-perf-pair-service-20260901\cpp\Data","B3DF9E8BBF4BEDB1102C94DF7C86356E1FEABCBC02A18E8EABEB1EA1453D09B8",,,"one TCP client and one sequential IMAP session per sample","0","PASS","45FA907CE0D3797C1E13EBB2F03F076A25656CCE27E801C18F745ACD3944FBBD","5136EEC556F9790732AE759EF52F77FE6172329EA55787A80300C4A824107E46","1","804","False","False","2063.669","Hedef makine etkin olarak reddetti?inden ba?lant? kurulamad? 127.0.0.1:1143","False","0","False","False","0","False"
"d02f514d-e0e9-491f-b8d4-72c89c73fe78","MANIFEST_BOUND","hmail-perf-pair-service-20260901","06EFCBA9520D478A6DAC7ABB7F09F3B63D015A0CD5ECA1EB4D0FD2CC8C38F9FD","cpp","hmail_perf_pair_cpp_20260831_head3","C:\hmail-perf-pair-service-20260901\cpp\Data","B3DF9E8BBF4BEDB1102C94DF7C86356E1FEABCBC02A18E8EABEB1EA1453D09B8",,,"one TCP client and one sequential IMAP session per sample","0","PASS","45FA907CE0D3797C1E13EBB2F03F076A25656CCE27E801C18F745ACD3944FBBD","5136EEC556F9790732AE759EF52F77FE6172329EA55787A80300C4A824107E46","1","805","False","False","2064.204","Hedef makine etkin olarak reddetti?inden ba?lant? kurulamad? 127.0.0.1:1143","False","0","False","False","0","False"
"d02f514d-e0e9-491f-b8d4-72c89c73fe78","MANIFEST_BOUND","hmail-perf-pair-service-20260901","06EFCBA9520D478A6DAC7ABB7F09F3B63D015A0CD5ECA1EB4D0FD2CC8C38F9FD","cpp","hmail_perf_pair_cpp_20260831_head3","C:\hmail-perf-pair-service-20260901\cpp\Data","B3DF9E8BBF4BEDB1102C94DF7C86356E1FEABCBC02A18E8EABEB1EA1453D09B8",,,"one TCP client and one sequential IMAP session per sample","0","PASS","45FA907CE0D3797C1E13EBB2F03F076A25656CCE27E801C18F745ACD3944FBBD","5136EEC556F9790732AE759EF52F77FE6172329EA55787A80300C4A824107E46","1","806","False","False","2063.579","Hedef makine etkin olarak reddetti?inden ba?lant? kurulamad? 127.0.0.1:1143","False","0","False","False","0","False"
"d02f514d-e0e9-491f-b8d4-72c89c73fe78","MANIFEST_BOUND","hmail-perf-pair-service-20260901","06EFCBA9520D478A6DAC7ABB7F09F3B63D015A0CD5ECA1EB4D0FD2CC8C38F9FD","cpp","hmail_perf_pair_cpp_20260831_head3","C:\hmail-perf-pair-service-20260901\cpp\Data","B3DF9E8BBF4BEDB1102C94DF7C86356E1FEABCBC02A18E8EABEB1EA1453D09B8",,,"one TCP client and one sequential IMAP session per sample","0","PASS","45FA907CE0D3797C1E13EBB2F03F076A25656CCE27E801C18F745ACD3944FBBD","5136EEC556F9790732AE759EF52F77FE6172329EA55787A80300C4A824107E46","1","807","False","False","2065.738","Hedef makine etkin olarak reddetti?inden ba?lant? kurulamad? 127.0.0.1:1143","False","0","False","False","0","False"
"d02f514d-e0e9-491f-b8d4-72c89c73fe78","MANIFEST_BOUND","hmail-perf-pair-service-20260901","06EFCBA9520D478A6DAC7ABB7F09F3B63D015A0CD5ECA1EB4D0FD2CC8C38F9FD","cpp","hmail_perf_pair_cpp_20260831_head3","C:\hmail-perf-pair-service-20260901\cpp\Data","B3DF9E8BBF4BEDB1102C94DF7C86356E1FEABCBC02A18E8EABEB1EA1453D09B8",,,"one TCP client and one sequential IMAP session per sample","0","PASS","45FA907CE0D3797C1E13EBB2F03F076A25656CCE27E801C18F745ACD3944FBBD","5136EEC556F9790732AE759EF52F77FE6172329EA55787A80300C4A824107E46","1","808","False","False","2062.852","Hedef makine etkin olarak reddetti?inden ba?lant? kurulamad? 127.0.0.1:1143","False","0","False","False","0","False"
"d02f514d-e0e9-491f-b8d4-72c89c73fe78","MANIFEST_BOUND","hmail-perf-pair-service-20260901","06EFCBA9520D478A6DAC7ABB7F09F3B63D015A0CD5ECA1EB4D0FD2CC8C38F9FD","cpp","hmail_perf_pair_cpp_20260831_head3","C:\hmail-perf-pair-service-20260901\cpp\Data","B3DF9E8BBF4BEDB1102C94DF7C86356E1FEABCBC02A18E8EABEB1EA1453D09B8",,,"one TCP client and one sequential IMAP session per sample","0","PASS","45FA907CE0D3797C1E13EBB2F03F076A25656CCE27E801C18F745ACD3944FBBD","5136EEC556F9790732AE759EF52F77FE6172329EA55787A80300C4A824107E46","1","809","False","False","2062.662","Hedef makine etkin olarak reddetti?inden ba?lant? kurulamad? 127.0.0.1:1143","False","0","False","False","0","False"
"d02f514d-e0e9-491f-b8d4-72c89c73fe78","MANIFEST_BOUND","hmail-perf-pair-service-20260901","06EFCBA9520D478A6DAC7ABB7F09F3B63D015A0CD5ECA1EB4D0FD2CC8C38F9FD","cpp","hmail_perf_pair_cpp_20260831_head3","C:\hmail-perf-pair-service-20260901\cpp\Data","B3DF9E8BBF4BEDB1102C94DF7C86356E1FEABCBC02A18E8EABEB1EA1453D09B8",,,"one TCP client and one sequential IMAP session per sample","0","PASS","45FA907CE0D3797C1E13EBB2F03F076A25656CCE27E801C18F745ACD3944FBBD","5136EEC556F9790732AE759EF52F77FE6172329EA55787A80300C4A824107E46","1","810","False","False","2065.182","Hedef makine etkin olarak reddetti?inden ba?lant? kurulamad? 127.0.0.1:1143","False","0","False","False","0","False"
"d02f514d-e0e9-491f-b8d4-72c89c73fe78","MANIFEST_BOUND","hmail-perf-pair-service-20260901","06EFCBA9520D478A6DAC7ABB7F09F3B63D015A0CD5ECA1EB4D0FD2CC8C38F9FD","cpp","hmail_perf_pair_cpp_20260831_head3","C:\hmail-perf-pair-service-20260901\cpp\Data","B3DF9E8BBF4BEDB1102C94DF7C86356E1FEABCBC02A18E8EABEB1EA1453D09B8",,,"one TCP client and one sequential IMAP session per sample","0","PASS","45FA907CE0D3797C1E13EBB2F03F076A25656CCE27E801C18F745ACD3944FBBD","5136EEC556F9790732AE759EF52F77FE6172329EA55787A80300C4A824107E46","1","811","False","False","2065.26","Hedef makine etkin olarak reddetti?inden ba?lant? kurulamad? 127.0.0.1:1143","False","0","False","False","0","False"
"d02f514d-e0e9-491f-b8d4-72c89c73fe78","MANIFEST_BOUND","hmail-perf-pair-service-20260901","06EFCBA9520D478A6DAC7ABB7F09F3B63D015A0CD5ECA1EB4D0FD2CC8C38F9FD","cpp","hmail_perf_pair_cpp_20260831_head3","C:\hmail-perf-pair-service-20260901\cpp\Data","B3DF9E8BBF4BEDB1102C94DF7C86356E1FEABCBC02A18E8EABEB1EA1453D09B8",,,"one TCP client and one sequential IMAP session per sample","0","PASS","45FA907CE0D3797C1E13EBB2F03F076A25656CCE27E801C18F745ACD3944FBBD","5136EEC556F9790732AE759EF52F77FE6172329EA55787A80300C4A824107E46","1","812","False","False","2065.806","Hedef makine etkin olarak reddetti?inden ba?lant? kurulamad? 127.0.0.1:1143","False","0","False","False","0","False"
"d02f514d-e0e9-491f-b8d4-72c89c73fe78","MANIFEST_BOUND","hmail-perf-pair-service-20260901","06EFCBA9520D478A6DAC7ABB7F09F3B63D015A0CD5ECA1EB4D0FD2CC8C38F9FD","cpp","hmail_perf_pair_cpp_20260831_head3","C:\hmail-perf-pair-service-20260901\cpp\Data","B3DF9E8BBF4BEDB1102C94DF7C86356E1FEABCBC02A18E8EABEB1EA1453D09B8",,,"one TCP client and one sequential IMAP session per sample","0","PASS","45FA907CE0D3797C1E13EBB2F03F076A25656CCE27E801C18F745ACD3944FBBD","5136EEC556F9790732AE759EF52F77FE6172329EA55787A80300C4A824107E46","1","813","False","False","2064.126","Hedef makine etkin olarak reddetti?inden ba?lant? kurulamad? 127.0.0.1:1143","False","0","False","False","0","False"
"d02f514d-e0e9-491f-b8d4-72c89c73fe78","MANIFEST_BOUND","hmail-perf-pair-service-20260901","06EFCBA9520D478A6DAC7ABB7F09F3B63D015A0CD5ECA1EB4D0FD2CC8C38F9FD","cpp","hmail_perf_pair_cpp_20260831_head3","C:\hmail-perf-pair-service-20260901\cpp\Data","B3DF9E8BBF4BEDB1102C94DF7C86356E1FEABCBC02A18E8EABEB1EA1453D09B8",,,"one TCP client and one sequential IMAP session per sample","0","PASS","45FA907CE0D3797C1E13EBB2F03F076A25656CCE27E801C18F745ACD3944FBBD","5136EEC556F9790732AE759EF52F77FE6172329EA55787A80300C4A824107E46","1","814","False","False","2071.135","Hedef makine etkin olarak reddetti?inden ba?lant? kurulamad? 127.0.0.1:1143","False","0","False","False","0","False"
"d02f514d-e0e9-491f-b8d4-72c89c73fe78","MANIFEST_BOUND","hmail-perf-pair-service-20260901","06EFCBA9520D478A6DAC7ABB7F09F3B63D015A0CD5ECA1EB4D0FD2CC8C38F9FD","cpp","hmail_perf_pair_cpp_20260831_head3","C:\hmail-perf-pair-service-20260901\cpp\Data","B3DF9E8BBF4BEDB1102C94DF7C86356E1FEABCBC02A18E8EABEB1EA1453D09B8",,,"one TCP client and one sequential IMAP session per sample","0","PASS","45FA907CE0D3797C1E13EBB2F03F076A25656CCE27E801C18F745ACD3944FBBD","5136EEC556F9790732AE759EF52F77FE6172329EA55787A80300C4A824107E46","1","815","False","False","2069.736","Hedef makine etkin olarak reddetti?inden ba?lant? kurulamad? 127.0.0.1:1143","False","0","False","False","0","False"
"d02f514d-e0e9-491f-b8d4-72c89c73fe78","MANIFEST_BOUND","hmail-perf-pair-service-20260901","06EFCBA9520D478A6DAC7ABB7F09F3B63D015A0CD5ECA1EB4D0FD2CC8C38F9FD","cpp","hmail_perf_pair_cpp_20260831_head3","C:\hmail-perf-pair-service-20260901\cpp\Data","B3DF9E8BBF4BEDB1102C94DF7C86356E1FEABCBC02A18E8EABEB1EA1453D09B8",,,"one TCP client and one sequential IMAP session per sample","0","PASS","45FA907CE0D3797C1E13EBB2F03F076A25656CCE27E801C18F745ACD3944FBBD","5136EEC556F9790732AE759EF52F77FE6172329EA55787A80300C4A824107E46","1","816","False","False","2065.365","Hedef makine etkin olarak reddetti?inden ba?lant? kurulamad? 127.0.0.1:1143","False","0","False","False","0","False"
"d02f514d-e0e9-491f-b8d4-72c89c73fe78","MANIFEST_BOUND","hmail-perf-pair-service-20260901","06EFCBA9520D478A6DAC7ABB7F09F3B63D015A0CD5ECA1EB4D0FD2CC8C38F9FD","cpp","hmail_perf_pair_cpp_20260831_head3","C:\hmail-perf-pair-service-20260901\cpp\Data","B3DF9E8BBF4BEDB1102C94DF7C86356E1FEABCBC02A18E8EABEB1EA1453D09B8",,,"one TCP client and one sequential IMAP session per sample","0","PASS","45FA907CE0D3797C1E13EBB2F03F076A25656CCE27E801C18F745ACD3944FBBD","5136EEC556F9790732AE759EF52F77FE6172329EA55787A80300C4A824107E46","1","817","False","False","2065.666","Hedef makine etkin olarak reddetti?inden ba?lant? kurulamad? 127.0.0.1:1143","False","0","False","False","0","False"
"d02f514d-e0e9-491f-b8d4-72c89c73fe78","MANIFEST_BOUND","hmail-perf-pair-service-20260901","06EFCBA9520D478A6DAC7ABB7F09F3B63D015A0CD5ECA1EB4D0FD2CC8C38F9FD","cpp","hmail_perf_pair_cpp_20260831_head3","C:\hmail-perf-pair-service-20260901\cpp\Data","B3DF9E8BBF4BEDB1102C94DF7C86356E1FEABCBC02A18E8EABEB1EA1453D09B8",,,"one TCP client and one sequential IMAP session per sample","0","PASS","45FA907CE0D3797C1E13EBB2F03F076A25656CCE27E801C18F745ACD3944FBBD","5136EEC556F9790732AE759EF52F77FE6172329EA55787A80300C4A824107E46","1","818","False","False","2063.725","Hedef makine etkin olarak reddetti?inden ba?lant? kurulamad? 127.0.0.1:1143","False","0","False","False","0","False"
"d02f514d-e0e9-491f-b8d4-72c89c73fe78","MANIFEST_BOUND","hmail-perf-pair-service-20260901","06EFCBA9520D478A6DAC7ABB7F09F3B63D015A0CD5ECA1EB4D0FD2CC8C38F9FD","cpp","hmail_perf_pair_cpp_20260831_head3","C:\hmail-perf-pair-service-20260901\cpp\Data","B3DF9E8BBF4BEDB1102C94DF7C86356E1FEABCBC02A18E8EABEB1EA1453D09B8",,,"one TCP client and one sequential IMAP session per sample","0","PASS","45FA907CE0D3797C1E13EBB2F03F076A25656CCE27E801C18F745ACD3944FBBD","5136EEC556F9790732AE759EF52F77FE6172329EA55787A80300C4A824107E46","1","819","False","False","2063.471","Hedef makine etkin olarak reddetti?inden ba?lant? kurulamad? 127.0.0.1:1143","False","0","False","False","0","False"
"d02f514d-e0e9-491f-b8d4-72c89c73fe78","MANIFEST_BOUND","hmail-perf-pair-service-20260901","06EFCBA9520D478A6DAC7ABB7F09F3B63D015A0CD5ECA1EB4D0FD2CC8C38F9FD","cpp","hmail_perf_pair_cpp_20260831_head3","C:\hmail-perf-pair-service-20260901\cpp\Data","B3DF9E8BBF4BEDB1102C94DF7C86356E1FEABCBC02A18E8EABEB1EA1453D09B8",,,"one TCP client and one sequential IMAP session per sample","0","PASS","45FA907CE0D3797C1E13EBB2F03F076A25656CCE27E801C18F745ACD3944FBBD","5136EEC556F9790732AE759EF52F77FE6172329EA55787A80300C4A824107E46","1","820","False","False","2063.662","Hedef makine etkin olarak reddetti?inden ba?lant? kurulamad? 127.0.0.1:1143","False","0","False","False","0","False"
"d02f514d-e0e9-491f-b8d4-72c89c73fe78","MANIFEST_BOUND","hmail-perf-pair-service-20260901","06EFCBA9520D478A6DAC7ABB7F09F3B63D015A0CD5ECA1EB4D0FD2CC8C38F9FD","cpp","hmail_perf_pair_cpp_20260831_head3","C:\hmail-perf-pair-service-20260901\cpp\Data","B3DF9E8BBF4BEDB1102C94DF7C86356E1FEABCBC02A18E8EABEB1EA1453D09B8",,,"one TCP client and one sequential IMAP session per sample","0","PASS","45FA907CE0D3797C1E13EBB2F03F076A25656CCE27E801C18F745ACD3944FBBD","5136EEC556F9790732AE759EF52F77FE6172329EA55787A80300C4A824107E46","1","821","False","False","2069.751","Hedef makine etkin olarak reddetti?inden ba?lant? kurulamad? 127.0.0.1:1143","False","0","False","False","0","False"
"d02f514d-e0e9-491f-b8d4-72c89c73fe78","MANIFEST_BOUND","hmail-perf-pair-service-20260901","06EFCBA9520D478A6DAC7ABB7F09F3B63D015A0CD5ECA1EB4D0FD2CC8C38F9FD","cpp","hmail_perf_pair_cpp_20260831_head3","C:\hmail-perf-pair-service-20260901\cpp\Data","B3DF9E8BBF4BEDB1102C94DF7C86356E1FEABCBC02A18E8EABEB1EA1453D09B8",,,"one TCP client and one sequential IMAP session per sample","0","PASS","45FA907CE0D3797C1E13EBB2F03F076A25656CCE27E801C18F745ACD3944FBBD","5136EEC556F9790732AE759EF52F77FE6172329EA55787A80300C4A824107E46","1","822","False","False","2063.211","Hedef makine etkin olarak reddetti?inden ba?lant? kurulamad? 127.0.0.1:1143","False","0","False","False","0","False"
"d02f514d-e0e9-491f-b8d4-72c89c73fe78","MANIFEST_BOUND","hmail-perf-pair-service-20260901","06EFCBA9520D478A6DAC7ABB7F09F3B63D015A0CD5ECA1EB4D0FD2CC8C38F9FD","cpp","hmail_perf_pair_cpp_20260831_head3","C:\hmail-perf-pair-service-20260901\cpp\Data","B3DF9E8BBF4BEDB1102C94DF7C86356E1FEABCBC02A18E8EABEB1EA1453D09B8",,,"one TCP client and one sequential IMAP session per sample","0","PASS","45FA907CE0D3797C1E13EBB2F03F076A25656CCE27E801C18F745ACD3944FBBD","5136EEC556F9790732AE759EF52F77FE6172329EA55787A80300C4A824107E46","1","823","False","False","2062.918","Hedef makine etkin olarak reddetti?inden ba?lant? kurulamad? 127.0.0.1:1143","False","0","False","False","0","False"
"d02f514d-e0e9-491f-b8d4-72c89c73fe78","MANIFEST_BOUND","hmail-perf-pair-service-20260901","06EFCBA9520D478A6DAC7ABB7F09F3B63D015A0CD5ECA1EB4D0FD2CC8C38F9FD","cpp","hmail_perf_pair_cpp_20260831_head3","C:\hmail-perf-pair-service-20260901\cpp\Data","B3DF9E8BBF4BEDB1102C94DF7C86356E1FEABCBC02A18E8EABEB1EA1453D09B8",,,"one TCP client and one sequential IMAP session per sample","0","PASS","45FA907CE0D3797C1E13EBB2F03F076A25656CCE27E801C18F745ACD3944FBBD","5136EEC556F9790732AE759EF52F77FE6172329EA55787A80300C4A824107E46","1","824","False","False","2062.401","Hedef makine etkin olarak reddetti?inden ba?lant? kurulamad? 127.0.0.1:1143","False","0","False","False","0","False"
"d02f514d-e0e9-491f-b8d4-72c89c73fe78","MANIFEST_BOUND","hmail-perf-pair-service-20260901","06EFCBA9520D478A6DAC7ABB7F09F3B63D015A0CD5ECA1EB4D0FD2CC8C38F9FD","cpp","hmail_perf_pair_cpp_20260831_head3","C:\hmail-perf-pair-service-20260901\cpp\Data","B3DF9E8BBF4BEDB1102C94DF7C86356E1FEABCBC02A18E8EABEB1EA1453D09B8",,,"one TCP client and one sequential IMAP session per sample","0","PASS","45FA907CE0D3797C1E13EBB2F03F076A25656CCE27E801C18F745ACD3944FBBD","5136EEC556F9790732AE759EF52F77FE6172329EA55787A80300C4A824107E46","1","825","False","False","2062.489","Hedef makine etkin olarak reddetti?inden ba?lant? kurulamad? 127.0.0.1:1143","False","0","False","False","0","False"
"d02f514d-e0e9-491f-b8d4-72c89c73fe78","MANIFEST_BOUND","hmail-perf-pair-service-20260901","06EFCBA9520D478A6DAC7ABB7F09F3B63D015A0CD5ECA1EB4D0FD2CC8C38F9FD","cpp","hmail_perf_pair_cpp_20260831_head3","C:\hmail-perf-pair-service-20260901\cpp\Data","B3DF9E8BBF4BEDB1102C94DF7C86356E1FEABCBC02A18E8EABEB1EA1453D09B8",,,"one TCP client and one sequential IMAP session per sample","0","PASS","45FA907CE0D3797C1E13EBB2F03F076A25656CCE27E801C18F745ACD3944FBBD","5136EEC556F9790732AE759EF52F77FE6172329EA55787A80300C4A824107E46","1","826","False","False","2069.388","Hedef makine etkin olarak reddetti?inden ba?lant? kurulamad? 127.0.0.1:1143","False","0","False","False","0","False"
"d02f514d-e0e9-491f-b8d4-72c89c73fe78","MANIFEST_BOUND","hmail-perf-pair-service-20260901","06EFCBA9520D478A6DAC7ABB7F09F3B63D015A0CD5ECA1EB4D0FD2CC8C38F9FD","cpp","hmail_perf_pair_cpp_20260831_head3","C:\hmail-perf-pair-service-20260901\cpp\Data","B3DF9E8BBF4BEDB1102C94DF7C86356E1FEABCBC02A18E8EABEB1EA1453D09B8",,,"one TCP client and one sequential IMAP session per sample","0","PASS","45FA907CE0D3797C1E13EBB2F03F076A25656CCE27E801C18F745ACD3944FBBD","5136EEC556F9790732AE759EF52F77FE6172329EA55787A80300C4A824107E46","1","827","False","False","2063.875","Hedef makine etkin olarak reddetti?inden ba?lant? kurulamad? 127.0.0.1:1143","False","0","False","False","0","False"
"d02f514d-e0e9-491f-b8d4-72c89c73fe78","MANIFEST_BOUND","hmail-perf-pair-service-20260901","06EFCBA9520D478A6DAC7ABB7F09F3B63D015A0CD5ECA1EB4D0FD2CC8C38F9FD","cpp","hmail_perf_pair_cpp_20260831_head3","C:\hmail-perf-pair-service-20260901\cpp\Data","B3DF9E8BBF4BEDB1102C94DF7C86356E1FEABCBC02A18E8EABEB1EA1453D09B8",,,"one TCP client and one sequential IMAP session per sample","0","PASS","45FA907CE0D3797C1E13EBB2F03F076A25656CCE27E801C18F745ACD3944FBBD","5136EEC556F9790732AE759EF52F77FE6172329EA55787A80300C4A824107E46","1","828","False","False","2065.254","Hedef makine etkin olarak reddetti?inden ba?lant? kurulamad? 127.0.0.1:1143","False","0","False","False","0","False"
"d02f514d-e0e9-491f-b8d4-72c89c73fe78","MANIFEST_BOUND","hmail-perf-pair-service-20260901","06EFCBA9520D478A6DAC7ABB7F09F3B63D015A0CD5ECA1EB4D0FD2CC8C38F9FD","cpp","hmail_perf_pair_cpp_20260831_head3","C:\hmail-perf-pair-service-20260901\cpp\Data","B3DF9E8BBF4BEDB1102C94DF7C86356E1FEABCBC02A18E8EABEB1EA1453D09B8",,,"one TCP client and one sequential IMAP session per sample","0","PASS","45FA907CE0D3797C1E13EBB2F03F076A25656CCE27E801C18F745ACD3944FBBD","5136EEC556F9790732AE759EF52F77FE6172329EA55787A80300C4A824107E46","1","829","False","False","2065.478","Hedef makine etkin olarak reddetti?inden ba?lant? kurulamad? 127.0.0.1:1143","False","0","False","False","0","False"
"d02f514d-e0e9-491f-b8d4-72c89c73fe78","MANIFEST_BOUND","hmail-perf-pair-service-20260901","06EFCBA9520D478A6DAC7ABB7F09F3B63D015A0CD5ECA1EB4D0FD2CC8C38F9FD","cpp","hmail_perf_pair_cpp_20260831_head3","C:\hmail-perf-pair-service-20260901\cpp\Data","B3DF9E8BBF4BEDB1102C94DF7C86356E1FEABCBC02A18E8EABEB1EA1453D09B8",,,"one TCP client and one sequential IMAP session per sample","0","PASS","45FA907CE0D3797C1E13EBB2F03F076A25656CCE27E801C18F745ACD3944FBBD","5136EEC556F9790732AE759EF52F77FE6172329EA55787A80300C4A824107E46","1","830","False","False","2063.1","Hedef makine etkin olarak reddetti?inden ba?lant? kurulamad? 127.0.0.1:1143","False","0","False","False","0","False"
"d02f514d-e0e9-491f-b8d4-72c89c73fe78","MANIFEST_BOUND","hmail-perf-pair-service-20260901","06EFCBA9520D478A6DAC7ABB7F09F3B63D015A0CD5ECA1EB4D0FD2CC8C38F9FD","cpp","hmail_perf_pair_cpp_20260831_head3","C:\hmail-perf-pair-service-20260901\cpp\Data","B3DF9E8BBF4BEDB1102C94DF7C86356E1FEABCBC02A18E8EABEB1EA1453D09B8",,,"one TCP client and one sequential IMAP session per sample","0","PASS","45FA907CE0D3797C1E13EBB2F03F076A25656CCE27E801C18F745ACD3944FBBD","5136EEC556F9790732AE759EF52F77FE6172329EA55787A80300C4A824107E46","1","831","False","False","2069.786","Hedef makine etkin olarak reddetti?inden ba?lant? kurulamad? 127.0.0.1:1143","False","0","False","False","0","False"
"d02f514d-e0e9-491f-b8d4-72c89c73fe78","MANIFEST_BOUND","hmail-perf-pair-service-20260901","06EFCBA9520D478A6DAC7ABB7F09F3B63D015A0CD5ECA1EB4D0FD2CC8C38F9FD","cpp","hmail_perf_pair_cpp_20260831_head3","C:\hmail-perf-pair-service-20260901\cpp\Data","B3DF9E8BBF4BEDB1102C94DF7C86356E1FEABCBC02A18E8EABEB1EA1453D09B8",,,"one TCP client and one sequential IMAP session per sample","0","PASS","45FA907CE0D3797C1E13EBB2F03F076A25656CCE27E801C18F745ACD3944FBBD","5136EEC556F9790732AE759EF52F77FE6172329EA55787A80300C4A824107E46","1","832","False","False","2072.698","Hedef makine etkin olarak reddetti?inden ba?lant? kurulamad? 127.0.0.1:1143","False","0","False","False","0","False"
"d02f514d-e0e9-491f-b8d4-72c89c73fe78","MANIFEST_BOUND","hmail-perf-pair-service-20260901","06EFCBA9520D478A6DAC7ABB7F09F3B63D015A0CD5ECA1EB4D0FD2CC8C38F9FD","cpp","hmail_perf_pair_cpp_20260831_head3","C:\hmail-perf-pair-service-20260901\cpp\Data","B3DF9E8BBF4BEDB1102C94DF7C86356E1FEABCBC02A18E8EABEB1EA1453D09B8",,,"one TCP client and one sequential IMAP session per sample","0","PASS","45FA907CE0D3797C1E13EBB2F03F076A25656CCE27E801C18F745ACD3944FBBD","5136EEC556F9790732AE759EF52F77FE6172329EA55787A80300C4A824107E46","1","833","False","False","2069.265","Hedef makine etkin olarak reddetti?inden ba?lant? kurulamad? 127.0.0.1:1143","False","0","False","False","0","False"
"d02f514d-e0e9-491f-b8d4-72c89c73fe78","MANIFEST_BOUND","hmail-perf-pair-service-20260901","06EFCBA9520D478A6DAC7ABB7F09F3B63D015A0CD5ECA1EB4D0FD2CC8C38F9FD","cpp","hmail_perf_pair_cpp_20260831_head3","C:\hmail-perf-pair-service-20260901\cpp\Data","B3DF9E8BBF4BEDB1102C94DF7C86356E1FEABCBC02A18E8EABEB1EA1453D09B8",,,"one TCP client and one sequential IMAP session per sample","0","PASS","45FA907CE0D3797C1E13EBB2F03F076A25656CCE27E801C18F745ACD3944FBBD","5136EEC556F9790732AE759EF52F77FE6172329EA55787A80300C4A824107E46","1","834","False","False","2071.334","Hedef makine etkin olarak reddetti?inden ba?lant? kurulamad? 127.0.0.1:1143","False","0","False","False","0","False"
"d02f514d-e0e9-491f-b8d4-72c89c73fe78","MANIFEST_BOUND","hmail-perf-pair-service-20260901","06EFCBA9520D478A6DAC7ABB7F09F3B63D015A0CD5ECA1EB4D0FD2CC8C38F9FD","cpp","hmail_perf_pair_cpp_20260831_head3","C:\hmail-perf-pair-service-20260901\cpp\Data","B3DF9E8BBF4BEDB1102C94DF7C86356E1FEABCBC02A18E8EABEB1EA1453D09B8",,,"one TCP client and one sequential IMAP session per sample","0","PASS","45FA907CE0D3797C1E13EBB2F03F076A25656CCE27E801C18F745ACD3944FBBD","5136EEC556F9790732AE759EF52F77FE6172329EA55787A80300C4A824107E46","1","835","False","False","2062.86","Hedef makine etkin olarak reddetti?inden ba?lant? kurulamad? 127.0.0.1:1143","False","0","False","False","0","False"
"d02f514d-e0e9-491f-b8d4-72c89c73fe78","MANIFEST_BOUND","hmail-perf-pair-service-20260901","06EFCBA9520D478A6DAC7ABB7F09F3B63D015A0CD5ECA1EB4D0FD2CC8C38F9FD","cpp","hmail_perf_pair_cpp_20260831_head3","C:\hmail-perf-pair-service-20260901\cpp\Data","B3DF9E8BBF4BEDB1102C94DF7C86356E1FEABCBC02A18E8EABEB1EA1453D09B8",,,"one TCP client and one sequential IMAP session per sample","0","PASS","45FA907CE0D3797C1E13EBB2F03F076A25656CCE27E801C18F745ACD3944FBBD","5136EEC556F9790732AE759EF52F77FE6172329EA55787A80300C4A824107E46","1","836","False","False","2065.376","Hedef makine etkin olarak reddetti?inden ba?lant? kurulamad? 127.0.0.1:1143","False","0","False","False","0","False"
"d02f514d-e0e9-491f-b8d4-72c89c73fe78","MANIFEST_BOUND","hmail-perf-pair-service-20260901","06EFCBA9520D478A6DAC7ABB7F09F3B63D015A0CD5ECA1EB4D0FD2CC8C38F9FD","cpp","hmail_perf_pair_cpp_20260831_head3","C:\hmail-perf-pair-service-20260901\cpp\Data","B3DF9E8BBF4BEDB1102C94DF7C86356E1FEABCBC02A18E8EABEB1EA1453D09B8",,,"one TCP client and one sequential IMAP session per sample","0","PASS","45FA907CE0D3797C1E13EBB2F03F076A25656CCE27E801C18F745ACD3944FBBD","5136EEC556F9790732AE759EF52F77FE6172329EA55787A80300C4A824107E46","1","837","False","False","2062.76","Hedef makine etkin olarak reddetti?inden ba?lant? kurulamad? 127.0.0.1:1143","False","0","False","False","0","False"
"d02f514d-e0e9-491f-b8d4-72c89c73fe78","MANIFEST_BOUND","hmail-perf-pair-service-20260901","06EFCBA9520D478A6DAC7ABB7F09F3B63D015A0CD5ECA1EB4D0FD2CC8C38F9FD","cpp","hmail_perf_pair_cpp_20260831_head3","C:\hmail-perf-pair-service-20260901\cpp\Data","B3DF9E8BBF4BEDB1102C94DF7C86356E1FEABCBC02A18E8EABEB1EA1453D09B8",,,"one TCP client and one sequential IMAP session per sample","0","PASS","45FA907CE0D3797C1E13EBB2F03F076A25656CCE27E801C18F745ACD3944FBBD","5136EEC556F9790732AE759EF52F77FE6172329EA55787A80300C4A824107E46","1","838","False","False","2071.188","Hedef makine etkin olarak reddetti?inden ba?lant? kurulamad? 127.0.0.1:1143","False","0","False","False","0","False"
"d02f514d-e0e9-491f-b8d4-72c89c73fe78","MANIFEST_BOUND","hmail-perf-pair-service-20260901","06EFCBA9520D478A6DAC7ABB7F09F3B63D015A0CD5ECA1EB4D0FD2CC8C38F9FD","cpp","hmail_perf_pair_cpp_20260831_head3","C:\hmail-perf-pair-service-20260901\cpp\Data","B3DF9E8BBF4BEDB1102C94DF7C86356E1FEABCBC02A18E8EABEB1EA1453D09B8",,,"one TCP client and one sequential IMAP session per sample","0","PASS","45FA907CE0D3797C1E13EBB2F03F076A25656CCE27E801C18F745ACD3944FBBD","5136EEC556F9790732AE759EF52F77FE6172329EA55787A80300C4A824107E46","1","839","False","False","2071.088","Hedef makine etkin olarak reddetti?inden ba?lant? kurulamad? 127.0.0.1:1143","False","0","False","False","0","False"
"d02f514d-e0e9-491f-b8d4-72c89c73fe78","MANIFEST_BOUND","hmail-perf-pair-service-20260901","06EFCBA9520D478A6DAC7ABB7F09F3B63D015A0CD5ECA1EB4D0FD2CC8C38F9FD","cpp","hmail_perf_pair_cpp_20260831_head3","C:\hmail-perf-pair-service-20260901\cpp\Data","B3DF9E8BBF4BEDB1102C94DF7C86356E1FEABCBC02A18E8EABEB1EA1453D09B8",,,"one TCP client and one sequential IMAP session per sample","0","PASS","45FA907CE0D3797C1E13EBB2F03F076A25656CCE27E801C18F745ACD3944FBBD","5136EEC556F9790732AE759EF52F77FE6172329EA55787A80300C4A824107E46","1","840","False","False","2072.088","Hedef makine etkin olarak reddetti?inden ba?lant? kurulamad? 127.0.0.1:1143","False","0","False","False","0","False"
"d02f514d-e0e9-491f-b8d4-72c89c73fe78","MANIFEST_BOUND","hmail-perf-pair-service-20260901","06EFCBA9520D478A6DAC7ABB7F09F3B63D015A0CD5ECA1EB4D0FD2CC8C38F9FD","cpp","hmail_perf_pair_cpp_20260831_head3","C:\hmail-perf-pair-service-20260901\cpp\Data","B3DF9E8BBF4BEDB1102C94DF7C86356E1FEABCBC02A18E8EABEB1EA1453D09B8",,,"one TCP client and one sequential IMAP session per sample","0","PASS","45FA907CE0D3797C1E13EBB2F03F076A25656CCE27E801C18F745ACD3944FBBD","5136EEC556F9790732AE759EF52F77FE6172329EA55787A80300C4A824107E46","1","841","False","False","2062.535","Hedef makine etkin olarak reddetti?inden ba?lant? kurulamad? 127.0.0.1:1143","False","0","False","False","0","False"
"d02f514d-e0e9-491f-b8d4-72c89c73fe78","MANIFEST_BOUND","hmail-perf-pair-service-20260901","06EFCBA9520D478A6DAC7ABB7F09F3B63D015A0CD5ECA1EB4D0FD2CC8C38F9FD","cpp","hmail_perf_pair_cpp_20260831_head3","C:\hmail-perf-pair-service-20260901\cpp\Data","B3DF9E8BBF4BEDB1102C94DF7C86356E1FEABCBC02A18E8EABEB1EA1453D09B8",,,"one TCP client and one sequential IMAP session per sample","0","PASS","45FA907CE0D3797C1E13EBB2F03F076A25656CCE27E801C18F745ACD3944FBBD","5136EEC556F9790732AE759EF52F77FE6172329EA55787A80300C4A824107E46","1","842","False","False","2064.207","Hedef makine etkin olarak reddetti?inden ba?lant? kurulamad? 127.0.0.1:1143","False","0","False","False","0","False"
"d02f514d-e0e9-491f-b8d4-72c89c73fe78","MANIFEST_BOUND","hmail-perf-pair-service-20260901","06EFCBA9520D478A6DAC7ABB7F09F3B63D015A0CD5ECA1EB4D0FD2CC8C38F9FD","cpp","hmail_perf_pair_cpp_20260831_head3","C:\hmail-perf-pair-service-20260901\cpp\Data","B3DF9E8BBF4BEDB1102C94DF7C86356E1FEABCBC02A18E8EABEB1EA1453D09B8",,,"one TCP client and one sequential IMAP session per sample","0","PASS","45FA907CE0D3797C1E13EBB2F03F076A25656CCE27E801C18F745ACD3944FBBD","5136EEC556F9790732AE759EF52F77FE6172329EA55787A80300C4A824107E46","1","843","False","False","2062.283","Hedef makine etkin olarak reddetti?inden ba?lant? kurulamad? 127.0.0.1:1143","False","0","False","False","0","False"
"d02f514d-e0e9-491f-b8d4-72c89c73fe78","MANIFEST_BOUND","hmail-perf-pair-service-20260901","06EFCBA9520D478A6DAC7ABB7F09F3B63D015A0CD5ECA1EB4D0FD2CC8C38F9FD","cpp","hmail_perf_pair_cpp_20260831_head3","C:\hmail-perf-pair-service-20260901\cpp\Data","B3DF9E8BBF4BEDB1102C94DF7C86356E1FEABCBC02A18E8EABEB1EA1453D09B8",,,"one TCP client and one sequential IMAP session per sample","0","PASS","45FA907CE0D3797C1E13EBB2F03F076A25656CCE27E801C18F745ACD3944FBBD","5136EEC556F9790732AE759EF52F77FE6172329EA55787A80300C4A824107E46","1","844","False","False","2064.617","Hedef makine etkin olarak reddetti?inden ba?lant? kurulamad? 127.0.0.1:1143","False","0","False","False","0","False"
"d02f514d-e0e9-491f-b8d4-72c89c73fe78","MANIFEST_BOUND","hmail-perf-pair-service-20260901","06EFCBA9520D478A6DAC7ABB7F09F3B63D015A0CD5ECA1EB4D0FD2CC8C38F9FD","cpp","hmail_perf_pair_cpp_20260831_head3","C:\hmail-perf-pair-service-20260901\cpp\Data","B3DF9E8BBF4BEDB1102C94DF7C86356E1FEABCBC02A18E8EABEB1EA1453D09B8",,,"one TCP client and one sequential IMAP session per sample","0","PASS","45FA907CE0D3797C1E13EBB2F03F076A25656CCE27E801C18F745ACD3944FBBD","5136EEC556F9790732AE759EF52F77FE6172329EA55787A80300C4A824107E46","1","845","False","False","2062.161","Hedef makine etkin olarak reddetti?inden ba?lant? kurulamad? 127.0.0.1:1143","False","0","False","False","0","False"
"d02f514d-e0e9-491f-b8d4-72c89c73fe78","MANIFEST_BOUND","hmail-perf-pair-service-20260901","06EFCBA9520D478A6DAC7ABB7F09F3B63D015A0CD5ECA1EB4D0FD2CC8C38F9FD","cpp","hmail_perf_pair_cpp_20260831_head3","C:\hmail-perf-pair-service-20260901\cpp\Data","B3DF9E8BBF4BEDB1102C94DF7C86356E1FEABCBC02A18E8EABEB1EA1453D09B8",,,"one TCP client and one sequential IMAP session per sample","0","PASS","45FA907CE0D3797C1E13EBB2F03F076A25656CCE27E801C18F745ACD3944FBBD","5136EEC556F9790732AE759EF52F77FE6172329EA55787A80300C4A824107E46","1","846","False","False","2062.055","Hedef makine etkin olarak reddetti?inden ba?lant? kurulamad? 127.0.0.1:1143","False","0","False","False","0","False"
"d02f514d-e0e9-491f-b8d4-72c89c73fe78","MANIFEST_BOUND","hmail-perf-pair-service-20260901","06EFCBA9520D478A6DAC7ABB7F09F3B63D015A0CD5ECA1EB4D0FD2CC8C38F9FD","cpp","hmail_perf_pair_cpp_20260831_head3","C:\hmail-perf-pair-service-20260901\cpp\Data","B3DF9E8BBF4BEDB1102C94DF7C86356E1FEABCBC02A18E8EABEB1EA1453D09B8",,,"one TCP client and one sequential IMAP session per sample","0","PASS","45FA907CE0D3797C1E13EBB2F03F076A25656CCE27E801C18F745ACD3944FBBD","5136EEC556F9790732AE759EF52F77FE6172329EA55787A80300C4A824107E46","1","847","False","False","2064.18","Hedef makine etkin olarak reddetti?inden ba?lant? kurulamad? 127.0.0.1:1143","False","0","False","False","0","False"
"d02f514d-e0e9-491f-b8d4-72c89c73fe78","MANIFEST_BOUND","hmail-perf-pair-service-20260901","06EFCBA9520D478A6DAC7ABB7F09F3B63D015A0CD5ECA1EB4D0FD2CC8C38F9FD","cpp","hmail_perf_pair_cpp_20260831_head3","C:\hmail-perf-pair-service-20260901\cpp\Data","B3DF9E8BBF4BEDB1102C94DF7C86356E1FEABCBC02A18E8EABEB1EA1453D09B8",,,"one TCP client and one sequential IMAP session per sample","0","PASS","45FA907CE0D3797C1E13EBB2F03F076A25656CCE27E801C18F745ACD3944FBBD","5136EEC556F9790732AE759EF52F77FE6172329EA55787A80300C4A824107E46","1","848","False","False","2062.287","Hedef makine etkin olarak reddetti?inden ba?lant? kurulamad? 127.0.0.1:1143","False","0","False","False","0","False"
"d02f514d-e0e9-491f-b8d4-72c89c73fe78","MANIFEST_BOUND","hmail-perf-pair-service-20260901","06EFCBA9520D478A6DAC7ABB7F09F3B63D015A0CD5ECA1EB4D0FD2CC8C38F9FD","cpp","hmail_perf_pair_cpp_20260831_head3","C:\hmail-perf-pair-service-20260901\cpp\Data","B3DF9E8BBF4BEDB1102C94DF7C86356E1FEABCBC02A18E8EABEB1EA1453D09B8",,,"one TCP client and one sequential IMAP session per sample","0","PASS","45FA907CE0D3797C1E13EBB2F03F076A25656CCE27E801C18F745ACD3944FBBD","5136EEC556F9790732AE759EF52F77FE6172329EA55787A80300C4A824107E46","1","849","False","False","2063.137","Hedef makine etkin olarak reddetti?inden ba?lant? kurulamad? 127.0.0.1:1143","False","0","False","False","0","False"
"d02f514d-e0e9-491f-b8d4-72c89c73fe78","MANIFEST_BOUND","hmail-perf-pair-service-20260901","06EFCBA9520D478A6DAC7ABB7F09F3B63D015A0CD5ECA1EB4D0FD2CC8C38F9FD","cpp","hmail_perf_pair_cpp_20260831_head3","C:\hmail-perf-pair-service-20260901\cpp\Data","B3DF9E8BBF4BEDB1102C94DF7C86356E1FEABCBC02A18E8EABEB1EA1453D09B8",,,"one TCP client and one sequential IMAP session per sample","0","PASS","45FA907CE0D3797C1E13EBB2F03F076A25656CCE27E801C18F745ACD3944FBBD","5136EEC556F9790732AE759EF52F77FE6172329EA55787A80300C4A824107E46","1","850","False","False","2072.652","Hedef makine etkin olarak reddetti?inden ba?lant? kurulamad? 127.0.0.1:1143","False","0","False","False","0","False"
"d02f514d-e0e9-491f-b8d4-72c89c73fe78","MANIFEST_BOUND","hmail-perf-pair-service-20260901","06EFCBA9520D478A6DAC7ABB7F09F3B63D015A0CD5ECA1EB4D0FD2CC8C38F9FD","cpp","hmail_perf_pair_cpp_20260831_head3","C:\hmail-perf-pair-service-20260901\cpp\Data","B3DF9E8BBF4BEDB1102C94DF7C86356E1FEABCBC02A18E8EABEB1EA1453D09B8",,,"one TCP client and one sequential IMAP session per sample","0","PASS","45FA907CE0D3797C1E13EBB2F03F076A25656CCE27E801C18F745ACD3944FBBD","5136EEC556F9790732AE759EF52F77FE6172329EA55787A80300C4A824107E46","1","851","False","False","2062.296","Hedef makine etkin olarak reddetti?inden ba?lant? kurulamad? 127.0.0.1:1143","False","0","False","False","0","False"
"d02f514d-e0e9-491f-b8d4-72c89c73fe78","MANIFEST_BOUND","hmail-perf-pair-service-20260901","06EFCBA9520D478A6DAC7ABB7F09F3B63D015A0CD5ECA1EB4D0FD2CC8C38F9FD","cpp","hmail_perf_pair_cpp_20260831_head3","C:\hmail-perf-pair-service-20260901\cpp\Data","B3DF9E8BBF4BEDB1102C94DF7C86356E1FEABCBC02A18E8EABEB1EA1453D09B8",,,"one TCP client and one sequential IMAP session per sample","0","PASS","45FA907CE0D3797C1E13EBB2F03F076A25656CCE27E801C18F745ACD3944FBBD","5136EEC556F9790732AE759EF52F77FE6172329EA55787A80300C4A824107E46","1","852","False","False","2063.012","Hedef makine etkin olarak reddetti?inden ba?lant? kurulamad? 127.0.0.1:1143","False","0","False","False","0","False"
"d02f514d-e0e9-491f-b8d4-72c89c73fe78","MANIFEST_BOUND","hmail-perf-pair-service-20260901","06EFCBA9520D478A6DAC7ABB7F09F3B63D015A0CD5ECA1EB4D0FD2CC8C38F9FD","cpp","hmail_perf_pair_cpp_20260831_head3","C:\hmail-perf-pair-service-20260901\cpp\Data","B3DF9E8BBF4BEDB1102C94DF7C86356E1FEABCBC02A18E8EABEB1EA1453D09B8",,,"one TCP client and one sequential IMAP session per sample","0","PASS","45FA907CE0D3797C1E13EBB2F03F076A25656CCE27E801C18F745ACD3944FBBD","5136EEC556F9790732AE759EF52F77FE6172329EA55787A80300C4A824107E46","1","853","False","False","2062.812","Hedef makine etkin olarak reddetti?inden ba?lant? kurulamad? 127.0.0.1:1143","False","0","False","False","0","False"
"d02f514d-e0e9-491f-b8d4-72c89c73fe78","MANIFEST_BOUND","hmail-perf-pair-service-20260901","06EFCBA9520D478A6DAC7ABB7F09F3B63D015A0CD5ECA1EB4D0FD2CC8C38F9FD","cpp","hmail_perf_pair_cpp_20260831_head3","C:\hmail-perf-pair-service-20260901\cpp\Data","B3DF9E8BBF4BEDB1102C94DF7C86356E1FEABCBC02A18E8EABEB1EA1453D09B8",,,"one TCP client and one sequential IMAP session per sample","0","PASS","45FA907CE0D3797C1E13EBB2F03F076A25656CCE27E801C18F745ACD3944FBBD","5136EEC556F9790732AE759EF52F77FE6172329EA55787A80300C4A824107E46","1","854","False","False","2068.909","Hedef makine etkin olarak reddetti?inden ba?lant? kurulamad? 127.0.0.1:1143","False","0","False","False","0","False"
"d02f514d-e0e9-491f-b8d4-72c89c73fe78","MANIFEST_BOUND","hmail-perf-pair-service-20260901","06EFCBA9520D478A6DAC7ABB7F09F3B63D015A0CD5ECA1EB4D0FD2CC8C38F9FD","cpp","hmail_perf_pair_cpp_20260831_head3","C:\hmail-perf-pair-service-20260901\cpp\Data","B3DF9E8BBF4BEDB1102C94DF7C86356E1FEABCBC02A18E8EABEB1EA1453D09B8",,,"one TCP client and one sequential IMAP session per sample","0","PASS","45FA907CE0D3797C1E13EBB2F03F076A25656CCE27E801C18F745ACD3944FBBD","5136EEC556F9790732AE759EF52F77FE6172329EA55787A80300C4A824107E46","1","855","False","False","2064.825","Hedef makine etkin olarak reddetti?inden ba?lant? kurulamad? 127.0.0.1:1143","False","0","False","False","0","False"
"d02f514d-e0e9-491f-b8d4-72c89c73fe78","MANIFEST_BOUND","hmail-perf-pair-service-20260901","06EFCBA9520D478A6DAC7ABB7F09F3B63D015A0CD5ECA1EB4D0FD2CC8C38F9FD","cpp","hmail_perf_pair_cpp_20260831_head3","C:\hmail-perf-pair-service-20260901\cpp\Data","B3DF9E8BBF4BEDB1102C94DF7C86356E1FEABCBC02A18E8EABEB1EA1453D09B8",,,"one TCP client and one sequential IMAP session per sample","0","PASS","45FA907CE0D3797C1E13EBB2F03F076A25656CCE27E801C18F745ACD3944FBBD","5136EEC556F9790732AE759EF52F77FE6172329EA55787A80300C4A824107E46","1","856","False","False","2062.152","Hedef makine etkin olarak reddetti?inden ba?lant? kurulamad? 127.0.0.1:1143","False","0","False","False","0","False"
"d02f514d-e0e9-491f-b8d4-72c89c73fe78","MANIFEST_BOUND","hmail-perf-pair-service-20260901","06EFCBA9520D478A6DAC7ABB7F09F3B63D015A0CD5ECA1EB4D0FD2CC8C38F9FD","cpp","hmail_perf_pair_cpp_20260831_head3","C:\hmail-perf-pair-service-20260901\cpp\Data","B3DF9E8BBF4BEDB1102C94DF7C86356E1FEABCBC02A18E8EABEB1EA1453D09B8",,,"one TCP client and one sequential IMAP session per sample","0","PASS","45FA907CE0D3797C1E13EBB2F03F076A25656CCE27E801C18F745ACD3944FBBD","5136EEC556F9790732AE759EF52F77FE6172329EA55787A80300C4A824107E46","1","857","False","False","2068.737","Hedef makine etkin olarak reddetti?inden ba?lant? kurulamad? 127.0.0.1:1143","False","0","False","False","0","False"
"d02f514d-e0e9-491f-b8d4-72c89c73fe78","MANIFEST_BOUND","hmail-perf-pair-service-20260901","06EFCBA9520D478A6DAC7ABB7F09F3B63D015A0CD5ECA1EB4D0FD2CC8C38F9FD","cpp","hmail_perf_pair_cpp_20260831_head3","C:\hmail-perf-pair-service-20260901\cpp\Data","B3DF9E8BBF4BEDB1102C94DF7C86356E1FEABCBC02A18E8EABEB1EA1453D09B8",,,"one TCP client and one sequential IMAP session per sample","0","PASS","45FA907CE0D3797C1E13EBB2F03F076A25656CCE27E801C18F745ACD3944FBBD","5136EEC556F9790732AE759EF52F77FE6172329EA55787A80300C4A824107E46","1","858","False","False","2062.516","Hedef makine etkin olarak reddetti?inden ba?lant? kurulamad? 127.0.0.1:1143","False","0","False","False","0","False"
"d02f514d-e0e9-491f-b8d4-72c89c73fe78","MANIFEST_BOUND","hmail-perf-pair-service-20260901","06EFCBA9520D478A6DAC7ABB7F09F3B63D015A0CD5ECA1EB4D0FD2CC8C38F9FD","cpp","hmail_perf_pair_cpp_20260831_head3","C:\hmail-perf-pair-service-20260901\cpp\Data","B3DF9E8BBF4BEDB1102C94DF7C86356E1FEABCBC02A18E8EABEB1EA1453D09B8",,,"one TCP client and one sequential IMAP session per sample","0","PASS","45FA907CE0D3797C1E13EBB2F03F076A25656CCE27E801C18F745ACD3944FBBD","5136EEC556F9790732AE759EF52F77FE6172329EA55787A80300C4A824107E46","1","859","False","False","2063.386","Hedef makine etkin olarak reddetti?inden ba?lant? kurulamad? 127.0.0.1:1143","False","0","False","False","0","False"
"d02f514d-e0e9-491f-b8d4-72c89c73fe78","MANIFEST_BOUND","hmail-perf-pair-service-20260901","06EFCBA9520D478A6DAC7ABB7F09F3B63D015A0CD5ECA1EB4D0FD2CC8C38F9FD","cpp","hmail_perf_pair_cpp_20260831_head3","C:\hmail-perf-pair-service-20260901\cpp\Data","B3DF9E8BBF4BEDB1102C94DF7C86356E1FEABCBC02A18E8EABEB1EA1453D09B8",,,"one TCP client and one sequential IMAP session per sample","0","PASS","45FA907CE0D3797C1E13EBB2F03F076A25656CCE27E801C18F745ACD3944FBBD","5136EEC556F9790732AE759EF52F77FE6172329EA55787A80300C4A824107E46","1","860","False","False","2068.63","Hedef makine etkin olarak reddetti?inden ba?lant? kurulamad? 127.0.0.1:1143","False","0","False","False","0","False"
"d02f514d-e0e9-491f-b8d4-72c89c73fe78","MANIFEST_BOUND","hmail-perf-pair-service-20260901","06EFCBA9520D478A6DAC7ABB7F09F3B63D015A0CD5ECA1EB4D0FD2CC8C38F9FD","cpp","hmail_perf_pair_cpp_20260831_head3","C:\hmail-perf-pair-service-20260901\cpp\Data","B3DF9E8BBF4BEDB1102C94DF7C86356E1FEABCBC02A18E8EABEB1EA1453D09B8",,,"one TCP client and one sequential IMAP session per sample","0","PASS","45FA907CE0D3797C1E13EBB2F03F076A25656CCE27E801C18F745ACD3944FBBD","5136EEC556F9790732AE759EF52F77FE6172329EA55787A80300C4A824107E46","1","861","False","False","2071.829","Hedef makine etkin olarak reddetti?inden ba?lant? kurulamad? 127.0.0.1:1143","False","0","False","False","0","False"
"d02f514d-e0e9-491f-b8d4-72c89c73fe78","MANIFEST_BOUND","hmail-perf-pair-service-20260901","06EFCBA9520D478A6DAC7ABB7F09F3B63D015A0CD5ECA1EB4D0FD2CC8C38F9FD","cpp","hmail_perf_pair_cpp_20260831_head3","C:\hmail-perf-pair-service-20260901\cpp\Data","B3DF9E8BBF4BEDB1102C94DF7C86356E1FEABCBC02A18E8EABEB1EA1453D09B8",,,"one TCP client and one sequential IMAP session per sample","0","PASS","45FA907CE0D3797C1E13EBB2F03F076A25656CCE27E801C18F745ACD3944FBBD","5136EEC556F9790732AE759EF52F77FE6172329EA55787A80300C4A824107E46","1","862","False","False","2068.678","Hedef makine etkin olarak reddetti?inden ba?lant? kurulamad? 127.0.0.1:1143","False","0","False","False","0","False"
"d02f514d-e0e9-491f-b8d4-72c89c73fe78","MANIFEST_BOUND","hmail-perf-pair-service-20260901","06EFCBA9520D478A6DAC7ABB7F09F3B63D015A0CD5ECA1EB4D0FD2CC8C38F9FD","cpp","hmail_perf_pair_cpp_20260831_head3","C:\hmail-perf-pair-service-20260901\cpp\Data","B3DF9E8BBF4BEDB1102C94DF7C86356E1FEABCBC02A18E8EABEB1EA1453D09B8",,,"one TCP client and one sequential IMAP session per sample","0","PASS","45FA907CE0D3797C1E13EBB2F03F076A25656CCE27E801C18F745ACD3944FBBD","5136EEC556F9790732AE759EF52F77FE6172329EA55787A80300C4A824107E46","1","863","False","False","2068.438","Hedef makine etkin olarak reddetti?inden ba?lant? kurulamad? 127.0.0.1:1143","False","0","False","False","0","False"
"d02f514d-e0e9-491f-b8d4-72c89c73fe78","MANIFEST_BOUND","hmail-perf-pair-service-20260901","06EFCBA9520D478A6DAC7ABB7F09F3B63D015A0CD5ECA1EB4D0FD2CC8C38F9FD","cpp","hmail_perf_pair_cpp_20260831_head3","C:\hmail-perf-pair-service-20260901\cpp\Data","B3DF9E8BBF4BEDB1102C94DF7C86356E1FEABCBC02A18E8EABEB1EA1453D09B8",,,"one TCP client and one sequential IMAP session per sample","0","PASS","45FA907CE0D3797C1E13EBB2F03F076A25656CCE27E801C18F745ACD3944FBBD","5136EEC556F9790732AE759EF52F77FE6172329EA55787A80300C4A824107E46","1","864","False","False","2061.538","Hedef makine etkin olarak reddetti?inden ba?lant? kurulamad? 127.0.0.1:1143","False","0","False","False","0","False"
"d02f514d-e0e9-491f-b8d4-72c89c73fe78","MANIFEST_BOUND","hmail-perf-pair-service-20260901","06EFCBA9520D478A6DAC7ABB7F09F3B63D015A0CD5ECA1EB4D0FD2CC8C38F9FD","cpp","hmail_perf_pair_cpp_20260831_head3","C:\hmail-perf-pair-service-20260901\cpp\Data","B3DF9E8BBF4BEDB1102C94DF7C86356E1FEABCBC02A18E8EABEB1EA1453D09B8",,,"one TCP client and one sequential IMAP session per sample","0","PASS","45FA907CE0D3797C1E13EBB2F03F076A25656CCE27E801C18F745ACD3944FBBD","5136EEC556F9790732AE759EF52F77FE6172329EA55787A80300C4A824107E46","1","865","False","False","2069.011","Hedef makine etkin olarak reddetti?inden ba?lant? kurulamad? 127.0.0.1:1143","False","0","False","False","0","False"
"d02f514d-e0e9-491f-b8d4-72c89c73fe78","MANIFEST_BOUND","hmail-perf-pair-service-20260901","06EFCBA9520D478A6DAC7ABB7F09F3B63D015A0CD5ECA1EB4D0FD2CC8C38F9FD","cpp","hmail_perf_pair_cpp_20260831_head3","C:\hmail-perf-pair-service-20260901\cpp\Data","B3DF9E8BBF4BEDB1102C94DF7C86356E1FEABCBC02A18E8EABEB1EA1453D09B8",,,"one TCP client and one sequential IMAP session per sample","0","PASS","45FA907CE0D3797C1E13EBB2F03F076A25656CCE27E801C18F745ACD3944FBBD","5136EEC556F9790732AE759EF52F77FE6172329EA55787A80300C4A824107E46","1","866","False","False","2061.692","Hedef makine etkin olarak reddetti?inden ba?lant? kurulamad? 127.0.0.1:1143","False","0","False","False","0","False"
"d02f514d-e0e9-491f-b8d4-72c89c73fe78","MANIFEST_BOUND","hmail-perf-pair-service-20260901","06EFCBA9520D478A6DAC7ABB7F09F3B63D015A0CD5ECA1EB4D0FD2CC8C38F9FD","cpp","hmail_perf_pair_cpp_20260831_head3","C:\hmail-perf-pair-service-20260901\cpp\Data","B3DF9E8BBF4BEDB1102C94DF7C86356E1FEABCBC02A18E8EABEB1EA1453D09B8",,,"one TCP client and one sequential IMAP session per sample","0","PASS","45FA907CE0D3797C1E13EBB2F03F076A25656CCE27E801C18F745ACD3944FBBD","5136EEC556F9790732AE759EF52F77FE6172329EA55787A80300C4A824107E46","1","867","False","False","2062.881","Hedef makine etkin olarak reddetti?inden ba?lant? kurulamad? 127.0.0.1:1143","False","0","False","False","0","False"
"d02f514d-e0e9-491f-b8d4-72c89c73fe78","MANIFEST_BOUND","hmail-perf-pair-service-20260901","06EFCBA9520D478A6DAC7ABB7F09F3B63D015A0CD5ECA1EB4D0FD2CC8C38F9FD","cpp","hmail_perf_pair_cpp_20260831_head3","C:\hmail-perf-pair-service-20260901\cpp\Data","B3DF9E8BBF4BEDB1102C94DF7C86356E1FEABCBC02A18E8EABEB1EA1453D09B8",,,"one TCP client and one sequential IMAP session per sample","0","PASS","45FA907CE0D3797C1E13EBB2F03F076A25656CCE27E801C18F745ACD3944FBBD","5136EEC556F9790732AE759EF52F77FE6172329EA55787A80300C4A824107E46","1","868","False","False","2071.644","Hedef makine etkin olarak reddetti?inden ba?lant? kurulamad? 127.0.0.1:1143","False","0","False","False","0","False"
"d02f514d-e0e9-491f-b8d4-72c89c73fe78","MANIFEST_BOUND","hmail-perf-pair-service-20260901","06EFCBA9520D478A6DAC7ABB7F09F3B63D015A0CD5ECA1EB4D0FD2CC8C38F9FD","cpp","hmail_perf_pair_cpp_20260831_head3","C:\hmail-perf-pair-service-20260901\cpp\Data","B3DF9E8BBF4BEDB1102C94DF7C86356E1FEABCBC02A18E8EABEB1EA1453D09B8",,,"one TCP client and one sequential IMAP session per sample","0","PASS","45FA907CE0D3797C1E13EBB2F03F076A25656CCE27E801C18F745ACD3944FBBD","5136EEC556F9790732AE759EF52F77FE6172329EA55787A80300C4A824107E46","1","869","False","False","2063.325","Hedef makine etkin olarak reddetti?inden ba?lant? kurulamad? 127.0.0.1:1143","False","0","False","False","0","False"
"d02f514d-e0e9-491f-b8d4-72c89c73fe78","MANIFEST_BOUND","hmail-perf-pair-service-20260901","06EFCBA9520D478A6DAC7ABB7F09F3B63D015A0CD5ECA1EB4D0FD2CC8C38F9FD","cpp","hmail_perf_pair_cpp_20260831_head3","C:\hmail-perf-pair-service-20260901\cpp\Data","B3DF9E8BBF4BEDB1102C94DF7C86356E1FEABCBC02A18E8EABEB1EA1453D09B8",,,"one TCP client and one sequential IMAP session per sample","0","PASS","45FA907CE0D3797C1E13EBB2F03F076A25656CCE27E801C18F745ACD3944FBBD","5136EEC556F9790732AE759EF52F77FE6172329EA55787A80300C4A824107E46","1","870","False","False","2062.222","Hedef makine etkin olarak reddetti?inden ba?lant? kurulamad? 127.0.0.1:1143","False","0","False","False","0","False"
"d02f514d-e0e9-491f-b8d4-72c89c73fe78","MANIFEST_BOUND","hmail-perf-pair-service-20260901","06EFCBA9520D478A6DAC7ABB7F09F3B63D015A0CD5ECA1EB4D0FD2CC8C38F9FD","cpp","hmail_perf_pair_cpp_20260831_head3","C:\hmail-perf-pair-service-20260901\cpp\Data","B3DF9E8BBF4BEDB1102C94DF7C86356E1FEABCBC02A18E8EABEB1EA1453D09B8",,,"one TCP client and one sequential IMAP session per sample","0","PASS","45FA907CE0D3797C1E13EBB2F03F076A25656CCE27E801C18F745ACD3944FBBD","5136EEC556F9790732AE759EF52F77FE6172329EA55787A80300C4A824107E46","1","871","False","False","2063.801","Hedef makine etkin olarak reddetti?inden ba?lant? kurulamad? 127.0.0.1:1143","False","0","False","False","0","False"
"d02f514d-e0e9-491f-b8d4-72c89c73fe78","MANIFEST_BOUND","hmail-perf-pair-service-20260901","06EFCBA9520D478A6DAC7ABB7F09F3B63D015A0CD5ECA1EB4D0FD2CC8C38F9FD","cpp","hmail_perf_pair_cpp_20260831_head3","C:\hmail-perf-pair-service-20260901\cpp\Data","B3DF9E8BBF4BEDB1102C94DF7C86356E1FEABCBC02A18E8EABEB1EA1453D09B8",,,"one TCP client and one sequential IMAP session per sample","0","PASS","45FA907CE0D3797C1E13EBB2F03F076A25656CCE27E801C18F745ACD3944FBBD","5136EEC556F9790732AE759EF52F77FE6172329EA55787A80300C4A824107E46","1","872","False","False","2068.145","Hedef makine etkin olarak reddetti?inden ba?lant? kurulamad? 127.0.0.1:1143","False","0","False","False","0","False"
"d02f514d-e0e9-491f-b8d4-72c89c73fe78","MANIFEST_BOUND","hmail-perf-pair-service-20260901","06EFCBA9520D478A6DAC7ABB7F09F3B63D015A0CD5ECA1EB4D0FD2CC8C38F9FD","cpp","hmail_perf_pair_cpp_20260831_head3","C:\hmail-perf-pair-service-20260901\cpp\Data","B3DF9E8BBF4BEDB1102C94DF7C86356E1FEABCBC02A18E8EABEB1EA1453D09B8",,,"one TCP client and one sequential IMAP session per sample","0","PASS","45FA907CE0D3797C1E13EBB2F03F076A25656CCE27E801C18F745ACD3944FBBD","5136EEC556F9790732AE759EF52F77FE6172329EA55787A80300C4A824107E46","1","873","False","False","2061.216","Hedef makine etkin olarak reddetti?inden ba?lant? kurulamad? 127.0.0.1:1143","False","0","False","False","0","False"
"d02f514d-e0e9-491f-b8d4-72c89c73fe78","MANIFEST_BOUND","hmail-perf-pair-service-20260901","06EFCBA9520D478A6DAC7ABB7F09F3B63D015A0CD5ECA1EB4D0FD2CC8C38F9FD","cpp","hmail_perf_pair_cpp_20260831_head3","C:\hmail-perf-pair-service-20260901\cpp\Data","B3DF9E8BBF4BEDB1102C94DF7C86356E1FEABCBC02A18E8EABEB1EA1453D09B8",,,"one TCP client and one sequential IMAP session per sample","0","PASS","45FA907CE0D3797C1E13EBB2F03F076A25656CCE27E801C18F745ACD3944FBBD","5136EEC556F9790732AE759EF52F77FE6172329EA55787A80300C4A824107E46","1","874","False","False","2063.883","Hedef makine etkin olarak reddetti?inden ba?lant? kurulamad? 127.0.0.1:1143","False","0","False","False","0","False"
"d02f514d-e0e9-491f-b8d4-72c89c73fe78","MANIFEST_BOUND","hmail-perf-pair-service-20260901","06EFCBA9520D478A6DAC7ABB7F09F3B63D015A0CD5ECA1EB4D0FD2CC8C38F9FD","cpp","hmail_perf_pair_cpp_20260831_head3","C:\hmail-perf-pair-service-20260901\cpp\Data","B3DF9E8BBF4BEDB1102C94DF7C86356E1FEABCBC02A18E8EABEB1EA1453D09B8",,,"one TCP client and one sequential IMAP session per sample","0","PASS","45FA907CE0D3797C1E13EBB2F03F076A25656CCE27E801C18F745ACD3944FBBD","5136EEC556F9790732AE759EF52F77FE6172329EA55787A80300C4A824107E46","1","875","False","False","2062.714","Hedef makine etkin olarak reddetti?inden ba?lant? kurulamad? 127.0.0.1:1143","False","0","False","False","0","False"
"d02f514d-e0e9-491f-b8d4-72c89c73fe78","MANIFEST_BOUND","hmail-perf-pair-service-20260901","06EFCBA9520D478A6DAC7ABB7F09F3B63D015A0CD5ECA1EB4D0FD2CC8C38F9FD","cpp","hmail_perf_pair_cpp_20260831_head3","C:\hmail-perf-pair-service-20260901\cpp\Data","B3DF9E8BBF4BEDB1102C94DF7C86356E1FEABCBC02A18E8EABEB1EA1453D09B8",,,"one TCP client and one sequential IMAP session per sample","0","PASS","45FA907CE0D3797C1E13EBB2F03F076A25656CCE27E801C18F745ACD3944FBBD","5136EEC556F9790732AE759EF52F77FE6172329EA55787A80300C4A824107E46","1","876","False","False","2060.862","Hedef makine etkin olarak reddetti?inden ba?lant? kurulamad? 127.0.0.1:1143","False","0","False","False","0","False"
"d02f514d-e0e9-491f-b8d4-72c89c73fe78","MANIFEST_BOUND","hmail-perf-pair-service-20260901","06EFCBA9520D478A6DAC7ABB7F09F3B63D015A0CD5ECA1EB4D0FD2CC8C38F9FD","cpp","hmail_perf_pair_cpp_20260831_head3","C:\hmail-perf-pair-service-20260901\cpp\Data","B3DF9E8BBF4BEDB1102C94DF7C86356E1FEABCBC02A18E8EABEB1EA1453D09B8",,,"one TCP client and one sequential IMAP session per sample","0","PASS","45FA907CE0D3797C1E13EBB2F03F076A25656CCE27E801C18F745ACD3944FBBD","5136EEC556F9790732AE759EF52F77FE6172329EA55787A80300C4A824107E46","1","877","False","False","2068.099","Hedef makine etkin olarak reddetti?inden ba?lant? kurulamad? 127.0.0.1:1143","False","0","False","False","0","False"
"d02f514d-e0e9-491f-b8d4-72c89c73fe78","MANIFEST_BOUND","hmail-perf-pair-service-20260901","06EFCBA9520D478A6DAC7ABB7F09F3B63D015A0CD5ECA1EB4D0FD2CC8C38F9FD","cpp","hmail_perf_pair_cpp_20260831_head3","C:\hmail-perf-pair-service-20260901\cpp\Data","B3DF9E8BBF4BEDB1102C94DF7C86356E1FEABCBC02A18E8EABEB1EA1453D09B8",,,"one TCP client and one sequential IMAP session per sample","0","PASS","45FA907CE0D3797C1E13EBB2F03F076A25656CCE27E801C18F745ACD3944FBBD","5136EEC556F9790732AE759EF52F77FE6172329EA55787A80300C4A824107E46","1","878","False","False","2069.744","Hedef makine etkin olarak reddetti?inden ba?lant? kurulamad? 127.0.0.1:1143","False","0","False","False","0","False"
"d02f514d-e0e9-491f-b8d4-72c89c73fe78","MANIFEST_BOUND","hmail-perf-pair-service-20260901","06EFCBA9520D478A6DAC7ABB7F09F3B63D015A0CD5ECA1EB4D0FD2CC8C38F9FD","cpp","hmail_perf_pair_cpp_20260831_head3","C:\hmail-perf-pair-service-20260901\cpp\Data","B3DF9E8BBF4BEDB1102C94DF7C86356E1FEABCBC02A18E8EABEB1EA1453D09B8",,,"one TCP client and one sequential IMAP session per sample","0","PASS","45FA907CE0D3797C1E13EBB2F03F076A25656CCE27E801C18F745ACD3944FBBD","5136EEC556F9790732AE759EF52F77FE6172329EA55787A80300C4A824107E46","1","879","False","False","2067.357","Hedef makine etkin olarak reddetti?inden ba?lant? kurulamad? 127.0.0.1:1143","False","0","False","False","0","False"
"d02f514d-e0e9-491f-b8d4-72c89c73fe78","MANIFEST_BOUND","hmail-perf-pair-service-20260901","06EFCBA9520D478A6DAC7ABB7F09F3B63D015A0CD5ECA1EB4D0FD2CC8C38F9FD","cpp","hmail_perf_pair_cpp_20260831_head3","C:\hmail-perf-pair-service-20260901\cpp\Data","B3DF9E8BBF4BEDB1102C94DF7C86356E1FEABCBC02A18E8EABEB1EA1453D09B8",,,"one TCP client and one sequential IMAP session per sample","0","PASS","45FA907CE0D3797C1E13EBB2F03F076A25656CCE27E801C18F745ACD3944FBBD","5136EEC556F9790732AE759EF52F77FE6172329EA55787A80300C4A824107E46","1","880","False","False","2061.896","Hedef makine etkin olarak reddetti?inden ba?lant? kurulamad? 127.0.0.1:1143","False","0","False","False","0","False"
"d02f514d-e0e9-491f-b8d4-72c89c73fe78","MANIFEST_BOUND","hmail-perf-pair-service-20260901","06EFCBA9520D478A6DAC7ABB7F09F3B63D015A0CD5ECA1EB4D0FD2CC8C38F9FD","cpp","hmail_perf_pair_cpp_20260831_head3","C:\hmail-perf-pair-service-20260901\cpp\Data","B3DF9E8BBF4BEDB1102C94DF7C86356E1FEABCBC02A18E8EABEB1EA1453D09B8",,,"one TCP client and one sequential IMAP session per sample","0","PASS","45FA907CE0D3797C1E13EBB2F03F076A25656CCE27E801C18F745ACD3944FBBD","5136EEC556F9790732AE759EF52F77FE6172329EA55787A80300C4A824107E46","1","881","False","False","2060.972","Hedef makine etkin olarak reddetti?inden ba?lant? kurulamad? 127.0.0.1:1143","False","0","False","False","0","False"
"d02f514d-e0e9-491f-b8d4-72c89c73fe78","MANIFEST_BOUND","hmail-perf-pair-service-20260901","06EFCBA9520D478A6DAC7ABB7F09F3B63D015A0CD5ECA1EB4D0FD2CC8C38F9FD","cpp","hmail_perf_pair_cpp_20260831_head3","C:\hmail-perf-pair-service-20260901\cpp\Data","B3DF9E8BBF4BEDB1102C94DF7C86356E1FEABCBC02A18E8EABEB1EA1453D09B8",,,"one TCP client and one sequential IMAP session per sample","0","PASS","45FA907CE0D3797C1E13EBB2F03F076A25656CCE27E801C18F745ACD3944FBBD","5136EEC556F9790732AE759EF52F77FE6172329EA55787A80300C4A824107E46","1","882","False","False","2067.342","Hedef makine etkin olarak reddetti?inden ba?lant? kurulamad? 127.0.0.1:1143","False","0","False","False","0","False"
"d02f514d-e0e9-491f-b8d4-72c89c73fe78","MANIFEST_BOUND","hmail-perf-pair-service-20260901","06EFCBA9520D478A6DAC7ABB7F09F3B63D015A0CD5ECA1EB4D0FD2CC8C38F9FD","cpp","hmail_perf_pair_cpp_20260831_head3","C:\hmail-perf-pair-service-20260901\cpp\Data","B3DF9E8BBF4BEDB1102C94DF7C86356E1FEABCBC02A18E8EABEB1EA1453D09B8",,,"one TCP client and one sequential IMAP session per sample","0","PASS","45FA907CE0D3797C1E13EBB2F03F076A25656CCE27E801C18F745ACD3944FBBD","5136EEC556F9790732AE759EF52F77FE6172329EA55787A80300C4A824107E46","1","883","False","False","2062.653","Hedef makine etkin olarak reddetti?inden ba?lant? kurulamad? 127.0.0.1:1143","False","0","False","False","0","False"
"d02f514d-e0e9-491f-b8d4-72c89c73fe78","MANIFEST_BOUND","hmail-perf-pair-service-20260901","06EFCBA9520D478A6DAC7ABB7F09F3B63D015A0CD5ECA1EB4D0FD2CC8C38F9FD","cpp","hmail_perf_pair_cpp_20260831_head3","C:\hmail-perf-pair-service-20260901\cpp\Data","B3DF9E8BBF4BEDB1102C94DF7C86356E1FEABCBC02A18E8EABEB1EA1453D09B8",,,"one TCP client and one sequential IMAP session per sample","0","PASS","45FA907CE0D3797C1E13EBB2F03F076A25656CCE27E801C18F745ACD3944FBBD","5136EEC556F9790732AE759EF52F77FE6172329EA55787A80300C4A824107E46","1","884","False","False","2067.379","Hedef makine etkin olarak reddetti?inden ba?lant? kurulamad? 127.0.0.1:1143","False","0","False","False","0","False"
"d02f514d-e0e9-491f-b8d4-72c89c73fe78","MANIFEST_BOUND","hmail-perf-pair-service-20260901","06EFCBA9520D478A6DAC7ABB7F09F3B63D015A0CD5ECA1EB4D0FD2CC8C38F9FD","cpp","hmail_perf_pair_cpp_20260831_head3","C:\hmail-perf-pair-service-20260901\cpp\Data","B3DF9E8BBF4BEDB1102C94DF7C86356E1FEABCBC02A18E8EABEB1EA1453D09B8",,,"one TCP client and one sequential IMAP session per sample","0","PASS","45FA907CE0D3797C1E13EBB2F03F076A25656CCE27E801C18F745ACD3944FBBD","5136EEC556F9790732AE759EF52F77FE6172329EA55787A80300C4A824107E46","1","885","False","False","2067.481","Hedef makine etkin olarak reddetti?inden ba?lant? kurulamad? 127.0.0.1:1143","False","0","False","False","0","False"
"d02f514d-e0e9-491f-b8d4-72c89c73fe78","MANIFEST_BOUND","hmail-perf-pair-service-20260901","06EFCBA9520D478A6DAC7ABB7F09F3B63D015A0CD5ECA1EB4D0FD2CC8C38F9FD","cpp","hmail_perf_pair_cpp_20260831_head3","C:\hmail-perf-pair-service-20260901\cpp\Data","B3DF9E8BBF4BEDB1102C94DF7C86356E1FEABCBC02A18E8EABEB1EA1453D09B8",,,"one TCP client and one sequential IMAP session per sample","0","PASS","45FA907CE0D3797C1E13EBB2F03F076A25656CCE27E801C18F745ACD3944FBBD","5136EEC556F9790732AE759EF52F77FE6172329EA55787A80300C4A824107E46","1","886","False","False","2067.314","Hedef makine etkin olarak reddetti?inden ba?lant? kurulamad? 127.0.0.1:1143","False","0","False","False","0","False"
"d02f514d-e0e9-491f-b8d4-72c89c73fe78","MANIFEST_BOUND","hmail-perf-pair-service-20260901","06EFCBA9520D478A6DAC7ABB7F09F3B63D015A0CD5ECA1EB4D0FD2CC8C38F9FD","cpp","hmail_perf_pair_cpp_20260831_head3","C:\hmail-perf-pair-service-20260901\cpp\Data","B3DF9E8BBF4BEDB1102C94DF7C86356E1FEABCBC02A18E8EABEB1EA1453D09B8",,,"one TCP client and one sequential IMAP session per sample","0","PASS","45FA907CE0D3797C1E13EBB2F03F076A25656CCE27E801C18F745ACD3944FBBD","5136EEC556F9790732AE759EF52F77FE6172329EA55787A80300C4A824107E46","1","887","False","False","2067.245","Hedef makine etkin olarak reddetti?inden ba?lant? kurulamad? 127.0.0.1:1143","False","0","False","False","0","False"
"d02f514d-e0e9-491f-b8d4-72c89c73fe78","MANIFEST_BOUND","hmail-perf-pair-service-20260901","06EFCBA9520D478A6DAC7ABB7F09F3B63D015A0CD5ECA1EB4D0FD2CC8C38F9FD","cpp","hmail_perf_pair_cpp_20260831_head3","C:\hmail-perf-pair-service-20260901\cpp\Data","B3DF9E8BBF4BEDB1102C94DF7C86356E1FEABCBC02A18E8EABEB1EA1453D09B8",,,"one TCP client and one sequential IMAP session per sample","0","PASS","45FA907CE0D3797C1E13EBB2F03F076A25656CCE27E801C18F745ACD3944FBBD","5136EEC556F9790732AE759EF52F77FE6172329EA55787A80300C4A824107E46","1","888","False","False","2067.781","Hedef makine etkin olarak reddetti?inden ba?lant? kurulamad? 127.0.0.1:1143","False","0","False","False","0","False"
"d02f514d-e0e9-491f-b8d4-72c89c73fe78","MANIFEST_BOUND","hmail-perf-pair-service-20260901","06EFCBA9520D478A6DAC7ABB7F09F3B63D015A0CD5ECA1EB4D0FD2CC8C38F9FD","cpp","hmail_perf_pair_cpp_20260831_head3","C:\hmail-perf-pair-service-20260901\cpp\Data","B3DF9E8BBF4BEDB1102C94DF7C86356E1FEABCBC02A18E8EABEB1EA1453D09B8",,,"one TCP client and one sequential IMAP session per sample","0","PASS","45FA907CE0D3797C1E13EBB2F03F076A25656CCE27E801C18F745ACD3944FBBD","5136EEC556F9790732AE759EF52F77FE6172329EA55787A80300C4A824107E46","1","889","False","False","2069.532","Hedef makine etkin olarak reddetti?inden ba?lant? kurulamad? 127.0.0.1:1143","False","0","False","False","0","False"
"d02f514d-e0e9-491f-b8d4-72c89c73fe78","MANIFEST_BOUND","hmail-perf-pair-service-20260901","06EFCBA9520D478A6DAC7ABB7F09F3B63D015A0CD5ECA1EB4D0FD2CC8C38F9FD","cpp","hmail_perf_pair_cpp_20260831_head3","C:\hmail-perf-pair-service-20260901\cpp\Data","B3DF9E8BBF4BEDB1102C94DF7C86356E1FEABCBC02A18E8EABEB1EA1453D09B8",,,"one TCP client and one sequential IMAP session per sample","0","PASS","45FA907CE0D3797C1E13EBB2F03F076A25656CCE27E801C18F745ACD3944FBBD","5136EEC556F9790732AE759EF52F77FE6172329EA55787A80300C4A824107E46","1","890","False","False","2062.708","Hedef makine etkin olarak reddetti?inden ba?lant? kurulamad? 127.0.0.1:1143","False","0","False","False","0","False"
"d02f514d-e0e9-491f-b8d4-72c89c73fe78","MANIFEST_BOUND","hmail-perf-pair-service-20260901","06EFCBA9520D478A6DAC7ABB7F09F3B63D015A0CD5ECA1EB4D0FD2CC8C38F9FD","cpp","hmail_perf_pair_cpp_20260831_head3","C:\hmail-perf-pair-service-20260901\cpp\Data","B3DF9E8BBF4BEDB1102C94DF7C86356E1FEABCBC02A18E8EABEB1EA1453D09B8",,,"one TCP client and one sequential IMAP session per sample","0","PASS","45FA907CE0D3797C1E13EBB2F03F076A25656CCE27E801C18F745ACD3944FBBD","5136EEC556F9790732AE759EF52F77FE6172329EA55787A80300C4A824107E46","1","891","False","False","2062.288","Hedef makine etkin olarak reddetti?inden ba?lant? kurulamad? 127.0.0.1:1143","False","0","False","False","0","False"
"d02f514d-e0e9-491f-b8d4-72c89c73fe78","MANIFEST_BOUND","hmail-perf-pair-service-20260901","06EFCBA9520D478A6DAC7ABB7F09F3B63D015A0CD5ECA1EB4D0FD2CC8C38F9FD","cpp","hmail_perf_pair_cpp_20260831_head3","C:\hmail-perf-pair-service-20260901\cpp\Data","B3DF9E8BBF4BEDB1102C94DF7C86356E1FEABCBC02A18E8EABEB1EA1453D09B8",,,"one TCP client and one sequential IMAP session per sample","0","PASS","45FA907CE0D3797C1E13EBB2F03F076A25656CCE27E801C18F745ACD3944FBBD","5136EEC556F9790732AE759EF52F77FE6172329EA55787A80300C4A824107E46","1","892","False","False","2067.372","Hedef makine etkin olarak reddetti?inden ba?lant? kurulamad? 127.0.0.1:1143","False","0","False","False","0","False"
"d02f514d-e0e9-491f-b8d4-72c89c73fe78","MANIFEST_BOUND","hmail-perf-pair-service-20260901","06EFCBA9520D478A6DAC7ABB7F09F3B63D015A0CD5ECA1EB4D0FD2CC8C38F9FD","cpp","hmail_perf_pair_cpp_20260831_head3","C:\hmail-perf-pair-service-20260901\cpp\Data","B3DF9E8BBF4BEDB1102C94DF7C86356E1FEABCBC02A18E8EABEB1EA1453D09B8",,,"one TCP client and one sequential IMAP session per sample","0","PASS","45FA907CE0D3797C1E13EBB2F03F076A25656CCE27E801C18F745ACD3944FBBD","5136EEC556F9790732AE759EF52F77FE6172329EA55787A80300C4A824107E46","1","893","False","False","2067.229","Hedef makine etkin olarak reddetti?inden ba?lant? kurulamad? 127.0.0.1:1143","False","0","False","False","0","False"
"d02f514d-e0e9-491f-b8d4-72c89c73fe78","MANIFEST_BOUND","hmail-perf-pair-service-20260901","06EFCBA9520D478A6DAC7ABB7F09F3B63D015A0CD5ECA1EB4D0FD2CC8C38F9FD","cpp","hmail_perf_pair_cpp_20260831_head3","C:\hmail-perf-pair-service-20260901\cpp\Data","B3DF9E8BBF4BEDB1102C94DF7C86356E1FEABCBC02A18E8EABEB1EA1453D09B8",,,"one TCP client and one sequential IMAP session per sample","0","PASS","45FA907CE0D3797C1E13EBB2F03F076A25656CCE27E801C18F745ACD3944FBBD","5136EEC556F9790732AE759EF52F77FE6172329EA55787A80300C4A824107E46","1","894","False","False","2067.248","Hedef makine etkin olarak reddetti?inden ba?lant? kurulamad? 127.0.0.1:1143","False","0","False","False","0","False"
"d02f514d-e0e9-491f-b8d4-72c89c73fe78","MANIFEST_BOUND","hmail-perf-pair-service-20260901","06EFCBA9520D478A6DAC7ABB7F09F3B63D015A0CD5ECA1EB4D0FD2CC8C38F9FD","cpp","hmail_perf_pair_cpp_20260831_head3","C:\hmail-perf-pair-service-20260901\cpp\Data","B3DF9E8BBF4BEDB1102C94DF7C86356E1FEABCBC02A18E8EABEB1EA1453D09B8",,,"one TCP client and one sequential IMAP session per sample","0","PASS","45FA907CE0D3797C1E13EBB2F03F076A25656CCE27E801C18F745ACD3944FBBD","5136EEC556F9790732AE759EF52F77FE6172329EA55787A80300C4A824107E46","1","895","False","False","2067.164","Hedef makine etkin olarak reddetti?inden ba?lant? kurulamad? 127.0.0.1:1143","False","0","False","False","0","False"
"d02f514d-e0e9-491f-b8d4-72c89c73fe78","MANIFEST_BOUND","hmail-perf-pair-service-20260901","06EFCBA9520D478A6DAC7ABB7F09F3B63D015A0CD5ECA1EB4D0FD2CC8C38F9FD","cpp","hmail_perf_pair_cpp_20260831_head3","C:\hmail-perf-pair-service-20260901\cpp\Data","B3DF9E8BBF4BEDB1102C94DF7C86356E1FEABCBC02A18E8EABEB1EA1453D09B8",,,"one TCP client and one sequential IMAP session per sample","0","PASS","45FA907CE0D3797C1E13EBB2F03F076A25656CCE27E801C18F745ACD3944FBBD","5136EEC556F9790732AE759EF52F77FE6172329EA55787A80300C4A824107E46","1","896","False","False","2061.667","Hedef makine etkin olarak reddetti?inden ba?lant? kurulamad? 127.0.0.1:1143","False","0","False","False","0","False"
"d02f514d-e0e9-491f-b8d4-72c89c73fe78","MANIFEST_BOUND","hmail-perf-pair-service-20260901","06EFCBA9520D478A6DAC7ABB7F09F3B63D015A0CD5ECA1EB4D0FD2CC8C38F9FD","cpp","hmail_perf_pair_cpp_20260831_head3","C:\hmail-perf-pair-service-20260901\cpp\Data","B3DF9E8BBF4BEDB1102C94DF7C86356E1FEABCBC02A18E8EABEB1EA1453D09B8",,,"one TCP client and one sequential IMAP session per sample","0","PASS","45FA907CE0D3797C1E13EBB2F03F076A25656CCE27E801C18F745ACD3944FBBD","5136EEC556F9790732AE759EF52F77FE6172329EA55787A80300C4A824107E46","1","897","False","False","2060.365","Hedef makine etkin olarak reddetti?inden ba?lant? kurulamad? 127.0.0.1:1143","False","0","False","False","0","False"
"d02f514d-e0e9-491f-b8d4-72c89c73fe78","MANIFEST_BOUND","hmail-perf-pair-service-20260901","06EFCBA9520D478A6DAC7ABB7F09F3B63D015A0CD5ECA1EB4D0FD2CC8C38F9FD","cpp","hmail_perf_pair_cpp_20260831_head3","C:\hmail-perf-pair-service-20260901\cpp\Data","B3DF9E8BBF4BEDB1102C94DF7C86356E1FEABCBC02A18E8EABEB1EA1453D09B8",,,"one TCP client and one sequential IMAP session per sample","0","PASS","45FA907CE0D3797C1E13EBB2F03F076A25656CCE27E801C18F745ACD3944FBBD","5136EEC556F9790732AE759EF52F77FE6172329EA55787A80300C4A824107E46","1","898","False","False","2060.583","Hedef makine etkin olarak reddetti?inden ba?lant? kurulamad? 127.0.0.1:1143","False","0","False","False","0","False"
"d02f514d-e0e9-491f-b8d4-72c89c73fe78","MANIFEST_BOUND","hmail-perf-pair-service-20260901","06EFCBA9520D478A6DAC7ABB7F09F3B63D015A0CD5ECA1EB4D0FD2CC8C38F9FD","cpp","hmail_perf_pair_cpp_20260831_head3","C:\hmail-perf-pair-service-20260901\cpp\Data","B3DF9E8BBF4BEDB1102C94DF7C86356E1FEABCBC02A18E8EABEB1EA1453D09B8",,,"one TCP client and one sequential IMAP session per sample","0","PASS","45FA907CE0D3797C1E13EBB2F03F076A25656CCE27E801C18F745ACD3944FBBD","5136EEC556F9790732AE759EF52F77FE6172329EA55787A80300C4A824107E46","1","899","False","False","2069.593","Hedef makine etkin olarak reddetti?inden ba?lant? kurulamad? 127.0.0.1:1143","False","0","False","False","0","False"
"d02f514d-e0e9-491f-b8d4-72c89c73fe78","MANIFEST_BOUND","hmail-perf-pair-service-20260901","06EFCBA9520D478A6DAC7ABB7F09F3B63D015A0CD5ECA1EB4D0FD2CC8C38F9FD","cpp","hmail_perf_pair_cpp_20260831_head3","C:\hmail-perf-pair-service-20260901\cpp\Data","B3DF9E8BBF4BEDB1102C94DF7C86356E1FEABCBC02A18E8EABEB1EA1453D09B8",,,"one TCP client and one sequential IMAP session per sample","0","PASS","45FA907CE0D3797C1E13EBB2F03F076A25656CCE27E801C18F745ACD3944FBBD","5136EEC556F9790732AE759EF52F77FE6172329EA55787A80300C4A824107E46","1","900","False","False","2066.731","Hedef makine etkin olarak reddetti?inden ba?lant? kurulamad? 127.0.0.1:1143","False","0","False","False","0","False"
"d02f514d-e0e9-491f-b8d4-72c89c73fe78","MANIFEST_BOUND","hmail-perf-pair-service-20260901","06EFCBA9520D478A6DAC7ABB7F09F3B63D015A0CD5ECA1EB4D0FD2CC8C38F9FD","cpp","hmail_perf_pair_cpp_20260831_head3","C:\hmail-perf-pair-service-20260901\cpp\Data","B3DF9E8BBF4BEDB1102C94DF7C86356E1FEABCBC02A18E8EABEB1EA1453D09B8",,,"one TCP client and one sequential IMAP session per sample","0","PASS","45FA907CE0D3797C1E13EBB2F03F076A25656CCE27E801C18F745ACD3944FBBD","5136EEC556F9790732AE759EF52F77FE6172329EA55787A80300C4A824107E46","1","901","False","False","2061.469","Hedef makine etkin olarak reddetti?inden ba?lant? kurulamad? 127.0.0.1:1143","False","0","False","False","0","False"
"d02f514d-e0e9-491f-b8d4-72c89c73fe78","MANIFEST_BOUND","hmail-perf-pair-service-20260901","06EFCBA9520D478A6DAC7ABB7F09F3B63D015A0CD5ECA1EB4D0FD2CC8C38F9FD","cpp","hmail_perf_pair_cpp_20260831_head3","C:\hmail-perf-pair-service-20260901\cpp\Data","B3DF9E8BBF4BEDB1102C94DF7C86356E1FEABCBC02A18E8EABEB1EA1453D09B8",,,"one TCP client and one sequential IMAP session per sample","0","PASS","45FA907CE0D3797C1E13EBB2F03F076A25656CCE27E801C18F745ACD3944FBBD","5136EEC556F9790732AE759EF52F77FE6172329EA55787A80300C4A824107E46","1","902","False","False","2066.927","Hedef makine etkin olarak reddetti?inden ba?lant? kurulamad? 127.0.0.1:1143","False","0","False","False","0","False"
"d02f514d-e0e9-491f-b8d4-72c89c73fe78","MANIFEST_BOUND","hmail-perf-pair-service-20260901","06EFCBA9520D478A6DAC7ABB7F09F3B63D015A0CD5ECA1EB4D0FD2CC8C38F9FD","cpp","hmail_perf_pair_cpp_20260831_head3","C:\hmail-perf-pair-service-20260901\cpp\Data","B3DF9E8BBF4BEDB1102C94DF7C86356E1FEABCBC02A18E8EABEB1EA1453D09B8",,,"one TCP client and one sequential IMAP session per sample","0","PASS","45FA907CE0D3797C1E13EBB2F03F076A25656CCE27E801C18F745ACD3944FBBD","5136EEC556F9790732AE759EF52F77FE6172329EA55787A80300C4A824107E46","1","903","False","False","2069.24","Hedef makine etkin olarak reddetti?inden ba?lant? kurulamad? 127.0.0.1:1143","False","0","False","False","0","False"
"d02f514d-e0e9-491f-b8d4-72c89c73fe78","MANIFEST_BOUND","hmail-perf-pair-service-20260901","06EFCBA9520D478A6DAC7ABB7F09F3B63D015A0CD5ECA1EB4D0FD2CC8C38F9FD","cpp","hmail_perf_pair_cpp_20260831_head3","C:\hmail-perf-pair-service-20260901\cpp\Data","B3DF9E8BBF4BEDB1102C94DF7C86356E1FEABCBC02A18E8EABEB1EA1453D09B8",,,"one TCP client and one sequential IMAP session per sample","0","PASS","45FA907CE0D3797C1E13EBB2F03F076A25656CCE27E801C18F745ACD3944FBBD","5136EEC556F9790732AE759EF52F77FE6172329EA55787A80300C4A824107E46","1","904","False","False","2061.482","Hedef makine etkin olarak reddetti?inden ba?lant? kurulamad? 127.0.0.1:1143","False","0","False","False","0","False"
"d02f514d-e0e9-491f-b8d4-72c89c73fe78","MANIFEST_BOUND","hmail-perf-pair-service-20260901","06EFCBA9520D478A6DAC7ABB7F09F3B63D015A0CD5ECA1EB4D0FD2CC8C38F9FD","cpp","hmail_perf_pair_cpp_20260831_head3","C:\hmail-perf-pair-service-20260901\cpp\Data","B3DF9E8BBF4BEDB1102C94DF7C86356E1FEABCBC02A18E8EABEB1EA1453D09B8",,,"one TCP client and one sequential IMAP session per sample","0","PASS","45FA907CE0D3797C1E13EBB2F03F076A25656CCE27E801C18F745ACD3944FBBD","5136EEC556F9790732AE759EF52F77FE6172329EA55787A80300C4A824107E46","1","905","False","False","2060.283","Hedef makine etkin olarak reddetti?inden ba?lant? kurulamad? 127.0.0.1:1143","False","0","False","False","0","False"
"d02f514d-e0e9-491f-b8d4-72c89c73fe78","MANIFEST_BOUND","hmail-perf-pair-service-20260901","06EFCBA9520D478A6DAC7ABB7F09F3B63D015A0CD5ECA1EB4D0FD2CC8C38F9FD","cpp","hmail_perf_pair_cpp_20260831_head3","C:\hmail-perf-pair-service-20260901\cpp\Data","B3DF9E8BBF4BEDB1102C94DF7C86356E1FEABCBC02A18E8EABEB1EA1453D09B8",,,"one TCP client and one sequential IMAP session per sample","0","PASS","45FA907CE0D3797C1E13EBB2F03F076A25656CCE27E801C18F745ACD3944FBBD","5136EEC556F9790732AE759EF52F77FE6172329EA55787A80300C4A824107E46","1","906","False","False","2062.032","Hedef makine etkin olarak reddetti?inden ba?lant? kurulamad? 127.0.0.1:1143","False","0","False","False","0","False"
"d02f514d-e0e9-491f-b8d4-72c89c73fe78","MANIFEST_BOUND","hmail-perf-pair-service-20260901","06EFCBA9520D478A6DAC7ABB7F09F3B63D015A0CD5ECA1EB4D0FD2CC8C38F9FD","cpp","hmail_perf_pair_cpp_20260831_head3","C:\hmail-perf-pair-service-20260901\cpp\Data","B3DF9E8BBF4BEDB1102C94DF7C86356E1FEABCBC02A18E8EABEB1EA1453D09B8",,,"one TCP client and one sequential IMAP session per sample","0","PASS","45FA907CE0D3797C1E13EBB2F03F076A25656CCE27E801C18F745ACD3944FBBD","5136EEC556F9790732AE759EF52F77FE6172329EA55787A80300C4A824107E46","1","907","False","False","2060.464","Hedef makine etkin olarak reddetti?inden ba?lant? kurulamad? 127.0.0.1:1143","False","0","False","False","0","False"
"d02f514d-e0e9-491f-b8d4-72c89c73fe78","MANIFEST_BOUND","hmail-perf-pair-service-20260901","06EFCBA9520D478A6DAC7ABB7F09F3B63D015A0CD5ECA1EB4D0FD2CC8C38F9FD","cpp","hmail_perf_pair_cpp_20260831_head3","C:\hmail-perf-pair-service-20260901\cpp\Data","B3DF9E8BBF4BEDB1102C94DF7C86356E1FEABCBC02A18E8EABEB1EA1453D09B8",,,"one TCP client and one sequential IMAP session per sample","0","PASS","45FA907CE0D3797C1E13EBB2F03F076A25656CCE27E801C18F745ACD3944FBBD","5136EEC556F9790732AE759EF52F77FE6172329EA55787A80300C4A824107E46","1","908","False","False","2066.983","Hedef makine etkin olarak reddetti?inden ba?lant? kurulamad? 127.0.0.1:1143","False","0","False","False","0","False"
"d02f514d-e0e9-491f-b8d4-72c89c73fe78","MANIFEST_BOUND","hmail-perf-pair-service-20260901","06EFCBA9520D478A6DAC7ABB7F09F3B63D015A0CD5ECA1EB4D0FD2CC8C38F9FD","cpp","hmail_perf_pair_cpp_20260831_head3","C:\hmail-perf-pair-service-20260901\cpp\Data","B3DF9E8BBF4BEDB1102C94DF7C86356E1FEABCBC02A18E8EABEB1EA1453D09B8",,,"one TCP client and one sequential IMAP session per sample","0","PASS","45FA907CE0D3797C1E13EBB2F03F076A25656CCE27E801C18F745ACD3944FBBD","5136EEC556F9790732AE759EF52F77FE6172329EA55787A80300C4A824107E46","1","909","False","False","2060.408","Hedef makine etkin olarak reddetti?inden ba?lant? kurulamad? 127.0.0.1:1143","False","0","False","False","0","False"
"d02f514d-e0e9-491f-b8d4-72c89c73fe78","MANIFEST_BOUND","hmail-perf-pair-service-20260901","06EFCBA9520D478A6DAC7ABB7F09F3B63D015A0CD5ECA1EB4D0FD2CC8C38F9FD","cpp","hmail_perf_pair_cpp_20260831_head3","C:\hmail-perf-pair-service-20260901\cpp\Data","B3DF9E8BBF4BEDB1102C94DF7C86356E1FEABCBC02A18E8EABEB1EA1453D09B8",,,"one TCP client and one sequential IMAP session per sample","0","PASS","45FA907CE0D3797C1E13EBB2F03F076A25656CCE27E801C18F745ACD3944FBBD","5136EEC556F9790732AE759EF52F77FE6172329EA55787A80300C4A824107E46","1","910","False","False","2066.868","Hedef makine etkin olarak reddetti?inden ba?lant? kurulamad? 127.0.0.1:1143","False","0","False","False","0","False"
"d02f514d-e0e9-491f-b8d4-72c89c73fe78","MANIFEST_BOUND","hmail-perf-pair-service-20260901","06EFCBA9520D478A6DAC7ABB7F09F3B63D015A0CD5ECA1EB4D0FD2CC8C38F9FD","cpp","hmail_perf_pair_cpp_20260831_head3","C:\hmail-perf-pair-service-20260901\cpp\Data","B3DF9E8BBF4BEDB1102C94DF7C86356E1FEABCBC02A18E8EABEB1EA1453D09B8",,,"one TCP client and one sequential IMAP session per sample","0","PASS","45FA907CE0D3797C1E13EBB2F03F076A25656CCE27E801C18F745ACD3944FBBD","5136EEC556F9790732AE759EF52F77FE6172329EA55787A80300C4A824107E46","1","911","False","False","2069.149","Hedef makine etkin olarak reddetti?inden ba?lant? kurulamad? 127.0.0.1:1143","False","0","False","False","0","False"
"d02f514d-e0e9-491f-b8d4-72c89c73fe78","MANIFEST_BOUND","hmail-perf-pair-service-20260901","06EFCBA9520D478A6DAC7ABB7F09F3B63D015A0CD5ECA1EB4D0FD2CC8C38F9FD","cpp","hmail_perf_pair_cpp_20260831_head3","C:\hmail-perf-pair-service-20260901\cpp\Data","B3DF9E8BBF4BEDB1102C94DF7C86356E1FEABCBC02A18E8EABEB1EA1453D09B8",,,"one TCP client and one sequential IMAP session per sample","0","PASS","45FA907CE0D3797C1E13EBB2F03F076A25656CCE27E801C18F745ACD3944FBBD","5136EEC556F9790732AE759EF52F77FE6172329EA55787A80300C4A824107E46","1","912","False","False","2066.588","Hedef makine etkin olarak reddetti?inden ba?lant? kurulamad? 127.0.0.1:1143","False","0","False","False","0","False"
"d02f514d-e0e9-491f-b8d4-72c89c73fe78","MANIFEST_BOUND","hmail-perf-pair-service-20260901","06EFCBA9520D478A6DAC7ABB7F09F3B63D015A0CD5ECA1EB4D0FD2CC8C38F9FD","cpp","hmail_perf_pair_cpp_20260831_head3","C:\hmail-perf-pair-service-20260901\cpp\Data","B3DF9E8BBF4BEDB1102C94DF7C86356E1FEABCBC02A18E8EABEB1EA1453D09B8",,,"one TCP client and one sequential IMAP session per sample","0","PASS","45FA907CE0D3797C1E13EBB2F03F076A25656CCE27E801C18F745ACD3944FBBD","5136EEC556F9790732AE759EF52F77FE6172329EA55787A80300C4A824107E46","1","913","False","False","2062.967","Hedef makine etkin olarak reddetti?inden ba?lant? kurulamad? 127.0.0.1:1143","False","0","False","False","0","False"
"d02f514d-e0e9-491f-b8d4-72c89c73fe78","MANIFEST_BOUND","hmail-perf-pair-service-20260901","06EFCBA9520D478A6DAC7ABB7F09F3B63D015A0CD5ECA1EB4D0FD2CC8C38F9FD","cpp","hmail_perf_pair_cpp_20260831_head3","C:\hmail-perf-pair-service-20260901\cpp\Data","B3DF9E8BBF4BEDB1102C94DF7C86356E1FEABCBC02A18E8EABEB1EA1453D09B8",,,"one TCP client and one sequential IMAP session per sample","0","PASS","45FA907CE0D3797C1E13EBB2F03F076A25656CCE27E801C18F745ACD3944FBBD","5136EEC556F9790732AE759EF52F77FE6172329EA55787A80300C4A824107E46","1","914","False","False","2061.564","Hedef makine etkin olarak reddetti?inden ba?lant? kurulamad? 127.0.0.1:1143","False","0","False","False","0","False"
"d02f514d-e0e9-491f-b8d4-72c89c73fe78","MANIFEST_BOUND","hmail-perf-pair-service-20260901","06EFCBA9520D478A6DAC7ABB7F09F3B63D015A0CD5ECA1EB4D0FD2CC8C38F9FD","cpp","hmail_perf_pair_cpp_20260831_head3","C:\hmail-perf-pair-service-20260901\cpp\Data","B3DF9E8BBF4BEDB1102C94DF7C86356E1FEABCBC02A18E8EABEB1EA1453D09B8",,,"one TCP client and one sequential IMAP session per sample","0","PASS","45FA907CE0D3797C1E13EBB2F03F076A25656CCE27E801C18F745ACD3944FBBD","5136EEC556F9790732AE759EF52F77FE6172329EA55787A80300C4A824107E46","1","915","False","False","2061.403","Hedef makine etkin olarak reddetti?inden ba?lant? kurulamad? 127.0.0.1:1143","False","0","False","False","0","False"
"d02f514d-e0e9-491f-b8d4-72c89c73fe78","MANIFEST_BOUND","hmail-perf-pair-service-20260901","06EFCBA9520D478A6DAC7ABB7F09F3B63D015A0CD5ECA1EB4D0FD2CC8C38F9FD","cpp","hmail_perf_pair_cpp_20260831_head3","C:\hmail-perf-pair-service-20260901\cpp\Data","B3DF9E8BBF4BEDB1102C94DF7C86356E1FEABCBC02A18E8EABEB1EA1453D09B8",,,"one TCP client and one sequential IMAP session per sample","0","PASS","45FA907CE0D3797C1E13EBB2F03F076A25656CCE27E801C18F745ACD3944FBBD","5136EEC556F9790732AE759EF52F77FE6172329EA55787A80300C4A824107E46","1","916","False","False","2069.319","Hedef makine etkin olarak reddetti?inden ba?lant? kurulamad? 127.0.0.1:1143","False","0","False","False","0","False"
"d02f514d-e0e9-491f-b8d4-72c89c73fe78","MANIFEST_BOUND","hmail-perf-pair-service-20260901","06EFCBA9520D478A6DAC7ABB7F09F3B63D015A0CD5ECA1EB4D0FD2CC8C38F9FD","cpp","hmail_perf_pair_cpp_20260831_head3","C:\hmail-perf-pair-service-20260901\cpp\Data","B3DF9E8BBF4BEDB1102C94DF7C86356E1FEABCBC02A18E8EABEB1EA1453D09B8",,,"one TCP client and one sequential IMAP session per sample","0","PASS","45FA907CE0D3797C1E13EBB2F03F076A25656CCE27E801C18F745ACD3944FBBD","5136EEC556F9790732AE759EF52F77FE6172329EA55787A80300C4A824107E46","1","917","False","False","2066.951","Hedef makine etkin olarak reddetti?inden ba?lant? kurulamad? 127.0.0.1:1143","False","0","False","False","0","False"
"d02f514d-e0e9-491f-b8d4-72c89c73fe78","MANIFEST_BOUND","hmail-perf-pair-service-20260901","06EFCBA9520D478A6DAC7ABB7F09F3B63D015A0CD5ECA1EB4D0FD2CC8C38F9FD","cpp","hmail_perf_pair_cpp_20260831_head3","C:\hmail-perf-pair-service-20260901\cpp\Data","B3DF9E8BBF4BEDB1102C94DF7C86356E1FEABCBC02A18E8EABEB1EA1453D09B8",,,"one TCP client and one sequential IMAP session per sample","0","PASS","45FA907CE0D3797C1E13EBB2F03F076A25656CCE27E801C18F745ACD3944FBBD","5136EEC556F9790732AE759EF52F77FE6172329EA55787A80300C4A824107E46","1","918","False","False","2068.939","Hedef makine etkin olarak reddetti?inden ba?lant? kurulamad? 127.0.0.1:1143","False","0","False","False","0","False"
"d02f514d-e0e9-491f-b8d4-72c89c73fe78","MANIFEST_BOUND","hmail-perf-pair-service-20260901","06EFCBA9520D478A6DAC7ABB7F09F3B63D015A0CD5ECA1EB4D0FD2CC8C38F9FD","cpp","hmail_perf_pair_cpp_20260831_head3","C:\hmail-perf-pair-service-20260901\cpp\Data","B3DF9E8BBF4BEDB1102C94DF7C86356E1FEABCBC02A18E8EABEB1EA1453D09B8",,,"one TCP client and one sequential IMAP session per sample","0","PASS","45FA907CE0D3797C1E13EBB2F03F076A25656CCE27E801C18F745ACD3944FBBD","5136EEC556F9790732AE759EF52F77FE6172329EA55787A80300C4A824107E46","1","919","False","False","2068.402","Hedef makine etkin olarak reddetti?inden ba?lant? kurulamad? 127.0.0.1:1143","False","0","False","False","0","False"
"d02f514d-e0e9-491f-b8d4-72c89c73fe78","MANIFEST_BOUND","hmail-perf-pair-service-20260901","06EFCBA9520D478A6DAC7ABB7F09F3B63D015A0CD5ECA1EB4D0FD2CC8C38F9FD","cpp","hmail_perf_pair_cpp_20260831_head3","C:\hmail-perf-pair-service-20260901\cpp\Data","B3DF9E8BBF4BEDB1102C94DF7C86356E1FEABCBC02A18E8EABEB1EA1453D09B8",,,"one TCP client and one sequential IMAP session per sample","0","PASS","45FA907CE0D3797C1E13EBB2F03F076A25656CCE27E801C18F745ACD3944FBBD","5136EEC556F9790732AE759EF52F77FE6172329EA55787A80300C4A824107E46","1","920","False","False","2061.774","Hedef makine etkin olarak reddetti?inden ba?lant? kurulamad? 127.0.0.1:1143","False","0","False","False","0","False"
"d02f514d-e0e9-491f-b8d4-72c89c73fe78","MANIFEST_BOUND","hmail-perf-pair-service-20260901","06EFCBA9520D478A6DAC7ABB7F09F3B63D015A0CD5ECA1EB4D0FD2CC8C38F9FD","cpp","hmail_perf_pair_cpp_20260831_head3","C:\hmail-perf-pair-service-20260901\cpp\Data","B3DF9E8BBF4BEDB1102C94DF7C86356E1FEABCBC02A18E8EABEB1EA1453D09B8",,,"one TCP client and one sequential IMAP session per sample","0","PASS","45FA907CE0D3797C1E13EBB2F03F076A25656CCE27E801C18F745ACD3944FBBD","5136EEC556F9790732AE759EF52F77FE6172329EA55787A80300C4A824107E46","1","921","False","False","2068.842","Hedef makine etkin olarak reddetti?inden ba?lant? kurulamad? 127.0.0.1:1143","False","0","False","False","0","False"
"d02f514d-e0e9-491f-b8d4-72c89c73fe78","MANIFEST_BOUND","hmail-perf-pair-service-20260901","06EFCBA9520D478A6DAC7ABB7F09F3B63D015A0CD5ECA1EB4D0FD2CC8C38F9FD","cpp","hmail_perf_pair_cpp_20260831_head3","C:\hmail-perf-pair-service-20260901\cpp\Data","B3DF9E8BBF4BEDB1102C94DF7C86356E1FEABCBC02A18E8EABEB1EA1453D09B8",,,"one TCP client and one sequential IMAP session per sample","0","PASS","45FA907CE0D3797C1E13EBB2F03F076A25656CCE27E801C18F745ACD3944FBBD","5136EEC556F9790732AE759EF52F77FE6172329EA55787A80300C4A824107E46","1","922","False","False","2061.158","Hedef makine etkin olarak reddetti?inden ba?lant? kurulamad? 127.0.0.1:1143","False","0","False","False","0","False"
"d02f514d-e0e9-491f-b8d4-72c89c73fe78","MANIFEST_BOUND","hmail-perf-pair-service-20260901","06EFCBA9520D478A6DAC7ABB7F09F3B63D015A0CD5ECA1EB4D0FD2CC8C38F9FD","cpp","hmail_perf_pair_cpp_20260831_head3","C:\hmail-perf-pair-service-20260901\cpp\Data","B3DF9E8BBF4BEDB1102C94DF7C86356E1FEABCBC02A18E8EABEB1EA1453D09B8",,,"one TCP client and one sequential IMAP session per sample","0","PASS","45FA907CE0D3797C1E13EBB2F03F076A25656CCE27E801C18F745ACD3944FBBD","5136EEC556F9790732AE759EF52F77FE6172329EA55787A80300C4A824107E46","1","923","False","False","2059.896","Hedef makine etkin olarak reddetti?inden ba?lant? kurulamad? 127.0.0.1:1143","False","0","False","False","0","False"
"d02f514d-e0e9-491f-b8d4-72c89c73fe78","MANIFEST_BOUND","hmail-perf-pair-service-20260901","06EFCBA9520D478A6DAC7ABB7F09F3B63D015A0CD5ECA1EB4D0FD2CC8C38F9FD","cpp","hmail_perf_pair_cpp_20260831_head3","C:\hmail-perf-pair-service-20260901\cpp\Data","B3DF9E8BBF4BEDB1102C94DF7C86356E1FEABCBC02A18E8EABEB1EA1453D09B8",,,"one TCP client and one sequential IMAP session per sample","0","PASS","45FA907CE0D3797C1E13EBB2F03F076A25656CCE27E801C18F745ACD3944FBBD","5136EEC556F9790732AE759EF52F77FE6172329EA55787A80300C4A824107E46","1","924","False","False","2069.875","Hedef makine etkin olarak reddetti?inden ba?lant? kurulamad? 127.0.0.1:1143","False","0","False","False","0","False"
"d02f514d-e0e9-491f-b8d4-72c89c73fe78","MANIFEST_BOUND","hmail-perf-pair-service-20260901","06EFCBA9520D478A6DAC7ABB7F09F3B63D015A0CD5ECA1EB4D0FD2CC8C38F9FD","cpp","hmail_perf_pair_cpp_20260831_head3","C:\hmail-perf-pair-service-20260901\cpp\Data","B3DF9E8BBF4BEDB1102C94DF7C86356E1FEABCBC02A18E8EABEB1EA1453D09B8",,,"one TCP client and one sequential IMAP session per sample","0","PASS","45FA907CE0D3797C1E13EBB2F03F076A25656CCE27E801C18F745ACD3944FBBD","5136EEC556F9790732AE759EF52F77FE6172329EA55787A80300C4A824107E46","1","925","False","False","2066.735","Hedef makine etkin olarak reddetti?inden ba?lant? kurulamad? 127.0.0.1:1143","False","0","False","False","0","False"
"d02f514d-e0e9-491f-b8d4-72c89c73fe78","MANIFEST_BOUND","hmail-perf-pair-service-20260901","06EFCBA9520D478A6DAC7ABB7F09F3B63D015A0CD5ECA1EB4D0FD2CC8C38F9FD","cpp","hmail_perf_pair_cpp_20260831_head3","C:\hmail-perf-pair-service-20260901\cpp\Data","B3DF9E8BBF4BEDB1102C94DF7C86356E1FEABCBC02A18E8EABEB1EA1453D09B8",,,"one TCP client and one sequential IMAP session per sample","0","PASS","45FA907CE0D3797C1E13EBB2F03F076A25656CCE27E801C18F745ACD3944FBBD","5136EEC556F9790732AE759EF52F77FE6172329EA55787A80300C4A824107E46","1","926","False","False","2069.634","Hedef makine etkin olarak reddetti?inden ba?lant? kurulamad? 127.0.0.1:1143","False","0","False","False","0","False"
"d02f514d-e0e9-491f-b8d4-72c89c73fe78","MANIFEST_BOUND","hmail-perf-pair-service-20260901","06EFCBA9520D478A6DAC7ABB7F09F3B63D015A0CD5ECA1EB4D0FD2CC8C38F9FD","cpp","hmail_perf_pair_cpp_20260831_head3","C:\hmail-perf-pair-service-20260901\cpp\Data","B3DF9E8BBF4BEDB1102C94DF7C86356E1FEABCBC02A18E8EABEB1EA1453D09B8",,,"one TCP client and one sequential IMAP session per sample","0","PASS","45FA907CE0D3797C1E13EBB2F03F076A25656CCE27E801C18F745ACD3944FBBD","5136EEC556F9790732AE759EF52F77FE6172329EA55787A80300C4A824107E46","1","927","False","False","2068.68","Hedef makine etkin olarak reddetti?inden ba?lant? kurulamad? 127.0.0.1:1143","False","0","False","False","0","False"
"d02f514d-e0e9-491f-b8d4-72c89c73fe78","MANIFEST_BOUND","hmail-perf-pair-service-20260901","06EFCBA9520D478A6DAC7ABB7F09F3B63D015A0CD5ECA1EB4D0FD2CC8C38F9FD","cpp","hmail_perf_pair_cpp_20260831_head3","C:\hmail-perf-pair-service-20260901\cpp\Data","B3DF9E8BBF4BEDB1102C94DF7C86356E1FEABCBC02A18E8EABEB1EA1453D09B8",,,"one TCP client and one sequential IMAP session per sample","0","PASS","45FA907CE0D3797C1E13EBB2F03F076A25656CCE27E801C18F745ACD3944FBBD","5136EEC556F9790732AE759EF52F77FE6172329EA55787A80300C4A824107E46","1","928","False","False","2066.47","Hedef makine etkin olarak reddetti?inden ba?lant? kurulamad? 127.0.0.1:1143","False","0","False","False","0","False"
"d02f514d-e0e9-491f-b8d4-72c89c73fe78","MANIFEST_BOUND","hmail-perf-pair-service-20260901","06EFCBA9520D478A6DAC7ABB7F09F3B63D015A0CD5ECA1EB4D0FD2CC8C38F9FD","cpp","hmail_perf_pair_cpp_20260831_head3","C:\hmail-perf-pair-service-20260901\cpp\Data","B3DF9E8BBF4BEDB1102C94DF7C86356E1FEABCBC02A18E8EABEB1EA1453D09B8",,,"one TCP client and one sequential IMAP session per sample","0","PASS","45FA907CE0D3797C1E13EBB2F03F076A25656CCE27E801C18F745ACD3944FBBD","5136EEC556F9790732AE759EF52F77FE6172329EA55787A80300C4A824107E46","1","929","False","False","2059.671","Hedef makine etkin olarak reddetti?inden ba?lant? kurulamad? 127.0.0.1:1143","False","0","False","False","0","False"
"d02f514d-e0e9-491f-b8d4-72c89c73fe78","MANIFEST_BOUND","hmail-perf-pair-service-20260901","06EFCBA9520D478A6DAC7ABB7F09F3B63D015A0CD5ECA1EB4D0FD2CC8C38F9FD","cpp","hmail_perf_pair_cpp_20260831_head3","C:\hmail-perf-pair-service-20260901\cpp\Data","B3DF9E8BBF4BEDB1102C94DF7C86356E1FEABCBC02A18E8EABEB1EA1453D09B8",,,"one TCP client and one sequential IMAP session per sample","0","PASS","45FA907CE0D3797C1E13EBB2F03F076A25656CCE27E801C18F745ACD3944FBBD","5136EEC556F9790732AE759EF52F77FE6172329EA55787A80300C4A824107E46","1","930","False","False","2062.609","Hedef makine etkin olarak reddetti?inden ba?lant? kurulamad? 127.0.0.1:1143","False","0","False","False","0","False"
"d02f514d-e0e9-491f-b8d4-72c89c73fe78","MANIFEST_BOUND","hmail-perf-pair-service-20260901","06EFCBA9520D478A6DAC7ABB7F09F3B63D015A0CD5ECA1EB4D0FD2CC8C38F9FD","cpp","hmail_perf_pair_cpp_20260831_head3","C:\hmail-perf-pair-service-20260901\cpp\Data","B3DF9E8BBF4BEDB1102C94DF7C86356E1FEABCBC02A18E8EABEB1EA1453D09B8",,,"one TCP client and one sequential IMAP session per sample","0","PASS","45FA907CE0D3797C1E13EBB2F03F076A25656CCE27E801C18F745ACD3944FBBD","5136EEC556F9790732AE759EF52F77FE6172329EA55787A80300C4A824107E46","1","931","False","False","2062.404","Hedef makine etkin olarak reddetti?inden ba?lant? kurulamad? 127.0.0.1:1143","False","0","False","False","0","False"
"d02f514d-e0e9-491f-b8d4-72c89c73fe78","MANIFEST_BOUND","hmail-perf-pair-service-20260901","06EFCBA9520D478A6DAC7ABB7F09F3B63D015A0CD5ECA1EB4D0FD2CC8C38F9FD","cpp","hmail_perf_pair_cpp_20260831_head3","C:\hmail-perf-pair-service-20260901\cpp\Data","B3DF9E8BBF4BEDB1102C94DF7C86356E1FEABCBC02A18E8EABEB1EA1453D09B8",,,"one TCP client and one sequential IMAP session per sample","0","PASS","45FA907CE0D3797C1E13EBB2F03F076A25656CCE27E801C18F745ACD3944FBBD","5136EEC556F9790732AE759EF52F77FE6172329EA55787A80300C4A824107E46","1","932","False","False","2067.645","Hedef makine etkin olarak reddetti?inden ba?lant? kurulamad? 127.0.0.1:1143","False","0","False","False","0","False"
"d02f514d-e0e9-491f-b8d4-72c89c73fe78","MANIFEST_BOUND","hmail-perf-pair-service-20260901","06EFCBA9520D478A6DAC7ABB7F09F3B63D015A0CD5ECA1EB4D0FD2CC8C38F9FD","cpp","hmail_perf_pair_cpp_20260831_head3","C:\hmail-perf-pair-service-20260901\cpp\Data","B3DF9E8BBF4BEDB1102C94DF7C86356E1FEABCBC02A18E8EABEB1EA1453D09B8",,,"one TCP client and one sequential IMAP session per sample","0","PASS","45FA907CE0D3797C1E13EBB2F03F076A25656CCE27E801C18F745ACD3944FBBD","5136EEC556F9790732AE759EF52F77FE6172329EA55787A80300C4A824107E46","1","933","False","False","2066.613","Hedef makine etkin olarak reddetti?inden ba?lant? kurulamad? 127.0.0.1:1143","False","0","False","False","0","False"
"d02f514d-e0e9-491f-b8d4-72c89c73fe78","MANIFEST_BOUND","hmail-perf-pair-service-20260901","06EFCBA9520D478A6DAC7ABB7F09F3B63D015A0CD5ECA1EB4D0FD2CC8C38F9FD","cpp","hmail_perf_pair_cpp_20260831_head3","C:\hmail-perf-pair-service-20260901\cpp\Data","B3DF9E8BBF4BEDB1102C94DF7C86356E1FEABCBC02A18E8EABEB1EA1453D09B8",,,"one TCP client and one sequential IMAP session per sample","0","PASS","45FA907CE0D3797C1E13EBB2F03F076A25656CCE27E801C18F745ACD3944FBBD","5136EEC556F9790732AE759EF52F77FE6172329EA55787A80300C4A824107E46","1","934","False","False","2066.423","Hedef makine etkin olarak reddetti?inden ba?lant? kurulamad? 127.0.0.1:1143","False","0","False","False","0","False"
"d02f514d-e0e9-491f-b8d4-72c89c73fe78","MANIFEST_BOUND","hmail-perf-pair-service-20260901","06EFCBA9520D478A6DAC7ABB7F09F3B63D015A0CD5ECA1EB4D0FD2CC8C38F9FD","cpp","hmail_perf_pair_cpp_20260831_head3","C:\hmail-perf-pair-service-20260901\cpp\Data","B3DF9E8BBF4BEDB1102C94DF7C86356E1FEABCBC02A18E8EABEB1EA1453D09B8",,,"one TCP client and one sequential IMAP session per sample","0","PASS","45FA907CE0D3797C1E13EBB2F03F076A25656CCE27E801C18F745ACD3944FBBD","5136EEC556F9790732AE759EF52F77FE6172329EA55787A80300C4A824107E46","1","935","False","False","2068.301","Hedef makine etkin olarak reddetti?inden ba?lant? kurulamad? 127.0.0.1:1143","False","0","False","False","0","False"
"d02f514d-e0e9-491f-b8d4-72c89c73fe78","MANIFEST_BOUND","hmail-perf-pair-service-20260901","06EFCBA9520D478A6DAC7ABB7F09F3B63D015A0CD5ECA1EB4D0FD2CC8C38F9FD","cpp","hmail_perf_pair_cpp_20260831_head3","C:\hmail-perf-pair-service-20260901\cpp\Data","B3DF9E8BBF4BEDB1102C94DF7C86356E1FEABCBC02A18E8EABEB1EA1453D09B8",,,"one TCP client and one sequential IMAP session per sample","0","PASS","45FA907CE0D3797C1E13EBB2F03F076A25656CCE27E801C18F745ACD3944FBBD","5136EEC556F9790732AE759EF52F77FE6172329EA55787A80300C4A824107E46","1","936","False","False","2062.173","Hedef makine etkin olarak reddetti?inden ba?lant? kurulamad? 127.0.0.1:1143","False","0","False","False","0","False"
"d02f514d-e0e9-491f-b8d4-72c89c73fe78","MANIFEST_BOUND","hmail-perf-pair-service-20260901","06EFCBA9520D478A6DAC7ABB7F09F3B63D015A0CD5ECA1EB4D0FD2CC8C38F9FD","cpp","hmail_perf_pair_cpp_20260831_head3","C:\hmail-perf-pair-service-20260901\cpp\Data","B3DF9E8BBF4BEDB1102C94DF7C86356E1FEABCBC02A18E8EABEB1EA1453D09B8",,,"one TCP client and one sequential IMAP session per sample","0","PASS","45FA907CE0D3797C1E13EBB2F03F076A25656CCE27E801C18F745ACD3944FBBD","5136EEC556F9790732AE759EF52F77FE6172329EA55787A80300C4A824107E46","1","937","False","False","2059.588","Hedef makine etkin olarak reddetti?inden ba?lant? kurulamad? 127.0.0.1:1143","False","0","False","False","0","False"
"d02f514d-e0e9-491f-b8d4-72c89c73fe78","MANIFEST_BOUND","hmail-perf-pair-service-20260901","06EFCBA9520D478A6DAC7ABB7F09F3B63D015A0CD5ECA1EB4D0FD2CC8C38F9FD","cpp","hmail_perf_pair_cpp_20260831_head3","C:\hmail-perf-pair-service-20260901\cpp\Data","B3DF9E8BBF4BEDB1102C94DF7C86356E1FEABCBC02A18E8EABEB1EA1453D09B8",,,"one TCP client and one sequential IMAP session per sample","0","PASS","45FA907CE0D3797C1E13EBB2F03F076A25656CCE27E801C18F745ACD3944FBBD","5136EEC556F9790732AE759EF52F77FE6172329EA55787A80300C4A824107E46","1","938","False","False","2066.41","Hedef makine etkin olarak reddetti?inden ba?lant? kurulamad? 127.0.0.1:1143","False","0","False","False","0","False"
"d02f514d-e0e9-491f-b8d4-72c89c73fe78","MANIFEST_BOUND","hmail-perf-pair-service-20260901","06EFCBA9520D478A6DAC7ABB7F09F3B63D015A0CD5ECA1EB4D0FD2CC8C38F9FD","cpp","hmail_perf_pair_cpp_20260831_head3","C:\hmail-perf-pair-service-20260901\cpp\Data","B3DF9E8BBF4BEDB1102C94DF7C86356E1FEABCBC02A18E8EABEB1EA1453D09B8",,,"one TCP client and one sequential IMAP session per sample","0","PASS","45FA907CE0D3797C1E13EBB2F03F076A25656CCE27E801C18F745ACD3944FBBD","5136EEC556F9790732AE759EF52F77FE6172329EA55787A80300C4A824107E46","1","939","False","False","2060.202","Hedef makine etkin olarak reddetti?inden ba?lant? kurulamad? 127.0.0.1:1143","False","0","False","False","0","False"
"d02f514d-e0e9-491f-b8d4-72c89c73fe78","MANIFEST_BOUND","hmail-perf-pair-service-20260901","06EFCBA9520D478A6DAC7ABB7F09F3B63D015A0CD5ECA1EB4D0FD2CC8C38F9FD","cpp","hmail_perf_pair_cpp_20260831_head3","C:\hmail-perf-pair-service-20260901\cpp\Data","B3DF9E8BBF4BEDB1102C94DF7C86356E1FEABCBC02A18E8EABEB1EA1453D09B8",,,"one TCP client and one sequential IMAP session per sample","0","PASS","45FA907CE0D3797C1E13EBB2F03F076A25656CCE27E801C18F745ACD3944FBBD","5136EEC556F9790732AE759EF52F77FE6172329EA55787A80300C4A824107E46","1","940","False","False","2069.754","Hedef makine etkin olarak reddetti?inden ba?lant? kurulamad? 127.0.0.1:1143","False","0","False","False","0","False"
"d02f514d-e0e9-491f-b8d4-72c89c73fe78","MANIFEST_BOUND","hmail-perf-pair-service-20260901","06EFCBA9520D478A6DAC7ABB7F09F3B63D015A0CD5ECA1EB4D0FD2CC8C38F9FD","cpp","hmail_perf_pair_cpp_20260831_head3","C:\hmail-perf-pair-service-20260901\cpp\Data","B3DF9E8BBF4BEDB1102C94DF7C86356E1FEABCBC02A18E8EABEB1EA1453D09B8",,,"one TCP client and one sequential IMAP session per sample","0","PASS","45FA907CE0D3797C1E13EBB2F03F076A25656CCE27E801C18F745ACD3944FBBD","5136EEC556F9790732AE759EF52F77FE6172329EA55787A80300C4A824107E46","1","941","False","False","2069.871","Hedef makine etkin olarak reddetti?inden ba?lant? kurulamad? 127.0.0.1:1143","False","0","False","False","0","False"
"d02f514d-e0e9-491f-b8d4-72c89c73fe78","MANIFEST_BOUND","hmail-perf-pair-service-20260901","06EFCBA9520D478A6DAC7ABB7F09F3B63D015A0CD5ECA1EB4D0FD2CC8C38F9FD","cpp","hmail_perf_pair_cpp_20260831_head3","C:\hmail-perf-pair-service-20260901\cpp\Data","B3DF9E8BBF4BEDB1102C94DF7C86356E1FEABCBC02A18E8EABEB1EA1453D09B8",,,"one TCP client and one sequential IMAP session per sample","0","PASS","45FA907CE0D3797C1E13EBB2F03F076A25656CCE27E801C18F745ACD3944FBBD","5136EEC556F9790732AE759EF52F77FE6172329EA55787A80300C4A824107E46","1","942","False","False","2068.527","Hedef makine etkin olarak reddetti?inden ba?lant? kurulamad? 127.0.0.1:1143","False","0","False","False","0","False"
"d02f514d-e0e9-491f-b8d4-72c89c73fe78","MANIFEST_BOUND","hmail-perf-pair-service-20260901","06EFCBA9520D478A6DAC7ABB7F09F3B63D015A0CD5ECA1EB4D0FD2CC8C38F9FD","cpp","hmail_perf_pair_cpp_20260831_head3","C:\hmail-perf-pair-service-20260901\cpp\Data","B3DF9E8BBF4BEDB1102C94DF7C86356E1FEABCBC02A18E8EABEB1EA1453D09B8",,,"one TCP client and one sequential IMAP session per sample","0","PASS","45FA907CE0D3797C1E13EBB2F03F076A25656CCE27E801C18F745ACD3944FBBD","5136EEC556F9790732AE759EF52F77FE6172329EA55787A80300C4A824107E46","1","943","False","False","2066.5","Hedef makine etkin olarak reddetti?inden ba?lant? kurulamad? 127.0.0.1:1143","False","0","False","False","0","False"
"d02f514d-e0e9-491f-b8d4-72c89c73fe78","MANIFEST_BOUND","hmail-perf-pair-service-20260901","06EFCBA9520D478A6DAC7ABB7F09F3B63D015A0CD5ECA1EB4D0FD2CC8C38F9FD","cpp","hmail_perf_pair_cpp_20260831_head3","C:\hmail-perf-pair-service-20260901\cpp\Data","B3DF9E8BBF4BEDB1102C94DF7C86356E1FEABCBC02A18E8EABEB1EA1453D09B8",,,"one TCP client and one sequential IMAP session per sample","0","PASS","45FA907CE0D3797C1E13EBB2F03F076A25656CCE27E801C18F745ACD3944FBBD","5136EEC556F9790732AE759EF52F77FE6172329EA55787A80300C4A824107E46","1","944","False","False","2060.463","Hedef makine etkin olarak reddetti?inden ba?lant? kurulamad? 127.0.0.1:1143","False","0","False","False","0","False"
"d02f514d-e0e9-491f-b8d4-72c89c73fe78","MANIFEST_BOUND","hmail-perf-pair-service-20260901","06EFCBA9520D478A6DAC7ABB7F09F3B63D015A0CD5ECA1EB4D0FD2CC8C38F9FD","cpp","hmail_perf_pair_cpp_20260831_head3","C:\hmail-perf-pair-service-20260901\cpp\Data","B3DF9E8BBF4BEDB1102C94DF7C86356E1FEABCBC02A18E8EABEB1EA1453D09B8",,,"one TCP client and one sequential IMAP session per sample","0","PASS","45FA907CE0D3797C1E13EBB2F03F076A25656CCE27E801C18F745ACD3944FBBD","5136EEC556F9790732AE759EF52F77FE6172329EA55787A80300C4A824107E46","1","945","False","False","2060.179","Hedef makine etkin olarak reddetti?inden ba?lant? kurulamad? 127.0.0.1:1143","False","0","False","False","0","False"
"d02f514d-e0e9-491f-b8d4-72c89c73fe78","MANIFEST_BOUND","hmail-perf-pair-service-20260901","06EFCBA9520D478A6DAC7ABB7F09F3B63D015A0CD5ECA1EB4D0FD2CC8C38F9FD","cpp","hmail_perf_pair_cpp_20260831_head3","C:\hmail-perf-pair-service-20260901\cpp\Data","B3DF9E8BBF4BEDB1102C94DF7C86356E1FEABCBC02A18E8EABEB1EA1453D09B8",,,"one TCP client and one sequential IMAP session per sample","0","PASS","45FA907CE0D3797C1E13EBB2F03F076A25656CCE27E801C18F745ACD3944FBBD","5136EEC556F9790732AE759EF52F77FE6172329EA55787A80300C4A824107E46","1","946","False","False","2060.369","Hedef makine etkin olarak reddetti?inden ba?lant? kurulamad? 127.0.0.1:1143","False","0","False","False","0","False"
"d02f514d-e0e9-491f-b8d4-72c89c73fe78","MANIFEST_BOUND","hmail-perf-pair-service-20260901","06EFCBA9520D478A6DAC7ABB7F09F3B63D015A0CD5ECA1EB4D0FD2CC8C38F9FD","cpp","hmail_perf_pair_cpp_20260831_head3","C:\hmail-perf-pair-service-20260901\cpp\Data","B3DF9E8BBF4BEDB1102C94DF7C86356E1FEABCBC02A18E8EABEB1EA1453D09B8",,,"one TCP client and one sequential IMAP session per sample","0","PASS","45FA907CE0D3797C1E13EBB2F03F076A25656CCE27E801C18F745ACD3944FBBD","5136EEC556F9790732AE759EF52F77FE6172329EA55787A80300C4A824107E46","1","947","False","False","2066.069","Hedef makine etkin olarak reddetti?inden ba?lant? kurulamad? 127.0.0.1:1143","False","0","False","False","0","False"
"d02f514d-e0e9-491f-b8d4-72c89c73fe78","MANIFEST_BOUND","hmail-perf-pair-service-20260901","06EFCBA9520D478A6DAC7ABB7F09F3B63D015A0CD5ECA1EB4D0FD2CC8C38F9FD","cpp","hmail_perf_pair_cpp_20260831_head3","C:\hmail-perf-pair-service-20260901\cpp\Data","B3DF9E8BBF4BEDB1102C94DF7C86356E1FEABCBC02A18E8EABEB1EA1453D09B8",,,"one TCP client and one sequential IMAP session per sample","0","PASS","45FA907CE0D3797C1E13EBB2F03F076A25656CCE27E801C18F745ACD3944FBBD","5136EEC556F9790732AE759EF52F77FE6172329EA55787A80300C4A824107E46","1","948","False","False","2061.472","Hedef makine etkin olarak reddetti?inden ba?lant? kurulamad? 127.0.0.1:1143","False","0","False","False","0","False"
"d02f514d-e0e9-491f-b8d4-72c89c73fe78","MANIFEST_BOUND","hmail-perf-pair-service-20260901","06EFCBA9520D478A6DAC7ABB7F09F3B63D015A0CD5ECA1EB4D0FD2CC8C38F9FD","cpp","hmail_perf_pair_cpp_20260831_head3","C:\hmail-perf-pair-service-20260901\cpp\Data","B3DF9E8BBF4BEDB1102C94DF7C86356E1FEABCBC02A18E8EABEB1EA1453D09B8",,,"one TCP client and one sequential IMAP session per sample","0","PASS","45FA907CE0D3797C1E13EBB2F03F076A25656CCE27E801C18F745ACD3944FBBD","5136EEC556F9790732AE759EF52F77FE6172329EA55787A80300C4A824107E46","1","949","False","False","2067.008","Hedef makine etkin olarak reddetti?inden ba?lant? kurulamad? 127.0.0.1:1143","False","0","False","False","0","False"
"d02f514d-e0e9-491f-b8d4-72c89c73fe78","MANIFEST_BOUND","hmail-perf-pair-service-20260901","06EFCBA9520D478A6DAC7ABB7F09F3B63D015A0CD5ECA1EB4D0FD2CC8C38F9FD","cpp","hmail_perf_pair_cpp_20260831_head3","C:\hmail-perf-pair-service-20260901\cpp\Data","B3DF9E8BBF4BEDB1102C94DF7C86356E1FEABCBC02A18E8EABEB1EA1453D09B8",,,"one TCP client and one sequential IMAP session per sample","0","PASS","45FA907CE0D3797C1E13EBB2F03F076A25656CCE27E801C18F745ACD3944FBBD","5136EEC556F9790732AE759EF52F77FE6172329EA55787A80300C4A824107E46","1","950","False","False","2067.306","Hedef makine etkin olarak reddetti?inden ba?lant? kurulamad? 127.0.0.1:1143","False","0","False","False","0","False"
"d02f514d-e0e9-491f-b8d4-72c89c73fe78","MANIFEST_BOUND","hmail-perf-pair-service-20260901","06EFCBA9520D478A6DAC7ABB7F09F3B63D015A0CD5ECA1EB4D0FD2CC8C38F9FD","cpp","hmail_perf_pair_cpp_20260831_head3","C:\hmail-perf-pair-service-20260901\cpp\Data","B3DF9E8BBF4BEDB1102C94DF7C86356E1FEABCBC02A18E8EABEB1EA1453D09B8",,,"one TCP client and one sequential IMAP session per sample","0","PASS","45FA907CE0D3797C1E13EBB2F03F076A25656CCE27E801C18F745ACD3944FBBD","5136EEC556F9790732AE759EF52F77FE6172329EA55787A80300C4A824107E46","1","951","False","False","2060.356","Hedef makine etkin olarak reddetti?inden ba?lant? kurulamad? 127.0.0.1:1143","False","0","False","False","0","False"
"d02f514d-e0e9-491f-b8d4-72c89c73fe78","MANIFEST_BOUND","hmail-perf-pair-service-20260901","06EFCBA9520D478A6DAC7ABB7F09F3B63D015A0CD5ECA1EB4D0FD2CC8C38F9FD","cpp","hmail_perf_pair_cpp_20260831_head3","C:\hmail-perf-pair-service-20260901\cpp\Data","B3DF9E8BBF4BEDB1102C94DF7C86356E1FEABCBC02A18E8EABEB1EA1453D09B8",,,"one TCP client and one sequential IMAP session per sample","0","PASS","45FA907CE0D3797C1E13EBB2F03F076A25656CCE27E801C18F745ACD3944FBBD","5136EEC556F9790732AE759EF52F77FE6172329EA55787A80300C4A824107E46","1","952","False","False","2059.868","Hedef makine etkin olarak reddetti?inden ba?lant? kurulamad? 127.0.0.1:1143","False","0","False","False","0","False"
"d02f514d-e0e9-491f-b8d4-72c89c73fe78","MANIFEST_BOUND","hmail-perf-pair-service-20260901","06EFCBA9520D478A6DAC7ABB7F09F3B63D015A0CD5ECA1EB4D0FD2CC8C38F9FD","cpp","hmail_perf_pair_cpp_20260831_head3","C:\hmail-perf-pair-service-20260901\cpp\Data","B3DF9E8BBF4BEDB1102C94DF7C86356E1FEABCBC02A18E8EABEB1EA1453D09B8",,,"one TCP client and one sequential IMAP session per sample","0","PASS","45FA907CE0D3797C1E13EBB2F03F076A25656CCE27E801C18F745ACD3944FBBD","5136EEC556F9790732AE759EF52F77FE6172329EA55787A80300C4A824107E46","1","953","False","False","2058.734","Hedef makine etkin olarak reddetti?inden ba?lant? kurulamad? 127.0.0.1:1143","False","0","False","False","0","False"
"d02f514d-e0e9-491f-b8d4-72c89c73fe78","MANIFEST_BOUND","hmail-perf-pair-service-20260901","06EFCBA9520D478A6DAC7ABB7F09F3B63D015A0CD5ECA1EB4D0FD2CC8C38F9FD","cpp","hmail_perf_pair_cpp_20260831_head3","C:\hmail-perf-pair-service-20260901\cpp\Data","B3DF9E8BBF4BEDB1102C94DF7C86356E1FEABCBC02A18E8EABEB1EA1453D09B8",,,"one TCP client and one sequential IMAP session per sample","0","PASS","45FA907CE0D3797C1E13EBB2F03F076A25656CCE27E801C18F745ACD3944FBBD","5136EEC556F9790732AE759EF52F77FE6172329EA55787A80300C4A824107E46","1","954","False","False","2065.724","Hedef makine etkin olarak reddetti?inden ba?lant? kurulamad? 127.0.0.1:1143","False","0","False","False","0","False"
"d02f514d-e0e9-491f-b8d4-72c89c73fe78","MANIFEST_BOUND","hmail-perf-pair-service-20260901","06EFCBA9520D478A6DAC7ABB7F09F3B63D015A0CD5ECA1EB4D0FD2CC8C38F9FD","cpp","hmail_perf_pair_cpp_20260831_head3","C:\hmail-perf-pair-service-20260901\cpp\Data","B3DF9E8BBF4BEDB1102C94DF7C86356E1FEABCBC02A18E8EABEB1EA1453D09B8",,,"one TCP client and one sequential IMAP session per sample","0","PASS","45FA907CE0D3797C1E13EBB2F03F076A25656CCE27E801C18F745ACD3944FBBD","5136EEC556F9790732AE759EF52F77FE6172329EA55787A80300C4A824107E46","1","955","False","False","2063.115","Hedef makine etkin olarak reddetti?inden ba?lant? kurulamad? 127.0.0.1:1143","False","0","False","False","0","False"
"d02f514d-e0e9-491f-b8d4-72c89c73fe78","MANIFEST_BOUND","hmail-perf-pair-service-20260901","06EFCBA9520D478A6DAC7ABB7F09F3B63D015A0CD5ECA1EB4D0FD2CC8C38F9FD","cpp","hmail_perf_pair_cpp_20260831_head3","C:\hmail-perf-pair-service-20260901\cpp\Data","B3DF9E8BBF4BEDB1102C94DF7C86356E1FEABCBC02A18E8EABEB1EA1453D09B8",,,"one TCP client and one sequential IMAP session per sample","0","PASS","45FA907CE0D3797C1E13EBB2F03F076A25656CCE27E801C18F745ACD3944FBBD","5136EEC556F9790732AE759EF52F77FE6172329EA55787A80300C4A824107E46","1","956","False","False","2066.601","Hedef makine etkin olarak reddetti?inden ba?lant? kurulamad? 127.0.0.1:1143","False","0","False","False","0","False"
"d02f514d-e0e9-491f-b8d4-72c89c73fe78","MANIFEST_BOUND","hmail-perf-pair-service-20260901","06EFCBA9520D478A6DAC7ABB7F09F3B63D015A0CD5ECA1EB4D0FD2CC8C38F9FD","cpp","hmail_perf_pair_cpp_20260831_head3","C:\hmail-perf-pair-service-20260901\cpp\Data","B3DF9E8BBF4BEDB1102C94DF7C86356E1FEABCBC02A18E8EABEB1EA1453D09B8",,,"one TCP client and one sequential IMAP session per sample","0","PASS","45FA907CE0D3797C1E13EBB2F03F076A25656CCE27E801C18F745ACD3944FBBD","5136EEC556F9790732AE759EF52F77FE6172329EA55787A80300C4A824107E46","1","957","False","False","2066.898","Hedef makine etkin olarak reddetti?inden ba?lant? kurulamad? 127.0.0.1:1143","False","0","False","False","0","False"
"d02f514d-e0e9-491f-b8d4-72c89c73fe78","MANIFEST_BOUND","hmail-perf-pair-service-20260901","06EFCBA9520D478A6DAC7ABB7F09F3B63D015A0CD5ECA1EB4D0FD2CC8C38F9FD","cpp","hmail_perf_pair_cpp_20260831_head3","C:\hmail-perf-pair-service-20260901\cpp\Data","B3DF9E8BBF4BEDB1102C94DF7C86356E1FEABCBC02A18E8EABEB1EA1453D09B8",,,"one TCP client and one sequential IMAP session per sample","0","PASS","45FA907CE0D3797C1E13EBB2F03F076A25656CCE27E801C18F745ACD3944FBBD","5136EEC556F9790732AE759EF52F77FE6172329EA55787A80300C4A824107E46","1","958","False","False","2069.282","Hedef makine etkin olarak reddetti?inden ba?lant? kurulamad? 127.0.0.1:1143","False","0","False","False","0","False"
"d02f514d-e0e9-491f-b8d4-72c89c73fe78","MANIFEST_BOUND","hmail-perf-pair-service-20260901","06EFCBA9520D478A6DAC7ABB7F09F3B63D015A0CD5ECA1EB4D0FD2CC8C38F9FD","cpp","hmail_perf_pair_cpp_20260831_head3","C:\hmail-perf-pair-service-20260901\cpp\Data","B3DF9E8BBF4BEDB1102C94DF7C86356E1FEABCBC02A18E8EABEB1EA1453D09B8",,,"one TCP client and one sequential IMAP session per sample","0","PASS","45FA907CE0D3797C1E13EBB2F03F076A25656CCE27E801C18F745ACD3944FBBD","5136EEC556F9790732AE759EF52F77FE6172329EA55787A80300C4A824107E46","1","959","False","False","2064.837","Hedef makine etkin olarak reddetti?inden ba?lant? kurulamad? 127.0.0.1:1143","False","0","False","False","0","False"
"d02f514d-e0e9-491f-b8d4-72c89c73fe78","MANIFEST_BOUND","hmail-perf-pair-service-20260901","06EFCBA9520D478A6DAC7ABB7F09F3B63D015A0CD5ECA1EB4D0FD2CC8C38F9FD","cpp","hmail_perf_pair_cpp_20260831_head3","C:\hmail-perf-pair-service-20260901\cpp\Data","B3DF9E8BBF4BEDB1102C94DF7C86356E1FEABCBC02A18E8EABEB1EA1453D09B8",,,"one TCP client and one sequential IMAP session per sample","0","PASS","45FA907CE0D3797C1E13EBB2F03F076A25656CCE27E801C18F745ACD3944FBBD","5136EEC556F9790732AE759EF52F77FE6172329EA55787A80300C4A824107E46","1","960","False","False","2065.57","Hedef makine etkin olarak reddetti?inden ba?lant? kurulamad? 127.0.0.1:1143","False","0","False","False","0","False"
"d02f514d-e0e9-491f-b8d4-72c89c73fe78","MANIFEST_BOUND","hmail-perf-pair-service-20260901","06EFCBA9520D478A6DAC7ABB7F09F3B63D015A0CD5ECA1EB4D0FD2CC8C38F9FD","cpp","hmail_perf_pair_cpp_20260831_head3","C:\hmail-perf-pair-service-20260901\cpp\Data","B3DF9E8BBF4BEDB1102C94DF7C86356E1FEABCBC02A18E8EABEB1EA1453D09B8",,,"one TCP client and one sequential IMAP session per sample","0","PASS","45FA907CE0D3797C1E13EBB2F03F076A25656CCE27E801C18F745ACD3944FBBD","5136EEC556F9790732AE759EF52F77FE6172329EA55787A80300C4A824107E46","1","961","False","False","2066.288","Hedef makine etkin olarak reddetti?inden ba?lant? kurulamad? 127.0.0.1:1143","False","0","False","False","0","False"
"d02f514d-e0e9-491f-b8d4-72c89c73fe78","MANIFEST_BOUND","hmail-perf-pair-service-20260901","06EFCBA9520D478A6DAC7ABB7F09F3B63D015A0CD5ECA1EB4D0FD2CC8C38F9FD","cpp","hmail_perf_pair_cpp_20260831_head3","C:\hmail-perf-pair-service-20260901\cpp\Data","B3DF9E8BBF4BEDB1102C94DF7C86356E1FEABCBC02A18E8EABEB1EA1453D09B8",,,"one TCP client and one sequential IMAP session per sample","0","PASS","45FA907CE0D3797C1E13EBB2F03F076A25656CCE27E801C18F745ACD3944FBBD","5136EEC556F9790732AE759EF52F77FE6172329EA55787A80300C4A824107E46","1","962","False","False","2060.988","Hedef makine etkin olarak reddetti?inden ba?lant? kurulamad? 127.0.0.1:1143","False","0","False","False","0","False"
"d02f514d-e0e9-491f-b8d4-72c89c73fe78","MANIFEST_BOUND","hmail-perf-pair-service-20260901","06EFCBA9520D478A6DAC7ABB7F09F3B63D015A0CD5ECA1EB4D0FD2CC8C38F9FD","cpp","hmail_perf_pair_cpp_20260831_head3","C:\hmail-perf-pair-service-20260901\cpp\Data","B3DF9E8BBF4BEDB1102C94DF7C86356E1FEABCBC02A18E8EABEB1EA1453D09B8",,,"one TCP client and one sequential IMAP session per sample","0","PASS","45FA907CE0D3797C1E13EBB2F03F076A25656CCE27E801C18F745ACD3944FBBD","5136EEC556F9790732AE759EF52F77FE6172329EA55787A80300C4A824107E46","1","963","False","False","2059.421","Hedef makine etkin olarak reddetti?inden ba?lant? kurulamad? 127.0.0.1:1143","False","0","False","False","0","False"
"d02f514d-e0e9-491f-b8d4-72c89c73fe78","MANIFEST_BOUND","hmail-perf-pair-service-20260901","06EFCBA9520D478A6DAC7ABB7F09F3B63D015A0CD5ECA1EB4D0FD2CC8C38F9FD","cpp","hmail_perf_pair_cpp_20260831_head3","C:\hmail-perf-pair-service-20260901\cpp\Data","B3DF9E8BBF4BEDB1102C94DF7C86356E1FEABCBC02A18E8EABEB1EA1453D09B8",,,"one TCP client and one sequential IMAP session per sample","0","PASS","45FA907CE0D3797C1E13EBB2F03F076A25656CCE27E801C18F745ACD3944FBBD","5136EEC556F9790732AE759EF52F77FE6172329EA55787A80300C4A824107E46","1","964","False","False","2066.133","Hedef makine etkin olarak reddetti?inden ba?lant? kurulamad? 127.0.0.1:1143","False","0","False","False","0","False"
"d02f514d-e0e9-491f-b8d4-72c89c73fe78","MANIFEST_BOUND","hmail-perf-pair-service-20260901","06EFCBA9520D478A6DAC7ABB7F09F3B63D015A0CD5ECA1EB4D0FD2CC8C38F9FD","cpp","hmail_perf_pair_cpp_20260831_head3","C:\hmail-perf-pair-service-20260901\cpp\Data","B3DF9E8BBF4BEDB1102C94DF7C86356E1FEABCBC02A18E8EABEB1EA1453D09B8",,,"one TCP client and one sequential IMAP session per sample","0","PASS","45FA907CE0D3797C1E13EBB2F03F076A25656CCE27E801C18F745ACD3944FBBD","5136EEC556F9790732AE759EF52F77FE6172329EA55787A80300C4A824107E46","1","965","False","False","2065.763","Hedef makine etkin olarak reddetti?inden ba?lant? kurulamad? 127.0.0.1:1143","False","0","False","False","0","False"
"d02f514d-e0e9-491f-b8d4-72c89c73fe78","MANIFEST_BOUND","hmail-perf-pair-service-20260901","06EFCBA9520D478A6DAC7ABB7F09F3B63D015A0CD5ECA1EB4D0FD2CC8C38F9FD","cpp","hmail_perf_pair_cpp_20260831_head3","C:\hmail-perf-pair-service-20260901\cpp\Data","B3DF9E8BBF4BEDB1102C94DF7C86356E1FEABCBC02A18E8EABEB1EA1453D09B8",,,"one TCP client and one sequential IMAP session per sample","0","PASS","45FA907CE0D3797C1E13EBB2F03F076A25656CCE27E801C18F745ACD3944FBBD","5136EEC556F9790732AE759EF52F77FE6172329EA55787A80300C4A824107E46","1","966","False","False","2066.591","Hedef makine etkin olarak reddetti?inden ba?lant? kurulamad? 127.0.0.1:1143","False","0","False","False","0","False"
"d02f514d-e0e9-491f-b8d4-72c89c73fe78","MANIFEST_BOUND","hmail-perf-pair-service-20260901","06EFCBA9520D478A6DAC7ABB7F09F3B63D015A0CD5ECA1EB4D0FD2CC8C38F9FD","cpp","hmail_perf_pair_cpp_20260831_head3","C:\hmail-perf-pair-service-20260901\cpp\Data","B3DF9E8BBF4BEDB1102C94DF7C86356E1FEABCBC02A18E8EABEB1EA1453D09B8",,,"one TCP client and one sequential IMAP session per sample","0","PASS","45FA907CE0D3797C1E13EBB2F03F076A25656CCE27E801C18F745ACD3944FBBD","5136EEC556F9790732AE759EF52F77FE6172329EA55787A80300C4A824107E46","1","967","False","False","2065.387","Hedef makine etkin olarak reddetti?inden ba?lant? kurulamad? 127.0.0.1:1143","False","0","False","False","0","False"
"d02f514d-e0e9-491f-b8d4-72c89c73fe78","MANIFEST_BOUND","hmail-perf-pair-service-20260901","06EFCBA9520D478A6DAC7ABB7F09F3B63D015A0CD5ECA1EB4D0FD2CC8C38F9FD","cpp","hmail_perf_pair_cpp_20260831_head3","C:\hmail-perf-pair-service-20260901\cpp\Data","B3DF9E8BBF4BEDB1102C94DF7C86356E1FEABCBC02A18E8EABEB1EA1453D09B8",,,"one TCP client and one sequential IMAP session per sample","0","PASS","45FA907CE0D3797C1E13EBB2F03F076A25656CCE27E801C18F745ACD3944FBBD","5136EEC556F9790732AE759EF52F77FE6172329EA55787A80300C4A824107E46","1","968","False","False","2065.081","Hedef makine etkin olarak reddetti?inden ba?lant? kurulamad? 127.0.0.1:1143","False","0","False","False","0","False"
"d02f514d-e0e9-491f-b8d4-72c89c73fe78","MANIFEST_BOUND","hmail-perf-pair-service-20260901","06EFCBA9520D478A6DAC7ABB7F09F3B63D015A0CD5ECA1EB4D0FD2CC8C38F9FD","cpp","hmail_perf_pair_cpp_20260831_head3","C:\hmail-perf-pair-service-20260901\cpp\Data","B3DF9E8BBF4BEDB1102C94DF7C86356E1FEABCBC02A18E8EABEB1EA1453D09B8",,,"one TCP client and one sequential IMAP session per sample","0","PASS","45FA907CE0D3797C1E13EBB2F03F076A25656CCE27E801C18F745ACD3944FBBD","5136EEC556F9790732AE759EF52F77FE6172329EA55787A80300C4A824107E46","1","969","False","False","2065.181","Hedef makine etkin olarak reddetti?inden ba?lant? kurulamad? 127.0.0.1:1143","False","0","False","False","0","False"
"d02f514d-e0e9-491f-b8d4-72c89c73fe78","MANIFEST_BOUND","hmail-perf-pair-service-20260901","06EFCBA9520D478A6DAC7ABB7F09F3B63D015A0CD5ECA1EB4D0FD2CC8C38F9FD","cpp","hmail_perf_pair_cpp_20260831_head3","C:\hmail-perf-pair-service-20260901\cpp\Data","B3DF9E8BBF4BEDB1102C94DF7C86356E1FEABCBC02A18E8EABEB1EA1453D09B8",,,"one TCP client and one sequential IMAP session per sample","0","PASS","45FA907CE0D3797C1E13EBB2F03F076A25656CCE27E801C18F745ACD3944FBBD","5136EEC556F9790732AE759EF52F77FE6172329EA55787A80300C4A824107E46","1","970","False","False","2060.286","Hedef makine etkin olarak reddetti?inden ba?lant? kurulamad? 127.0.0.1:1143","False","0","False","False","0","False"
"d02f514d-e0e9-491f-b8d4-72c89c73fe78","MANIFEST_BOUND","hmail-perf-pair-service-20260901","06EFCBA9520D478A6DAC7ABB7F09F3B63D015A0CD5ECA1EB4D0FD2CC8C38F9FD","cpp","hmail_perf_pair_cpp_20260831_head3","C:\hmail-perf-pair-service-20260901\cpp\Data","B3DF9E8BBF4BEDB1102C94DF7C86356E1FEABCBC02A18E8EABEB1EA1453D09B8",,,"one TCP client and one sequential IMAP session per sample","0","PASS","45FA907CE0D3797C1E13EBB2F03F076A25656CCE27E801C18F745ACD3944FBBD","5136EEC556F9790732AE759EF52F77FE6172329EA55787A80300C4A824107E46","1","971","False","False","2065.375","Hedef makine etkin olarak reddetti?inden ba?lant? kurulamad? 127.0.0.1:1143","False","0","False","False","0","False"
"d02f514d-e0e9-491f-b8d4-72c89c73fe78","MANIFEST_BOUND","hmail-perf-pair-service-20260901","06EFCBA9520D478A6DAC7ABB7F09F3B63D015A0CD5ECA1EB4D0FD2CC8C38F9FD","cpp","hmail_perf_pair_cpp_20260831_head3","C:\hmail-perf-pair-service-20260901\cpp\Data","B3DF9E8BBF4BEDB1102C94DF7C86356E1FEABCBC02A18E8EABEB1EA1453D09B8",,,"one TCP client and one sequential IMAP session per sample","0","PASS","45FA907CE0D3797C1E13EBB2F03F076A25656CCE27E801C18F745ACD3944FBBD","5136EEC556F9790732AE759EF52F77FE6172329EA55787A80300C4A824107E46","1","972","False","False","2064.804","Hedef makine etkin olarak reddetti?inden ba?lant? kurulamad? 127.0.0.1:1143","False","0","False","False","0","False"
"d02f514d-e0e9-491f-b8d4-72c89c73fe78","MANIFEST_BOUND","hmail-perf-pair-service-20260901","06EFCBA9520D478A6DAC7ABB7F09F3B63D015A0CD5ECA1EB4D0FD2CC8C38F9FD","cpp","hmail_perf_pair_cpp_20260831_head3","C:\hmail-perf-pair-service-20260901\cpp\Data","B3DF9E8BBF4BEDB1102C94DF7C86356E1FEABCBC02A18E8EABEB1EA1453D09B8",,,"one TCP client and one sequential IMAP session per sample","0","PASS","45FA907CE0D3797C1E13EBB2F03F076A25656CCE27E801C18F745ACD3944FBBD","5136EEC556F9790732AE759EF52F77FE6172329EA55787A80300C4A824107E46","1","973","False","False","2064.938","Hedef makine etkin olarak reddetti?inden ba?lant? kurulamad? 127.0.0.1:1143","False","0","False","False","0","False"
"d02f514d-e0e9-491f-b8d4-72c89c73fe78","MANIFEST_BOUND","hmail-perf-pair-service-20260901","06EFCBA9520D478A6DAC7ABB7F09F3B63D015A0CD5ECA1EB4D0FD2CC8C38F9FD","cpp","hmail_perf_pair_cpp_20260831_head3","C:\hmail-perf-pair-service-20260901\cpp\Data","B3DF9E8BBF4BEDB1102C94DF7C86356E1FEABCBC02A18E8EABEB1EA1453D09B8",,,"one TCP client and one sequential IMAP session per sample","0","PASS","45FA907CE0D3797C1E13EBB2F03F076A25656CCE27E801C18F745ACD3944FBBD","5136EEC556F9790732AE759EF52F77FE6172329EA55787A80300C4A824107E46","1","974","False","False","2064.849","Hedef makine etkin olarak reddetti?inden ba?lant? kurulamad? 127.0.0.1:1143","False","0","False","False","0","False"
"d02f514d-e0e9-491f-b8d4-72c89c73fe78","MANIFEST_BOUND","hmail-perf-pair-service-20260901","06EFCBA9520D478A6DAC7ABB7F09F3B63D015A0CD5ECA1EB4D0FD2CC8C38F9FD","cpp","hmail_perf_pair_cpp_20260831_head3","C:\hmail-perf-pair-service-20260901\cpp\Data","B3DF9E8BBF4BEDB1102C94DF7C86356E1FEABCBC02A18E8EABEB1EA1453D09B8",,,"one TCP client and one sequential IMAP session per sample","0","PASS","45FA907CE0D3797C1E13EBB2F03F076A25656CCE27E801C18F745ACD3944FBBD","5136EEC556F9790732AE759EF52F77FE6172329EA55787A80300C4A824107E46","1","975","False","False","2064.92","Hedef makine etkin olarak reddetti?inden ba?lant? kurulamad? 127.0.0.1:1143","False","0","False","False","0","False"
"d02f514d-e0e9-491f-b8d4-72c89c73fe78","MANIFEST_BOUND","hmail-perf-pair-service-20260901","06EFCBA9520D478A6DAC7ABB7F09F3B63D015A0CD5ECA1EB4D0FD2CC8C38F9FD","cpp","hmail_perf_pair_cpp_20260831_head3","C:\hmail-perf-pair-service-20260901\cpp\Data","B3DF9E8BBF4BEDB1102C94DF7C86356E1FEABCBC02A18E8EABEB1EA1453D09B8",,,"one TCP client and one sequential IMAP session per sample","0","PASS","45FA907CE0D3797C1E13EBB2F03F076A25656CCE27E801C18F745ACD3944FBBD","5136EEC556F9790732AE759EF52F77FE6172329EA55787A80300C4A824107E46","1","976","False","False","2065.721","Hedef makine etkin olarak reddetti?inden ba?lant? kurulamad? 127.0.0.1:1143","False","0","False","False","0","False"
"d02f514d-e0e9-491f-b8d4-72c89c73fe78","MANIFEST_BOUND","hmail-perf-pair-service-20260901","06EFCBA9520D478A6DAC7ABB7F09F3B63D015A0CD5ECA1EB4D0FD2CC8C38F9FD","cpp","hmail_perf_pair_cpp_20260831_head3","C:\hmail-perf-pair-service-20260901\cpp\Data","B3DF9E8BBF4BEDB1102C94DF7C86356E1FEABCBC02A18E8EABEB1EA1453D09B8",,,"one TCP client and one sequential IMAP session per sample","0","PASS","45FA907CE0D3797C1E13EBB2F03F076A25656CCE27E801C18F745ACD3944FBBD","5136EEC556F9790732AE759EF52F77FE6172329EA55787A80300C4A824107E46","1","977","False","False","2060.89","Hedef makine etkin olarak reddetti?inden ba?lant? kurulamad? 127.0.0.1:1143","False","0","False","False","0","False"
"d02f514d-e0e9-491f-b8d4-72c89c73fe78","MANIFEST_BOUND","hmail-perf-pair-service-20260901","06EFCBA9520D478A6DAC7ABB7F09F3B63D015A0CD5ECA1EB4D0FD2CC8C38F9FD","cpp","hmail_perf_pair_cpp_20260831_head3","C:\hmail-perf-pair-service-20260901\cpp\Data","B3DF9E8BBF4BEDB1102C94DF7C86356E1FEABCBC02A18E8EABEB1EA1453D09B8",,,"one TCP client and one sequential IMAP session per sample","0","PASS","45FA907CE0D3797C1E13EBB2F03F076A25656CCE27E801C18F745ACD3944FBBD","5136EEC556F9790732AE759EF52F77FE6172329EA55787A80300C4A824107E46","1","978","False","False","2059.914","Hedef makine etkin olarak reddetti?inden ba?lant? kurulamad? 127.0.0.1:1143","False","0","False","False","0","False"
"d02f514d-e0e9-491f-b8d4-72c89c73fe78","MANIFEST_BOUND","hmail-perf-pair-service-20260901","06EFCBA9520D478A6DAC7ABB7F09F3B63D015A0CD5ECA1EB4D0FD2CC8C38F9FD","cpp","hmail_perf_pair_cpp_20260831_head3","C:\hmail-perf-pair-service-20260901\cpp\Data","B3DF9E8BBF4BEDB1102C94DF7C86356E1FEABCBC02A18E8EABEB1EA1453D09B8",,,"one TCP client and one sequential IMAP session per sample","0","PASS","45FA907CE0D3797C1E13EBB2F03F076A25656CCE27E801C18F745ACD3944FBBD","5136EEC556F9790732AE759EF52F77FE6172329EA55787A80300C4A824107E46","1","979","False","False","2064.938","Hedef makine etkin olarak reddetti?inden ba?lant? kurulamad? 127.0.0.1:1143","False","0","False","False","0","False"
"d02f514d-e0e9-491f-b8d4-72c89c73fe78","MANIFEST_BOUND","hmail-perf-pair-service-20260901","06EFCBA9520D478A6DAC7ABB7F09F3B63D015A0CD5ECA1EB4D0FD2CC8C38F9FD","cpp","hmail_perf_pair_cpp_20260831_head3","C:\hmail-perf-pair-service-20260901\cpp\Data","B3DF9E8BBF4BEDB1102C94DF7C86356E1FEABCBC02A18E8EABEB1EA1453D09B8",,,"one TCP client and one sequential IMAP session per sample","0","PASS","45FA907CE0D3797C1E13EBB2F03F076A25656CCE27E801C18F745ACD3944FBBD","5136EEC556F9790732AE759EF52F77FE6172329EA55787A80300C4A824107E46","1","980","False","False","2065.366","Hedef makine etkin olarak reddetti?inden ba?lant? kurulamad? 127.0.0.1:1143","False","0","False","False","0","False"
"d02f514d-e0e9-491f-b8d4-72c89c73fe78","MANIFEST_BOUND","hmail-perf-pair-service-20260901","06EFCBA9520D478A6DAC7ABB7F09F3B63D015A0CD5ECA1EB4D0FD2CC8C38F9FD","cpp","hmail_perf_pair_cpp_20260831_head3","C:\hmail-perf-pair-service-20260901\cpp\Data","B3DF9E8BBF4BEDB1102C94DF7C86356E1FEABCBC02A18E8EABEB1EA1453D09B8",,,"one TCP client and one sequential IMAP session per sample","0","PASS","45FA907CE0D3797C1E13EBB2F03F076A25656CCE27E801C18F745ACD3944FBBD","5136EEC556F9790732AE759EF52F77FE6172329EA55787A80300C4A824107E46","1","981","False","False","2065.092","Hedef makine etkin olarak reddetti?inden ba?lant? kurulamad? 127.0.0.1:1143","False","0","False","False","0","False"
"d02f514d-e0e9-491f-b8d4-72c89c73fe78","MANIFEST_BOUND","hmail-perf-pair-service-20260901","06EFCBA9520D478A6DAC7ABB7F09F3B63D015A0CD5ECA1EB4D0FD2CC8C38F9FD","cpp","hmail_perf_pair_cpp_20260831_head3","C:\hmail-perf-pair-service-20260901\cpp\Data","B3DF9E8BBF4BEDB1102C94DF7C86356E1FEABCBC02A18E8EABEB1EA1453D09B8",,,"one TCP client and one sequential IMAP session per sample","0","PASS","45FA907CE0D3797C1E13EBB2F03F076A25656CCE27E801C18F745ACD3944FBBD","5136EEC556F9790732AE759EF52F77FE6172329EA55787A80300C4A824107E46","1","982","False","False","2065.736","Hedef makine etkin olarak reddetti?inden ba?lant? kurulamad? 127.0.0.1:1143","False","0","False","False","0","False"
"d02f514d-e0e9-491f-b8d4-72c89c73fe78","MANIFEST_BOUND","hmail-perf-pair-service-20260901","06EFCBA9520D478A6DAC7ABB7F09F3B63D015A0CD5ECA1EB4D0FD2CC8C38F9FD","cpp","hmail_perf_pair_cpp_20260831_head3","C:\hmail-perf-pair-service-20260901\cpp\Data","B3DF9E8BBF4BEDB1102C94DF7C86356E1FEABCBC02A18E8EABEB1EA1453D09B8",,,"one TCP client and one sequential IMAP session per sample","0","PASS","45FA907CE0D3797C1E13EBB2F03F076A25656CCE27E801C18F745ACD3944FBBD","5136EEC556F9790732AE759EF52F77FE6172329EA55787A80300C4A824107E46","1","983","False","False","2065.558","Hedef makine etkin olarak reddetti?inden ba?lant? kurulamad? 127.0.0.1:1143","False","0","False","False","0","False"
"d02f514d-e0e9-491f-b8d4-72c89c73fe78","MANIFEST_BOUND","hmail-perf-pair-service-20260901","06EFCBA9520D478A6DAC7ABB7F09F3B63D015A0CD5ECA1EB4D0FD2CC8C38F9FD","cpp","hmail_perf_pair_cpp_20260831_head3","C:\hmail-perf-pair-service-20260901\cpp\Data","B3DF9E8BBF4BEDB1102C94DF7C86356E1FEABCBC02A18E8EABEB1EA1453D09B8",,,"one TCP client and one sequential IMAP session per sample","0","PASS","45FA907CE0D3797C1E13EBB2F03F076A25656CCE27E801C18F745ACD3944FBBD","5136EEC556F9790732AE759EF52F77FE6172329EA55787A80300C4A824107E46","1","984","False","False","2064.333","Hedef makine etkin olarak reddetti?inden ba?lant? kurulamad? 127.0.0.1:1143","False","0","False","False","0","False"
"d02f514d-e0e9-491f-b8d4-72c89c73fe78","MANIFEST_BOUND","hmail-perf-pair-service-20260901","06EFCBA9520D478A6DAC7ABB7F09F3B63D015A0CD5ECA1EB4D0FD2CC8C38F9FD","cpp","hmail_perf_pair_cpp_20260831_head3","C:\hmail-perf-pair-service-20260901\cpp\Data","B3DF9E8BBF4BEDB1102C94DF7C86356E1FEABCBC02A18E8EABEB1EA1453D09B8",,,"one TCP client and one sequential IMAP session per sample","0","PASS","45FA907CE0D3797C1E13EBB2F03F076A25656CCE27E801C18F745ACD3944FBBD","5136EEC556F9790732AE759EF52F77FE6172329EA55787A80300C4A824107E46","1","985","False","False","2065.16","Hedef makine etkin olarak reddetti?inden ba?lant? kurulamad? 127.0.0.1:1143","False","0","False","False","0","False"
"d02f514d-e0e9-491f-b8d4-72c89c73fe78","MANIFEST_BOUND","hmail-perf-pair-service-20260901","06EFCBA9520D478A6DAC7ABB7F09F3B63D015A0CD5ECA1EB4D0FD2CC8C38F9FD","cpp","hmail_perf_pair_cpp_20260831_head3","C:\hmail-perf-pair-service-20260901\cpp\Data","B3DF9E8BBF4BEDB1102C94DF7C86356E1FEABCBC02A18E8EABEB1EA1453D09B8",,,"one TCP client and one sequential IMAP session per sample","0","PASS","45FA907CE0D3797C1E13EBB2F03F076A25656CCE27E801C18F745ACD3944FBBD","5136EEC556F9790732AE759EF52F77FE6172329EA55787A80300C4A824107E46","1","986","False","False","2064.573","Hedef makine etkin olarak reddetti?inden ba?lant? kurulamad? 127.0.0.1:1143","False","0","False","False","0","False"
"d02f514d-e0e9-491f-b8d4-72c89c73fe78","MANIFEST_BOUND","hmail-perf-pair-service-20260901","06EFCBA9520D478A6DAC7ABB7F09F3B63D015A0CD5ECA1EB4D0FD2CC8C38F9FD","cpp","hmail_perf_pair_cpp_20260831_head3","C:\hmail-perf-pair-service-20260901\cpp\Data","B3DF9E8BBF4BEDB1102C94DF7C86356E1FEABCBC02A18E8EABEB1EA1453D09B8",,,"one TCP client and one sequential IMAP session per sample","0","PASS","45FA907CE0D3797C1E13EBB2F03F076A25656CCE27E801C18F745ACD3944FBBD","5136EEC556F9790732AE759EF52F77FE6172329EA55787A80300C4A824107E46","1","987","False","False","2064.446","Hedef makine etkin olarak reddetti?inden ba?lant? kurulamad? 127.0.0.1:1143","False","0","False","False","0","False"
"d02f514d-e0e9-491f-b8d4-72c89c73fe78","MANIFEST_BOUND","hmail-perf-pair-service-20260901","06EFCBA9520D478A6DAC7ABB7F09F3B63D015A0CD5ECA1EB4D0FD2CC8C38F9FD","cpp","hmail_perf_pair_cpp_20260831_head3","C:\hmail-perf-pair-service-20260901\cpp\Data","B3DF9E8BBF4BEDB1102C94DF7C86356E1FEABCBC02A18E8EABEB1EA1453D09B8",,,"one TCP client and one sequential IMAP session per sample","0","PASS","45FA907CE0D3797C1E13EBB2F03F076A25656CCE27E801C18F745ACD3944FBBD","5136EEC556F9790732AE759EF52F77FE6172329EA55787A80300C4A824107E46","1","988","False","False","2065.365","Hedef makine etkin olarak reddetti?inden ba?lant? kurulamad? 127.0.0.1:1143","False","0","False","False","0","False"
"d02f514d-e0e9-491f-b8d4-72c89c73fe78","MANIFEST_BOUND","hmail-perf-pair-service-20260901","06EFCBA9520D478A6DAC7ABB7F09F3B63D015A0CD5ECA1EB4D0FD2CC8C38F9FD","cpp","hmail_perf_pair_cpp_20260831_head3","C:\hmail-perf-pair-service-20260901\cpp\Data","B3DF9E8BBF4BEDB1102C94DF7C86356E1FEABCBC02A18E8EABEB1EA1453D09B8",,,"one TCP client and one sequential IMAP session per sample","0","PASS","45FA907CE0D3797C1E13EBB2F03F076A25656CCE27E801C18F745ACD3944FBBD","5136EEC556F9790732AE759EF52F77FE6172329EA55787A80300C4A824107E46","1","989","False","False","2066.054","Hedef makine etkin olarak reddetti?inden ba?lant? kurulamad? 127.0.0.1:1143","False","0","False","False","0","False"
"d02f514d-e0e9-491f-b8d4-72c89c73fe78","MANIFEST_BOUND","hmail-perf-pair-service-20260901","06EFCBA9520D478A6DAC7ABB7F09F3B63D015A0CD5ECA1EB4D0FD2CC8C38F9FD","cpp","hmail_perf_pair_cpp_20260831_head3","C:\hmail-perf-pair-service-20260901\cpp\Data","B3DF9E8BBF4BEDB1102C94DF7C86356E1FEABCBC02A18E8EABEB1EA1453D09B8",,,"one TCP client and one sequential IMAP session per sample","0","PASS","45FA907CE0D3797C1E13EBB2F03F076A25656CCE27E801C18F745ACD3944FBBD","5136EEC556F9790732AE759EF52F77FE6172329EA55787A80300C4A824107E46","1","990","False","False","2065.016","Hedef makine etkin olarak reddetti?inden ba?lant? kurulamad? 127.0.0.1:1143","False","0","False","False","0","False"
"d02f514d-e0e9-491f-b8d4-72c89c73fe78","MANIFEST_BOUND","hmail-perf-pair-service-20260901","06EFCBA9520D478A6DAC7ABB7F09F3B63D015A0CD5ECA1EB4D0FD2CC8C38F9FD","cpp","hmail_perf_pair_cpp_20260831_head3","C:\hmail-perf-pair-service-20260901\cpp\Data","B3DF9E8BBF4BEDB1102C94DF7C86356E1FEABCBC02A18E8EABEB1EA1453D09B8",,,"one TCP client and one sequential IMAP session per sample","0","PASS","45FA907CE0D3797C1E13EBB2F03F076A25656CCE27E801C18F745ACD3944FBBD","5136EEC556F9790732AE759EF52F77FE6172329EA55787A80300C4A824107E46","1","991","False","False","2064.578","Hedef makine etkin olarak reddetti?inden ba?lant? kurulamad? 127.0.0.1:1143","False","0","False","False","0","False"
"d02f514d-e0e9-491f-b8d4-72c89c73fe78","MANIFEST_BOUND","hmail-perf-pair-service-20260901","06EFCBA9520D478A6DAC7ABB7F09F3B63D015A0CD5ECA1EB4D0FD2CC8C38F9FD","cpp","hmail_perf_pair_cpp_20260831_head3","C:\hmail-perf-pair-service-20260901\cpp\Data","B3DF9E8BBF4BEDB1102C94DF7C86356E1FEABCBC02A18E8EABEB1EA1453D09B8",,,"one TCP client and one sequential IMAP session per sample","0","PASS","45FA907CE0D3797C1E13EBB2F03F076A25656CCE27E801C18F745ACD3944FBBD","5136EEC556F9790732AE759EF52F77FE6172329EA55787A80300C4A824107E46","1","992","False","False","2057.722","Hedef makine etkin olarak reddetti?inden ba?lant? kurulamad? 127.0.0.1:1143","False","0","False","False","0","False"
"d02f514d-e0e9-491f-b8d4-72c89c73fe78","MANIFEST_BOUND","hmail-perf-pair-service-20260901","06EFCBA9520D478A6DAC7ABB7F09F3B63D015A0CD5ECA1EB4D0FD2CC8C38F9FD","cpp","hmail_perf_pair_cpp_20260831_head3","C:\hmail-perf-pair-service-20260901\cpp\Data","B3DF9E8BBF4BEDB1102C94DF7C86356E1FEABCBC02A18E8EABEB1EA1453D09B8",,,"one TCP client and one sequential IMAP session per sample","0","PASS","45FA907CE0D3797C1E13EBB2F03F076A25656CCE27E801C18F745ACD3944FBBD","5136EEC556F9790732AE759EF52F77FE6172329EA55787A80300C4A824107E46","1","993","False","False","2064.301","Hedef makine etkin olarak reddetti?inden ba?lant? kurulamad? 127.0.0.1:1143","False","0","False","False","0","False"
"d02f514d-e0e9-491f-b8d4-72c89c73fe78","MANIFEST_BOUND","hmail-perf-pair-service-20260901","06EFCBA9520D478A6DAC7ABB7F09F3B63D015A0CD5ECA1EB4D0FD2CC8C38F9FD","cpp","hmail_perf_pair_cpp_20260831_head3","C:\hmail-perf-pair-service-20260901\cpp\Data","B3DF9E8BBF4BEDB1102C94DF7C86356E1FEABCBC02A18E8EABEB1EA1453D09B8",,,"one TCP client and one sequential IMAP session per sample","0","PASS","45FA907CE0D3797C1E13EBB2F03F076A25656CCE27E801C18F745ACD3944FBBD","5136EEC556F9790732AE759EF52F77FE6172329EA55787A80300C4A824107E46","1","994","False","False","2064.29","Hedef makine etkin olarak reddetti?inden ba?lant? kurulamad? 127.0.0.1:1143","False","0","False","False","0","False"
"d02f514d-e0e9-491f-b8d4-72c89c73fe78","MANIFEST_BOUND","hmail-perf-pair-service-20260901","06EFCBA9520D478A6DAC7ABB7F09F3B63D015A0CD5ECA1EB4D0FD2CC8C38F9FD","cpp","hmail_perf_pair_cpp_20260831_head3","C:\hmail-perf-pair-service-20260901\cpp\Data","B3DF9E8BBF4BEDB1102C94DF7C86356E1FEABCBC02A18E8EABEB1EA1453D09B8",,,"one TCP client and one sequential IMAP session per sample","0","PASS","45FA907CE0D3797C1E13EBB2F03F076A25656CCE27E801C18F745ACD3944FBBD","5136EEC556F9790732AE759EF52F77FE6172329EA55787A80300C4A824107E46","1","995","False","False","2063.866","Hedef makine etkin olarak reddetti?inden ba?lant? kurulamad? 127.0.0.1:1143","False","0","False","False","0","False"
"d02f514d-e0e9-491f-b8d4-72c89c73fe78","MANIFEST_BOUND","hmail-perf-pair-service-20260901","06EFCBA9520D478A6DAC7ABB7F09F3B63D015A0CD5ECA1EB4D0FD2CC8C38F9FD","cpp","hmail_perf_pair_cpp_20260831_head3","C:\hmail-perf-pair-service-20260901\cpp\Data","B3DF9E8BBF4BEDB1102C94DF7C86356E1FEABCBC02A18E8EABEB1EA1453D09B8",,,"one TCP client and one sequential IMAP session per sample","0","PASS","45FA907CE0D3797C1E13EBB2F03F076A25656CCE27E801C18F745ACD3944FBBD","5136EEC556F9790732AE759EF52F77FE6172329EA55787A80300C4A824107E46","1","996","False","False","2064.919","Hedef makine etkin olarak reddetti?inden ba?lant? kurulamad? 127.0.0.1:1143","False","0","False","False","0","False"
"d02f514d-e0e9-491f-b8d4-72c89c73fe78","MANIFEST_BOUND","hmail-perf-pair-service-20260901","06EFCBA9520D478A6DAC7ABB7F09F3B63D015A0CD5ECA1EB4D0FD2CC8C38F9FD","cpp","hmail_perf_pair_cpp_20260831_head3","C:\hmail-perf-pair-service-20260901\cpp\Data","B3DF9E8BBF4BEDB1102C94DF7C86356E1FEABCBC02A18E8EABEB1EA1453D09B8",,,"one TCP client and one sequential IMAP session per sample","0","PASS","45FA907CE0D3797C1E13EBB2F03F076A25656CCE27E801C18F745ACD3944FBBD","5136EEC556F9790732AE759EF52F77FE6172329EA55787A80300C4A824107E46","1","997","False","False","2064.519","Hedef makine etkin olarak reddetti?inden ba?lant? kurulamad? 127.0.0.1:1143","False","0","False","False","0","False"
"d02f514d-e0e9-491f-b8d4-72c89c73fe78","MANIFEST_BOUND","hmail-perf-pair-service-20260901","06EFCBA9520D478A6DAC7ABB7F09F3B63D015A0CD5ECA1EB4D0FD2CC8C38F9FD","cpp","hmail_perf_pair_cpp_20260831_head3","C:\hmail-perf-pair-service-20260901\cpp\Data","B3DF9E8BBF4BEDB1102C94DF7C86356E1FEABCBC02A18E8EABEB1EA1453D09B8",,,"one TCP client and one sequential IMAP session per sample","0","PASS","45FA907CE0D3797C1E13EBB2F03F076A25656CCE27E801C18F745ACD3944FBBD","5136EEC556F9790732AE759EF52F77FE6172329EA55787A80300C4A824107E46","1","998","False","False","2064.569","Hedef makine etkin olarak reddetti?inden ba?lant? kurulamad? 127.0.0.1:1143","False","0","False","False","0","False"
"d02f514d-e0e9-491f-b8d4-72c89c73fe78","MANIFEST_BOUND","hmail-perf-pair-service-20260901","06EFCBA9520D478A6DAC7ABB7F09F3B63D015A0CD5ECA1EB4D0FD2CC8C38F9FD","cpp","hmail_perf_pair_cpp_20260831_head3","C:\hmail-perf-pair-service-20260901\cpp\Data","B3DF9E8BBF4BEDB1102C94DF7C86356E1FEABCBC02A18E8EABEB1EA1453D09B8",,,"one TCP client and one sequential IMAP session per sample","0","PASS","45FA907CE0D3797C1E13EBB2F03F076A25656CCE27E801C18F745ACD3944FBBD","5136EEC556F9790732AE759EF52F77FE6172329EA55787A80300C4A824107E46","1","999","True","False","1124.431",,"True","1000","True","True","1000","True"
"d02f514d-e0e9-491f-b8d4-72c89c73fe78","MANIFEST_BOUND","hmail-perf-pair-service-20260901","06EFCBA9520D478A6DAC7ABB7F09F3B63D015A0CD5ECA1EB4D0FD2CC8C38F9FD","cpp","hmail_perf_pair_cpp_20260831_head3","C:\hmail-perf-pair-service-20260901\cpp\Data","B3DF9E8BBF4BEDB1102C94DF7C86356E1FEABCBC02A18E8EABEB1EA1453D09B8",,,"one TCP client and one sequential IMAP session per sample","0","PASS","45FA907CE0D3797C1E13EBB2F03F076A25656CCE27E801C18F745ACD3944FBBD","5136EEC556F9790732AE759EF52F77FE6172329EA55787A80300C4A824107E46","1","1000","True","False","2764.372",,"True","1000","True","True","1000","True"
