"runId","provenanceStatus","fixtureId","manifestSha256","implementation","database","dataRoot","executableSha256","sqlMaxPoolSize","sqlConnectionTimeoutSeconds","probeFanOut","launchStaggerMilliseconds","runStartAttestationStatus","runStartDataSha256","runStartMessageSha256","wave","session","ok","timedOut","ms","error","searchResultValid","searchResultCount","searchExactSequence","sortResultValid","sortResultCount","sortExactSequence"
"512e2cc0-5ebd-4d17-b7cf-a18a28bccdb4","MANIFEST_BOUND","hmail-perf-pair-service-20260901","06EFCBA9520D478A6DAC7ABB7F09F3B63D015A0CD5ECA1EB4D0FD2CC8C38F9FD","net10","hmail_perf_pair_net10_20260831_head3","C:\hmail-perf-pair-service-20260901\net10\Data","393449EA88D8D3C63D044D759D715322FD07A6F365FB10F18C1F0F126C6B4675","100","15","one TCP client and one sequential IMAP session per sample","0","PASS","45FA907CE0D3797C1E13EBB2F03F076A25656CCE27E801C18F745ACD3944FBBD","5136EEC556F9790732AE759EF52F77FE6172329EA55787A80300C4A824107E46","1","1","True","False","3055.952",,"True","1000","True","True","1000","True"
"512e2cc0-5ebd-4d17-b7cf-a18a28bccdb4","MANIFEST_BOUND","hmail-perf-pair-service-20260901","06EFCBA9520D478A6DAC7ABB7F09F3B63D015A0CD5ECA1EB4D0FD2CC8C38F9FD","net10","hmail_perf_pair_net10_20260831_head3","C:\hmail-perf-pair-service-20260901\net10\Data","393449EA88D8D3C63D044D759D715322FD07A6F365FB10F18C1F0F126C6B4675","100","15","one TCP client and one sequential IMAP session per sample","0","PASS","45FA907CE0D3797C1E13EBB2F03F076A25656CCE27E801C18F745ACD3944FBBD","5136EEC556F9790732AE759EF52F77FE6172329EA55787A80300C4A824107E46","1","2","True","False","1188.91",,"True","1000","True","True","1000","True"
"512e2cc0-5ebd-4d17-b7cf-a18a28bccdb4","MANIFEST_BOUND","hmail-perf-pair-service-20260901","06EFCBA9520D478A6DAC7ABB7F09F3B63D015A0CD5ECA1EB4D0FD2CC8C38F9FD","net10","hmail_perf_pair_net10_20260831_head3","C:\hmail-perf-pair-service-20260901\net10\Data","393449EA88D8D3C63D044D759D715322FD07A6F365FB10F18C1F0F126C6B4675","100","15","one TCP client and one sequential IMAP session per sample","0","PASS","45FA907CE0D3797C1E13EBB2F03F076A25656CCE27E801C18F745ACD3944FBBD","5136EEC556F9790732AE759EF52F77FE6172329EA55787A80300C4A824107E46","1","3","True","False","1440.317",,"True","1000","True","True","1000","True"
"512e2cc0-5ebd-4d17-b7cf-a18a28bccdb4","MANIFEST_BOUND","hmail-perf-pair-service-20260901","06EFCBA9520D478A6DAC7ABB7F09F3B63D015A0CD5ECA1EB4D0FD2CC8C38F9FD","net10","hmail_perf_pair_net10_20260831_head3","C:\hmail-perf-pair-service-20260901\net10\Data","393449EA88D8D3C63D044D759D715322FD07A6F365FB10F18C1F0F126C6B4675","100","15","one TCP client and one sequential IMAP session per sample","0","PASS","45FA907CE0D3797C1E13EBB2F03F076A25656CCE27E801C18F745ACD3944FBBD","5136EEC556F9790732AE759EF52F77FE6172329EA55787A80300C4A824107E46","1","4","True","False","889.269",,"True","1000","True","True","1000","True"
"512e2cc0-5ebd-4d17-b7cf-a18a28bccdb4","MANIFEST_BOUND","hmail-perf-pair-service-20260901","06EFCBA9520D478A6DAC7ABB7F09F3B63D015A0CD5ECA1EB4D0FD2CC8C38F9FD","net10","hmail_perf_pair_net10_20260831_head3","C:\hmail-perf-pair-service-20260901\net10\Data","393449EA88D8D3C63D044D759D715322FD07A6F365FB10F18C1F0F126C6B4675","100","15","one TCP client and one sequential IMAP session per sample","0","PASS","45FA907CE0D3797C1E13EBB2F03F076A25656CCE27E801C18F745ACD3944FBBD","5136EEC556F9790732AE759EF52F77FE6172329EA55787A80300C4A824107E46","1","5","True","False","2378.724",,"True","1000","True","True","1000","True"
"512e2cc0-5ebd-4d17-b7cf-a18a28bccdb4","MANIFEST_BOUND","hmail-perf-pair-service-20260901","06EFCBA9520D478A6DAC7ABB7F09F3B63D015A0CD5ECA1EB4D0FD2CC8C38F9FD","net10","hmail_perf_pair_net10_20260831_head3","C:\hmail-perf-pair-service-20260901\net10\Data","393449EA88D8D3C63D044D759D715322FD07A6F365FB10F18C1F0F126C6B4675","100","15","one TCP client and one sequential IMAP session per sample","0","PASS","45FA907CE0D3797C1E13EBB2F03F076A25656CCE27E801C18F745ACD3944FBBD","5136EEC556F9790732AE759EF52F77FE6172329EA55787A80300C4A824107E46","1","6","True","False","1327.63",,"True","1000","True","True","1000","True"
"512e2cc0-5ebd-4d17-b7cf-a18a28bccdb4","MANIFEST_BOUND","hmail-perf-pair-service-20260901","06EFCBA9520D478A6DAC7ABB7F09F3B63D015A0CD5ECA1EB4D0FD2CC8C38F9FD","net10","hmail_perf_pair_net10_20260831_head3","C:\hmail-perf-pair-service-20260901\net10\Data","393449EA88D8D3C63D044D759D715322FD07A6F365FB10F18C1F0F126C6B4675","100","15","one TCP client and one sequential IMAP session per sample","0","PASS","45FA907CE0D3797C1E13EBB2F03F076A25656CCE27E801C18F745ACD3944FBBD","5136EEC556F9790732AE759EF52F77FE6172329EA55787A80300C4A824107E46","1","7","True","False","2264.828",,"True","1000","True","True","1000","True"
"512e2cc0-5ebd-4d17-b7cf-a18a28bccdb4","MANIFEST_BOUND","hmail-perf-pair-service-20260901","06EFCBA9520D478A6DAC7ABB7F09F3B63D015A0CD5ECA1EB4D0FD2CC8C38F9FD","net10","hmail_perf_pair_net10_20260831_head3","C:\hmail-perf-pair-service-20260901\net10\Data","393449EA88D8D3C63D044D759D715322FD07A6F365FB10F18C1F0F126C6B4675","100","15","one TCP client and one sequential IMAP session per sample","0","PASS","45FA907CE0D3797C1E13EBB2F03F076A25656CCE27E801C18F745ACD3944FBBD","5136EEC556F9790732AE759EF52F77FE6172329EA55787A80300C4A824107E46","1","8","True","False","2582.427",,"True","1000","True","True","1000","True"
"512e2cc0-5ebd-4d17-b7cf-a18a28bccdb4","MANIFEST_BOUND","hmail-perf-pair-service-20260901","06EFCBA9520D478A6DAC7ABB7F09F3B63D015A0CD5ECA1EB4D0FD2CC8C38F9FD","net10","hmail_perf_pair_net10_20260831_head3","C:\hmail-perf-pair-service-20260901\net10\Data","393449EA88D8D3C63D044D759D715322FD07A6F365FB10F18C1F0F126C6B4675","100","15","one TCP client and one sequential IMAP session per sample","0","PASS","45FA907CE0D3797C1E13EBB2F03F076A25656CCE27E801C18F745ACD3944FBBD","5136EEC556F9790732AE759EF52F77FE6172329EA55787A80300C4A824107E46","1","9","True","False","1710.468",,"True","1000","True","True","1000","True"
"512e2cc0-5ebd-4d17-b7cf-a18a28bccdb4","MANIFEST_BOUND","hmail-perf-pair-service-20260901","06EFCBA9520D478A6DAC7ABB7F09F3B63D015A0CD5ECA1EB4D0FD2CC8C38F9FD","net10","hmail_perf_pair_net10_20260831_head3","C:\hmail-perf-pair-service-20260901\net10\Data","393449EA88D8D3C63D044D759D715322FD07A6F365FB10F18C1F0F126C6B4675","100","15","one TCP client and one sequential IMAP session per sample","0","PASS","45FA907CE0D3797C1E13EBB2F03F076A25656CCE27E801C18F745ACD3944FBBD","5136EEC556F9790732AE759EF52F77FE6172329EA55787A80300C4A824107E46","1","10","True","False","2903.447",,"True","1000","True","True","1000","True"
"512e2cc0-5ebd-4d17-b7cf-a18a28bccdb4","MANIFEST_BOUND","hmail-perf-pair-service-20260901","06EFCBA9520D478A6DAC7ABB7F09F3B63D015A0CD5ECA1EB4D0FD2CC8C38F9FD","net10","hmail_perf_pair_net10_20260831_head3","C:\hmail-perf-pair-service-20260901\net10\Data","393449EA88D8D3C63D044D759D715322FD07A6F365FB10F18C1F0F126C6B4675","100","15","one TCP client and one sequential IMAP session per sample","0","PASS","45FA907CE0D3797C1E13EBB2F03F076A25656CCE27E801C18F745ACD3944FBBD","5136EEC556F9790732AE759EF52F77FE6172329EA55787A80300C4A824107E46","1","11","True","False","1992.404",,"True","1000","True","True","1000","True"
"512e2cc0-5ebd-4d17-b7cf-a18a28bccdb4","MANIFEST_BOUND","hmail-perf-pair-service-20260901","06EFCBA9520D478A6DAC7ABB7F09F3B63D015A0CD5ECA1EB4D0FD2CC8C38F9FD","net10","hmail_perf_pair_net10_20260831_head3","C:\hmail-perf-pair-service-20260901\net10\Data","393449EA88D8D3C63D044D759D715322FD07A6F365FB10F18C1F0F126C6B4675","100","15","one TCP client and one sequential IMAP session per sample","0","PASS","45FA907CE0D3797C1E13EBB2F03F076A25656CCE27E801C18F745ACD3944FBBD","5136EEC556F9790732AE759EF52F77FE6172329EA55787A80300C4A824107E46","1","12","True","False","2595.683",,"True","1000","True","True","1000","True"
"512e2cc0-5ebd-4d17-b7cf-a18a28bccdb4","MANIFEST_BOUND","hmail-perf-pair-service-20260901","06EFCBA9520D478A6DAC7ABB7F09F3B63D015A0CD5ECA1EB4D0FD2CC8C38F9FD","net10","hmail_perf_pair_net10_20260831_head3","C:\hmail-perf-pair-service-20260901\net10\Data","393449EA88D8D3C63D044D759D715322FD07A6F365FB10F18C1F0F126C6B4675","100","15","one TCP client and one sequential IMAP session per sample","0","PASS","45FA907CE0D3797C1E13EBB2F03F076A25656CCE27E801C18F745ACD3944FBBD","5136EEC556F9790732AE759EF52F77FE6172329EA55787A80300C4A824107E46","1","13","True","False","2560.551",,"True","1000","True","True","1000","True"
"512e2cc0-5ebd-4d17-b7cf-a18a28bccdb4","MANIFEST_BOUND","hmail-perf-pair-service-20260901","06EFCBA9520D478A6DAC7ABB7F09F3B63D015A0CD5ECA1EB4D0FD2CC8C38F9FD","net10","hmail_perf_pair_net10_20260831_head3","C:\hmail-perf-pair-service-20260901\net10\Data","393449EA88D8D3C63D044D759D715322FD07A6F365FB10F18C1F0F126C6B4675","100","15","one TCP client and one sequential IMAP session per sample","0","PASS","45FA907CE0D3797C1E13EBB2F03F076A25656CCE27E801C18F745ACD3944FBBD","5136EEC556F9790732AE759EF52F77FE6172329EA55787A80300C4A824107E46","1","14","True","False","2591.042",,"True","1000","True","True","1000","True"
"512e2cc0-5ebd-4d17-b7cf-a18a28bccdb4","MANIFEST_BOUND","hmail-perf-pair-service-20260901","06EFCBA9520D478A6DAC7ABB7F09F3B63D015A0CD5ECA1EB4D0FD2CC8C38F9FD","net10","hmail_perf_pair_net10_20260831_head3","C:\hmail-perf-pair-service-20260901\net10\Data","393449EA88D8D3C63D044D759D715322FD07A6F365FB10F18C1F0F126C6B4675","100","15","one TCP client and one sequential IMAP session per sample","0","PASS","45FA907CE0D3797C1E13EBB2F03F076A25656CCE27E801C18F745ACD3944FBBD","5136EEC556F9790732AE759EF52F77FE6172329EA55787A80300C4A824107E46","1","15","True","False","2245.364",,"True","1000","True","True","1000","True"
"512e2cc0-5ebd-4d17-b7cf-a18a28bccdb4","MANIFEST_BOUND","hmail-perf-pair-service-20260901","06EFCBA9520D478A6DAC7ABB7F09F3B63D015A0CD5ECA1EB4D0FD2CC8C38F9FD","net10","hmail_perf_pair_net10_20260831_head3","C:\hmail-perf-pair-service-20260901\net10\Data","393449EA88D8D3C63D044D759D715322FD07A6F365FB10F18C1F0F126C6B4675","100","15","one TCP client and one sequential IMAP session per sample","0","PASS","45FA907CE0D3797C1E13EBB2F03F076A25656CCE27E801C18F745ACD3944FBBD","5136EEC556F9790732AE759EF52F77FE6172329EA55787A80300C4A824107E46","1","16","True","False","2078.973",,"True","1000","True","True","1000","True"
"512e2cc0-5ebd-4d17-b7cf-a18a28bccdb4","MANIFEST_BOUND","hmail-perf-pair-service-20260901","06EFCBA9520D478A6DAC7ABB7F09F3B63D015A0CD5ECA1EB4D0FD2CC8C38F9FD","net10","hmail_perf_pair_net10_20260831_head3","C:\hmail-perf-pair-service-20260901\net10\Data","393449EA88D8D3C63D044D759D715322FD07A6F365FB10F18C1F0F126C6B4675","100","15","one TCP client and one sequential IMAP session per sample","0","PASS","45FA907CE0D3797C1E13EBB2F03F076A25656CCE27E801C18F745ACD3944FBBD","5136EEC556F9790732AE759EF52F77FE6172329EA55787A80300C4A824107E46","1","17","True","False","1346.973",,"True","1000","True","True","1000","True"
"512e2cc0-5ebd-4d17-b7cf-a18a28bccdb4","MANIFEST_BOUND","hmail-perf-pair-service-20260901","06EFCBA9520D478A6DAC7ABB7F09F3B63D015A0CD5ECA1EB4D0FD2CC8C38F9FD","net10","hmail_perf_pair_net10_20260831_head3","C:\hmail-perf-pair-service-20260901\net10\Data","393449EA88D8D3C63D044D759D715322FD07A6F365FB10F18C1F0F126C6B4675","100","15","one TCP client and one sequential IMAP session per sample","0","PASS","45FA907CE0D3797C1E13EBB2F03F076A25656CCE27E801C18F745ACD3944FBBD","5136EEC556F9790732AE759EF52F77FE6172329EA55787A80300C4A824107E46","1","18","True","False","1317.131",,"True","1000","True","True","1000","True"
"512e2cc0-5ebd-4d17-b7cf-a18a28bccdb4","MANIFEST_BOUND","hmail-perf-pair-service-20260901","06EFCBA9520D478A6DAC7ABB7F09F3B63D015A0CD5ECA1EB4D0FD2CC8C38F9FD","net10","hmail_perf_pair_net10_20260831_head3","C:\hmail-perf-pair-service-20260901\net10\Data","393449EA88D8D3C63D044D759D715322FD07A6F365FB10F18C1F0F126C6B4675","100","15","one TCP client and one sequential IMAP session per sample","0","PASS","45FA907CE0D3797C1E13EBB2F03F076A25656CCE27E801C18F745ACD3944FBBD","5136EEC556F9790732AE759EF52F77FE6172329EA55787A80300C4A824107E46","1","19","True","False","1335.522",,"True","1000","True","True","1000","True"
"512e2cc0-5ebd-4d17-b7cf-a18a28bccdb4","MANIFEST_BOUND","hmail-perf-pair-service-20260901","06EFCBA9520D478A6DAC7ABB7F09F3B63D015A0CD5ECA1EB4D0FD2CC8C38F9FD","net10","hmail_perf_pair_net10_20260831_head3","C:\hmail-perf-pair-service-20260901\net10\Data","393449EA88D8D3C63D044D759D715322FD07A6F365FB10F18C1F0F126C6B4675","100","15","one TCP client and one sequential IMAP session per sample","0","PASS","45FA907CE0D3797C1E13EBB2F03F076A25656CCE27E801C18F745ACD3944FBBD","5136EEC556F9790732AE759EF52F77FE6172329EA55787A80300C4A824107E46","1","20","True","False","2625.684",,"True","1000","True","True","1000","True"
"512e2cc0-5ebd-4d17-b7cf-a18a28bccdb4","MANIFEST_BOUND","hmail-perf-pair-service-20260901","06EFCBA9520D478A6DAC7ABB7F09F3B63D015A0CD5ECA1EB4D0FD2CC8C38F9FD","net10","hmail_perf_pair_net10_20260831_head3","C:\hmail-perf-pair-service-20260901\net10\Data","393449EA88D8D3C63D044D759D715322FD07A6F365FB10F18C1F0F126C6B4675","100","15","one TCP client and one sequential IMAP session per sample","0","PASS","45FA907CE0D3797C1E13EBB2F03F076A25656CCE27E801C18F745ACD3944FBBD","5136EEC556F9790732AE759EF52F77FE6172329EA55787A80300C4A824107E46","1","21","True","False","1321.433",,"True","1000","True","True","1000","True"
"512e2cc0-5ebd-4d17-b7cf-a18a28bccdb4","MANIFEST_BOUND","hmail-perf-pair-service-20260901","06EFCBA9520D478A6DAC7ABB7F09F3B63D015A0CD5ECA1EB4D0FD2CC8C38F9FD","net10","hmail_perf_pair_net10_20260831_head3","C:\hmail-perf-pair-service-20260901\net10\Data","393449EA88D8D3C63D044D759D715322FD07A6F365FB10F18C1F0F126C6B4675","100","15","one TCP client and one sequential IMAP session per sample","0","PASS","45FA907CE0D3797C1E13EBB2F03F076A25656CCE27E801C18F745ACD3944FBBD","5136EEC556F9790732AE759EF52F77FE6172329EA55787A80300C4A824107E46","1","22","True","False","1320.964",,"True","1000","True","True","1000","True"
"512e2cc0-5ebd-4d17-b7cf-a18a28bccdb4","MANIFEST_BOUND","hmail-perf-pair-service-20260901","06EFCBA9520D478A6DAC7ABB7F09F3B63D015A0CD5ECA1EB4D0FD2CC8C38F9FD","net10","hmail_perf_pair_net10_20260831_head3","C:\hmail-perf-pair-service-20260901\net10\Data","393449EA88D8D3C63D044D759D715322FD07A6F365FB10F18C1F0F126C6B4675","100","15","one TCP client and one sequential IMAP session per sample","0","PASS","45FA907CE0D3797C1E13EBB2F03F076A25656CCE27E801C18F745ACD3944FBBD","5136EEC556F9790732AE759EF52F77FE6172329EA55787A80300C4A824107E46","1","23","True","False","2582.884",,"True","1000","True","True","1000","True"
"512e2cc0-5ebd-4d17-b7cf-a18a28bccdb4","MANIFEST_BOUND","hmail-perf-pair-service-20260901","06EFCBA9520D478A6DAC7ABB7F09F3B63D015A0CD5ECA1EB4D0FD2CC8C38F9FD","net10","hmail_perf_pair_net10_20260831_head3","C:\hmail-perf-pair-service-20260901\net10\Data","393449EA88D8D3C63D044D759D715322FD07A6F365FB10F18C1F0F126C6B4675","100","15","one TCP client and one sequential IMAP session per sample","0","PASS","45FA907CE0D3797C1E13EBB2F03F076A25656CCE27E801C18F745ACD3944FBBD","5136EEC556F9790732AE759EF52F77FE6172329EA55787A80300C4A824107E46","1","24","True","False","2074.346",,"True","1000","True","True","1000","True"
"512e2cc0-5ebd-4d17-b7cf-a18a28bccdb4","MANIFEST_BOUND","hmail-perf-pair-service-20260901","06EFCBA9520D478A6DAC7ABB7F09F3B63D015A0CD5ECA1EB4D0FD2CC8C38F9FD","net10","hmail_perf_pair_net10_20260831_head3","C:\hmail-perf-pair-service-20260901\net10\Data","393449EA88D8D3C63D044D759D715322FD07A6F365FB10F18C1F0F126C6B4675","100","15","one TCP client and one sequential IMAP session per sample","0","PASS","45FA907CE0D3797C1E13EBB2F03F076A25656CCE27E801C18F745ACD3944FBBD","5136EEC556F9790732AE759EF52F77FE6172329EA55787A80300C4A824107E46","1","25","True","False","2479.426",,"True","1000","True","True","1000","True"
"512e2cc0-5ebd-4d17-b7cf-a18a28bccdb4","MANIFEST_BOUND","hmail-perf-pair-service-20260901","06EFCBA9520D478A6DAC7ABB7F09F3B63D015A0CD5ECA1EB4D0FD2CC8C38F9FD","net10","hmail_perf_pair_net10_20260831_head3","C:\hmail-perf-pair-service-20260901\net10\Data","393449EA88D8D3C63D044D759D715322FD07A6F365FB10F18C1F0F126C6B4675","100","15","one TCP client and one sequential IMAP session per sample","0","PASS","45FA907CE0D3797C1E13EBB2F03F076A25656CCE27E801C18F745ACD3944FBBD","5136EEC556F9790732AE759EF52F77FE6172329EA55787A80300C4A824107E46","1","26","True","False","1206.696",,"True","1000","True","True","1000","True"
"512e2cc0-5ebd-4d17-b7cf-a18a28bccdb4","MANIFEST_BOUND","hmail-perf-pair-service-20260901","06EFCBA9520D478A6DAC7ABB7F09F3B63D015A0CD5ECA1EB4D0FD2CC8C38F9FD","net10","hmail_perf_pair_net10_20260831_head3","C:\hmail-perf-pair-service-20260901\net10\Data","393449EA88D8D3C63D044D759D715322FD07A6F365FB10F18C1F0F126C6B4675","100","15","one TCP client and one sequential IMAP session per sample","0","PASS","45FA907CE0D3797C1E13EBB2F03F076A25656CCE27E801C18F745ACD3944FBBD","5136EEC556F9790732AE759EF52F77FE6172329EA55787A80300C4A824107E46","1","27","True","False","1332.058",,"True","1000","True","True","1000","True"
"512e2cc0-5ebd-4d17-b7cf-a18a28bccdb4","MANIFEST_BOUND","hmail-perf-pair-service-20260901","06EFCBA9520D478A6DAC7ABB7F09F3B63D015A0CD5ECA1EB4D0FD2CC8C38F9FD","net10","hmail_perf_pair_net10_20260831_head3","C:\hmail-perf-pair-service-20260901\net10\Data","393449EA88D8D3C63D044D759D715322FD07A6F365FB10F18C1F0F126C6B4675","100","15","one TCP client and one sequential IMAP session per sample","0","PASS","45FA907CE0D3797C1E13EBB2F03F076A25656CCE27E801C18F745ACD3944FBBD","5136EEC556F9790732AE759EF52F77FE6172329EA55787A80300C4A824107E46","1","28","True","False","1339.349",,"True","1000","True","True","1000","True"
"512e2cc0-5ebd-4d17-b7cf-a18a28bccdb4","MANIFEST_BOUND","hmail-perf-pair-service-20260901","06EFCBA9520D478A6DAC7ABB7F09F3B63D015A0CD5ECA1EB4D0FD2CC8C38F9FD","net10","hmail_perf_pair_net10_20260831_head3","C:\hmail-perf-pair-service-20260901\net10\Data","393449EA88D8D3C63D044D759D715322FD07A6F365FB10F18C1F0F126C6B4675","100","15","one TCP client and one sequential IMAP session per sample","0","PASS","45FA907CE0D3797C1E13EBB2F03F076A25656CCE27E801C18F745ACD3944FBBD","5136EEC556F9790732AE759EF52F77FE6172329EA55787A80300C4A824107E46","1","29","True","False","904.27",,"True","1000","True","True","1000","True"
"512e2cc0-5ebd-4d17-b7cf-a18a28bccdb4","MANIFEST_BOUND","hmail-perf-pair-service-20260901","06EFCBA9520D478A6DAC7ABB7F09F3B63D015A0CD5ECA1EB4D0FD2CC8C38F9FD","net10","hmail_perf_pair_net10_20260831_head3","C:\hmail-perf-pair-service-20260901\net10\Data","393449EA88D8D3C63D044D759D715322FD07A6F365FB10F18C1F0F126C6B4675","100","15","one TCP client and one sequential IMAP session per sample","0","PASS","45FA907CE0D3797C1E13EBB2F03F076A25656CCE27E801C18F745ACD3944FBBD","5136EEC556F9790732AE759EF52F77FE6172329EA55787A80300C4A824107E46","1","30","True","False","2863.536",,"True","1000","True","True","1000","True"
"512e2cc0-5ebd-4d17-b7cf-a18a28bccdb4","MANIFEST_BOUND","hmail-perf-pair-service-20260901","06EFCBA9520D478A6DAC7ABB7F09F3B63D015A0CD5ECA1EB4D0FD2CC8C38F9FD","net10","hmail_perf_pair_net10_20260831_head3","C:\hmail-perf-pair-service-20260901\net10\Data","393449EA88D8D3C63D044D759D715322FD07A6F365FB10F18C1F0F126C6B4675","100","15","one TCP client and one sequential IMAP session per sample","0","PASS","45FA907CE0D3797C1E13EBB2F03F076A25656CCE27E801C18F745ACD3944FBBD","5136EEC556F9790732AE759EF52F77FE6172329EA55787A80300C4A824107E46","1","31","True","False","1449.052",,"True","1000","True","True","1000","True"
"512e2cc0-5ebd-4d17-b7cf-a18a28bccdb4","MANIFEST_BOUND","hmail-perf-pair-service-20260901","06EFCBA9520D478A6DAC7ABB7F09F3B63D015A0CD5ECA1EB4D0FD2CC8C38F9FD","net10","hmail_perf_pair_net10_20260831_head3","C:\hmail-perf-pair-service-20260901\net10\Data","393449EA88D8D3C63D044D759D715322FD07A6F365FB10F18C1F0F126C6B4675","100","15","one TCP client and one sequential IMAP session per sample","0","PASS","45FA907CE0D3797C1E13EBB2F03F076A25656CCE27E801C18F745ACD3944FBBD","5136EEC556F9790732AE759EF52F77FE6172329EA55787A80300C4A824107E46","1","32","True","False","1315.024",,"True","1000","True","True","1000","True"
"512e2cc0-5ebd-4d17-b7cf-a18a28bccdb4","MANIFEST_BOUND","hmail-perf-pair-service-20260901","06EFCBA9520D478A6DAC7ABB7F09F3B63D015A0CD5ECA1EB4D0FD2CC8C38F9FD","net10","hmail_perf_pair_net10_20260831_head3","C:\hmail-perf-pair-service-20260901\net10\Data","393449EA88D8D3C63D044D759D715322FD07A6F365FB10F18C1F0F126C6B4675","100","15","one TCP client and one sequential IMAP session per sample","0","PASS","45FA907CE0D3797C1E13EBB2F03F076A25656CCE27E801C18F745ACD3944FBBD","5136EEC556F9790732AE759EF52F77FE6172329EA55787A80300C4A824107E46","1","33","True","False","2872.544",,"True","1000","True","True","1000","True"
"512e2cc0-5ebd-4d17-b7cf-a18a28bccdb4","MANIFEST_BOUND","hmail-perf-pair-service-20260901","06EFCBA9520D478A6DAC7ABB7F09F3B63D015A0CD5ECA1EB4D0FD2CC8C38F9FD","net10","hmail_perf_pair_net10_20260831_head3","C:\hmail-perf-pair-service-20260901\net10\Data","393449EA88D8D3C63D044D759D715322FD07A6F365FB10F18C1F0F126C6B4675","100","15","one TCP client and one sequential IMAP session per sample","0","PASS","45FA907CE0D3797C1E13EBB2F03F076A25656CCE27E801C18F745ACD3944FBBD","5136EEC556F9790732AE759EF52F77FE6172329EA55787A80300C4A824107E46","1","34","True","False","3034.025",,"True","1000","True","True","1000","True"
"512e2cc0-5ebd-4d17-b7cf-a18a28bccdb4","MANIFEST_BOUND","hmail-perf-pair-service-20260901","06EFCBA9520D478A6DAC7ABB7F09F3B63D015A0CD5ECA1EB4D0FD2CC8C38F9FD","net10","hmail_perf_pair_net10_20260831_head3","C:\hmail-perf-pair-service-20260901\net10\Data","393449EA88D8D3C63D044D759D715322FD07A6F365FB10F18C1F0F126C6B4675","100","15","one TCP client and one sequential IMAP session per sample","0","PASS","45FA907CE0D3797C1E13EBB2F03F076A25656CCE27E801C18F745ACD3944FBBD","5136EEC556F9790732AE759EF52F77FE6172329EA55787A80300C4A824107E46","1","35","True","False","1807.183",,"True","1000","True","True","1000","True"
"512e2cc0-5ebd-4d17-b7cf-a18a28bccdb4","MANIFEST_BOUND","hmail-perf-pair-service-20260901","06EFCBA9520D478A6DAC7ABB7F09F3B63D015A0CD5ECA1EB4D0FD2CC8C38F9FD","net10","hmail_perf_pair_net10_20260831_head3","C:\hmail-perf-pair-service-20260901\net10\Data","393449EA88D8D3C63D044D759D715322FD07A6F365FB10F18C1F0F126C6B4675","100","15","one TCP client and one sequential IMAP session per sample","0","PASS","45FA907CE0D3797C1E13EBB2F03F076A25656CCE27E801C18F745ACD3944FBBD","5136EEC556F9790732AE759EF52F77FE6172329EA55787A80300C4A824107E46","1","36","True","False","1167.157",,"True","1000","True","True","1000","True"
"512e2cc0-5ebd-4d17-b7cf-a18a28bccdb4","MANIFEST_BOUND","hmail-perf-pair-service-20260901","06EFCBA9520D478A6DAC7ABB7F09F3B63D015A0CD5ECA1EB4D0FD2CC8C38F9FD","net10","hmail_perf_pair_net10_20260831_head3","C:\hmail-perf-pair-service-20260901\net10\Data","393449EA88D8D3C63D044D759D715322FD07A6F365FB10F18C1F0F126C6B4675","100","15","one TCP client and one sequential IMAP session per sample","0","PASS","45FA907CE0D3797C1E13EBB2F03F076A25656CCE27E801C18F745ACD3944FBBD","5136EEC556F9790732AE759EF52F77FE6172329EA55787A80300C4A824107E46","1","37","True","False","2268.97",,"True","1000","True","True","1000","True"
"512e2cc0-5ebd-4d17-b7cf-a18a28bccdb4","MANIFEST_BOUND","hmail-perf-pair-service-20260901","06EFCBA9520D478A6DAC7ABB7F09F3B63D015A0CD5ECA1EB4D0FD2CC8C38F9FD","net10","hmail_perf_pair_net10_20260831_head3","C:\hmail-perf-pair-service-20260901\net10\Data","393449EA88D8D3C63D044D759D715322FD07A6F365FB10F18C1F0F126C6B4675","100","15","one TCP client and one sequential IMAP session per sample","0","PASS","45FA907CE0D3797C1E13EBB2F03F076A25656CCE27E801C18F745ACD3944FBBD","5136EEC556F9790732AE759EF52F77FE6172329EA55787A80300C4A824107E46","1","38","True","False","2562.735",,"True","1000","True","True","1000","True"
"512e2cc0-5ebd-4d17-b7cf-a18a28bccdb4","MANIFEST_BOUND","hmail-perf-pair-service-20260901","06EFCBA9520D478A6DAC7ABB7F09F3B63D015A0CD5ECA1EB4D0FD2CC8C38F9FD","net10","hmail_perf_pair_net10_20260831_head3","C:\hmail-perf-pair-service-20260901\net10\Data","393449EA88D8D3C63D044D759D715322FD07A6F365FB10F18C1F0F126C6B4675","100","15","one TCP client and one sequential IMAP session per sample","0","PASS","45FA907CE0D3797C1E13EBB2F03F076A25656CCE27E801C18F745ACD3944FBBD","5136EEC556F9790732AE759EF52F77FE6172329EA55787A80300C4A824107E46","1","39","True","False","1710.579",,"True","1000","True","True","1000","True"
"512e2cc0-5ebd-4d17-b7cf-a18a28bccdb4","MANIFEST_BOUND","hmail-perf-pair-service-20260901","06EFCBA9520D478A6DAC7ABB7F09F3B63D015A0CD5ECA1EB4D0FD2CC8C38F9FD","net10","hmail_perf_pair_net10_20260831_head3","C:\hmail-perf-pair-service-20260901\net10\Data","393449EA88D8D3C63D044D759D715322FD07A6F365FB10F18C1F0F126C6B4675","100","15","one TCP client and one sequential IMAP session per sample","0","PASS","45FA907CE0D3797C1E13EBB2F03F076A25656CCE27E801C18F745ACD3944FBBD","5136EEC556F9790732AE759EF52F77FE6172329EA55787A80300C4A824107E46","1","40","True","False","1317.632",,"True","1000","True","True","1000","True"
"512e2cc0-5ebd-4d17-b7cf-a18a28bccdb4","MANIFEST_BOUND","hmail-perf-pair-service-20260901","06EFCBA9520D478A6DAC7ABB7F09F3B63D015A0CD5ECA1EB4D0FD2CC8C38F9FD","net10","hmail_perf_pair_net10_20260831_head3","C:\hmail-perf-pair-service-20260901\net10\Data","393449EA88D8D3C63D044D759D715322FD07A6F365FB10F18C1F0F126C6B4675","100","15","one TCP client and one sequential IMAP session per sample","0","PASS","45FA907CE0D3797C1E13EBB2F03F076A25656CCE27E801C18F745ACD3944FBBD","5136EEC556F9790732AE759EF52F77FE6172329EA55787A80300C4A824107E46","1","41","True","False","2814.345",,"True","1000","True","True","1000","True"
"512e2cc0-5ebd-4d17-b7cf-a18a28bccdb4","MANIFEST_BOUND","hmail-perf-pair-service-20260901","06EFCBA9520D478A6DAC7ABB7F09F3B63D015A0CD5ECA1EB4D0FD2CC8C38F9FD","net10","hmail_perf_pair_net10_20260831_head3","C:\hmail-perf-pair-service-20260901\net10\Data","393449EA88D8D3C63D044D759D715322FD07A6F365FB10F18C1F0F126C6B4675","100","15","one TCP client and one sequential IMAP session per sample","0","PASS","45FA907CE0D3797C1E13EBB2F03F076A25656CCE27E801C18F745ACD3944FBBD","5136EEC556F9790732AE759EF52F77FE6172329EA55787A80300C4A824107E46","1","42","True","False","2564.748",,"True","1000","True","True","1000","True"
"512e2cc0-5ebd-4d17-b7cf-a18a28bccdb4","MANIFEST_BOUND","hmail-perf-pair-service-20260901","06EFCBA9520D478A6DAC7ABB7F09F3B63D015A0CD5ECA1EB4D0FD2CC8C38F9FD","net10","hmail_perf_pair_net10_20260831_head3","C:\hmail-perf-pair-service-20260901\net10\Data","393449EA88D8D3C63D044D759D715322FD07A6F365FB10F18C1F0F126C6B4675","100","15","one TCP client and one sequential IMAP session per sample","0","PASS","45FA907CE0D3797C1E13EBB2F03F076A25656CCE27E801C18F745ACD3944FBBD","5136EEC556F9790732AE759EF52F77FE6172329EA55787A80300C4A824107E46","1","43","True","False","2588.978",,"True","1000","True","True","1000","True"
"512e2cc0-5ebd-4d17-b7cf-a18a28bccdb4","MANIFEST_BOUND","hmail-perf-pair-service-20260901","06EFCBA9520D478A6DAC7ABB7F09F3B63D015A0CD5ECA1EB4D0FD2CC8C38F9FD","net10","hmail_perf_pair_net10_20260831_head3","C:\hmail-perf-pair-service-20260901\net10\Data","393449EA88D8D3C63D044D759D715322FD07A6F365FB10F18C1F0F126C6B4675","100","15","one TCP client and one sequential IMAP session per sample","0","PASS","45FA907CE0D3797C1E13EBB2F03F076A25656CCE27E801C18F745ACD3944FBBD","5136EEC556F9790732AE759EF52F77FE6172329EA55787A80300C4A824107E46","1","44","True","False","2519.15",,"True","1000","True","True","1000","True"
"512e2cc0-5ebd-4d17-b7cf-a18a28bccdb4","MANIFEST_BOUND","hmail-perf-pair-service-20260901","06EFCBA9520D478A6DAC7ABB7F09F3B63D015A0CD5ECA1EB4D0FD2CC8C38F9FD","net10","hmail_perf_pair_net10_20260831_head3","C:\hmail-perf-pair-service-20260901\net10\Data","393449EA88D8D3C63D044D759D715322FD07A6F365FB10F18C1F0F126C6B4675","100","15","one TCP client and one sequential IMAP session per sample","0","PASS","45FA907CE0D3797C1E13EBB2F03F076A25656CCE27E801C18F745ACD3944FBBD","5136EEC556F9790732AE759EF52F77FE6172329EA55787A80300C4A824107E46","1","45","True","False","3031.277",,"True","1000","True","True","1000","True"
"512e2cc0-5ebd-4d17-b7cf-a18a28bccdb4","MANIFEST_BOUND","hmail-perf-pair-service-20260901","06EFCBA9520D478A6DAC7ABB7F09F3B63D015A0CD5ECA1EB4D0FD2CC8C38F9FD","net10","hmail_perf_pair_net10_20260831_head3","C:\hmail-perf-pair-service-20260901\net10\Data","393449EA88D8D3C63D044D759D715322FD07A6F365FB10F18C1F0F126C6B4675","100","15","one TCP client and one sequential IMAP session per sample","0","PASS","45FA907CE0D3797C1E13EBB2F03F076A25656CCE27E801C18F745ACD3944FBBD","5136EEC556F9790732AE759EF52F77FE6172329EA55787A80300C4A824107E46","1","46","True","False","2526.145",,"True","1000","True","True","1000","True"
"512e2cc0-5ebd-4d17-b7cf-a18a28bccdb4","MANIFEST_BOUND","hmail-perf-pair-service-20260901","06EFCBA9520D478A6DAC7ABB7F09F3B63D015A0CD5ECA1EB4D0FD2CC8C38F9FD","net10","hmail_perf_pair_net10_20260831_head3","C:\hmail-perf-pair-service-20260901\net10\Data","393449EA88D8D3C63D044D759D715322FD07A6F365FB10F18C1F0F126C6B4675","100","15","one TCP client and one sequential IMAP session per sample","0","PASS","45FA907CE0D3797C1E13EBB2F03F076A25656CCE27E801C18F745ACD3944FBBD","5136EEC556F9790732AE759EF52F77FE6172329EA55787A80300C4A824107E46","1","47","True","False","2683.886",,"True","1000","True","True","1000","True"
"512e2cc0-5ebd-4d17-b7cf-a18a28bccdb4","MANIFEST_BOUND","hmail-perf-pair-service-20260901","06EFCBA9520D478A6DAC7ABB7F09F3B63D015A0CD5ECA1EB4D0FD2CC8C38F9FD","net10","hmail_perf_pair_net10_20260831_head3","C:\hmail-perf-pair-service-20260901\net10\Data","393449EA88D8D3C63D044D759D715322FD07A6F365FB10F18C1F0F126C6B4675","100","15","one TCP client and one sequential IMAP session per sample","0","PASS","45FA907CE0D3797C1E13EBB2F03F076A25656CCE27E801C18F745ACD3944FBBD","5136EEC556F9790732AE759EF52F77FE6172329EA55787A80300C4A824107E46","1","48","True","False","2560.032",,"True","1000","True","True","1000","True"
"512e2cc0-5ebd-4d17-b7cf-a18a28bccdb4","MANIFEST_BOUND","hmail-perf-pair-service-20260901","06EFCBA9520D478A6DAC7ABB7F09F3B63D015A0CD5ECA1EB4D0FD2CC8C38F9FD","net10","hmail_perf_pair_net10_20260831_head3","C:\hmail-perf-pair-service-20260901\net10\Data","393449EA88D8D3C63D044D759D715322FD07A6F365FB10F18C1F0F126C6B4675","100","15","one TCP client and one sequential IMAP session per sample","0","PASS","45FA907CE0D3797C1E13EBB2F03F076A25656CCE27E801C18F745ACD3944FBBD","5136EEC556F9790732AE759EF52F77FE6172329EA55787A80300C4A824107E46","1","49","True","False","2329.003",,"True","1000","True","True","1000","True"
"512e2cc0-5ebd-4d17-b7cf-a18a28bccdb4","MANIFEST_BOUND","hmail-perf-pair-service-20260901","06EFCBA9520D478A6DAC7ABB7F09F3B63D015A0CD5ECA1EB4D0FD2CC8C38F9FD","net10","hmail_perf_pair_net10_20260831_head3","C:\hmail-perf-pair-service-20260901\net10\Data","393449EA88D8D3C63D044D759D715322FD07A6F365FB10F18C1F0F126C6B4675","100","15","one TCP client and one sequential IMAP session per sample","0","PASS","45FA907CE0D3797C1E13EBB2F03F076A25656CCE27E801C18F745ACD3944FBBD","5136EEC556F9790732AE759EF52F77FE6172329EA55787A80300C4A824107E46","1","50","True","False","2837.143",,"True","1000","True","True","1000","True"
"512e2cc0-5ebd-4d17-b7cf-a18a28bccdb4","MANIFEST_BOUND","hmail-perf-pair-service-20260901","06EFCBA9520D478A6DAC7ABB7F09F3B63D015A0CD5ECA1EB4D0FD2CC8C38F9FD","net10","hmail_perf_pair_net10_20260831_head3","C:\hmail-perf-pair-service-20260901\net10\Data","393449EA88D8D3C63D044D759D715322FD07A6F365FB10F18C1F0F126C6B4675","100","15","one TCP client and one sequential IMAP session per sample","0","PASS","45FA907CE0D3797C1E13EBB2F03F076A25656CCE27E801C18F745ACD3944FBBD","5136EEC556F9790732AE759EF52F77FE6172329EA55787A80300C4A824107E46","1","51","True","False","2588.764",,"True","1000","True","True","1000","True"
"512e2cc0-5ebd-4d17-b7cf-a18a28bccdb4","MANIFEST_BOUND","hmail-perf-pair-service-20260901","06EFCBA9520D478A6DAC7ABB7F09F3B63D015A0CD5ECA1EB4D0FD2CC8C38F9FD","net10","hmail_perf_pair_net10_20260831_head3","C:\hmail-perf-pair-service-20260901\net10\Data","393449EA88D8D3C63D044D759D715322FD07A6F365FB10F18C1F0F126C6B4675","100","15","one TCP client and one sequential IMAP session per sample","0","PASS","45FA907CE0D3797C1E13EBB2F03F076A25656CCE27E801C18F745ACD3944FBBD","5136EEC556F9790732AE759EF52F77FE6172329EA55787A80300C4A824107E46","1","52","True","False","2507.154",,"True","1000","True","True","1000","True"
"512e2cc0-5ebd-4d17-b7cf-a18a28bccdb4","MANIFEST_BOUND","hmail-perf-pair-service-20260901","06EFCBA9520D478A6DAC7ABB7F09F3B63D015A0CD5ECA1EB4D0FD2CC8C38F9FD","net10","hmail_perf_pair_net10_20260831_head3","C:\hmail-perf-pair-service-20260901\net10\Data","393449EA88D8D3C63D044D759D715322FD07A6F365FB10F18C1F0F126C6B4675","100","15","one TCP client and one sequential IMAP session per sample","0","PASS","45FA907CE0D3797C1E13EBB2F03F076A25656CCE27E801C18F745ACD3944FBBD","5136EEC556F9790732AE759EF52F77FE6172329EA55787A80300C4A824107E46","1","53","True","False","2598.567",,"True","1000","True","True","1000","True"
"512e2cc0-5ebd-4d17-b7cf-a18a28bccdb4","MANIFEST_BOUND","hmail-perf-pair-service-20260901","06EFCBA9520D478A6DAC7ABB7F09F3B63D015A0CD5ECA1EB4D0FD2CC8C38F9FD","net10","hmail_perf_pair_net10_20260831_head3","C:\hmail-perf-pair-service-20260901\net10\Data","393449EA88D8D3C63D044D759D715322FD07A6F365FB10F18C1F0F126C6B4675","100","15","one TCP client and one sequential IMAP session per sample","0","PASS","45FA907CE0D3797C1E13EBB2F03F076A25656CCE27E801C18F745ACD3944FBBD","5136EEC556F9790732AE759EF52F77FE6172329EA55787A80300C4A824107E46","1","54","True","False","2708.586",,"True","1000","True","True","1000","True"
"512e2cc0-5ebd-4d17-b7cf-a18a28bccdb4","MANIFEST_BOUND","hmail-perf-pair-service-20260901","06EFCBA9520D478A6DAC7ABB7F09F3B63D015A0CD5ECA1EB4D0FD2CC8C38F9FD","net10","hmail_perf_pair_net10_20260831_head3","C:\hmail-perf-pair-service-20260901\net10\Data","393449EA88D8D3C63D044D759D715322FD07A6F365FB10F18C1F0F126C6B4675","100","15","one TCP client and one sequential IMAP session per sample","0","PASS","45FA907CE0D3797C1E13EBB2F03F076A25656CCE27E801C18F745ACD3944FBBD","5136EEC556F9790732AE759EF52F77FE6172329EA55787A80300C4A824107E46","1","55","True","False","2260.24",,"True","1000","True","True","1000","True"
"512e2cc0-5ebd-4d17-b7cf-a18a28bccdb4","MANIFEST_BOUND","hmail-perf-pair-service-20260901","06EFCBA9520D478A6DAC7ABB7F09F3B63D015A0CD5ECA1EB4D0FD2CC8C38F9FD","net10","hmail_perf_pair_net10_20260831_head3","C:\hmail-perf-pair-service-20260901\net10\Data","393449EA88D8D3C63D044D759D715322FD07A6F365FB10F18C1F0F126C6B4675","100","15","one TCP client and one sequential IMAP session per sample","0","PASS","45FA907CE0D3797C1E13EBB2F03F076A25656CCE27E801C18F745ACD3944FBBD","5136EEC556F9790732AE759EF52F77FE6172329EA55787A80300C4A824107E46","1","56","True","False","3241.519",,"True","1000","True","True","1000","True"
"512e2cc0-5ebd-4d17-b7cf-a18a28bccdb4","MANIFEST_BOUND","hmail-perf-pair-service-20260901","06EFCBA9520D478A6DAC7ABB7F09F3B63D015A0CD5ECA1EB4D0FD2CC8C38F9FD","net10","hmail_perf_pair_net10_20260831_head3","C:\hmail-perf-pair-service-20260901\net10\Data","393449EA88D8D3C63D044D759D715322FD07A6F365FB10F18C1F0F126C6B4675","100","15","one TCP client and one sequential IMAP session per sample","0","PASS","45FA907CE0D3797C1E13EBB2F03F076A25656CCE27E801C18F745ACD3944FBBD","5136EEC556F9790732AE759EF52F77FE6172329EA55787A80300C4A824107E46","1","57","True","False","2282.974",,"True","1000","True","True","1000","True"
"512e2cc0-5ebd-4d17-b7cf-a18a28bccdb4","MANIFEST_BOUND","hmail-perf-pair-service-20260901","06EFCBA9520D478A6DAC7ABB7F09F3B63D015A0CD5ECA1EB4D0FD2CC8C38F9FD","net10","hmail_perf_pair_net10_20260831_head3","C:\hmail-perf-pair-service-20260901\net10\Data","393449EA88D8D3C63D044D759D715322FD07A6F365FB10F18C1F0F126C6B4675","100","15","one TCP client and one sequential IMAP session per sample","0","PASS","45FA907CE0D3797C1E13EBB2F03F076A25656CCE27E801C18F745ACD3944FBBD","5136EEC556F9790732AE759EF52F77FE6172329EA55787A80300C4A824107E46","1","58","True","False","1919.662",,"True","1000","True","True","1000","True"
"512e2cc0-5ebd-4d17-b7cf-a18a28bccdb4","MANIFEST_BOUND","hmail-perf-pair-service-20260901","06EFCBA9520D478A6DAC7ABB7F09F3B63D015A0CD5ECA1EB4D0FD2CC8C38F9FD","net10","hmail_perf_pair_net10_20260831_head3","C:\hmail-perf-pair-service-20260901\net10\Data","393449EA88D8D3C63D044D759D715322FD07A6F365FB10F18C1F0F126C6B4675","100","15","one TCP client and one sequential IMAP session per sample","0","PASS","45FA907CE0D3797C1E13EBB2F03F076A25656CCE27E801C18F745ACD3944FBBD","5136EEC556F9790732AE759EF52F77FE6172329EA55787A80300C4A824107E46","1","59","True","False","2594.784",,"True","1000","True","True","1000","True"
"512e2cc0-5ebd-4d17-b7cf-a18a28bccdb4","MANIFEST_BOUND","hmail-perf-pair-service-20260901","06EFCBA9520D478A6DAC7ABB7F09F3B63D015A0CD5ECA1EB4D0FD2CC8C38F9FD","net10","hmail_perf_pair_net10_20260831_head3","C:\hmail-perf-pair-service-20260901\net10\Data","393449EA88D8D3C63D044D759D715322FD07A6F365FB10F18C1F0F126C6B4675","100","15","one TCP client and one sequential IMAP session per sample","0","PASS","45FA907CE0D3797C1E13EBB2F03F076A25656CCE27E801C18F745ACD3944FBBD","5136EEC556F9790732AE759EF52F77FE6172329EA55787A80300C4A824107E46","1","60","True","False","2313.935",,"True","1000","True","True","1000","True"
"512e2cc0-5ebd-4d17-b7cf-a18a28bccdb4","MANIFEST_BOUND","hmail-perf-pair-service-20260901","06EFCBA9520D478A6DAC7ABB7F09F3B63D015A0CD5ECA1EB4D0FD2CC8C38F9FD","net10","hmail_perf_pair_net10_20260831_head3","C:\hmail-perf-pair-service-20260901\net10\Data","393449EA88D8D3C63D044D759D715322FD07A6F365FB10F18C1F0F126C6B4675","100","15","one TCP client and one sequential IMAP session per sample","0","PASS","45FA907CE0D3797C1E13EBB2F03F076A25656CCE27E801C18F745ACD3944FBBD","5136EEC556F9790732AE759EF52F77FE6172329EA55787A80300C4A824107E46","1","61","True","False","2229.56",,"True","1000","True","True","1000","True"
"512e2cc0-5ebd-4d17-b7cf-a18a28bccdb4","MANIFEST_BOUND","hmail-perf-pair-service-20260901","06EFCBA9520D478A6DAC7ABB7F09F3B63D015A0CD5ECA1EB4D0FD2CC8C38F9FD","net10","hmail_perf_pair_net10_20260831_head3","C:\hmail-perf-pair-service-20260901\net10\Data","393449EA88D8D3C63D044D759D715322FD07A6F365FB10F18C1F0F126C6B4675","100","15","one TCP client and one sequential IMAP session per sample","0","PASS","45FA907CE0D3797C1E13EBB2F03F076A25656CCE27E801C18F745ACD3944FBBD","5136EEC556F9790732AE759EF52F77FE6172329EA55787A80300C4A824107E46","1","62","True","False","2572.058",,"True","1000","True","True","1000","True"
"512e2cc0-5ebd-4d17-b7cf-a18a28bccdb4","MANIFEST_BOUND","hmail-perf-pair-service-20260901","06EFCBA9520D478A6DAC7ABB7F09F3B63D015A0CD5ECA1EB4D0FD2CC8C38F9FD","net10","hmail_perf_pair_net10_20260831_head3","C:\hmail-perf-pair-service-20260901\net10\Data","393449EA88D8D3C63D044D759D715322FD07A6F365FB10F18C1F0F126C6B4675","100","15","one TCP client and one sequential IMAP session per sample","0","PASS","45FA907CE0D3797C1E13EBB2F03F076A25656CCE27E801C18F745ACD3944FBBD","5136EEC556F9790732AE759EF52F77FE6172329EA55787A80300C4A824107E46","1","63","True","False","2259.634",,"True","1000","True","True","1000","True"
"512e2cc0-5ebd-4d17-b7cf-a18a28bccdb4","MANIFEST_BOUND","hmail-perf-pair-service-20260901","06EFCBA9520D478A6DAC7ABB7F09F3B63D015A0CD5ECA1EB4D0FD2CC8C38F9FD","net10","hmail_perf_pair_net10_20260831_head3","C:\hmail-perf-pair-service-20260901\net10\Data","393449EA88D8D3C63D044D759D715322FD07A6F365FB10F18C1F0F126C6B4675","100","15","one TCP client and one sequential IMAP session per sample","0","PASS","45FA907CE0D3797C1E13EBB2F03F076A25656CCE27E801C18F745ACD3944FBBD","5136EEC556F9790732AE759EF52F77FE6172329EA55787A80300C4A824107E46","1","64","True","False","2238.572",,"True","1000","True","True","1000","True"
"512e2cc0-5ebd-4d17-b7cf-a18a28bccdb4","MANIFEST_BOUND","hmail-perf-pair-service-20260901","06EFCBA9520D478A6DAC7ABB7F09F3B63D015A0CD5ECA1EB4D0FD2CC8C38F9FD","net10","hmail_perf_pair_net10_20260831_head3","C:\hmail-perf-pair-service-20260901\net10\Data","393449EA88D8D3C63D044D759D715322FD07A6F365FB10F18C1F0F126C6B4675","100","15","one TCP client and one sequential IMAP session per sample","0","PASS","45FA907CE0D3797C1E13EBB2F03F076A25656CCE27E801C18F745ACD3944FBBD","5136EEC556F9790732AE759EF52F77FE6172329EA55787A80300C4A824107E46","1","65","True","False","1329.561",,"True","1000","True","True","1000","True"
"512e2cc0-5ebd-4d17-b7cf-a18a28bccdb4","MANIFEST_BOUND","hmail-perf-pair-service-20260901","06EFCBA9520D478A6DAC7ABB7F09F3B63D015A0CD5ECA1EB4D0FD2CC8C38F9FD","net10","hmail_perf_pair_net10_20260831_head3","C:\hmail-perf-pair-service-20260901\net10\Data","393449EA88D8D3C63D044D759D715322FD07A6F365FB10F18C1F0F126C6B4675","100","15","one TCP client and one sequential IMAP session per sample","0","PASS","45FA907CE0D3797C1E13EBB2F03F076A25656CCE27E801C18F745ACD3944FBBD","5136EEC556F9790732AE759EF52F77FE6172329EA55787A80300C4A824107E46","1","66","True","False","1313.43",,"True","1000","True","True","1000","True"
"512e2cc0-5ebd-4d17-b7cf-a18a28bccdb4","MANIFEST_BOUND","hmail-perf-pair-service-20260901","06EFCBA9520D478A6DAC7ABB7F09F3B63D015A0CD5ECA1EB4D0FD2CC8C38F9FD","net10","hmail_perf_pair_net10_20260831_head3","C:\hmail-perf-pair-service-20260901\net10\Data","393449EA88D8D3C63D044D759D715322FD07A6F365FB10F18C1F0F126C6B4675","100","15","one TCP client and one sequential IMAP session per sample","0","PASS","45FA907CE0D3797C1E13EBB2F03F076A25656CCE27E801C18F745ACD3944FBBD","5136EEC556F9790732AE759EF52F77FE6172329EA55787A80300C4A824107E46","1","67","True","False","2042.359",,"True","1000","True","True","1000","True"
"512e2cc0-5ebd-4d17-b7cf-a18a28bccdb4","MANIFEST_BOUND","hmail-perf-pair-service-20260901","06EFCBA9520D478A6DAC7ABB7F09F3B63D015A0CD5ECA1EB4D0FD2CC8C38F9FD","net10","hmail_perf_pair_net10_20260831_head3","C:\hmail-perf-pair-service-20260901\net10\Data","393449EA88D8D3C63D044D759D715322FD07A6F365FB10F18C1F0F126C6B4675","100","15","one TCP client and one sequential IMAP session per sample","0","PASS","45FA907CE0D3797C1E13EBB2F03F076A25656CCE27E801C18F745ACD3944FBBD","5136EEC556F9790732AE759EF52F77FE6172329EA55787A80300C4A824107E46","1","68","True","False","436.89",,"True","1000","True","True","1000","True"
"512e2cc0-5ebd-4d17-b7cf-a18a28bccdb4","MANIFEST_BOUND","hmail-perf-pair-service-20260901","06EFCBA9520D478A6DAC7ABB7F09F3B63D015A0CD5ECA1EB4D0FD2CC8C38F9FD","net10","hmail_perf_pair_net10_20260831_head3","C:\hmail-perf-pair-service-20260901\net10\Data","393449EA88D8D3C63D044D759D715322FD07A6F365FB10F18C1F0F126C6B4675","100","15","one TCP client and one sequential IMAP session per sample","0","PASS","45FA907CE0D3797C1E13EBB2F03F076A25656CCE27E801C18F745ACD3944FBBD","5136EEC556F9790732AE759EF52F77FE6172329EA55787A80300C4A824107E46","1","69","True","False","2082.346",,"True","1000","True","True","1000","True"
"512e2cc0-5ebd-4d17-b7cf-a18a28bccdb4","MANIFEST_BOUND","hmail-perf-pair-service-20260901","06EFCBA9520D478A6DAC7ABB7F09F3B63D015A0CD5ECA1EB4D0FD2CC8C38F9FD","net10","hmail_perf_pair_net10_20260831_head3","C:\hmail-perf-pair-service-20260901\net10\Data","393449EA88D8D3C63D044D759D715322FD07A6F365FB10F18C1F0F126C6B4675","100","15","one TCP client and one sequential IMAP session per sample","0","PASS","45FA907CE0D3797C1E13EBB2F03F076A25656CCE27E801C18F745ACD3944FBBD","5136EEC556F9790732AE759EF52F77FE6172329EA55787A80300C4A824107E46","1","70","True","False","2130.285",,"True","1000","True","True","1000","True"
"512e2cc0-5ebd-4d17-b7cf-a18a28bccdb4","MANIFEST_BOUND","hmail-perf-pair-service-20260901","06EFCBA9520D478A6DAC7ABB7F09F3B63D015A0CD5ECA1EB4D0FD2CC8C38F9FD","net10","hmail_perf_pair_net10_20260831_head3","C:\hmail-perf-pair-service-20260901\net10\Data","393449EA88D8D3C63D044D759D715322FD07A6F365FB10F18C1F0F126C6B4675","100","15","one TCP client and one sequential IMAP session per sample","0","PASS","45FA907CE0D3797C1E13EBB2F03F076A25656CCE27E801C18F745ACD3944FBBD","5136EEC556F9790732AE759EF52F77FE6172329EA55787A80300C4A824107E46","1","71","True","False","2237.632",,"True","1000","True","True","1000","True"
"512e2cc0-5ebd-4d17-b7cf-a18a28bccdb4","MANIFEST_BOUND","hmail-perf-pair-service-20260901","06EFCBA9520D478A6DAC7ABB7F09F3B63D015A0CD5ECA1EB4D0FD2CC8C38F9FD","net10","hmail_perf_pair_net10_20260831_head3","C:\hmail-perf-pair-service-20260901\net10\Data","393449EA88D8D3C63D044D759D715322FD07A6F365FB10F18C1F0F126C6B4675","100","15","one TCP client and one sequential IMAP session per sample","0","PASS","45FA907CE0D3797C1E13EBB2F03F076A25656CCE27E801C18F745ACD3944FBBD","5136EEC556F9790732AE759EF52F77FE6172329EA55787A80300C4A824107E46","1","72","True","False","2402.614",,"True","1000","True","True","1000","True"
"512e2cc0-5ebd-4d17-b7cf-a18a28bccdb4","MANIFEST_BOUND","hmail-perf-pair-service-20260901","06EFCBA9520D478A6DAC7ABB7F09F3B63D015A0CD5ECA1EB4D0FD2CC8C38F9FD","net10","hmail_perf_pair_net10_20260831_head3","C:\hmail-perf-pair-service-20260901\net10\Data","393449EA88D8D3C63D044D759D715322FD07A6F365FB10F18C1F0F126C6B4675","100","15","one TCP client and one sequential IMAP session per sample","0","PASS","45FA907CE0D3797C1E13EBB2F03F076A25656CCE27E801C18F745ACD3944FBBD","5136EEC556F9790732AE759EF52F77FE6172329EA55787A80300C4A824107E46","1","73","True","False","2258.921",,"True","1000","True","True","1000","True"
"512e2cc0-5ebd-4d17-b7cf-a18a28bccdb4","MANIFEST_BOUND","hmail-perf-pair-service-20260901","06EFCBA9520D478A6DAC7ABB7F09F3B63D015A0CD5ECA1EB4D0FD2CC8C38F9FD","net10","hmail_perf_pair_net10_20260831_head3","C:\hmail-perf-pair-service-20260901\net10\Data","393449EA88D8D3C63D044D759D715322FD07A6F365FB10F18C1F0F126C6B4675","100","15","one TCP client and one sequential IMAP session per sample","0","PASS","45FA907CE0D3797C1E13EBB2F03F076A25656CCE27E801C18F745ACD3944FBBD","5136EEC556F9790732AE759EF52F77FE6172329EA55787A80300C4A824107E46","1","74","True","False","888.762",,"True","1000","True","True","1000","True"
"512e2cc0-5ebd-4d17-b7cf-a18a28bccdb4","MANIFEST_BOUND","hmail-perf-pair-service-20260901","06EFCBA9520D478A6DAC7ABB7F09F3B63D015A0CD5ECA1EB4D0FD2CC8C38F9FD","net10","hmail_perf_pair_net10_20260831_head3","C:\hmail-perf-pair-service-20260901\net10\Data","393449EA88D8D3C63D044D759D715322FD07A6F365FB10F18C1F0F126C6B4675","100","15","one TCP client and one sequential IMAP session per sample","0","PASS","45FA907CE0D3797C1E13EBB2F03F076A25656CCE27E801C18F745ACD3944FBBD","5136EEC556F9790732AE759EF52F77FE6172329EA55787A80300C4A824107E46","1","75","True","False","2301.691",,"True","1000","True","True","1000","True"
"512e2cc0-5ebd-4d17-b7cf-a18a28bccdb4","MANIFEST_BOUND","hmail-perf-pair-service-20260901","06EFCBA9520D478A6DAC7ABB7F09F3B63D015A0CD5ECA1EB4D0FD2CC8C38F9FD","net10","hmail_perf_pair_net10_20260831_head3","C:\hmail-perf-pair-service-20260901\net10\Data","393449EA88D8D3C63D044D759D715322FD07A6F365FB10F18C1F0F126C6B4675","100","15","one TCP client and one sequential IMAP session per sample","0","PASS","45FA907CE0D3797C1E13EBB2F03F076A25656CCE27E801C18F745ACD3944FBBD","5136EEC556F9790732AE759EF52F77FE6172329EA55787A80300C4A824107E46","1","76","True","False","410.468",,"True","1000","True","True","1000","True"
"512e2cc0-5ebd-4d17-b7cf-a18a28bccdb4","MANIFEST_BOUND","hmail-perf-pair-service-20260901","06EFCBA9520D478A6DAC7ABB7F09F3B63D015A0CD5ECA1EB4D0FD2CC8C38F9FD","net10","hmail_perf_pair_net10_20260831_head3","C:\hmail-perf-pair-service-20260901\net10\Data","393449EA88D8D3C63D044D759D715322FD07A6F365FB10F18C1F0F126C6B4675","100","15","one TCP client and one sequential IMAP session per sample","0","PASS","45FA907CE0D3797C1E13EBB2F03F076A25656CCE27E801C18F745ACD3944FBBD","5136EEC556F9790732AE759EF52F77FE6172329EA55787A80300C4A824107E46","1","77","True","False","2104.115",,"True","1000","True","True","1000","True"
"512e2cc0-5ebd-4d17-b7cf-a18a28bccdb4","MANIFEST_BOUND","hmail-perf-pair-service-20260901","06EFCBA9520D478A6DAC7ABB7F09F3B63D015A0CD5ECA1EB4D0FD2CC8C38F9FD","net10","hmail_perf_pair_net10_20260831_head3","C:\hmail-perf-pair-service-20260901\net10\Data","393449EA88D8D3C63D044D759D715322FD07A6F365FB10F18C1F0F126C6B4675","100","15","one TCP client and one sequential IMAP session per sample","0","PASS","45FA907CE0D3797C1E13EBB2F03F076A25656CCE27E801C18F745ACD3944FBBD","5136EEC556F9790732AE759EF52F77FE6172329EA55787A80300C4A824107E46","1","78","True","False","425.628",,"True","1000","True","True","1000","True"
"512e2cc0-5ebd-4d17-b7cf-a18a28bccdb4","MANIFEST_BOUND","hmail-perf-pair-service-20260901","06EFCBA9520D478A6DAC7ABB7F09F3B63D015A0CD5ECA1EB4D0FD2CC8C38F9FD","net10","hmail_perf_pair_net10_20260831_head3","C:\hmail-perf-pair-service-20260901\net10\Data","393449EA88D8D3C63D044D759D715322FD07A6F365FB10F18C1F0F126C6B4675","100","15","one TCP client and one sequential IMAP session per sample","0","PASS","45FA907CE0D3797C1E13EBB2F03F076A25656CCE27E801C18F745ACD3944FBBD","5136EEC556F9790732AE759EF52F77FE6172329EA55787A80300C4A824107E46","1","79","True","False","2144.177",,"True","1000","True","True","1000","True"
"512e2cc0-5ebd-4d17-b7cf-a18a28bccdb4","MANIFEST_BOUND","hmail-perf-pair-service-20260901","06EFCBA9520D478A6DAC7ABB7F09F3B63D015A0CD5ECA1EB4D0FD2CC8C38F9FD","net10","hmail_perf_pair_net10_20260831_head3","C:\hmail-perf-pair-service-20260901\net10\Data","393449EA88D8D3C63D044D759D715322FD07A6F365FB10F18C1F0F126C6B4675","100","15","one TCP client and one sequential IMAP session per sample","0","PASS","45FA907CE0D3797C1E13EBB2F03F076A25656CCE27E801C18F745ACD3944FBBD","5136EEC556F9790732AE759EF52F77FE6172329EA55787A80300C4A824107E46","1","80","True","False","2038.354",,"True","1000","True","True","1000","True"
"512e2cc0-5ebd-4d17-b7cf-a18a28bccdb4","MANIFEST_BOUND","hmail-perf-pair-service-20260901","06EFCBA9520D478A6DAC7ABB7F09F3B63D015A0CD5ECA1EB4D0FD2CC8C38F9FD","net10","hmail_perf_pair_net10_20260831_head3","C:\hmail-perf-pair-service-20260901\net10\Data","393449EA88D8D3C63D044D759D715322FD07A6F365FB10F18C1F0F126C6B4675","100","15","one TCP client and one sequential IMAP session per sample","0","PASS","45FA907CE0D3797C1E13EBB2F03F076A25656CCE27E801C18F745ACD3944FBBD","5136EEC556F9790732AE759EF52F77FE6172329EA55787A80300C4A824107E46","1","81","True","False","1952.86",,"True","1000","True","True","1000","True"
"512e2cc0-5ebd-4d17-b7cf-a18a28bccdb4","MANIFEST_BOUND","hmail-perf-pair-service-20260901","06EFCBA9520D478A6DAC7ABB7F09F3B63D015A0CD5ECA1EB4D0FD2CC8C38F9FD","net10","hmail_perf_pair_net10_20260831_head3","C:\hmail-perf-pair-service-20260901\net10\Data","393449EA88D8D3C63D044D759D715322FD07A6F365FB10F18C1F0F126C6B4675","100","15","one TCP client and one sequential IMAP session per sample","0","PASS","45FA907CE0D3797C1E13EBB2F03F076A25656CCE27E801C18F745ACD3944FBBD","5136EEC556F9790732AE759EF52F77FE6172329EA55787A80300C4A824107E46","1","82","True","False","2039.274",,"True","1000","True","True","1000","True"
"512e2cc0-5ebd-4d17-b7cf-a18a28bccdb4","MANIFEST_BOUND","hmail-perf-pair-service-20260901","06EFCBA9520D478A6DAC7ABB7F09F3B63D015A0CD5ECA1EB4D0FD2CC8C38F9FD","net10","hmail_perf_pair_net10_20260831_head3","C:\hmail-perf-pair-service-20260901\net10\Data","393449EA88D8D3C63D044D759D715322FD07A6F365FB10F18C1F0F126C6B4675","100","15","one TCP client and one sequential IMAP session per sample","0","PASS","45FA907CE0D3797C1E13EBB2F03F076A25656CCE27E801C18F745ACD3944FBBD","5136EEC556F9790732AE759EF52F77FE6172329EA55787A80300C4A824107E46","1","83","True","False","1917.672",,"True","1000","True","True","1000","True"
"512e2cc0-5ebd-4d17-b7cf-a18a28bccdb4","MANIFEST_BOUND","hmail-perf-pair-service-20260901","06EFCBA9520D478A6DAC7ABB7F09F3B63D015A0CD5ECA1EB4D0FD2CC8C38F9FD","net10","hmail_perf_pair_net10_20260831_head3","C:\hmail-perf-pair-service-20260901\net10\Data","393449EA88D8D3C63D044D759D715322FD07A6F365FB10F18C1F0F126C6B4675","100","15","one TCP client and one sequential IMAP session per sample","0","PASS","45FA907CE0D3797C1E13EBB2F03F076A25656CCE27E801C18F745ACD3944FBBD","5136EEC556F9790732AE759EF52F77FE6172329EA55787A80300C4A824107E46","1","84","True","False","2050.311",,"True","1000","True","True","1000","True"
"512e2cc0-5ebd-4d17-b7cf-a18a28bccdb4","MANIFEST_BOUND","hmail-perf-pair-service-20260901","06EFCBA9520D478A6DAC7ABB7F09F3B63D015A0CD5ECA1EB4D0FD2CC8C38F9FD","net10","hmail_perf_pair_net10_20260831_head3","C:\hmail-perf-pair-service-20260901\net10\Data","393449EA88D8D3C63D044D759D715322FD07A6F365FB10F18C1F0F126C6B4675","100","15","one TCP client and one sequential IMAP session per sample","0","PASS","45FA907CE0D3797C1E13EBB2F03F076A25656CCE27E801C18F745ACD3944FBBD","5136EEC556F9790732AE759EF52F77FE6172329EA55787A80300C4A824107E46","1","85","True","False","2116.238",,"True","1000","True","True","1000","True"
"512e2cc0-5ebd-4d17-b7cf-a18a28bccdb4","MANIFEST_BOUND","hmail-perf-pair-service-20260901","06EFCBA9520D478A6DAC7ABB7F09F3B63D015A0CD5ECA1EB4D0FD2CC8C38F9FD","net10","hmail_perf_pair_net10_20260831_head3","C:\hmail-perf-pair-service-20260901\net10\Data","393449EA88D8D3C63D044D759D715322FD07A6F365FB10F18C1F0F126C6B4675","100","15","one TCP client and one sequential IMAP session per sample","0","PASS","45FA907CE0D3797C1E13EBB2F03F076A25656CCE27E801C18F745ACD3944FBBD","5136EEC556F9790732AE759EF52F77FE6172329EA55787A80300C4A824107E46","1","86","True","False","426.297",,"True","1000","True","True","1000","True"
"512e2cc0-5ebd-4d17-b7cf-a18a28bccdb4","MANIFEST_BOUND","hmail-perf-pair-service-20260901","06EFCBA9520D478A6DAC7ABB7F09F3B63D015A0CD5ECA1EB4D0FD2CC8C38F9FD","net10","hmail_perf_pair_net10_20260831_head3","C:\hmail-perf-pair-service-20260901\net10\Data","393449EA88D8D3C63D044D759D715322FD07A6F365FB10F18C1F0F126C6B4675","100","15","one TCP client and one sequential IMAP session per sample","0","PASS","45FA907CE0D3797C1E13EBB2F03F076A25656CCE27E801C18F745ACD3944FBBD","5136EEC556F9790732AE759EF52F77FE6172329EA55787A80300C4A824107E46","1","87","True","False","462.457",,"True","1000","True","True","1000","True"
"512e2cc0-5ebd-4d17-b7cf-a18a28bccdb4","MANIFEST_BOUND","hmail-perf-pair-service-20260901","06EFCBA9520D478A6DAC7ABB7F09F3B63D015A0CD5ECA1EB4D0FD2CC8C38F9FD","net10","hmail_perf_pair_net10_20260831_head3","C:\hmail-perf-pair-service-20260901\net10\Data","393449EA88D8D3C63D044D759D715322FD07A6F365FB10F18C1F0F126C6B4675","100","15","one TCP client and one sequential IMAP session per sample","0","PASS","45FA907CE0D3797C1E13EBB2F03F076A25656CCE27E801C18F745ACD3944FBBD","5136EEC556F9790732AE759EF52F77FE6172329EA55787A80300C4A824107E46","1","88","True","False","2057.694",,"True","1000","True","True","1000","True"
"512e2cc0-5ebd-4d17-b7cf-a18a28bccdb4","MANIFEST_BOUND","hmail-perf-pair-service-20260901","06EFCBA9520D478A6DAC7ABB7F09F3B63D015A0CD5ECA1EB4D0FD2CC8C38F9FD","net10","hmail_perf_pair_net10_20260831_head3","C:\hmail-perf-pair-service-20260901\net10\Data","393449EA88D8D3C63D044D759D715322FD07A6F365FB10F18C1F0F126C6B4675","100","15","one TCP client and one sequential IMAP session per sample","0","PASS","45FA907CE0D3797C1E13EBB2F03F076A25656CCE27E801C18F745ACD3944FBBD","5136EEC556F9790732AE759EF52F77FE6172329EA55787A80300C4A824107E46","1","89","True","False","869.47",,"True","1000","True","True","1000","True"
"512e2cc0-5ebd-4d17-b7cf-a18a28bccdb4","MANIFEST_BOUND","hmail-perf-pair-service-20260901","06EFCBA9520D478A6DAC7ABB7F09F3B63D015A0CD5ECA1EB4D0FD2CC8C38F9FD","net10","hmail_perf_pair_net10_20260831_head3","C:\hmail-perf-pair-service-20260901\net10\Data","393449EA88D8D3C63D044D759D715322FD07A6F365FB10F18C1F0F126C6B4675","100","15","one TCP client and one sequential IMAP session per sample","0","PASS","45FA907CE0D3797C1E13EBB2F03F076A25656CCE27E801C18F745ACD3944FBBD","5136EEC556F9790732AE759EF52F77FE6172329EA55787A80300C4A824107E46","1","90","True","False","3200.437",,"True","1000","True","True","1000","True"
"512e2cc0-5ebd-4d17-b7cf-a18a28bccdb4","MANIFEST_BOUND","hmail-perf-pair-service-20260901","06EFCBA9520D478A6DAC7ABB7F09F3B63D015A0CD5ECA1EB4D0FD2CC8C38F9FD","net10","hmail_perf_pair_net10_20260831_head3","C:\hmail-perf-pair-service-20260901\net10\Data","393449EA88D8D3C63D044D759D715322FD07A6F365FB10F18C1F0F126C6B4675","100","15","one TCP client and one sequential IMAP session per sample","0","PASS","45FA907CE0D3797C1E13EBB2F03F076A25656CCE27E801C18F745ACD3944FBBD","5136EEC556F9790732AE759EF52F77FE6172329EA55787A80300C4A824107E46","1","91","True","False","410.19",,"True","1000","True","True","1000","True"
"512e2cc0-5ebd-4d17-b7cf-a18a28bccdb4","MANIFEST_BOUND","hmail-perf-pair-service-20260901","06EFCBA9520D478A6DAC7ABB7F09F3B63D015A0CD5ECA1EB4D0FD2CC8C38F9FD","net10","hmail_perf_pair_net10_20260831_head3","C:\hmail-perf-pair-service-20260901\net10\Data","393449EA88D8D3C63D044D759D715322FD07A6F365FB10F18C1F0F126C6B4675","100","15","one TCP client and one sequential IMAP session per sample","0","PASS","45FA907CE0D3797C1E13EBB2F03F076A25656CCE27E801C18F745ACD3944FBBD","5136EEC556F9790732AE759EF52F77FE6172329EA55787A80300C4A824107E46","1","92","True","False","2038.938",,"True","1000","True","True","1000","True"
"512e2cc0-5ebd-4d17-b7cf-a18a28bccdb4","MANIFEST_BOUND","hmail-perf-pair-service-20260901","06EFCBA9520D478A6DAC7ABB7F09F3B63D015A0CD5ECA1EB4D0FD2CC8C38F9FD","net10","hmail_perf_pair_net10_20260831_head3","C:\hmail-perf-pair-service-20260901\net10\Data","393449EA88D8D3C63D044D759D715322FD07A6F365FB10F18C1F0F126C6B4675","100","15","one TCP client and one sequential IMAP session per sample","0","PASS","45FA907CE0D3797C1E13EBB2F03F076A25656CCE27E801C18F745ACD3944FBBD","5136EEC556F9790732AE759EF52F77FE6172329EA55787A80300C4A824107E46","1","93","True","False","2037.943",,"True","1000","True","True","1000","True"
"512e2cc0-5ebd-4d17-b7cf-a18a28bccdb4","MANIFEST_BOUND","hmail-perf-pair-service-20260901","06EFCBA9520D478A6DAC7ABB7F09F3B63D015A0CD5ECA1EB4D0FD2CC8C38F9FD","net10","hmail_perf_pair_net10_20260831_head3","C:\hmail-perf-pair-service-20260901\net10\Data","393449EA88D8D3C63D044D759D715322FD07A6F365FB10F18C1F0F126C6B4675","100","15","one TCP client and one sequential IMAP session per sample","0","PASS","45FA907CE0D3797C1E13EBB2F03F076A25656CCE27E801C18F745ACD3944FBBD","5136EEC556F9790732AE759EF52F77FE6172329EA55787A80300C4A824107E46","1","94","True","False","409.876",,"True","1000","True","True","1000","True"
"512e2cc0-5ebd-4d17-b7cf-a18a28bccdb4","MANIFEST_BOUND","hmail-perf-pair-service-20260901","06EFCBA9520D478A6DAC7ABB7F09F3B63D015A0CD5ECA1EB4D0FD2CC8C38F9FD","net10","hmail_perf_pair_net10_20260831_head3","C:\hmail-perf-pair-service-20260901\net10\Data","393449EA88D8D3C63D044D759D715322FD07A6F365FB10F18C1F0F126C6B4675","100","15","one TCP client and one sequential IMAP session per sample","0","PASS","45FA907CE0D3797C1E13EBB2F03F076A25656CCE27E801C18F745ACD3944FBBD","5136EEC556F9790732AE759EF52F77FE6172329EA55787A80300C4A824107E46","1","95","True","False","2027.753",,"True","1000","True","True","1000","True"
"512e2cc0-5ebd-4d17-b7cf-a18a28bccdb4","MANIFEST_BOUND","hmail-perf-pair-service-20260901","06EFCBA9520D478A6DAC7ABB7F09F3B63D015A0CD5ECA1EB4D0FD2CC8C38F9FD","net10","hmail_perf_pair_net10_20260831_head3","C:\hmail-perf-pair-service-20260901\net10\Data","393449EA88D8D3C63D044D759D715322FD07A6F365FB10F18C1F0F126C6B4675","100","15","one TCP client and one sequential IMAP session per sample","0","PASS","45FA907CE0D3797C1E13EBB2F03F076A25656CCE27E801C18F745ACD3944FBBD","5136EEC556F9790732AE759EF52F77FE6172329EA55787A80300C4A824107E46","1","96","True","False","2047.826",,"True","1000","True","True","1000","True"
"512e2cc0-5ebd-4d17-b7cf-a18a28bccdb4","MANIFEST_BOUND","hmail-perf-pair-service-20260901","06EFCBA9520D478A6DAC7ABB7F09F3B63D015A0CD5ECA1EB4D0FD2CC8C38F9FD","net10","hmail_perf_pair_net10_20260831_head3","C:\hmail-perf-pair-service-20260901\net10\Data","393449EA88D8D3C63D044D759D715322FD07A6F365FB10F18C1F0F126C6B4675","100","15","one TCP client and one sequential IMAP session per sample","0","PASS","45FA907CE0D3797C1E13EBB2F03F076A25656CCE27E801C18F745ACD3944FBBD","5136EEC556F9790732AE759EF52F77FE6172329EA55787A80300C4A824107E46","1","97","True","False","867.16",,"True","1000","True","True","1000","True"
"512e2cc0-5ebd-4d17-b7cf-a18a28bccdb4","MANIFEST_BOUND","hmail-perf-pair-service-20260901","06EFCBA9520D478A6DAC7ABB7F09F3B63D015A0CD5ECA1EB4D0FD2CC8C38F9FD","net10","hmail_perf_pair_net10_20260831_head3","C:\hmail-perf-pair-service-20260901\net10\Data","393449EA88D8D3C63D044D759D715322FD07A6F365FB10F18C1F0F126C6B4675","100","15","one TCP client and one sequential IMAP session per sample","0","PASS","45FA907CE0D3797C1E13EBB2F03F076A25656CCE27E801C18F745ACD3944FBBD","5136EEC556F9790732AE759EF52F77FE6172329EA55787A80300C4A824107E46","1","98","True","False","452.098",,"True","1000","True","True","1000","True"
"512e2cc0-5ebd-4d17-b7cf-a18a28bccdb4","MANIFEST_BOUND","hmail-perf-pair-service-20260901","06EFCBA9520D478A6DAC7ABB7F09F3B63D015A0CD5ECA1EB4D0FD2CC8C38F9FD","net10","hmail_perf_pair_net10_20260831_head3","C:\hmail-perf-pair-service-20260901\net10\Data","393449EA88D8D3C63D044D759D715322FD07A6F365FB10F18C1F0F126C6B4675","100","15","one TCP client and one sequential IMAP session per sample","0","PASS","45FA907CE0D3797C1E13EBB2F03F076A25656CCE27E801C18F745ACD3944FBBD","5136EEC556F9790732AE759EF52F77FE6172329EA55787A80300C4A824107E46","1","99","True","False","408.877",,"True","1000","True","True","1000","True"
"512e2cc0-5ebd-4d17-b7cf-a18a28bccdb4","MANIFEST_BOUND","hmail-perf-pair-service-20260901","06EFCBA9520D478A6DAC7ABB7F09F3B63D015A0CD5ECA1EB4D0FD2CC8C38F9FD","net10","hmail_perf_pair_net10_20260831_head3","C:\hmail-perf-pair-service-20260901\net10\Data","393449EA88D8D3C63D044D759D715322FD07A6F365FB10F18C1F0F126C6B4675","100","15","one TCP client and one sequential IMAP session per sample","0","PASS","45FA907CE0D3797C1E13EBB2F03F076A25656CCE27E801C18F745ACD3944FBBD","5136EEC556F9790732AE759EF52F77FE6172329EA55787A80300C4A824107E46","1","100","True","False","408.427",,"True","1000","True","True","1000","True"
"512e2cc0-5ebd-4d17-b7cf-a18a28bccdb4","MANIFEST_BOUND","hmail-perf-pair-service-20260901","06EFCBA9520D478A6DAC7ABB7F09F3B63D015A0CD5ECA1EB4D0FD2CC8C38F9FD","net10","hmail_perf_pair_net10_20260831_head3","C:\hmail-perf-pair-service-20260901\net10\Data","393449EA88D8D3C63D044D759D715322FD07A6F365FB10F18C1F0F126C6B4675","100","15","one TCP client and one sequential IMAP session per sample","0","PASS","45FA907CE0D3797C1E13EBB2F03F076A25656CCE27E801C18F745ACD3944FBBD","5136EEC556F9790732AE759EF52F77FE6172329EA55787A80300C4A824107E46","1","101","True","False","435.627",,"True","1000","True","True","1000","True"
"512e2cc0-5ebd-4d17-b7cf-a18a28bccdb4","MANIFEST_BOUND","hmail-perf-pair-service-20260901","06EFCBA9520D478A6DAC7ABB7F09F3B63D015A0CD5ECA1EB4D0FD2CC8C38F9FD","net10","hmail_perf_pair_net10_20260831_head3","C:\hmail-perf-pair-service-20260901\net10\Data","393449EA88D8D3C63D044D759D715322FD07A6F365FB10F18C1F0F126C6B4675","100","15","one TCP client and one sequential IMAP session per sample","0","PASS","45FA907CE0D3797C1E13EBB2F03F076A25656CCE27E801C18F745ACD3944FBBD","5136EEC556F9790732AE759EF52F77FE6172329EA55787A80300C4A824107E46","1","102","True","False","411.404",,"True","1000","True","True","1000","True"
"512e2cc0-5ebd-4d17-b7cf-a18a28bccdb4","MANIFEST_BOUND","hmail-perf-pair-service-20260901","06EFCBA9520D478A6DAC7ABB7F09F3B63D015A0CD5ECA1EB4D0FD2CC8C38F9FD","net10","hmail_perf_pair_net10_20260831_head3","C:\hmail-perf-pair-service-20260901\net10\Data","393449EA88D8D3C63D044D759D715322FD07A6F365FB10F18C1F0F126C6B4675","100","15","one TCP client and one sequential IMAP session per sample","0","PASS","45FA907CE0D3797C1E13EBB2F03F076A25656CCE27E801C18F745ACD3944FBBD","5136EEC556F9790732AE759EF52F77FE6172329EA55787A80300C4A824107E46","1","103","True","False","408.729",,"True","1000","True","True","1000","True"
"512e2cc0-5ebd-4d17-b7cf-a18a28bccdb4","MANIFEST_BOUND","hmail-perf-pair-service-20260901","06EFCBA9520D478A6DAC7ABB7F09F3B63D015A0CD5ECA1EB4D0FD2CC8C38F9FD","net10","hmail_perf_pair_net10_20260831_head3","C:\hmail-perf-pair-service-20260901\net10\Data","393449EA88D8D3C63D044D759D715322FD07A6F365FB10F18C1F0F126C6B4675","100","15","one TCP client and one sequential IMAP session per sample","0","PASS","45FA907CE0D3797C1E13EBB2F03F076A25656CCE27E801C18F745ACD3944FBBD","5136EEC556F9790732AE759EF52F77FE6172329EA55787A80300C4A824107E46","1","104","True","False","461.447",,"True","1000","True","True","1000","True"
"512e2cc0-5ebd-4d17-b7cf-a18a28bccdb4","MANIFEST_BOUND","hmail-perf-pair-service-20260901","06EFCBA9520D478A6DAC7ABB7F09F3B63D015A0CD5ECA1EB4D0FD2CC8C38F9FD","net10","hmail_perf_pair_net10_20260831_head3","C:\hmail-perf-pair-service-20260901\net10\Data","393449EA88D8D3C63D044D759D715322FD07A6F365FB10F18C1F0F126C6B4675","100","15","one TCP client and one sequential IMAP session per sample","0","PASS","45FA907CE0D3797C1E13EBB2F03F076A25656CCE27E801C18F745ACD3944FBBD","5136EEC556F9790732AE759EF52F77FE6172329EA55787A80300C4A824107E46","1","105","True","False","411.673",,"True","1000","True","True","1000","True"
"512e2cc0-5ebd-4d17-b7cf-a18a28bccdb4","MANIFEST_BOUND","hmail-perf-pair-service-20260901","06EFCBA9520D478A6DAC7ABB7F09F3B63D015A0CD5ECA1EB4D0FD2CC8C38F9FD","net10","hmail_perf_pair_net10_20260831_head3","C:\hmail-perf-pair-service-20260901\net10\Data","393449EA88D8D3C63D044D759D715322FD07A6F365FB10F18C1F0F126C6B4675","100","15","one TCP client and one sequential IMAP session per sample","0","PASS","45FA907CE0D3797C1E13EBB2F03F076A25656CCE27E801C18F745ACD3944FBBD","5136EEC556F9790732AE759EF52F77FE6172329EA55787A80300C4A824107E46","1","106","True","False","426.15",,"True","1000","True","True","1000","True"
"512e2cc0-5ebd-4d17-b7cf-a18a28bccdb4","MANIFEST_BOUND","hmail-perf-pair-service-20260901","06EFCBA9520D478A6DAC7ABB7F09F3B63D015A0CD5ECA1EB4D0FD2CC8C38F9FD","net10","hmail_perf_pair_net10_20260831_head3","C:\hmail-perf-pair-service-20260901\net10\Data","393449EA88D8D3C63D044D759D715322FD07A6F365FB10F18C1F0F126C6B4675","100","15","one TCP client and one sequential IMAP session per sample","0","PASS","45FA907CE0D3797C1E13EBB2F03F076A25656CCE27E801C18F745ACD3944FBBD","5136EEC556F9790732AE759EF52F77FE6172329EA55787A80300C4A824107E46","1","107","True","False","428.16",,"True","1000","True","True","1000","True"
"512e2cc0-5ebd-4d17-b7cf-a18a28bccdb4","MANIFEST_BOUND","hmail-perf-pair-service-20260901","06EFCBA9520D478A6DAC7ABB7F09F3B63D015A0CD5ECA1EB4D0FD2CC8C38F9FD","net10","hmail_perf_pair_net10_20260831_head3","C:\hmail-perf-pair-service-20260901\net10\Data","393449EA88D8D3C63D044D759D715322FD07A6F365FB10F18C1F0F126C6B4675","100","15","one TCP client and one sequential IMAP session per sample","0","PASS","45FA907CE0D3797C1E13EBB2F03F076A25656CCE27E801C18F745ACD3944FBBD","5136EEC556F9790732AE759EF52F77FE6172329EA55787A80300C4A824107E46","1","108","True","False","409.559",,"True","1000","True","True","1000","True"
"512e2cc0-5ebd-4d17-b7cf-a18a28bccdb4","MANIFEST_BOUND","hmail-perf-pair-service-20260901","06EFCBA9520D478A6DAC7ABB7F09F3B63D015A0CD5ECA1EB4D0FD2CC8C38F9FD","net10","hmail_perf_pair_net10_20260831_head3","C:\hmail-perf-pair-service-20260901\net10\Data","393449EA88D8D3C63D044D759D715322FD07A6F365FB10F18C1F0F126C6B4675","100","15","one TCP client and one sequential IMAP session per sample","0","PASS","45FA907CE0D3797C1E13EBB2F03F076A25656CCE27E801C18F745ACD3944FBBD","5136EEC556F9790732AE759EF52F77FE6172329EA55787A80300C4A824107E46","1","109","True","False","428.308",,"True","1000","True","True","1000","True"
"512e2cc0-5ebd-4d17-b7cf-a18a28bccdb4","MANIFEST_BOUND","hmail-perf-pair-service-20260901","06EFCBA9520D478A6DAC7ABB7F09F3B63D015A0CD5ECA1EB4D0FD2CC8C38F9FD","net10","hmail_perf_pair_net10_20260831_head3","C:\hmail-perf-pair-service-20260901\net10\Data","393449EA88D8D3C63D044D759D715322FD07A6F365FB10F18C1F0F126C6B4675","100","15","one TCP client and one sequential IMAP session per sample","0","PASS","45FA907CE0D3797C1E13EBB2F03F076A25656CCE27E801C18F745ACD3944FBBD","5136EEC556F9790732AE759EF52F77FE6172329EA55787A80300C4A824107E46","1","110","True","False","1310.764",,"True","1000","True","True","1000","True"
"512e2cc0-5ebd-4d17-b7cf-a18a28bccdb4","MANIFEST_BOUND","hmail-perf-pair-service-20260901","06EFCBA9520D478A6DAC7ABB7F09F3B63D015A0CD5ECA1EB4D0FD2CC8C38F9FD","net10","hmail_perf_pair_net10_20260831_head3","C:\hmail-perf-pair-service-20260901\net10\Data","393449EA88D8D3C63D044D759D715322FD07A6F365FB10F18C1F0F126C6B4675","100","15","one TCP client and one sequential IMAP session per sample","0","PASS","45FA907CE0D3797C1E13EBB2F03F076A25656CCE27E801C18F745ACD3944FBBD","5136EEC556F9790732AE759EF52F77FE6172329EA55787A80300C4A824107E46","1","111","True","False","423.742",,"True","1000","True","True","1000","True"
"512e2cc0-5ebd-4d17-b7cf-a18a28bccdb4","MANIFEST_BOUND","hmail-perf-pair-service-20260901","06EFCBA9520D478A6DAC7ABB7F09F3B63D015A0CD5ECA1EB4D0FD2CC8C38F9FD","net10","hmail_perf_pair_net10_20260831_head3","C:\hmail-perf-pair-service-20260901\net10\Data","393449EA88D8D3C63D044D759D715322FD07A6F365FB10F18C1F0F126C6B4675","100","15","one TCP client and one sequential IMAP session per sample","0","PASS","45FA907CE0D3797C1E13EBB2F03F076A25656CCE27E801C18F745ACD3944FBBD","5136EEC556F9790732AE759EF52F77FE6172329EA55787A80300C4A824107E46","1","112","True","False","431.488",,"True","1000","True","True","1000","True"
"512e2cc0-5ebd-4d17-b7cf-a18a28bccdb4","MANIFEST_BOUND","hmail-perf-pair-service-20260901","06EFCBA9520D478A6DAC7ABB7F09F3B63D015A0CD5ECA1EB4D0FD2CC8C38F9FD","net10","hmail_perf_pair_net10_20260831_head3","C:\hmail-perf-pair-service-20260901\net10\Data","393449EA88D8D3C63D044D759D715322FD07A6F365FB10F18C1F0F126C6B4675","100","15","one TCP client and one sequential IMAP session per sample","0","PASS","45FA907CE0D3797C1E13EBB2F03F076A25656CCE27E801C18F745ACD3944FBBD","5136EEC556F9790732AE759EF52F77FE6172329EA55787A80300C4A824107E46","1","113","True","False","425.046",,"True","1000","True","True","1000","True"
"512e2cc0-5ebd-4d17-b7cf-a18a28bccdb4","MANIFEST_BOUND","hmail-perf-pair-service-20260901","06EFCBA9520D478A6DAC7ABB7F09F3B63D015A0CD5ECA1EB4D0FD2CC8C38F9FD","net10","hmail_perf_pair_net10_20260831_head3","C:\hmail-perf-pair-service-20260901\net10\Data","393449EA88D8D3C63D044D759D715322FD07A6F365FB10F18C1F0F126C6B4675","100","15","one TCP client and one sequential IMAP session per sample","0","PASS","45FA907CE0D3797C1E13EBB2F03F076A25656CCE27E801C18F745ACD3944FBBD","5136EEC556F9790732AE759EF52F77FE6172329EA55787A80300C4A824107E46","1","114","True","False","453.058",,"True","1000","True","True","1000","True"
"512e2cc0-5ebd-4d17-b7cf-a18a28bccdb4","MANIFEST_BOUND","hmail-perf-pair-service-20260901","06EFCBA9520D478A6DAC7ABB7F09F3B63D015A0CD5ECA1EB4D0FD2CC8C38F9FD","net10","hmail_perf_pair_net10_20260831_head3","C:\hmail-perf-pair-service-20260901\net10\Data","393449EA88D8D3C63D044D759D715322FD07A6F365FB10F18C1F0F126C6B4675","100","15","one TCP client and one sequential IMAP session per sample","0","PASS","45FA907CE0D3797C1E13EBB2F03F076A25656CCE27E801C18F745ACD3944FBBD","5136EEC556F9790732AE759EF52F77FE6172329EA55787A80300C4A824107E46","1","115","True","False","414.53",,"True","1000","True","True","1000","True"
"512e2cc0-5ebd-4d17-b7cf-a18a28bccdb4","MANIFEST_BOUND","hmail-perf-pair-service-20260901","06EFCBA9520D478A6DAC7ABB7F09F3B63D015A0CD5ECA1EB4D0FD2CC8C38F9FD","net10","hmail_perf_pair_net10_20260831_head3","C:\hmail-perf-pair-service-20260901\net10\Data","393449EA88D8D3C63D044D759D715322FD07A6F365FB10F18C1F0F126C6B4675","100","15","one TCP client and one sequential IMAP session per sample","0","PASS","45FA907CE0D3797C1E13EBB2F03F076A25656CCE27E801C18F745ACD3944FBBD","5136EEC556F9790732AE759EF52F77FE6172329EA55787A80300C4A824107E46","1","116","True","False","864.656",,"True","1000","True","True","1000","True"
"512e2cc0-5ebd-4d17-b7cf-a18a28bccdb4","MANIFEST_BOUND","hmail-perf-pair-service-20260901","06EFCBA9520D478A6DAC7ABB7F09F3B63D015A0CD5ECA1EB4D0FD2CC8C38F9FD","net10","hmail_perf_pair_net10_20260831_head3","C:\hmail-perf-pair-service-20260901\net10\Data","393449EA88D8D3C63D044D759D715322FD07A6F365FB10F18C1F0F126C6B4675","100","15","one TCP client and one sequential IMAP session per sample","0","PASS","45FA907CE0D3797C1E13EBB2F03F076A25656CCE27E801C18F745ACD3944FBBD","5136EEC556F9790732AE759EF52F77FE6172329EA55787A80300C4A824107E46","1","117","True","False","411.036",,"True","1000","True","True","1000","True"
"512e2cc0-5ebd-4d17-b7cf-a18a28bccdb4","MANIFEST_BOUND","hmail-perf-pair-service-20260901","06EFCBA9520D478A6DAC7ABB7F09F3B63D015A0CD5ECA1EB4D0FD2CC8C38F9FD","net10","hmail_perf_pair_net10_20260831_head3","C:\hmail-perf-pair-service-20260901\net10\Data","393449EA88D8D3C63D044D759D715322FD07A6F365FB10F18C1F0F126C6B4675","100","15","one TCP client and one sequential IMAP session per sample","0","PASS","45FA907CE0D3797C1E13EBB2F03F076A25656CCE27E801C18F745ACD3944FBBD","5136EEC556F9790732AE759EF52F77FE6172329EA55787A80300C4A824107E46","1","118","True","False","451.217",,"True","1000","True","True","1000","True"
"512e2cc0-5ebd-4d17-b7cf-a18a28bccdb4","MANIFEST_BOUND","hmail-perf-pair-service-20260901","06EFCBA9520D478A6DAC7ABB7F09F3B63D015A0CD5ECA1EB4D0FD2CC8C38F9FD","net10","hmail_perf_pair_net10_20260831_head3","C:\hmail-perf-pair-service-20260901\net10\Data","393449EA88D8D3C63D044D759D715322FD07A6F365FB10F18C1F0F126C6B4675","100","15","one TCP client and one sequential IMAP session per sample","0","PASS","45FA907CE0D3797C1E13EBB2F03F076A25656CCE27E801C18F745ACD3944FBBD","5136EEC556F9790732AE759EF52F77FE6172329EA55787A80300C4A824107E46","1","119","True","False","425.852",,"True","1000","True","True","1000","True"
"512e2cc0-5ebd-4d17-b7cf-a18a28bccdb4","MANIFEST_BOUND","hmail-perf-pair-service-20260901","06EFCBA9520D478A6DAC7ABB7F09F3B63D015A0CD5ECA1EB4D0FD2CC8C38F9FD","net10","hmail_perf_pair_net10_20260831_head3","C:\hmail-perf-pair-service-20260901\net10\Data","393449EA88D8D3C63D044D759D715322FD07A6F365FB10F18C1F0F126C6B4675","100","15","one TCP client and one sequential IMAP session per sample","0","PASS","45FA907CE0D3797C1E13EBB2F03F076A25656CCE27E801C18F745ACD3944FBBD","5136EEC556F9790732AE759EF52F77FE6172329EA55787A80300C4A824107E46","1","120","True","False","437.417",,"True","1000","True","True","1000","True"
"512e2cc0-5ebd-4d17-b7cf-a18a28bccdb4","MANIFEST_BOUND","hmail-perf-pair-service-20260901","06EFCBA9520D478A6DAC7ABB7F09F3B63D015A0CD5ECA1EB4D0FD2CC8C38F9FD","net10","hmail_perf_pair_net10_20260831_head3","C:\hmail-perf-pair-service-20260901\net10\Data","393449EA88D8D3C63D044D759D715322FD07A6F365FB10F18C1F0F126C6B4675","100","15","one TCP client and one sequential IMAP session per sample","0","PASS","45FA907CE0D3797C1E13EBB2F03F076A25656CCE27E801C18F745ACD3944FBBD","5136EEC556F9790732AE759EF52F77FE6172329EA55787A80300C4A824107E46","1","121","True","False","428.416",,"True","1000","True","True","1000","True"
"512e2cc0-5ebd-4d17-b7cf-a18a28bccdb4","MANIFEST_BOUND","hmail-perf-pair-service-20260901","06EFCBA9520D478A6DAC7ABB7F09F3B63D015A0CD5ECA1EB4D0FD2CC8C38F9FD","net10","hmail_perf_pair_net10_20260831_head3","C:\hmail-perf-pair-service-20260901\net10\Data","393449EA88D8D3C63D044D759D715322FD07A6F365FB10F18C1F0F126C6B4675","100","15","one TCP client and one sequential IMAP session per sample","0","PASS","45FA907CE0D3797C1E13EBB2F03F076A25656CCE27E801C18F745ACD3944FBBD","5136EEC556F9790732AE759EF52F77FE6172329EA55787A80300C4A824107E46","1","122","True","False","434.082",,"True","1000","True","True","1000","True"
"512e2cc0-5ebd-4d17-b7cf-a18a28bccdb4","MANIFEST_BOUND","hmail-perf-pair-service-20260901","06EFCBA9520D478A6DAC7ABB7F09F3B63D015A0CD5ECA1EB4D0FD2CC8C38F9FD","net10","hmail_perf_pair_net10_20260831_head3","C:\hmail-perf-pair-service-20260901\net10\Data","393449EA88D8D3C63D044D759D715322FD07A6F365FB10F18C1F0F126C6B4675","100","15","one TCP client and one sequential IMAP session per sample","0","PASS","45FA907CE0D3797C1E13EBB2F03F076A25656CCE27E801C18F745ACD3944FBBD","5136EEC556F9790732AE759EF52F77FE6172329EA55787A80300C4A824107E46","1","123","True","False","425.116",,"True","1000","True","True","1000","True"
"512e2cc0-5ebd-4d17-b7cf-a18a28bccdb4","MANIFEST_BOUND","hmail-perf-pair-service-20260901","06EFCBA9520D478A6DAC7ABB7F09F3B63D015A0CD5ECA1EB4D0FD2CC8C38F9FD","net10","hmail_perf_pair_net10_20260831_head3","C:\hmail-perf-pair-service-20260901\net10\Data","393449EA88D8D3C63D044D759D715322FD07A6F365FB10F18C1F0F126C6B4675","100","15","one TCP client and one sequential IMAP session per sample","0","PASS","45FA907CE0D3797C1E13EBB2F03F076A25656CCE27E801C18F745ACD3944FBBD","5136EEC556F9790732AE759EF52F77FE6172329EA55787A80300C4A824107E46","1","124","True","False","436.257",,"True","1000","True","True","1000","True"
"512e2cc0-5ebd-4d17-b7cf-a18a28bccdb4","MANIFEST_BOUND","hmail-perf-pair-service-20260901","06EFCBA9520D478A6DAC7ABB7F09F3B63D015A0CD5ECA1EB4D0FD2CC8C38F9FD","net10","hmail_perf_pair_net10_20260831_head3","C:\hmail-perf-pair-service-20260901\net10\Data","393449EA88D8D3C63D044D759D715322FD07A6F365FB10F18C1F0F126C6B4675","100","15","one TCP client and one sequential IMAP session per sample","0","PASS","45FA907CE0D3797C1E13EBB2F03F076A25656CCE27E801C18F745ACD3944FBBD","5136EEC556F9790732AE759EF52F77FE6172329EA55787A80300C4A824107E46","1","125","True","False","1003.192",,"True","1000","True","True","1000","True"
"512e2cc0-5ebd-4d17-b7cf-a18a28bccdb4","MANIFEST_BOUND","hmail-perf-pair-service-20260901","06EFCBA9520D478A6DAC7ABB7F09F3B63D015A0CD5ECA1EB4D0FD2CC8C38F9FD","net10","hmail_perf_pair_net10_20260831_head3","C:\hmail-perf-pair-service-20260901\net10\Data","393449EA88D8D3C63D044D759D715322FD07A6F365FB10F18C1F0F126C6B4675","100","15","one TCP client and one sequential IMAP session per sample","0","PASS","45FA907CE0D3797C1E13EBB2F03F076A25656CCE27E801C18F745ACD3944FBBD","5136EEC556F9790732AE759EF52F77FE6172329EA55787A80300C4A824107E46","1","126","True","False","458.757",,"True","1000","True","True","1000","True"
"512e2cc0-5ebd-4d17-b7cf-a18a28bccdb4","MANIFEST_BOUND","hmail-perf-pair-service-20260901","06EFCBA9520D478A6DAC7ABB7F09F3B63D015A0CD5ECA1EB4D0FD2CC8C38F9FD","net10","hmail_perf_pair_net10_20260831_head3","C:\hmail-perf-pair-service-20260901\net10\Data","393449EA88D8D3C63D044D759D715322FD07A6F365FB10F18C1F0F126C6B4675","100","15","one TCP client and one sequential IMAP session per sample","0","PASS","45FA907CE0D3797C1E13EBB2F03F076A25656CCE27E801C18F745ACD3944FBBD","5136EEC556F9790732AE759EF52F77FE6172329EA55787A80300C4A824107E46","1","127","True","False","466.009",,"True","1000","True","True","1000","True"
"512e2cc0-5ebd-4d17-b7cf-a18a28bccdb4","MANIFEST_BOUND","hmail-perf-pair-service-20260901","06EFCBA9520D478A6DAC7ABB7F09F3B63D015A0CD5ECA1EB4D0FD2CC8C38F9FD","net10","hmail_perf_pair_net10_20260831_head3","C:\hmail-perf-pair-service-20260901\net10\Data","393449EA88D8D3C63D044D759D715322FD07A6F365FB10F18C1F0F126C6B4675","100","15","one TCP client and one sequential IMAP session per sample","0","PASS","45FA907CE0D3797C1E13EBB2F03F076A25656CCE27E801C18F745ACD3944FBBD","5136EEC556F9790732AE759EF52F77FE6172329EA55787A80300C4A824107E46","1","128","True","False","416.938",,"True","1000","True","True","1000","True"
"512e2cc0-5ebd-4d17-b7cf-a18a28bccdb4","MANIFEST_BOUND","hmail-perf-pair-service-20260901","06EFCBA9520D478A6DAC7ABB7F09F3B63D015A0CD5ECA1EB4D0FD2CC8C38F9FD","net10","hmail_perf_pair_net10_20260831_head3","C:\hmail-perf-pair-service-20260901\net10\Data","393449EA88D8D3C63D044D759D715322FD07A6F365FB10F18C1F0F126C6B4675","100","15","one TCP client and one sequential IMAP session per sample","0","PASS","45FA907CE0D3797C1E13EBB2F03F076A25656CCE27E801C18F745ACD3944FBBD","5136EEC556F9790732AE759EF52F77FE6172329EA55787A80300C4A824107E46","1","129","True","False","407.619",,"True","1000","True","True","1000","True"
"512e2cc0-5ebd-4d17-b7cf-a18a28bccdb4","MANIFEST_BOUND","hmail-perf-pair-service-20260901","06EFCBA9520D478A6DAC7ABB7F09F3B63D015A0CD5ECA1EB4D0FD2CC8C38F9FD","net10","hmail_perf_pair_net10_20260831_head3","C:\hmail-perf-pair-service-20260901\net10\Data","393449EA88D8D3C63D044D759D715322FD07A6F365FB10F18C1F0F126C6B4675","100","15","one TCP client and one sequential IMAP session per sample","0","PASS","45FA907CE0D3797C1E13EBB2F03F076A25656CCE27E801C18F745ACD3944FBBD","5136EEC556F9790732AE759EF52F77FE6172329EA55787A80300C4A824107E46","1","130","True","False","1186.24",,"True","1000","True","True","1000","True"
"512e2cc0-5ebd-4d17-b7cf-a18a28bccdb4","MANIFEST_BOUND","hmail-perf-pair-service-20260901","06EFCBA9520D478A6DAC7ABB7F09F3B63D015A0CD5ECA1EB4D0FD2CC8C38F9FD","net10","hmail_perf_pair_net10_20260831_head3","C:\hmail-perf-pair-service-20260901\net10\Data","393449EA88D8D3C63D044D759D715322FD07A6F365FB10F18C1F0F126C6B4675","100","15","one TCP client and one sequential IMAP session per sample","0","PASS","45FA907CE0D3797C1E13EBB2F03F076A25656CCE27E801C18F745ACD3944FBBD","5136EEC556F9790732AE759EF52F77FE6172329EA55787A80300C4A824107E46","1","131","True","False","413.295",,"True","1000","True","True","1000","True"
"512e2cc0-5ebd-4d17-b7cf-a18a28bccdb4","MANIFEST_BOUND","hmail-perf-pair-service-20260901","06EFCBA9520D478A6DAC7ABB7F09F3B63D015A0CD5ECA1EB4D0FD2CC8C38F9FD","net10","hmail_perf_pair_net10_20260831_head3","C:\hmail-perf-pair-service-20260901\net10\Data","393449EA88D8D3C63D044D759D715322FD07A6F365FB10F18C1F0F126C6B4675","100","15","one TCP client and one sequential IMAP session per sample","0","PASS","45FA907CE0D3797C1E13EBB2F03F076A25656CCE27E801C18F745ACD3944FBBD","5136EEC556F9790732AE759EF52F77FE6172329EA55787A80300C4A824107E46","1","132","True","False","866.129",,"True","1000","True","True","1000","True"
"512e2cc0-5ebd-4d17-b7cf-a18a28bccdb4","MANIFEST_BOUND","hmail-perf-pair-service-20260901","06EFCBA9520D478A6DAC7ABB7F09F3B63D015A0CD5ECA1EB4D0FD2CC8C38F9FD","net10","hmail_perf_pair_net10_20260831_head3","C:\hmail-perf-pair-service-20260901\net10\Data","393449EA88D8D3C63D044D759D715322FD07A6F365FB10F18C1F0F126C6B4675","100","15","one TCP client and one sequential IMAP session per sample","0","PASS","45FA907CE0D3797C1E13EBB2F03F076A25656CCE27E801C18F745ACD3944FBBD","5136EEC556F9790732AE759EF52F77FE6172329EA55787A80300C4A824107E46","1","133","True","False","453.226",,"True","1000","True","True","1000","True"
"512e2cc0-5ebd-4d17-b7cf-a18a28bccdb4","MANIFEST_BOUND","hmail-perf-pair-service-20260901","06EFCBA9520D478A6DAC7ABB7F09F3B63D015A0CD5ECA1EB4D0FD2CC8C38F9FD","net10","hmail_perf_pair_net10_20260831_head3","C:\hmail-perf-pair-service-20260901\net10\Data","393449EA88D8D3C63D044D759D715322FD07A6F365FB10F18C1F0F126C6B4675","100","15","one TCP client and one sequential IMAP session per sample","0","PASS","45FA907CE0D3797C1E13EBB2F03F076A25656CCE27E801C18F745ACD3944FBBD","5136EEC556F9790732AE759EF52F77FE6172329EA55787A80300C4A824107E46","1","134","True","False","1308.92",,"True","1000","True","True","1000","True"
"512e2cc0-5ebd-4d17-b7cf-a18a28bccdb4","MANIFEST_BOUND","hmail-perf-pair-service-20260901","06EFCBA9520D478A6DAC7ABB7F09F3B63D015A0CD5ECA1EB4D0FD2CC8C38F9FD","net10","hmail_perf_pair_net10_20260831_head3","C:\hmail-perf-pair-service-20260901\net10\Data","393449EA88D8D3C63D044D759D715322FD07A6F365FB10F18C1F0F126C6B4675","100","15","one TCP client and one sequential IMAP session per sample","0","PASS","45FA907CE0D3797C1E13EBB2F03F076A25656CCE27E801C18F745ACD3944FBBD","5136EEC556F9790732AE759EF52F77FE6172329EA55787A80300C4A824107E46","1","135","True","False","458.499",,"True","1000","True","True","1000","True"
"512e2cc0-5ebd-4d17-b7cf-a18a28bccdb4","MANIFEST_BOUND","hmail-perf-pair-service-20260901","06EFCBA9520D478A6DAC7ABB7F09F3B63D015A0CD5ECA1EB4D0FD2CC8C38F9FD","net10","hmail_perf_pair_net10_20260831_head3","C:\hmail-perf-pair-service-20260901\net10\Data","393449EA88D8D3C63D044D759D715322FD07A6F365FB10F18C1F0F126C6B4675","100","15","one TCP client and one sequential IMAP session per sample","0","PASS","45FA907CE0D3797C1E13EBB2F03F076A25656CCE27E801C18F745ACD3944FBBD","5136EEC556F9790732AE759EF52F77FE6172329EA55787A80300C4A824107E46","1","136","True","False","1214.813",,"True","1000","True","True","1000","True"
"512e2cc0-5ebd-4d17-b7cf-a18a28bccdb4","MANIFEST_BOUND","hmail-perf-pair-service-20260901","06EFCBA9520D478A6DAC7ABB7F09F3B63D015A0CD5ECA1EB4D0FD2CC8C38F9FD","net10","hmail_perf_pair_net10_20260831_head3","C:\hmail-perf-pair-service-20260901\net10\Data","393449EA88D8D3C63D044D759D715322FD07A6F365FB10F18C1F0F126C6B4675","100","15","one TCP client and one sequential IMAP session per sample","0","PASS","45FA907CE0D3797C1E13EBB2F03F076A25656CCE27E801C18F745ACD3944FBBD","5136EEC556F9790732AE759EF52F77FE6172329EA55787A80300C4A824107E46","1","137","True","False","458.845",,"True","1000","True","True","1000","True"
"512e2cc0-5ebd-4d17-b7cf-a18a28bccdb4","MANIFEST_BOUND","hmail-perf-pair-service-20260901","06EFCBA9520D478A6DAC7ABB7F09F3B63D015A0CD5ECA1EB4D0FD2CC8C38F9FD","net10","hmail_perf_pair_net10_20260831_head3","C:\hmail-perf-pair-service-20260901\net10\Data","393449EA88D8D3C63D044D759D715322FD07A6F365FB10F18C1F0F126C6B4675","100","15","one TCP client and one sequential IMAP session per sample","0","PASS","45FA907CE0D3797C1E13EBB2F03F076A25656CCE27E801C18F745ACD3944FBBD","5136EEC556F9790732AE759EF52F77FE6172329EA55787A80300C4A824107E46","1","138","True","False","453.592",,"True","1000","True","True","1000","True"
"512e2cc0-5ebd-4d17-b7cf-a18a28bccdb4","MANIFEST_BOUND","hmail-perf-pair-service-20260901","06EFCBA9520D478A6DAC7ABB7F09F3B63D015A0CD5ECA1EB4D0FD2CC8C38F9FD","net10","hmail_perf_pair_net10_20260831_head3","C:\hmail-perf-pair-service-20260901\net10\Data","393449EA88D8D3C63D044D759D715322FD07A6F365FB10F18C1F0F126C6B4675","100","15","one TCP client and one sequential IMAP session per sample","0","PASS","45FA907CE0D3797C1E13EBB2F03F076A25656CCE27E801C18F745ACD3944FBBD","5136EEC556F9790732AE759EF52F77FE6172329EA55787A80300C4A824107E46","1","139","True","False","456.33",,"True","1000","True","True","1000","True"
"512e2cc0-5ebd-4d17-b7cf-a18a28bccdb4","MANIFEST_BOUND","hmail-perf-pair-service-20260901","06EFCBA9520D478A6DAC7ABB7F09F3B63D015A0CD5ECA1EB4D0FD2CC8C38F9FD","net10","hmail_perf_pair_net10_20260831_head3","C:\hmail-perf-pair-service-20260901\net10\Data","393449EA88D8D3C63D044D759D715322FD07A6F365FB10F18C1F0F126C6B4675","100","15","one TCP client and one sequential IMAP session per sample","0","PASS","45FA907CE0D3797C1E13EBB2F03F076A25656CCE27E801C18F745ACD3944FBBD","5136EEC556F9790732AE759EF52F77FE6172329EA55787A80300C4A824107E46","1","140","True","False","1335.38",,"True","1000","True","True","1000","True"
"512e2cc0-5ebd-4d17-b7cf-a18a28bccdb4","MANIFEST_BOUND","hmail-perf-pair-service-20260901","06EFCBA9520D478A6DAC7ABB7F09F3B63D015A0CD5ECA1EB4D0FD2CC8C38F9FD","net10","hmail_perf_pair_net10_20260831_head3","C:\hmail-perf-pair-service-20260901\net10\Data","393449EA88D8D3C63D044D759D715322FD07A6F365FB10F18C1F0F126C6B4675","100","15","one TCP client and one sequential IMAP session per sample","0","PASS","45FA907CE0D3797C1E13EBB2F03F076A25656CCE27E801C18F745ACD3944FBBD","5136EEC556F9790732AE759EF52F77FE6172329EA55787A80300C4A824107E46","1","141","True","False","423.326",,"True","1000","True","True","1000","True"
"512e2cc0-5ebd-4d17-b7cf-a18a28bccdb4","MANIFEST_BOUND","hmail-perf-pair-service-20260901","06EFCBA9520D478A6DAC7ABB7F09F3B63D015A0CD5ECA1EB4D0FD2CC8C38F9FD","net10","hmail_perf_pair_net10_20260831_head3","C:\hmail-perf-pair-service-20260901\net10\Data","393449EA88D8D3C63D044D759D715322FD07A6F365FB10F18C1F0F126C6B4675","100","15","one TCP client and one sequential IMAP session per sample","0","PASS","45FA907CE0D3797C1E13EBB2F03F076A25656CCE27E801C18F745ACD3944FBBD","5136EEC556F9790732AE759EF52F77FE6172329EA55787A80300C4A824107E46","1","142","True","False","413.334",,"True","1000","True","True","1000","True"
"512e2cc0-5ebd-4d17-b7cf-a18a28bccdb4","MANIFEST_BOUND","hmail-perf-pair-service-20260901","06EFCBA9520D478A6DAC7ABB7F09F3B63D015A0CD5ECA1EB4D0FD2CC8C38F9FD","net10","hmail_perf_pair_net10_20260831_head3","C:\hmail-perf-pair-service-20260901\net10\Data","393449EA88D8D3C63D044D759D715322FD07A6F365FB10F18C1F0F126C6B4675","100","15","one TCP client and one sequential IMAP session per sample","0","PASS","45FA907CE0D3797C1E13EBB2F03F076A25656CCE27E801C18F745ACD3944FBBD","5136EEC556F9790732AE759EF52F77FE6172329EA55787A80300C4A824107E46","1","143","True","False","1320.404",,"True","1000","True","True","1000","True"
"512e2cc0-5ebd-4d17-b7cf-a18a28bccdb4","MANIFEST_BOUND","hmail-perf-pair-service-20260901","06EFCBA9520D478A6DAC7ABB7F09F3B63D015A0CD5ECA1EB4D0FD2CC8C38F9FD","net10","hmail_perf_pair_net10_20260831_head3","C:\hmail-perf-pair-service-20260901\net10\Data","393449EA88D8D3C63D044D759D715322FD07A6F365FB10F18C1F0F126C6B4675","100","15","one TCP client and one sequential IMAP session per sample","0","PASS","45FA907CE0D3797C1E13EBB2F03F076A25656CCE27E801C18F745ACD3944FBBD","5136EEC556F9790732AE759EF52F77FE6172329EA55787A80300C4A824107E46","1","144","True","False","878.993",,"True","1000","True","True","1000","True"
"512e2cc0-5ebd-4d17-b7cf-a18a28bccdb4","MANIFEST_BOUND","hmail-perf-pair-service-20260901","06EFCBA9520D478A6DAC7ABB7F09F3B63D015A0CD5ECA1EB4D0FD2CC8C38F9FD","net10","hmail_perf_pair_net10_20260831_head3","C:\hmail-perf-pair-service-20260901\net10\Data","393449EA88D8D3C63D044D759D715322FD07A6F365FB10F18C1F0F126C6B4675","100","15","one TCP client and one sequential IMAP session per sample","0","PASS","45FA907CE0D3797C1E13EBB2F03F076A25656CCE27E801C18F745ACD3944FBBD","5136EEC556F9790732AE759EF52F77FE6172329EA55787A80300C4A824107E46","1","145","True","False","421.884",,"True","1000","True","True","1000","True"
"512e2cc0-5ebd-4d17-b7cf-a18a28bccdb4","MANIFEST_BOUND","hmail-perf-pair-service-20260901","06EFCBA9520D478A6DAC7ABB7F09F3B63D015A0CD5ECA1EB4D0FD2CC8C38F9FD","net10","hmail_perf_pair_net10_20260831_head3","C:\hmail-perf-pair-service-20260901\net10\Data","393449EA88D8D3C63D044D759D715322FD07A6F365FB10F18C1F0F126C6B4675","100","15","one TCP client and one sequential IMAP session per sample","0","PASS","45FA907CE0D3797C1E13EBB2F03F076A25656CCE27E801C18F745ACD3944FBBD","5136EEC556F9790732AE759EF52F77FE6172329EA55787A80300C4A824107E46","1","146","True","False","514.691",,"True","1000","True","True","1000","True"
"512e2cc0-5ebd-4d17-b7cf-a18a28bccdb4","MANIFEST_BOUND","hmail-perf-pair-service-20260901","06EFCBA9520D478A6DAC7ABB7F09F3B63D015A0CD5ECA1EB4D0FD2CC8C38F9FD","net10","hmail_perf_pair_net10_20260831_head3","C:\hmail-perf-pair-service-20260901\net10\Data","393449EA88D8D3C63D044D759D715322FD07A6F365FB10F18C1F0F126C6B4675","100","15","one TCP client and one sequential IMAP session per sample","0","PASS","45FA907CE0D3797C1E13EBB2F03F076A25656CCE27E801C18F745ACD3944FBBD","5136EEC556F9790732AE759EF52F77FE6172329EA55787A80300C4A824107E46","1","147","True","False","1960.809",,"True","1000","True","True","1000","True"
"512e2cc0-5ebd-4d17-b7cf-a18a28bccdb4","MANIFEST_BOUND","hmail-perf-pair-service-20260901","06EFCBA9520D478A6DAC7ABB7F09F3B63D015A0CD5ECA1EB4D0FD2CC8C38F9FD","net10","hmail_perf_pair_net10_20260831_head3","C:\hmail-perf-pair-service-20260901\net10\Data","393449EA88D8D3C63D044D759D715322FD07A6F365FB10F18C1F0F126C6B4675","100","15","one TCP client and one sequential IMAP session per sample","0","PASS","45FA907CE0D3797C1E13EBB2F03F076A25656CCE27E801C18F745ACD3944FBBD","5136EEC556F9790732AE759EF52F77FE6172329EA55787A80300C4A824107E46","1","148","True","False","1001.373",,"True","1000","True","True","1000","True"
"512e2cc0-5ebd-4d17-b7cf-a18a28bccdb4","MANIFEST_BOUND","hmail-perf-pair-service-20260901","06EFCBA9520D478A6DAC7ABB7F09F3B63D015A0CD5ECA1EB4D0FD2CC8C38F9FD","net10","hmail_perf_pair_net10_20260831_head3","C:\hmail-perf-pair-service-20260901\net10\Data","393449EA88D8D3C63D044D759D715322FD07A6F365FB10F18C1F0F126C6B4675","100","15","one TCP client and one sequential IMAP session per sample","0","PASS","45FA907CE0D3797C1E13EBB2F03F076A25656CCE27E801C18F745ACD3944FBBD","5136EEC556F9790732AE759EF52F77FE6172329EA55787A80300C4A824107E46","1","149","True","False","884.085",,"True","1000","True","True","1000","True"
"512e2cc0-5ebd-4d17-b7cf-a18a28bccdb4","MANIFEST_BOUND","hmail-perf-pair-service-20260901","06EFCBA9520D478A6DAC7ABB7F09F3B63D015A0CD5ECA1EB4D0FD2CC8C38F9FD","net10","hmail_perf_pair_net10_20260831_head3","C:\hmail-perf-pair-service-20260901\net10\Data","393449EA88D8D3C63D044D759D715322FD07A6F365FB10F18C1F0F126C6B4675","100","15","one TCP client and one sequential IMAP session per sample","0","PASS","45FA907CE0D3797C1E13EBB2F03F076A25656CCE27E801C18F745ACD3944FBBD","5136EEC556F9790732AE759EF52F77FE6172329EA55787A80300C4A824107E46","1","150","True","False","878.346",,"True","1000","True","True","1000","True"
"512e2cc0-5ebd-4d17-b7cf-a18a28bccdb4","MANIFEST_BOUND","hmail-perf-pair-service-20260901","06EFCBA9520D478A6DAC7ABB7F09F3B63D015A0CD5ECA1EB4D0FD2CC8C38F9FD","net10","hmail_perf_pair_net10_20260831_head3","C:\hmail-perf-pair-service-20260901\net10\Data","393449EA88D8D3C63D044D759D715322FD07A6F365FB10F18C1F0F126C6B4675","100","15","one TCP client and one sequential IMAP session per sample","0","PASS","45FA907CE0D3797C1E13EBB2F03F076A25656CCE27E801C18F745ACD3944FBBD","5136EEC556F9790732AE759EF52F77FE6172329EA55787A80300C4A824107E46","1","151","True","False","1374.949",,"True","1000","True","True","1000","True"
"512e2cc0-5ebd-4d17-b7cf-a18a28bccdb4","MANIFEST_BOUND","hmail-perf-pair-service-20260901","06EFCBA9520D478A6DAC7ABB7F09F3B63D015A0CD5ECA1EB4D0FD2CC8C38F9FD","net10","hmail_perf_pair_net10_20260831_head3","C:\hmail-perf-pair-service-20260901\net10\Data","393449EA88D8D3C63D044D759D715322FD07A6F365FB10F18C1F0F126C6B4675","100","15","one TCP client and one sequential IMAP session per sample","0","PASS","45FA907CE0D3797C1E13EBB2F03F076A25656CCE27E801C18F745ACD3944FBBD","5136EEC556F9790732AE759EF52F77FE6172329EA55787A80300C4A824107E46","1","152","True","False","575.859",,"True","1000","True","True","1000","True"
"512e2cc0-5ebd-4d17-b7cf-a18a28bccdb4","MANIFEST_BOUND","hmail-perf-pair-service-20260901","06EFCBA9520D478A6DAC7ABB7F09F3B63D015A0CD5ECA1EB4D0FD2CC8C38F9FD","net10","hmail_perf_pair_net10_20260831_head3","C:\hmail-perf-pair-service-20260901\net10\Data","393449EA88D8D3C63D044D759D715322FD07A6F365FB10F18C1F0F126C6B4675","100","15","one TCP client and one sequential IMAP session per sample","0","PASS","45FA907CE0D3797C1E13EBB2F03F076A25656CCE27E801C18F745ACD3944FBBD","5136EEC556F9790732AE759EF52F77FE6172329EA55787A80300C4A824107E46","1","153","True","False","1181.729",,"True","1000","True","True","1000","True"
"512e2cc0-5ebd-4d17-b7cf-a18a28bccdb4","MANIFEST_BOUND","hmail-perf-pair-service-20260901","06EFCBA9520D478A6DAC7ABB7F09F3B63D015A0CD5ECA1EB4D0FD2CC8C38F9FD","net10","hmail_perf_pair_net10_20260831_head3","C:\hmail-perf-pair-service-20260901\net10\Data","393449EA88D8D3C63D044D759D715322FD07A6F365FB10F18C1F0F126C6B4675","100","15","one TCP client and one sequential IMAP session per sample","0","PASS","45FA907CE0D3797C1E13EBB2F03F076A25656CCE27E801C18F745ACD3944FBBD","5136EEC556F9790732AE759EF52F77FE6172329EA55787A80300C4A824107E46","1","154","True","False","1338.305",,"True","1000","True","True","1000","True"
"512e2cc0-5ebd-4d17-b7cf-a18a28bccdb4","MANIFEST_BOUND","hmail-perf-pair-service-20260901","06EFCBA9520D478A6DAC7ABB7F09F3B63D015A0CD5ECA1EB4D0FD2CC8C38F9FD","net10","hmail_perf_pair_net10_20260831_head3","C:\hmail-perf-pair-service-20260901\net10\Data","393449EA88D8D3C63D044D759D715322FD07A6F365FB10F18C1F0F126C6B4675","100","15","one TCP client and one sequential IMAP session per sample","0","PASS","45FA907CE0D3797C1E13EBB2F03F076A25656CCE27E801C18F745ACD3944FBBD","5136EEC556F9790732AE759EF52F77FE6172329EA55787A80300C4A824107E46","1","155","True","False","1631.482",,"True","1000","True","True","1000","True"
"512e2cc0-5ebd-4d17-b7cf-a18a28bccdb4","MANIFEST_BOUND","hmail-perf-pair-service-20260901","06EFCBA9520D478A6DAC7ABB7F09F3B63D015A0CD5ECA1EB4D0FD2CC8C38F9FD","net10","hmail_perf_pair_net10_20260831_head3","C:\hmail-perf-pair-service-20260901\net10\Data","393449EA88D8D3C63D044D759D715322FD07A6F365FB10F18C1F0F126C6B4675","100","15","one TCP client and one sequential IMAP session per sample","0","PASS","45FA907CE0D3797C1E13EBB2F03F076A25656CCE27E801C18F745ACD3944FBBD","5136EEC556F9790732AE759EF52F77FE6172329EA55787A80300C4A824107E46","1","156","True","False","555.93",,"True","1000","True","True","1000","True"
"512e2cc0-5ebd-4d17-b7cf-a18a28bccdb4","MANIFEST_BOUND","hmail-perf-pair-service-20260901","06EFCBA9520D478A6DAC7ABB7F09F3B63D015A0CD5ECA1EB4D0FD2CC8C38F9FD","net10","hmail_perf_pair_net10_20260831_head3","C:\hmail-perf-pair-service-20260901\net10\Data","393449EA88D8D3C63D044D759D715322FD07A6F365FB10F18C1F0F126C6B4675","100","15","one TCP client and one sequential IMAP session per sample","0","PASS","45FA907CE0D3797C1E13EBB2F03F076A25656CCE27E801C18F745ACD3944FBBD","5136EEC556F9790732AE759EF52F77FE6172329EA55787A80300C4A824107E46","1","157","True","False","2912.127",,"True","1000","True","True","1000","True"
"512e2cc0-5ebd-4d17-b7cf-a18a28bccdb4","MANIFEST_BOUND","hmail-perf-pair-service-20260901","06EFCBA9520D478A6DAC7ABB7F09F3B63D015A0CD5ECA1EB4D0FD2CC8C38F9FD","net10","hmail_perf_pair_net10_20260831_head3","C:\hmail-perf-pair-service-20260901\net10\Data","393449EA88D8D3C63D044D759D715322FD07A6F365FB10F18C1F0F126C6B4675","100","15","one TCP client and one sequential IMAP session per sample","0","PASS","45FA907CE0D3797C1E13EBB2F03F076A25656CCE27E801C18F745ACD3944FBBD","5136EEC556F9790732AE759EF52F77FE6172329EA55787A80300C4A824107E46","1","158","True","False","3102.871",,"True","1000","True","True","1000","True"
"512e2cc0-5ebd-4d17-b7cf-a18a28bccdb4","MANIFEST_BOUND","hmail-perf-pair-service-20260901","06EFCBA9520D478A6DAC7ABB7F09F3B63D015A0CD5ECA1EB4D0FD2CC8C38F9FD","net10","hmail_perf_pair_net10_20260831_head3","C:\hmail-perf-pair-service-20260901\net10\Data","393449EA88D8D3C63D044D759D715322FD07A6F365FB10F18C1F0F126C6B4675","100","15","one TCP client and one sequential IMAP session per sample","0","PASS","45FA907CE0D3797C1E13EBB2F03F076A25656CCE27E801C18F745ACD3944FBBD","5136EEC556F9790732AE759EF52F77FE6172329EA55787A80300C4A824107E46","1","159","True","False","1162.804",,"True","1000","True","True","1000","True"
"512e2cc0-5ebd-4d17-b7cf-a18a28bccdb4","MANIFEST_BOUND","hmail-perf-pair-service-20260901","06EFCBA9520D478A6DAC7ABB7F09F3B63D015A0CD5ECA1EB4D0FD2CC8C38F9FD","net10","hmail_perf_pair_net10_20260831_head3","C:\hmail-perf-pair-service-20260901\net10\Data","393449EA88D8D3C63D044D759D715322FD07A6F365FB10F18C1F0F126C6B4675","100","15","one TCP client and one sequential IMAP session per sample","0","PASS","45FA907CE0D3797C1E13EBB2F03F076A25656CCE27E801C18F745ACD3944FBBD","5136EEC556F9790732AE759EF52F77FE6172329EA55787A80300C4A824107E46","1","160","True","False","2855.35",,"True","1000","True","True","1000","True"
"512e2cc0-5ebd-4d17-b7cf-a18a28bccdb4","MANIFEST_BOUND","hmail-perf-pair-service-20260901","06EFCBA9520D478A6DAC7ABB7F09F3B63D015A0CD5ECA1EB4D0FD2CC8C38F9FD","net10","hmail_perf_pair_net10_20260831_head3","C:\hmail-perf-pair-service-20260901\net10\Data","393449EA88D8D3C63D044D759D715322FD07A6F365FB10F18C1F0F126C6B4675","100","15","one TCP client and one sequential IMAP session per sample","0","PASS","45FA907CE0D3797C1E13EBB2F03F076A25656CCE27E801C18F745ACD3944FBBD","5136EEC556F9790732AE759EF52F77FE6172329EA55787A80300C4A824107E46","1","161","True","False","892.628",,"True","1000","True","True","1000","True"
"512e2cc0-5ebd-4d17-b7cf-a18a28bccdb4","MANIFEST_BOUND","hmail-perf-pair-service-20260901","06EFCBA9520D478A6DAC7ABB7F09F3B63D015A0CD5ECA1EB4D0FD2CC8C38F9FD","net10","hmail_perf_pair_net10_20260831_head3","C:\hmail-perf-pair-service-20260901\net10\Data","393449EA88D8D3C63D044D759D715322FD07A6F365FB10F18C1F0F126C6B4675","100","15","one TCP client and one sequential IMAP session per sample","0","PASS","45FA907CE0D3797C1E13EBB2F03F076A25656CCE27E801C18F745ACD3944FBBD","5136EEC556F9790732AE759EF52F77FE6172329EA55787A80300C4A824107E46","1","162","True","False","892.42",,"True","1000","True","True","1000","True"
"512e2cc0-5ebd-4d17-b7cf-a18a28bccdb4","MANIFEST_BOUND","hmail-perf-pair-service-20260901","06EFCBA9520D478A6DAC7ABB7F09F3B63D015A0CD5ECA1EB4D0FD2CC8C38F9FD","net10","hmail_perf_pair_net10_20260831_head3","C:\hmail-perf-pair-service-20260901\net10\Data","393449EA88D8D3C63D044D759D715322FD07A6F365FB10F18C1F0F126C6B4675","100","15","one TCP client and one sequential IMAP session per sample","0","PASS","45FA907CE0D3797C1E13EBB2F03F076A25656CCE27E801C18F745ACD3944FBBD","5136EEC556F9790732AE759EF52F77FE6172329EA55787A80300C4A824107E46","1","163","True","False","1318.717",,"True","1000","True","True","1000","True"
"512e2cc0-5ebd-4d17-b7cf-a18a28bccdb4","MANIFEST_BOUND","hmail-perf-pair-service-20260901","06EFCBA9520D478A6DAC7ABB7F09F3B63D015A0CD5ECA1EB4D0FD2CC8C38F9FD","net10","hmail_perf_pair_net10_20260831_head3","C:\hmail-perf-pair-service-20260901\net10\Data","393449EA88D8D3C63D044D759D715322FD07A6F365FB10F18C1F0F126C6B4675","100","15","one TCP client and one sequential IMAP session per sample","0","PASS","45FA907CE0D3797C1E13EBB2F03F076A25656CCE27E801C18F745ACD3944FBBD","5136EEC556F9790732AE759EF52F77FE6172329EA55787A80300C4A824107E46","1","164","True","False","2274.438",,"True","1000","True","True","1000","True"
"512e2cc0-5ebd-4d17-b7cf-a18a28bccdb4","MANIFEST_BOUND","hmail-perf-pair-service-20260901","06EFCBA9520D478A6DAC7ABB7F09F3B63D015A0CD5ECA1EB4D0FD2CC8C38F9FD","net10","hmail_perf_pair_net10_20260831_head3","C:\hmail-perf-pair-service-20260901\net10\Data","393449EA88D8D3C63D044D759D715322FD07A6F365FB10F18C1F0F126C6B4675","100","15","one TCP client and one sequential IMAP session per sample","0","PASS","45FA907CE0D3797C1E13EBB2F03F076A25656CCE27E801C18F745ACD3944FBBD","5136EEC556F9790732AE759EF52F77FE6172329EA55787A80300C4A824107E46","1","165","True","False","1332.153",,"True","1000","True","True","1000","True"
"512e2cc0-5ebd-4d17-b7cf-a18a28bccdb4","MANIFEST_BOUND","hmail-perf-pair-service-20260901","06EFCBA9520D478A6DAC7ABB7F09F3B63D015A0CD5ECA1EB4D0FD2CC8C38F9FD","net10","hmail_perf_pair_net10_20260831_head3","C:\hmail-perf-pair-service-20260901\net10\Data","393449EA88D8D3C63D044D759D715322FD07A6F365FB10F18C1F0F126C6B4675","100","15","one TCP client and one sequential IMAP session per sample","0","PASS","45FA907CE0D3797C1E13EBB2F03F076A25656CCE27E801C18F745ACD3944FBBD","5136EEC556F9790732AE759EF52F77FE6172329EA55787A80300C4A824107E46","1","166","True","False","1310.583",,"True","1000","True","True","1000","True"
"512e2cc0-5ebd-4d17-b7cf-a18a28bccdb4","MANIFEST_BOUND","hmail-perf-pair-service-20260901","06EFCBA9520D478A6DAC7ABB7F09F3B63D015A0CD5ECA1EB4D0FD2CC8C38F9FD","net10","hmail_perf_pair_net10_20260831_head3","C:\hmail-perf-pair-service-20260901\net10\Data","393449EA88D8D3C63D044D759D715322FD07A6F365FB10F18C1F0F126C6B4675","100","15","one TCP client and one sequential IMAP session per sample","0","PASS","45FA907CE0D3797C1E13EBB2F03F076A25656CCE27E801C18F745ACD3944FBBD","5136EEC556F9790732AE759EF52F77FE6172329EA55787A80300C4A824107E46","1","167","True","False","1206.817",,"True","1000","True","True","1000","True"
"512e2cc0-5ebd-4d17-b7cf-a18a28bccdb4","MANIFEST_BOUND","hmail-perf-pair-service-20260901","06EFCBA9520D478A6DAC7ABB7F09F3B63D015A0CD5ECA1EB4D0FD2CC8C38F9FD","net10","hmail_perf_pair_net10_20260831_head3","C:\hmail-perf-pair-service-20260901\net10\Data","393449EA88D8D3C63D044D759D715322FD07A6F365FB10F18C1F0F126C6B4675","100","15","one TCP client and one sequential IMAP session per sample","0","PASS","45FA907CE0D3797C1E13EBB2F03F076A25656CCE27E801C18F745ACD3944FBBD","5136EEC556F9790732AE759EF52F77FE6172329EA55787A80300C4A824107E46","1","168","True","False","2054.186",,"True","1000","True","True","1000","True"
"512e2cc0-5ebd-4d17-b7cf-a18a28bccdb4","MANIFEST_BOUND","hmail-perf-pair-service-20260901","06EFCBA9520D478A6DAC7ABB7F09F3B63D015A0CD5ECA1EB4D0FD2CC8C38F9FD","net10","hmail_perf_pair_net10_20260831_head3","C:\hmail-perf-pair-service-20260901\net10\Data","393449EA88D8D3C63D044D759D715322FD07A6F365FB10F18C1F0F126C6B4675","100","15","one TCP client and one sequential IMAP session per sample","0","PASS","45FA907CE0D3797C1E13EBB2F03F076A25656CCE27E801C18F745ACD3944FBBD","5136EEC556F9790732AE759EF52F77FE6172329EA55787A80300C4A824107E46","1","169","True","False","1541.018",,"True","1000","True","True","1000","True"
"512e2cc0-5ebd-4d17-b7cf-a18a28bccdb4","MANIFEST_BOUND","hmail-perf-pair-service-20260901","06EFCBA9520D478A6DAC7ABB7F09F3B63D015A0CD5ECA1EB4D0FD2CC8C38F9FD","net10","hmail_perf_pair_net10_20260831_head3","C:\hmail-perf-pair-service-20260901\net10\Data","393449EA88D8D3C63D044D759D715322FD07A6F365FB10F18C1F0F126C6B4675","100","15","one TCP client and one sequential IMAP session per sample","0","PASS","45FA907CE0D3797C1E13EBB2F03F076A25656CCE27E801C18F745ACD3944FBBD","5136EEC556F9790732AE759EF52F77FE6172329EA55787A80300C4A824107E46","1","170","True","False","2808.527",,"True","1000","True","True","1000","True"
"512e2cc0-5ebd-4d17-b7cf-a18a28bccdb4","MANIFEST_BOUND","hmail-perf-pair-service-20260901","06EFCBA9520D478A6DAC7ABB7F09F3B63D015A0CD5ECA1EB4D0FD2CC8C38F9FD","net10","hmail_perf_pair_net10_20260831_head3","C:\hmail-perf-pair-service-20260901\net10\Data","393449EA88D8D3C63D044D759D715322FD07A6F365FB10F18C1F0F126C6B4675","100","15","one TCP client and one sequential IMAP session per sample","0","PASS","45FA907CE0D3797C1E13EBB2F03F076A25656CCE27E801C18F745ACD3944FBBD","5136EEC556F9790732AE759EF52F77FE6172329EA55787A80300C4A824107E46","1","171","True","False","2673.109",,"True","1000","True","True","1000","True"
"512e2cc0-5ebd-4d17-b7cf-a18a28bccdb4","MANIFEST_BOUND","hmail-perf-pair-service-20260901","06EFCBA9520D478A6DAC7ABB7F09F3B63D015A0CD5ECA1EB4D0FD2CC8C38F9FD","net10","hmail_perf_pair_net10_20260831_head3","C:\hmail-perf-pair-service-20260901\net10\Data","393449EA88D8D3C63D044D759D715322FD07A6F365FB10F18C1F0F126C6B4675","100","15","one TCP client and one sequential IMAP session per sample","0","PASS","45FA907CE0D3797C1E13EBB2F03F076A25656CCE27E801C18F745ACD3944FBBD","5136EEC556F9790732AE759EF52F77FE6172329EA55787A80300C4A824107E46","1","172","True","False","2898.892",,"True","1000","True","True","1000","True"
"512e2cc0-5ebd-4d17-b7cf-a18a28bccdb4","MANIFEST_BOUND","hmail-perf-pair-service-20260901","06EFCBA9520D478A6DAC7ABB7F09F3B63D015A0CD5ECA1EB4D0FD2CC8C38F9FD","net10","hmail_perf_pair_net10_20260831_head3","C:\hmail-perf-pair-service-20260901\net10\Data","393449EA88D8D3C63D044D759D715322FD07A6F365FB10F18C1F0F126C6B4675","100","15","one TCP client and one sequential IMAP session per sample","0","PASS","45FA907CE0D3797C1E13EBB2F03F076A25656CCE27E801C18F745ACD3944FBBD","5136EEC556F9790732AE759EF52F77FE6172329EA55787A80300C4A824107E46","1","173","True","False","1611.157",,"True","1000","True","True","1000","True"
"512e2cc0-5ebd-4d17-b7cf-a18a28bccdb4","MANIFEST_BOUND","hmail-perf-pair-service-20260901","06EFCBA9520D478A6DAC7ABB7F09F3B63D015A0CD5ECA1EB4D0FD2CC8C38F9FD","net10","hmail_perf_pair_net10_20260831_head3","C:\hmail-perf-pair-service-20260901\net10\Data","393449EA88D8D3C63D044D759D715322FD07A6F365FB10F18C1F0F126C6B4675","100","15","one TCP client and one sequential IMAP session per sample","0","PASS","45FA907CE0D3797C1E13EBB2F03F076A25656CCE27E801C18F745ACD3944FBBD","5136EEC556F9790732AE759EF52F77FE6172329EA55787A80300C4A824107E46","1","174","True","False","1493.568",,"True","1000","True","True","1000","True"
"512e2cc0-5ebd-4d17-b7cf-a18a28bccdb4","MANIFEST_BOUND","hmail-perf-pair-service-20260901","06EFCBA9520D478A6DAC7ABB7F09F3B63D015A0CD5ECA1EB4D0FD2CC8C38F9FD","net10","hmail_perf_pair_net10_20260831_head3","C:\hmail-perf-pair-service-20260901\net10\Data","393449EA88D8D3C63D044D759D715322FD07A6F365FB10F18C1F0F126C6B4675","100","15","one TCP client and one sequential IMAP session per sample","0","PASS","45FA907CE0D3797C1E13EBB2F03F076A25656CCE27E801C18F745ACD3944FBBD","5136EEC556F9790732AE759EF52F77FE6172329EA55787A80300C4A824107E46","1","175","True","False","2579.475",,"True","1000","True","True","1000","True"
"512e2cc0-5ebd-4d17-b7cf-a18a28bccdb4","MANIFEST_BOUND","hmail-perf-pair-service-20260901","06EFCBA9520D478A6DAC7ABB7F09F3B63D015A0CD5ECA1EB4D0FD2CC8C38F9FD","net10","hmail_perf_pair_net10_20260831_head3","C:\hmail-perf-pair-service-20260901\net10\Data","393449EA88D8D3C63D044D759D715322FD07A6F365FB10F18C1F0F126C6B4675","100","15","one TCP client and one sequential IMAP session per sample","0","PASS","45FA907CE0D3797C1E13EBB2F03F076A25656CCE27E801C18F745ACD3944FBBD","5136EEC556F9790732AE759EF52F77FE6172329EA55787A80300C4A824107E46","1","176","True","False","1435.409",,"True","1000","True","True","1000","True"
"512e2cc0-5ebd-4d17-b7cf-a18a28bccdb4","MANIFEST_BOUND","hmail-perf-pair-service-20260901","06EFCBA9520D478A6DAC7ABB7F09F3B63D015A0CD5ECA1EB4D0FD2CC8C38F9FD","net10","hmail_perf_pair_net10_20260831_head3","C:\hmail-perf-pair-service-20260901\net10\Data","393449EA88D8D3C63D044D759D715322FD07A6F365FB10F18C1F0F126C6B4675","100","15","one TCP client and one sequential IMAP session per sample","0","PASS","45FA907CE0D3797C1E13EBB2F03F076A25656CCE27E801C18F745ACD3944FBBD","5136EEC556F9790732AE759EF52F77FE6172329EA55787A80300C4A824107E46","1","177","True","False","2601.702",,"True","1000","True","True","1000","True"
"512e2cc0-5ebd-4d17-b7cf-a18a28bccdb4","MANIFEST_BOUND","hmail-perf-pair-service-20260901","06EFCBA9520D478A6DAC7ABB7F09F3B63D015A0CD5ECA1EB4D0FD2CC8C38F9FD","net10","hmail_perf_pair_net10_20260831_head3","C:\hmail-perf-pair-service-20260901\net10\Data","393449EA88D8D3C63D044D759D715322FD07A6F365FB10F18C1F0F126C6B4675","100","15","one TCP client and one sequential IMAP session per sample","0","PASS","45FA907CE0D3797C1E13EBB2F03F076A25656CCE27E801C18F745ACD3944FBBD","5136EEC556F9790732AE759EF52F77FE6172329EA55787A80300C4A824107E46","1","178","True","False","2102.466",,"True","1000","True","True","1000","True"
"512e2cc0-5ebd-4d17-b7cf-a18a28bccdb4","MANIFEST_BOUND","hmail-perf-pair-service-20260901","06EFCBA9520D478A6DAC7ABB7F09F3B63D015A0CD5ECA1EB4D0FD2CC8C38F9FD","net10","hmail_perf_pair_net10_20260831_head3","C:\hmail-perf-pair-service-20260901\net10\Data","393449EA88D8D3C63D044D759D715322FD07A6F365FB10F18C1F0F126C6B4675","100","15","one TCP client and one sequential IMAP session per sample","0","PASS","45FA907CE0D3797C1E13EBB2F03F076A25656CCE27E801C18F745ACD3944FBBD","5136EEC556F9790732AE759EF52F77FE6172329EA55787A80300C4A824107E46","1","179","True","False","1330.095",,"True","1000","True","True","1000","True"
"512e2cc0-5ebd-4d17-b7cf-a18a28bccdb4","MANIFEST_BOUND","hmail-perf-pair-service-20260901","06EFCBA9520D478A6DAC7ABB7F09F3B63D015A0CD5ECA1EB4D0FD2CC8C38F9FD","net10","hmail_perf_pair_net10_20260831_head3","C:\hmail-perf-pair-service-20260901\net10\Data","393449EA88D8D3C63D044D759D715322FD07A6F365FB10F18C1F0F126C6B4675","100","15","one TCP client and one sequential IMAP session per sample","0","PASS","45FA907CE0D3797C1E13EBB2F03F076A25656CCE27E801C18F745ACD3944FBBD","5136EEC556F9790732AE759EF52F77FE6172329EA55787A80300C4A824107E46","1","180","True","False","3126.613",,"True","1000","True","True","1000","True"
"512e2cc0-5ebd-4d17-b7cf-a18a28bccdb4","MANIFEST_BOUND","hmail-perf-pair-service-20260901","06EFCBA9520D478A6DAC7ABB7F09F3B63D015A0CD5ECA1EB4D0FD2CC8C38F9FD","net10","hmail_perf_pair_net10_20260831_head3","C:\hmail-perf-pair-service-20260901\net10\Data","393449EA88D8D3C63D044D759D715322FD07A6F365FB10F18C1F0F126C6B4675","100","15","one TCP client and one sequential IMAP session per sample","0","PASS","45FA907CE0D3797C1E13EBB2F03F076A25656CCE27E801C18F745ACD3944FBBD","5136EEC556F9790732AE759EF52F77FE6172329EA55787A80300C4A824107E46","1","181","True","False","1450.929",,"True","1000","True","True","1000","True"
"512e2cc0-5ebd-4d17-b7cf-a18a28bccdb4","MANIFEST_BOUND","hmail-perf-pair-service-20260901","06EFCBA9520D478A6DAC7ABB7F09F3B63D015A0CD5ECA1EB4D0FD2CC8C38F9FD","net10","hmail_perf_pair_net10_20260831_head3","C:\hmail-perf-pair-service-20260901\net10\Data","393449EA88D8D3C63D044D759D715322FD07A6F365FB10F18C1F0F126C6B4675","100","15","one TCP client and one sequential IMAP session per sample","0","PASS","45FA907CE0D3797C1E13EBB2F03F076A25656CCE27E801C18F745ACD3944FBBD","5136EEC556F9790732AE759EF52F77FE6172329EA55787A80300C4A824107E46","1","182","True","False","2638.664",,"True","1000","True","True","1000","True"
"512e2cc0-5ebd-4d17-b7cf-a18a28bccdb4","MANIFEST_BOUND","hmail-perf-pair-service-20260901","06EFCBA9520D478A6DAC7ABB7F09F3B63D015A0CD5ECA1EB4D0FD2CC8C38F9FD","net10","hmail_perf_pair_net10_20260831_head3","C:\hmail-perf-pair-service-20260901\net10\Data","393449EA88D8D3C63D044D759D715322FD07A6F365FB10F18C1F0F126C6B4675","100","15","one TCP client and one sequential IMAP session per sample","0","PASS","45FA907CE0D3797C1E13EBB2F03F076A25656CCE27E801C18F745ACD3944FBBD","5136EEC556F9790732AE759EF52F77FE6172329EA55787A80300C4A824107E46","1","183","True","False","2615.157",,"True","1000","True","True","1000","True"
"512e2cc0-5ebd-4d17-b7cf-a18a28bccdb4","MANIFEST_BOUND","hmail-perf-pair-service-20260901","06EFCBA9520D478A6DAC7ABB7F09F3B63D015A0CD5ECA1EB4D0FD2CC8C38F9FD","net10","hmail_perf_pair_net10_20260831_head3","C:\hmail-perf-pair-service-20260901\net10\Data","393449EA88D8D3C63D044D759D715322FD07A6F365FB10F18C1F0F126C6B4675","100","15","one TCP client and one sequential IMAP session per sample","0","PASS","45FA907CE0D3797C1E13EBB2F03F076A25656CCE27E801C18F745ACD3944FBBD","5136EEC556F9790732AE759EF52F77FE6172329EA55787A80300C4A824107E46","1","184","True","False","2808.393",,"True","1000","True","True","1000","True"
"512e2cc0-5ebd-4d17-b7cf-a18a28bccdb4","MANIFEST_BOUND","hmail-perf-pair-service-20260901","06EFCBA9520D478A6DAC7ABB7F09F3B63D015A0CD5ECA1EB4D0FD2CC8C38F9FD","net10","hmail_perf_pair_net10_20260831_head3","C:\hmail-perf-pair-service-20260901\net10\Data","393449EA88D8D3C63D044D759D715322FD07A6F365FB10F18C1F0F126C6B4675","100","15","one TCP client and one sequential IMAP session per sample","0","PASS","45FA907CE0D3797C1E13EBB2F03F076A25656CCE27E801C18F745ACD3944FBBD","5136EEC556F9790732AE759EF52F77FE6172329EA55787A80300C4A824107E46","1","185","True","False","2641.384",,"True","1000","True","True","1000","True"
"512e2cc0-5ebd-4d17-b7cf-a18a28bccdb4","MANIFEST_BOUND","hmail-perf-pair-service-20260901","06EFCBA9520D478A6DAC7ABB7F09F3B63D015A0CD5ECA1EB4D0FD2CC8C38F9FD","net10","hmail_perf_pair_net10_20260831_head3","C:\hmail-perf-pair-service-20260901\net10\Data","393449EA88D8D3C63D044D759D715322FD07A6F365FB10F18C1F0F126C6B4675","100","15","one TCP client and one sequential IMAP session per sample","0","PASS","45FA907CE0D3797C1E13EBB2F03F076A25656CCE27E801C18F745ACD3944FBBD","5136EEC556F9790732AE759EF52F77FE6172329EA55787A80300C4A824107E46","1","186","True","False","1255.378",,"True","1000","True","True","1000","True"
"512e2cc0-5ebd-4d17-b7cf-a18a28bccdb4","MANIFEST_BOUND","hmail-perf-pair-service-20260901","06EFCBA9520D478A6DAC7ABB7F09F3B63D015A0CD5ECA1EB4D0FD2CC8C38F9FD","net10","hmail_perf_pair_net10_20260831_head3","C:\hmail-perf-pair-service-20260901\net10\Data","393449EA88D8D3C63D044D759D715322FD07A6F365FB10F18C1F0F126C6B4675","100","15","one TCP client and one sequential IMAP session per sample","0","PASS","45FA907CE0D3797C1E13EBB2F03F076A25656CCE27E801C18F745ACD3944FBBD","5136EEC556F9790732AE759EF52F77FE6172329EA55787A80300C4A824107E46","1","187","True","False","2739.658",,"True","1000","True","True","1000","True"
"512e2cc0-5ebd-4d17-b7cf-a18a28bccdb4","MANIFEST_BOUND","hmail-perf-pair-service-20260901","06EFCBA9520D478A6DAC7ABB7F09F3B63D015A0CD5ECA1EB4D0FD2CC8C38F9FD","net10","hmail_perf_pair_net10_20260831_head3","C:\hmail-perf-pair-service-20260901\net10\Data","393449EA88D8D3C63D044D759D715322FD07A6F365FB10F18C1F0F126C6B4675","100","15","one TCP client and one sequential IMAP session per sample","0","PASS","45FA907CE0D3797C1E13EBB2F03F076A25656CCE27E801C18F745ACD3944FBBD","5136EEC556F9790732AE759EF52F77FE6172329EA55787A80300C4A824107E46","1","188","True","False","1102.606",,"True","1000","True","True","1000","True"
"512e2cc0-5ebd-4d17-b7cf-a18a28bccdb4","MANIFEST_BOUND","hmail-perf-pair-service-20260901","06EFCBA9520D478A6DAC7ABB7F09F3B63D015A0CD5ECA1EB4D0FD2CC8C38F9FD","net10","hmail_perf_pair_net10_20260831_head3","C:\hmail-perf-pair-service-20260901\net10\Data","393449EA88D8D3C63D044D759D715322FD07A6F365FB10F18C1F0F126C6B4675","100","15","one TCP client and one sequential IMAP session per sample","0","PASS","45FA907CE0D3797C1E13EBB2F03F076A25656CCE27E801C18F745ACD3944FBBD","5136EEC556F9790732AE759EF52F77FE6172329EA55787A80300C4A824107E46","1","189","True","False","1362.254",,"True","1000","True","True","1000","True"
"512e2cc0-5ebd-4d17-b7cf-a18a28bccdb4","MANIFEST_BOUND","hmail-perf-pair-service-20260901","06EFCBA9520D478A6DAC7ABB7F09F3B63D015A0CD5ECA1EB4D0FD2CC8C38F9FD","net10","hmail_perf_pair_net10_20260831_head3","C:\hmail-perf-pair-service-20260901\net10\Data","393449EA88D8D3C63D044D759D715322FD07A6F365FB10F18C1F0F126C6B4675","100","15","one TCP client and one sequential IMAP session per sample","0","PASS","45FA907CE0D3797C1E13EBB2F03F076A25656CCE27E801C18F745ACD3944FBBD","5136EEC556F9790732AE759EF52F77FE6172329EA55787A80300C4A824107E46","1","190","True","False","1373.387",,"True","1000","True","True","1000","True"
"512e2cc0-5ebd-4d17-b7cf-a18a28bccdb4","MANIFEST_BOUND","hmail-perf-pair-service-20260901","06EFCBA9520D478A6DAC7ABB7F09F3B63D015A0CD5ECA1EB4D0FD2CC8C38F9FD","net10","hmail_perf_pair_net10_20260831_head3","C:\hmail-perf-pair-service-20260901\net10\Data","393449EA88D8D3C63D044D759D715322FD07A6F365FB10F18C1F0F126C6B4675","100","15","one TCP client and one sequential IMAP session per sample","0","PASS","45FA907CE0D3797C1E13EBB2F03F076A25656CCE27E801C18F745ACD3944FBBD","5136EEC556F9790732AE759EF52F77FE6172329EA55787A80300C4A824107E46","1","191","True","False","3368.901",,"True","1000","True","True","1000","True"
"512e2cc0-5ebd-4d17-b7cf-a18a28bccdb4","MANIFEST_BOUND","hmail-perf-pair-service-20260901","06EFCBA9520D478A6DAC7ABB7F09F3B63D015A0CD5ECA1EB4D0FD2CC8C38F9FD","net10","hmail_perf_pair_net10_20260831_head3","C:\hmail-perf-pair-service-20260901\net10\Data","393449EA88D8D3C63D044D759D715322FD07A6F365FB10F18C1F0F126C6B4675","100","15","one TCP client and one sequential IMAP session per sample","0","PASS","45FA907CE0D3797C1E13EBB2F03F076A25656CCE27E801C18F745ACD3944FBBD","5136EEC556F9790732AE759EF52F77FE6172329EA55787A80300C4A824107E46","1","192","True","False","2699.524",,"True","1000","True","True","1000","True"
"512e2cc0-5ebd-4d17-b7cf-a18a28bccdb4","MANIFEST_BOUND","hmail-perf-pair-service-20260901","06EFCBA9520D478A6DAC7ABB7F09F3B63D015A0CD5ECA1EB4D0FD2CC8C38F9FD","net10","hmail_perf_pair_net10_20260831_head3","C:\hmail-perf-pair-service-20260901\net10\Data","393449EA88D8D3C63D044D759D715322FD07A6F365FB10F18C1F0F126C6B4675","100","15","one TCP client and one sequential IMAP session per sample","0","PASS","45FA907CE0D3797C1E13EBB2F03F076A25656CCE27E801C18F745ACD3944FBBD","5136EEC556F9790732AE759EF52F77FE6172329EA55787A80300C4A824107E46","1","193","True","False","3173.923",,"True","1000","True","True","1000","True"
"512e2cc0-5ebd-4d17-b7cf-a18a28bccdb4","MANIFEST_BOUND","hmail-perf-pair-service-20260901","06EFCBA9520D478A6DAC7ABB7F09F3B63D015A0CD5ECA1EB4D0FD2CC8C38F9FD","net10","hmail_perf_pair_net10_20260831_head3","C:\hmail-perf-pair-service-20260901\net10\Data","393449EA88D8D3C63D044D759D715322FD07A6F365FB10F18C1F0F126C6B4675","100","15","one TCP client and one sequential IMAP session per sample","0","PASS","45FA907CE0D3797C1E13EBB2F03F076A25656CCE27E801C18F745ACD3944FBBD","5136EEC556F9790732AE759EF52F77FE6172329EA55787A80300C4A824107E46","1","194","True","False","3150.626",,"True","1000","True","True","1000","True"
"512e2cc0-5ebd-4d17-b7cf-a18a28bccdb4","MANIFEST_BOUND","hmail-perf-pair-service-20260901","06EFCBA9520D478A6DAC7ABB7F09F3B63D015A0CD5ECA1EB4D0FD2CC8C38F9FD","net10","hmail_perf_pair_net10_20260831_head3","C:\hmail-perf-pair-service-20260901\net10\Data","393449EA88D8D3C63D044D759D715322FD07A6F365FB10F18C1F0F126C6B4675","100","15","one TCP client and one sequential IMAP session per sample","0","PASS","45FA907CE0D3797C1E13EBB2F03F076A25656CCE27E801C18F745ACD3944FBBD","5136EEC556F9790732AE759EF52F77FE6172329EA55787A80300C4A824107E46","1","195","True","False","2076.063",,"True","1000","True","True","1000","True"
"512e2cc0-5ebd-4d17-b7cf-a18a28bccdb4","MANIFEST_BOUND","hmail-perf-pair-service-20260901","06EFCBA9520D478A6DAC7ABB7F09F3B63D015A0CD5ECA1EB4D0FD2CC8C38F9FD","net10","hmail_perf_pair_net10_20260831_head3","C:\hmail-perf-pair-service-20260901\net10\Data","393449EA88D8D3C63D044D759D715322FD07A6F365FB10F18C1F0F126C6B4675","100","15","one TCP client and one sequential IMAP session per sample","0","PASS","45FA907CE0D3797C1E13EBB2F03F076A25656CCE27E801C18F745ACD3944FBBD","5136EEC556F9790732AE759EF52F77FE6172329EA55787A80300C4A824107E46","1","196","True","False","1250.827",,"True","1000","True","True","1000","True"
"512e2cc0-5ebd-4d17-b7cf-a18a28bccdb4","MANIFEST_BOUND","hmail-perf-pair-service-20260901","06EFCBA9520D478A6DAC7ABB7F09F3B63D015A0CD5ECA1EB4D0FD2CC8C38F9FD","net10","hmail_perf_pair_net10_20260831_head3","C:\hmail-perf-pair-service-20260901\net10\Data","393449EA88D8D3C63D044D759D715322FD07A6F365FB10F18C1F0F126C6B4675","100","15","one TCP client and one sequential IMAP session per sample","0","PASS","45FA907CE0D3797C1E13EBB2F03F076A25656CCE27E801C18F745ACD3944FBBD","5136EEC556F9790732AE759EF52F77FE6172329EA55787A80300C4A824107E46","1","197","True","False","2368.582",,"True","1000","True","True","1000","True"
"512e2cc0-5ebd-4d17-b7cf-a18a28bccdb4","MANIFEST_BOUND","hmail-perf-pair-service-20260901","06EFCBA9520D478A6DAC7ABB7F09F3B63D015A0CD5ECA1EB4D0FD2CC8C38F9FD","net10","hmail_perf_pair_net10_20260831_head3","C:\hmail-perf-pair-service-20260901\net10\Data","393449EA88D8D3C63D044D759D715322FD07A6F365FB10F18C1F0F126C6B4675","100","15","one TCP client and one sequential IMAP session per sample","0","PASS","45FA907CE0D3797C1E13EBB2F03F076A25656CCE27E801C18F745ACD3944FBBD","5136EEC556F9790732AE759EF52F77FE6172329EA55787A80300C4A824107E46","1","198","True","False","3485.773",,"True","1000","True","True","1000","True"
"512e2cc0-5ebd-4d17-b7cf-a18a28bccdb4","MANIFEST_BOUND","hmail-perf-pair-service-20260901","06EFCBA9520D478A6DAC7ABB7F09F3B63D015A0CD5ECA1EB4D0FD2CC8C38F9FD","net10","hmail_perf_pair_net10_20260831_head3","C:\hmail-perf-pair-service-20260901\net10\Data","393449EA88D8D3C63D044D759D715322FD07A6F365FB10F18C1F0F126C6B4675","100","15","one TCP client and one sequential IMAP session per sample","0","PASS","45FA907CE0D3797C1E13EBB2F03F076A25656CCE27E801C18F745ACD3944FBBD","5136EEC556F9790732AE759EF52F77FE6172329EA55787A80300C4A824107E46","1","199","True","False","1609.36",,"True","1000","True","True","1000","True"
"512e2cc0-5ebd-4d17-b7cf-a18a28bccdb4","MANIFEST_BOUND","hmail-perf-pair-service-20260901","06EFCBA9520D478A6DAC7ABB7F09F3B63D015A0CD5ECA1EB4D0FD2CC8C38F9FD","net10","hmail_perf_pair_net10_20260831_head3","C:\hmail-perf-pair-service-20260901\net10\Data","393449EA88D8D3C63D044D759D715322FD07A6F365FB10F18C1F0F126C6B4675","100","15","one TCP client and one sequential IMAP session per sample","0","PASS","45FA907CE0D3797C1E13EBB2F03F076A25656CCE27E801C18F745ACD3944FBBD","5136EEC556F9790732AE759EF52F77FE6172329EA55787A80300C4A824107E46","1","200","True","False","2233.731",,"True","1000","True","True","1000","True"
"512e2cc0-5ebd-4d17-b7cf-a18a28bccdb4","MANIFEST_BOUND","hmail-perf-pair-service-20260901","06EFCBA9520D478A6DAC7ABB7F09F3B63D015A0CD5ECA1EB4D0FD2CC8C38F9FD","net10","hmail_perf_pair_net10_20260831_head3","C:\hmail-perf-pair-service-20260901\net10\Data","393449EA88D8D3C63D044D759D715322FD07A6F365FB10F18C1F0F126C6B4675","100","15","one TCP client and one sequential IMAP session per sample","0","PASS","45FA907CE0D3797C1E13EBB2F03F076A25656CCE27E801C18F745ACD3944FBBD","5136EEC556F9790732AE759EF52F77FE6172329EA55787A80300C4A824107E46","1","201","True","False","2550.612",,"True","1000","True","True","1000","True"
"512e2cc0-5ebd-4d17-b7cf-a18a28bccdb4","MANIFEST_BOUND","hmail-perf-pair-service-20260901","06EFCBA9520D478A6DAC7ABB7F09F3B63D015A0CD5ECA1EB4D0FD2CC8C38F9FD","net10","hmail_perf_pair_net10_20260831_head3","C:\hmail-perf-pair-service-20260901\net10\Data","393449EA88D8D3C63D044D759D715322FD07A6F365FB10F18C1F0F126C6B4675","100","15","one TCP client and one sequential IMAP session per sample","0","PASS","45FA907CE0D3797C1E13EBB2F03F076A25656CCE27E801C18F745ACD3944FBBD","5136EEC556F9790732AE759EF52F77FE6172329EA55787A80300C4A824107E46","1","202","True","False","2900.281",,"True","1000","True","True","1000","True"
"512e2cc0-5ebd-4d17-b7cf-a18a28bccdb4","MANIFEST_BOUND","hmail-perf-pair-service-20260901","06EFCBA9520D478A6DAC7ABB7F09F3B63D015A0CD5ECA1EB4D0FD2CC8C38F9FD","net10","hmail_perf_pair_net10_20260831_head3","C:\hmail-perf-pair-service-20260901\net10\Data","393449EA88D8D3C63D044D759D715322FD07A6F365FB10F18C1F0F126C6B4675","100","15","one TCP client and one sequential IMAP session per sample","0","PASS","45FA907CE0D3797C1E13EBB2F03F076A25656CCE27E801C18F745ACD3944FBBD","5136EEC556F9790732AE759EF52F77FE6172329EA55787A80300C4A824107E46","1","203","True","False","3309.129",,"True","1000","True","True","1000","True"
"512e2cc0-5ebd-4d17-b7cf-a18a28bccdb4","MANIFEST_BOUND","hmail-perf-pair-service-20260901","06EFCBA9520D478A6DAC7ABB7F09F3B63D015A0CD5ECA1EB4D0FD2CC8C38F9FD","net10","hmail_perf_pair_net10_20260831_head3","C:\hmail-perf-pair-service-20260901\net10\Data","393449EA88D8D3C63D044D759D715322FD07A6F365FB10F18C1F0F126C6B4675","100","15","one TCP client and one sequential IMAP session per sample","0","PASS","45FA907CE0D3797C1E13EBB2F03F076A25656CCE27E801C18F745ACD3944FBBD","5136EEC556F9790732AE759EF52F77FE6172329EA55787A80300C4A824107E46","1","204","True","False","3301.034",,"True","1000","True","True","1000","True"
"512e2cc0-5ebd-4d17-b7cf-a18a28bccdb4","MANIFEST_BOUND","hmail-perf-pair-service-20260901","06EFCBA9520D478A6DAC7ABB7F09F3B63D015A0CD5ECA1EB4D0FD2CC8C38F9FD","net10","hmail_perf_pair_net10_20260831_head3","C:\hmail-perf-pair-service-20260901\net10\Data","393449EA88D8D3C63D044D759D715322FD07A6F365FB10F18C1F0F126C6B4675","100","15","one TCP client and one sequential IMAP session per sample","0","PASS","45FA907CE0D3797C1E13EBB2F03F076A25656CCE27E801C18F745ACD3944FBBD","5136EEC556F9790732AE759EF52F77FE6172329EA55787A80300C4A824107E46","1","205","True","False","2799.069",,"True","1000","True","True","1000","True"
"512e2cc0-5ebd-4d17-b7cf-a18a28bccdb4","MANIFEST_BOUND","hmail-perf-pair-service-20260901","06EFCBA9520D478A6DAC7ABB7F09F3B63D015A0CD5ECA1EB4D0FD2CC8C38F9FD","net10","hmail_perf_pair_net10_20260831_head3","C:\hmail-perf-pair-service-20260901\net10\Data","393449EA88D8D3C63D044D759D715322FD07A6F365FB10F18C1F0F126C6B4675","100","15","one TCP client and one sequential IMAP session per sample","0","PASS","45FA907CE0D3797C1E13EBB2F03F076A25656CCE27E801C18F745ACD3944FBBD","5136EEC556F9790732AE759EF52F77FE6172329EA55787A80300C4A824107E46","1","206","True","False","3420.077",,"True","1000","True","True","1000","True"
"512e2cc0-5ebd-4d17-b7cf-a18a28bccdb4","MANIFEST_BOUND","hmail-perf-pair-service-20260901","06EFCBA9520D478A6DAC7ABB7F09F3B63D015A0CD5ECA1EB4D0FD2CC8C38F9FD","net10","hmail_perf_pair_net10_20260831_head3","C:\hmail-perf-pair-service-20260901\net10\Data","393449EA88D8D3C63D044D759D715322FD07A6F365FB10F18C1F0F126C6B4675","100","15","one TCP client and one sequential IMAP session per sample","0","PASS","45FA907CE0D3797C1E13EBB2F03F076A25656CCE27E801C18F745ACD3944FBBD","5136EEC556F9790732AE759EF52F77FE6172329EA55787A80300C4A824107E46","1","207","True","False","2664.421",,"True","1000","True","True","1000","True"
"512e2cc0-5ebd-4d17-b7cf-a18a28bccdb4","MANIFEST_BOUND","hmail-perf-pair-service-20260901","06EFCBA9520D478A6DAC7ABB7F09F3B63D015A0CD5ECA1EB4D0FD2CC8C38F9FD","net10","hmail_perf_pair_net10_20260831_head3","C:\hmail-perf-pair-service-20260901\net10\Data","393449EA88D8D3C63D044D759D715322FD07A6F365FB10F18C1F0F126C6B4675","100","15","one TCP client and one sequential IMAP session per sample","0","PASS","45FA907CE0D3797C1E13EBB2F03F076A25656CCE27E801C18F745ACD3944FBBD","5136EEC556F9790732AE759EF52F77FE6172329EA55787A80300C4A824107E46","1","208","True","False","3722.648",,"True","1000","True","True","1000","True"
"512e2cc0-5ebd-4d17-b7cf-a18a28bccdb4","MANIFEST_BOUND","hmail-perf-pair-service-20260901","06EFCBA9520D478A6DAC7ABB7F09F3B63D015A0CD5ECA1EB4D0FD2CC8C38F9FD","net10","hmail_perf_pair_net10_20260831_head3","C:\hmail-perf-pair-service-20260901\net10\Data","393449EA88D8D3C63D044D759D715322FD07A6F365FB10F18C1F0F126C6B4675","100","15","one TCP client and one sequential IMAP session per sample","0","PASS","45FA907CE0D3797C1E13EBB2F03F076A25656CCE27E801C18F745ACD3944FBBD","5136EEC556F9790732AE759EF52F77FE6172329EA55787A80300C4A824107E46","1","209","True","False","3563.605",,"True","1000","True","True","1000","True"
"512e2cc0-5ebd-4d17-b7cf-a18a28bccdb4","MANIFEST_BOUND","hmail-perf-pair-service-20260901","06EFCBA9520D478A6DAC7ABB7F09F3B63D015A0CD5ECA1EB4D0FD2CC8C38F9FD","net10","hmail_perf_pair_net10_20260831_head3","C:\hmail-perf-pair-service-20260901\net10\Data","393449EA88D8D3C63D044D759D715322FD07A6F365FB10F18C1F0F126C6B4675","100","15","one TCP client and one sequential IMAP session per sample","0","PASS","45FA907CE0D3797C1E13EBB2F03F076A25656CCE27E801C18F745ACD3944FBBD","5136EEC556F9790732AE759EF52F77FE6172329EA55787A80300C4A824107E46","1","210","True","False","3699.346",,"True","1000","True","True","1000","True"
"512e2cc0-5ebd-4d17-b7cf-a18a28bccdb4","MANIFEST_BOUND","hmail-perf-pair-service-20260901","06EFCBA9520D478A6DAC7ABB7F09F3B63D015A0CD5ECA1EB4D0FD2CC8C38F9FD","net10","hmail_perf_pair_net10_20260831_head3","C:\hmail-perf-pair-service-20260901\net10\Data","393449EA88D8D3C63D044D759D715322FD07A6F365FB10F18C1F0F126C6B4675","100","15","one TCP client and one sequential IMAP session per sample","0","PASS","45FA907CE0D3797C1E13EBB2F03F076A25656CCE27E801C18F745ACD3944FBBD","5136EEC556F9790732AE759EF52F77FE6172329EA55787A80300C4A824107E46","1","211","True","False","3703.804",,"True","1000","True","True","1000","True"
"512e2cc0-5ebd-4d17-b7cf-a18a28bccdb4","MANIFEST_BOUND","hmail-perf-pair-service-20260901","06EFCBA9520D478A6DAC7ABB7F09F3B63D015A0CD5ECA1EB4D0FD2CC8C38F9FD","net10","hmail_perf_pair_net10_20260831_head3","C:\hmail-perf-pair-service-20260901\net10\Data","393449EA88D8D3C63D044D759D715322FD07A6F365FB10F18C1F0F126C6B4675","100","15","one TCP client and one sequential IMAP session per sample","0","PASS","45FA907CE0D3797C1E13EBB2F03F076A25656CCE27E801C18F745ACD3944FBBD","5136EEC556F9790732AE759EF52F77FE6172329EA55787A80300C4A824107E46","1","212","True","False","688.292",,"True","1000","True","True","1000","True"
"512e2cc0-5ebd-4d17-b7cf-a18a28bccdb4","MANIFEST_BOUND","hmail-perf-pair-service-20260901","06EFCBA9520D478A6DAC7ABB7F09F3B63D015A0CD5ECA1EB4D0FD2CC8C38F9FD","net10","hmail_perf_pair_net10_20260831_head3","C:\hmail-perf-pair-service-20260901\net10\Data","393449EA88D8D3C63D044D759D715322FD07A6F365FB10F18C1F0F126C6B4675","100","15","one TCP client and one sequential IMAP session per sample","0","PASS","45FA907CE0D3797C1E13EBB2F03F076A25656CCE27E801C18F745ACD3944FBBD","5136EEC556F9790732AE759EF52F77FE6172329EA55787A80300C4A824107E46","1","213","True","False","3758.608",,"True","1000","True","True","1000","True"
"512e2cc0-5ebd-4d17-b7cf-a18a28bccdb4","MANIFEST_BOUND","hmail-perf-pair-service-20260901","06EFCBA9520D478A6DAC7ABB7F09F3B63D015A0CD5ECA1EB4D0FD2CC8C38F9FD","net10","hmail_perf_pair_net10_20260831_head3","C:\hmail-perf-pair-service-20260901\net10\Data","393449EA88D8D3C63D044D759D715322FD07A6F365FB10F18C1F0F126C6B4675","100","15","one TCP client and one sequential IMAP session per sample","0","PASS","45FA907CE0D3797C1E13EBB2F03F076A25656CCE27E801C18F745ACD3944FBBD","5136EEC556F9790732AE759EF52F77FE6172329EA55787A80300C4A824107E46","1","214","True","False","3717.155",,"True","1000","True","True","1000","True"
"512e2cc0-5ebd-4d17-b7cf-a18a28bccdb4","MANIFEST_BOUND","hmail-perf-pair-service-20260901","06EFCBA9520D478A6DAC7ABB7F09F3B63D015A0CD5ECA1EB4D0FD2CC8C38F9FD","net10","hmail_perf_pair_net10_20260831_head3","C:\hmail-perf-pair-service-20260901\net10\Data","393449EA88D8D3C63D044D759D715322FD07A6F365FB10F18C1F0F126C6B4675","100","15","one TCP client and one sequential IMAP session per sample","0","PASS","45FA907CE0D3797C1E13EBB2F03F076A25656CCE27E801C18F745ACD3944FBBD","5136EEC556F9790732AE759EF52F77FE6172329EA55787A80300C4A824107E46","1","215","True","False","2959.197",,"True","1000","True","True","1000","True"
"512e2cc0-5ebd-4d17-b7cf-a18a28bccdb4","MANIFEST_BOUND","hmail-perf-pair-service-20260901","06EFCBA9520D478A6DAC7ABB7F09F3B63D015A0CD5ECA1EB4D0FD2CC8C38F9FD","net10","hmail_perf_pair_net10_20260831_head3","C:\hmail-perf-pair-service-20260901\net10\Data","393449EA88D8D3C63D044D759D715322FD07A6F365FB10F18C1F0F126C6B4675","100","15","one TCP client and one sequential IMAP session per sample","0","PASS","45FA907CE0D3797C1E13EBB2F03F076A25656CCE27E801C18F745ACD3944FBBD","5136EEC556F9790732AE759EF52F77FE6172329EA55787A80300C4A824107E46","1","216","True","False","3690.095",,"True","1000","True","True","1000","True"
"512e2cc0-5ebd-4d17-b7cf-a18a28bccdb4","MANIFEST_BOUND","hmail-perf-pair-service-20260901","06EFCBA9520D478A6DAC7ABB7F09F3B63D015A0CD5ECA1EB4D0FD2CC8C38F9FD","net10","hmail_perf_pair_net10_20260831_head3","C:\hmail-perf-pair-service-20260901\net10\Data","393449EA88D8D3C63D044D759D715322FD07A6F365FB10F18C1F0F126C6B4675","100","15","one TCP client and one sequential IMAP session per sample","0","PASS","45FA907CE0D3797C1E13EBB2F03F076A25656CCE27E801C18F745ACD3944FBBD","5136EEC556F9790732AE759EF52F77FE6172329EA55787A80300C4A824107E46","1","217","True","False","3716.81",,"True","1000","True","True","1000","True"
"512e2cc0-5ebd-4d17-b7cf-a18a28bccdb4","MANIFEST_BOUND","hmail-perf-pair-service-20260901","06EFCBA9520D478A6DAC7ABB7F09F3B63D015A0CD5ECA1EB4D0FD2CC8C38F9FD","net10","hmail_perf_pair_net10_20260831_head3","C:\hmail-perf-pair-service-20260901\net10\Data","393449EA88D8D3C63D044D759D715322FD07A6F365FB10F18C1F0F126C6B4675","100","15","one TCP client and one sequential IMAP session per sample","0","PASS","45FA907CE0D3797C1E13EBB2F03F076A25656CCE27E801C18F745ACD3944FBBD","5136EEC556F9790732AE759EF52F77FE6172329EA55787A80300C4A824107E46","1","218","True","False","2769.202",,"True","1000","True","True","1000","True"
"512e2cc0-5ebd-4d17-b7cf-a18a28bccdb4","MANIFEST_BOUND","hmail-perf-pair-service-20260901","06EFCBA9520D478A6DAC7ABB7F09F3B63D015A0CD5ECA1EB4D0FD2CC8C38F9FD","net10","hmail_perf_pair_net10_20260831_head3","C:\hmail-perf-pair-service-20260901\net10\Data","393449EA88D8D3C63D044D759D715322FD07A6F365FB10F18C1F0F126C6B4675","100","15","one TCP client and one sequential IMAP session per sample","0","PASS","45FA907CE0D3797C1E13EBB2F03F076A25656CCE27E801C18F745ACD3944FBBD","5136EEC556F9790732AE759EF52F77FE6172329EA55787A80300C4A824107E46","1","219","True","False","3293.194",,"True","1000","True","True","1000","True"
"512e2cc0-5ebd-4d17-b7cf-a18a28bccdb4","MANIFEST_BOUND","hmail-perf-pair-service-20260901","06EFCBA9520D478A6DAC7ABB7F09F3B63D015A0CD5ECA1EB4D0FD2CC8C38F9FD","net10","hmail_perf_pair_net10_20260831_head3","C:\hmail-perf-pair-service-20260901\net10\Data","393449EA88D8D3C63D044D759D715322FD07A6F365FB10F18C1F0F126C6B4675","100","15","one TCP client and one sequential IMAP session per sample","0","PASS","45FA907CE0D3797C1E13EBB2F03F076A25656CCE27E801C18F745ACD3944FBBD","5136EEC556F9790732AE759EF52F77FE6172329EA55787A80300C4A824107E46","1","220","True","False","2674.974",,"True","1000","True","True","1000","True"
"512e2cc0-5ebd-4d17-b7cf-a18a28bccdb4","MANIFEST_BOUND","hmail-perf-pair-service-20260901","06EFCBA9520D478A6DAC7ABB7F09F3B63D015A0CD5ECA1EB4D0FD2CC8C38F9FD","net10","hmail_perf_pair_net10_20260831_head3","C:\hmail-perf-pair-service-20260901\net10\Data","393449EA88D8D3C63D044D759D715322FD07A6F365FB10F18C1F0F126C6B4675","100","15","one TCP client and one sequential IMAP session per sample","0","PASS","45FA907CE0D3797C1E13EBB2F03F076A25656CCE27E801C18F745ACD3944FBBD","5136EEC556F9790732AE759EF52F77FE6172329EA55787A80300C4A824107E46","1","221","True","False","3544.833",,"True","1000","True","True","1000","True"
"512e2cc0-5ebd-4d17-b7cf-a18a28bccdb4","MANIFEST_BOUND","hmail-perf-pair-service-20260901","06EFCBA9520D478A6DAC7ABB7F09F3B63D015A0CD5ECA1EB4D0FD2CC8C38F9FD","net10","hmail_perf_pair_net10_20260831_head3","C:\hmail-perf-pair-service-20260901\net10\Data","393449EA88D8D3C63D044D759D715322FD07A6F365FB10F18C1F0F126C6B4675","100","15","one TCP client and one sequential IMAP session per sample","0","PASS","45FA907CE0D3797C1E13EBB2F03F076A25656CCE27E801C18F745ACD3944FBBD","5136EEC556F9790732AE759EF52F77FE6172329EA55787A80300C4A824107E46","1","222","True","False","740.079",,"True","1000","True","True","1000","True"
"512e2cc0-5ebd-4d17-b7cf-a18a28bccdb4","MANIFEST_BOUND","hmail-perf-pair-service-20260901","06EFCBA9520D478A6DAC7ABB7F09F3B63D015A0CD5ECA1EB4D0FD2CC8C38F9FD","net10","hmail_perf_pair_net10_20260831_head3","C:\hmail-perf-pair-service-20260901\net10\Data","393449EA88D8D3C63D044D759D715322FD07A6F365FB10F18C1F0F126C6B4675","100","15","one TCP client and one sequential IMAP session per sample","0","PASS","45FA907CE0D3797C1E13EBB2F03F076A25656CCE27E801C18F745ACD3944FBBD","5136EEC556F9790732AE759EF52F77FE6172329EA55787A80300C4A824107E46","1","223","True","False","3717.066",,"True","1000","True","True","1000","True"
"512e2cc0-5ebd-4d17-b7cf-a18a28bccdb4","MANIFEST_BOUND","hmail-perf-pair-service-20260901","06EFCBA9520D478A6DAC7ABB7F09F3B63D015A0CD5ECA1EB4D0FD2CC8C38F9FD","net10","hmail_perf_pair_net10_20260831_head3","C:\hmail-perf-pair-service-20260901\net10\Data","393449EA88D8D3C63D044D759D715322FD07A6F365FB10F18C1F0F126C6B4675","100","15","one TCP client and one sequential IMAP session per sample","0","PASS","45FA907CE0D3797C1E13EBB2F03F076A25656CCE27E801C18F745ACD3944FBBD","5136EEC556F9790732AE759EF52F77FE6172329EA55787A80300C4A824107E46","1","224","True","False","2138.426",,"True","1000","True","True","1000","True"
"512e2cc0-5ebd-4d17-b7cf-a18a28bccdb4","MANIFEST_BOUND","hmail-perf-pair-service-20260901","06EFCBA9520D478A6DAC7ABB7F09F3B63D015A0CD5ECA1EB4D0FD2CC8C38F9FD","net10","hmail_perf_pair_net10_20260831_head3","C:\hmail-perf-pair-service-20260901\net10\Data","393449EA88D8D3C63D044D759D715322FD07A6F365FB10F18C1F0F126C6B4675","100","15","one TCP client and one sequential IMAP session per sample","0","PASS","45FA907CE0D3797C1E13EBB2F03F076A25656CCE27E801C18F745ACD3944FBBD","5136EEC556F9790732AE759EF52F77FE6172329EA55787A80300C4A824107E46","1","225","True","False","1798.134",,"True","1000","True","True","1000","True"
"512e2cc0-5ebd-4d17-b7cf-a18a28bccdb4","MANIFEST_BOUND","hmail-perf-pair-service-20260901","06EFCBA9520D478A6DAC7ABB7F09F3B63D015A0CD5ECA1EB4D0FD2CC8C38F9FD","net10","hmail_perf_pair_net10_20260831_head3","C:\hmail-perf-pair-service-20260901\net10\Data","393449EA88D8D3C63D044D759D715322FD07A6F365FB10F18C1F0F126C6B4675","100","15","one TCP client and one sequential IMAP session per sample","0","PASS","45FA907CE0D3797C1E13EBB2F03F076A25656CCE27E801C18F745ACD3944FBBD","5136EEC556F9790732AE759EF52F77FE6172329EA55787A80300C4A824107E46","1","226","True","False","3731.169",,"True","1000","True","True","1000","True"
"512e2cc0-5ebd-4d17-b7cf-a18a28bccdb4","MANIFEST_BOUND","hmail-perf-pair-service-20260901","06EFCBA9520D478A6DAC7ABB7F09F3B63D015A0CD5ECA1EB4D0FD2CC8C38F9FD","net10","hmail_perf_pair_net10_20260831_head3","C:\hmail-perf-pair-service-20260901\net10\Data","393449EA88D8D3C63D044D759D715322FD07A6F365FB10F18C1F0F126C6B4675","100","15","one TCP client and one sequential IMAP session per sample","0","PASS","45FA907CE0D3797C1E13EBB2F03F076A25656CCE27E801C18F745ACD3944FBBD","5136EEC556F9790732AE759EF52F77FE6172329EA55787A80300C4A824107E46","1","227","True","False","3537.394",,"True","1000","True","True","1000","True"
"512e2cc0-5ebd-4d17-b7cf-a18a28bccdb4","MANIFEST_BOUND","hmail-perf-pair-service-20260901","06EFCBA9520D478A6DAC7ABB7F09F3B63D015A0CD5ECA1EB4D0FD2CC8C38F9FD","net10","hmail_perf_pair_net10_20260831_head3","C:\hmail-perf-pair-service-20260901\net10\Data","393449EA88D8D3C63D044D759D715322FD07A6F365FB10F18C1F0F126C6B4675","100","15","one TCP client and one sequential IMAP session per sample","0","PASS","45FA907CE0D3797C1E13EBB2F03F076A25656CCE27E801C18F745ACD3944FBBD","5136EEC556F9790732AE759EF52F77FE6172329EA55787A80300C4A824107E46","1","228","True","False","3715.986",,"True","1000","True","True","1000","True"
"512e2cc0-5ebd-4d17-b7cf-a18a28bccdb4","MANIFEST_BOUND","hmail-perf-pair-service-20260901","06EFCBA9520D478A6DAC7ABB7F09F3B63D015A0CD5ECA1EB4D0FD2CC8C38F9FD","net10","hmail_perf_pair_net10_20260831_head3","C:\hmail-perf-pair-service-20260901\net10\Data","393449EA88D8D3C63D044D759D715322FD07A6F365FB10F18C1F0F126C6B4675","100","15","one TCP client and one sequential IMAP session per sample","0","PASS","45FA907CE0D3797C1E13EBB2F03F076A25656CCE27E801C18F745ACD3944FBBD","5136EEC556F9790732AE759EF52F77FE6172329EA55787A80300C4A824107E46","1","229","True","False","3687.047",,"True","1000","True","True","1000","True"
"512e2cc0-5ebd-4d17-b7cf-a18a28bccdb4","MANIFEST_BOUND","hmail-perf-pair-service-20260901","06EFCBA9520D478A6DAC7ABB7F09F3B63D015A0CD5ECA1EB4D0FD2CC8C38F9FD","net10","hmail_perf_pair_net10_20260831_head3","C:\hmail-perf-pair-service-20260901\net10\Data","393449EA88D8D3C63D044D759D715322FD07A6F365FB10F18C1F0F126C6B4675","100","15","one TCP client and one sequential IMAP session per sample","0","PASS","45FA907CE0D3797C1E13EBB2F03F076A25656CCE27E801C18F745ACD3944FBBD","5136EEC556F9790732AE759EF52F77FE6172329EA55787A80300C4A824107E46","1","230","True","False","3698.328",,"True","1000","True","True","1000","True"
"512e2cc0-5ebd-4d17-b7cf-a18a28bccdb4","MANIFEST_BOUND","hmail-perf-pair-service-20260901","06EFCBA9520D478A6DAC7ABB7F09F3B63D015A0CD5ECA1EB4D0FD2CC8C38F9FD","net10","hmail_perf_pair_net10_20260831_head3","C:\hmail-perf-pair-service-20260901\net10\Data","393449EA88D8D3C63D044D759D715322FD07A6F365FB10F18C1F0F126C6B4675","100","15","one TCP client and one sequential IMAP session per sample","0","PASS","45FA907CE0D3797C1E13EBB2F03F076A25656CCE27E801C18F745ACD3944FBBD","5136EEC556F9790732AE759EF52F77FE6172329EA55787A80300C4A824107E46","1","231","True","False","3484.324",,"True","1000","True","True","1000","True"
"512e2cc0-5ebd-4d17-b7cf-a18a28bccdb4","MANIFEST_BOUND","hmail-perf-pair-service-20260901","06EFCBA9520D478A6DAC7ABB7F09F3B63D015A0CD5ECA1EB4D0FD2CC8C38F9FD","net10","hmail_perf_pair_net10_20260831_head3","C:\hmail-perf-pair-service-20260901\net10\Data","393449EA88D8D3C63D044D759D715322FD07A6F365FB10F18C1F0F126C6B4675","100","15","one TCP client and one sequential IMAP session per sample","0","PASS","45FA907CE0D3797C1E13EBB2F03F076A25656CCE27E801C18F745ACD3944FBBD","5136EEC556F9790732AE759EF52F77FE6172329EA55787A80300C4A824107E46","1","232","True","False","3692.439",,"True","1000","True","True","1000","True"
"512e2cc0-5ebd-4d17-b7cf-a18a28bccdb4","MANIFEST_BOUND","hmail-perf-pair-service-20260901","06EFCBA9520D478A6DAC7ABB7F09F3B63D015A0CD5ECA1EB4D0FD2CC8C38F9FD","net10","hmail_perf_pair_net10_20260831_head3","C:\hmail-perf-pair-service-20260901\net10\Data","393449EA88D8D3C63D044D759D715322FD07A6F365FB10F18C1F0F126C6B4675","100","15","one TCP client and one sequential IMAP session per sample","0","PASS","45FA907CE0D3797C1E13EBB2F03F076A25656CCE27E801C18F745ACD3944FBBD","5136EEC556F9790732AE759EF52F77FE6172329EA55787A80300C4A824107E46","1","233","True","False","661.664",,"True","1000","True","True","1000","True"
"512e2cc0-5ebd-4d17-b7cf-a18a28bccdb4","MANIFEST_BOUND","hmail-perf-pair-service-20260901","06EFCBA9520D478A6DAC7ABB7F09F3B63D015A0CD5ECA1EB4D0FD2CC8C38F9FD","net10","hmail_perf_pair_net10_20260831_head3","C:\hmail-perf-pair-service-20260901\net10\Data","393449EA88D8D3C63D044D759D715322FD07A6F365FB10F18C1F0F126C6B4675","100","15","one TCP client and one sequential IMAP session per sample","0","PASS","45FA907CE0D3797C1E13EBB2F03F076A25656CCE27E801C18F745ACD3944FBBD","5136EEC556F9790732AE759EF52F77FE6172329EA55787A80300C4A824107E46","1","234","True","False","1429.852",,"True","1000","True","True","1000","True"
"512e2cc0-5ebd-4d17-b7cf-a18a28bccdb4","MANIFEST_BOUND","hmail-perf-pair-service-20260901","06EFCBA9520D478A6DAC7ABB7F09F3B63D015A0CD5ECA1EB4D0FD2CC8C38F9FD","net10","hmail_perf_pair_net10_20260831_head3","C:\hmail-perf-pair-service-20260901\net10\Data","393449EA88D8D3C63D044D759D715322FD07A6F365FB10F18C1F0F126C6B4675","100","15","one TCP client and one sequential IMAP session per sample","0","PASS","45FA907CE0D3797C1E13EBB2F03F076A25656CCE27E801C18F745ACD3944FBBD","5136EEC556F9790732AE759EF52F77FE6172329EA55787A80300C4A824107E46","1","235","True","False","3715.114",,"True","1000","True","True","1000","True"
"512e2cc0-5ebd-4d17-b7cf-a18a28bccdb4","MANIFEST_BOUND","hmail-perf-pair-service-20260901","06EFCBA9520D478A6DAC7ABB7F09F3B63D015A0CD5ECA1EB4D0FD2CC8C38F9FD","net10","hmail_perf_pair_net10_20260831_head3","C:\hmail-perf-pair-service-20260901\net10\Data","393449EA88D8D3C63D044D759D715322FD07A6F365FB10F18C1F0F126C6B4675","100","15","one TCP client and one sequential IMAP session per sample","0","PASS","45FA907CE0D3797C1E13EBB2F03F076A25656CCE27E801C18F745ACD3944FBBD","5136EEC556F9790732AE759EF52F77FE6172329EA55787A80300C4A824107E46","1","236","True","False","2301.542",,"True","1000","True","True","1000","True"
"512e2cc0-5ebd-4d17-b7cf-a18a28bccdb4","MANIFEST_BOUND","hmail-perf-pair-service-20260901","06EFCBA9520D478A6DAC7ABB7F09F3B63D015A0CD5ECA1EB4D0FD2CC8C38F9FD","net10","hmail_perf_pair_net10_20260831_head3","C:\hmail-perf-pair-service-20260901\net10\Data","393449EA88D8D3C63D044D759D715322FD07A6F365FB10F18C1F0F126C6B4675","100","15","one TCP client and one sequential IMAP session per sample","0","PASS","45FA907CE0D3797C1E13EBB2F03F076A25656CCE27E801C18F745ACD3944FBBD","5136EEC556F9790732AE759EF52F77FE6172329EA55787A80300C4A824107E46","1","237","True","False","2955.784",,"True","1000","True","True","1000","True"
"512e2cc0-5ebd-4d17-b7cf-a18a28bccdb4","MANIFEST_BOUND","hmail-perf-pair-service-20260901","06EFCBA9520D478A6DAC7ABB7F09F3B63D015A0CD5ECA1EB4D0FD2CC8C38F9FD","net10","hmail_perf_pair_net10_20260831_head3","C:\hmail-perf-pair-service-20260901\net10\Data","393449EA88D8D3C63D044D759D715322FD07A6F365FB10F18C1F0F126C6B4675","100","15","one TCP client and one sequential IMAP session per sample","0","PASS","45FA907CE0D3797C1E13EBB2F03F076A25656CCE27E801C18F745ACD3944FBBD","5136EEC556F9790732AE759EF52F77FE6172329EA55787A80300C4A824107E46","1","238","True","False","2823.508",,"True","1000","True","True","1000","True"
"512e2cc0-5ebd-4d17-b7cf-a18a28bccdb4","MANIFEST_BOUND","hmail-perf-pair-service-20260901","06EFCBA9520D478A6DAC7ABB7F09F3B63D015A0CD5ECA1EB4D0FD2CC8C38F9FD","net10","hmail_perf_pair_net10_20260831_head3","C:\hmail-perf-pair-service-20260901\net10\Data","393449EA88D8D3C63D044D759D715322FD07A6F365FB10F18C1F0F126C6B4675","100","15","one TCP client and one sequential IMAP session per sample","0","PASS","45FA907CE0D3797C1E13EBB2F03F076A25656CCE27E801C18F745ACD3944FBBD","5136EEC556F9790732AE759EF52F77FE6172329EA55787A80300C4A824107E46","1","239","True","False","1576.581",,"True","1000","True","True","1000","True"
"512e2cc0-5ebd-4d17-b7cf-a18a28bccdb4","MANIFEST_BOUND","hmail-perf-pair-service-20260901","06EFCBA9520D478A6DAC7ABB7F09F3B63D015A0CD5ECA1EB4D0FD2CC8C38F9FD","net10","hmail_perf_pair_net10_20260831_head3","C:\hmail-perf-pair-service-20260901\net10\Data","393449EA88D8D3C63D044D759D715322FD07A6F365FB10F18C1F0F126C6B4675","100","15","one TCP client and one sequential IMAP session per sample","0","PASS","45FA907CE0D3797C1E13EBB2F03F076A25656CCE27E801C18F745ACD3944FBBD","5136EEC556F9790732AE759EF52F77FE6172329EA55787A80300C4A824107E46","1","240","True","False","3687.991",,"True","1000","True","True","1000","True"
"512e2cc0-5ebd-4d17-b7cf-a18a28bccdb4","MANIFEST_BOUND","hmail-perf-pair-service-20260901","06EFCBA9520D478A6DAC7ABB7F09F3B63D015A0CD5ECA1EB4D0FD2CC8C38F9FD","net10","hmail_perf_pair_net10_20260831_head3","C:\hmail-perf-pair-service-20260901\net10\Data","393449EA88D8D3C63D044D759D715322FD07A6F365FB10F18C1F0F126C6B4675","100","15","one TCP client and one sequential IMAP session per sample","0","PASS","45FA907CE0D3797C1E13EBB2F03F076A25656CCE27E801C18F745ACD3944FBBD","5136EEC556F9790732AE759EF52F77FE6172329EA55787A80300C4A824107E46","1","241","True","False","3685.162",,"True","1000","True","True","1000","True"
"512e2cc0-5ebd-4d17-b7cf-a18a28bccdb4","MANIFEST_BOUND","hmail-perf-pair-service-20260901","06EFCBA9520D478A6DAC7ABB7F09F3B63D015A0CD5ECA1EB4D0FD2CC8C38F9FD","net10","hmail_perf_pair_net10_20260831_head3","C:\hmail-perf-pair-service-20260901\net10\Data","393449EA88D8D3C63D044D759D715322FD07A6F365FB10F18C1F0F126C6B4675","100","15","one TCP client and one sequential IMAP session per sample","0","PASS","45FA907CE0D3797C1E13EBB2F03F076A25656CCE27E801C18F745ACD3944FBBD","5136EEC556F9790732AE759EF52F77FE6172329EA55787A80300C4A824107E46","1","242","True","False","3715.028",,"True","1000","True","True","1000","True"
"512e2cc0-5ebd-4d17-b7cf-a18a28bccdb4","MANIFEST_BOUND","hmail-perf-pair-service-20260901","06EFCBA9520D478A6DAC7ABB7F09F3B63D015A0CD5ECA1EB4D0FD2CC8C38F9FD","net10","hmail_perf_pair_net10_20260831_head3","C:\hmail-perf-pair-service-20260901\net10\Data","393449EA88D8D3C63D044D759D715322FD07A6F365FB10F18C1F0F126C6B4675","100","15","one TCP client and one sequential IMAP session per sample","0","PASS","45FA907CE0D3797C1E13EBB2F03F076A25656CCE27E801C18F745ACD3944FBBD","5136EEC556F9790732AE759EF52F77FE6172329EA55787A80300C4A824107E46","1","243","True","False","3714.966",,"True","1000","True","True","1000","True"
"512e2cc0-5ebd-4d17-b7cf-a18a28bccdb4","MANIFEST_BOUND","hmail-perf-pair-service-20260901","06EFCBA9520D478A6DAC7ABB7F09F3B63D015A0CD5ECA1EB4D0FD2CC8C38F9FD","net10","hmail_perf_pair_net10_20260831_head3","C:\hmail-perf-pair-service-20260901\net10\Data","393449EA88D8D3C63D044D759D715322FD07A6F365FB10F18C1F0F126C6B4675","100","15","one TCP client and one sequential IMAP session per sample","0","PASS","45FA907CE0D3797C1E13EBB2F03F076A25656CCE27E801C18F745ACD3944FBBD","5136EEC556F9790732AE759EF52F77FE6172329EA55787A80300C4A824107E46","1","244","True","False","2123.056",,"True","1000","True","True","1000","True"
"512e2cc0-5ebd-4d17-b7cf-a18a28bccdb4","MANIFEST_BOUND","hmail-perf-pair-service-20260901","06EFCBA9520D478A6DAC7ABB7F09F3B63D015A0CD5ECA1EB4D0FD2CC8C38F9FD","net10","hmail_perf_pair_net10_20260831_head3","C:\hmail-perf-pair-service-20260901\net10\Data","393449EA88D8D3C63D044D759D715322FD07A6F365FB10F18C1F0F126C6B4675","100","15","one TCP client and one sequential IMAP session per sample","0","PASS","45FA907CE0D3797C1E13EBB2F03F076A25656CCE27E801C18F745ACD3944FBBD","5136EEC556F9790732AE759EF52F77FE6172329EA55787A80300C4A824107E46","1","245","True","False","3502.599",,"True","1000","True","True","1000","True"
"512e2cc0-5ebd-4d17-b7cf-a18a28bccdb4","MANIFEST_BOUND","hmail-perf-pair-service-20260901","06EFCBA9520D478A6DAC7ABB7F09F3B63D015A0CD5ECA1EB4D0FD2CC8C38F9FD","net10","hmail_perf_pair_net10_20260831_head3","C:\hmail-perf-pair-service-20260901\net10\Data","393449EA88D8D3C63D044D759D715322FD07A6F365FB10F18C1F0F126C6B4675","100","15","one TCP client and one sequential IMAP session per sample","0","PASS","45FA907CE0D3797C1E13EBB2F03F076A25656CCE27E801C18F745ACD3944FBBD","5136EEC556F9790732AE759EF52F77FE6172329EA55787A80300C4A824107E46","1","246","True","False","2365.499",,"True","1000","True","True","1000","True"
"512e2cc0-5ebd-4d17-b7cf-a18a28bccdb4","MANIFEST_BOUND","hmail-perf-pair-service-20260901","06EFCBA9520D478A6DAC7ABB7F09F3B63D015A0CD5ECA1EB4D0FD2CC8C38F9FD","net10","hmail_perf_pair_net10_20260831_head3","C:\hmail-perf-pair-service-20260901\net10\Data","393449EA88D8D3C63D044D759D715322FD07A6F365FB10F18C1F0F126C6B4675","100","15","one TCP client and one sequential IMAP session per sample","0","PASS","45FA907CE0D3797C1E13EBB2F03F076A25656CCE27E801C18F745ACD3944FBBD","5136EEC556F9790732AE759EF52F77FE6172329EA55787A80300C4A824107E46","1","247","True","False","3568.301",,"True","1000","True","True","1000","True"
"512e2cc0-5ebd-4d17-b7cf-a18a28bccdb4","MANIFEST_BOUND","hmail-perf-pair-service-20260901","06EFCBA9520D478A6DAC7ABB7F09F3B63D015A0CD5ECA1EB4D0FD2CC8C38F9FD","net10","hmail_perf_pair_net10_20260831_head3","C:\hmail-perf-pair-service-20260901\net10\Data","393449EA88D8D3C63D044D759D715322FD07A6F365FB10F18C1F0F126C6B4675","100","15","one TCP client and one sequential IMAP session per sample","0","PASS","45FA907CE0D3797C1E13EBB2F03F076A25656CCE27E801C18F745ACD3944FBBD","5136EEC556F9790732AE759EF52F77FE6172329EA55787A80300C4A824107E46","1","248","True","False","3564.146",,"True","1000","True","True","1000","True"
"512e2cc0-5ebd-4d17-b7cf-a18a28bccdb4","MANIFEST_BOUND","hmail-perf-pair-service-20260901","06EFCBA9520D478A6DAC7ABB7F09F3B63D015A0CD5ECA1EB4D0FD2CC8C38F9FD","net10","hmail_perf_pair_net10_20260831_head3","C:\hmail-perf-pair-service-20260901\net10\Data","393449EA88D8D3C63D044D759D715322FD07A6F365FB10F18C1F0F126C6B4675","100","15","one TCP client and one sequential IMAP session per sample","0","PASS","45FA907CE0D3797C1E13EBB2F03F076A25656CCE27E801C18F745ACD3944FBBD","5136EEC556F9790732AE759EF52F77FE6172329EA55787A80300C4A824107E46","1","249","True","False","3725.75",,"True","1000","True","True","1000","True"
"512e2cc0-5ebd-4d17-b7cf-a18a28bccdb4","MANIFEST_BOUND","hmail-perf-pair-service-20260901","06EFCBA9520D478A6DAC7ABB7F09F3B63D015A0CD5ECA1EB4D0FD2CC8C38F9FD","net10","hmail_perf_pair_net10_20260831_head3","C:\hmail-perf-pair-service-20260901\net10\Data","393449EA88D8D3C63D044D759D715322FD07A6F365FB10F18C1F0F126C6B4675","100","15","one TCP client and one sequential IMAP session per sample","0","PASS","45FA907CE0D3797C1E13EBB2F03F076A25656CCE27E801C18F745ACD3944FBBD","5136EEC556F9790732AE759EF52F77FE6172329EA55787A80300C4A824107E46","1","250","True","False","1072.598",,"True","1000","True","True","1000","True"
"512e2cc0-5ebd-4d17-b7cf-a18a28bccdb4","MANIFEST_BOUND","hmail-perf-pair-service-20260901","06EFCBA9520D478A6DAC7ABB7F09F3B63D015A0CD5ECA1EB4D0FD2CC8C38F9FD","net10","hmail_perf_pair_net10_20260831_head3","C:\hmail-perf-pair-service-20260901\net10\Data","393449EA88D8D3C63D044D759D715322FD07A6F365FB10F18C1F0F126C6B4675","100","15","one TCP client and one sequential IMAP session per sample","0","PASS","45FA907CE0D3797C1E13EBB2F03F076A25656CCE27E801C18F745ACD3944FBBD","5136EEC556F9790732AE759EF52F77FE6172329EA55787A80300C4A824107E46","1","251","True","False","3536.586",,"True","1000","True","True","1000","True"
"512e2cc0-5ebd-4d17-b7cf-a18a28bccdb4","MANIFEST_BOUND","hmail-perf-pair-service-20260901","06EFCBA9520D478A6DAC7ABB7F09F3B63D015A0CD5ECA1EB4D0FD2CC8C38F9FD","net10","hmail_perf_pair_net10_20260831_head3","C:\hmail-perf-pair-service-20260901\net10\Data","393449EA88D8D3C63D044D759D715322FD07A6F365FB10F18C1F0F126C6B4675","100","15","one TCP client and one sequential IMAP session per sample","0","PASS","45FA907CE0D3797C1E13EBB2F03F076A25656CCE27E801C18F745ACD3944FBBD","5136EEC556F9790732AE759EF52F77FE6172329EA55787A80300C4A824107E46","1","252","True","False","3688.953",,"True","1000","True","True","1000","True"
"512e2cc0-5ebd-4d17-b7cf-a18a28bccdb4","MANIFEST_BOUND","hmail-perf-pair-service-20260901","06EFCBA9520D478A6DAC7ABB7F09F3B63D015A0CD5ECA1EB4D0FD2CC8C38F9FD","net10","hmail_perf_pair_net10_20260831_head3","C:\hmail-perf-pair-service-20260901\net10\Data","393449EA88D8D3C63D044D759D715322FD07A6F365FB10F18C1F0F126C6B4675","100","15","one TCP client and one sequential IMAP session per sample","0","PASS","45FA907CE0D3797C1E13EBB2F03F076A25656CCE27E801C18F745ACD3944FBBD","5136EEC556F9790732AE759EF52F77FE6172329EA55787A80300C4A824107E46","1","253","True","False","2670.714",,"True","1000","True","True","1000","True"
"512e2cc0-5ebd-4d17-b7cf-a18a28bccdb4","MANIFEST_BOUND","hmail-perf-pair-service-20260901","06EFCBA9520D478A6DAC7ABB7F09F3B63D015A0CD5ECA1EB4D0FD2CC8C38F9FD","net10","hmail_perf_pair_net10_20260831_head3","C:\hmail-perf-pair-service-20260901\net10\Data","393449EA88D8D3C63D044D759D715322FD07A6F365FB10F18C1F0F126C6B4675","100","15","one TCP client and one sequential IMAP session per sample","0","PASS","45FA907CE0D3797C1E13EBB2F03F076A25656CCE27E801C18F745ACD3944FBBD","5136EEC556F9790732AE759EF52F77FE6172329EA55787A80300C4A824107E46","1","254","True","False","3747.962",,"True","1000","True","True","1000","True"
"512e2cc0-5ebd-4d17-b7cf-a18a28bccdb4","MANIFEST_BOUND","hmail-perf-pair-service-20260901","06EFCBA9520D478A6DAC7ABB7F09F3B63D015A0CD5ECA1EB4D0FD2CC8C38F9FD","net10","hmail_perf_pair_net10_20260831_head3","C:\hmail-perf-pair-service-20260901\net10\Data","393449EA88D8D3C63D044D759D715322FD07A6F365FB10F18C1F0F126C6B4675","100","15","one TCP client and one sequential IMAP session per sample","0","PASS","45FA907CE0D3797C1E13EBB2F03F076A25656CCE27E801C18F745ACD3944FBBD","5136EEC556F9790732AE759EF52F77FE6172329EA55787A80300C4A824107E46","1","255","True","False","3569.1",,"True","1000","True","True","1000","True"
"512e2cc0-5ebd-4d17-b7cf-a18a28bccdb4","MANIFEST_BOUND","hmail-perf-pair-service-20260901","06EFCBA9520D478A6DAC7ABB7F09F3B63D015A0CD5ECA1EB4D0FD2CC8C38F9FD","net10","hmail_perf_pair_net10_20260831_head3","C:\hmail-perf-pair-service-20260901\net10\Data","393449EA88D8D3C63D044D759D715322FD07A6F365FB10F18C1F0F126C6B4675","100","15","one TCP client and one sequential IMAP session per sample","0","PASS","45FA907CE0D3797C1E13EBB2F03F076A25656CCE27E801C18F745ACD3944FBBD","5136EEC556F9790732AE759EF52F77FE6172329EA55787A80300C4A824107E46","1","256","True","False","2122.642",,"True","1000","True","True","1000","True"
"512e2cc0-5ebd-4d17-b7cf-a18a28bccdb4","MANIFEST_BOUND","hmail-perf-pair-service-20260901","06EFCBA9520D478A6DAC7ABB7F09F3B63D015A0CD5ECA1EB4D0FD2CC8C38F9FD","net10","hmail_perf_pair_net10_20260831_head3","C:\hmail-perf-pair-service-20260901\net10\Data","393449EA88D8D3C63D044D759D715322FD07A6F365FB10F18C1F0F126C6B4675","100","15","one TCP client and one sequential IMAP session per sample","0","PASS","45FA907CE0D3797C1E13EBB2F03F076A25656CCE27E801C18F745ACD3944FBBD","5136EEC556F9790732AE759EF52F77FE6172329EA55787A80300C4A824107E46","1","257","True","False","3735.261",,"True","1000","True","True","1000","True"
"512e2cc0-5ebd-4d17-b7cf-a18a28bccdb4","MANIFEST_BOUND","hmail-perf-pair-service-20260901","06EFCBA9520D478A6DAC7ABB7F09F3B63D015A0CD5ECA1EB4D0FD2CC8C38F9FD","net10","hmail_perf_pair_net10_20260831_head3","C:\hmail-perf-pair-service-20260901\net10\Data","393449EA88D8D3C63D044D759D715322FD07A6F365FB10F18C1F0F126C6B4675","100","15","one TCP client and one sequential IMAP session per sample","0","PASS","45FA907CE0D3797C1E13EBB2F03F076A25656CCE27E801C18F745ACD3944FBBD","5136EEC556F9790732AE759EF52F77FE6172329EA55787A80300C4A824107E46","1","258","True","False","3535.656",,"True","1000","True","True","1000","True"
"512e2cc0-5ebd-4d17-b7cf-a18a28bccdb4","MANIFEST_BOUND","hmail-perf-pair-service-20260901","06EFCBA9520D478A6DAC7ABB7F09F3B63D015A0CD5ECA1EB4D0FD2CC8C38F9FD","net10","hmail_perf_pair_net10_20260831_head3","C:\hmail-perf-pair-service-20260901\net10\Data","393449EA88D8D3C63D044D759D715322FD07A6F365FB10F18C1F0F126C6B4675","100","15","one TCP client and one sequential IMAP session per sample","0","PASS","45FA907CE0D3797C1E13EBB2F03F076A25656CCE27E801C18F745ACD3944FBBD","5136EEC556F9790732AE759EF52F77FE6172329EA55787A80300C4A824107E46","1","259","True","False","2118.981",,"True","1000","True","True","1000","True"
"512e2cc0-5ebd-4d17-b7cf-a18a28bccdb4","MANIFEST_BOUND","hmail-perf-pair-service-20260901","06EFCBA9520D478A6DAC7ABB7F09F3B63D015A0CD5ECA1EB4D0FD2CC8C38F9FD","net10","hmail_perf_pair_net10_20260831_head3","C:\hmail-perf-pair-service-20260901\net10\Data","393449EA88D8D3C63D044D759D715322FD07A6F365FB10F18C1F0F126C6B4675","100","15","one TCP client and one sequential IMAP session per sample","0","PASS","45FA907CE0D3797C1E13EBB2F03F076A25656CCE27E801C18F745ACD3944FBBD","5136EEC556F9790732AE759EF52F77FE6172329EA55787A80300C4A824107E46","1","260","True","False","3564.234",,"True","1000","True","True","1000","True"
"512e2cc0-5ebd-4d17-b7cf-a18a28bccdb4","MANIFEST_BOUND","hmail-perf-pair-service-20260901","06EFCBA9520D478A6DAC7ABB7F09F3B63D015A0CD5ECA1EB4D0FD2CC8C38F9FD","net10","hmail_perf_pair_net10_20260831_head3","C:\hmail-perf-pair-service-20260901\net10\Data","393449EA88D8D3C63D044D759D715322FD07A6F365FB10F18C1F0F126C6B4675","100","15","one TCP client and one sequential IMAP session per sample","0","PASS","45FA907CE0D3797C1E13EBB2F03F076A25656CCE27E801C18F745ACD3944FBBD","5136EEC556F9790732AE759EF52F77FE6172329EA55787A80300C4A824107E46","1","261","True","False","3527.531",,"True","1000","True","True","1000","True"
"512e2cc0-5ebd-4d17-b7cf-a18a28bccdb4","MANIFEST_BOUND","hmail-perf-pair-service-20260901","06EFCBA9520D478A6DAC7ABB7F09F3B63D015A0CD5ECA1EB4D0FD2CC8C38F9FD","net10","hmail_perf_pair_net10_20260831_head3","C:\hmail-perf-pair-service-20260901\net10\Data","393449EA88D8D3C63D044D759D715322FD07A6F365FB10F18C1F0F126C6B4675","100","15","one TCP client and one sequential IMAP session per sample","0","PASS","45FA907CE0D3797C1E13EBB2F03F076A25656CCE27E801C18F745ACD3944FBBD","5136EEC556F9790732AE759EF52F77FE6172329EA55787A80300C4A824107E46","1","262","True","False","3797.163",,"True","1000","True","True","1000","True"
"512e2cc0-5ebd-4d17-b7cf-a18a28bccdb4","MANIFEST_BOUND","hmail-perf-pair-service-20260901","06EFCBA9520D478A6DAC7ABB7F09F3B63D015A0CD5ECA1EB4D0FD2CC8C38F9FD","net10","hmail_perf_pair_net10_20260831_head3","C:\hmail-perf-pair-service-20260901\net10\Data","393449EA88D8D3C63D044D759D715322FD07A6F365FB10F18C1F0F126C6B4675","100","15","one TCP client and one sequential IMAP session per sample","0","PASS","45FA907CE0D3797C1E13EBB2F03F076A25656CCE27E801C18F745ACD3944FBBD","5136EEC556F9790732AE759EF52F77FE6172329EA55787A80300C4A824107E46","1","263","True","False","3699.742",,"True","1000","True","True","1000","True"
"512e2cc0-5ebd-4d17-b7cf-a18a28bccdb4","MANIFEST_BOUND","hmail-perf-pair-service-20260901","06EFCBA9520D478A6DAC7ABB7F09F3B63D015A0CD5ECA1EB4D0FD2CC8C38F9FD","net10","hmail_perf_pair_net10_20260831_head3","C:\hmail-perf-pair-service-20260901\net10\Data","393449EA88D8D3C63D044D759D715322FD07A6F365FB10F18C1F0F126C6B4675","100","15","one TCP client and one sequential IMAP session per sample","0","PASS","45FA907CE0D3797C1E13EBB2F03F076A25656CCE27E801C18F745ACD3944FBBD","5136EEC556F9790732AE759EF52F77FE6172329EA55787A80300C4A824107E46","1","264","True","False","3726.752",,"True","1000","True","True","1000","True"
"512e2cc0-5ebd-4d17-b7cf-a18a28bccdb4","MANIFEST_BOUND","hmail-perf-pair-service-20260901","06EFCBA9520D478A6DAC7ABB7F09F3B63D015A0CD5ECA1EB4D0FD2CC8C38F9FD","net10","hmail_perf_pair_net10_20260831_head3","C:\hmail-perf-pair-service-20260901\net10\Data","393449EA88D8D3C63D044D759D715322FD07A6F365FB10F18C1F0F126C6B4675","100","15","one TCP client and one sequential IMAP session per sample","0","PASS","45FA907CE0D3797C1E13EBB2F03F076A25656CCE27E801C18F745ACD3944FBBD","5136EEC556F9790732AE759EF52F77FE6172329EA55787A80300C4A824107E46","1","265","True","False","2651.087",,"True","1000","True","True","1000","True"
"512e2cc0-5ebd-4d17-b7cf-a18a28bccdb4","MANIFEST_BOUND","hmail-perf-pair-service-20260901","06EFCBA9520D478A6DAC7ABB7F09F3B63D015A0CD5ECA1EB4D0FD2CC8C38F9FD","net10","hmail_perf_pair_net10_20260831_head3","C:\hmail-perf-pair-service-20260901\net10\Data","393449EA88D8D3C63D044D759D715322FD07A6F365FB10F18C1F0F126C6B4675","100","15","one TCP client and one sequential IMAP session per sample","0","PASS","45FA907CE0D3797C1E13EBB2F03F076A25656CCE27E801C18F745ACD3944FBBD","5136EEC556F9790732AE759EF52F77FE6172329EA55787A80300C4A824107E46","1","266","True","False","3715.171",,"True","1000","True","True","1000","True"
"512e2cc0-5ebd-4d17-b7cf-a18a28bccdb4","MANIFEST_BOUND","hmail-perf-pair-service-20260901","06EFCBA9520D478A6DAC7ABB7F09F3B63D015A0CD5ECA1EB4D0FD2CC8C38F9FD","net10","hmail_perf_pair_net10_20260831_head3","C:\hmail-perf-pair-service-20260901\net10\Data","393449EA88D8D3C63D044D759D715322FD07A6F365FB10F18C1F0F126C6B4675","100","15","one TCP client and one sequential IMAP session per sample","0","PASS","45FA907CE0D3797C1E13EBB2F03F076A25656CCE27E801C18F745ACD3944FBBD","5136EEC556F9790732AE759EF52F77FE6172329EA55787A80300C4A824107E46","1","267","True","False","3713.921",,"True","1000","True","True","1000","True"
"512e2cc0-5ebd-4d17-b7cf-a18a28bccdb4","MANIFEST_BOUND","hmail-perf-pair-service-20260901","06EFCBA9520D478A6DAC7ABB7F09F3B63D015A0CD5ECA1EB4D0FD2CC8C38F9FD","net10","hmail_perf_pair_net10_20260831_head3","C:\hmail-perf-pair-service-20260901\net10\Data","393449EA88D8D3C63D044D759D715322FD07A6F365FB10F18C1F0F126C6B4675","100","15","one TCP client and one sequential IMAP session per sample","0","PASS","45FA907CE0D3797C1E13EBB2F03F076A25656CCE27E801C18F745ACD3944FBBD","5136EEC556F9790732AE759EF52F77FE6172329EA55787A80300C4A824107E46","1","268","True","False","3290.488",,"True","1000","True","True","1000","True"
"512e2cc0-5ebd-4d17-b7cf-a18a28bccdb4","MANIFEST_BOUND","hmail-perf-pair-service-20260901","06EFCBA9520D478A6DAC7ABB7F09F3B63D015A0CD5ECA1EB4D0FD2CC8C38F9FD","net10","hmail_perf_pair_net10_20260831_head3","C:\hmail-perf-pair-service-20260901\net10\Data","393449EA88D8D3C63D044D759D715322FD07A6F365FB10F18C1F0F126C6B4675","100","15","one TCP client and one sequential IMAP session per sample","0","PASS","45FA907CE0D3797C1E13EBB2F03F076A25656CCE27E801C18F745ACD3944FBBD","5136EEC556F9790732AE759EF52F77FE6172329EA55787A80300C4A824107E46","1","269","True","False","3714.1",,"True","1000","True","True","1000","True"
"512e2cc0-5ebd-4d17-b7cf-a18a28bccdb4","MANIFEST_BOUND","hmail-perf-pair-service-20260901","06EFCBA9520D478A6DAC7ABB7F09F3B63D015A0CD5ECA1EB4D0FD2CC8C38F9FD","net10","hmail_perf_pair_net10_20260831_head3","C:\hmail-perf-pair-service-20260901\net10\Data","393449EA88D8D3C63D044D759D715322FD07A6F365FB10F18C1F0F126C6B4675","100","15","one TCP client and one sequential IMAP session per sample","0","PASS","45FA907CE0D3797C1E13EBB2F03F076A25656CCE27E801C18F745ACD3944FBBD","5136EEC556F9790732AE759EF52F77FE6172329EA55787A80300C4A824107E46","1","270","True","False","3695.938",,"True","1000","True","True","1000","True"
"512e2cc0-5ebd-4d17-b7cf-a18a28bccdb4","MANIFEST_BOUND","hmail-perf-pair-service-20260901","06EFCBA9520D478A6DAC7ABB7F09F3B63D015A0CD5ECA1EB4D0FD2CC8C38F9FD","net10","hmail_perf_pair_net10_20260831_head3","C:\hmail-perf-pair-service-20260901\net10\Data","393449EA88D8D3C63D044D759D715322FD07A6F365FB10F18C1F0F126C6B4675","100","15","one TCP client and one sequential IMAP session per sample","0","PASS","45FA907CE0D3797C1E13EBB2F03F076A25656CCE27E801C18F745ACD3944FBBD","5136EEC556F9790732AE759EF52F77FE6172329EA55787A80300C4A824107E46","1","271","True","False","3714.422",,"True","1000","True","True","1000","True"
"512e2cc0-5ebd-4d17-b7cf-a18a28bccdb4","MANIFEST_BOUND","hmail-perf-pair-service-20260901","06EFCBA9520D478A6DAC7ABB7F09F3B63D015A0CD5ECA1EB4D0FD2CC8C38F9FD","net10","hmail_perf_pair_net10_20260831_head3","C:\hmail-perf-pair-service-20260901\net10\Data","393449EA88D8D3C63D044D759D715322FD07A6F365FB10F18C1F0F126C6B4675","100","15","one TCP client and one sequential IMAP session per sample","0","PASS","45FA907CE0D3797C1E13EBB2F03F076A25656CCE27E801C18F745ACD3944FBBD","5136EEC556F9790732AE759EF52F77FE6172329EA55787A80300C4A824107E46","1","272","True","False","3713.784",,"True","1000","True","True","1000","True"
"512e2cc0-5ebd-4d17-b7cf-a18a28bccdb4","MANIFEST_BOUND","hmail-perf-pair-service-20260901","06EFCBA9520D478A6DAC7ABB7F09F3B63D015A0CD5ECA1EB4D0FD2CC8C38F9FD","net10","hmail_perf_pair_net10_20260831_head3","C:\hmail-perf-pair-service-20260901\net10\Data","393449EA88D8D3C63D044D759D715322FD07A6F365FB10F18C1F0F126C6B4675","100","15","one TCP client and one sequential IMAP session per sample","0","PASS","45FA907CE0D3797C1E13EBB2F03F076A25656CCE27E801C18F745ACD3944FBBD","5136EEC556F9790732AE759EF52F77FE6172329EA55787A80300C4A824107E46","1","273","True","False","3696.166",,"True","1000","True","True","1000","True"
"512e2cc0-5ebd-4d17-b7cf-a18a28bccdb4","MANIFEST_BOUND","hmail-perf-pair-service-20260901","06EFCBA9520D478A6DAC7ABB7F09F3B63D015A0CD5ECA1EB4D0FD2CC8C38F9FD","net10","hmail_perf_pair_net10_20260831_head3","C:\hmail-perf-pair-service-20260901\net10\Data","393449EA88D8D3C63D044D759D715322FD07A6F365FB10F18C1F0F126C6B4675","100","15","one TCP client and one sequential IMAP session per sample","0","PASS","45FA907CE0D3797C1E13EBB2F03F076A25656CCE27E801C18F745ACD3944FBBD","5136EEC556F9790732AE759EF52F77FE6172329EA55787A80300C4A824107E46","1","274","True","False","3545.799",,"True","1000","True","True","1000","True"
"512e2cc0-5ebd-4d17-b7cf-a18a28bccdb4","MANIFEST_BOUND","hmail-perf-pair-service-20260901","06EFCBA9520D478A6DAC7ABB7F09F3B63D015A0CD5ECA1EB4D0FD2CC8C38F9FD","net10","hmail_perf_pair_net10_20260831_head3","C:\hmail-perf-pair-service-20260901\net10\Data","393449EA88D8D3C63D044D759D715322FD07A6F365FB10F18C1F0F126C6B4675","100","15","one TCP client and one sequential IMAP session per sample","0","PASS","45FA907CE0D3797C1E13EBB2F03F076A25656CCE27E801C18F745ACD3944FBBD","5136EEC556F9790732AE759EF52F77FE6172329EA55787A80300C4A824107E46","1","275","True","False","3719.46",,"True","1000","True","True","1000","True"
"512e2cc0-5ebd-4d17-b7cf-a18a28bccdb4","MANIFEST_BOUND","hmail-perf-pair-service-20260901","06EFCBA9520D478A6DAC7ABB7F09F3B63D015A0CD5ECA1EB4D0FD2CC8C38F9FD","net10","hmail_perf_pair_net10_20260831_head3","C:\hmail-perf-pair-service-20260901\net10\Data","393449EA88D8D3C63D044D759D715322FD07A6F365FB10F18C1F0F126C6B4675","100","15","one TCP client and one sequential IMAP session per sample","0","PASS","45FA907CE0D3797C1E13EBB2F03F076A25656CCE27E801C18F745ACD3944FBBD","5136EEC556F9790732AE759EF52F77FE6172329EA55787A80300C4A824107E46","1","276","True","False","3713.745",,"True","1000","True","True","1000","True"
"512e2cc0-5ebd-4d17-b7cf-a18a28bccdb4","MANIFEST_BOUND","hmail-perf-pair-service-20260901","06EFCBA9520D478A6DAC7ABB7F09F3B63D015A0CD5ECA1EB4D0FD2CC8C38F9FD","net10","hmail_perf_pair_net10_20260831_head3","C:\hmail-perf-pair-service-20260901\net10\Data","393449EA88D8D3C63D044D759D715322FD07A6F365FB10F18C1F0F126C6B4675","100","15","one TCP client and one sequential IMAP session per sample","0","PASS","45FA907CE0D3797C1E13EBB2F03F076A25656CCE27E801C18F745ACD3944FBBD","5136EEC556F9790732AE759EF52F77FE6172329EA55787A80300C4A824107E46","1","277","True","False","3697.093",,"True","1000","True","True","1000","True"
"512e2cc0-5ebd-4d17-b7cf-a18a28bccdb4","MANIFEST_BOUND","hmail-perf-pair-service-20260901","06EFCBA9520D478A6DAC7ABB7F09F3B63D015A0CD5ECA1EB4D0FD2CC8C38F9FD","net10","hmail_perf_pair_net10_20260831_head3","C:\hmail-perf-pair-service-20260901\net10\Data","393449EA88D8D3C63D044D759D715322FD07A6F365FB10F18C1F0F126C6B4675","100","15","one TCP client and one sequential IMAP session per sample","0","PASS","45FA907CE0D3797C1E13EBB2F03F076A25656CCE27E801C18F745ACD3944FBBD","5136EEC556F9790732AE759EF52F77FE6172329EA55787A80300C4A824107E46","1","278","True","False","3745.805",,"True","1000","True","True","1000","True"
"512e2cc0-5ebd-4d17-b7cf-a18a28bccdb4","MANIFEST_BOUND","hmail-perf-pair-service-20260901","06EFCBA9520D478A6DAC7ABB7F09F3B63D015A0CD5ECA1EB4D0FD2CC8C38F9FD","net10","hmail_perf_pair_net10_20260831_head3","C:\hmail-perf-pair-service-20260901\net10\Data","393449EA88D8D3C63D044D759D715322FD07A6F365FB10F18C1F0F126C6B4675","100","15","one TCP client and one sequential IMAP session per sample","0","PASS","45FA907CE0D3797C1E13EBB2F03F076A25656CCE27E801C18F745ACD3944FBBD","5136EEC556F9790732AE759EF52F77FE6172329EA55787A80300C4A824107E46","1","279","True","False","3534.809",,"True","1000","True","True","1000","True"
"512e2cc0-5ebd-4d17-b7cf-a18a28bccdb4","MANIFEST_BOUND","hmail-perf-pair-service-20260901","06EFCBA9520D478A6DAC7ABB7F09F3B63D015A0CD5ECA1EB4D0FD2CC8C38F9FD","net10","hmail_perf_pair_net10_20260831_head3","C:\hmail-perf-pair-service-20260901\net10\Data","393449EA88D8D3C63D044D759D715322FD07A6F365FB10F18C1F0F126C6B4675","100","15","one TCP client and one sequential IMAP session per sample","0","PASS","45FA907CE0D3797C1E13EBB2F03F076A25656CCE27E801C18F745ACD3944FBBD","5136EEC556F9790732AE759EF52F77FE6172329EA55787A80300C4A824107E46","1","280","True","False","3665.668",,"True","1000","True","True","1000","True"
"512e2cc0-5ebd-4d17-b7cf-a18a28bccdb4","MANIFEST_BOUND","hmail-perf-pair-service-20260901","06EFCBA9520D478A6DAC7ABB7F09F3B63D015A0CD5ECA1EB4D0FD2CC8C38F9FD","net10","hmail_perf_pair_net10_20260831_head3","C:\hmail-perf-pair-service-20260901\net10\Data","393449EA88D8D3C63D044D759D715322FD07A6F365FB10F18C1F0F126C6B4675","100","15","one TCP client and one sequential IMAP session per sample","0","PASS","45FA907CE0D3797C1E13EBB2F03F076A25656CCE27E801C18F745ACD3944FBBD","5136EEC556F9790732AE759EF52F77FE6172329EA55787A80300C4A824107E46","1","281","True","False","3534.867",,"True","1000","True","True","1000","True"
"512e2cc0-5ebd-4d17-b7cf-a18a28bccdb4","MANIFEST_BOUND","hmail-perf-pair-service-20260901","06EFCBA9520D478A6DAC7ABB7F09F3B63D015A0CD5ECA1EB4D0FD2CC8C38F9FD","net10","hmail_perf_pair_net10_20260831_head3","C:\hmail-perf-pair-service-20260901\net10\Data","393449EA88D8D3C63D044D759D715322FD07A6F365FB10F18C1F0F126C6B4675","100","15","one TCP client and one sequential IMAP session per sample","0","PASS","45FA907CE0D3797C1E13EBB2F03F076A25656CCE27E801C18F745ACD3944FBBD","5136EEC556F9790732AE759EF52F77FE6172329EA55787A80300C4A824107E46","1","282","True","False","3733.232",,"True","1000","True","True","1000","True"
"512e2cc0-5ebd-4d17-b7cf-a18a28bccdb4","MANIFEST_BOUND","hmail-perf-pair-service-20260901","06EFCBA9520D478A6DAC7ABB7F09F3B63D015A0CD5ECA1EB4D0FD2CC8C38F9FD","net10","hmail_perf_pair_net10_20260831_head3","C:\hmail-perf-pair-service-20260901\net10\Data","393449EA88D8D3C63D044D759D715322FD07A6F365FB10F18C1F0F126C6B4675","100","15","one TCP client and one sequential IMAP session per sample","0","PASS","45FA907CE0D3797C1E13EBB2F03F076A25656CCE27E801C18F745ACD3944FBBD","5136EEC556F9790732AE759EF52F77FE6172329EA55787A80300C4A824107E46","1","283","True","False","3232.11",,"True","1000","True","True","1000","True"
"512e2cc0-5ebd-4d17-b7cf-a18a28bccdb4","MANIFEST_BOUND","hmail-perf-pair-service-20260901","06EFCBA9520D478A6DAC7ABB7F09F3B63D015A0CD5ECA1EB4D0FD2CC8C38F9FD","net10","hmail_perf_pair_net10_20260831_head3","C:\hmail-perf-pair-service-20260901\net10\Data","393449EA88D8D3C63D044D759D715322FD07A6F365FB10F18C1F0F126C6B4675","100","15","one TCP client and one sequential IMAP session per sample","0","PASS","45FA907CE0D3797C1E13EBB2F03F076A25656CCE27E801C18F745ACD3944FBBD","5136EEC556F9790732AE759EF52F77FE6172329EA55787A80300C4A824107E46","1","284","True","False","3518.648",,"True","1000","True","True","1000","True"
"512e2cc0-5ebd-4d17-b7cf-a18a28bccdb4","MANIFEST_BOUND","hmail-perf-pair-service-20260901","06EFCBA9520D478A6DAC7ABB7F09F3B63D015A0CD5ECA1EB4D0FD2CC8C38F9FD","net10","hmail_perf_pair_net10_20260831_head3","C:\hmail-perf-pair-service-20260901\net10\Data","393449EA88D8D3C63D044D759D715322FD07A6F365FB10F18C1F0F126C6B4675","100","15","one TCP client and one sequential IMAP session per sample","0","PASS","45FA907CE0D3797C1E13EBB2F03F076A25656CCE27E801C18F745ACD3944FBBD","5136EEC556F9790732AE759EF52F77FE6172329EA55787A80300C4A824107E46","1","285","True","False","3560.007",,"True","1000","True","True","1000","True"
"512e2cc0-5ebd-4d17-b7cf-a18a28bccdb4","MANIFEST_BOUND","hmail-perf-pair-service-20260901","06EFCBA9520D478A6DAC7ABB7F09F3B63D015A0CD5ECA1EB4D0FD2CC8C38F9FD","net10","hmail_perf_pair_net10_20260831_head3","C:\hmail-perf-pair-service-20260901\net10\Data","393449EA88D8D3C63D044D759D715322FD07A6F365FB10F18C1F0F126C6B4675","100","15","one TCP client and one sequential IMAP session per sample","0","PASS","45FA907CE0D3797C1E13EBB2F03F076A25656CCE27E801C18F745ACD3944FBBD","5136EEC556F9790732AE759EF52F77FE6172329EA55787A80300C4A824107E46","1","286","True","False","3698.78",,"True","1000","True","True","1000","True"
"512e2cc0-5ebd-4d17-b7cf-a18a28bccdb4","MANIFEST_BOUND","hmail-perf-pair-service-20260901","06EFCBA9520D478A6DAC7ABB7F09F3B63D015A0CD5ECA1EB4D0FD2CC8C38F9FD","net10","hmail_perf_pair_net10_20260831_head3","C:\hmail-perf-pair-service-20260901\net10\Data","393449EA88D8D3C63D044D759D715322FD07A6F365FB10F18C1F0F126C6B4675","100","15","one TCP client and one sequential IMAP session per sample","0","PASS","45FA907CE0D3797C1E13EBB2F03F076A25656CCE27E801C18F745ACD3944FBBD","5136EEC556F9790732AE759EF52F77FE6172329EA55787A80300C4A824107E46","1","287","True","False","3300.988",,"True","1000","True","True","1000","True"
"512e2cc0-5ebd-4d17-b7cf-a18a28bccdb4","MANIFEST_BOUND","hmail-perf-pair-service-20260901","06EFCBA9520D478A6DAC7ABB7F09F3B63D015A0CD5ECA1EB4D0FD2CC8C38F9FD","net10","hmail_perf_pair_net10_20260831_head3","C:\hmail-perf-pair-service-20260901\net10\Data","393449EA88D8D3C63D044D759D715322FD07A6F365FB10F18C1F0F126C6B4675","100","15","one TCP client and one sequential IMAP session per sample","0","PASS","45FA907CE0D3797C1E13EBB2F03F076A25656CCE27E801C18F745ACD3944FBBD","5136EEC556F9790732AE759EF52F77FE6172329EA55787A80300C4A824107E46","1","288","True","False","3555.208",,"True","1000","True","True","1000","True"
"512e2cc0-5ebd-4d17-b7cf-a18a28bccdb4","MANIFEST_BOUND","hmail-perf-pair-service-20260901","06EFCBA9520D478A6DAC7ABB7F09F3B63D015A0CD5ECA1EB4D0FD2CC8C38F9FD","net10","hmail_perf_pair_net10_20260831_head3","C:\hmail-perf-pair-service-20260901\net10\Data","393449EA88D8D3C63D044D759D715322FD07A6F365FB10F18C1F0F126C6B4675","100","15","one TCP client and one sequential IMAP session per sample","0","PASS","45FA907CE0D3797C1E13EBB2F03F076A25656CCE27E801C18F745ACD3944FBBD","5136EEC556F9790732AE759EF52F77FE6172329EA55787A80300C4A824107E46","1","289","True","False","3696.607",,"True","1000","True","True","1000","True"
"512e2cc0-5ebd-4d17-b7cf-a18a28bccdb4","MANIFEST_BOUND","hmail-perf-pair-service-20260901","06EFCBA9520D478A6DAC7ABB7F09F3B63D015A0CD5ECA1EB4D0FD2CC8C38F9FD","net10","hmail_perf_pair_net10_20260831_head3","C:\hmail-perf-pair-service-20260901\net10\Data","393449EA88D8D3C63D044D759D715322FD07A6F365FB10F18C1F0F126C6B4675","100","15","one TCP client and one sequential IMAP session per sample","0","PASS","45FA907CE0D3797C1E13EBB2F03F076A25656CCE27E801C18F745ACD3944FBBD","5136EEC556F9790732AE759EF52F77FE6172329EA55787A80300C4A824107E46","1","290","True","False","1480.638",,"True","1000","True","True","1000","True"
"512e2cc0-5ebd-4d17-b7cf-a18a28bccdb4","MANIFEST_BOUND","hmail-perf-pair-service-20260901","06EFCBA9520D478A6DAC7ABB7F09F3B63D015A0CD5ECA1EB4D0FD2CC8C38F9FD","net10","hmail_perf_pair_net10_20260831_head3","C:\hmail-perf-pair-service-20260901\net10\Data","393449EA88D8D3C63D044D759D715322FD07A6F365FB10F18C1F0F126C6B4675","100","15","one TCP client and one sequential IMAP session per sample","0","PASS","45FA907CE0D3797C1E13EBB2F03F076A25656CCE27E801C18F745ACD3944FBBD","5136EEC556F9790732AE759EF52F77FE6172329EA55787A80300C4A824107E46","1","291","True","False","3548.941",,"True","1000","True","True","1000","True"
"512e2cc0-5ebd-4d17-b7cf-a18a28bccdb4","MANIFEST_BOUND","hmail-perf-pair-service-20260901","06EFCBA9520D478A6DAC7ABB7F09F3B63D015A0CD5ECA1EB4D0FD2CC8C38F9FD","net10","hmail_perf_pair_net10_20260831_head3","C:\hmail-perf-pair-service-20260901\net10\Data","393449EA88D8D3C63D044D759D715322FD07A6F365FB10F18C1F0F126C6B4675","100","15","one TCP client and one sequential IMAP session per sample","0","PASS","45FA907CE0D3797C1E13EBB2F03F076A25656CCE27E801C18F745ACD3944FBBD","5136EEC556F9790732AE759EF52F77FE6172329EA55787A80300C4A824107E46","1","292","True","False","3798.059",,"True","1000","True","True","1000","True"
"512e2cc0-5ebd-4d17-b7cf-a18a28bccdb4","MANIFEST_BOUND","hmail-perf-pair-service-20260901","06EFCBA9520D478A6DAC7ABB7F09F3B63D015A0CD5ECA1EB4D0FD2CC8C38F9FD","net10","hmail_perf_pair_net10_20260831_head3","C:\hmail-perf-pair-service-20260901\net10\Data","393449EA88D8D3C63D044D759D715322FD07A6F365FB10F18C1F0F126C6B4675","100","15","one TCP client and one sequential IMAP session per sample","0","PASS","45FA907CE0D3797C1E13EBB2F03F076A25656CCE27E801C18F745ACD3944FBBD","5136EEC556F9790732AE759EF52F77FE6172329EA55787A80300C4A824107E46","1","293","True","False","3575.99",,"True","1000","True","True","1000","True"
"512e2cc0-5ebd-4d17-b7cf-a18a28bccdb4","MANIFEST_BOUND","hmail-perf-pair-service-20260901","06EFCBA9520D478A6DAC7ABB7F09F3B63D015A0CD5ECA1EB4D0FD2CC8C38F9FD","net10","hmail_perf_pair_net10_20260831_head3","C:\hmail-perf-pair-service-20260901\net10\Data","393449EA88D8D3C63D044D759D715322FD07A6F365FB10F18C1F0F126C6B4675","100","15","one TCP client and one sequential IMAP session per sample","0","PASS","45FA907CE0D3797C1E13EBB2F03F076A25656CCE27E801C18F745ACD3944FBBD","5136EEC556F9790732AE759EF52F77FE6172329EA55787A80300C4A824107E46","1","294","True","False","3874.684",,"True","1000","True","True","1000","True"
"512e2cc0-5ebd-4d17-b7cf-a18a28bccdb4","MANIFEST_BOUND","hmail-perf-pair-service-20260901","06EFCBA9520D478A6DAC7ABB7F09F3B63D015A0CD5ECA1EB4D0FD2CC8C38F9FD","net10","hmail_perf_pair_net10_20260831_head3","C:\hmail-perf-pair-service-20260901\net10\Data","393449EA88D8D3C63D044D759D715322FD07A6F365FB10F18C1F0F126C6B4675","100","15","one TCP client and one sequential IMAP session per sample","0","PASS","45FA907CE0D3797C1E13EBB2F03F076A25656CCE27E801C18F745ACD3944FBBD","5136EEC556F9790732AE759EF52F77FE6172329EA55787A80300C4A824107E46","1","295","True","False","2954.468",,"True","1000","True","True","1000","True"
"512e2cc0-5ebd-4d17-b7cf-a18a28bccdb4","MANIFEST_BOUND","hmail-perf-pair-service-20260901","06EFCBA9520D478A6DAC7ABB7F09F3B63D015A0CD5ECA1EB4D0FD2CC8C38F9FD","net10","hmail_perf_pair_net10_20260831_head3","C:\hmail-perf-pair-service-20260901\net10\Data","393449EA88D8D3C63D044D759D715322FD07A6F365FB10F18C1F0F126C6B4675","100","15","one TCP client and one sequential IMAP session per sample","0","PASS","45FA907CE0D3797C1E13EBB2F03F076A25656CCE27E801C18F745ACD3944FBBD","5136EEC556F9790732AE759EF52F77FE6172329EA55787A80300C4A824107E46","1","296","True","False","3716.986",,"True","1000","True","True","1000","True"
"512e2cc0-5ebd-4d17-b7cf-a18a28bccdb4","MANIFEST_BOUND","hmail-perf-pair-service-20260901","06EFCBA9520D478A6DAC7ABB7F09F3B63D015A0CD5ECA1EB4D0FD2CC8C38F9FD","net10","hmail_perf_pair_net10_20260831_head3","C:\hmail-perf-pair-service-20260901\net10\Data","393449EA88D8D3C63D044D759D715322FD07A6F365FB10F18C1F0F126C6B4675","100","15","one TCP client and one sequential IMAP session per sample","0","PASS","45FA907CE0D3797C1E13EBB2F03F076A25656CCE27E801C18F745ACD3944FBBD","5136EEC556F9790732AE759EF52F77FE6172329EA55787A80300C4A824107E46","1","297","True","False","2935.205",,"True","1000","True","True","1000","True"
"512e2cc0-5ebd-4d17-b7cf-a18a28bccdb4","MANIFEST_BOUND","hmail-perf-pair-service-20260901","06EFCBA9520D478A6DAC7ABB7F09F3B63D015A0CD5ECA1EB4D0FD2CC8C38F9FD","net10","hmail_perf_pair_net10_20260831_head3","C:\hmail-perf-pair-service-20260901\net10\Data","393449EA88D8D3C63D044D759D715322FD07A6F365FB10F18C1F0F126C6B4675","100","15","one TCP client and one sequential IMAP session per sample","0","PASS","45FA907CE0D3797C1E13EBB2F03F076A25656CCE27E801C18F745ACD3944FBBD","5136EEC556F9790732AE759EF52F77FE6172329EA55787A80300C4A824107E46","1","298","True","False","3537.83",,"True","1000","True","True","1000","True"
"512e2cc0-5ebd-4d17-b7cf-a18a28bccdb4","MANIFEST_BOUND","hmail-perf-pair-service-20260901","06EFCBA9520D478A6DAC7ABB7F09F3B63D015A0CD5ECA1EB4D0FD2CC8C38F9FD","net10","hmail_perf_pair_net10_20260831_head3","C:\hmail-perf-pair-service-20260901\net10\Data","393449EA88D8D3C63D044D759D715322FD07A6F365FB10F18C1F0F126C6B4675","100","15","one TCP client and one sequential IMAP session per sample","0","PASS","45FA907CE0D3797C1E13EBB2F03F076A25656CCE27E801C18F745ACD3944FBBD","5136EEC556F9790732AE759EF52F77FE6172329EA55787A80300C4A824107E46","1","299","True","False","3518.552",,"True","1000","True","True","1000","True"
"512e2cc0-5ebd-4d17-b7cf-a18a28bccdb4","MANIFEST_BOUND","hmail-perf-pair-service-20260901","06EFCBA9520D478A6DAC7ABB7F09F3B63D015A0CD5ECA1EB4D0FD2CC8C38F9FD","net10","hmail_perf_pair_net10_20260831_head3","C:\hmail-perf-pair-service-20260901\net10\Data","393449EA88D8D3C63D044D759D715322FD07A6F365FB10F18C1F0F126C6B4675","100","15","one TCP client and one sequential IMAP session per sample","0","PASS","45FA907CE0D3797C1E13EBB2F03F076A25656CCE27E801C18F745ACD3944FBBD","5136EEC556F9790732AE759EF52F77FE6172329EA55787A80300C4A824107E46","1","300","True","False","3674.642",,"True","1000","True","True","1000","True"
"512e2cc0-5ebd-4d17-b7cf-a18a28bccdb4","MANIFEST_BOUND","hmail-perf-pair-service-20260901","06EFCBA9520D478A6DAC7ABB7F09F3B63D015A0CD5ECA1EB4D0FD2CC8C38F9FD","net10","hmail_perf_pair_net10_20260831_head3","C:\hmail-perf-pair-service-20260901\net10\Data","393449EA88D8D3C63D044D759D715322FD07A6F365FB10F18C1F0F126C6B4675","100","15","one TCP client and one sequential IMAP session per sample","0","PASS","45FA907CE0D3797C1E13EBB2F03F076A25656CCE27E801C18F745ACD3944FBBD","5136EEC556F9790732AE759EF52F77FE6172329EA55787A80300C4A824107E46","1","301","True","False","3713.159",,"True","1000","True","True","1000","True"
"512e2cc0-5ebd-4d17-b7cf-a18a28bccdb4","MANIFEST_BOUND","hmail-perf-pair-service-20260901","06EFCBA9520D478A6DAC7ABB7F09F3B63D015A0CD5ECA1EB4D0FD2CC8C38F9FD","net10","hmail_perf_pair_net10_20260831_head3","C:\hmail-perf-pair-service-20260901\net10\Data","393449EA88D8D3C63D044D759D715322FD07A6F365FB10F18C1F0F126C6B4675","100","15","one TCP client and one sequential IMAP session per sample","0","PASS","45FA907CE0D3797C1E13EBB2F03F076A25656CCE27E801C18F745ACD3944FBBD","5136EEC556F9790732AE759EF52F77FE6172329EA55787A80300C4A824107E46","1","302","True","False","3319.136",,"True","1000","True","True","1000","True"
"512e2cc0-5ebd-4d17-b7cf-a18a28bccdb4","MANIFEST_BOUND","hmail-perf-pair-service-20260901","06EFCBA9520D478A6DAC7ABB7F09F3B63D015A0CD5ECA1EB4D0FD2CC8C38F9FD","net10","hmail_perf_pair_net10_20260831_head3","C:\hmail-perf-pair-service-20260901\net10\Data","393449EA88D8D3C63D044D759D715322FD07A6F365FB10F18C1F0F126C6B4675","100","15","one TCP client and one sequential IMAP session per sample","0","PASS","45FA907CE0D3797C1E13EBB2F03F076A25656CCE27E801C18F745ACD3944FBBD","5136EEC556F9790732AE759EF52F77FE6172329EA55787A80300C4A824107E46","1","303","True","False","3713.553",,"True","1000","True","True","1000","True"
"512e2cc0-5ebd-4d17-b7cf-a18a28bccdb4","MANIFEST_BOUND","hmail-perf-pair-service-20260901","06EFCBA9520D478A6DAC7ABB7F09F3B63D015A0CD5ECA1EB4D0FD2CC8C38F9FD","net10","hmail_perf_pair_net10_20260831_head3","C:\hmail-perf-pair-service-20260901\net10\Data","393449EA88D8D3C63D044D759D715322FD07A6F365FB10F18C1F0F126C6B4675","100","15","one TCP client and one sequential IMAP session per sample","0","PASS","45FA907CE0D3797C1E13EBB2F03F076A25656CCE27E801C18F745ACD3944FBBD","5136EEC556F9790732AE759EF52F77FE6172329EA55787A80300C4A824107E46","1","304","True","False","3320.131",,"True","1000","True","True","1000","True"
"512e2cc0-5ebd-4d17-b7cf-a18a28bccdb4","MANIFEST_BOUND","hmail-perf-pair-service-20260901","06EFCBA9520D478A6DAC7ABB7F09F3B63D015A0CD5ECA1EB4D0FD2CC8C38F9FD","net10","hmail_perf_pair_net10_20260831_head3","C:\hmail-perf-pair-service-20260901\net10\Data","393449EA88D8D3C63D044D759D715322FD07A6F365FB10F18C1F0F126C6B4675","100","15","one TCP client and one sequential IMAP session per sample","0","PASS","45FA907CE0D3797C1E13EBB2F03F076A25656CCE27E801C18F745ACD3944FBBD","5136EEC556F9790732AE759EF52F77FE6172329EA55787A80300C4A824107E46","1","305","True","False","3539.994",,"True","1000","True","True","1000","True"
"512e2cc0-5ebd-4d17-b7cf-a18a28bccdb4","MANIFEST_BOUND","hmail-perf-pair-service-20260901","06EFCBA9520D478A6DAC7ABB7F09F3B63D015A0CD5ECA1EB4D0FD2CC8C38F9FD","net10","hmail_perf_pair_net10_20260831_head3","C:\hmail-perf-pair-service-20260901\net10\Data","393449EA88D8D3C63D044D759D715322FD07A6F365FB10F18C1F0F126C6B4675","100","15","one TCP client and one sequential IMAP session per sample","0","PASS","45FA907CE0D3797C1E13EBB2F03F076A25656CCE27E801C18F745ACD3944FBBD","5136EEC556F9790732AE759EF52F77FE6172329EA55787A80300C4A824107E46","1","306","True","False","3712.839",,"True","1000","True","True","1000","True"
"512e2cc0-5ebd-4d17-b7cf-a18a28bccdb4","MANIFEST_BOUND","hmail-perf-pair-service-20260901","06EFCBA9520D478A6DAC7ABB7F09F3B63D015A0CD5ECA1EB4D0FD2CC8C38F9FD","net10","hmail_perf_pair_net10_20260831_head3","C:\hmail-perf-pair-service-20260901\net10\Data","393449EA88D8D3C63D044D759D715322FD07A6F365FB10F18C1F0F126C6B4675","100","15","one TCP client and one sequential IMAP session per sample","0","PASS","45FA907CE0D3797C1E13EBB2F03F076A25656CCE27E801C18F745ACD3944FBBD","5136EEC556F9790732AE759EF52F77FE6172329EA55787A80300C4A824107E46","1","307","True","False","3713.466",,"True","1000","True","True","1000","True"
"512e2cc0-5ebd-4d17-b7cf-a18a28bccdb4","MANIFEST_BOUND","hmail-perf-pair-service-20260901","06EFCBA9520D478A6DAC7ABB7F09F3B63D015A0CD5ECA1EB4D0FD2CC8C38F9FD","net10","hmail_perf_pair_net10_20260831_head3","C:\hmail-perf-pair-service-20260901\net10\Data","393449EA88D8D3C63D044D759D715322FD07A6F365FB10F18C1F0F126C6B4675","100","15","one TCP client and one sequential IMAP session per sample","0","PASS","45FA907CE0D3797C1E13EBB2F03F076A25656CCE27E801C18F745ACD3944FBBD","5136EEC556F9790732AE759EF52F77FE6172329EA55787A80300C4A824107E46","1","308","True","False","3714.375",,"True","1000","True","True","1000","True"
"512e2cc0-5ebd-4d17-b7cf-a18a28bccdb4","MANIFEST_BOUND","hmail-perf-pair-service-20260901","06EFCBA9520D478A6DAC7ABB7F09F3B63D015A0CD5ECA1EB4D0FD2CC8C38F9FD","net10","hmail_perf_pair_net10_20260831_head3","C:\hmail-perf-pair-service-20260901\net10\Data","393449EA88D8D3C63D044D759D715322FD07A6F365FB10F18C1F0F126C6B4675","100","15","one TCP client and one sequential IMAP session per sample","0","PASS","45FA907CE0D3797C1E13EBB2F03F076A25656CCE27E801C18F745ACD3944FBBD","5136EEC556F9790732AE759EF52F77FE6172329EA55787A80300C4A824107E46","1","309","True","False","3714.697",,"True","1000","True","True","1000","True"
"512e2cc0-5ebd-4d17-b7cf-a18a28bccdb4","MANIFEST_BOUND","hmail-perf-pair-service-20260901","06EFCBA9520D478A6DAC7ABB7F09F3B63D015A0CD5ECA1EB4D0FD2CC8C38F9FD","net10","hmail_perf_pair_net10_20260831_head3","C:\hmail-perf-pair-service-20260901\net10\Data","393449EA88D8D3C63D044D759D715322FD07A6F365FB10F18C1F0F126C6B4675","100","15","one TCP client and one sequential IMAP session per sample","0","PASS","45FA907CE0D3797C1E13EBB2F03F076A25656CCE27E801C18F745ACD3944FBBD","5136EEC556F9790732AE759EF52F77FE6172329EA55787A80300C4A824107E46","1","310","True","False","3541.274",,"True","1000","True","True","1000","True"
"512e2cc0-5ebd-4d17-b7cf-a18a28bccdb4","MANIFEST_BOUND","hmail-perf-pair-service-20260901","06EFCBA9520D478A6DAC7ABB7F09F3B63D015A0CD5ECA1EB4D0FD2CC8C38F9FD","net10","hmail_perf_pair_net10_20260831_head3","C:\hmail-perf-pair-service-20260901\net10\Data","393449EA88D8D3C63D044D759D715322FD07A6F365FB10F18C1F0F126C6B4675","100","15","one TCP client and one sequential IMAP session per sample","0","PASS","45FA907CE0D3797C1E13EBB2F03F076A25656CCE27E801C18F745ACD3944FBBD","5136EEC556F9790732AE759EF52F77FE6172329EA55787A80300C4A824107E46","1","311","True","False","1239.322",,"True","1000","True","True","1000","True"
"512e2cc0-5ebd-4d17-b7cf-a18a28bccdb4","MANIFEST_BOUND","hmail-perf-pair-service-20260901","06EFCBA9520D478A6DAC7ABB7F09F3B63D015A0CD5ECA1EB4D0FD2CC8C38F9FD","net10","hmail_perf_pair_net10_20260831_head3","C:\hmail-perf-pair-service-20260901\net10\Data","393449EA88D8D3C63D044D759D715322FD07A6F365FB10F18C1F0F126C6B4675","100","15","one TCP client and one sequential IMAP session per sample","0","PASS","45FA907CE0D3797C1E13EBB2F03F076A25656CCE27E801C18F745ACD3944FBBD","5136EEC556F9790732AE759EF52F77FE6172329EA55787A80300C4A824107E46","1","312","True","False","3573.066",,"True","1000","True","True","1000","True"
"512e2cc0-5ebd-4d17-b7cf-a18a28bccdb4","MANIFEST_BOUND","hmail-perf-pair-service-20260901","06EFCBA9520D478A6DAC7ABB7F09F3B63D015A0CD5ECA1EB4D0FD2CC8C38F9FD","net10","hmail_perf_pair_net10_20260831_head3","C:\hmail-perf-pair-service-20260901\net10\Data","393449EA88D8D3C63D044D759D715322FD07A6F365FB10F18C1F0F126C6B4675","100","15","one TCP client and one sequential IMAP session per sample","0","PASS","45FA907CE0D3797C1E13EBB2F03F076A25656CCE27E801C18F745ACD3944FBBD","5136EEC556F9790732AE759EF52F77FE6172329EA55787A80300C4A824107E46","1","313","True","False","3552.366",,"True","1000","True","True","1000","True"
"512e2cc0-5ebd-4d17-b7cf-a18a28bccdb4","MANIFEST_BOUND","hmail-perf-pair-service-20260901","06EFCBA9520D478A6DAC7ABB7F09F3B63D015A0CD5ECA1EB4D0FD2CC8C38F9FD","net10","hmail_perf_pair_net10_20260831_head3","C:\hmail-perf-pair-service-20260901\net10\Data","393449EA88D8D3C63D044D759D715322FD07A6F365FB10F18C1F0F126C6B4675","100","15","one TCP client and one sequential IMAP session per sample","0","PASS","45FA907CE0D3797C1E13EBB2F03F076A25656CCE27E801C18F745ACD3944FBBD","5136EEC556F9790732AE759EF52F77FE6172329EA55787A80300C4A824107E46","1","314","True","False","3540.785",,"True","1000","True","True","1000","True"
"512e2cc0-5ebd-4d17-b7cf-a18a28bccdb4","MANIFEST_BOUND","hmail-perf-pair-service-20260901","06EFCBA9520D478A6DAC7ABB7F09F3B63D015A0CD5ECA1EB4D0FD2CC8C38F9FD","net10","hmail_perf_pair_net10_20260831_head3","C:\hmail-perf-pair-service-20260901\net10\Data","393449EA88D8D3C63D044D759D715322FD07A6F365FB10F18C1F0F126C6B4675","100","15","one TCP client and one sequential IMAP session per sample","0","PASS","45FA907CE0D3797C1E13EBB2F03F076A25656CCE27E801C18F745ACD3944FBBD","5136EEC556F9790732AE759EF52F77FE6172329EA55787A80300C4A824107E46","1","315","True","False","3581.573",,"True","1000","True","True","1000","True"
"512e2cc0-5ebd-4d17-b7cf-a18a28bccdb4","MANIFEST_BOUND","hmail-perf-pair-service-20260901","06EFCBA9520D478A6DAC7ABB7F09F3B63D015A0CD5ECA1EB4D0FD2CC8C38F9FD","net10","hmail_perf_pair_net10_20260831_head3","C:\hmail-perf-pair-service-20260901\net10\Data","393449EA88D8D3C63D044D759D715322FD07A6F365FB10F18C1F0F126C6B4675","100","15","one TCP client and one sequential IMAP session per sample","0","PASS","45FA907CE0D3797C1E13EBB2F03F076A25656CCE27E801C18F745ACD3944FBBD","5136EEC556F9790732AE759EF52F77FE6172329EA55787A80300C4A824107E46","1","316","True","False","3640.371",,"True","1000","True","True","1000","True"
"512e2cc0-5ebd-4d17-b7cf-a18a28bccdb4","MANIFEST_BOUND","hmail-perf-pair-service-20260901","06EFCBA9520D478A6DAC7ABB7F09F3B63D015A0CD5ECA1EB4D0FD2CC8C38F9FD","net10","hmail_perf_pair_net10_20260831_head3","C:\hmail-perf-pair-service-20260901\net10\Data","393449EA88D8D3C63D044D759D715322FD07A6F365FB10F18C1F0F126C6B4675","100","15","one TCP client and one sequential IMAP session per sample","0","PASS","45FA907CE0D3797C1E13EBB2F03F076A25656CCE27E801C18F745ACD3944FBBD","5136EEC556F9790732AE759EF52F77FE6172329EA55787A80300C4A824107E46","1","317","True","False","3268.87",,"True","1000","True","True","1000","True"
"512e2cc0-5ebd-4d17-b7cf-a18a28bccdb4","MANIFEST_BOUND","hmail-perf-pair-service-20260901","06EFCBA9520D478A6DAC7ABB7F09F3B63D015A0CD5ECA1EB4D0FD2CC8C38F9FD","net10","hmail_perf_pair_net10_20260831_head3","C:\hmail-perf-pair-service-20260901\net10\Data","393449EA88D8D3C63D044D759D715322FD07A6F365FB10F18C1F0F126C6B4675","100","15","one TCP client and one sequential IMAP session per sample","0","PASS","45FA907CE0D3797C1E13EBB2F03F076A25656CCE27E801C18F745ACD3944FBBD","5136EEC556F9790732AE759EF52F77FE6172329EA55787A80300C4A824107E46","1","318","True","False","2434.55",,"True","1000","True","True","1000","True"
"512e2cc0-5ebd-4d17-b7cf-a18a28bccdb4","MANIFEST_BOUND","hmail-perf-pair-service-20260901","06EFCBA9520D478A6DAC7ABB7F09F3B63D015A0CD5ECA1EB4D0FD2CC8C38F9FD","net10","hmail_perf_pair_net10_20260831_head3","C:\hmail-perf-pair-service-20260901\net10\Data","393449EA88D8D3C63D044D759D715322FD07A6F365FB10F18C1F0F126C6B4675","100","15","one TCP client and one sequential IMAP session per sample","0","PASS","45FA907CE0D3797C1E13EBB2F03F076A25656CCE27E801C18F745ACD3944FBBD","5136EEC556F9790732AE759EF52F77FE6172329EA55787A80300C4A824107E46","1","319","True","False","3698.424",,"True","1000","True","True","1000","True"
"512e2cc0-5ebd-4d17-b7cf-a18a28bccdb4","MANIFEST_BOUND","hmail-perf-pair-service-20260901","06EFCBA9520D478A6DAC7ABB7F09F3B63D015A0CD5ECA1EB4D0FD2CC8C38F9FD","net10","hmail_perf_pair_net10_20260831_head3","C:\hmail-perf-pair-service-20260901\net10\Data","393449EA88D8D3C63D044D759D715322FD07A6F365FB10F18C1F0F126C6B4675","100","15","one TCP client and one sequential IMAP session per sample","0","PASS","45FA907CE0D3797C1E13EBB2F03F076A25656CCE27E801C18F745ACD3944FBBD","5136EEC556F9790732AE759EF52F77FE6172329EA55787A80300C4A824107E46","1","320","True","False","3653.82",,"True","1000","True","True","1000","True"
"512e2cc0-5ebd-4d17-b7cf-a18a28bccdb4","MANIFEST_BOUND","hmail-perf-pair-service-20260901","06EFCBA9520D478A6DAC7ABB7F09F3B63D015A0CD5ECA1EB4D0FD2CC8C38F9FD","net10","hmail_perf_pair_net10_20260831_head3","C:\hmail-perf-pair-service-20260901\net10\Data","393449EA88D8D3C63D044D759D715322FD07A6F365FB10F18C1F0F126C6B4675","100","15","one TCP client and one sequential IMAP session per sample","0","PASS","45FA907CE0D3797C1E13EBB2F03F076A25656CCE27E801C18F745ACD3944FBBD","5136EEC556F9790732AE759EF52F77FE6172329EA55787A80300C4A824107E46","1","321","True","False","3750.342",,"True","1000","True","True","1000","True"
"512e2cc0-5ebd-4d17-b7cf-a18a28bccdb4","MANIFEST_BOUND","hmail-perf-pair-service-20260901","06EFCBA9520D478A6DAC7ABB7F09F3B63D015A0CD5ECA1EB4D0FD2CC8C38F9FD","net10","hmail_perf_pair_net10_20260831_head3","C:\hmail-perf-pair-service-20260901\net10\Data","393449EA88D8D3C63D044D759D715322FD07A6F365FB10F18C1F0F126C6B4675","100","15","one TCP client and one sequential IMAP session per sample","0","PASS","45FA907CE0D3797C1E13EBB2F03F076A25656CCE27E801C18F745ACD3944FBBD","5136EEC556F9790732AE759EF52F77FE6172329EA55787A80300C4A824107E46","1","322","True","False","3494.871",,"True","1000","True","True","1000","True"
"512e2cc0-5ebd-4d17-b7cf-a18a28bccdb4","MANIFEST_BOUND","hmail-perf-pair-service-20260901","06EFCBA9520D478A6DAC7ABB7F09F3B63D015A0CD5ECA1EB4D0FD2CC8C38F9FD","net10","hmail_perf_pair_net10_20260831_head3","C:\hmail-perf-pair-service-20260901\net10\Data","393449EA88D8D3C63D044D759D715322FD07A6F365FB10F18C1F0F126C6B4675","100","15","one TCP client and one sequential IMAP session per sample","0","PASS","45FA907CE0D3797C1E13EBB2F03F076A25656CCE27E801C18F745ACD3944FBBD","5136EEC556F9790732AE759EF52F77FE6172329EA55787A80300C4A824107E46","1","323","True","False","3532.917",,"True","1000","True","True","1000","True"
"512e2cc0-5ebd-4d17-b7cf-a18a28bccdb4","MANIFEST_BOUND","hmail-perf-pair-service-20260901","06EFCBA9520D478A6DAC7ABB7F09F3B63D015A0CD5ECA1EB4D0FD2CC8C38F9FD","net10","hmail_perf_pair_net10_20260831_head3","C:\hmail-perf-pair-service-20260901\net10\Data","393449EA88D8D3C63D044D759D715322FD07A6F365FB10F18C1F0F126C6B4675","100","15","one TCP client and one sequential IMAP session per sample","0","PASS","45FA907CE0D3797C1E13EBB2F03F076A25656CCE27E801C18F745ACD3944FBBD","5136EEC556F9790732AE759EF52F77FE6172329EA55787A80300C4A824107E46","1","324","True","False","3713.338",,"True","1000","True","True","1000","True"
"512e2cc0-5ebd-4d17-b7cf-a18a28bccdb4","MANIFEST_BOUND","hmail-perf-pair-service-20260901","06EFCBA9520D478A6DAC7ABB7F09F3B63D015A0CD5ECA1EB4D0FD2CC8C38F9FD","net10","hmail_perf_pair_net10_20260831_head3","C:\hmail-perf-pair-service-20260901\net10\Data","393449EA88D8D3C63D044D759D715322FD07A6F365FB10F18C1F0F126C6B4675","100","15","one TCP client and one sequential IMAP session per sample","0","PASS","45FA907CE0D3797C1E13EBB2F03F076A25656CCE27E801C18F745ACD3944FBBD","5136EEC556F9790732AE759EF52F77FE6172329EA55787A80300C4A824107E46","1","325","True","False","3544.031",,"True","1000","True","True","1000","True"
"512e2cc0-5ebd-4d17-b7cf-a18a28bccdb4","MANIFEST_BOUND","hmail-perf-pair-service-20260901","06EFCBA9520D478A6DAC7ABB7F09F3B63D015A0CD5ECA1EB4D0FD2CC8C38F9FD","net10","hmail_perf_pair_net10_20260831_head3","C:\hmail-perf-pair-service-20260901\net10\Data","393449EA88D8D3C63D044D759D715322FD07A6F365FB10F18C1F0F126C6B4675","100","15","one TCP client and one sequential IMAP session per sample","0","PASS","45FA907CE0D3797C1E13EBB2F03F076A25656CCE27E801C18F745ACD3944FBBD","5136EEC556F9790732AE759EF52F77FE6172329EA55787A80300C4A824107E46","1","326","True","False","3265.876",,"True","1000","True","True","1000","True"
"512e2cc0-5ebd-4d17-b7cf-a18a28bccdb4","MANIFEST_BOUND","hmail-perf-pair-service-20260901","06EFCBA9520D478A6DAC7ABB7F09F3B63D015A0CD5ECA1EB4D0FD2CC8C38F9FD","net10","hmail_perf_pair_net10_20260831_head3","C:\hmail-perf-pair-service-20260901\net10\Data","393449EA88D8D3C63D044D759D715322FD07A6F365FB10F18C1F0F126C6B4675","100","15","one TCP client and one sequential IMAP session per sample","0","PASS","45FA907CE0D3797C1E13EBB2F03F076A25656CCE27E801C18F745ACD3944FBBD","5136EEC556F9790732AE759EF52F77FE6172329EA55787A80300C4A824107E46","1","327","True","False","3698.895",,"True","1000","True","True","1000","True"
"512e2cc0-5ebd-4d17-b7cf-a18a28bccdb4","MANIFEST_BOUND","hmail-perf-pair-service-20260901","06EFCBA9520D478A6DAC7ABB7F09F3B63D015A0CD5ECA1EB4D0FD2CC8C38F9FD","net10","hmail_perf_pair_net10_20260831_head3","C:\hmail-perf-pair-service-20260901\net10\Data","393449EA88D8D3C63D044D759D715322FD07A6F365FB10F18C1F0F126C6B4675","100","15","one TCP client and one sequential IMAP session per sample","0","PASS","45FA907CE0D3797C1E13EBB2F03F076A25656CCE27E801C18F745ACD3944FBBD","5136EEC556F9790732AE759EF52F77FE6172329EA55787A80300C4A824107E46","1","328","True","False","3546.675",,"True","1000","True","True","1000","True"
"512e2cc0-5ebd-4d17-b7cf-a18a28bccdb4","MANIFEST_BOUND","hmail-perf-pair-service-20260901","06EFCBA9520D478A6DAC7ABB7F09F3B63D015A0CD5ECA1EB4D0FD2CC8C38F9FD","net10","hmail_perf_pair_net10_20260831_head3","C:\hmail-perf-pair-service-20260901\net10\Data","393449EA88D8D3C63D044D759D715322FD07A6F365FB10F18C1F0F126C6B4675","100","15","one TCP client and one sequential IMAP session per sample","0","PASS","45FA907CE0D3797C1E13EBB2F03F076A25656CCE27E801C18F745ACD3944FBBD","5136EEC556F9790732AE759EF52F77FE6172329EA55787A80300C4A824107E46","1","329","True","False","3742.36",,"True","1000","True","True","1000","True"
"512e2cc0-5ebd-4d17-b7cf-a18a28bccdb4","MANIFEST_BOUND","hmail-perf-pair-service-20260901","06EFCBA9520D478A6DAC7ABB7F09F3B63D015A0CD5ECA1EB4D0FD2CC8C38F9FD","net10","hmail_perf_pair_net10_20260831_head3","C:\hmail-perf-pair-service-20260901\net10\Data","393449EA88D8D3C63D044D759D715322FD07A6F365FB10F18C1F0F126C6B4675","100","15","one TCP client and one sequential IMAP session per sample","0","PASS","45FA907CE0D3797C1E13EBB2F03F076A25656CCE27E801C18F745ACD3944FBBD","5136EEC556F9790732AE759EF52F77FE6172329EA55787A80300C4A824107E46","1","330","True","False","3729.168",,"True","1000","True","True","1000","True"
"512e2cc0-5ebd-4d17-b7cf-a18a28bccdb4","MANIFEST_BOUND","hmail-perf-pair-service-20260901","06EFCBA9520D478A6DAC7ABB7F09F3B63D015A0CD5ECA1EB4D0FD2CC8C38F9FD","net10","hmail_perf_pair_net10_20260831_head3","C:\hmail-perf-pair-service-20260901\net10\Data","393449EA88D8D3C63D044D759D715322FD07A6F365FB10F18C1F0F126C6B4675","100","15","one TCP client and one sequential IMAP session per sample","0","PASS","45FA907CE0D3797C1E13EBB2F03F076A25656CCE27E801C18F745ACD3944FBBD","5136EEC556F9790732AE759EF52F77FE6172329EA55787A80300C4A824107E46","1","331","True","False","3712.572",,"True","1000","True","True","1000","True"
"512e2cc0-5ebd-4d17-b7cf-a18a28bccdb4","MANIFEST_BOUND","hmail-perf-pair-service-20260901","06EFCBA9520D478A6DAC7ABB7F09F3B63D015A0CD5ECA1EB4D0FD2CC8C38F9FD","net10","hmail_perf_pair_net10_20260831_head3","C:\hmail-perf-pair-service-20260901\net10\Data","393449EA88D8D3C63D044D759D715322FD07A6F365FB10F18C1F0F126C6B4675","100","15","one TCP client and one sequential IMAP session per sample","0","PASS","45FA907CE0D3797C1E13EBB2F03F076A25656CCE27E801C18F745ACD3944FBBD","5136EEC556F9790732AE759EF52F77FE6172329EA55787A80300C4A824107E46","1","332","True","False","3554.583",,"True","1000","True","True","1000","True"
"512e2cc0-5ebd-4d17-b7cf-a18a28bccdb4","MANIFEST_BOUND","hmail-perf-pair-service-20260901","06EFCBA9520D478A6DAC7ABB7F09F3B63D015A0CD5ECA1EB4D0FD2CC8C38F9FD","net10","hmail_perf_pair_net10_20260831_head3","C:\hmail-perf-pair-service-20260901\net10\Data","393449EA88D8D3C63D044D759D715322FD07A6F365FB10F18C1F0F126C6B4675","100","15","one TCP client and one sequential IMAP session per sample","0","PASS","45FA907CE0D3797C1E13EBB2F03F076A25656CCE27E801C18F745ACD3944FBBD","5136EEC556F9790732AE759EF52F77FE6172329EA55787A80300C4A824107E46","1","333","True","False","3712.049",,"True","1000","True","True","1000","True"
"512e2cc0-5ebd-4d17-b7cf-a18a28bccdb4","MANIFEST_BOUND","hmail-perf-pair-service-20260901","06EFCBA9520D478A6DAC7ABB7F09F3B63D015A0CD5ECA1EB4D0FD2CC8C38F9FD","net10","hmail_perf_pair_net10_20260831_head3","C:\hmail-perf-pair-service-20260901\net10\Data","393449EA88D8D3C63D044D759D715322FD07A6F365FB10F18C1F0F126C6B4675","100","15","one TCP client and one sequential IMAP session per sample","0","PASS","45FA907CE0D3797C1E13EBB2F03F076A25656CCE27E801C18F745ACD3944FBBD","5136EEC556F9790732AE759EF52F77FE6172329EA55787A80300C4A824107E46","1","334","True","False","3712.636",,"True","1000","True","True","1000","True"
"512e2cc0-5ebd-4d17-b7cf-a18a28bccdb4","MANIFEST_BOUND","hmail-perf-pair-service-20260901","06EFCBA9520D478A6DAC7ABB7F09F3B63D015A0CD5ECA1EB4D0FD2CC8C38F9FD","net10","hmail_perf_pair_net10_20260831_head3","C:\hmail-perf-pair-service-20260901\net10\Data","393449EA88D8D3C63D044D759D715322FD07A6F365FB10F18C1F0F126C6B4675","100","15","one TCP client and one sequential IMAP session per sample","0","PASS","45FA907CE0D3797C1E13EBB2F03F076A25656CCE27E801C18F745ACD3944FBBD","5136EEC556F9790732AE759EF52F77FE6172329EA55787A80300C4A824107E46","1","335","True","False","3738.536",,"True","1000","True","True","1000","True"
"512e2cc0-5ebd-4d17-b7cf-a18a28bccdb4","MANIFEST_BOUND","hmail-perf-pair-service-20260901","06EFCBA9520D478A6DAC7ABB7F09F3B63D015A0CD5ECA1EB4D0FD2CC8C38F9FD","net10","hmail_perf_pair_net10_20260831_head3","C:\hmail-perf-pair-service-20260901\net10\Data","393449EA88D8D3C63D044D759D715322FD07A6F365FB10F18C1F0F126C6B4675","100","15","one TCP client and one sequential IMAP session per sample","0","PASS","45FA907CE0D3797C1E13EBB2F03F076A25656CCE27E801C18F745ACD3944FBBD","5136EEC556F9790732AE759EF52F77FE6172329EA55787A80300C4A824107E46","1","336","True","False","3697.181",,"True","1000","True","True","1000","True"
"512e2cc0-5ebd-4d17-b7cf-a18a28bccdb4","MANIFEST_BOUND","hmail-perf-pair-service-20260901","06EFCBA9520D478A6DAC7ABB7F09F3B63D015A0CD5ECA1EB4D0FD2CC8C38F9FD","net10","hmail_perf_pair_net10_20260831_head3","C:\hmail-perf-pair-service-20260901\net10\Data","393449EA88D8D3C63D044D759D715322FD07A6F365FB10F18C1F0F126C6B4675","100","15","one TCP client and one sequential IMAP session per sample","0","PASS","45FA907CE0D3797C1E13EBB2F03F076A25656CCE27E801C18F745ACD3944FBBD","5136EEC556F9790732AE759EF52F77FE6172329EA55787A80300C4A824107E46","1","337","True","False","3738.765",,"True","1000","True","True","1000","True"
"512e2cc0-5ebd-4d17-b7cf-a18a28bccdb4","MANIFEST_BOUND","hmail-perf-pair-service-20260901","06EFCBA9520D478A6DAC7ABB7F09F3B63D015A0CD5ECA1EB4D0FD2CC8C38F9FD","net10","hmail_perf_pair_net10_20260831_head3","C:\hmail-perf-pair-service-20260901\net10\Data","393449EA88D8D3C63D044D759D715322FD07A6F365FB10F18C1F0F126C6B4675","100","15","one TCP client and one sequential IMAP session per sample","0","PASS","45FA907CE0D3797C1E13EBB2F03F076A25656CCE27E801C18F745ACD3944FBBD","5136EEC556F9790732AE759EF52F77FE6172329EA55787A80300C4A824107E46","1","338","True","False","2952.703",,"True","1000","True","True","1000","True"
"512e2cc0-5ebd-4d17-b7cf-a18a28bccdb4","MANIFEST_BOUND","hmail-perf-pair-service-20260901","06EFCBA9520D478A6DAC7ABB7F09F3B63D015A0CD5ECA1EB4D0FD2CC8C38F9FD","net10","hmail_perf_pair_net10_20260831_head3","C:\hmail-perf-pair-service-20260901\net10\Data","393449EA88D8D3C63D044D759D715322FD07A6F365FB10F18C1F0F126C6B4675","100","15","one TCP client and one sequential IMAP session per sample","0","PASS","45FA907CE0D3797C1E13EBB2F03F076A25656CCE27E801C18F745ACD3944FBBD","5136EEC556F9790732AE759EF52F77FE6172329EA55787A80300C4A824107E46","1","339","True","False","3737.818",,"True","1000","True","True","1000","True"
"512e2cc0-5ebd-4d17-b7cf-a18a28bccdb4","MANIFEST_BOUND","hmail-perf-pair-service-20260901","06EFCBA9520D478A6DAC7ABB7F09F3B63D015A0CD5ECA1EB4D0FD2CC8C38F9FD","net10","hmail_perf_pair_net10_20260831_head3","C:\hmail-perf-pair-service-20260901\net10\Data","393449EA88D8D3C63D044D759D715322FD07A6F365FB10F18C1F0F126C6B4675","100","15","one TCP client and one sequential IMAP session per sample","0","PASS","45FA907CE0D3797C1E13EBB2F03F076A25656CCE27E801C18F745ACD3944FBBD","5136EEC556F9790732AE759EF52F77FE6172329EA55787A80300C4A824107E46","1","340","True","False","3716.604",,"True","1000","True","True","1000","True"
"512e2cc0-5ebd-4d17-b7cf-a18a28bccdb4","MANIFEST_BOUND","hmail-perf-pair-service-20260901","06EFCBA9520D478A6DAC7ABB7F09F3B63D015A0CD5ECA1EB4D0FD2CC8C38F9FD","net10","hmail_perf_pair_net10_20260831_head3","C:\hmail-perf-pair-service-20260901\net10\Data","393449EA88D8D3C63D044D759D715322FD07A6F365FB10F18C1F0F126C6B4675","100","15","one TCP client and one sequential IMAP session per sample","0","PASS","45FA907CE0D3797C1E13EBB2F03F076A25656CCE27E801C18F745ACD3944FBBD","5136EEC556F9790732AE759EF52F77FE6172329EA55787A80300C4A824107E46","1","341","True","False","3546.862",,"True","1000","True","True","1000","True"
"512e2cc0-5ebd-4d17-b7cf-a18a28bccdb4","MANIFEST_BOUND","hmail-perf-pair-service-20260901","06EFCBA9520D478A6DAC7ABB7F09F3B63D015A0CD5ECA1EB4D0FD2CC8C38F9FD","net10","hmail_perf_pair_net10_20260831_head3","C:\hmail-perf-pair-service-20260901\net10\Data","393449EA88D8D3C63D044D759D715322FD07A6F365FB10F18C1F0F126C6B4675","100","15","one TCP client and one sequential IMAP session per sample","0","PASS","45FA907CE0D3797C1E13EBB2F03F076A25656CCE27E801C18F745ACD3944FBBD","5136EEC556F9790732AE759EF52F77FE6172329EA55787A80300C4A824107E46","1","342","True","False","2957.395",,"True","1000","True","True","1000","True"
"512e2cc0-5ebd-4d17-b7cf-a18a28bccdb4","MANIFEST_BOUND","hmail-perf-pair-service-20260901","06EFCBA9520D478A6DAC7ABB7F09F3B63D015A0CD5ECA1EB4D0FD2CC8C38F9FD","net10","hmail_perf_pair_net10_20260831_head3","C:\hmail-perf-pair-service-20260901\net10\Data","393449EA88D8D3C63D044D759D715322FD07A6F365FB10F18C1F0F126C6B4675","100","15","one TCP client and one sequential IMAP session per sample","0","PASS","45FA907CE0D3797C1E13EBB2F03F076A25656CCE27E801C18F745ACD3944FBBD","5136EEC556F9790732AE759EF52F77FE6172329EA55787A80300C4A824107E46","1","343","True","False","3303.086",,"True","1000","True","True","1000","True"
"512e2cc0-5ebd-4d17-b7cf-a18a28bccdb4","MANIFEST_BOUND","hmail-perf-pair-service-20260901","06EFCBA9520D478A6DAC7ABB7F09F3B63D015A0CD5ECA1EB4D0FD2CC8C38F9FD","net10","hmail_perf_pair_net10_20260831_head3","C:\hmail-perf-pair-service-20260901\net10\Data","393449EA88D8D3C63D044D759D715322FD07A6F365FB10F18C1F0F126C6B4675","100","15","one TCP client and one sequential IMAP session per sample","0","PASS","45FA907CE0D3797C1E13EBB2F03F076A25656CCE27E801C18F745ACD3944FBBD","5136EEC556F9790732AE759EF52F77FE6172329EA55787A80300C4A824107E46","1","344","True","False","2693.384",,"True","1000","True","True","1000","True"
"512e2cc0-5ebd-4d17-b7cf-a18a28bccdb4","MANIFEST_BOUND","hmail-perf-pair-service-20260901","06EFCBA9520D478A6DAC7ABB7F09F3B63D015A0CD5ECA1EB4D0FD2CC8C38F9FD","net10","hmail_perf_pair_net10_20260831_head3","C:\hmail-perf-pair-service-20260901\net10\Data","393449EA88D8D3C63D044D759D715322FD07A6F365FB10F18C1F0F126C6B4675","100","15","one TCP client and one sequential IMAP session per sample","0","PASS","45FA907CE0D3797C1E13EBB2F03F076A25656CCE27E801C18F745ACD3944FBBD","5136EEC556F9790732AE759EF52F77FE6172329EA55787A80300C4A824107E46","1","345","True","False","3312.468",,"True","1000","True","True","1000","True"
"512e2cc0-5ebd-4d17-b7cf-a18a28bccdb4","MANIFEST_BOUND","hmail-perf-pair-service-20260901","06EFCBA9520D478A6DAC7ABB7F09F3B63D015A0CD5ECA1EB4D0FD2CC8C38F9FD","net10","hmail_perf_pair_net10_20260831_head3","C:\hmail-perf-pair-service-20260901\net10\Data","393449EA88D8D3C63D044D759D715322FD07A6F365FB10F18C1F0F126C6B4675","100","15","one TCP client and one sequential IMAP session per sample","0","PASS","45FA907CE0D3797C1E13EBB2F03F076A25656CCE27E801C18F745ACD3944FBBD","5136EEC556F9790732AE759EF52F77FE6172329EA55787A80300C4A824107E46","1","346","True","False","3140.525",,"True","1000","True","True","1000","True"
"512e2cc0-5ebd-4d17-b7cf-a18a28bccdb4","MANIFEST_BOUND","hmail-perf-pair-service-20260901","06EFCBA9520D478A6DAC7ABB7F09F3B63D015A0CD5ECA1EB4D0FD2CC8C38F9FD","net10","hmail_perf_pair_net10_20260831_head3","C:\hmail-perf-pair-service-20260901\net10\Data","393449EA88D8D3C63D044D759D715322FD07A6F365FB10F18C1F0F126C6B4675","100","15","one TCP client and one sequential IMAP session per sample","0","PASS","45FA907CE0D3797C1E13EBB2F03F076A25656CCE27E801C18F745ACD3944FBBD","5136EEC556F9790732AE759EF52F77FE6172329EA55787A80300C4A824107E46","1","347","True","False","1418.114",,"True","1000","True","True","1000","True"
"512e2cc0-5ebd-4d17-b7cf-a18a28bccdb4","MANIFEST_BOUND","hmail-perf-pair-service-20260901","06EFCBA9520D478A6DAC7ABB7F09F3B63D015A0CD5ECA1EB4D0FD2CC8C38F9FD","net10","hmail_perf_pair_net10_20260831_head3","C:\hmail-perf-pair-service-20260901\net10\Data","393449EA88D8D3C63D044D759D715322FD07A6F365FB10F18C1F0F126C6B4675","100","15","one TCP client and one sequential IMAP session per sample","0","PASS","45FA907CE0D3797C1E13EBB2F03F076A25656CCE27E801C18F745ACD3944FBBD","5136EEC556F9790732AE759EF52F77FE6172329EA55787A80300C4A824107E46","1","348","True","False","3192.243",,"True","1000","True","True","1000","True"
"512e2cc0-5ebd-4d17-b7cf-a18a28bccdb4","MANIFEST_BOUND","hmail-perf-pair-service-20260901","06EFCBA9520D478A6DAC7ABB7F09F3B63D015A0CD5ECA1EB4D0FD2CC8C38F9FD","net10","hmail_perf_pair_net10_20260831_head3","C:\hmail-perf-pair-service-20260901\net10\Data","393449EA88D8D3C63D044D759D715322FD07A6F365FB10F18C1F0F126C6B4675","100","15","one TCP client and one sequential IMAP session per sample","0","PASS","45FA907CE0D3797C1E13EBB2F03F076A25656CCE27E801C18F745ACD3944FBBD","5136EEC556F9790732AE759EF52F77FE6172329EA55787A80300C4A824107E46","1","349","True","False","3547.247",,"True","1000","True","True","1000","True"
"512e2cc0-5ebd-4d17-b7cf-a18a28bccdb4","MANIFEST_BOUND","hmail-perf-pair-service-20260901","06EFCBA9520D478A6DAC7ABB7F09F3B63D015A0CD5ECA1EB4D0FD2CC8C38F9FD","net10","hmail_perf_pair_net10_20260831_head3","C:\hmail-perf-pair-service-20260901\net10\Data","393449EA88D8D3C63D044D759D715322FD07A6F365FB10F18C1F0F126C6B4675","100","15","one TCP client and one sequential IMAP session per sample","0","PASS","45FA907CE0D3797C1E13EBB2F03F076A25656CCE27E801C18F745ACD3944FBBD","5136EEC556F9790732AE759EF52F77FE6172329EA55787A80300C4A824107E46","1","350","True","False","3698.664",,"True","1000","True","True","1000","True"
"512e2cc0-5ebd-4d17-b7cf-a18a28bccdb4","MANIFEST_BOUND","hmail-perf-pair-service-20260901","06EFCBA9520D478A6DAC7ABB7F09F3B63D015A0CD5ECA1EB4D0FD2CC8C38F9FD","net10","hmail_perf_pair_net10_20260831_head3","C:\hmail-perf-pair-service-20260901\net10\Data","393449EA88D8D3C63D044D759D715322FD07A6F365FB10F18C1F0F126C6B4675","100","15","one TCP client and one sequential IMAP session per sample","0","PASS","45FA907CE0D3797C1E13EBB2F03F076A25656CCE27E801C18F745ACD3944FBBD","5136EEC556F9790732AE759EF52F77FE6172329EA55787A80300C4A824107E46","1","351","True","False","3694.527",,"True","1000","True","True","1000","True"
"512e2cc0-5ebd-4d17-b7cf-a18a28bccdb4","MANIFEST_BOUND","hmail-perf-pair-service-20260901","06EFCBA9520D478A6DAC7ABB7F09F3B63D015A0CD5ECA1EB4D0FD2CC8C38F9FD","net10","hmail_perf_pair_net10_20260831_head3","C:\hmail-perf-pair-service-20260901\net10\Data","393449EA88D8D3C63D044D759D715322FD07A6F365FB10F18C1F0F126C6B4675","100","15","one TCP client and one sequential IMAP session per sample","0","PASS","45FA907CE0D3797C1E13EBB2F03F076A25656CCE27E801C18F745ACD3944FBBD","5136EEC556F9790732AE759EF52F77FE6172329EA55787A80300C4A824107E46","1","352","True","False","3769.837",,"True","1000","True","True","1000","True"
"512e2cc0-5ebd-4d17-b7cf-a18a28bccdb4","MANIFEST_BOUND","hmail-perf-pair-service-20260901","06EFCBA9520D478A6DAC7ABB7F09F3B63D015A0CD5ECA1EB4D0FD2CC8C38F9FD","net10","hmail_perf_pair_net10_20260831_head3","C:\hmail-perf-pair-service-20260901\net10\Data","393449EA88D8D3C63D044D759D715322FD07A6F365FB10F18C1F0F126C6B4675","100","15","one TCP client and one sequential IMAP session per sample","0","PASS","45FA907CE0D3797C1E13EBB2F03F076A25656CCE27E801C18F745ACD3944FBBD","5136EEC556F9790732AE759EF52F77FE6172329EA55787A80300C4A824107E46","1","353","True","False","2969.78",,"True","1000","True","True","1000","True"
"512e2cc0-5ebd-4d17-b7cf-a18a28bccdb4","MANIFEST_BOUND","hmail-perf-pair-service-20260901","06EFCBA9520D478A6DAC7ABB7F09F3B63D015A0CD5ECA1EB4D0FD2CC8C38F9FD","net10","hmail_perf_pair_net10_20260831_head3","C:\hmail-perf-pair-service-20260901\net10\Data","393449EA88D8D3C63D044D759D715322FD07A6F365FB10F18C1F0F126C6B4675","100","15","one TCP client and one sequential IMAP session per sample","0","PASS","45FA907CE0D3797C1E13EBB2F03F076A25656CCE27E801C18F745ACD3944FBBD","5136EEC556F9790732AE759EF52F77FE6172329EA55787A80300C4A824107E46","1","354","True","False","3580.175",,"True","1000","True","True","1000","True"
"512e2cc0-5ebd-4d17-b7cf-a18a28bccdb4","MANIFEST_BOUND","hmail-perf-pair-service-20260901","06EFCBA9520D478A6DAC7ABB7F09F3B63D015A0CD5ECA1EB4D0FD2CC8C38F9FD","net10","hmail_perf_pair_net10_20260831_head3","C:\hmail-perf-pair-service-20260901\net10\Data","393449EA88D8D3C63D044D759D715322FD07A6F365FB10F18C1F0F126C6B4675","100","15","one TCP client and one sequential IMAP session per sample","0","PASS","45FA907CE0D3797C1E13EBB2F03F076A25656CCE27E801C18F745ACD3944FBBD","5136EEC556F9790732AE759EF52F77FE6172329EA55787A80300C4A824107E46","1","355","True","False","2900.054",,"True","1000","True","True","1000","True"
"512e2cc0-5ebd-4d17-b7cf-a18a28bccdb4","MANIFEST_BOUND","hmail-perf-pair-service-20260901","06EFCBA9520D478A6DAC7ABB7F09F3B63D015A0CD5ECA1EB4D0FD2CC8C38F9FD","net10","hmail_perf_pair_net10_20260831_head3","C:\hmail-perf-pair-service-20260901\net10\Data","393449EA88D8D3C63D044D759D715322FD07A6F365FB10F18C1F0F126C6B4675","100","15","one TCP client and one sequential IMAP session per sample","0","PASS","45FA907CE0D3797C1E13EBB2F03F076A25656CCE27E801C18F745ACD3944FBBD","5136EEC556F9790732AE759EF52F77FE6172329EA55787A80300C4A824107E46","1","356","True","False","3734.906",,"True","1000","True","True","1000","True"
"512e2cc0-5ebd-4d17-b7cf-a18a28bccdb4","MANIFEST_BOUND","hmail-perf-pair-service-20260901","06EFCBA9520D478A6DAC7ABB7F09F3B63D015A0CD5ECA1EB4D0FD2CC8C38F9FD","net10","hmail_perf_pair_net10_20260831_head3","C:\hmail-perf-pair-service-20260901\net10\Data","393449EA88D8D3C63D044D759D715322FD07A6F365FB10F18C1F0F126C6B4675","100","15","one TCP client and one sequential IMAP session per sample","0","PASS","45FA907CE0D3797C1E13EBB2F03F076A25656CCE27E801C18F745ACD3944FBBD","5136EEC556F9790732AE759EF52F77FE6172329EA55787A80300C4A824107E46","1","357","True","False","2693.858",,"True","1000","True","True","1000","True"
"512e2cc0-5ebd-4d17-b7cf-a18a28bccdb4","MANIFEST_BOUND","hmail-perf-pair-service-20260901","06EFCBA9520D478A6DAC7ABB7F09F3B63D015A0CD5ECA1EB4D0FD2CC8C38F9FD","net10","hmail_perf_pair_net10_20260831_head3","C:\hmail-perf-pair-service-20260901\net10\Data","393449EA88D8D3C63D044D759D715322FD07A6F365FB10F18C1F0F126C6B4675","100","15","one TCP client and one sequential IMAP session per sample","0","PASS","45FA907CE0D3797C1E13EBB2F03F076A25656CCE27E801C18F745ACD3944FBBD","5136EEC556F9790732AE759EF52F77FE6172329EA55787A80300C4A824107E46","1","358","True","False","3710.813",,"True","1000","True","True","1000","True"
"512e2cc0-5ebd-4d17-b7cf-a18a28bccdb4","MANIFEST_BOUND","hmail-perf-pair-service-20260901","06EFCBA9520D478A6DAC7ABB7F09F3B63D015A0CD5ECA1EB4D0FD2CC8C38F9FD","net10","hmail_perf_pair_net10_20260831_head3","C:\hmail-perf-pair-service-20260901\net10\Data","393449EA88D8D3C63D044D759D715322FD07A6F365FB10F18C1F0F126C6B4675","100","15","one TCP client and one sequential IMAP session per sample","0","PASS","45FA907CE0D3797C1E13EBB2F03F076A25656CCE27E801C18F745ACD3944FBBD","5136EEC556F9790732AE759EF52F77FE6172329EA55787A80300C4A824107E46","1","359","True","False","3290.904",,"True","1000","True","True","1000","True"
"512e2cc0-5ebd-4d17-b7cf-a18a28bccdb4","MANIFEST_BOUND","hmail-perf-pair-service-20260901","06EFCBA9520D478A6DAC7ABB7F09F3B63D015A0CD5ECA1EB4D0FD2CC8C38F9FD","net10","hmail_perf_pair_net10_20260831_head3","C:\hmail-perf-pair-service-20260901\net10\Data","393449EA88D8D3C63D044D759D715322FD07A6F365FB10F18C1F0F126C6B4675","100","15","one TCP client and one sequential IMAP session per sample","0","PASS","45FA907CE0D3797C1E13EBB2F03F076A25656CCE27E801C18F745ACD3944FBBD","5136EEC556F9790732AE759EF52F77FE6172329EA55787A80300C4A824107E46","1","360","True","False","2693.235",,"True","1000","True","True","1000","True"
"512e2cc0-5ebd-4d17-b7cf-a18a28bccdb4","MANIFEST_BOUND","hmail-perf-pair-service-20260901","06EFCBA9520D478A6DAC7ABB7F09F3B63D015A0CD5ECA1EB4D0FD2CC8C38F9FD","net10","hmail_perf_pair_net10_20260831_head3","C:\hmail-perf-pair-service-20260901\net10\Data","393449EA88D8D3C63D044D759D715322FD07A6F365FB10F18C1F0F126C6B4675","100","15","one TCP client and one sequential IMAP session per sample","0","PASS","45FA907CE0D3797C1E13EBB2F03F076A25656CCE27E801C18F745ACD3944FBBD","5136EEC556F9790732AE759EF52F77FE6172329EA55787A80300C4A824107E46","1","361","True","False","2732.251",,"True","1000","True","True","1000","True"
"512e2cc0-5ebd-4d17-b7cf-a18a28bccdb4","MANIFEST_BOUND","hmail-perf-pair-service-20260901","06EFCBA9520D478A6DAC7ABB7F09F3B63D015A0CD5ECA1EB4D0FD2CC8C38F9FD","net10","hmail_perf_pair_net10_20260831_head3","C:\hmail-perf-pair-service-20260901\net10\Data","393449EA88D8D3C63D044D759D715322FD07A6F365FB10F18C1F0F126C6B4675","100","15","one TCP client and one sequential IMAP session per sample","0","PASS","45FA907CE0D3797C1E13EBB2F03F076A25656CCE27E801C18F745ACD3944FBBD","5136EEC556F9790732AE759EF52F77FE6172329EA55787A80300C4A824107E46","1","362","True","False","2955.722",,"True","1000","True","True","1000","True"
"512e2cc0-5ebd-4d17-b7cf-a18a28bccdb4","MANIFEST_BOUND","hmail-perf-pair-service-20260901","06EFCBA9520D478A6DAC7ABB7F09F3B63D015A0CD5ECA1EB4D0FD2CC8C38F9FD","net10","hmail_perf_pair_net10_20260831_head3","C:\hmail-perf-pair-service-20260901\net10\Data","393449EA88D8D3C63D044D759D715322FD07A6F365FB10F18C1F0F126C6B4675","100","15","one TCP client and one sequential IMAP session per sample","0","PASS","45FA907CE0D3797C1E13EBB2F03F076A25656CCE27E801C18F745ACD3944FBBD","5136EEC556F9790732AE759EF52F77FE6172329EA55787A80300C4A824107E46","1","363","True","False","3573.118",,"True","1000","True","True","1000","True"
"512e2cc0-5ebd-4d17-b7cf-a18a28bccdb4","MANIFEST_BOUND","hmail-perf-pair-service-20260901","06EFCBA9520D478A6DAC7ABB7F09F3B63D015A0CD5ECA1EB4D0FD2CC8C38F9FD","net10","hmail_perf_pair_net10_20260831_head3","C:\hmail-perf-pair-service-20260901\net10\Data","393449EA88D8D3C63D044D759D715322FD07A6F365FB10F18C1F0F126C6B4675","100","15","one TCP client and one sequential IMAP session per sample","0","PASS","45FA907CE0D3797C1E13EBB2F03F076A25656CCE27E801C18F745ACD3944FBBD","5136EEC556F9790732AE759EF52F77FE6172329EA55787A80300C4A824107E46","1","364","True","False","3553.9",,"True","1000","True","True","1000","True"
"512e2cc0-5ebd-4d17-b7cf-a18a28bccdb4","MANIFEST_BOUND","hmail-perf-pair-service-20260901","06EFCBA9520D478A6DAC7ABB7F09F3B63D015A0CD5ECA1EB4D0FD2CC8C38F9FD","net10","hmail_perf_pair_net10_20260831_head3","C:\hmail-perf-pair-service-20260901\net10\Data","393449EA88D8D3C63D044D759D715322FD07A6F365FB10F18C1F0F126C6B4675","100","15","one TCP client and one sequential IMAP session per sample","0","PASS","45FA907CE0D3797C1E13EBB2F03F076A25656CCE27E801C18F745ACD3944FBBD","5136EEC556F9790732AE759EF52F77FE6172329EA55787A80300C4A824107E46","1","365","True","False","2732.34",,"True","1000","True","True","1000","True"
"512e2cc0-5ebd-4d17-b7cf-a18a28bccdb4","MANIFEST_BOUND","hmail-perf-pair-service-20260901","06EFCBA9520D478A6DAC7ABB7F09F3B63D015A0CD5ECA1EB4D0FD2CC8C38F9FD","net10","hmail_perf_pair_net10_20260831_head3","C:\hmail-perf-pair-service-20260901\net10\Data","393449EA88D8D3C63D044D759D715322FD07A6F365FB10F18C1F0F126C6B4675","100","15","one TCP client and one sequential IMAP session per sample","0","PASS","45FA907CE0D3797C1E13EBB2F03F076A25656CCE27E801C18F745ACD3944FBBD","5136EEC556F9790732AE759EF52F77FE6172329EA55787A80300C4A824107E46","1","366","True","False","3654.454",,"True","1000","True","True","1000","True"
"512e2cc0-5ebd-4d17-b7cf-a18a28bccdb4","MANIFEST_BOUND","hmail-perf-pair-service-20260901","06EFCBA9520D478A6DAC7ABB7F09F3B63D015A0CD5ECA1EB4D0FD2CC8C38F9FD","net10","hmail_perf_pair_net10_20260831_head3","C:\hmail-perf-pair-service-20260901\net10\Data","393449EA88D8D3C63D044D759D715322FD07A6F365FB10F18C1F0F126C6B4675","100","15","one TCP client and one sequential IMAP session per sample","0","PASS","45FA907CE0D3797C1E13EBB2F03F076A25656CCE27E801C18F745ACD3944FBBD","5136EEC556F9790732AE759EF52F77FE6172329EA55787A80300C4A824107E46","1","367","True","False","3564.648",,"True","1000","True","True","1000","True"
"512e2cc0-5ebd-4d17-b7cf-a18a28bccdb4","MANIFEST_BOUND","hmail-perf-pair-service-20260901","06EFCBA9520D478A6DAC7ABB7F09F3B63D015A0CD5ECA1EB4D0FD2CC8C38F9FD","net10","hmail_perf_pair_net10_20260831_head3","C:\hmail-perf-pair-service-20260901\net10\Data","393449EA88D8D3C63D044D759D715322FD07A6F365FB10F18C1F0F126C6B4675","100","15","one TCP client and one sequential IMAP session per sample","0","PASS","45FA907CE0D3797C1E13EBB2F03F076A25656CCE27E801C18F745ACD3944FBBD","5136EEC556F9790732AE759EF52F77FE6172329EA55787A80300C4A824107E46","1","368","True","False","917.504",,"True","1000","True","True","1000","True"
"512e2cc0-5ebd-4d17-b7cf-a18a28bccdb4","MANIFEST_BOUND","hmail-perf-pair-service-20260901","06EFCBA9520D478A6DAC7ABB7F09F3B63D015A0CD5ECA1EB4D0FD2CC8C38F9FD","net10","hmail_perf_pair_net10_20260831_head3","C:\hmail-perf-pair-service-20260901\net10\Data","393449EA88D8D3C63D044D759D715322FD07A6F365FB10F18C1F0F126C6B4675","100","15","one TCP client and one sequential IMAP session per sample","0","PASS","45FA907CE0D3797C1E13EBB2F03F076A25656CCE27E801C18F745ACD3944FBBD","5136EEC556F9790732AE759EF52F77FE6172329EA55787A80300C4A824107E46","1","369","True","False","1625.665",,"True","1000","True","True","1000","True"
"512e2cc0-5ebd-4d17-b7cf-a18a28bccdb4","MANIFEST_BOUND","hmail-perf-pair-service-20260901","06EFCBA9520D478A6DAC7ABB7F09F3B63D015A0CD5ECA1EB4D0FD2CC8C38F9FD","net10","hmail_perf_pair_net10_20260831_head3","C:\hmail-perf-pair-service-20260901\net10\Data","393449EA88D8D3C63D044D759D715322FD07A6F365FB10F18C1F0F126C6B4675","100","15","one TCP client and one sequential IMAP session per sample","0","PASS","45FA907CE0D3797C1E13EBB2F03F076A25656CCE27E801C18F745ACD3944FBBD","5136EEC556F9790732AE759EF52F77FE6172329EA55787A80300C4A824107E46","1","370","True","False","2957.47",,"True","1000","True","True","1000","True"
"512e2cc0-5ebd-4d17-b7cf-a18a28bccdb4","MANIFEST_BOUND","hmail-perf-pair-service-20260901","06EFCBA9520D478A6DAC7ABB7F09F3B63D015A0CD5ECA1EB4D0FD2CC8C38F9FD","net10","hmail_perf_pair_net10_20260831_head3","C:\hmail-perf-pair-service-20260901\net10\Data","393449EA88D8D3C63D044D759D715322FD07A6F365FB10F18C1F0F126C6B4675","100","15","one TCP client and one sequential IMAP session per sample","0","PASS","45FA907CE0D3797C1E13EBB2F03F076A25656CCE27E801C18F745ACD3944FBBD","5136EEC556F9790732AE759EF52F77FE6172329EA55787A80300C4A824107E46","1","371","True","False","914.532",,"True","1000","True","True","1000","True"
"512e2cc0-5ebd-4d17-b7cf-a18a28bccdb4","MANIFEST_BOUND","hmail-perf-pair-service-20260901","06EFCBA9520D478A6DAC7ABB7F09F3B63D015A0CD5ECA1EB4D0FD2CC8C38F9FD","net10","hmail_perf_pair_net10_20260831_head3","C:\hmail-perf-pair-service-20260901\net10\Data","393449EA88D8D3C63D044D759D715322FD07A6F365FB10F18C1F0F126C6B4675","100","15","one TCP client and one sequential IMAP session per sample","0","PASS","45FA907CE0D3797C1E13EBB2F03F076A25656CCE27E801C18F745ACD3944FBBD","5136EEC556F9790732AE759EF52F77FE6172329EA55787A80300C4A824107E46","1","372","True","False","3260.348",,"True","1000","True","True","1000","True"
"512e2cc0-5ebd-4d17-b7cf-a18a28bccdb4","MANIFEST_BOUND","hmail-perf-pair-service-20260901","06EFCBA9520D478A6DAC7ABB7F09F3B63D015A0CD5ECA1EB4D0FD2CC8C38F9FD","net10","hmail_perf_pair_net10_20260831_head3","C:\hmail-perf-pair-service-20260901\net10\Data","393449EA88D8D3C63D044D759D715322FD07A6F365FB10F18C1F0F126C6B4675","100","15","one TCP client and one sequential IMAP session per sample","0","PASS","45FA907CE0D3797C1E13EBB2F03F076A25656CCE27E801C18F745ACD3944FBBD","5136EEC556F9790732AE759EF52F77FE6172329EA55787A80300C4A824107E46","1","373","True","False","3712.154",,"True","1000","True","True","1000","True"
"512e2cc0-5ebd-4d17-b7cf-a18a28bccdb4","MANIFEST_BOUND","hmail-perf-pair-service-20260901","06EFCBA9520D478A6DAC7ABB7F09F3B63D015A0CD5ECA1EB4D0FD2CC8C38F9FD","net10","hmail_perf_pair_net10_20260831_head3","C:\hmail-perf-pair-service-20260901\net10\Data","393449EA88D8D3C63D044D759D715322FD07A6F365FB10F18C1F0F126C6B4675","100","15","one TCP client and one sequential IMAP session per sample","0","PASS","45FA907CE0D3797C1E13EBB2F03F076A25656CCE27E801C18F745ACD3944FBBD","5136EEC556F9790732AE759EF52F77FE6172329EA55787A80300C4A824107E46","1","374","True","False","1406.112",,"True","1000","True","True","1000","True"
"512e2cc0-5ebd-4d17-b7cf-a18a28bccdb4","MANIFEST_BOUND","hmail-perf-pair-service-20260901","06EFCBA9520D478A6DAC7ABB7F09F3B63D015A0CD5ECA1EB4D0FD2CC8C38F9FD","net10","hmail_perf_pair_net10_20260831_head3","C:\hmail-perf-pair-service-20260901\net10\Data","393449EA88D8D3C63D044D759D715322FD07A6F365FB10F18C1F0F126C6B4675","100","15","one TCP client and one sequential IMAP session per sample","0","PASS","45FA907CE0D3797C1E13EBB2F03F076A25656CCE27E801C18F745ACD3944FBBD","5136EEC556F9790732AE759EF52F77FE6172329EA55787A80300C4A824107E46","1","375","True","False","3711.883",,"True","1000","True","True","1000","True"
"512e2cc0-5ebd-4d17-b7cf-a18a28bccdb4","MANIFEST_BOUND","hmail-perf-pair-service-20260901","06EFCBA9520D478A6DAC7ABB7F09F3B63D015A0CD5ECA1EB4D0FD2CC8C38F9FD","net10","hmail_perf_pair_net10_20260831_head3","C:\hmail-perf-pair-service-20260901\net10\Data","393449EA88D8D3C63D044D759D715322FD07A6F365FB10F18C1F0F126C6B4675","100","15","one TCP client and one sequential IMAP session per sample","0","PASS","45FA907CE0D3797C1E13EBB2F03F076A25656CCE27E801C18F745ACD3944FBBD","5136EEC556F9790732AE759EF52F77FE6172329EA55787A80300C4A824107E46","1","376","True","False","3793.461",,"True","1000","True","True","1000","True"
"512e2cc0-5ebd-4d17-b7cf-a18a28bccdb4","MANIFEST_BOUND","hmail-perf-pair-service-20260901","06EFCBA9520D478A6DAC7ABB7F09F3B63D015A0CD5ECA1EB4D0FD2CC8C38F9FD","net10","hmail_perf_pair_net10_20260831_head3","C:\hmail-perf-pair-service-20260901\net10\Data","393449EA88D8D3C63D044D759D715322FD07A6F365FB10F18C1F0F126C6B4675","100","15","one TCP client and one sequential IMAP session per sample","0","PASS","45FA907CE0D3797C1E13EBB2F03F076A25656CCE27E801C18F745ACD3944FBBD","5136EEC556F9790732AE759EF52F77FE6172329EA55787A80300C4A824107E46","1","377","True","False","3905.431",,"True","1000","True","True","1000","True"
"512e2cc0-5ebd-4d17-b7cf-a18a28bccdb4","MANIFEST_BOUND","hmail-perf-pair-service-20260901","06EFCBA9520D478A6DAC7ABB7F09F3B63D015A0CD5ECA1EB4D0FD2CC8C38F9FD","net10","hmail_perf_pair_net10_20260831_head3","C:\hmail-perf-pair-service-20260901\net10\Data","393449EA88D8D3C63D044D759D715322FD07A6F365FB10F18C1F0F126C6B4675","100","15","one TCP client and one sequential IMAP session per sample","0","PASS","45FA907CE0D3797C1E13EBB2F03F076A25656CCE27E801C18F745ACD3944FBBD","5136EEC556F9790732AE759EF52F77FE6172329EA55787A80300C4A824107E46","1","378","True","False","3888.237",,"True","1000","True","True","1000","True"
"512e2cc0-5ebd-4d17-b7cf-a18a28bccdb4","MANIFEST_BOUND","hmail-perf-pair-service-20260901","06EFCBA9520D478A6DAC7ABB7F09F3B63D015A0CD5ECA1EB4D0FD2CC8C38F9FD","net10","hmail_perf_pair_net10_20260831_head3","C:\hmail-perf-pair-service-20260901\net10\Data","393449EA88D8D3C63D044D759D715322FD07A6F365FB10F18C1F0F126C6B4675","100","15","one TCP client and one sequential IMAP session per sample","0","PASS","45FA907CE0D3797C1E13EBB2F03F076A25656CCE27E801C18F745ACD3944FBBD","5136EEC556F9790732AE759EF52F77FE6172329EA55787A80300C4A824107E46","1","379","True","False","3565.733",,"True","1000","True","True","1000","True"
"512e2cc0-5ebd-4d17-b7cf-a18a28bccdb4","MANIFEST_BOUND","hmail-perf-pair-service-20260901","06EFCBA9520D478A6DAC7ABB7F09F3B63D015A0CD5ECA1EB4D0FD2CC8C38F9FD","net10","hmail_perf_pair_net10_20260831_head3","C:\hmail-perf-pair-service-20260901\net10\Data","393449EA88D8D3C63D044D759D715322FD07A6F365FB10F18C1F0F126C6B4675","100","15","one TCP client and one sequential IMAP session per sample","0","PASS","45FA907CE0D3797C1E13EBB2F03F076A25656CCE27E801C18F745ACD3944FBBD","5136EEC556F9790732AE759EF52F77FE6172329EA55787A80300C4A824107E46","1","380","True","False","2931.966",,"True","1000","True","True","1000","True"
"512e2cc0-5ebd-4d17-b7cf-a18a28bccdb4","MANIFEST_BOUND","hmail-perf-pair-service-20260901","06EFCBA9520D478A6DAC7ABB7F09F3B63D015A0CD5ECA1EB4D0FD2CC8C38F9FD","net10","hmail_perf_pair_net10_20260831_head3","C:\hmail-perf-pair-service-20260901\net10\Data","393449EA88D8D3C63D044D759D715322FD07A6F365FB10F18C1F0F126C6B4675","100","15","one TCP client and one sequential IMAP session per sample","0","PASS","45FA907CE0D3797C1E13EBB2F03F076A25656CCE27E801C18F745ACD3944FBBD","5136EEC556F9790732AE759EF52F77FE6172329EA55787A80300C4A824107E46","1","381","True","False","3710.966",,"True","1000","True","True","1000","True"
"512e2cc0-5ebd-4d17-b7cf-a18a28bccdb4","MANIFEST_BOUND","hmail-perf-pair-service-20260901","06EFCBA9520D478A6DAC7ABB7F09F3B63D015A0CD5ECA1EB4D0FD2CC8C38F9FD","net10","hmail_perf_pair_net10_20260831_head3","C:\hmail-perf-pair-service-20260901\net10\Data","393449EA88D8D3C63D044D759D715322FD07A6F365FB10F18C1F0F126C6B4675","100","15","one TCP client and one sequential IMAP session per sample","0","PASS","45FA907CE0D3797C1E13EBB2F03F076A25656CCE27E801C18F745ACD3944FBBD","5136EEC556F9790732AE759EF52F77FE6172329EA55787A80300C4A824107E46","1","382","True","False","3977.424",,"True","1000","True","True","1000","True"
"512e2cc0-5ebd-4d17-b7cf-a18a28bccdb4","MANIFEST_BOUND","hmail-perf-pair-service-20260901","06EFCBA9520D478A6DAC7ABB7F09F3B63D015A0CD5ECA1EB4D0FD2CC8C38F9FD","net10","hmail_perf_pair_net10_20260831_head3","C:\hmail-perf-pair-service-20260901\net10\Data","393449EA88D8D3C63D044D759D715322FD07A6F365FB10F18C1F0F126C6B4675","100","15","one TCP client and one sequential IMAP session per sample","0","PASS","45FA907CE0D3797C1E13EBB2F03F076A25656CCE27E801C18F745ACD3944FBBD","5136EEC556F9790732AE759EF52F77FE6172329EA55787A80300C4A824107E46","1","383","True","False","3947.557",,"True","1000","True","True","1000","True"
"512e2cc0-5ebd-4d17-b7cf-a18a28bccdb4","MANIFEST_BOUND","hmail-perf-pair-service-20260901","06EFCBA9520D478A6DAC7ABB7F09F3B63D015A0CD5ECA1EB4D0FD2CC8C38F9FD","net10","hmail_perf_pair_net10_20260831_head3","C:\hmail-perf-pair-service-20260901\net10\Data","393449EA88D8D3C63D044D759D715322FD07A6F365FB10F18C1F0F126C6B4675","100","15","one TCP client and one sequential IMAP session per sample","0","PASS","45FA907CE0D3797C1E13EBB2F03F076A25656CCE27E801C18F745ACD3944FBBD","5136EEC556F9790732AE759EF52F77FE6172329EA55787A80300C4A824107E46","1","384","True","False","2858.26",,"True","1000","True","True","1000","True"
"512e2cc0-5ebd-4d17-b7cf-a18a28bccdb4","MANIFEST_BOUND","hmail-perf-pair-service-20260901","06EFCBA9520D478A6DAC7ABB7F09F3B63D015A0CD5ECA1EB4D0FD2CC8C38F9FD","net10","hmail_perf_pair_net10_20260831_head3","C:\hmail-perf-pair-service-20260901\net10\Data","393449EA88D8D3C63D044D759D715322FD07A6F365FB10F18C1F0F126C6B4675","100","15","one TCP client and one sequential IMAP session per sample","0","PASS","45FA907CE0D3797C1E13EBB2F03F076A25656CCE27E801C18F745ACD3944FBBD","5136EEC556F9790732AE759EF52F77FE6172329EA55787A80300C4A824107E46","1","385","True","False","3946.012",,"True","1000","True","True","1000","True"
"512e2cc0-5ebd-4d17-b7cf-a18a28bccdb4","MANIFEST_BOUND","hmail-perf-pair-service-20260901","06EFCBA9520D478A6DAC7ABB7F09F3B63D015A0CD5ECA1EB4D0FD2CC8C38F9FD","net10","hmail_perf_pair_net10_20260831_head3","C:\hmail-perf-pair-service-20260901\net10\Data","393449EA88D8D3C63D044D759D715322FD07A6F365FB10F18C1F0F126C6B4675","100","15","one TCP client and one sequential IMAP session per sample","0","PASS","45FA907CE0D3797C1E13EBB2F03F076A25656CCE27E801C18F745ACD3944FBBD","5136EEC556F9790732AE759EF52F77FE6172329EA55787A80300C4A824107E46","1","386","True","False","3945.811",,"True","1000","True","True","1000","True"
"512e2cc0-5ebd-4d17-b7cf-a18a28bccdb4","MANIFEST_BOUND","hmail-perf-pair-service-20260901","06EFCBA9520D478A6DAC7ABB7F09F3B63D015A0CD5ECA1EB4D0FD2CC8C38F9FD","net10","hmail_perf_pair_net10_20260831_head3","C:\hmail-perf-pair-service-20260901\net10\Data","393449EA88D8D3C63D044D759D715322FD07A6F365FB10F18C1F0F126C6B4675","100","15","one TCP client and one sequential IMAP session per sample","0","PASS","45FA907CE0D3797C1E13EBB2F03F076A25656CCE27E801C18F745ACD3944FBBD","5136EEC556F9790732AE759EF52F77FE6172329EA55787A80300C4A824107E46","1","387","True","False","2490.985",,"True","1000","True","True","1000","True"
"512e2cc0-5ebd-4d17-b7cf-a18a28bccdb4","MANIFEST_BOUND","hmail-perf-pair-service-20260901","06EFCBA9520D478A6DAC7ABB7F09F3B63D015A0CD5ECA1EB4D0FD2CC8C38F9FD","net10","hmail_perf_pair_net10_20260831_head3","C:\hmail-perf-pair-service-20260901\net10\Data","393449EA88D8D3C63D044D759D715322FD07A6F365FB10F18C1F0F126C6B4675","100","15","one TCP client and one sequential IMAP session per sample","0","PASS","45FA907CE0D3797C1E13EBB2F03F076A25656CCE27E801C18F745ACD3944FBBD","5136EEC556F9790732AE759EF52F77FE6172329EA55787A80300C4A824107E46","1","388","True","False","2139.438",,"True","1000","True","True","1000","True"
"512e2cc0-5ebd-4d17-b7cf-a18a28bccdb4","MANIFEST_BOUND","hmail-perf-pair-service-20260901","06EFCBA9520D478A6DAC7ABB7F09F3B63D015A0CD5ECA1EB4D0FD2CC8C38F9FD","net10","hmail_perf_pair_net10_20260831_head3","C:\hmail-perf-pair-service-20260901\net10\Data","393449EA88D8D3C63D044D759D715322FD07A6F365FB10F18C1F0F126C6B4675","100","15","one TCP client and one sequential IMAP session per sample","0","PASS","45FA907CE0D3797C1E13EBB2F03F076A25656CCE27E801C18F745ACD3944FBBD","5136EEC556F9790732AE759EF52F77FE6172329EA55787A80300C4A824107E46","1","389","True","False","3859.865",,"True","1000","True","True","1000","True"
"512e2cc0-5ebd-4d17-b7cf-a18a28bccdb4","MANIFEST_BOUND","hmail-perf-pair-service-20260901","06EFCBA9520D478A6DAC7ABB7F09F3B63D015A0CD5ECA1EB4D0FD2CC8C38F9FD","net10","hmail_perf_pair_net10_20260831_head3","C:\hmail-perf-pair-service-20260901\net10\Data","393449EA88D8D3C63D044D759D715322FD07A6F365FB10F18C1F0F126C6B4675","100","15","one TCP client and one sequential IMAP session per sample","0","PASS","45FA907CE0D3797C1E13EBB2F03F076A25656CCE27E801C18F745ACD3944FBBD","5136EEC556F9790732AE759EF52F77FE6172329EA55787A80300C4A824107E46","1","390","True","False","914.307",,"True","1000","True","True","1000","True"
"512e2cc0-5ebd-4d17-b7cf-a18a28bccdb4","MANIFEST_BOUND","hmail-perf-pair-service-20260901","06EFCBA9520D478A6DAC7ABB7F09F3B63D015A0CD5ECA1EB4D0FD2CC8C38F9FD","net10","hmail_perf_pair_net10_20260831_head3","C:\hmail-perf-pair-service-20260901\net10\Data","393449EA88D8D3C63D044D759D715322FD07A6F365FB10F18C1F0F126C6B4675","100","15","one TCP client and one sequential IMAP session per sample","0","PASS","45FA907CE0D3797C1E13EBB2F03F076A25656CCE27E801C18F745ACD3944FBBD","5136EEC556F9790732AE759EF52F77FE6172329EA55787A80300C4A824107E46","1","391","True","False","3563.849",,"True","1000","True","True","1000","True"
"512e2cc0-5ebd-4d17-b7cf-a18a28bccdb4","MANIFEST_BOUND","hmail-perf-pair-service-20260901","06EFCBA9520D478A6DAC7ABB7F09F3B63D015A0CD5ECA1EB4D0FD2CC8C38F9FD","net10","hmail_perf_pair_net10_20260831_head3","C:\hmail-perf-pair-service-20260901\net10\Data","393449EA88D8D3C63D044D759D715322FD07A6F365FB10F18C1F0F126C6B4675","100","15","one TCP client and one sequential IMAP session per sample","0","PASS","45FA907CE0D3797C1E13EBB2F03F076A25656CCE27E801C18F745ACD3944FBBD","5136EEC556F9790732AE759EF52F77FE6172329EA55787A80300C4A824107E46","1","392","True","False","3710.459",,"True","1000","True","True","1000","True"
"512e2cc0-5ebd-4d17-b7cf-a18a28bccdb4","MANIFEST_BOUND","hmail-perf-pair-service-20260901","06EFCBA9520D478A6DAC7ABB7F09F3B63D015A0CD5ECA1EB4D0FD2CC8C38F9FD","net10","hmail_perf_pair_net10_20260831_head3","C:\hmail-perf-pair-service-20260901\net10\Data","393449EA88D8D3C63D044D759D715322FD07A6F365FB10F18C1F0F126C6B4675","100","15","one TCP client and one sequential IMAP session per sample","0","PASS","45FA907CE0D3797C1E13EBB2F03F076A25656CCE27E801C18F745ACD3944FBBD","5136EEC556F9790732AE759EF52F77FE6172329EA55787A80300C4A824107E46","1","393","True","False","3710.824",,"True","1000","True","True","1000","True"
"512e2cc0-5ebd-4d17-b7cf-a18a28bccdb4","MANIFEST_BOUND","hmail-perf-pair-service-20260901","06EFCBA9520D478A6DAC7ABB7F09F3B63D015A0CD5ECA1EB4D0FD2CC8C38F9FD","net10","hmail_perf_pair_net10_20260831_head3","C:\hmail-perf-pair-service-20260901\net10\Data","393449EA88D8D3C63D044D759D715322FD07A6F365FB10F18C1F0F126C6B4675","100","15","one TCP client and one sequential IMAP session per sample","0","PASS","45FA907CE0D3797C1E13EBB2F03F076A25656CCE27E801C18F745ACD3944FBBD","5136EEC556F9790732AE759EF52F77FE6172329EA55787A80300C4A824107E46","1","394","True","False","3905.243",,"True","1000","True","True","1000","True"
"512e2cc0-5ebd-4d17-b7cf-a18a28bccdb4","MANIFEST_BOUND","hmail-perf-pair-service-20260901","06EFCBA9520D478A6DAC7ABB7F09F3B63D015A0CD5ECA1EB4D0FD2CC8C38F9FD","net10","hmail_perf_pair_net10_20260831_head3","C:\hmail-perf-pair-service-20260901\net10\Data","393449EA88D8D3C63D044D759D715322FD07A6F365FB10F18C1F0F126C6B4675","100","15","one TCP client and one sequential IMAP session per sample","0","PASS","45FA907CE0D3797C1E13EBB2F03F076A25656CCE27E801C18F745ACD3944FBBD","5136EEC556F9790732AE759EF52F77FE6172329EA55787A80300C4A824107E46","1","395","True","False","3541.843",,"True","1000","True","True","1000","True"
"512e2cc0-5ebd-4d17-b7cf-a18a28bccdb4","MANIFEST_BOUND","hmail-perf-pair-service-20260901","06EFCBA9520D478A6DAC7ABB7F09F3B63D015A0CD5ECA1EB4D0FD2CC8C38F9FD","net10","hmail_perf_pair_net10_20260831_head3","C:\hmail-perf-pair-service-20260901\net10\Data","393449EA88D8D3C63D044D759D715322FD07A6F365FB10F18C1F0F126C6B4675","100","15","one TCP client and one sequential IMAP session per sample","0","PASS","45FA907CE0D3797C1E13EBB2F03F076A25656CCE27E801C18F745ACD3944FBBD","5136EEC556F9790732AE759EF52F77FE6172329EA55787A80300C4A824107E46","1","396","True","False","3470.891",,"True","1000","True","True","1000","True"
"512e2cc0-5ebd-4d17-b7cf-a18a28bccdb4","MANIFEST_BOUND","hmail-perf-pair-service-20260901","06EFCBA9520D478A6DAC7ABB7F09F3B63D015A0CD5ECA1EB4D0FD2CC8C38F9FD","net10","hmail_perf_pair_net10_20260831_head3","C:\hmail-perf-pair-service-20260901\net10\Data","393449EA88D8D3C63D044D759D715322FD07A6F365FB10F18C1F0F126C6B4675","100","15","one TCP client and one sequential IMAP session per sample","0","PASS","45FA907CE0D3797C1E13EBB2F03F076A25656CCE27E801C18F745ACD3944FBBD","5136EEC556F9790732AE759EF52F77FE6172329EA55787A80300C4A824107E46","1","397","True","False","2378.871",,"True","1000","True","True","1000","True"
"512e2cc0-5ebd-4d17-b7cf-a18a28bccdb4","MANIFEST_BOUND","hmail-perf-pair-service-20260901","06EFCBA9520D478A6DAC7ABB7F09F3B63D015A0CD5ECA1EB4D0FD2CC8C38F9FD","net10","hmail_perf_pair_net10_20260831_head3","C:\hmail-perf-pair-service-20260901\net10\Data","393449EA88D8D3C63D044D759D715322FD07A6F365FB10F18C1F0F126C6B4675","100","15","one TCP client and one sequential IMAP session per sample","0","PASS","45FA907CE0D3797C1E13EBB2F03F076A25656CCE27E801C18F745ACD3944FBBD","5136EEC556F9790732AE759EF52F77FE6172329EA55787A80300C4A824107E46","1","398","True","False","3266.436",,"True","1000","True","True","1000","True"
"512e2cc0-5ebd-4d17-b7cf-a18a28bccdb4","MANIFEST_BOUND","hmail-perf-pair-service-20260901","06EFCBA9520D478A6DAC7ABB7F09F3B63D015A0CD5ECA1EB4D0FD2CC8C38F9FD","net10","hmail_perf_pair_net10_20260831_head3","C:\hmail-perf-pair-service-20260901\net10\Data","393449EA88D8D3C63D044D759D715322FD07A6F365FB10F18C1F0F126C6B4675","100","15","one TCP client and one sequential IMAP session per sample","0","PASS","45FA907CE0D3797C1E13EBB2F03F076A25656CCE27E801C18F745ACD3944FBBD","5136EEC556F9790732AE759EF52F77FE6172329EA55787A80300C4A824107E46","1","399","True","False","3696.974",,"True","1000","True","True","1000","True"
"512e2cc0-5ebd-4d17-b7cf-a18a28bccdb4","MANIFEST_BOUND","hmail-perf-pair-service-20260901","06EFCBA9520D478A6DAC7ABB7F09F3B63D015A0CD5ECA1EB4D0FD2CC8C38F9FD","net10","hmail_perf_pair_net10_20260831_head3","C:\hmail-perf-pair-service-20260901\net10\Data","393449EA88D8D3C63D044D759D715322FD07A6F365FB10F18C1F0F126C6B4675","100","15","one TCP client and one sequential IMAP session per sample","0","PASS","45FA907CE0D3797C1E13EBB2F03F076A25656CCE27E801C18F745ACD3944FBBD","5136EEC556F9790732AE759EF52F77FE6172329EA55787A80300C4A824107E46","1","400","True","False","2954.6",,"True","1000","True","True","1000","True"
"512e2cc0-5ebd-4d17-b7cf-a18a28bccdb4","MANIFEST_BOUND","hmail-perf-pair-service-20260901","06EFCBA9520D478A6DAC7ABB7F09F3B63D015A0CD5ECA1EB4D0FD2CC8C38F9FD","net10","hmail_perf_pair_net10_20260831_head3","C:\hmail-perf-pair-service-20260901\net10\Data","393449EA88D8D3C63D044D759D715322FD07A6F365FB10F18C1F0F126C6B4675","100","15","one TCP client and one sequential IMAP session per sample","0","PASS","45FA907CE0D3797C1E13EBB2F03F076A25656CCE27E801C18F745ACD3944FBBD","5136EEC556F9790732AE759EF52F77FE6172329EA55787A80300C4A824107E46","1","401","True","False","3572.09",,"True","1000","True","True","1000","True"
"512e2cc0-5ebd-4d17-b7cf-a18a28bccdb4","MANIFEST_BOUND","hmail-perf-pair-service-20260901","06EFCBA9520D478A6DAC7ABB7F09F3B63D015A0CD5ECA1EB4D0FD2CC8C38F9FD","net10","hmail_perf_pair_net10_20260831_head3","C:\hmail-perf-pair-service-20260901\net10\Data","393449EA88D8D3C63D044D759D715322FD07A6F365FB10F18C1F0F126C6B4675","100","15","one TCP client and one sequential IMAP session per sample","0","PASS","45FA907CE0D3797C1E13EBB2F03F076A25656CCE27E801C18F745ACD3944FBBD","5136EEC556F9790732AE759EF52F77FE6172329EA55787A80300C4A824107E46","1","402","True","False","3734.102",,"True","1000","True","True","1000","True"
"512e2cc0-5ebd-4d17-b7cf-a18a28bccdb4","MANIFEST_BOUND","hmail-perf-pair-service-20260901","06EFCBA9520D478A6DAC7ABB7F09F3B63D015A0CD5ECA1EB4D0FD2CC8C38F9FD","net10","hmail_perf_pair_net10_20260831_head3","C:\hmail-perf-pair-service-20260901\net10\Data","393449EA88D8D3C63D044D759D715322FD07A6F365FB10F18C1F0F126C6B4675","100","15","one TCP client and one sequential IMAP session per sample","0","PASS","45FA907CE0D3797C1E13EBB2F03F076A25656CCE27E801C18F745ACD3944FBBD","5136EEC556F9790732AE759EF52F77FE6172329EA55787A80300C4A824107E46","1","403","True","False","3713.89",,"True","1000","True","True","1000","True"
"512e2cc0-5ebd-4d17-b7cf-a18a28bccdb4","MANIFEST_BOUND","hmail-perf-pair-service-20260901","06EFCBA9520D478A6DAC7ABB7F09F3B63D015A0CD5ECA1EB4D0FD2CC8C38F9FD","net10","hmail_perf_pair_net10_20260831_head3","C:\hmail-perf-pair-service-20260901\net10\Data","393449EA88D8D3C63D044D759D715322FD07A6F365FB10F18C1F0F126C6B4675","100","15","one TCP client and one sequential IMAP session per sample","0","PASS","45FA907CE0D3797C1E13EBB2F03F076A25656CCE27E801C18F745ACD3944FBBD","5136EEC556F9790732AE759EF52F77FE6172329EA55787A80300C4A824107E46","1","404","True","False","3710.693",,"True","1000","True","True","1000","True"
"512e2cc0-5ebd-4d17-b7cf-a18a28bccdb4","MANIFEST_BOUND","hmail-perf-pair-service-20260901","06EFCBA9520D478A6DAC7ABB7F09F3B63D015A0CD5ECA1EB4D0FD2CC8C38F9FD","net10","hmail_perf_pair_net10_20260831_head3","C:\hmail-perf-pair-service-20260901\net10\Data","393449EA88D8D3C63D044D759D715322FD07A6F365FB10F18C1F0F126C6B4675","100","15","one TCP client and one sequential IMAP session per sample","0","PASS","45FA907CE0D3797C1E13EBB2F03F076A25656CCE27E801C18F745ACD3944FBBD","5136EEC556F9790732AE759EF52F77FE6172329EA55787A80300C4A824107E46","1","405","True","False","3549.187",,"True","1000","True","True","1000","True"
"512e2cc0-5ebd-4d17-b7cf-a18a28bccdb4","MANIFEST_BOUND","hmail-perf-pair-service-20260901","06EFCBA9520D478A6DAC7ABB7F09F3B63D015A0CD5ECA1EB4D0FD2CC8C38F9FD","net10","hmail_perf_pair_net10_20260831_head3","C:\hmail-perf-pair-service-20260901\net10\Data","393449EA88D8D3C63D044D759D715322FD07A6F365FB10F18C1F0F126C6B4675","100","15","one TCP client and one sequential IMAP session per sample","0","PASS","45FA907CE0D3797C1E13EBB2F03F076A25656CCE27E801C18F745ACD3944FBBD","5136EEC556F9790732AE759EF52F77FE6172329EA55787A80300C4A824107E46","1","406","True","False","2691.919",,"True","1000","True","True","1000","True"
"512e2cc0-5ebd-4d17-b7cf-a18a28bccdb4","MANIFEST_BOUND","hmail-perf-pair-service-20260901","06EFCBA9520D478A6DAC7ABB7F09F3B63D015A0CD5ECA1EB4D0FD2CC8C38F9FD","net10","hmail_perf_pair_net10_20260831_head3","C:\hmail-perf-pair-service-20260901\net10\Data","393449EA88D8D3C63D044D759D715322FD07A6F365FB10F18C1F0F126C6B4675","100","15","one TCP client and one sequential IMAP session per sample","0","PASS","45FA907CE0D3797C1E13EBB2F03F076A25656CCE27E801C18F745ACD3944FBBD","5136EEC556F9790732AE759EF52F77FE6172329EA55787A80300C4A824107E46","1","407","True","False","3534.476",,"True","1000","True","True","1000","True"
"512e2cc0-5ebd-4d17-b7cf-a18a28bccdb4","MANIFEST_BOUND","hmail-perf-pair-service-20260901","06EFCBA9520D478A6DAC7ABB7F09F3B63D015A0CD5ECA1EB4D0FD2CC8C38F9FD","net10","hmail_perf_pair_net10_20260831_head3","C:\hmail-perf-pair-service-20260901\net10\Data","393449EA88D8D3C63D044D759D715322FD07A6F365FB10F18C1F0F126C6B4675","100","15","one TCP client and one sequential IMAP session per sample","0","PASS","45FA907CE0D3797C1E13EBB2F03F076A25656CCE27E801C18F745ACD3944FBBD","5136EEC556F9790732AE759EF52F77FE6172329EA55787A80300C4A824107E46","1","408","True","False","3545.027",,"True","1000","True","True","1000","True"
"512e2cc0-5ebd-4d17-b7cf-a18a28bccdb4","MANIFEST_BOUND","hmail-perf-pair-service-20260901","06EFCBA9520D478A6DAC7ABB7F09F3B63D015A0CD5ECA1EB4D0FD2CC8C38F9FD","net10","hmail_perf_pair_net10_20260831_head3","C:\hmail-perf-pair-service-20260901\net10\Data","393449EA88D8D3C63D044D759D715322FD07A6F365FB10F18C1F0F126C6B4675","100","15","one TCP client and one sequential IMAP session per sample","0","PASS","45FA907CE0D3797C1E13EBB2F03F076A25656CCE27E801C18F745ACD3944FBBD","5136EEC556F9790732AE759EF52F77FE6172329EA55787A80300C4A824107E46","1","409","True","False","2402.988",,"True","1000","True","True","1000","True"
"512e2cc0-5ebd-4d17-b7cf-a18a28bccdb4","MANIFEST_BOUND","hmail-perf-pair-service-20260901","06EFCBA9520D478A6DAC7ABB7F09F3B63D015A0CD5ECA1EB4D0FD2CC8C38F9FD","net10","hmail_perf_pair_net10_20260831_head3","C:\hmail-perf-pair-service-20260901\net10\Data","393449EA88D8D3C63D044D759D715322FD07A6F365FB10F18C1F0F126C6B4675","100","15","one TCP client and one sequential IMAP session per sample","0","PASS","45FA907CE0D3797C1E13EBB2F03F076A25656CCE27E801C18F745ACD3944FBBD","5136EEC556F9790732AE759EF52F77FE6172329EA55787A80300C4A824107E46","1","410","True","False","3462.363",,"True","1000","True","True","1000","True"
"512e2cc0-5ebd-4d17-b7cf-a18a28bccdb4","MANIFEST_BOUND","hmail-perf-pair-service-20260901","06EFCBA9520D478A6DAC7ABB7F09F3B63D015A0CD5ECA1EB4D0FD2CC8C38F9FD","net10","hmail_perf_pair_net10_20260831_head3","C:\hmail-perf-pair-service-20260901\net10\Data","393449EA88D8D3C63D044D759D715322FD07A6F365FB10F18C1F0F126C6B4675","100","15","one TCP client and one sequential IMAP session per sample","0","PASS","45FA907CE0D3797C1E13EBB2F03F076A25656CCE27E801C18F745ACD3944FBBD","5136EEC556F9790732AE759EF52F77FE6172329EA55787A80300C4A824107E46","1","411","True","False","3730.43",,"True","1000","True","True","1000","True"
"512e2cc0-5ebd-4d17-b7cf-a18a28bccdb4","MANIFEST_BOUND","hmail-perf-pair-service-20260901","06EFCBA9520D478A6DAC7ABB7F09F3B63D015A0CD5ECA1EB4D0FD2CC8C38F9FD","net10","hmail_perf_pair_net10_20260831_head3","C:\hmail-perf-pair-service-20260901\net10\Data","393449EA88D8D3C63D044D759D715322FD07A6F365FB10F18C1F0F126C6B4675","100","15","one TCP client and one sequential IMAP session per sample","0","PASS","45FA907CE0D3797C1E13EBB2F03F076A25656CCE27E801C18F745ACD3944FBBD","5136EEC556F9790732AE759EF52F77FE6172329EA55787A80300C4A824107E46","1","412","True","False","3569.607",,"True","1000","True","True","1000","True"
"512e2cc0-5ebd-4d17-b7cf-a18a28bccdb4","MANIFEST_BOUND","hmail-perf-pair-service-20260901","06EFCBA9520D478A6DAC7ABB7F09F3B63D015A0CD5ECA1EB4D0FD2CC8C38F9FD","net10","hmail_perf_pair_net10_20260831_head3","C:\hmail-perf-pair-service-20260901\net10\Data","393449EA88D8D3C63D044D759D715322FD07A6F365FB10F18C1F0F126C6B4675","100","15","one TCP client and one sequential IMAP session per sample","0","PASS","45FA907CE0D3797C1E13EBB2F03F076A25656CCE27E801C18F745ACD3944FBBD","5136EEC556F9790732AE759EF52F77FE6172329EA55787A80300C4A824107E46","1","413","True","False","3710.487",,"True","1000","True","True","1000","True"
"512e2cc0-5ebd-4d17-b7cf-a18a28bccdb4","MANIFEST_BOUND","hmail-perf-pair-service-20260901","06EFCBA9520D478A6DAC7ABB7F09F3B63D015A0CD5ECA1EB4D0FD2CC8C38F9FD","net10","hmail_perf_pair_net10_20260831_head3","C:\hmail-perf-pair-service-20260901\net10\Data","393449EA88D8D3C63D044D759D715322FD07A6F365FB10F18C1F0F126C6B4675","100","15","one TCP client and one sequential IMAP session per sample","0","PASS","45FA907CE0D3797C1E13EBB2F03F076A25656CCE27E801C18F745ACD3944FBBD","5136EEC556F9790732AE759EF52F77FE6172329EA55787A80300C4A824107E46","1","414","True","False","3374.792",,"True","1000","True","True","1000","True"
"512e2cc0-5ebd-4d17-b7cf-a18a28bccdb4","MANIFEST_BOUND","hmail-perf-pair-service-20260901","06EFCBA9520D478A6DAC7ABB7F09F3B63D015A0CD5ECA1EB4D0FD2CC8C38F9FD","net10","hmail_perf_pair_net10_20260831_head3","C:\hmail-perf-pair-service-20260901\net10\Data","393449EA88D8D3C63D044D759D715322FD07A6F365FB10F18C1F0F126C6B4675","100","15","one TCP client and one sequential IMAP session per sample","0","PASS","45FA907CE0D3797C1E13EBB2F03F076A25656CCE27E801C18F745ACD3944FBBD","5136EEC556F9790732AE759EF52F77FE6172329EA55787A80300C4A824107E46","1","415","True","False","2403.837",,"True","1000","True","True","1000","True"
"512e2cc0-5ebd-4d17-b7cf-a18a28bccdb4","MANIFEST_BOUND","hmail-perf-pair-service-20260901","06EFCBA9520D478A6DAC7ABB7F09F3B63D015A0CD5ECA1EB4D0FD2CC8C38F9FD","net10","hmail_perf_pair_net10_20260831_head3","C:\hmail-perf-pair-service-20260901\net10\Data","393449EA88D8D3C63D044D759D715322FD07A6F365FB10F18C1F0F126C6B4675","100","15","one TCP client and one sequential IMAP session per sample","0","PASS","45FA907CE0D3797C1E13EBB2F03F076A25656CCE27E801C18F745ACD3944FBBD","5136EEC556F9790732AE759EF52F77FE6172329EA55787A80300C4A824107E46","1","416","True","False","3548.187",,"True","1000","True","True","1000","True"
"512e2cc0-5ebd-4d17-b7cf-a18a28bccdb4","MANIFEST_BOUND","hmail-perf-pair-service-20260901","06EFCBA9520D478A6DAC7ABB7F09F3B63D015A0CD5ECA1EB4D0FD2CC8C38F9FD","net10","hmail_perf_pair_net10_20260831_head3","C:\hmail-perf-pair-service-20260901\net10\Data","393449EA88D8D3C63D044D759D715322FD07A6F365FB10F18C1F0F126C6B4675","100","15","one TCP client and one sequential IMAP session per sample","0","PASS","45FA907CE0D3797C1E13EBB2F03F076A25656CCE27E801C18F745ACD3944FBBD","5136EEC556F9790732AE759EF52F77FE6172329EA55787A80300C4A824107E46","1","417","True","False","2855.346",,"True","1000","True","True","1000","True"
"512e2cc0-5ebd-4d17-b7cf-a18a28bccdb4","MANIFEST_BOUND","hmail-perf-pair-service-20260901","06EFCBA9520D478A6DAC7ABB7F09F3B63D015A0CD5ECA1EB4D0FD2CC8C38F9FD","net10","hmail_perf_pair_net10_20260831_head3","C:\hmail-perf-pair-service-20260901\net10\Data","393449EA88D8D3C63D044D759D715322FD07A6F365FB10F18C1F0F126C6B4675","100","15","one TCP client and one sequential IMAP session per sample","0","PASS","45FA907CE0D3797C1E13EBB2F03F076A25656CCE27E801C18F745ACD3944FBBD","5136EEC556F9790732AE759EF52F77FE6172329EA55787A80300C4A824107E46","1","418","True","False","1297.251",,"True","1000","True","True","1000","True"
"512e2cc0-5ebd-4d17-b7cf-a18a28bccdb4","MANIFEST_BOUND","hmail-perf-pair-service-20260901","06EFCBA9520D478A6DAC7ABB7F09F3B63D015A0CD5ECA1EB4D0FD2CC8C38F9FD","net10","hmail_perf_pair_net10_20260831_head3","C:\hmail-perf-pair-service-20260901\net10\Data","393449EA88D8D3C63D044D759D715322FD07A6F365FB10F18C1F0F126C6B4675","100","15","one TCP client and one sequential IMAP session per sample","0","PASS","45FA907CE0D3797C1E13EBB2F03F076A25656CCE27E801C18F745ACD3944FBBD","5136EEC556F9790732AE759EF52F77FE6172329EA55787A80300C4A824107E46","1","419","True","False","3711.172",,"True","1000","True","True","1000","True"
"512e2cc0-5ebd-4d17-b7cf-a18a28bccdb4","MANIFEST_BOUND","hmail-perf-pair-service-20260901","06EFCBA9520D478A6DAC7ABB7F09F3B63D015A0CD5ECA1EB4D0FD2CC8C38F9FD","net10","hmail_perf_pair_net10_20260831_head3","C:\hmail-perf-pair-service-20260901\net10\Data","393449EA88D8D3C63D044D759D715322FD07A6F365FB10F18C1F0F126C6B4675","100","15","one TCP client and one sequential IMAP session per sample","0","PASS","45FA907CE0D3797C1E13EBB2F03F076A25656CCE27E801C18F745ACD3944FBBD","5136EEC556F9790732AE759EF52F77FE6172329EA55787A80300C4A824107E46","1","420","True","False","2478.402",,"True","1000","True","True","1000","True"
"512e2cc0-5ebd-4d17-b7cf-a18a28bccdb4","MANIFEST_BOUND","hmail-perf-pair-service-20260901","06EFCBA9520D478A6DAC7ABB7F09F3B63D015A0CD5ECA1EB4D0FD2CC8C38F9FD","net10","hmail_perf_pair_net10_20260831_head3","C:\hmail-perf-pair-service-20260901\net10\Data","393449EA88D8D3C63D044D759D715322FD07A6F365FB10F18C1F0F126C6B4675","100","15","one TCP client and one sequential IMAP session per sample","0","PASS","45FA907CE0D3797C1E13EBB2F03F076A25656CCE27E801C18F745ACD3944FBBD","5136EEC556F9790732AE759EF52F77FE6172329EA55787A80300C4A824107E46","1","421","True","False","3230.476",,"True","1000","True","True","1000","True"
"512e2cc0-5ebd-4d17-b7cf-a18a28bccdb4","MANIFEST_BOUND","hmail-perf-pair-service-20260901","06EFCBA9520D478A6DAC7ABB7F09F3B63D015A0CD5ECA1EB4D0FD2CC8C38F9FD","net10","hmail_perf_pair_net10_20260831_head3","C:\hmail-perf-pair-service-20260901\net10\Data","393449EA88D8D3C63D044D759D715322FD07A6F365FB10F18C1F0F126C6B4675","100","15","one TCP client and one sequential IMAP session per sample","0","PASS","45FA907CE0D3797C1E13EBB2F03F076A25656CCE27E801C18F745ACD3944FBBD","5136EEC556F9790732AE759EF52F77FE6172329EA55787A80300C4A824107E46","1","422","True","False","3393.982",,"True","1000","True","True","1000","True"
"512e2cc0-5ebd-4d17-b7cf-a18a28bccdb4","MANIFEST_BOUND","hmail-perf-pair-service-20260901","06EFCBA9520D478A6DAC7ABB7F09F3B63D015A0CD5ECA1EB4D0FD2CC8C38F9FD","net10","hmail_perf_pair_net10_20260831_head3","C:\hmail-perf-pair-service-20260901\net10\Data","393449EA88D8D3C63D044D759D715322FD07A6F365FB10F18C1F0F126C6B4675","100","15","one TCP client and one sequential IMAP session per sample","0","PASS","45FA907CE0D3797C1E13EBB2F03F076A25656CCE27E801C18F745ACD3944FBBD","5136EEC556F9790732AE759EF52F77FE6172329EA55787A80300C4A824107E46","1","423","True","False","3736.516",,"True","1000","True","True","1000","True"
"512e2cc0-5ebd-4d17-b7cf-a18a28bccdb4","MANIFEST_BOUND","hmail-perf-pair-service-20260901","06EFCBA9520D478A6DAC7ABB7F09F3B63D015A0CD5ECA1EB4D0FD2CC8C38F9FD","net10","hmail_perf_pair_net10_20260831_head3","C:\hmail-perf-pair-service-20260901\net10\Data","393449EA88D8D3C63D044D759D715322FD07A6F365FB10F18C1F0F126C6B4675","100","15","one TCP client and one sequential IMAP session per sample","0","PASS","45FA907CE0D3797C1E13EBB2F03F076A25656CCE27E801C18F745ACD3944FBBD","5136EEC556F9790732AE759EF52F77FE6172329EA55787A80300C4A824107E46","1","424","True","False","2176.267",,"True","1000","True","True","1000","True"
"512e2cc0-5ebd-4d17-b7cf-a18a28bccdb4","MANIFEST_BOUND","hmail-perf-pair-service-20260901","06EFCBA9520D478A6DAC7ABB7F09F3B63D015A0CD5ECA1EB4D0FD2CC8C38F9FD","net10","hmail_perf_pair_net10_20260831_head3","C:\hmail-perf-pair-service-20260901\net10\Data","393449EA88D8D3C63D044D759D715322FD07A6F365FB10F18C1F0F126C6B4675","100","15","one TCP client and one sequential IMAP session per sample","0","PASS","45FA907CE0D3797C1E13EBB2F03F076A25656CCE27E801C18F745ACD3944FBBD","5136EEC556F9790732AE759EF52F77FE6172329EA55787A80300C4A824107E46","1","425","True","False","3386.656",,"True","1000","True","True","1000","True"
"512e2cc0-5ebd-4d17-b7cf-a18a28bccdb4","MANIFEST_BOUND","hmail-perf-pair-service-20260901","06EFCBA9520D478A6DAC7ABB7F09F3B63D015A0CD5ECA1EB4D0FD2CC8C38F9FD","net10","hmail_perf_pair_net10_20260831_head3","C:\hmail-perf-pair-service-20260901\net10\Data","393449EA88D8D3C63D044D759D715322FD07A6F365FB10F18C1F0F126C6B4675","100","15","one TCP client and one sequential IMAP session per sample","0","PASS","45FA907CE0D3797C1E13EBB2F03F076A25656CCE27E801C18F745ACD3944FBBD","5136EEC556F9790732AE759EF52F77FE6172329EA55787A80300C4A824107E46","1","426","True","False","3683.667",,"True","1000","True","True","1000","True"
"512e2cc0-5ebd-4d17-b7cf-a18a28bccdb4","MANIFEST_BOUND","hmail-perf-pair-service-20260901","06EFCBA9520D478A6DAC7ABB7F09F3B63D015A0CD5ECA1EB4D0FD2CC8C38F9FD","net10","hmail_perf_pair_net10_20260831_head3","C:\hmail-perf-pair-service-20260901\net10\Data","393449EA88D8D3C63D044D759D715322FD07A6F365FB10F18C1F0F126C6B4675","100","15","one TCP client and one sequential IMAP session per sample","0","PASS","45FA907CE0D3797C1E13EBB2F03F076A25656CCE27E801C18F745ACD3944FBBD","5136EEC556F9790732AE759EF52F77FE6172329EA55787A80300C4A824107E46","1","427","True","False","3694.211",,"True","1000","True","True","1000","True"
"512e2cc0-5ebd-4d17-b7cf-a18a28bccdb4","MANIFEST_BOUND","hmail-perf-pair-service-20260901","06EFCBA9520D478A6DAC7ABB7F09F3B63D015A0CD5ECA1EB4D0FD2CC8C38F9FD","net10","hmail_perf_pair_net10_20260831_head3","C:\hmail-perf-pair-service-20260901\net10\Data","393449EA88D8D3C63D044D759D715322FD07A6F365FB10F18C1F0F126C6B4675","100","15","one TCP client and one sequential IMAP session per sample","0","PASS","45FA907CE0D3797C1E13EBB2F03F076A25656CCE27E801C18F745ACD3944FBBD","5136EEC556F9790732AE759EF52F77FE6172329EA55787A80300C4A824107E46","1","428","True","False","3709.649",,"True","1000","True","True","1000","True"
"512e2cc0-5ebd-4d17-b7cf-a18a28bccdb4","MANIFEST_BOUND","hmail-perf-pair-service-20260901","06EFCBA9520D478A6DAC7ABB7F09F3B63D015A0CD5ECA1EB4D0FD2CC8C38F9FD","net10","hmail_perf_pair_net10_20260831_head3","C:\hmail-perf-pair-service-20260901\net10\Data","393449EA88D8D3C63D044D759D715322FD07A6F365FB10F18C1F0F126C6B4675","100","15","one TCP client and one sequential IMAP session per sample","0","PASS","45FA907CE0D3797C1E13EBB2F03F076A25656CCE27E801C18F745ACD3944FBBD","5136EEC556F9790732AE759EF52F77FE6172329EA55787A80300C4A824107E46","1","429","True","False","3714.782",,"True","1000","True","True","1000","True"
"512e2cc0-5ebd-4d17-b7cf-a18a28bccdb4","MANIFEST_BOUND","hmail-perf-pair-service-20260901","06EFCBA9520D478A6DAC7ABB7F09F3B63D015A0CD5ECA1EB4D0FD2CC8C38F9FD","net10","hmail_perf_pair_net10_20260831_head3","C:\hmail-perf-pair-service-20260901\net10\Data","393449EA88D8D3C63D044D759D715322FD07A6F365FB10F18C1F0F126C6B4675","100","15","one TCP client and one sequential IMAP session per sample","0","PASS","45FA907CE0D3797C1E13EBB2F03F076A25656CCE27E801C18F745ACD3944FBBD","5136EEC556F9790732AE759EF52F77FE6172329EA55787A80300C4A824107E46","1","430","True","False","3389.714",,"True","1000","True","True","1000","True"
"512e2cc0-5ebd-4d17-b7cf-a18a28bccdb4","MANIFEST_BOUND","hmail-perf-pair-service-20260901","06EFCBA9520D478A6DAC7ABB7F09F3B63D015A0CD5ECA1EB4D0FD2CC8C38F9FD","net10","hmail_perf_pair_net10_20260831_head3","C:\hmail-perf-pair-service-20260901\net10\Data","393449EA88D8D3C63D044D759D715322FD07A6F365FB10F18C1F0F126C6B4675","100","15","one TCP client and one sequential IMAP session per sample","0","PASS","45FA907CE0D3797C1E13EBB2F03F076A25656CCE27E801C18F745ACD3944FBBD","5136EEC556F9790732AE759EF52F77FE6172329EA55787A80300C4A824107E46","1","431","True","False","3723.283",,"True","1000","True","True","1000","True"
"512e2cc0-5ebd-4d17-b7cf-a18a28bccdb4","MANIFEST_BOUND","hmail-perf-pair-service-20260901","06EFCBA9520D478A6DAC7ABB7F09F3B63D015A0CD5ECA1EB4D0FD2CC8C38F9FD","net10","hmail_perf_pair_net10_20260831_head3","C:\hmail-perf-pair-service-20260901\net10\Data","393449EA88D8D3C63D044D759D715322FD07A6F365FB10F18C1F0F126C6B4675","100","15","one TCP client and one sequential IMAP session per sample","0","PASS","45FA907CE0D3797C1E13EBB2F03F076A25656CCE27E801C18F745ACD3944FBBD","5136EEC556F9790732AE759EF52F77FE6172329EA55787A80300C4A824107E46","1","432","True","False","3728.842",,"True","1000","True","True","1000","True"
"512e2cc0-5ebd-4d17-b7cf-a18a28bccdb4","MANIFEST_BOUND","hmail-perf-pair-service-20260901","06EFCBA9520D478A6DAC7ABB7F09F3B63D015A0CD5ECA1EB4D0FD2CC8C38F9FD","net10","hmail_perf_pair_net10_20260831_head3","C:\hmail-perf-pair-service-20260901\net10\Data","393449EA88D8D3C63D044D759D715322FD07A6F365FB10F18C1F0F126C6B4675","100","15","one TCP client and one sequential IMAP session per sample","0","PASS","45FA907CE0D3797C1E13EBB2F03F076A25656CCE27E801C18F745ACD3944FBBD","5136EEC556F9790732AE759EF52F77FE6172329EA55787A80300C4A824107E46","1","433","True","False","3709.762",,"True","1000","True","True","1000","True"
"512e2cc0-5ebd-4d17-b7cf-a18a28bccdb4","MANIFEST_BOUND","hmail-perf-pair-service-20260901","06EFCBA9520D478A6DAC7ABB7F09F3B63D015A0CD5ECA1EB4D0FD2CC8C38F9FD","net10","hmail_perf_pair_net10_20260831_head3","C:\hmail-perf-pair-service-20260901\net10\Data","393449EA88D8D3C63D044D759D715322FD07A6F365FB10F18C1F0F126C6B4675","100","15","one TCP client and one sequential IMAP session per sample","0","PASS","45FA907CE0D3797C1E13EBB2F03F076A25656CCE27E801C18F745ACD3944FBBD","5136EEC556F9790732AE759EF52F77FE6172329EA55787A80300C4A824107E46","1","434","True","False","3795.462",,"True","1000","True","True","1000","True"
"512e2cc0-5ebd-4d17-b7cf-a18a28bccdb4","MANIFEST_BOUND","hmail-perf-pair-service-20260901","06EFCBA9520D478A6DAC7ABB7F09F3B63D015A0CD5ECA1EB4D0FD2CC8C38F9FD","net10","hmail_perf_pair_net10_20260831_head3","C:\hmail-perf-pair-service-20260901\net10\Data","393449EA88D8D3C63D044D759D715322FD07A6F365FB10F18C1F0F126C6B4675","100","15","one TCP client and one sequential IMAP session per sample","0","PASS","45FA907CE0D3797C1E13EBB2F03F076A25656CCE27E801C18F745ACD3944FBBD","5136EEC556F9790732AE759EF52F77FE6172329EA55787A80300C4A824107E46","1","435","True","False","3751.533",,"True","1000","True","True","1000","True"
"512e2cc0-5ebd-4d17-b7cf-a18a28bccdb4","MANIFEST_BOUND","hmail-perf-pair-service-20260901","06EFCBA9520D478A6DAC7ABB7F09F3B63D015A0CD5ECA1EB4D0FD2CC8C38F9FD","net10","hmail_perf_pair_net10_20260831_head3","C:\hmail-perf-pair-service-20260901\net10\Data","393449EA88D8D3C63D044D759D715322FD07A6F365FB10F18C1F0F126C6B4675","100","15","one TCP client and one sequential IMAP session per sample","0","PASS","45FA907CE0D3797C1E13EBB2F03F076A25656CCE27E801C18F745ACD3944FBBD","5136EEC556F9790732AE759EF52F77FE6172329EA55787A80300C4A824107E46","1","436","True","False","3577.692",,"True","1000","True","True","1000","True"
"512e2cc0-5ebd-4d17-b7cf-a18a28bccdb4","MANIFEST_BOUND","hmail-perf-pair-service-20260901","06EFCBA9520D478A6DAC7ABB7F09F3B63D015A0CD5ECA1EB4D0FD2CC8C38F9FD","net10","hmail_perf_pair_net10_20260831_head3","C:\hmail-perf-pair-service-20260901\net10\Data","393449EA88D8D3C63D044D759D715322FD07A6F365FB10F18C1F0F126C6B4675","100","15","one TCP client and one sequential IMAP session per sample","0","PASS","45FA907CE0D3797C1E13EBB2F03F076A25656CCE27E801C18F745ACD3944FBBD","5136EEC556F9790732AE759EF52F77FE6172329EA55787A80300C4A824107E46","1","437","True","False","3747.028",,"True","1000","True","True","1000","True"
"512e2cc0-5ebd-4d17-b7cf-a18a28bccdb4","MANIFEST_BOUND","hmail-perf-pair-service-20260901","06EFCBA9520D478A6DAC7ABB7F09F3B63D015A0CD5ECA1EB4D0FD2CC8C38F9FD","net10","hmail_perf_pair_net10_20260831_head3","C:\hmail-perf-pair-service-20260901\net10\Data","393449EA88D8D3C63D044D759D715322FD07A6F365FB10F18C1F0F126C6B4675","100","15","one TCP client and one sequential IMAP session per sample","0","PASS","45FA907CE0D3797C1E13EBB2F03F076A25656CCE27E801C18F745ACD3944FBBD","5136EEC556F9790732AE759EF52F77FE6172329EA55787A80300C4A824107E46","1","438","True","False","3624.459",,"True","1000","True","True","1000","True"
"512e2cc0-5ebd-4d17-b7cf-a18a28bccdb4","MANIFEST_BOUND","hmail-perf-pair-service-20260901","06EFCBA9520D478A6DAC7ABB7F09F3B63D015A0CD5ECA1EB4D0FD2CC8C38F9FD","net10","hmail_perf_pair_net10_20260831_head3","C:\hmail-perf-pair-service-20260901\net10\Data","393449EA88D8D3C63D044D759D715322FD07A6F365FB10F18C1F0F126C6B4675","100","15","one TCP client and one sequential IMAP session per sample","0","PASS","45FA907CE0D3797C1E13EBB2F03F076A25656CCE27E801C18F745ACD3944FBBD","5136EEC556F9790732AE759EF52F77FE6172329EA55787A80300C4A824107E46","1","439","True","False","3735.879",,"True","1000","True","True","1000","True"
"512e2cc0-5ebd-4d17-b7cf-a18a28bccdb4","MANIFEST_BOUND","hmail-perf-pair-service-20260901","06EFCBA9520D478A6DAC7ABB7F09F3B63D015A0CD5ECA1EB4D0FD2CC8C38F9FD","net10","hmail_perf_pair_net10_20260831_head3","C:\hmail-perf-pair-service-20260901\net10\Data","393449EA88D8D3C63D044D759D715322FD07A6F365FB10F18C1F0F126C6B4675","100","15","one TCP client and one sequential IMAP session per sample","0","PASS","45FA907CE0D3797C1E13EBB2F03F076A25656CCE27E801C18F745ACD3944FBBD","5136EEC556F9790732AE759EF52F77FE6172329EA55787A80300C4A824107E46","1","440","True","False","3742.709",,"True","1000","True","True","1000","True"
"512e2cc0-5ebd-4d17-b7cf-a18a28bccdb4","MANIFEST_BOUND","hmail-perf-pair-service-20260901","06EFCBA9520D478A6DAC7ABB7F09F3B63D015A0CD5ECA1EB4D0FD2CC8C38F9FD","net10","hmail_perf_pair_net10_20260831_head3","C:\hmail-perf-pair-service-20260901\net10\Data","393449EA88D8D3C63D044D759D715322FD07A6F365FB10F18C1F0F126C6B4675","100","15","one TCP client and one sequential IMAP session per sample","0","PASS","45FA907CE0D3797C1E13EBB2F03F076A25656CCE27E801C18F745ACD3944FBBD","5136EEC556F9790732AE759EF52F77FE6172329EA55787A80300C4A824107E46","1","441","True","False","3580.656",,"True","1000","True","True","1000","True"
"512e2cc0-5ebd-4d17-b7cf-a18a28bccdb4","MANIFEST_BOUND","hmail-perf-pair-service-20260901","06EFCBA9520D478A6DAC7ABB7F09F3B63D015A0CD5ECA1EB4D0FD2CC8C38F9FD","net10","hmail_perf_pair_net10_20260831_head3","C:\hmail-perf-pair-service-20260901\net10\Data","393449EA88D8D3C63D044D759D715322FD07A6F365FB10F18C1F0F126C6B4675","100","15","one TCP client and one sequential IMAP session per sample","0","PASS","45FA907CE0D3797C1E13EBB2F03F076A25656CCE27E801C18F745ACD3944FBBD","5136EEC556F9790732AE759EF52F77FE6172329EA55787A80300C4A824107E46","1","442","True","False","3732.934",,"True","1000","True","True","1000","True"
"512e2cc0-5ebd-4d17-b7cf-a18a28bccdb4","MANIFEST_BOUND","hmail-perf-pair-service-20260901","06EFCBA9520D478A6DAC7ABB7F09F3B63D015A0CD5ECA1EB4D0FD2CC8C38F9FD","net10","hmail_perf_pair_net10_20260831_head3","C:\hmail-perf-pair-service-20260901\net10\Data","393449EA88D8D3C63D044D759D715322FD07A6F365FB10F18C1F0F126C6B4675","100","15","one TCP client and one sequential IMAP session per sample","0","PASS","45FA907CE0D3797C1E13EBB2F03F076A25656CCE27E801C18F745ACD3944FBBD","5136EEC556F9790732AE759EF52F77FE6172329EA55787A80300C4A824107E46","1","443","True","False","1148.844",,"True","1000","True","True","1000","True"
"512e2cc0-5ebd-4d17-b7cf-a18a28bccdb4","MANIFEST_BOUND","hmail-perf-pair-service-20260901","06EFCBA9520D478A6DAC7ABB7F09F3B63D015A0CD5ECA1EB4D0FD2CC8C38F9FD","net10","hmail_perf_pair_net10_20260831_head3","C:\hmail-perf-pair-service-20260901\net10\Data","393449EA88D8D3C63D044D759D715322FD07A6F365FB10F18C1F0F126C6B4675","100","15","one TCP client and one sequential IMAP session per sample","0","PASS","45FA907CE0D3797C1E13EBB2F03F076A25656CCE27E801C18F745ACD3944FBBD","5136EEC556F9790732AE759EF52F77FE6172329EA55787A80300C4A824107E46","1","444","True","False","3768.54",,"True","1000","True","True","1000","True"
"512e2cc0-5ebd-4d17-b7cf-a18a28bccdb4","MANIFEST_BOUND","hmail-perf-pair-service-20260901","06EFCBA9520D478A6DAC7ABB7F09F3B63D015A0CD5ECA1EB4D0FD2CC8C38F9FD","net10","hmail_perf_pair_net10_20260831_head3","C:\hmail-perf-pair-service-20260901\net10\Data","393449EA88D8D3C63D044D759D715322FD07A6F365FB10F18C1F0F126C6B4675","100","15","one TCP client and one sequential IMAP session per sample","0","PASS","45FA907CE0D3797C1E13EBB2F03F076A25656CCE27E801C18F745ACD3944FBBD","5136EEC556F9790732AE759EF52F77FE6172329EA55787A80300C4A824107E46","1","445","True","False","3708.985",,"True","1000","True","True","1000","True"
"512e2cc0-5ebd-4d17-b7cf-a18a28bccdb4","MANIFEST_BOUND","hmail-perf-pair-service-20260901","06EFCBA9520D478A6DAC7ABB7F09F3B63D015A0CD5ECA1EB4D0FD2CC8C38F9FD","net10","hmail_perf_pair_net10_20260831_head3","C:\hmail-perf-pair-service-20260901\net10\Data","393449EA88D8D3C63D044D759D715322FD07A6F365FB10F18C1F0F126C6B4675","100","15","one TCP client and one sequential IMAP session per sample","0","PASS","45FA907CE0D3797C1E13EBB2F03F076A25656CCE27E801C18F745ACD3944FBBD","5136EEC556F9790732AE759EF52F77FE6172329EA55787A80300C4A824107E46","1","446","True","False","3709.514",,"True","1000","True","True","1000","True"
"512e2cc0-5ebd-4d17-b7cf-a18a28bccdb4","MANIFEST_BOUND","hmail-perf-pair-service-20260901","06EFCBA9520D478A6DAC7ABB7F09F3B63D015A0CD5ECA1EB4D0FD2CC8C38F9FD","net10","hmail_perf_pair_net10_20260831_head3","C:\hmail-perf-pair-service-20260901\net10\Data","393449EA88D8D3C63D044D759D715322FD07A6F365FB10F18C1F0F126C6B4675","100","15","one TCP client and one sequential IMAP session per sample","0","PASS","45FA907CE0D3797C1E13EBB2F03F076A25656CCE27E801C18F745ACD3944FBBD","5136EEC556F9790732AE759EF52F77FE6172329EA55787A80300C4A824107E46","1","447","True","False","3709.204",,"True","1000","True","True","1000","True"
"512e2cc0-5ebd-4d17-b7cf-a18a28bccdb4","MANIFEST_BOUND","hmail-perf-pair-service-20260901","06EFCBA9520D478A6DAC7ABB7F09F3B63D015A0CD5ECA1EB4D0FD2CC8C38F9FD","net10","hmail_perf_pair_net10_20260831_head3","C:\hmail-perf-pair-service-20260901\net10\Data","393449EA88D8D3C63D044D759D715322FD07A6F365FB10F18C1F0F126C6B4675","100","15","one TCP client and one sequential IMAP session per sample","0","PASS","45FA907CE0D3797C1E13EBB2F03F076A25656CCE27E801C18F745ACD3944FBBD","5136EEC556F9790732AE759EF52F77FE6172329EA55787A80300C4A824107E46","1","448","True","False","3629.314",,"True","1000","True","True","1000","True"
"512e2cc0-5ebd-4d17-b7cf-a18a28bccdb4","MANIFEST_BOUND","hmail-perf-pair-service-20260901","06EFCBA9520D478A6DAC7ABB7F09F3B63D015A0CD5ECA1EB4D0FD2CC8C38F9FD","net10","hmail_perf_pair_net10_20260831_head3","C:\hmail-perf-pair-service-20260901\net10\Data","393449EA88D8D3C63D044D759D715322FD07A6F365FB10F18C1F0F126C6B4675","100","15","one TCP client and one sequential IMAP session per sample","0","PASS","45FA907CE0D3797C1E13EBB2F03F076A25656CCE27E801C18F745ACD3944FBBD","5136EEC556F9790732AE759EF52F77FE6172329EA55787A80300C4A824107E46","1","449","True","False","3577.373",,"True","1000","True","True","1000","True"
"512e2cc0-5ebd-4d17-b7cf-a18a28bccdb4","MANIFEST_BOUND","hmail-perf-pair-service-20260901","06EFCBA9520D478A6DAC7ABB7F09F3B63D015A0CD5ECA1EB4D0FD2CC8C38F9FD","net10","hmail_perf_pair_net10_20260831_head3","C:\hmail-perf-pair-service-20260901\net10\Data","393449EA88D8D3C63D044D759D715322FD07A6F365FB10F18C1F0F126C6B4675","100","15","one TCP client and one sequential IMAP session per sample","0","PASS","45FA907CE0D3797C1E13EBB2F03F076A25656CCE27E801C18F745ACD3944FBBD","5136EEC556F9790732AE759EF52F77FE6172329EA55787A80300C4A824107E46","1","450","True","False","3708.616",,"True","1000","True","True","1000","True"
"512e2cc0-5ebd-4d17-b7cf-a18a28bccdb4","MANIFEST_BOUND","hmail-perf-pair-service-20260901","06EFCBA9520D478A6DAC7ABB7F09F3B63D015A0CD5ECA1EB4D0FD2CC8C38F9FD","net10","hmail_perf_pair_net10_20260831_head3","C:\hmail-perf-pair-service-20260901\net10\Data","393449EA88D8D3C63D044D759D715322FD07A6F365FB10F18C1F0F126C6B4675","100","15","one TCP client and one sequential IMAP session per sample","0","PASS","45FA907CE0D3797C1E13EBB2F03F076A25656CCE27E801C18F745ACD3944FBBD","5136EEC556F9790732AE759EF52F77FE6172329EA55787A80300C4A824107E46","1","451","True","False","3709.868",,"True","1000","True","True","1000","True"
"512e2cc0-5ebd-4d17-b7cf-a18a28bccdb4","MANIFEST_BOUND","hmail-perf-pair-service-20260901","06EFCBA9520D478A6DAC7ABB7F09F3B63D015A0CD5ECA1EB4D0FD2CC8C38F9FD","net10","hmail_perf_pair_net10_20260831_head3","C:\hmail-perf-pair-service-20260901\net10\Data","393449EA88D8D3C63D044D759D715322FD07A6F365FB10F18C1F0F126C6B4675","100","15","one TCP client and one sequential IMAP session per sample","0","PASS","45FA907CE0D3797C1E13EBB2F03F076A25656CCE27E801C18F745ACD3944FBBD","5136EEC556F9790732AE759EF52F77FE6172329EA55787A80300C4A824107E46","1","452","True","False","3708.488",,"True","1000","True","True","1000","True"
"512e2cc0-5ebd-4d17-b7cf-a18a28bccdb4","MANIFEST_BOUND","hmail-perf-pair-service-20260901","06EFCBA9520D478A6DAC7ABB7F09F3B63D015A0CD5ECA1EB4D0FD2CC8C38F9FD","net10","hmail_perf_pair_net10_20260831_head3","C:\hmail-perf-pair-service-20260901\net10\Data","393449EA88D8D3C63D044D759D715322FD07A6F365FB10F18C1F0F126C6B4675","100","15","one TCP client and one sequential IMAP session per sample","0","PASS","45FA907CE0D3797C1E13EBB2F03F076A25656CCE27E801C18F745ACD3944FBBD","5136EEC556F9790732AE759EF52F77FE6172329EA55787A80300C4A824107E46","1","453","True","False","2816.962",,"True","1000","True","True","1000","True"
"512e2cc0-5ebd-4d17-b7cf-a18a28bccdb4","MANIFEST_BOUND","hmail-perf-pair-service-20260901","06EFCBA9520D478A6DAC7ABB7F09F3B63D015A0CD5ECA1EB4D0FD2CC8C38F9FD","net10","hmail_perf_pair_net10_20260831_head3","C:\hmail-perf-pair-service-20260901\net10\Data","393449EA88D8D3C63D044D759D715322FD07A6F365FB10F18C1F0F126C6B4675","100","15","one TCP client and one sequential IMAP session per sample","0","PASS","45FA907CE0D3797C1E13EBB2F03F076A25656CCE27E801C18F745ACD3944FBBD","5136EEC556F9790732AE759EF52F77FE6172329EA55787A80300C4A824107E46","1","454","True","False","3729.197",,"True","1000","True","True","1000","True"
"512e2cc0-5ebd-4d17-b7cf-a18a28bccdb4","MANIFEST_BOUND","hmail-perf-pair-service-20260901","06EFCBA9520D478A6DAC7ABB7F09F3B63D015A0CD5ECA1EB4D0FD2CC8C38F9FD","net10","hmail_perf_pair_net10_20260831_head3","C:\hmail-perf-pair-service-20260901\net10\Data","393449EA88D8D3C63D044D759D715322FD07A6F365FB10F18C1F0F126C6B4675","100","15","one TCP client and one sequential IMAP session per sample","0","PASS","45FA907CE0D3797C1E13EBB2F03F076A25656CCE27E801C18F745ACD3944FBBD","5136EEC556F9790732AE759EF52F77FE6172329EA55787A80300C4A824107E46","1","455","True","False","2510.176",,"True","1000","True","True","1000","True"
"512e2cc0-5ebd-4d17-b7cf-a18a28bccdb4","MANIFEST_BOUND","hmail-perf-pair-service-20260901","06EFCBA9520D478A6DAC7ABB7F09F3B63D015A0CD5ECA1EB4D0FD2CC8C38F9FD","net10","hmail_perf_pair_net10_20260831_head3","C:\hmail-perf-pair-service-20260901\net10\Data","393449EA88D8D3C63D044D759D715322FD07A6F365FB10F18C1F0F126C6B4675","100","15","one TCP client and one sequential IMAP session per sample","0","PASS","45FA907CE0D3797C1E13EBB2F03F076A25656CCE27E801C18F745ACD3944FBBD","5136EEC556F9790732AE759EF52F77FE6172329EA55787A80300C4A824107E46","1","456","True","False","3708.723",,"True","1000","True","True","1000","True"
"512e2cc0-5ebd-4d17-b7cf-a18a28bccdb4","MANIFEST_BOUND","hmail-perf-pair-service-20260901","06EFCBA9520D478A6DAC7ABB7F09F3B63D015A0CD5ECA1EB4D0FD2CC8C38F9FD","net10","hmail_perf_pair_net10_20260831_head3","C:\hmail-perf-pair-service-20260901\net10\Data","393449EA88D8D3C63D044D759D715322FD07A6F365FB10F18C1F0F126C6B4675","100","15","one TCP client and one sequential IMAP session per sample","0","PASS","45FA907CE0D3797C1E13EBB2F03F076A25656CCE27E801C18F745ACD3944FBBD","5136EEC556F9790732AE759EF52F77FE6172329EA55787A80300C4A824107E46","1","457","True","False","3694.827",,"True","1000","True","True","1000","True"
"512e2cc0-5ebd-4d17-b7cf-a18a28bccdb4","MANIFEST_BOUND","hmail-perf-pair-service-20260901","06EFCBA9520D478A6DAC7ABB7F09F3B63D015A0CD5ECA1EB4D0FD2CC8C38F9FD","net10","hmail_perf_pair_net10_20260831_head3","C:\hmail-perf-pair-service-20260901\net10\Data","393449EA88D8D3C63D044D759D715322FD07A6F365FB10F18C1F0F126C6B4675","100","15","one TCP client and one sequential IMAP session per sample","0","PASS","45FA907CE0D3797C1E13EBB2F03F076A25656CCE27E801C18F745ACD3944FBBD","5136EEC556F9790732AE759EF52F77FE6172329EA55787A80300C4A824107E46","1","458","True","False","3771.152",,"True","1000","True","True","1000","True"
"512e2cc0-5ebd-4d17-b7cf-a18a28bccdb4","MANIFEST_BOUND","hmail-perf-pair-service-20260901","06EFCBA9520D478A6DAC7ABB7F09F3B63D015A0CD5ECA1EB4D0FD2CC8C38F9FD","net10","hmail_perf_pair_net10_20260831_head3","C:\hmail-perf-pair-service-20260901\net10\Data","393449EA88D8D3C63D044D759D715322FD07A6F365FB10F18C1F0F126C6B4675","100","15","one TCP client and one sequential IMAP session per sample","0","PASS","45FA907CE0D3797C1E13EBB2F03F076A25656CCE27E801C18F745ACD3944FBBD","5136EEC556F9790732AE759EF52F77FE6172329EA55787A80300C4A824107E46","1","459","True","False","3688.166",,"True","1000","True","True","1000","True"
"512e2cc0-5ebd-4d17-b7cf-a18a28bccdb4","MANIFEST_BOUND","hmail-perf-pair-service-20260901","06EFCBA9520D478A6DAC7ABB7F09F3B63D015A0CD5ECA1EB4D0FD2CC8C38F9FD","net10","hmail_perf_pair_net10_20260831_head3","C:\hmail-perf-pair-service-20260901\net10\Data","393449EA88D8D3C63D044D759D715322FD07A6F365FB10F18C1F0F126C6B4675","100","15","one TCP client and one sequential IMAP session per sample","0","PASS","45FA907CE0D3797C1E13EBB2F03F076A25656CCE27E801C18F745ACD3944FBBD","5136EEC556F9790732AE759EF52F77FE6172329EA55787A80300C4A824107E46","1","460","True","False","3293.313",,"True","1000","True","True","1000","True"
"512e2cc0-5ebd-4d17-b7cf-a18a28bccdb4","MANIFEST_BOUND","hmail-perf-pair-service-20260901","06EFCBA9520D478A6DAC7ABB7F09F3B63D015A0CD5ECA1EB4D0FD2CC8C38F9FD","net10","hmail_perf_pair_net10_20260831_head3","C:\hmail-perf-pair-service-20260901\net10\Data","393449EA88D8D3C63D044D759D715322FD07A6F365FB10F18C1F0F126C6B4675","100","15","one TCP client and one sequential IMAP session per sample","0","PASS","45FA907CE0D3797C1E13EBB2F03F076A25656CCE27E801C18F745ACD3944FBBD","5136EEC556F9790732AE759EF52F77FE6172329EA55787A80300C4A824107E46","1","461","True","False","3708.137",,"True","1000","True","True","1000","True"
"512e2cc0-5ebd-4d17-b7cf-a18a28bccdb4","MANIFEST_BOUND","hmail-perf-pair-service-20260901","06EFCBA9520D478A6DAC7ABB7F09F3B63D015A0CD5ECA1EB4D0FD2CC8C38F9FD","net10","hmail_perf_pair_net10_20260831_head3","C:\hmail-perf-pair-service-20260901\net10\Data","393449EA88D8D3C63D044D759D715322FD07A6F365FB10F18C1F0F126C6B4675","100","15","one TCP client and one sequential IMAP session per sample","0","PASS","45FA907CE0D3797C1E13EBB2F03F076A25656CCE27E801C18F745ACD3944FBBD","5136EEC556F9790732AE759EF52F77FE6172329EA55787A80300C4A824107E46","1","462","True","False","3711.619",,"True","1000","True","True","1000","True"
"512e2cc0-5ebd-4d17-b7cf-a18a28bccdb4","MANIFEST_BOUND","hmail-perf-pair-service-20260901","06EFCBA9520D478A6DAC7ABB7F09F3B63D015A0CD5ECA1EB4D0FD2CC8C38F9FD","net10","hmail_perf_pair_net10_20260831_head3","C:\hmail-perf-pair-service-20260901\net10\Data","393449EA88D8D3C63D044D759D715322FD07A6F365FB10F18C1F0F126C6B4675","100","15","one TCP client and one sequential IMAP session per sample","0","PASS","45FA907CE0D3797C1E13EBB2F03F076A25656CCE27E801C18F745ACD3944FBBD","5136EEC556F9790732AE759EF52F77FE6172329EA55787A80300C4A824107E46","1","463","True","False","3709.518",,"True","1000","True","True","1000","True"
"512e2cc0-5ebd-4d17-b7cf-a18a28bccdb4","MANIFEST_BOUND","hmail-perf-pair-service-20260901","06EFCBA9520D478A6DAC7ABB7F09F3B63D015A0CD5ECA1EB4D0FD2CC8C38F9FD","net10","hmail_perf_pair_net10_20260831_head3","C:\hmail-perf-pair-service-20260901\net10\Data","393449EA88D8D3C63D044D759D715322FD07A6F365FB10F18C1F0F126C6B4675","100","15","one TCP client and one sequential IMAP session per sample","0","PASS","45FA907CE0D3797C1E13EBB2F03F076A25656CCE27E801C18F745ACD3944FBBD","5136EEC556F9790732AE759EF52F77FE6172329EA55787A80300C4A824107E46","1","464","True","False","3608.185",,"True","1000","True","True","1000","True"
"512e2cc0-5ebd-4d17-b7cf-a18a28bccdb4","MANIFEST_BOUND","hmail-perf-pair-service-20260901","06EFCBA9520D478A6DAC7ABB7F09F3B63D015A0CD5ECA1EB4D0FD2CC8C38F9FD","net10","hmail_perf_pair_net10_20260831_head3","C:\hmail-perf-pair-service-20260901\net10\Data","393449EA88D8D3C63D044D759D715322FD07A6F365FB10F18C1F0F126C6B4675","100","15","one TCP client and one sequential IMAP session per sample","0","PASS","45FA907CE0D3797C1E13EBB2F03F076A25656CCE27E801C18F745ACD3944FBBD","5136EEC556F9790732AE759EF52F77FE6172329EA55787A80300C4A824107E46","1","465","True","False","3884.81",,"True","1000","True","True","1000","True"
"512e2cc0-5ebd-4d17-b7cf-a18a28bccdb4","MANIFEST_BOUND","hmail-perf-pair-service-20260901","06EFCBA9520D478A6DAC7ABB7F09F3B63D015A0CD5ECA1EB4D0FD2CC8C38F9FD","net10","hmail_perf_pair_net10_20260831_head3","C:\hmail-perf-pair-service-20260901\net10\Data","393449EA88D8D3C63D044D759D715322FD07A6F365FB10F18C1F0F126C6B4675","100","15","one TCP client and one sequential IMAP session per sample","0","PASS","45FA907CE0D3797C1E13EBB2F03F076A25656CCE27E801C18F745ACD3944FBBD","5136EEC556F9790732AE759EF52F77FE6172329EA55787A80300C4A824107E46","1","466","True","False","1433.194",,"True","1000","True","True","1000","True"
"512e2cc0-5ebd-4d17-b7cf-a18a28bccdb4","MANIFEST_BOUND","hmail-perf-pair-service-20260901","06EFCBA9520D478A6DAC7ABB7F09F3B63D015A0CD5ECA1EB4D0FD2CC8C38F9FD","net10","hmail_perf_pair_net10_20260831_head3","C:\hmail-perf-pair-service-20260901\net10\Data","393449EA88D8D3C63D044D759D715322FD07A6F365FB10F18C1F0F126C6B4675","100","15","one TCP client and one sequential IMAP session per sample","0","PASS","45FA907CE0D3797C1E13EBB2F03F076A25656CCE27E801C18F745ACD3944FBBD","5136EEC556F9790732AE759EF52F77FE6172329EA55787A80300C4A824107E46","1","467","True","False","3264.206",,"True","1000","True","True","1000","True"
"512e2cc0-5ebd-4d17-b7cf-a18a28bccdb4","MANIFEST_BOUND","hmail-perf-pair-service-20260901","06EFCBA9520D478A6DAC7ABB7F09F3B63D015A0CD5ECA1EB4D0FD2CC8C38F9FD","net10","hmail_perf_pair_net10_20260831_head3","C:\hmail-perf-pair-service-20260901\net10\Data","393449EA88D8D3C63D044D759D715322FD07A6F365FB10F18C1F0F126C6B4675","100","15","one TCP client and one sequential IMAP session per sample","0","PASS","45FA907CE0D3797C1E13EBB2F03F076A25656CCE27E801C18F745ACD3944FBBD","5136EEC556F9790732AE759EF52F77FE6172329EA55787A80300C4A824107E46","1","468","True","False","3725.214",,"True","1000","True","True","1000","True"
"512e2cc0-5ebd-4d17-b7cf-a18a28bccdb4","MANIFEST_BOUND","hmail-perf-pair-service-20260901","06EFCBA9520D478A6DAC7ABB7F09F3B63D015A0CD5ECA1EB4D0FD2CC8C38F9FD","net10","hmail_perf_pair_net10_20260831_head3","C:\hmail-perf-pair-service-20260901\net10\Data","393449EA88D8D3C63D044D759D715322FD07A6F365FB10F18C1F0F126C6B4675","100","15","one TCP client and one sequential IMAP session per sample","0","PASS","45FA907CE0D3797C1E13EBB2F03F076A25656CCE27E801C18F745ACD3944FBBD","5136EEC556F9790732AE759EF52F77FE6172329EA55787A80300C4A824107E46","1","469","True","False","2689.85",,"True","1000","True","True","1000","True"
"512e2cc0-5ebd-4d17-b7cf-a18a28bccdb4","MANIFEST_BOUND","hmail-perf-pair-service-20260901","06EFCBA9520D478A6DAC7ABB7F09F3B63D015A0CD5ECA1EB4D0FD2CC8C38F9FD","net10","hmail_perf_pair_net10_20260831_head3","C:\hmail-perf-pair-service-20260901\net10\Data","393449EA88D8D3C63D044D759D715322FD07A6F365FB10F18C1F0F126C6B4675","100","15","one TCP client and one sequential IMAP session per sample","0","PASS","45FA907CE0D3797C1E13EBB2F03F076A25656CCE27E801C18F745ACD3944FBBD","5136EEC556F9790732AE759EF52F77FE6172329EA55787A80300C4A824107E46","1","470","True","False","3707.276",,"True","1000","True","True","1000","True"
"512e2cc0-5ebd-4d17-b7cf-a18a28bccdb4","MANIFEST_BOUND","hmail-perf-pair-service-20260901","06EFCBA9520D478A6DAC7ABB7F09F3B63D015A0CD5ECA1EB4D0FD2CC8C38F9FD","net10","hmail_perf_pair_net10_20260831_head3","C:\hmail-perf-pair-service-20260901\net10\Data","393449EA88D8D3C63D044D759D715322FD07A6F365FB10F18C1F0F126C6B4675","100","15","one TCP client and one sequential IMAP session per sample","0","PASS","45FA907CE0D3797C1E13EBB2F03F076A25656CCE27E801C18F745ACD3944FBBD","5136EEC556F9790732AE759EF52F77FE6172329EA55787A80300C4A824107E46","1","471","True","False","3708.557",,"True","1000","True","True","1000","True"
"512e2cc0-5ebd-4d17-b7cf-a18a28bccdb4","MANIFEST_BOUND","hmail-perf-pair-service-20260901","06EFCBA9520D478A6DAC7ABB7F09F3B63D015A0CD5ECA1EB4D0FD2CC8C38F9FD","net10","hmail_perf_pair_net10_20260831_head3","C:\hmail-perf-pair-service-20260901\net10\Data","393449EA88D8D3C63D044D759D715322FD07A6F365FB10F18C1F0F126C6B4675","100","15","one TCP client and one sequential IMAP session per sample","0","PASS","45FA907CE0D3797C1E13EBB2F03F076A25656CCE27E801C18F745ACD3944FBBD","5136EEC556F9790732AE759EF52F77FE6172329EA55787A80300C4A824107E46","1","472","True","False","3046.637",,"True","1000","True","True","1000","True"
"512e2cc0-5ebd-4d17-b7cf-a18a28bccdb4","MANIFEST_BOUND","hmail-perf-pair-service-20260901","06EFCBA9520D478A6DAC7ABB7F09F3B63D015A0CD5ECA1EB4D0FD2CC8C38F9FD","net10","hmail_perf_pair_net10_20260831_head3","C:\hmail-perf-pair-service-20260901\net10\Data","393449EA88D8D3C63D044D759D715322FD07A6F365FB10F18C1F0F126C6B4675","100","15","one TCP client and one sequential IMAP session per sample","0","PASS","45FA907CE0D3797C1E13EBB2F03F076A25656CCE27E801C18F745ACD3944FBBD","5136EEC556F9790732AE759EF52F77FE6172329EA55787A80300C4A824107E46","1","473","True","False","3688.458",,"True","1000","True","True","1000","True"
"512e2cc0-5ebd-4d17-b7cf-a18a28bccdb4","MANIFEST_BOUND","hmail-perf-pair-service-20260901","06EFCBA9520D478A6DAC7ABB7F09F3B63D015A0CD5ECA1EB4D0FD2CC8C38F9FD","net10","hmail_perf_pair_net10_20260831_head3","C:\hmail-perf-pair-service-20260901\net10\Data","393449EA88D8D3C63D044D759D715322FD07A6F365FB10F18C1F0F126C6B4675","100","15","one TCP client and one sequential IMAP session per sample","0","PASS","45FA907CE0D3797C1E13EBB2F03F076A25656CCE27E801C18F745ACD3944FBBD","5136EEC556F9790732AE759EF52F77FE6172329EA55787A80300C4A824107E46","1","474","True","False","1176.101",,"True","1000","True","True","1000","True"
"512e2cc0-5ebd-4d17-b7cf-a18a28bccdb4","MANIFEST_BOUND","hmail-perf-pair-service-20260901","06EFCBA9520D478A6DAC7ABB7F09F3B63D015A0CD5ECA1EB4D0FD2CC8C38F9FD","net10","hmail_perf_pair_net10_20260831_head3","C:\hmail-perf-pair-service-20260901\net10\Data","393449EA88D8D3C63D044D759D715322FD07A6F365FB10F18C1F0F126C6B4675","100","15","one TCP client and one sequential IMAP session per sample","0","PASS","45FA907CE0D3797C1E13EBB2F03F076A25656CCE27E801C18F745ACD3944FBBD","5136EEC556F9790732AE759EF52F77FE6172329EA55787A80300C4A824107E46","1","475","True","False","3549.982",,"True","1000","True","True","1000","True"
"512e2cc0-5ebd-4d17-b7cf-a18a28bccdb4","MANIFEST_BOUND","hmail-perf-pair-service-20260901","06EFCBA9520D478A6DAC7ABB7F09F3B63D015A0CD5ECA1EB4D0FD2CC8C38F9FD","net10","hmail_perf_pair_net10_20260831_head3","C:\hmail-perf-pair-service-20260901\net10\Data","393449EA88D8D3C63D044D759D715322FD07A6F365FB10F18C1F0F126C6B4675","100","15","one TCP client and one sequential IMAP session per sample","0","PASS","45FA907CE0D3797C1E13EBB2F03F076A25656CCE27E801C18F745ACD3944FBBD","5136EEC556F9790732AE759EF52F77FE6172329EA55787A80300C4A824107E46","1","476","True","False","3707.238",,"True","1000","True","True","1000","True"
"512e2cc0-5ebd-4d17-b7cf-a18a28bccdb4","MANIFEST_BOUND","hmail-perf-pair-service-20260901","06EFCBA9520D478A6DAC7ABB7F09F3B63D015A0CD5ECA1EB4D0FD2CC8C38F9FD","net10","hmail_perf_pair_net10_20260831_head3","C:\hmail-perf-pair-service-20260901\net10\Data","393449EA88D8D3C63D044D759D715322FD07A6F365FB10F18C1F0F126C6B4675","100","15","one TCP client and one sequential IMAP session per sample","0","PASS","45FA907CE0D3797C1E13EBB2F03F076A25656CCE27E801C18F745ACD3944FBBD","5136EEC556F9790732AE759EF52F77FE6172329EA55787A80300C4A824107E46","1","477","True","False","1622.704",,"True","1000","True","True","1000","True"
"512e2cc0-5ebd-4d17-b7cf-a18a28bccdb4","MANIFEST_BOUND","hmail-perf-pair-service-20260901","06EFCBA9520D478A6DAC7ABB7F09F3B63D015A0CD5ECA1EB4D0FD2CC8C38F9FD","net10","hmail_perf_pair_net10_20260831_head3","C:\hmail-perf-pair-service-20260901\net10\Data","393449EA88D8D3C63D044D759D715322FD07A6F365FB10F18C1F0F126C6B4675","100","15","one TCP client and one sequential IMAP session per sample","0","PASS","45FA907CE0D3797C1E13EBB2F03F076A25656CCE27E801C18F745ACD3944FBBD","5136EEC556F9790732AE759EF52F77FE6172329EA55787A80300C4A824107E46","1","478","True","False","3749.957",,"True","1000","True","True","1000","True"
"512e2cc0-5ebd-4d17-b7cf-a18a28bccdb4","MANIFEST_BOUND","hmail-perf-pair-service-20260901","06EFCBA9520D478A6DAC7ABB7F09F3B63D015A0CD5ECA1EB4D0FD2CC8C38F9FD","net10","hmail_perf_pair_net10_20260831_head3","C:\hmail-perf-pair-service-20260901\net10\Data","393449EA88D8D3C63D044D759D715322FD07A6F365FB10F18C1F0F126C6B4675","100","15","one TCP client and one sequential IMAP session per sample","0","PASS","45FA907CE0D3797C1E13EBB2F03F076A25656CCE27E801C18F745ACD3944FBBD","5136EEC556F9790732AE759EF52F77FE6172329EA55787A80300C4A824107E46","1","479","True","False","3744.854",,"True","1000","True","True","1000","True"
"512e2cc0-5ebd-4d17-b7cf-a18a28bccdb4","MANIFEST_BOUND","hmail-perf-pair-service-20260901","06EFCBA9520D478A6DAC7ABB7F09F3B63D015A0CD5ECA1EB4D0FD2CC8C38F9FD","net10","hmail_perf_pair_net10_20260831_head3","C:\hmail-perf-pair-service-20260901\net10\Data","393449EA88D8D3C63D044D759D715322FD07A6F365FB10F18C1F0F126C6B4675","100","15","one TCP client and one sequential IMAP session per sample","0","PASS","45FA907CE0D3797C1E13EBB2F03F076A25656CCE27E801C18F745ACD3944FBBD","5136EEC556F9790732AE759EF52F77FE6172329EA55787A80300C4A824107E46","1","480","True","False","2494.743",,"True","1000","True","True","1000","True"
"512e2cc0-5ebd-4d17-b7cf-a18a28bccdb4","MANIFEST_BOUND","hmail-perf-pair-service-20260901","06EFCBA9520D478A6DAC7ABB7F09F3B63D015A0CD5ECA1EB4D0FD2CC8C38F9FD","net10","hmail_perf_pair_net10_20260831_head3","C:\hmail-perf-pair-service-20260901\net10\Data","393449EA88D8D3C63D044D759D715322FD07A6F365FB10F18C1F0F126C6B4675","100","15","one TCP client and one sequential IMAP session per sample","0","PASS","45FA907CE0D3797C1E13EBB2F03F076A25656CCE27E801C18F745ACD3944FBBD","5136EEC556F9790732AE759EF52F77FE6172329EA55787A80300C4A824107E46","1","481","True","False","3644.004",,"True","1000","True","True","1000","True"
"512e2cc0-5ebd-4d17-b7cf-a18a28bccdb4","MANIFEST_BOUND","hmail-perf-pair-service-20260901","06EFCBA9520D478A6DAC7ABB7F09F3B63D015A0CD5ECA1EB4D0FD2CC8C38F9FD","net10","hmail_perf_pair_net10_20260831_head3","C:\hmail-perf-pair-service-20260901\net10\Data","393449EA88D8D3C63D044D759D715322FD07A6F365FB10F18C1F0F126C6B4675","100","15","one TCP client and one sequential IMAP session per sample","0","PASS","45FA907CE0D3797C1E13EBB2F03F076A25656CCE27E801C18F745ACD3944FBBD","5136EEC556F9790732AE759EF52F77FE6172329EA55787A80300C4A824107E46","1","482","True","False","3734.087",,"True","1000","True","True","1000","True"
"512e2cc0-5ebd-4d17-b7cf-a18a28bccdb4","MANIFEST_BOUND","hmail-perf-pair-service-20260901","06EFCBA9520D478A6DAC7ABB7F09F3B63D015A0CD5ECA1EB4D0FD2CC8C38F9FD","net10","hmail_perf_pair_net10_20260831_head3","C:\hmail-perf-pair-service-20260901\net10\Data","393449EA88D8D3C63D044D759D715322FD07A6F365FB10F18C1F0F126C6B4675","100","15","one TCP client and one sequential IMAP session per sample","0","PASS","45FA907CE0D3797C1E13EBB2F03F076A25656CCE27E801C18F745ACD3944FBBD","5136EEC556F9790732AE759EF52F77FE6172329EA55787A80300C4A824107E46","1","483","True","False","3314.228",,"True","1000","True","True","1000","True"
"512e2cc0-5ebd-4d17-b7cf-a18a28bccdb4","MANIFEST_BOUND","hmail-perf-pair-service-20260901","06EFCBA9520D478A6DAC7ABB7F09F3B63D015A0CD5ECA1EB4D0FD2CC8C38F9FD","net10","hmail_perf_pair_net10_20260831_head3","C:\hmail-perf-pair-service-20260901\net10\Data","393449EA88D8D3C63D044D759D715322FD07A6F365FB10F18C1F0F126C6B4675","100","15","one TCP client and one sequential IMAP session per sample","0","PASS","45FA907CE0D3797C1E13EBB2F03F076A25656CCE27E801C18F745ACD3944FBBD","5136EEC556F9790732AE759EF52F77FE6172329EA55787A80300C4A824107E46","1","484","True","False","3542.027",,"True","1000","True","True","1000","True"
"512e2cc0-5ebd-4d17-b7cf-a18a28bccdb4","MANIFEST_BOUND","hmail-perf-pair-service-20260901","06EFCBA9520D478A6DAC7ABB7F09F3B63D015A0CD5ECA1EB4D0FD2CC8C38F9FD","net10","hmail_perf_pair_net10_20260831_head3","C:\hmail-perf-pair-service-20260901\net10\Data","393449EA88D8D3C63D044D759D715322FD07A6F365FB10F18C1F0F126C6B4675","100","15","one TCP client and one sequential IMAP session per sample","0","PASS","45FA907CE0D3797C1E13EBB2F03F076A25656CCE27E801C18F745ACD3944FBBD","5136EEC556F9790732AE759EF52F77FE6172329EA55787A80300C4A824107E46","1","485","True","False","3767.011",,"True","1000","True","True","1000","True"
"512e2cc0-5ebd-4d17-b7cf-a18a28bccdb4","MANIFEST_BOUND","hmail-perf-pair-service-20260901","06EFCBA9520D478A6DAC7ABB7F09F3B63D015A0CD5ECA1EB4D0FD2CC8C38F9FD","net10","hmail_perf_pair_net10_20260831_head3","C:\hmail-perf-pair-service-20260901\net10\Data","393449EA88D8D3C63D044D759D715322FD07A6F365FB10F18C1F0F126C6B4675","100","15","one TCP client and one sequential IMAP session per sample","0","PASS","45FA907CE0D3797C1E13EBB2F03F076A25656CCE27E801C18F745ACD3944FBBD","5136EEC556F9790732AE759EF52F77FE6172329EA55787A80300C4A824107E46","1","486","True","False","915.664",,"True","1000","True","True","1000","True"
"512e2cc0-5ebd-4d17-b7cf-a18a28bccdb4","MANIFEST_BOUND","hmail-perf-pair-service-20260901","06EFCBA9520D478A6DAC7ABB7F09F3B63D015A0CD5ECA1EB4D0FD2CC8C38F9FD","net10","hmail_perf_pair_net10_20260831_head3","C:\hmail-perf-pair-service-20260901\net10\Data","393449EA88D8D3C63D044D759D715322FD07A6F365FB10F18C1F0F126C6B4675","100","15","one TCP client and one sequential IMAP session per sample","0","PASS","45FA907CE0D3797C1E13EBB2F03F076A25656CCE27E801C18F745ACD3944FBBD","5136EEC556F9790732AE759EF52F77FE6172329EA55787A80300C4A824107E46","1","487","True","False","3706.895",,"True","1000","True","True","1000","True"
"512e2cc0-5ebd-4d17-b7cf-a18a28bccdb4","MANIFEST_BOUND","hmail-perf-pair-service-20260901","06EFCBA9520D478A6DAC7ABB7F09F3B63D015A0CD5ECA1EB4D0FD2CC8C38F9FD","net10","hmail_perf_pair_net10_20260831_head3","C:\hmail-perf-pair-service-20260901\net10\Data","393449EA88D8D3C63D044D759D715322FD07A6F365FB10F18C1F0F126C6B4675","100","15","one TCP client and one sequential IMAP session per sample","0","PASS","45FA907CE0D3797C1E13EBB2F03F076A25656CCE27E801C18F745ACD3944FBBD","5136EEC556F9790732AE759EF52F77FE6172329EA55787A80300C4A824107E46","1","488","True","False","3556.883",,"True","1000","True","True","1000","True"
"512e2cc0-5ebd-4d17-b7cf-a18a28bccdb4","MANIFEST_BOUND","hmail-perf-pair-service-20260901","06EFCBA9520D478A6DAC7ABB7F09F3B63D015A0CD5ECA1EB4D0FD2CC8C38F9FD","net10","hmail_perf_pair_net10_20260831_head3","C:\hmail-perf-pair-service-20260901\net10\Data","393449EA88D8D3C63D044D759D715322FD07A6F365FB10F18C1F0F126C6B4675","100","15","one TCP client and one sequential IMAP session per sample","0","PASS","45FA907CE0D3797C1E13EBB2F03F076A25656CCE27E801C18F745ACD3944FBBD","5136EEC556F9790732AE759EF52F77FE6172329EA55787A80300C4A824107E46","1","489","True","False","3739.212",,"True","1000","True","True","1000","True"
"512e2cc0-5ebd-4d17-b7cf-a18a28bccdb4","MANIFEST_BOUND","hmail-perf-pair-service-20260901","06EFCBA9520D478A6DAC7ABB7F09F3B63D015A0CD5ECA1EB4D0FD2CC8C38F9FD","net10","hmail_perf_pair_net10_20260831_head3","C:\hmail-perf-pair-service-20260901\net10\Data","393449EA88D8D3C63D044D759D715322FD07A6F365FB10F18C1F0F126C6B4675","100","15","one TCP client and one sequential IMAP session per sample","0","PASS","45FA907CE0D3797C1E13EBB2F03F076A25656CCE27E801C18F745ACD3944FBBD","5136EEC556F9790732AE759EF52F77FE6172329EA55787A80300C4A824107E46","1","490","True","False","3584.207",,"True","1000","True","True","1000","True"
"512e2cc0-5ebd-4d17-b7cf-a18a28bccdb4","MANIFEST_BOUND","hmail-perf-pair-service-20260901","06EFCBA9520D478A6DAC7ABB7F09F3B63D015A0CD5ECA1EB4D0FD2CC8C38F9FD","net10","hmail_perf_pair_net10_20260831_head3","C:\hmail-perf-pair-service-20260901\net10\Data","393449EA88D8D3C63D044D759D715322FD07A6F365FB10F18C1F0F126C6B4675","100","15","one TCP client and one sequential IMAP session per sample","0","PASS","45FA907CE0D3797C1E13EBB2F03F076A25656CCE27E801C18F745ACD3944FBBD","5136EEC556F9790732AE759EF52F77FE6172329EA55787A80300C4A824107E46","1","491","True","False","1147.653",,"True","1000","True","True","1000","True"
"512e2cc0-5ebd-4d17-b7cf-a18a28bccdb4","MANIFEST_BOUND","hmail-perf-pair-service-20260901","06EFCBA9520D478A6DAC7ABB7F09F3B63D015A0CD5ECA1EB4D0FD2CC8C38F9FD","net10","hmail_perf_pair_net10_20260831_head3","C:\hmail-perf-pair-service-20260901\net10\Data","393449EA88D8D3C63D044D759D715322FD07A6F365FB10F18C1F0F126C6B4675","100","15","one TCP client and one sequential IMAP session per sample","0","PASS","45FA907CE0D3797C1E13EBB2F03F076A25656CCE27E801C18F745ACD3944FBBD","5136EEC556F9790732AE759EF52F77FE6172329EA55787A80300C4A824107E46","1","492","True","False","3745.103",,"True","1000","True","True","1000","True"
"512e2cc0-5ebd-4d17-b7cf-a18a28bccdb4","MANIFEST_BOUND","hmail-perf-pair-service-20260901","06EFCBA9520D478A6DAC7ABB7F09F3B63D015A0CD5ECA1EB4D0FD2CC8C38F9FD","net10","hmail_perf_pair_net10_20260831_head3","C:\hmail-perf-pair-service-20260901\net10\Data","393449EA88D8D3C63D044D759D715322FD07A6F365FB10F18C1F0F126C6B4675","100","15","one TCP client and one sequential IMAP session per sample","0","PASS","45FA907CE0D3797C1E13EBB2F03F076A25656CCE27E801C18F745ACD3944FBBD","5136EEC556F9790732AE759EF52F77FE6172329EA55787A80300C4A824107E46","1","493","True","False","3957.439",,"True","1000","True","True","1000","True"
"512e2cc0-5ebd-4d17-b7cf-a18a28bccdb4","MANIFEST_BOUND","hmail-perf-pair-service-20260901","06EFCBA9520D478A6DAC7ABB7F09F3B63D015A0CD5ECA1EB4D0FD2CC8C38F9FD","net10","hmail_perf_pair_net10_20260831_head3","C:\hmail-perf-pair-service-20260901\net10\Data","393449EA88D8D3C63D044D759D715322FD07A6F365FB10F18C1F0F126C6B4675","100","15","one TCP client and one sequential IMAP session per sample","0","PASS","45FA907CE0D3797C1E13EBB2F03F076A25656CCE27E801C18F745ACD3944FBBD","5136EEC556F9790732AE759EF52F77FE6172329EA55787A80300C4A824107E46","1","494","True","False","3740.693",,"True","1000","True","True","1000","True"
"512e2cc0-5ebd-4d17-b7cf-a18a28bccdb4","MANIFEST_BOUND","hmail-perf-pair-service-20260901","06EFCBA9520D478A6DAC7ABB7F09F3B63D015A0CD5ECA1EB4D0FD2CC8C38F9FD","net10","hmail_perf_pair_net10_20260831_head3","C:\hmail-perf-pair-service-20260901\net10\Data","393449EA88D8D3C63D044D759D715322FD07A6F365FB10F18C1F0F126C6B4675","100","15","one TCP client and one sequential IMAP session per sample","0","PASS","45FA907CE0D3797C1E13EBB2F03F076A25656CCE27E801C18F745ACD3944FBBD","5136EEC556F9790732AE759EF52F77FE6172329EA55787A80300C4A824107E46","1","495","True","False","3710.758",,"True","1000","True","True","1000","True"
"512e2cc0-5ebd-4d17-b7cf-a18a28bccdb4","MANIFEST_BOUND","hmail-perf-pair-service-20260901","06EFCBA9520D478A6DAC7ABB7F09F3B63D015A0CD5ECA1EB4D0FD2CC8C38F9FD","net10","hmail_perf_pair_net10_20260831_head3","C:\hmail-perf-pair-service-20260901\net10\Data","393449EA88D8D3C63D044D759D715322FD07A6F365FB10F18C1F0F126C6B4675","100","15","one TCP client and one sequential IMAP session per sample","0","PASS","45FA907CE0D3797C1E13EBB2F03F076A25656CCE27E801C18F745ACD3944FBBD","5136EEC556F9790732AE759EF52F77FE6172329EA55787A80300C4A824107E46","1","496","True","False","3542.082",,"True","1000","True","True","1000","True"
"512e2cc0-5ebd-4d17-b7cf-a18a28bccdb4","MANIFEST_BOUND","hmail-perf-pair-service-20260901","06EFCBA9520D478A6DAC7ABB7F09F3B63D015A0CD5ECA1EB4D0FD2CC8C38F9FD","net10","hmail_perf_pair_net10_20260831_head3","C:\hmail-perf-pair-service-20260901\net10\Data","393449EA88D8D3C63D044D759D715322FD07A6F365FB10F18C1F0F126C6B4675","100","15","one TCP client and one sequential IMAP session per sample","0","PASS","45FA907CE0D3797C1E13EBB2F03F076A25656CCE27E801C18F745ACD3944FBBD","5136EEC556F9790732AE759EF52F77FE6172329EA55787A80300C4A824107E46","1","497","True","False","3719.334",,"True","1000","True","True","1000","True"
"512e2cc0-5ebd-4d17-b7cf-a18a28bccdb4","MANIFEST_BOUND","hmail-perf-pair-service-20260901","06EFCBA9520D478A6DAC7ABB7F09F3B63D015A0CD5ECA1EB4D0FD2CC8C38F9FD","net10","hmail_perf_pair_net10_20260831_head3","C:\hmail-perf-pair-service-20260901\net10\Data","393449EA88D8D3C63D044D759D715322FD07A6F365FB10F18C1F0F126C6B4675","100","15","one TCP client and one sequential IMAP session per sample","0","PASS","45FA907CE0D3797C1E13EBB2F03F076A25656CCE27E801C18F745ACD3944FBBD","5136EEC556F9790732AE759EF52F77FE6172329EA55787A80300C4A824107E46","1","498","True","False","3333.761",,"True","1000","True","True","1000","True"
"512e2cc0-5ebd-4d17-b7cf-a18a28bccdb4","MANIFEST_BOUND","hmail-perf-pair-service-20260901","06EFCBA9520D478A6DAC7ABB7F09F3B63D015A0CD5ECA1EB4D0FD2CC8C38F9FD","net10","hmail_perf_pair_net10_20260831_head3","C:\hmail-perf-pair-service-20260901\net10\Data","393449EA88D8D3C63D044D759D715322FD07A6F365FB10F18C1F0F126C6B4675","100","15","one TCP client and one sequential IMAP session per sample","0","PASS","45FA907CE0D3797C1E13EBB2F03F076A25656CCE27E801C18F745ACD3944FBBD","5136EEC556F9790732AE759EF52F77FE6172329EA55787A80300C4A824107E46","1","499","True","False","1297.211",,"True","1000","True","True","1000","True"
"512e2cc0-5ebd-4d17-b7cf-a18a28bccdb4","MANIFEST_BOUND","hmail-perf-pair-service-20260901","06EFCBA9520D478A6DAC7ABB7F09F3B63D015A0CD5ECA1EB4D0FD2CC8C38F9FD","net10","hmail_perf_pair_net10_20260831_head3","C:\hmail-perf-pair-service-20260901\net10\Data","393449EA88D8D3C63D044D759D715322FD07A6F365FB10F18C1F0F126C6B4675","100","15","one TCP client and one sequential IMAP session per sample","0","PASS","45FA907CE0D3797C1E13EBB2F03F076A25656CCE27E801C18F745ACD3944FBBD","5136EEC556F9790732AE759EF52F77FE6172329EA55787A80300C4A824107E46","1","500","True","False","3743.366",,"True","1000","True","True","1000","True"
"512e2cc0-5ebd-4d17-b7cf-a18a28bccdb4","MANIFEST_BOUND","hmail-perf-pair-service-20260901","06EFCBA9520D478A6DAC7ABB7F09F3B63D015A0CD5ECA1EB4D0FD2CC8C38F9FD","net10","hmail_perf_pair_net10_20260831_head3","C:\hmail-perf-pair-service-20260901\net10\Data","393449EA88D8D3C63D044D759D715322FD07A6F365FB10F18C1F0F126C6B4675","100","15","one TCP client and one sequential IMAP session per sample","0","PASS","45FA907CE0D3797C1E13EBB2F03F076A25656CCE27E801C18F745ACD3944FBBD","5136EEC556F9790732AE759EF52F77FE6172329EA55787A80300C4A824107E46","1","501","True","False","3726.317",,"True","1000","True","True","1000","True"
"512e2cc0-5ebd-4d17-b7cf-a18a28bccdb4","MANIFEST_BOUND","hmail-perf-pair-service-20260901","06EFCBA9520D478A6DAC7ABB7F09F3B63D015A0CD5ECA1EB4D0FD2CC8C38F9FD","net10","hmail_perf_pair_net10_20260831_head3","C:\hmail-perf-pair-service-20260901\net10\Data","393449EA88D8D3C63D044D759D715322FD07A6F365FB10F18C1F0F126C6B4675","100","15","one TCP client and one sequential IMAP session per sample","0","PASS","45FA907CE0D3797C1E13EBB2F03F076A25656CCE27E801C18F745ACD3944FBBD","5136EEC556F9790732AE759EF52F77FE6172329EA55787A80300C4A824107E46","1","502","True","False","1146.958",,"True","1000","True","True","1000","True"
"512e2cc0-5ebd-4d17-b7cf-a18a28bccdb4","MANIFEST_BOUND","hmail-perf-pair-service-20260901","06EFCBA9520D478A6DAC7ABB7F09F3B63D015A0CD5ECA1EB4D0FD2CC8C38F9FD","net10","hmail_perf_pair_net10_20260831_head3","C:\hmail-perf-pair-service-20260901\net10\Data","393449EA88D8D3C63D044D759D715322FD07A6F365FB10F18C1F0F126C6B4675","100","15","one TCP client and one sequential IMAP session per sample","0","PASS","45FA907CE0D3797C1E13EBB2F03F076A25656CCE27E801C18F745ACD3944FBBD","5136EEC556F9790732AE759EF52F77FE6172329EA55787A80300C4A824107E46","1","503","True","False","3794.574",,"True","1000","True","True","1000","True"
"512e2cc0-5ebd-4d17-b7cf-a18a28bccdb4","MANIFEST_BOUND","hmail-perf-pair-service-20260901","06EFCBA9520D478A6DAC7ABB7F09F3B63D015A0CD5ECA1EB4D0FD2CC8C38F9FD","net10","hmail_perf_pair_net10_20260831_head3","C:\hmail-perf-pair-service-20260901\net10\Data","393449EA88D8D3C63D044D759D715322FD07A6F365FB10F18C1F0F126C6B4675","100","15","one TCP client and one sequential IMAP session per sample","0","PASS","45FA907CE0D3797C1E13EBB2F03F076A25656CCE27E801C18F745ACD3944FBBD","5136EEC556F9790732AE759EF52F77FE6172329EA55787A80300C4A824107E46","1","504","True","False","3733.359",,"True","1000","True","True","1000","True"
"512e2cc0-5ebd-4d17-b7cf-a18a28bccdb4","MANIFEST_BOUND","hmail-perf-pair-service-20260901","06EFCBA9520D478A6DAC7ABB7F09F3B63D015A0CD5ECA1EB4D0FD2CC8C38F9FD","net10","hmail_perf_pair_net10_20260831_head3","C:\hmail-perf-pair-service-20260901\net10\Data","393449EA88D8D3C63D044D759D715322FD07A6F365FB10F18C1F0F126C6B4675","100","15","one TCP client and one sequential IMAP session per sample","0","PASS","45FA907CE0D3797C1E13EBB2F03F076A25656CCE27E801C18F745ACD3944FBBD","5136EEC556F9790732AE759EF52F77FE6172329EA55787A80300C4A824107E46","1","505","True","False","3647.533",,"True","1000","True","True","1000","True"
"512e2cc0-5ebd-4d17-b7cf-a18a28bccdb4","MANIFEST_BOUND","hmail-perf-pair-service-20260901","06EFCBA9520D478A6DAC7ABB7F09F3B63D015A0CD5ECA1EB4D0FD2CC8C38F9FD","net10","hmail_perf_pair_net10_20260831_head3","C:\hmail-perf-pair-service-20260901\net10\Data","393449EA88D8D3C63D044D759D715322FD07A6F365FB10F18C1F0F126C6B4675","100","15","one TCP client and one sequential IMAP session per sample","0","PASS","45FA907CE0D3797C1E13EBB2F03F076A25656CCE27E801C18F745ACD3944FBBD","5136EEC556F9790732AE759EF52F77FE6172329EA55787A80300C4A824107E46","1","506","True","False","1146.688",,"True","1000","True","True","1000","True"
"512e2cc0-5ebd-4d17-b7cf-a18a28bccdb4","MANIFEST_BOUND","hmail-perf-pair-service-20260901","06EFCBA9520D478A6DAC7ABB7F09F3B63D015A0CD5ECA1EB4D0FD2CC8C38F9FD","net10","hmail_perf_pair_net10_20260831_head3","C:\hmail-perf-pair-service-20260901\net10\Data","393449EA88D8D3C63D044D759D715322FD07A6F365FB10F18C1F0F126C6B4675","100","15","one TCP client and one sequential IMAP session per sample","0","PASS","45FA907CE0D3797C1E13EBB2F03F076A25656CCE27E801C18F745ACD3944FBBD","5136EEC556F9790732AE759EF52F77FE6172329EA55787A80300C4A824107E46","1","507","True","False","3706.782",,"True","1000","True","True","1000","True"
"512e2cc0-5ebd-4d17-b7cf-a18a28bccdb4","MANIFEST_BOUND","hmail-perf-pair-service-20260901","06EFCBA9520D478A6DAC7ABB7F09F3B63D015A0CD5ECA1EB4D0FD2CC8C38F9FD","net10","hmail_perf_pair_net10_20260831_head3","C:\hmail-perf-pair-service-20260901\net10\Data","393449EA88D8D3C63D044D759D715322FD07A6F365FB10F18C1F0F126C6B4675","100","15","one TCP client and one sequential IMAP session per sample","0","PASS","45FA907CE0D3797C1E13EBB2F03F076A25656CCE27E801C18F745ACD3944FBBD","5136EEC556F9790732AE759EF52F77FE6172329EA55787A80300C4A824107E46","1","508","True","False","3640.361",,"True","1000","True","True","1000","True"
"512e2cc0-5ebd-4d17-b7cf-a18a28bccdb4","MANIFEST_BOUND","hmail-perf-pair-service-20260901","06EFCBA9520D478A6DAC7ABB7F09F3B63D015A0CD5ECA1EB4D0FD2CC8C38F9FD","net10","hmail_perf_pair_net10_20260831_head3","C:\hmail-perf-pair-service-20260901\net10\Data","393449EA88D8D3C63D044D759D715322FD07A6F365FB10F18C1F0F126C6B4675","100","15","one TCP client and one sequential IMAP session per sample","0","PASS","45FA907CE0D3797C1E13EBB2F03F076A25656CCE27E801C18F745ACD3944FBBD","5136EEC556F9790732AE759EF52F77FE6172329EA55787A80300C4A824107E46","1","509","True","False","3765.174",,"True","1000","True","True","1000","True"
"512e2cc0-5ebd-4d17-b7cf-a18a28bccdb4","MANIFEST_BOUND","hmail-perf-pair-service-20260901","06EFCBA9520D478A6DAC7ABB7F09F3B63D015A0CD5ECA1EB4D0FD2CC8C38F9FD","net10","hmail_perf_pair_net10_20260831_head3","C:\hmail-perf-pair-service-20260901\net10\Data","393449EA88D8D3C63D044D759D715322FD07A6F365FB10F18C1F0F126C6B4675","100","15","one TCP client and one sequential IMAP session per sample","0","PASS","45FA907CE0D3797C1E13EBB2F03F076A25656CCE27E801C18F745ACD3944FBBD","5136EEC556F9790732AE759EF52F77FE6172329EA55787A80300C4A824107E46","1","510","True","False","3597.615",,"True","1000","True","True","1000","True"
"512e2cc0-5ebd-4d17-b7cf-a18a28bccdb4","MANIFEST_BOUND","hmail-perf-pair-service-20260901","06EFCBA9520D478A6DAC7ABB7F09F3B63D015A0CD5ECA1EB4D0FD2CC8C38F9FD","net10","hmail_perf_pair_net10_20260831_head3","C:\hmail-perf-pair-service-20260901\net10\Data","393449EA88D8D3C63D044D759D715322FD07A6F365FB10F18C1F0F126C6B4675","100","15","one TCP client and one sequential IMAP session per sample","0","PASS","45FA907CE0D3797C1E13EBB2F03F076A25656CCE27E801C18F745ACD3944FBBD","5136EEC556F9790732AE759EF52F77FE6172329EA55787A80300C4A824107E46","1","511","True","False","2947.452",,"True","1000","True","True","1000","True"
"512e2cc0-5ebd-4d17-b7cf-a18a28bccdb4","MANIFEST_BOUND","hmail-perf-pair-service-20260901","06EFCBA9520D478A6DAC7ABB7F09F3B63D015A0CD5ECA1EB4D0FD2CC8C38F9FD","net10","hmail_perf_pair_net10_20260831_head3","C:\hmail-perf-pair-service-20260901\net10\Data","393449EA88D8D3C63D044D759D715322FD07A6F365FB10F18C1F0F126C6B4675","100","15","one TCP client and one sequential IMAP session per sample","0","PASS","45FA907CE0D3797C1E13EBB2F03F076A25656CCE27E801C18F745ACD3944FBBD","5136EEC556F9790732AE759EF52F77FE6172329EA55787A80300C4A824107E46","1","512","True","False","3769.762",,"True","1000","True","True","1000","True"
"512e2cc0-5ebd-4d17-b7cf-a18a28bccdb4","MANIFEST_BOUND","hmail-perf-pair-service-20260901","06EFCBA9520D478A6DAC7ABB7F09F3B63D015A0CD5ECA1EB4D0FD2CC8C38F9FD","net10","hmail_perf_pair_net10_20260831_head3","C:\hmail-perf-pair-service-20260901\net10\Data","393449EA88D8D3C63D044D759D715322FD07A6F365FB10F18C1F0F126C6B4675","100","15","one TCP client and one sequential IMAP session per sample","0","PASS","45FA907CE0D3797C1E13EBB2F03F076A25656CCE27E801C18F745ACD3944FBBD","5136EEC556F9790732AE759EF52F77FE6172329EA55787A80300C4A824107E46","1","513","True","False","3549.926",,"True","1000","True","True","1000","True"
"512e2cc0-5ebd-4d17-b7cf-a18a28bccdb4","MANIFEST_BOUND","hmail-perf-pair-service-20260901","06EFCBA9520D478A6DAC7ABB7F09F3B63D015A0CD5ECA1EB4D0FD2CC8C38F9FD","net10","hmail_perf_pair_net10_20260831_head3","C:\hmail-perf-pair-service-20260901\net10\Data","393449EA88D8D3C63D044D759D715322FD07A6F365FB10F18C1F0F126C6B4675","100","15","one TCP client and one sequential IMAP session per sample","0","PASS","45FA907CE0D3797C1E13EBB2F03F076A25656CCE27E801C18F745ACD3944FBBD","5136EEC556F9790732AE759EF52F77FE6172329EA55787A80300C4A824107E46","1","514","True","False","3730.36",,"True","1000","True","True","1000","True"
"512e2cc0-5ebd-4d17-b7cf-a18a28bccdb4","MANIFEST_BOUND","hmail-perf-pair-service-20260901","06EFCBA9520D478A6DAC7ABB7F09F3B63D015A0CD5ECA1EB4D0FD2CC8C38F9FD","net10","hmail_perf_pair_net10_20260831_head3","C:\hmail-perf-pair-service-20260901\net10\Data","393449EA88D8D3C63D044D759D715322FD07A6F365FB10F18C1F0F126C6B4675","100","15","one TCP client and one sequential IMAP session per sample","0","PASS","45FA907CE0D3797C1E13EBB2F03F076A25656CCE27E801C18F745ACD3944FBBD","5136EEC556F9790732AE759EF52F77FE6172329EA55787A80300C4A824107E46","1","515","True","False","3718.828",,"True","1000","True","True","1000","True"
"512e2cc0-5ebd-4d17-b7cf-a18a28bccdb4","MANIFEST_BOUND","hmail-perf-pair-service-20260901","06EFCBA9520D478A6DAC7ABB7F09F3B63D015A0CD5ECA1EB4D0FD2CC8C38F9FD","net10","hmail_perf_pair_net10_20260831_head3","C:\hmail-perf-pair-service-20260901\net10\Data","393449EA88D8D3C63D044D759D715322FD07A6F365FB10F18C1F0F126C6B4675","100","15","one TCP client and one sequential IMAP session per sample","0","PASS","45FA907CE0D3797C1E13EBB2F03F076A25656CCE27E801C18F745ACD3944FBBD","5136EEC556F9790732AE759EF52F77FE6172329EA55787A80300C4A824107E46","1","516","True","False","3770.099",,"True","1000","True","True","1000","True"
"512e2cc0-5ebd-4d17-b7cf-a18a28bccdb4","MANIFEST_BOUND","hmail-perf-pair-service-20260901","06EFCBA9520D478A6DAC7ABB7F09F3B63D015A0CD5ECA1EB4D0FD2CC8C38F9FD","net10","hmail_perf_pair_net10_20260831_head3","C:\hmail-perf-pair-service-20260901\net10\Data","393449EA88D8D3C63D044D759D715322FD07A6F365FB10F18C1F0F126C6B4675","100","15","one TCP client and one sequential IMAP session per sample","0","PASS","45FA907CE0D3797C1E13EBB2F03F076A25656CCE27E801C18F745ACD3944FBBD","5136EEC556F9790732AE759EF52F77FE6172329EA55787A80300C4A824107E46","1","517","True","False","3718.672",,"True","1000","True","True","1000","True"
"512e2cc0-5ebd-4d17-b7cf-a18a28bccdb4","MANIFEST_BOUND","hmail-perf-pair-service-20260901","06EFCBA9520D478A6DAC7ABB7F09F3B63D015A0CD5ECA1EB4D0FD2CC8C38F9FD","net10","hmail_perf_pair_net10_20260831_head3","C:\hmail-perf-pair-service-20260901\net10\Data","393449EA88D8D3C63D044D759D715322FD07A6F365FB10F18C1F0F126C6B4675","100","15","one TCP client and one sequential IMAP session per sample","0","PASS","45FA907CE0D3797C1E13EBB2F03F076A25656CCE27E801C18F745ACD3944FBBD","5136EEC556F9790732AE759EF52F77FE6172329EA55787A80300C4A824107E46","1","518","True","False","3867.195",,"True","1000","True","True","1000","True"
"512e2cc0-5ebd-4d17-b7cf-a18a28bccdb4","MANIFEST_BOUND","hmail-perf-pair-service-20260901","06EFCBA9520D478A6DAC7ABB7F09F3B63D015A0CD5ECA1EB4D0FD2CC8C38F9FD","net10","hmail_perf_pair_net10_20260831_head3","C:\hmail-perf-pair-service-20260901\net10\Data","393449EA88D8D3C63D044D759D715322FD07A6F365FB10F18C1F0F126C6B4675","100","15","one TCP client and one sequential IMAP session per sample","0","PASS","45FA907CE0D3797C1E13EBB2F03F076A25656CCE27E801C18F745ACD3944FBBD","5136EEC556F9790732AE759EF52F77FE6172329EA55787A80300C4A824107E46","1","519","True","False","3730.705",,"True","1000","True","True","1000","True"
"512e2cc0-5ebd-4d17-b7cf-a18a28bccdb4","MANIFEST_BOUND","hmail-perf-pair-service-20260901","06EFCBA9520D478A6DAC7ABB7F09F3B63D015A0CD5ECA1EB4D0FD2CC8C38F9FD","net10","hmail_perf_pair_net10_20260831_head3","C:\hmail-perf-pair-service-20260901\net10\Data","393449EA88D8D3C63D044D759D715322FD07A6F365FB10F18C1F0F126C6B4675","100","15","one TCP client and one sequential IMAP session per sample","0","PASS","45FA907CE0D3797C1E13EBB2F03F076A25656CCE27E801C18F745ACD3944FBBD","5136EEC556F9790732AE759EF52F77FE6172329EA55787A80300C4A824107E46","1","520","True","False","3371.484",,"True","1000","True","True","1000","True"
"512e2cc0-5ebd-4d17-b7cf-a18a28bccdb4","MANIFEST_BOUND","hmail-perf-pair-service-20260901","06EFCBA9520D478A6DAC7ABB7F09F3B63D015A0CD5ECA1EB4D0FD2CC8C38F9FD","net10","hmail_perf_pair_net10_20260831_head3","C:\hmail-perf-pair-service-20260901\net10\Data","393449EA88D8D3C63D044D759D715322FD07A6F365FB10F18C1F0F126C6B4675","100","15","one TCP client and one sequential IMAP session per sample","0","PASS","45FA907CE0D3797C1E13EBB2F03F076A25656CCE27E801C18F745ACD3944FBBD","5136EEC556F9790732AE759EF52F77FE6172329EA55787A80300C4A824107E46","1","521","True","False","3610.756",,"True","1000","True","True","1000","True"
"512e2cc0-5ebd-4d17-b7cf-a18a28bccdb4","MANIFEST_BOUND","hmail-perf-pair-service-20260901","06EFCBA9520D478A6DAC7ABB7F09F3B63D015A0CD5ECA1EB4D0FD2CC8C38F9FD","net10","hmail_perf_pair_net10_20260831_head3","C:\hmail-perf-pair-service-20260901\net10\Data","393449EA88D8D3C63D044D759D715322FD07A6F365FB10F18C1F0F126C6B4675","100","15","one TCP client and one sequential IMAP session per sample","0","PASS","45FA907CE0D3797C1E13EBB2F03F076A25656CCE27E801C18F745ACD3944FBBD","5136EEC556F9790732AE759EF52F77FE6172329EA55787A80300C4A824107E46","1","522","True","False","3575.724",,"True","1000","True","True","1000","True"
"512e2cc0-5ebd-4d17-b7cf-a18a28bccdb4","MANIFEST_BOUND","hmail-perf-pair-service-20260901","06EFCBA9520D478A6DAC7ABB7F09F3B63D015A0CD5ECA1EB4D0FD2CC8C38F9FD","net10","hmail_perf_pair_net10_20260831_head3","C:\hmail-perf-pair-service-20260901\net10\Data","393449EA88D8D3C63D044D759D715322FD07A6F365FB10F18C1F0F126C6B4675","100","15","one TCP client and one sequential IMAP session per sample","0","PASS","45FA907CE0D3797C1E13EBB2F03F076A25656CCE27E801C18F745ACD3944FBBD","5136EEC556F9790732AE759EF52F77FE6172329EA55787A80300C4A824107E46","1","523","True","False","3732.729",,"True","1000","True","True","1000","True"
"512e2cc0-5ebd-4d17-b7cf-a18a28bccdb4","MANIFEST_BOUND","hmail-perf-pair-service-20260901","06EFCBA9520D478A6DAC7ABB7F09F3B63D015A0CD5ECA1EB4D0FD2CC8C38F9FD","net10","hmail_perf_pair_net10_20260831_head3","C:\hmail-perf-pair-service-20260901\net10\Data","393449EA88D8D3C63D044D759D715322FD07A6F365FB10F18C1F0F126C6B4675","100","15","one TCP client and one sequential IMAP session per sample","0","PASS","45FA907CE0D3797C1E13EBB2F03F076A25656CCE27E801C18F745ACD3944FBBD","5136EEC556F9790732AE759EF52F77FE6172329EA55787A80300C4A824107E46","1","524","True","False","3505.714",,"True","1000","True","True","1000","True"
"512e2cc0-5ebd-4d17-b7cf-a18a28bccdb4","MANIFEST_BOUND","hmail-perf-pair-service-20260901","06EFCBA9520D478A6DAC7ABB7F09F3B63D015A0CD5ECA1EB4D0FD2CC8C38F9FD","net10","hmail_perf_pair_net10_20260831_head3","C:\hmail-perf-pair-service-20260901\net10\Data","393449EA88D8D3C63D044D759D715322FD07A6F365FB10F18C1F0F126C6B4675","100","15","one TCP client and one sequential IMAP session per sample","0","PASS","45FA907CE0D3797C1E13EBB2F03F076A25656CCE27E801C18F745ACD3944FBBD","5136EEC556F9790732AE759EF52F77FE6172329EA55787A80300C4A824107E46","1","525","True","False","2808.833",,"True","1000","True","True","1000","True"
"512e2cc0-5ebd-4d17-b7cf-a18a28bccdb4","MANIFEST_BOUND","hmail-perf-pair-service-20260901","06EFCBA9520D478A6DAC7ABB7F09F3B63D015A0CD5ECA1EB4D0FD2CC8C38F9FD","net10","hmail_perf_pair_net10_20260831_head3","C:\hmail-perf-pair-service-20260901\net10\Data","393449EA88D8D3C63D044D759D715322FD07A6F365FB10F18C1F0F126C6B4675","100","15","one TCP client and one sequential IMAP session per sample","0","PASS","45FA907CE0D3797C1E13EBB2F03F076A25656CCE27E801C18F745ACD3944FBBD","5136EEC556F9790732AE759EF52F77FE6172329EA55787A80300C4A824107E46","1","526","True","False","3390.054",,"True","1000","True","True","1000","True"
"512e2cc0-5ebd-4d17-b7cf-a18a28bccdb4","MANIFEST_BOUND","hmail-perf-pair-service-20260901","06EFCBA9520D478A6DAC7ABB7F09F3B63D015A0CD5ECA1EB4D0FD2CC8C38F9FD","net10","hmail_perf_pair_net10_20260831_head3","C:\hmail-perf-pair-service-20260901\net10\Data","393449EA88D8D3C63D044D759D715322FD07A6F365FB10F18C1F0F126C6B4675","100","15","one TCP client and one sequential IMAP session per sample","0","PASS","45FA907CE0D3797C1E13EBB2F03F076A25656CCE27E801C18F745ACD3944FBBD","5136EEC556F9790732AE759EF52F77FE6172329EA55787A80300C4A824107E46","1","527","True","False","3355.707",,"True","1000","True","True","1000","True"
"512e2cc0-5ebd-4d17-b7cf-a18a28bccdb4","MANIFEST_BOUND","hmail-perf-pair-service-20260901","06EFCBA9520D478A6DAC7ABB7F09F3B63D015A0CD5ECA1EB4D0FD2CC8C38F9FD","net10","hmail_perf_pair_net10_20260831_head3","C:\hmail-perf-pair-service-20260901\net10\Data","393449EA88D8D3C63D044D759D715322FD07A6F365FB10F18C1F0F126C6B4675","100","15","one TCP client and one sequential IMAP session per sample","0","PASS","45FA907CE0D3797C1E13EBB2F03F076A25656CCE27E801C18F745ACD3944FBBD","5136EEC556F9790732AE759EF52F77FE6172329EA55787A80300C4A824107E46","1","528","True","False","1146.536",,"True","1000","True","True","1000","True"
"512e2cc0-5ebd-4d17-b7cf-a18a28bccdb4","MANIFEST_BOUND","hmail-perf-pair-service-20260901","06EFCBA9520D478A6DAC7ABB7F09F3B63D015A0CD5ECA1EB4D0FD2CC8C38F9FD","net10","hmail_perf_pair_net10_20260831_head3","C:\hmail-perf-pair-service-20260901\net10\Data","393449EA88D8D3C63D044D759D715322FD07A6F365FB10F18C1F0F126C6B4675","100","15","one TCP client and one sequential IMAP session per sample","0","PASS","45FA907CE0D3797C1E13EBB2F03F076A25656CCE27E801C18F745ACD3944FBBD","5136EEC556F9790732AE759EF52F77FE6172329EA55787A80300C4A824107E46","1","529","True","False","3769.416",,"True","1000","True","True","1000","True"
"512e2cc0-5ebd-4d17-b7cf-a18a28bccdb4","MANIFEST_BOUND","hmail-perf-pair-service-20260901","06EFCBA9520D478A6DAC7ABB7F09F3B63D015A0CD5ECA1EB4D0FD2CC8C38F9FD","net10","hmail_perf_pair_net10_20260831_head3","C:\hmail-perf-pair-service-20260901\net10\Data","393449EA88D8D3C63D044D759D715322FD07A6F365FB10F18C1F0F126C6B4675","100","15","one TCP client and one sequential IMAP session per sample","0","PASS","45FA907CE0D3797C1E13EBB2F03F076A25656CCE27E801C18F745ACD3944FBBD","5136EEC556F9790732AE759EF52F77FE6172329EA55787A80300C4A824107E46","1","530","True","False","3726.534",,"True","1000","True","True","1000","True"
"512e2cc0-5ebd-4d17-b7cf-a18a28bccdb4","MANIFEST_BOUND","hmail-perf-pair-service-20260901","06EFCBA9520D478A6DAC7ABB7F09F3B63D015A0CD5ECA1EB4D0FD2CC8C38F9FD","net10","hmail_perf_pair_net10_20260831_head3","C:\hmail-perf-pair-service-20260901\net10\Data","393449EA88D8D3C63D044D759D715322FD07A6F365FB10F18C1F0F126C6B4675","100","15","one TCP client and one sequential IMAP session per sample","0","PASS","45FA907CE0D3797C1E13EBB2F03F076A25656CCE27E801C18F745ACD3944FBBD","5136EEC556F9790732AE759EF52F77FE6172329EA55787A80300C4A824107E46","1","531","True","False","3612.97",,"True","1000","True","True","1000","True"
"512e2cc0-5ebd-4d17-b7cf-a18a28bccdb4","MANIFEST_BOUND","hmail-perf-pair-service-20260901","06EFCBA9520D478A6DAC7ABB7F09F3B63D015A0CD5ECA1EB4D0FD2CC8C38F9FD","net10","hmail_perf_pair_net10_20260831_head3","C:\hmail-perf-pair-service-20260901\net10\Data","393449EA88D8D3C63D044D759D715322FD07A6F365FB10F18C1F0F126C6B4675","100","15","one TCP client and one sequential IMAP session per sample","0","PASS","45FA907CE0D3797C1E13EBB2F03F076A25656CCE27E801C18F745ACD3944FBBD","5136EEC556F9790732AE759EF52F77FE6172329EA55787A80300C4A824107E46","1","532","True","False","3688.762",,"True","1000","True","True","1000","True"
"512e2cc0-5ebd-4d17-b7cf-a18a28bccdb4","MANIFEST_BOUND","hmail-perf-pair-service-20260901","06EFCBA9520D478A6DAC7ABB7F09F3B63D015A0CD5ECA1EB4D0FD2CC8C38F9FD","net10","hmail_perf_pair_net10_20260831_head3","C:\hmail-perf-pair-service-20260901\net10\Data","393449EA88D8D3C63D044D759D715322FD07A6F365FB10F18C1F0F126C6B4675","100","15","one TCP client and one sequential IMAP session per sample","0","PASS","45FA907CE0D3797C1E13EBB2F03F076A25656CCE27E801C18F745ACD3944FBBD","5136EEC556F9790732AE759EF52F77FE6172329EA55787A80300C4A824107E46","1","533","True","False","3850.218",,"True","1000","True","True","1000","True"
"512e2cc0-5ebd-4d17-b7cf-a18a28bccdb4","MANIFEST_BOUND","hmail-perf-pair-service-20260901","06EFCBA9520D478A6DAC7ABB7F09F3B63D015A0CD5ECA1EB4D0FD2CC8C38F9FD","net10","hmail_perf_pair_net10_20260831_head3","C:\hmail-perf-pair-service-20260901\net10\Data","393449EA88D8D3C63D044D759D715322FD07A6F365FB10F18C1F0F126C6B4675","100","15","one TCP client and one sequential IMAP session per sample","0","PASS","45FA907CE0D3797C1E13EBB2F03F076A25656CCE27E801C18F745ACD3944FBBD","5136EEC556F9790732AE759EF52F77FE6172329EA55787A80300C4A824107E46","1","534","True","False","3729.371",,"True","1000","True","True","1000","True"
"512e2cc0-5ebd-4d17-b7cf-a18a28bccdb4","MANIFEST_BOUND","hmail-perf-pair-service-20260901","06EFCBA9520D478A6DAC7ABB7F09F3B63D015A0CD5ECA1EB4D0FD2CC8C38F9FD","net10","hmail_perf_pair_net10_20260831_head3","C:\hmail-perf-pair-service-20260901\net10\Data","393449EA88D8D3C63D044D759D715322FD07A6F365FB10F18C1F0F126C6B4675","100","15","one TCP client and one sequential IMAP session per sample","0","PASS","45FA907CE0D3797C1E13EBB2F03F076A25656CCE27E801C18F745ACD3944FBBD","5136EEC556F9790732AE759EF52F77FE6172329EA55787A80300C4A824107E46","1","535","True","False","3735.665",,"True","1000","True","True","1000","True"
"512e2cc0-5ebd-4d17-b7cf-a18a28bccdb4","MANIFEST_BOUND","hmail-perf-pair-service-20260901","06EFCBA9520D478A6DAC7ABB7F09F3B63D015A0CD5ECA1EB4D0FD2CC8C38F9FD","net10","hmail_perf_pair_net10_20260831_head3","C:\hmail-perf-pair-service-20260901\net10\Data","393449EA88D8D3C63D044D759D715322FD07A6F365FB10F18C1F0F126C6B4675","100","15","one TCP client and one sequential IMAP session per sample","0","PASS","45FA907CE0D3797C1E13EBB2F03F076A25656CCE27E801C18F745ACD3944FBBD","5136EEC556F9790732AE759EF52F77FE6172329EA55787A80300C4A824107E46","1","536","True","False","3481.478",,"True","1000","True","True","1000","True"
"512e2cc0-5ebd-4d17-b7cf-a18a28bccdb4","MANIFEST_BOUND","hmail-perf-pair-service-20260901","06EFCBA9520D478A6DAC7ABB7F09F3B63D015A0CD5ECA1EB4D0FD2CC8C38F9FD","net10","hmail_perf_pair_net10_20260831_head3","C:\hmail-perf-pair-service-20260901\net10\Data","393449EA88D8D3C63D044D759D715322FD07A6F365FB10F18C1F0F126C6B4675","100","15","one TCP client and one sequential IMAP session per sample","0","PASS","45FA907CE0D3797C1E13EBB2F03F076A25656CCE27E801C18F745ACD3944FBBD","5136EEC556F9790732AE759EF52F77FE6172329EA55787A80300C4A824107E46","1","537","True","False","3754.966",,"True","1000","True","True","1000","True"
"512e2cc0-5ebd-4d17-b7cf-a18a28bccdb4","MANIFEST_BOUND","hmail-perf-pair-service-20260901","06EFCBA9520D478A6DAC7ABB7F09F3B63D015A0CD5ECA1EB4D0FD2CC8C38F9FD","net10","hmail_perf_pair_net10_20260831_head3","C:\hmail-perf-pair-service-20260901\net10\Data","393449EA88D8D3C63D044D759D715322FD07A6F365FB10F18C1F0F126C6B4675","100","15","one TCP client and one sequential IMAP session per sample","0","PASS","45FA907CE0D3797C1E13EBB2F03F076A25656CCE27E801C18F745ACD3944FBBD","5136EEC556F9790732AE759EF52F77FE6172329EA55787A80300C4A824107E46","1","538","True","False","3693.032",,"True","1000","True","True","1000","True"
"512e2cc0-5ebd-4d17-b7cf-a18a28bccdb4","MANIFEST_BOUND","hmail-perf-pair-service-20260901","06EFCBA9520D478A6DAC7ABB7F09F3B63D015A0CD5ECA1EB4D0FD2CC8C38F9FD","net10","hmail_perf_pair_net10_20260831_head3","C:\hmail-perf-pair-service-20260901\net10\Data","393449EA88D8D3C63D044D759D715322FD07A6F365FB10F18C1F0F126C6B4675","100","15","one TCP client and one sequential IMAP session per sample","0","PASS","45FA907CE0D3797C1E13EBB2F03F076A25656CCE27E801C18F745ACD3944FBBD","5136EEC556F9790732AE759EF52F77FE6172329EA55787A80300C4A824107E46","1","539","True","False","3632.234",,"True","1000","True","True","1000","True"
"512e2cc0-5ebd-4d17-b7cf-a18a28bccdb4","MANIFEST_BOUND","hmail-perf-pair-service-20260901","06EFCBA9520D478A6DAC7ABB7F09F3B63D015A0CD5ECA1EB4D0FD2CC8C38F9FD","net10","hmail_perf_pair_net10_20260831_head3","C:\hmail-perf-pair-service-20260901\net10\Data","393449EA88D8D3C63D044D759D715322FD07A6F365FB10F18C1F0F126C6B4675","100","15","one TCP client and one sequential IMAP session per sample","0","PASS","45FA907CE0D3797C1E13EBB2F03F076A25656CCE27E801C18F745ACD3944FBBD","5136EEC556F9790732AE759EF52F77FE6172329EA55787A80300C4A824107E46","1","540","True","False","3747.901",,"True","1000","True","True","1000","True"
"512e2cc0-5ebd-4d17-b7cf-a18a28bccdb4","MANIFEST_BOUND","hmail-perf-pair-service-20260901","06EFCBA9520D478A6DAC7ABB7F09F3B63D015A0CD5ECA1EB4D0FD2CC8C38F9FD","net10","hmail_perf_pair_net10_20260831_head3","C:\hmail-perf-pair-service-20260901\net10\Data","393449EA88D8D3C63D044D759D715322FD07A6F365FB10F18C1F0F126C6B4675","100","15","one TCP client and one sequential IMAP session per sample","0","PASS","45FA907CE0D3797C1E13EBB2F03F076A25656CCE27E801C18F745ACD3944FBBD","5136EEC556F9790732AE759EF52F77FE6172329EA55787A80300C4A824107E46","1","541","True","False","3031.336",,"True","1000","True","True","1000","True"
"512e2cc0-5ebd-4d17-b7cf-a18a28bccdb4","MANIFEST_BOUND","hmail-perf-pair-service-20260901","06EFCBA9520D478A6DAC7ABB7F09F3B63D015A0CD5ECA1EB4D0FD2CC8C38F9FD","net10","hmail_perf_pair_net10_20260831_head3","C:\hmail-perf-pair-service-20260901\net10\Data","393449EA88D8D3C63D044D759D715322FD07A6F365FB10F18C1F0F126C6B4675","100","15","one TCP client and one sequential IMAP session per sample","0","PASS","45FA907CE0D3797C1E13EBB2F03F076A25656CCE27E801C18F745ACD3944FBBD","5136EEC556F9790732AE759EF52F77FE6172329EA55787A80300C4A824107E46","1","542","True","False","3353.992",,"True","1000","True","True","1000","True"
"512e2cc0-5ebd-4d17-b7cf-a18a28bccdb4","MANIFEST_BOUND","hmail-perf-pair-service-20260901","06EFCBA9520D478A6DAC7ABB7F09F3B63D015A0CD5ECA1EB4D0FD2CC8C38F9FD","net10","hmail_perf_pair_net10_20260831_head3","C:\hmail-perf-pair-service-20260901\net10\Data","393449EA88D8D3C63D044D759D715322FD07A6F365FB10F18C1F0F126C6B4675","100","15","one TCP client and one sequential IMAP session per sample","0","PASS","45FA907CE0D3797C1E13EBB2F03F076A25656CCE27E801C18F745ACD3944FBBD","5136EEC556F9790732AE759EF52F77FE6172329EA55787A80300C4A824107E46","1","543","True","False","3659.429",,"True","1000","True","True","1000","True"
"512e2cc0-5ebd-4d17-b7cf-a18a28bccdb4","MANIFEST_BOUND","hmail-perf-pair-service-20260901","06EFCBA9520D478A6DAC7ABB7F09F3B63D015A0CD5ECA1EB4D0FD2CC8C38F9FD","net10","hmail_perf_pair_net10_20260831_head3","C:\hmail-perf-pair-service-20260901\net10\Data","393449EA88D8D3C63D044D759D715322FD07A6F365FB10F18C1F0F126C6B4675","100","15","one TCP client and one sequential IMAP session per sample","0","PASS","45FA907CE0D3797C1E13EBB2F03F076A25656CCE27E801C18F745ACD3944FBBD","5136EEC556F9790732AE759EF52F77FE6172329EA55787A80300C4A824107E46","1","544","True","False","3692.271",,"True","1000","True","True","1000","True"
"512e2cc0-5ebd-4d17-b7cf-a18a28bccdb4","MANIFEST_BOUND","hmail-perf-pair-service-20260901","06EFCBA9520D478A6DAC7ABB7F09F3B63D015A0CD5ECA1EB4D0FD2CC8C38F9FD","net10","hmail_perf_pair_net10_20260831_head3","C:\hmail-perf-pair-service-20260901\net10\Data","393449EA88D8D3C63D044D759D715322FD07A6F365FB10F18C1F0F126C6B4675","100","15","one TCP client and one sequential IMAP session per sample","0","PASS","45FA907CE0D3797C1E13EBB2F03F076A25656CCE27E801C18F745ACD3944FBBD","5136EEC556F9790732AE759EF52F77FE6172329EA55787A80300C4A824107E46","1","545","True","False","3706.312",,"True","1000","True","True","1000","True"
"512e2cc0-5ebd-4d17-b7cf-a18a28bccdb4","MANIFEST_BOUND","hmail-perf-pair-service-20260901","06EFCBA9520D478A6DAC7ABB7F09F3B63D015A0CD5ECA1EB4D0FD2CC8C38F9FD","net10","hmail_perf_pair_net10_20260831_head3","C:\hmail-perf-pair-service-20260901\net10\Data","393449EA88D8D3C63D044D759D715322FD07A6F365FB10F18C1F0F126C6B4675","100","15","one TCP client and one sequential IMAP session per sample","0","PASS","45FA907CE0D3797C1E13EBB2F03F076A25656CCE27E801C18F745ACD3944FBBD","5136EEC556F9790732AE759EF52F77FE6172329EA55787A80300C4A824107E46","1","546","True","False","3945.791",,"True","1000","True","True","1000","True"
"512e2cc0-5ebd-4d17-b7cf-a18a28bccdb4","MANIFEST_BOUND","hmail-perf-pair-service-20260901","06EFCBA9520D478A6DAC7ABB7F09F3B63D015A0CD5ECA1EB4D0FD2CC8C38F9FD","net10","hmail_perf_pair_net10_20260831_head3","C:\hmail-perf-pair-service-20260901\net10\Data","393449EA88D8D3C63D044D759D715322FD07A6F365FB10F18C1F0F126C6B4675","100","15","one TCP client and one sequential IMAP session per sample","0","PASS","45FA907CE0D3797C1E13EBB2F03F076A25656CCE27E801C18F745ACD3944FBBD","5136EEC556F9790732AE759EF52F77FE6172329EA55787A80300C4A824107E46","1","547","True","False","2974.268",,"True","1000","True","True","1000","True"
"512e2cc0-5ebd-4d17-b7cf-a18a28bccdb4","MANIFEST_BOUND","hmail-perf-pair-service-20260901","06EFCBA9520D478A6DAC7ABB7F09F3B63D015A0CD5ECA1EB4D0FD2CC8C38F9FD","net10","hmail_perf_pair_net10_20260831_head3","C:\hmail-perf-pair-service-20260901\net10\Data","393449EA88D8D3C63D044D759D715322FD07A6F365FB10F18C1F0F126C6B4675","100","15","one TCP client and one sequential IMAP session per sample","0","PASS","45FA907CE0D3797C1E13EBB2F03F076A25656CCE27E801C18F745ACD3944FBBD","5136EEC556F9790732AE759EF52F77FE6172329EA55787A80300C4A824107E46","1","548","True","False","3743.176",,"True","1000","True","True","1000","True"
"512e2cc0-5ebd-4d17-b7cf-a18a28bccdb4","MANIFEST_BOUND","hmail-perf-pair-service-20260901","06EFCBA9520D478A6DAC7ABB7F09F3B63D015A0CD5ECA1EB4D0FD2CC8C38F9FD","net10","hmail_perf_pair_net10_20260831_head3","C:\hmail-perf-pair-service-20260901\net10\Data","393449EA88D8D3C63D044D759D715322FD07A6F365FB10F18C1F0F126C6B4675","100","15","one TCP client and one sequential IMAP session per sample","0","PASS","45FA907CE0D3797C1E13EBB2F03F076A25656CCE27E801C18F745ACD3944FBBD","5136EEC556F9790732AE759EF52F77FE6172329EA55787A80300C4A824107E46","1","549","True","False","3649.282",,"True","1000","True","True","1000","True"
"512e2cc0-5ebd-4d17-b7cf-a18a28bccdb4","MANIFEST_BOUND","hmail-perf-pair-service-20260901","06EFCBA9520D478A6DAC7ABB7F09F3B63D015A0CD5ECA1EB4D0FD2CC8C38F9FD","net10","hmail_perf_pair_net10_20260831_head3","C:\hmail-perf-pair-service-20260901\net10\Data","393449EA88D8D3C63D044D759D715322FD07A6F365FB10F18C1F0F126C6B4675","100","15","one TCP client and one sequential IMAP session per sample","0","PASS","45FA907CE0D3797C1E13EBB2F03F076A25656CCE27E801C18F745ACD3944FBBD","5136EEC556F9790732AE759EF52F77FE6172329EA55787A80300C4A824107E46","1","550","True","False","3667.899",,"True","1000","True","True","1000","True"
"512e2cc0-5ebd-4d17-b7cf-a18a28bccdb4","MANIFEST_BOUND","hmail-perf-pair-service-20260901","06EFCBA9520D478A6DAC7ABB7F09F3B63D015A0CD5ECA1EB4D0FD2CC8C38F9FD","net10","hmail_perf_pair_net10_20260831_head3","C:\hmail-perf-pair-service-20260901\net10\Data","393449EA88D8D3C63D044D759D715322FD07A6F365FB10F18C1F0F126C6B4675","100","15","one TCP client and one sequential IMAP session per sample","0","PASS","45FA907CE0D3797C1E13EBB2F03F076A25656CCE27E801C18F745ACD3944FBBD","5136EEC556F9790732AE759EF52F77FE6172329EA55787A80300C4A824107E46","1","551","True","False","3222.616",,"True","1000","True","True","1000","True"
"512e2cc0-5ebd-4d17-b7cf-a18a28bccdb4","MANIFEST_BOUND","hmail-perf-pair-service-20260901","06EFCBA9520D478A6DAC7ABB7F09F3B63D015A0CD5ECA1EB4D0FD2CC8C38F9FD","net10","hmail_perf_pair_net10_20260831_head3","C:\hmail-perf-pair-service-20260901\net10\Data","393449EA88D8D3C63D044D759D715322FD07A6F365FB10F18C1F0F126C6B4675","100","15","one TCP client and one sequential IMAP session per sample","0","PASS","45FA907CE0D3797C1E13EBB2F03F076A25656CCE27E801C18F745ACD3944FBBD","5136EEC556F9790732AE759EF52F77FE6172329EA55787A80300C4A824107E46","1","552","True","False","1292.993",,"True","1000","True","True","1000","True"
"512e2cc0-5ebd-4d17-b7cf-a18a28bccdb4","MANIFEST_BOUND","hmail-perf-pair-service-20260901","06EFCBA9520D478A6DAC7ABB7F09F3B63D015A0CD5ECA1EB4D0FD2CC8C38F9FD","net10","hmail_perf_pair_net10_20260831_head3","C:\hmail-perf-pair-service-20260901\net10\Data","393449EA88D8D3C63D044D759D715322FD07A6F365FB10F18C1F0F126C6B4675","100","15","one TCP client and one sequential IMAP session per sample","0","PASS","45FA907CE0D3797C1E13EBB2F03F076A25656CCE27E801C18F745ACD3944FBBD","5136EEC556F9790732AE759EF52F77FE6172329EA55787A80300C4A824107E46","1","553","True","False","3736.817",,"True","1000","True","True","1000","True"
"512e2cc0-5ebd-4d17-b7cf-a18a28bccdb4","MANIFEST_BOUND","hmail-perf-pair-service-20260901","06EFCBA9520D478A6DAC7ABB7F09F3B63D015A0CD5ECA1EB4D0FD2CC8C38F9FD","net10","hmail_perf_pair_net10_20260831_head3","C:\hmail-perf-pair-service-20260901\net10\Data","393449EA88D8D3C63D044D759D715322FD07A6F365FB10F18C1F0F126C6B4675","100","15","one TCP client and one sequential IMAP session per sample","0","PASS","45FA907CE0D3797C1E13EBB2F03F076A25656CCE27E801C18F745ACD3944FBBD","5136EEC556F9790732AE759EF52F77FE6172329EA55787A80300C4A824107E46","1","554","True","False","2807.271",,"True","1000","True","True","1000","True"
"512e2cc0-5ebd-4d17-b7cf-a18a28bccdb4","MANIFEST_BOUND","hmail-perf-pair-service-20260901","06EFCBA9520D478A6DAC7ABB7F09F3B63D015A0CD5ECA1EB4D0FD2CC8C38F9FD","net10","hmail_perf_pair_net10_20260831_head3","C:\hmail-perf-pair-service-20260901\net10\Data","393449EA88D8D3C63D044D759D715322FD07A6F365FB10F18C1F0F126C6B4675","100","15","one TCP client and one sequential IMAP session per sample","0","PASS","45FA907CE0D3797C1E13EBB2F03F076A25656CCE27E801C18F745ACD3944FBBD","5136EEC556F9790732AE759EF52F77FE6172329EA55787A80300C4A824107E46","1","555","True","False","2807.312",,"True","1000","True","True","1000","True"
"512e2cc0-5ebd-4d17-b7cf-a18a28bccdb4","MANIFEST_BOUND","hmail-perf-pair-service-20260901","06EFCBA9520D478A6DAC7ABB7F09F3B63D015A0CD5ECA1EB4D0FD2CC8C38F9FD","net10","hmail_perf_pair_net10_20260831_head3","C:\hmail-perf-pair-service-20260901\net10\Data","393449EA88D8D3C63D044D759D715322FD07A6F365FB10F18C1F0F126C6B4675","100","15","one TCP client and one sequential IMAP session per sample","0","PASS","45FA907CE0D3797C1E13EBB2F03F076A25656CCE27E801C18F745ACD3944FBBD","5136EEC556F9790732AE759EF52F77FE6172329EA55787A80300C4A824107E46","1","556","True","False","3787.383",,"True","1000","True","True","1000","True"
"512e2cc0-5ebd-4d17-b7cf-a18a28bccdb4","MANIFEST_BOUND","hmail-perf-pair-service-20260901","06EFCBA9520D478A6DAC7ABB7F09F3B63D015A0CD5ECA1EB4D0FD2CC8C38F9FD","net10","hmail_perf_pair_net10_20260831_head3","C:\hmail-perf-pair-service-20260901\net10\Data","393449EA88D8D3C63D044D759D715322FD07A6F365FB10F18C1F0F126C6B4675","100","15","one TCP client and one sequential IMAP session per sample","0","PASS","45FA907CE0D3797C1E13EBB2F03F076A25656CCE27E801C18F745ACD3944FBBD","5136EEC556F9790732AE759EF52F77FE6172329EA55787A80300C4A824107E46","1","557","True","False","3667.656",,"True","1000","True","True","1000","True"
"512e2cc0-5ebd-4d17-b7cf-a18a28bccdb4","MANIFEST_BOUND","hmail-perf-pair-service-20260901","06EFCBA9520D478A6DAC7ABB7F09F3B63D015A0CD5ECA1EB4D0FD2CC8C38F9FD","net10","hmail_perf_pair_net10_20260831_head3","C:\hmail-perf-pair-service-20260901\net10\Data","393449EA88D8D3C63D044D759D715322FD07A6F365FB10F18C1F0F126C6B4675","100","15","one TCP client and one sequential IMAP session per sample","0","PASS","45FA907CE0D3797C1E13EBB2F03F076A25656CCE27E801C18F745ACD3944FBBD","5136EEC556F9790732AE759EF52F77FE6172329EA55787A80300C4A824107E46","1","558","True","False","1294.084",,"True","1000","True","True","1000","True"
"512e2cc0-5ebd-4d17-b7cf-a18a28bccdb4","MANIFEST_BOUND","hmail-perf-pair-service-20260901","06EFCBA9520D478A6DAC7ABB7F09F3B63D015A0CD5ECA1EB4D0FD2CC8C38F9FD","net10","hmail_perf_pair_net10_20260831_head3","C:\hmail-perf-pair-service-20260901\net10\Data","393449EA88D8D3C63D044D759D715322FD07A6F365FB10F18C1F0F126C6B4675","100","15","one TCP client and one sequential IMAP session per sample","0","PASS","45FA907CE0D3797C1E13EBB2F03F076A25656CCE27E801C18F745ACD3944FBBD","5136EEC556F9790732AE759EF52F77FE6172329EA55787A80300C4A824107E46","1","559","True","False","3261.386",,"True","1000","True","True","1000","True"
"512e2cc0-5ebd-4d17-b7cf-a18a28bccdb4","MANIFEST_BOUND","hmail-perf-pair-service-20260901","06EFCBA9520D478A6DAC7ABB7F09F3B63D015A0CD5ECA1EB4D0FD2CC8C38F9FD","net10","hmail_perf_pair_net10_20260831_head3","C:\hmail-perf-pair-service-20260901\net10\Data","393449EA88D8D3C63D044D759D715322FD07A6F365FB10F18C1F0F126C6B4675","100","15","one TCP client and one sequential IMAP session per sample","0","PASS","45FA907CE0D3797C1E13EBB2F03F076A25656CCE27E801C18F745ACD3944FBBD","5136EEC556F9790732AE759EF52F77FE6172329EA55787A80300C4A824107E46","1","560","True","False","3774.563",,"True","1000","True","True","1000","True"
"512e2cc0-5ebd-4d17-b7cf-a18a28bccdb4","MANIFEST_BOUND","hmail-perf-pair-service-20260901","06EFCBA9520D478A6DAC7ABB7F09F3B63D015A0CD5ECA1EB4D0FD2CC8C38F9FD","net10","hmail_perf_pair_net10_20260831_head3","C:\hmail-perf-pair-service-20260901\net10\Data","393449EA88D8D3C63D044D759D715322FD07A6F365FB10F18C1F0F126C6B4675","100","15","one TCP client and one sequential IMAP session per sample","0","PASS","45FA907CE0D3797C1E13EBB2F03F076A25656CCE27E801C18F745ACD3944FBBD","5136EEC556F9790732AE759EF52F77FE6172329EA55787A80300C4A824107E46","1","561","True","False","3717.741",,"True","1000","True","True","1000","True"
"512e2cc0-5ebd-4d17-b7cf-a18a28bccdb4","MANIFEST_BOUND","hmail-perf-pair-service-20260901","06EFCBA9520D478A6DAC7ABB7F09F3B63D015A0CD5ECA1EB4D0FD2CC8C38F9FD","net10","hmail_perf_pair_net10_20260831_head3","C:\hmail-perf-pair-service-20260901\net10\Data","393449EA88D8D3C63D044D759D715322FD07A6F365FB10F18C1F0F126C6B4675","100","15","one TCP client and one sequential IMAP session per sample","0","PASS","45FA907CE0D3797C1E13EBB2F03F076A25656CCE27E801C18F745ACD3944FBBD","5136EEC556F9790732AE759EF52F77FE6172329EA55787A80300C4A824107E46","1","562","True","False","2540.613",,"True","1000","True","True","1000","True"
"512e2cc0-5ebd-4d17-b7cf-a18a28bccdb4","MANIFEST_BOUND","hmail-perf-pair-service-20260901","06EFCBA9520D478A6DAC7ABB7F09F3B63D015A0CD5ECA1EB4D0FD2CC8C38F9FD","net10","hmail_perf_pair_net10_20260831_head3","C:\hmail-perf-pair-service-20260901\net10\Data","393449EA88D8D3C63D044D759D715322FD07A6F365FB10F18C1F0F126C6B4675","100","15","one TCP client and one sequential IMAP session per sample","0","PASS","45FA907CE0D3797C1E13EBB2F03F076A25656CCE27E801C18F745ACD3944FBBD","5136EEC556F9790732AE759EF52F77FE6172329EA55787A80300C4A824107E46","1","563","True","False","1145.216",,"True","1000","True","True","1000","True"
"512e2cc0-5ebd-4d17-b7cf-a18a28bccdb4","MANIFEST_BOUND","hmail-perf-pair-service-20260901","06EFCBA9520D478A6DAC7ABB7F09F3B63D015A0CD5ECA1EB4D0FD2CC8C38F9FD","net10","hmail_perf_pair_net10_20260831_head3","C:\hmail-perf-pair-service-20260901\net10\Data","393449EA88D8D3C63D044D759D715322FD07A6F365FB10F18C1F0F126C6B4675","100","15","one TCP client and one sequential IMAP session per sample","0","PASS","45FA907CE0D3797C1E13EBB2F03F076A25656CCE27E801C18F745ACD3944FBBD","5136EEC556F9790732AE759EF52F77FE6172329EA55787A80300C4A824107E46","1","564","True","False","3630.204",,"True","1000","True","True","1000","True"
"512e2cc0-5ebd-4d17-b7cf-a18a28bccdb4","MANIFEST_BOUND","hmail-perf-pair-service-20260901","06EFCBA9520D478A6DAC7ABB7F09F3B63D015A0CD5ECA1EB4D0FD2CC8C38F9FD","net10","hmail_perf_pair_net10_20260831_head3","C:\hmail-perf-pair-service-20260901\net10\Data","393449EA88D8D3C63D044D759D715322FD07A6F365FB10F18C1F0F126C6B4675","100","15","one TCP client and one sequential IMAP session per sample","0","PASS","45FA907CE0D3797C1E13EBB2F03F076A25656CCE27E801C18F745ACD3944FBBD","5136EEC556F9790732AE759EF52F77FE6172329EA55787A80300C4A824107E46","1","565","True","False","1144.041",,"True","1000","True","True","1000","True"
"512e2cc0-5ebd-4d17-b7cf-a18a28bccdb4","MANIFEST_BOUND","hmail-perf-pair-service-20260901","06EFCBA9520D478A6DAC7ABB7F09F3B63D015A0CD5ECA1EB4D0FD2CC8C38F9FD","net10","hmail_perf_pair_net10_20260831_head3","C:\hmail-perf-pair-service-20260901\net10\Data","393449EA88D8D3C63D044D759D715322FD07A6F365FB10F18C1F0F126C6B4675","100","15","one TCP client and one sequential IMAP session per sample","0","PASS","45FA907CE0D3797C1E13EBB2F03F076A25656CCE27E801C18F745ACD3944FBBD","5136EEC556F9790732AE759EF52F77FE6172329EA55787A80300C4A824107E46","1","566","True","False","2850.592",,"True","1000","True","True","1000","True"
"512e2cc0-5ebd-4d17-b7cf-a18a28bccdb4","MANIFEST_BOUND","hmail-perf-pair-service-20260901","06EFCBA9520D478A6DAC7ABB7F09F3B63D015A0CD5ECA1EB4D0FD2CC8C38F9FD","net10","hmail_perf_pair_net10_20260831_head3","C:\hmail-perf-pair-service-20260901\net10\Data","393449EA88D8D3C63D044D759D715322FD07A6F365FB10F18C1F0F126C6B4675","100","15","one TCP client and one sequential IMAP session per sample","0","PASS","45FA907CE0D3797C1E13EBB2F03F076A25656CCE27E801C18F745ACD3944FBBD","5136EEC556F9790732AE759EF52F77FE6172329EA55787A80300C4A824107E46","1","567","True","False","1357.389",,"True","1000","True","True","1000","True"
"512e2cc0-5ebd-4d17-b7cf-a18a28bccdb4","MANIFEST_BOUND","hmail-perf-pair-service-20260901","06EFCBA9520D478A6DAC7ABB7F09F3B63D015A0CD5ECA1EB4D0FD2CC8C38F9FD","net10","hmail_perf_pair_net10_20260831_head3","C:\hmail-perf-pair-service-20260901\net10\Data","393449EA88D8D3C63D044D759D715322FD07A6F365FB10F18C1F0F126C6B4675","100","15","one TCP client and one sequential IMAP session per sample","0","PASS","45FA907CE0D3797C1E13EBB2F03F076A25656CCE27E801C18F745ACD3944FBBD","5136EEC556F9790732AE759EF52F77FE6172329EA55787A80300C4A824107E46","1","568","True","False","3779.927",,"True","1000","True","True","1000","True"
"512e2cc0-5ebd-4d17-b7cf-a18a28bccdb4","MANIFEST_BOUND","hmail-perf-pair-service-20260901","06EFCBA9520D478A6DAC7ABB7F09F3B63D015A0CD5ECA1EB4D0FD2CC8C38F9FD","net10","hmail_perf_pair_net10_20260831_head3","C:\hmail-perf-pair-service-20260901\net10\Data","393449EA88D8D3C63D044D759D715322FD07A6F365FB10F18C1F0F126C6B4675","100","15","one TCP client and one sequential IMAP session per sample","0","PASS","45FA907CE0D3797C1E13EBB2F03F076A25656CCE27E801C18F745ACD3944FBBD","5136EEC556F9790732AE759EF52F77FE6172329EA55787A80300C4A824107E46","1","569","True","False","2851.37",,"True","1000","True","True","1000","True"
"512e2cc0-5ebd-4d17-b7cf-a18a28bccdb4","MANIFEST_BOUND","hmail-perf-pair-service-20260901","06EFCBA9520D478A6DAC7ABB7F09F3B63D015A0CD5ECA1EB4D0FD2CC8C38F9FD","net10","hmail_perf_pair_net10_20260831_head3","C:\hmail-perf-pair-service-20260901\net10\Data","393449EA88D8D3C63D044D759D715322FD07A6F365FB10F18C1F0F126C6B4675","100","15","one TCP client and one sequential IMAP session per sample","0","PASS","45FA907CE0D3797C1E13EBB2F03F076A25656CCE27E801C18F745ACD3944FBBD","5136EEC556F9790732AE759EF52F77FE6172329EA55787A80300C4A824107E46","1","570","True","False","3686.601",,"True","1000","True","True","1000","True"
"512e2cc0-5ebd-4d17-b7cf-a18a28bccdb4","MANIFEST_BOUND","hmail-perf-pair-service-20260901","06EFCBA9520D478A6DAC7ABB7F09F3B63D015A0CD5ECA1EB4D0FD2CC8C38F9FD","net10","hmail_perf_pair_net10_20260831_head3","C:\hmail-perf-pair-service-20260901\net10\Data","393449EA88D8D3C63D044D759D715322FD07A6F365FB10F18C1F0F126C6B4675","100","15","one TCP client and one sequential IMAP session per sample","0","PASS","45FA907CE0D3797C1E13EBB2F03F076A25656CCE27E801C18F745ACD3944FBBD","5136EEC556F9790732AE759EF52F77FE6172329EA55787A80300C4A824107E46","1","571","True","False","3331.375",,"True","1000","True","True","1000","True"
"512e2cc0-5ebd-4d17-b7cf-a18a28bccdb4","MANIFEST_BOUND","hmail-perf-pair-service-20260901","06EFCBA9520D478A6DAC7ABB7F09F3B63D015A0CD5ECA1EB4D0FD2CC8C38F9FD","net10","hmail_perf_pair_net10_20260831_head3","C:\hmail-perf-pair-service-20260901\net10\Data","393449EA88D8D3C63D044D759D715322FD07A6F365FB10F18C1F0F126C6B4675","100","15","one TCP client and one sequential IMAP session per sample","0","PASS","45FA907CE0D3797C1E13EBB2F03F076A25656CCE27E801C18F745ACD3944FBBD","5136EEC556F9790732AE759EF52F77FE6172329EA55787A80300C4A824107E46","1","572","True","False","1295.272",,"True","1000","True","True","1000","True"
"512e2cc0-5ebd-4d17-b7cf-a18a28bccdb4","MANIFEST_BOUND","hmail-perf-pair-service-20260901","06EFCBA9520D478A6DAC7ABB7F09F3B63D015A0CD5ECA1EB4D0FD2CC8C38F9FD","net10","hmail_perf_pair_net10_20260831_head3","C:\hmail-perf-pair-service-20260901\net10\Data","393449EA88D8D3C63D044D759D715322FD07A6F365FB10F18C1F0F126C6B4675","100","15","one TCP client and one sequential IMAP session per sample","0","PASS","45FA907CE0D3797C1E13EBB2F03F076A25656CCE27E801C18F745ACD3944FBBD","5136EEC556F9790732AE759EF52F77FE6172329EA55787A80300C4A824107E46","1","573","True","False","3614.515",,"True","1000","True","True","1000","True"
"512e2cc0-5ebd-4d17-b7cf-a18a28bccdb4","MANIFEST_BOUND","hmail-perf-pair-service-20260901","06EFCBA9520D478A6DAC7ABB7F09F3B63D015A0CD5ECA1EB4D0FD2CC8C38F9FD","net10","hmail_perf_pair_net10_20260831_head3","C:\hmail-perf-pair-service-20260901\net10\Data","393449EA88D8D3C63D044D759D715322FD07A6F365FB10F18C1F0F126C6B4675","100","15","one TCP client and one sequential IMAP session per sample","0","PASS","45FA907CE0D3797C1E13EBB2F03F076A25656CCE27E801C18F745ACD3944FBBD","5136EEC556F9790732AE759EF52F77FE6172329EA55787A80300C4A824107E46","1","574","True","False","3835.084",,"True","1000","True","True","1000","True"
"512e2cc0-5ebd-4d17-b7cf-a18a28bccdb4","MANIFEST_BOUND","hmail-perf-pair-service-20260901","06EFCBA9520D478A6DAC7ABB7F09F3B63D015A0CD5ECA1EB4D0FD2CC8C38F9FD","net10","hmail_perf_pair_net10_20260831_head3","C:\hmail-perf-pair-service-20260901\net10\Data","393449EA88D8D3C63D044D759D715322FD07A6F365FB10F18C1F0F126C6B4675","100","15","one TCP client and one sequential IMAP session per sample","0","PASS","45FA907CE0D3797C1E13EBB2F03F076A25656CCE27E801C18F745ACD3944FBBD","5136EEC556F9790732AE759EF52F77FE6172329EA55787A80300C4A824107E46","1","575","True","False","3738.276",,"True","1000","True","True","1000","True"
"512e2cc0-5ebd-4d17-b7cf-a18a28bccdb4","MANIFEST_BOUND","hmail-perf-pair-service-20260901","06EFCBA9520D478A6DAC7ABB7F09F3B63D015A0CD5ECA1EB4D0FD2CC8C38F9FD","net10","hmail_perf_pair_net10_20260831_head3","C:\hmail-perf-pair-service-20260901\net10\Data","393449EA88D8D3C63D044D759D715322FD07A6F365FB10F18C1F0F126C6B4675","100","15","one TCP client and one sequential IMAP session per sample","0","PASS","45FA907CE0D3797C1E13EBB2F03F076A25656CCE27E801C18F745ACD3944FBBD","5136EEC556F9790732AE759EF52F77FE6172329EA55787A80300C4A824107E46","1","576","True","False","3742.544",,"True","1000","True","True","1000","True"
"512e2cc0-5ebd-4d17-b7cf-a18a28bccdb4","MANIFEST_BOUND","hmail-perf-pair-service-20260901","06EFCBA9520D478A6DAC7ABB7F09F3B63D015A0CD5ECA1EB4D0FD2CC8C38F9FD","net10","hmail_perf_pair_net10_20260831_head3","C:\hmail-perf-pair-service-20260901\net10\Data","393449EA88D8D3C63D044D759D715322FD07A6F365FB10F18C1F0F126C6B4675","100","15","one TCP client and one sequential IMAP session per sample","0","PASS","45FA907CE0D3797C1E13EBB2F03F076A25656CCE27E801C18F745ACD3944FBBD","5136EEC556F9790732AE759EF52F77FE6172329EA55787A80300C4A824107E46","1","577","True","False","3737.841",,"True","1000","True","True","1000","True"
"512e2cc0-5ebd-4d17-b7cf-a18a28bccdb4","MANIFEST_BOUND","hmail-perf-pair-service-20260901","06EFCBA9520D478A6DAC7ABB7F09F3B63D015A0CD5ECA1EB4D0FD2CC8C38F9FD","net10","hmail_perf_pair_net10_20260831_head3","C:\hmail-perf-pair-service-20260901\net10\Data","393449EA88D8D3C63D044D759D715322FD07A6F365FB10F18C1F0F126C6B4675","100","15","one TCP client and one sequential IMAP session per sample","0","PASS","45FA907CE0D3797C1E13EBB2F03F076A25656CCE27E801C18F745ACD3944FBBD","5136EEC556F9790732AE759EF52F77FE6172329EA55787A80300C4A824107E46","1","578","True","False","3370.745",,"True","1000","True","True","1000","True"
"512e2cc0-5ebd-4d17-b7cf-a18a28bccdb4","MANIFEST_BOUND","hmail-perf-pair-service-20260901","06EFCBA9520D478A6DAC7ABB7F09F3B63D015A0CD5ECA1EB4D0FD2CC8C38F9FD","net10","hmail_perf_pair_net10_20260831_head3","C:\hmail-perf-pair-service-20260901\net10\Data","393449EA88D8D3C63D044D759D715322FD07A6F365FB10F18C1F0F126C6B4675","100","15","one TCP client and one sequential IMAP session per sample","0","PASS","45FA907CE0D3797C1E13EBB2F03F076A25656CCE27E801C18F745ACD3944FBBD","5136EEC556F9790732AE759EF52F77FE6172329EA55787A80300C4A824107E46","1","579","True","False","3372.957",,"True","1000","True","True","1000","True"
"512e2cc0-5ebd-4d17-b7cf-a18a28bccdb4","MANIFEST_BOUND","hmail-perf-pair-service-20260901","06EFCBA9520D478A6DAC7ABB7F09F3B63D015A0CD5ECA1EB4D0FD2CC8C38F9FD","net10","hmail_perf_pair_net10_20260831_head3","C:\hmail-perf-pair-service-20260901\net10\Data","393449EA88D8D3C63D044D759D715322FD07A6F365FB10F18C1F0F126C6B4675","100","15","one TCP client and one sequential IMAP session per sample","0","PASS","45FA907CE0D3797C1E13EBB2F03F076A25656CCE27E801C18F745ACD3944FBBD","5136EEC556F9790732AE759EF52F77FE6172329EA55787A80300C4A824107E46","1","580","True","False","2821.407",,"True","1000","True","True","1000","True"
"512e2cc0-5ebd-4d17-b7cf-a18a28bccdb4","MANIFEST_BOUND","hmail-perf-pair-service-20260901","06EFCBA9520D478A6DAC7ABB7F09F3B63D015A0CD5ECA1EB4D0FD2CC8C38F9FD","net10","hmail_perf_pair_net10_20260831_head3","C:\hmail-perf-pair-service-20260901\net10\Data","393449EA88D8D3C63D044D759D715322FD07A6F365FB10F18C1F0F126C6B4675","100","15","one TCP client and one sequential IMAP session per sample","0","PASS","45FA907CE0D3797C1E13EBB2F03F076A25656CCE27E801C18F745ACD3944FBBD","5136EEC556F9790732AE759EF52F77FE6172329EA55787A80300C4A824107E46","1","581","True","False","3187.147",,"True","1000","True","True","1000","True"
"512e2cc0-5ebd-4d17-b7cf-a18a28bccdb4","MANIFEST_BOUND","hmail-perf-pair-service-20260901","06EFCBA9520D478A6DAC7ABB7F09F3B63D015A0CD5ECA1EB4D0FD2CC8C38F9FD","net10","hmail_perf_pair_net10_20260831_head3","C:\hmail-perf-pair-service-20260901\net10\Data","393449EA88D8D3C63D044D759D715322FD07A6F365FB10F18C1F0F126C6B4675","100","15","one TCP client and one sequential IMAP session per sample","0","PASS","45FA907CE0D3797C1E13EBB2F03F076A25656CCE27E801C18F745ACD3944FBBD","5136EEC556F9790732AE759EF52F77FE6172329EA55787A80300C4A824107E46","1","582","True","False","3756.522",,"True","1000","True","True","1000","True"
"512e2cc0-5ebd-4d17-b7cf-a18a28bccdb4","MANIFEST_BOUND","hmail-perf-pair-service-20260901","06EFCBA9520D478A6DAC7ABB7F09F3B63D015A0CD5ECA1EB4D0FD2CC8C38F9FD","net10","hmail_perf_pair_net10_20260831_head3","C:\hmail-perf-pair-service-20260901\net10\Data","393449EA88D8D3C63D044D759D715322FD07A6F365FB10F18C1F0F126C6B4675","100","15","one TCP client and one sequential IMAP session per sample","0","PASS","45FA907CE0D3797C1E13EBB2F03F076A25656CCE27E801C18F745ACD3944FBBD","5136EEC556F9790732AE759EF52F77FE6172329EA55787A80300C4A824107E46","1","583","True","False","2944.785",,"True","1000","True","True","1000","True"
"512e2cc0-5ebd-4d17-b7cf-a18a28bccdb4","MANIFEST_BOUND","hmail-perf-pair-service-20260901","06EFCBA9520D478A6DAC7ABB7F09F3B63D015A0CD5ECA1EB4D0FD2CC8C38F9FD","net10","hmail_perf_pair_net10_20260831_head3","C:\hmail-perf-pair-service-20260901\net10\Data","393449EA88D8D3C63D044D759D715322FD07A6F365FB10F18C1F0F126C6B4675","100","15","one TCP client and one sequential IMAP session per sample","0","PASS","45FA907CE0D3797C1E13EBB2F03F076A25656CCE27E801C18F745ACD3944FBBD","5136EEC556F9790732AE759EF52F77FE6172329EA55787A80300C4A824107E46","1","584","True","False","3384.184",,"True","1000","True","True","1000","True"
"512e2cc0-5ebd-4d17-b7cf-a18a28bccdb4","MANIFEST_BOUND","hmail-perf-pair-service-20260901","06EFCBA9520D478A6DAC7ABB7F09F3B63D015A0CD5ECA1EB4D0FD2CC8C38F9FD","net10","hmail_perf_pair_net10_20260831_head3","C:\hmail-perf-pair-service-20260901\net10\Data","393449EA88D8D3C63D044D759D715322FD07A6F365FB10F18C1F0F126C6B4675","100","15","one TCP client and one sequential IMAP session per sample","0","PASS","45FA907CE0D3797C1E13EBB2F03F076A25656CCE27E801C18F745ACD3944FBBD","5136EEC556F9790732AE759EF52F77FE6172329EA55787A80300C4A824107E46","1","585","True","False","3650.364",,"True","1000","True","True","1000","True"
"512e2cc0-5ebd-4d17-b7cf-a18a28bccdb4","MANIFEST_BOUND","hmail-perf-pair-service-20260901","06EFCBA9520D478A6DAC7ABB7F09F3B63D015A0CD5ECA1EB4D0FD2CC8C38F9FD","net10","hmail_perf_pair_net10_20260831_head3","C:\hmail-perf-pair-service-20260901\net10\Data","393449EA88D8D3C63D044D759D715322FD07A6F365FB10F18C1F0F126C6B4675","100","15","one TCP client and one sequential IMAP session per sample","0","PASS","45FA907CE0D3797C1E13EBB2F03F076A25656CCE27E801C18F745ACD3944FBBD","5136EEC556F9790732AE759EF52F77FE6172329EA55787A80300C4A824107E46","1","586","True","False","3733.598",,"True","1000","True","True","1000","True"
"512e2cc0-5ebd-4d17-b7cf-a18a28bccdb4","MANIFEST_BOUND","hmail-perf-pair-service-20260901","06EFCBA9520D478A6DAC7ABB7F09F3B63D015A0CD5ECA1EB4D0FD2CC8C38F9FD","net10","hmail_perf_pair_net10_20260831_head3","C:\hmail-perf-pair-service-20260901\net10\Data","393449EA88D8D3C63D044D759D715322FD07A6F365FB10F18C1F0F126C6B4675","100","15","one TCP client and one sequential IMAP session per sample","0","PASS","45FA907CE0D3797C1E13EBB2F03F076A25656CCE27E801C18F745ACD3944FBBD","5136EEC556F9790732AE759EF52F77FE6172329EA55787A80300C4A824107E46","1","587","True","False","3835.378",,"True","1000","True","True","1000","True"
"512e2cc0-5ebd-4d17-b7cf-a18a28bccdb4","MANIFEST_BOUND","hmail-perf-pair-service-20260901","06EFCBA9520D478A6DAC7ABB7F09F3B63D015A0CD5ECA1EB4D0FD2CC8C38F9FD","net10","hmail_perf_pair_net10_20260831_head3","C:\hmail-perf-pair-service-20260901\net10\Data","393449EA88D8D3C63D044D759D715322FD07A6F365FB10F18C1F0F126C6B4675","100","15","one TCP client and one sequential IMAP session per sample","0","PASS","45FA907CE0D3797C1E13EBB2F03F076A25656CCE27E801C18F745ACD3944FBBD","5136EEC556F9790732AE759EF52F77FE6172329EA55787A80300C4A824107E46","1","588","True","False","3885.461",,"True","1000","True","True","1000","True"
"512e2cc0-5ebd-4d17-b7cf-a18a28bccdb4","MANIFEST_BOUND","hmail-perf-pair-service-20260901","06EFCBA9520D478A6DAC7ABB7F09F3B63D015A0CD5ECA1EB4D0FD2CC8C38F9FD","net10","hmail_perf_pair_net10_20260831_head3","C:\hmail-perf-pair-service-20260901\net10\Data","393449EA88D8D3C63D044D759D715322FD07A6F365FB10F18C1F0F126C6B4675","100","15","one TCP client and one sequential IMAP session per sample","0","PASS","45FA907CE0D3797C1E13EBB2F03F076A25656CCE27E801C18F745ACD3944FBBD","5136EEC556F9790732AE759EF52F77FE6172329EA55787A80300C4A824107E46","1","589","True","False","2591.42",,"True","1000","True","True","1000","True"
"512e2cc0-5ebd-4d17-b7cf-a18a28bccdb4","MANIFEST_BOUND","hmail-perf-pair-service-20260901","06EFCBA9520D478A6DAC7ABB7F09F3B63D015A0CD5ECA1EB4D0FD2CC8C38F9FD","net10","hmail_perf_pair_net10_20260831_head3","C:\hmail-perf-pair-service-20260901\net10\Data","393449EA88D8D3C63D044D759D715322FD07A6F365FB10F18C1F0F126C6B4675","100","15","one TCP client and one sequential IMAP session per sample","0","PASS","45FA907CE0D3797C1E13EBB2F03F076A25656CCE27E801C18F745ACD3944FBBD","5136EEC556F9790732AE759EF52F77FE6172329EA55787A80300C4A824107E46","1","590","True","False","3634.846",,"True","1000","True","True","1000","True"
"512e2cc0-5ebd-4d17-b7cf-a18a28bccdb4","MANIFEST_BOUND","hmail-perf-pair-service-20260901","06EFCBA9520D478A6DAC7ABB7F09F3B63D015A0CD5ECA1EB4D0FD2CC8C38F9FD","net10","hmail_perf_pair_net10_20260831_head3","C:\hmail-perf-pair-service-20260901\net10\Data","393449EA88D8D3C63D044D759D715322FD07A6F365FB10F18C1F0F126C6B4675","100","15","one TCP client and one sequential IMAP session per sample","0","PASS","45FA907CE0D3797C1E13EBB2F03F076A25656CCE27E801C18F745ACD3944FBBD","5136EEC556F9790732AE759EF52F77FE6172329EA55787A80300C4A824107E46","1","591","True","False","3741.057",,"True","1000","True","True","1000","True"
"512e2cc0-5ebd-4d17-b7cf-a18a28bccdb4","MANIFEST_BOUND","hmail-perf-pair-service-20260901","06EFCBA9520D478A6DAC7ABB7F09F3B63D015A0CD5ECA1EB4D0FD2CC8C38F9FD","net10","hmail_perf_pair_net10_20260831_head3","C:\hmail-perf-pair-service-20260901\net10\Data","393449EA88D8D3C63D044D759D715322FD07A6F365FB10F18C1F0F126C6B4675","100","15","one TCP client and one sequential IMAP session per sample","0","PASS","45FA907CE0D3797C1E13EBB2F03F076A25656CCE27E801C18F745ACD3944FBBD","5136EEC556F9790732AE759EF52F77FE6172329EA55787A80300C4A824107E46","1","592","True","False","3927.937",,"True","1000","True","True","1000","True"
"512e2cc0-5ebd-4d17-b7cf-a18a28bccdb4","MANIFEST_BOUND","hmail-perf-pair-service-20260901","06EFCBA9520D478A6DAC7ABB7F09F3B63D015A0CD5ECA1EB4D0FD2CC8C38F9FD","net10","hmail_perf_pair_net10_20260831_head3","C:\hmail-perf-pair-service-20260901\net10\Data","393449EA88D8D3C63D044D759D715322FD07A6F365FB10F18C1F0F126C6B4675","100","15","one TCP client and one sequential IMAP session per sample","0","PASS","45FA907CE0D3797C1E13EBB2F03F076A25656CCE27E801C18F745ACD3944FBBD","5136EEC556F9790732AE759EF52F77FE6172329EA55787A80300C4A824107E46","1","593","True","False","3766.86",,"True","1000","True","True","1000","True"
"512e2cc0-5ebd-4d17-b7cf-a18a28bccdb4","MANIFEST_BOUND","hmail-perf-pair-service-20260901","06EFCBA9520D478A6DAC7ABB7F09F3B63D015A0CD5ECA1EB4D0FD2CC8C38F9FD","net10","hmail_perf_pair_net10_20260831_head3","C:\hmail-perf-pair-service-20260901\net10\Data","393449EA88D8D3C63D044D759D715322FD07A6F365FB10F18C1F0F126C6B4675","100","15","one TCP client and one sequential IMAP session per sample","0","PASS","45FA907CE0D3797C1E13EBB2F03F076A25656CCE27E801C18F745ACD3944FBBD","5136EEC556F9790732AE759EF52F77FE6172329EA55787A80300C4A824107E46","1","594","True","False","3628.924",,"True","1000","True","True","1000","True"
"512e2cc0-5ebd-4d17-b7cf-a18a28bccdb4","MANIFEST_BOUND","hmail-perf-pair-service-20260901","06EFCBA9520D478A6DAC7ABB7F09F3B63D015A0CD5ECA1EB4D0FD2CC8C38F9FD","net10","hmail_perf_pair_net10_20260831_head3","C:\hmail-perf-pair-service-20260901\net10\Data","393449EA88D8D3C63D044D759D715322FD07A6F365FB10F18C1F0F126C6B4675","100","15","one TCP client and one sequential IMAP session per sample","0","PASS","45FA907CE0D3797C1E13EBB2F03F076A25656CCE27E801C18F745ACD3944FBBD","5136EEC556F9790732AE759EF52F77FE6172329EA55787A80300C4A824107E46","1","595","True","False","1292.85",,"True","1000","True","True","1000","True"
"512e2cc0-5ebd-4d17-b7cf-a18a28bccdb4","MANIFEST_BOUND","hmail-perf-pair-service-20260901","06EFCBA9520D478A6DAC7ABB7F09F3B63D015A0CD5ECA1EB4D0FD2CC8C38F9FD","net10","hmail_perf_pair_net10_20260831_head3","C:\hmail-perf-pair-service-20260901\net10\Data","393449EA88D8D3C63D044D759D715322FD07A6F365FB10F18C1F0F126C6B4675","100","15","one TCP client and one sequential IMAP session per sample","0","PASS","45FA907CE0D3797C1E13EBB2F03F076A25656CCE27E801C18F745ACD3944FBBD","5136EEC556F9790732AE759EF52F77FE6172329EA55787A80300C4A824107E46","1","596","True","False","3756.89",,"True","1000","True","True","1000","True"
"512e2cc0-5ebd-4d17-b7cf-a18a28bccdb4","MANIFEST_BOUND","hmail-perf-pair-service-20260901","06EFCBA9520D478A6DAC7ABB7F09F3B63D015A0CD5ECA1EB4D0FD2CC8C38F9FD","net10","hmail_perf_pair_net10_20260831_head3","C:\hmail-perf-pair-service-20260901\net10\Data","393449EA88D8D3C63D044D759D715322FD07A6F365FB10F18C1F0F126C6B4675","100","15","one TCP client and one sequential IMAP session per sample","0","PASS","45FA907CE0D3797C1E13EBB2F03F076A25656CCE27E801C18F745ACD3944FBBD","5136EEC556F9790732AE759EF52F77FE6172329EA55787A80300C4A824107E46","1","597","True","False","3746.205",,"True","1000","True","True","1000","True"
"512e2cc0-5ebd-4d17-b7cf-a18a28bccdb4","MANIFEST_BOUND","hmail-perf-pair-service-20260901","06EFCBA9520D478A6DAC7ABB7F09F3B63D015A0CD5ECA1EB4D0FD2CC8C38F9FD","net10","hmail_perf_pair_net10_20260831_head3","C:\hmail-perf-pair-service-20260901\net10\Data","393449EA88D8D3C63D044D759D715322FD07A6F365FB10F18C1F0F126C6B4675","100","15","one TCP client and one sequential IMAP session per sample","0","PASS","45FA907CE0D3797C1E13EBB2F03F076A25656CCE27E801C18F745ACD3944FBBD","5136EEC556F9790732AE759EF52F77FE6172329EA55787A80300C4A824107E46","1","598","True","False","3119.467",,"True","1000","True","True","1000","True"
"512e2cc0-5ebd-4d17-b7cf-a18a28bccdb4","MANIFEST_BOUND","hmail-perf-pair-service-20260901","06EFCBA9520D478A6DAC7ABB7F09F3B63D015A0CD5ECA1EB4D0FD2CC8C38F9FD","net10","hmail_perf_pair_net10_20260831_head3","C:\hmail-perf-pair-service-20260901\net10\Data","393449EA88D8D3C63D044D759D715322FD07A6F365FB10F18C1F0F126C6B4675","100","15","one TCP client and one sequential IMAP session per sample","0","PASS","45FA907CE0D3797C1E13EBB2F03F076A25656CCE27E801C18F745ACD3944FBBD","5136EEC556F9790732AE759EF52F77FE6172329EA55787A80300C4A824107E46","1","599","True","False","3769.211",,"True","1000","True","True","1000","True"
"512e2cc0-5ebd-4d17-b7cf-a18a28bccdb4","MANIFEST_BOUND","hmail-perf-pair-service-20260901","06EFCBA9520D478A6DAC7ABB7F09F3B63D015A0CD5ECA1EB4D0FD2CC8C38F9FD","net10","hmail_perf_pair_net10_20260831_head3","C:\hmail-perf-pair-service-20260901\net10\Data","393449EA88D8D3C63D044D759D715322FD07A6F365FB10F18C1F0F126C6B4675","100","15","one TCP client and one sequential IMAP session per sample","0","PASS","45FA907CE0D3797C1E13EBB2F03F076A25656CCE27E801C18F745ACD3944FBBD","5136EEC556F9790732AE759EF52F77FE6172329EA55787A80300C4A824107E46","1","600","True","False","3674.119",,"True","1000","True","True","1000","True"
"512e2cc0-5ebd-4d17-b7cf-a18a28bccdb4","MANIFEST_BOUND","hmail-perf-pair-service-20260901","06EFCBA9520D478A6DAC7ABB7F09F3B63D015A0CD5ECA1EB4D0FD2CC8C38F9FD","net10","hmail_perf_pair_net10_20260831_head3","C:\hmail-perf-pair-service-20260901\net10\Data","393449EA88D8D3C63D044D759D715322FD07A6F365FB10F18C1F0F126C6B4675","100","15","one TCP client and one sequential IMAP session per sample","0","PASS","45FA907CE0D3797C1E13EBB2F03F076A25656CCE27E801C18F745ACD3944FBBD","5136EEC556F9790732AE759EF52F77FE6172329EA55787A80300C4A824107E46","1","601","True","False","3766.876",,"True","1000","True","True","1000","True"
"512e2cc0-5ebd-4d17-b7cf-a18a28bccdb4","MANIFEST_BOUND","hmail-perf-pair-service-20260901","06EFCBA9520D478A6DAC7ABB7F09F3B63D015A0CD5ECA1EB4D0FD2CC8C38F9FD","net10","hmail_perf_pair_net10_20260831_head3","C:\hmail-perf-pair-service-20260901\net10\Data","393449EA88D8D3C63D044D759D715322FD07A6F365FB10F18C1F0F126C6B4675","100","15","one TCP client and one sequential IMAP session per sample","0","PASS","45FA907CE0D3797C1E13EBB2F03F076A25656CCE27E801C18F745ACD3944FBBD","5136EEC556F9790732AE759EF52F77FE6172329EA55787A80300C4A824107E46","1","602","True","False","3388.05",,"True","1000","True","True","1000","True"
"512e2cc0-5ebd-4d17-b7cf-a18a28bccdb4","MANIFEST_BOUND","hmail-perf-pair-service-20260901","06EFCBA9520D478A6DAC7ABB7F09F3B63D015A0CD5ECA1EB4D0FD2CC8C38F9FD","net10","hmail_perf_pair_net10_20260831_head3","C:\hmail-perf-pair-service-20260901\net10\Data","393449EA88D8D3C63D044D759D715322FD07A6F365FB10F18C1F0F126C6B4675","100","15","one TCP client and one sequential IMAP session per sample","0","PASS","45FA907CE0D3797C1E13EBB2F03F076A25656CCE27E801C18F745ACD3944FBBD","5136EEC556F9790732AE759EF52F77FE6172329EA55787A80300C4A824107E46","1","603","True","False","3766.271",,"True","1000","True","True","1000","True"
"512e2cc0-5ebd-4d17-b7cf-a18a28bccdb4","MANIFEST_BOUND","hmail-perf-pair-service-20260901","06EFCBA9520D478A6DAC7ABB7F09F3B63D015A0CD5ECA1EB4D0FD2CC8C38F9FD","net10","hmail_perf_pair_net10_20260831_head3","C:\hmail-perf-pair-service-20260901\net10\Data","393449EA88D8D3C63D044D759D715322FD07A6F365FB10F18C1F0F126C6B4675","100","15","one TCP client and one sequential IMAP session per sample","0","PASS","45FA907CE0D3797C1E13EBB2F03F076A25656CCE27E801C18F745ACD3944FBBD","5136EEC556F9790732AE759EF52F77FE6172329EA55787A80300C4A824107E46","1","604","True","False","4062.925",,"True","1000","True","True","1000","True"
"512e2cc0-5ebd-4d17-b7cf-a18a28bccdb4","MANIFEST_BOUND","hmail-perf-pair-service-20260901","06EFCBA9520D478A6DAC7ABB7F09F3B63D015A0CD5ECA1EB4D0FD2CC8C38F9FD","net10","hmail_perf_pair_net10_20260831_head3","C:\hmail-perf-pair-service-20260901\net10\Data","393449EA88D8D3C63D044D759D715322FD07A6F365FB10F18C1F0F126C6B4675","100","15","one TCP client and one sequential IMAP session per sample","0","PASS","45FA907CE0D3797C1E13EBB2F03F076A25656CCE27E801C18F745ACD3944FBBD","5136EEC556F9790732AE759EF52F77FE6172329EA55787A80300C4A824107E46","1","605","True","False","3674.31",,"True","1000","True","True","1000","True"
"512e2cc0-5ebd-4d17-b7cf-a18a28bccdb4","MANIFEST_BOUND","hmail-perf-pair-service-20260901","06EFCBA9520D478A6DAC7ABB7F09F3B63D015A0CD5ECA1EB4D0FD2CC8C38F9FD","net10","hmail_perf_pair_net10_20260831_head3","C:\hmail-perf-pair-service-20260901\net10\Data","393449EA88D8D3C63D044D759D715322FD07A6F365FB10F18C1F0F126C6B4675","100","15","one TCP client and one sequential IMAP session per sample","0","PASS","45FA907CE0D3797C1E13EBB2F03F076A25656CCE27E801C18F745ACD3944FBBD","5136EEC556F9790732AE759EF52F77FE6172329EA55787A80300C4A824107E46","1","606","True","False","3852.897",,"True","1000","True","True","1000","True"
"512e2cc0-5ebd-4d17-b7cf-a18a28bccdb4","MANIFEST_BOUND","hmail-perf-pair-service-20260901","06EFCBA9520D478A6DAC7ABB7F09F3B63D015A0CD5ECA1EB4D0FD2CC8C38F9FD","net10","hmail_perf_pair_net10_20260831_head3","C:\hmail-perf-pair-service-20260901\net10\Data","393449EA88D8D3C63D044D759D715322FD07A6F365FB10F18C1F0F126C6B4675","100","15","one TCP client and one sequential IMAP session per sample","0","PASS","45FA907CE0D3797C1E13EBB2F03F076A25656CCE27E801C18F745ACD3944FBBD","5136EEC556F9790732AE759EF52F77FE6172329EA55787A80300C4A824107E46","1","607","True","False","3776.567",,"True","1000","True","True","1000","True"
"512e2cc0-5ebd-4d17-b7cf-a18a28bccdb4","MANIFEST_BOUND","hmail-perf-pair-service-20260901","06EFCBA9520D478A6DAC7ABB7F09F3B63D015A0CD5ECA1EB4D0FD2CC8C38F9FD","net10","hmail_perf_pair_net10_20260831_head3","C:\hmail-perf-pair-service-20260901\net10\Data","393449EA88D8D3C63D044D759D715322FD07A6F365FB10F18C1F0F126C6B4675","100","15","one TCP client and one sequential IMAP session per sample","0","PASS","45FA907CE0D3797C1E13EBB2F03F076A25656CCE27E801C18F745ACD3944FBBD","5136EEC556F9790732AE759EF52F77FE6172329EA55787A80300C4A824107E46","1","608","True","False","3508.665",,"True","1000","True","True","1000","True"
"512e2cc0-5ebd-4d17-b7cf-a18a28bccdb4","MANIFEST_BOUND","hmail-perf-pair-service-20260901","06EFCBA9520D478A6DAC7ABB7F09F3B63D015A0CD5ECA1EB4D0FD2CC8C38F9FD","net10","hmail_perf_pair_net10_20260831_head3","C:\hmail-perf-pair-service-20260901\net10\Data","393449EA88D8D3C63D044D759D715322FD07A6F365FB10F18C1F0F126C6B4675","100","15","one TCP client and one sequential IMAP session per sample","0","PASS","45FA907CE0D3797C1E13EBB2F03F076A25656CCE27E801C18F745ACD3944FBBD","5136EEC556F9790732AE759EF52F77FE6172329EA55787A80300C4A824107E46","1","609","True","False","3758.83",,"True","1000","True","True","1000","True"
"512e2cc0-5ebd-4d17-b7cf-a18a28bccdb4","MANIFEST_BOUND","hmail-perf-pair-service-20260901","06EFCBA9520D478A6DAC7ABB7F09F3B63D015A0CD5ECA1EB4D0FD2CC8C38F9FD","net10","hmail_perf_pair_net10_20260831_head3","C:\hmail-perf-pair-service-20260901\net10\Data","393449EA88D8D3C63D044D759D715322FD07A6F365FB10F18C1F0F126C6B4675","100","15","one TCP client and one sequential IMAP session per sample","0","PASS","45FA907CE0D3797C1E13EBB2F03F076A25656CCE27E801C18F745ACD3944FBBD","5136EEC556F9790732AE759EF52F77FE6172329EA55787A80300C4A824107E46","1","610","True","False","3787.534",,"True","1000","True","True","1000","True"
"512e2cc0-5ebd-4d17-b7cf-a18a28bccdb4","MANIFEST_BOUND","hmail-perf-pair-service-20260901","06EFCBA9520D478A6DAC7ABB7F09F3B63D015A0CD5ECA1EB4D0FD2CC8C38F9FD","net10","hmail_perf_pair_net10_20260831_head3","C:\hmail-perf-pair-service-20260901\net10\Data","393449EA88D8D3C63D044D759D715322FD07A6F365FB10F18C1F0F126C6B4675","100","15","one TCP client and one sequential IMAP session per sample","0","PASS","45FA907CE0D3797C1E13EBB2F03F076A25656CCE27E801C18F745ACD3944FBBD","5136EEC556F9790732AE759EF52F77FE6172329EA55787A80300C4A824107E46","1","611","True","False","1143.958",,"True","1000","True","True","1000","True"
"512e2cc0-5ebd-4d17-b7cf-a18a28bccdb4","MANIFEST_BOUND","hmail-perf-pair-service-20260901","06EFCBA9520D478A6DAC7ABB7F09F3B63D015A0CD5ECA1EB4D0FD2CC8C38F9FD","net10","hmail_perf_pair_net10_20260831_head3","C:\hmail-perf-pair-service-20260901\net10\Data","393449EA88D8D3C63D044D759D715322FD07A6F365FB10F18C1F0F126C6B4675","100","15","one TCP client and one sequential IMAP session per sample","0","PASS","45FA907CE0D3797C1E13EBB2F03F076A25656CCE27E801C18F745ACD3944FBBD","5136EEC556F9790732AE759EF52F77FE6172329EA55787A80300C4A824107E46","1","612","True","False","3756.752",,"True","1000","True","True","1000","True"
"512e2cc0-5ebd-4d17-b7cf-a18a28bccdb4","MANIFEST_BOUND","hmail-perf-pair-service-20260901","06EFCBA9520D478A6DAC7ABB7F09F3B63D015A0CD5ECA1EB4D0FD2CC8C38F9FD","net10","hmail_perf_pair_net10_20260831_head3","C:\hmail-perf-pair-service-20260901\net10\Data","393449EA88D8D3C63D044D759D715322FD07A6F365FB10F18C1F0F126C6B4675","100","15","one TCP client and one sequential IMAP session per sample","0","PASS","45FA907CE0D3797C1E13EBB2F03F076A25656CCE27E801C18F745ACD3944FBBD","5136EEC556F9790732AE759EF52F77FE6172329EA55787A80300C4A824107E46","1","613","True","False","3792.384",,"True","1000","True","True","1000","True"
"512e2cc0-5ebd-4d17-b7cf-a18a28bccdb4","MANIFEST_BOUND","hmail-perf-pair-service-20260901","06EFCBA9520D478A6DAC7ABB7F09F3B63D015A0CD5ECA1EB4D0FD2CC8C38F9FD","net10","hmail_perf_pair_net10_20260831_head3","C:\hmail-perf-pair-service-20260901\net10\Data","393449EA88D8D3C63D044D759D715322FD07A6F365FB10F18C1F0F126C6B4675","100","15","one TCP client and one sequential IMAP session per sample","0","PASS","45FA907CE0D3797C1E13EBB2F03F076A25656CCE27E801C18F745ACD3944FBBD","5136EEC556F9790732AE759EF52F77FE6172329EA55787A80300C4A824107E46","1","614","True","False","1298.535",,"True","1000","True","True","1000","True"
"512e2cc0-5ebd-4d17-b7cf-a18a28bccdb4","MANIFEST_BOUND","hmail-perf-pair-service-20260901","06EFCBA9520D478A6DAC7ABB7F09F3B63D015A0CD5ECA1EB4D0FD2CC8C38F9FD","net10","hmail_perf_pair_net10_20260831_head3","C:\hmail-perf-pair-service-20260901\net10\Data","393449EA88D8D3C63D044D759D715322FD07A6F365FB10F18C1F0F126C6B4675","100","15","one TCP client and one sequential IMAP session per sample","0","PASS","45FA907CE0D3797C1E13EBB2F03F076A25656CCE27E801C18F745ACD3944FBBD","5136EEC556F9790732AE759EF52F77FE6172329EA55787A80300C4A824107E46","1","615","True","False","1538.186",,"True","1000","True","True","1000","True"
"512e2cc0-5ebd-4d17-b7cf-a18a28bccdb4","MANIFEST_BOUND","hmail-perf-pair-service-20260901","06EFCBA9520D478A6DAC7ABB7F09F3B63D015A0CD5ECA1EB4D0FD2CC8C38F9FD","net10","hmail_perf_pair_net10_20260831_head3","C:\hmail-perf-pair-service-20260901\net10\Data","393449EA88D8D3C63D044D759D715322FD07A6F365FB10F18C1F0F126C6B4675","100","15","one TCP client and one sequential IMAP session per sample","0","PASS","45FA907CE0D3797C1E13EBB2F03F076A25656CCE27E801C18F745ACD3944FBBD","5136EEC556F9790732AE759EF52F77FE6172329EA55787A80300C4A824107E46","1","616","True","False","3673.699",,"True","1000","True","True","1000","True"
"512e2cc0-5ebd-4d17-b7cf-a18a28bccdb4","MANIFEST_BOUND","hmail-perf-pair-service-20260901","06EFCBA9520D478A6DAC7ABB7F09F3B63D015A0CD5ECA1EB4D0FD2CC8C38F9FD","net10","hmail_perf_pair_net10_20260831_head3","C:\hmail-perf-pair-service-20260901\net10\Data","393449EA88D8D3C63D044D759D715322FD07A6F365FB10F18C1F0F126C6B4675","100","15","one TCP client and one sequential IMAP session per sample","0","PASS","45FA907CE0D3797C1E13EBB2F03F076A25656CCE27E801C18F745ACD3944FBBD","5136EEC556F9790732AE759EF52F77FE6172329EA55787A80300C4A824107E46","1","617","True","False","3598.242",,"True","1000","True","True","1000","True"
"512e2cc0-5ebd-4d17-b7cf-a18a28bccdb4","MANIFEST_BOUND","hmail-perf-pair-service-20260901","06EFCBA9520D478A6DAC7ABB7F09F3B63D015A0CD5ECA1EB4D0FD2CC8C38F9FD","net10","hmail_perf_pair_net10_20260831_head3","C:\hmail-perf-pair-service-20260901\net10\Data","393449EA88D8D3C63D044D759D715322FD07A6F365FB10F18C1F0F126C6B4675","100","15","one TCP client and one sequential IMAP session per sample","0","PASS","45FA907CE0D3797C1E13EBB2F03F076A25656CCE27E801C18F745ACD3944FBBD","5136EEC556F9790732AE759EF52F77FE6172329EA55787A80300C4A824107E46","1","618","True","False","3939.341",,"True","1000","True","True","1000","True"
"512e2cc0-5ebd-4d17-b7cf-a18a28bccdb4","MANIFEST_BOUND","hmail-perf-pair-service-20260901","06EFCBA9520D478A6DAC7ABB7F09F3B63D015A0CD5ECA1EB4D0FD2CC8C38F9FD","net10","hmail_perf_pair_net10_20260831_head3","C:\hmail-perf-pair-service-20260901\net10\Data","393449EA88D8D3C63D044D759D715322FD07A6F365FB10F18C1F0F126C6B4675","100","15","one TCP client and one sequential IMAP session per sample","0","PASS","45FA907CE0D3797C1E13EBB2F03F076A25656CCE27E801C18F745ACD3944FBBD","5136EEC556F9790732AE759EF52F77FE6172329EA55787A80300C4A824107E46","1","619","True","False","2201.659",,"True","1000","True","True","1000","True"
"512e2cc0-5ebd-4d17-b7cf-a18a28bccdb4","MANIFEST_BOUND","hmail-perf-pair-service-20260901","06EFCBA9520D478A6DAC7ABB7F09F3B63D015A0CD5ECA1EB4D0FD2CC8C38F9FD","net10","hmail_perf_pair_net10_20260831_head3","C:\hmail-perf-pair-service-20260901\net10\Data","393449EA88D8D3C63D044D759D715322FD07A6F365FB10F18C1F0F126C6B4675","100","15","one TCP client and one sequential IMAP session per sample","0","PASS","45FA907CE0D3797C1E13EBB2F03F076A25656CCE27E801C18F745ACD3944FBBD","5136EEC556F9790732AE759EF52F77FE6172329EA55787A80300C4A824107E46","1","620","True","False","1397.715",,"True","1000","True","True","1000","True"
"512e2cc0-5ebd-4d17-b7cf-a18a28bccdb4","MANIFEST_BOUND","hmail-perf-pair-service-20260901","06EFCBA9520D478A6DAC7ABB7F09F3B63D015A0CD5ECA1EB4D0FD2CC8C38F9FD","net10","hmail_perf_pair_net10_20260831_head3","C:\hmail-perf-pair-service-20260901\net10\Data","393449EA88D8D3C63D044D759D715322FD07A6F365FB10F18C1F0F126C6B4675","100","15","one TCP client and one sequential IMAP session per sample","0","PASS","45FA907CE0D3797C1E13EBB2F03F076A25656CCE27E801C18F745ACD3944FBBD","5136EEC556F9790732AE759EF52F77FE6172329EA55787A80300C4A824107E46","1","621","True","False","3762.911",,"True","1000","True","True","1000","True"
"512e2cc0-5ebd-4d17-b7cf-a18a28bccdb4","MANIFEST_BOUND","hmail-perf-pair-service-20260901","06EFCBA9520D478A6DAC7ABB7F09F3B63D015A0CD5ECA1EB4D0FD2CC8C38F9FD","net10","hmail_perf_pair_net10_20260831_head3","C:\hmail-perf-pair-service-20260901\net10\Data","393449EA88D8D3C63D044D759D715322FD07A6F365FB10F18C1F0F126C6B4675","100","15","one TCP client and one sequential IMAP session per sample","0","PASS","45FA907CE0D3797C1E13EBB2F03F076A25656CCE27E801C18F745ACD3944FBBD","5136EEC556F9790732AE759EF52F77FE6172329EA55787A80300C4A824107E46","1","622","True","False","1172.974",,"True","1000","True","True","1000","True"
"512e2cc0-5ebd-4d17-b7cf-a18a28bccdb4","MANIFEST_BOUND","hmail-perf-pair-service-20260901","06EFCBA9520D478A6DAC7ABB7F09F3B63D015A0CD5ECA1EB4D0FD2CC8C38F9FD","net10","hmail_perf_pair_net10_20260831_head3","C:\hmail-perf-pair-service-20260901\net10\Data","393449EA88D8D3C63D044D759D715322FD07A6F365FB10F18C1F0F126C6B4675","100","15","one TCP client and one sequential IMAP session per sample","0","PASS","45FA907CE0D3797C1E13EBB2F03F076A25656CCE27E801C18F745ACD3944FBBD","5136EEC556F9790732AE759EF52F77FE6172329EA55787A80300C4A824107E46","1","623","True","False","3676.244",,"True","1000","True","True","1000","True"
"512e2cc0-5ebd-4d17-b7cf-a18a28bccdb4","MANIFEST_BOUND","hmail-perf-pair-service-20260901","06EFCBA9520D478A6DAC7ABB7F09F3B63D015A0CD5ECA1EB4D0FD2CC8C38F9FD","net10","hmail_perf_pair_net10_20260831_head3","C:\hmail-perf-pair-service-20260901\net10\Data","393449EA88D8D3C63D044D759D715322FD07A6F365FB10F18C1F0F126C6B4675","100","15","one TCP client and one sequential IMAP session per sample","0","PASS","45FA907CE0D3797C1E13EBB2F03F076A25656CCE27E801C18F745ACD3944FBBD","5136EEC556F9790732AE759EF52F77FE6172329EA55787A80300C4A824107E46","1","624","True","False","2856.561",,"True","1000","True","True","1000","True"
"512e2cc0-5ebd-4d17-b7cf-a18a28bccdb4","MANIFEST_BOUND","hmail-perf-pair-service-20260901","06EFCBA9520D478A6DAC7ABB7F09F3B63D015A0CD5ECA1EB4D0FD2CC8C38F9FD","net10","hmail_perf_pair_net10_20260831_head3","C:\hmail-perf-pair-service-20260901\net10\Data","393449EA88D8D3C63D044D759D715322FD07A6F365FB10F18C1F0F126C6B4675","100","15","one TCP client and one sequential IMAP session per sample","0","PASS","45FA907CE0D3797C1E13EBB2F03F076A25656CCE27E801C18F745ACD3944FBBD","5136EEC556F9790732AE759EF52F77FE6172329EA55787A80300C4A824107E46","1","625","True","False","3667.724",,"True","1000","True","True","1000","True"
"512e2cc0-5ebd-4d17-b7cf-a18a28bccdb4","MANIFEST_BOUND","hmail-perf-pair-service-20260901","06EFCBA9520D478A6DAC7ABB7F09F3B63D015A0CD5ECA1EB4D0FD2CC8C38F9FD","net10","hmail_perf_pair_net10_20260831_head3","C:\hmail-perf-pair-service-20260901\net10\Data","393449EA88D8D3C63D044D759D715322FD07A6F365FB10F18C1F0F126C6B4675","100","15","one TCP client and one sequential IMAP session per sample","0","PASS","45FA907CE0D3797C1E13EBB2F03F076A25656CCE27E801C18F745ACD3944FBBD","5136EEC556F9790732AE759EF52F77FE6172329EA55787A80300C4A824107E46","1","626","True","False","3855.822",,"True","1000","True","True","1000","True"
"512e2cc0-5ebd-4d17-b7cf-a18a28bccdb4","MANIFEST_BOUND","hmail-perf-pair-service-20260901","06EFCBA9520D478A6DAC7ABB7F09F3B63D015A0CD5ECA1EB4D0FD2CC8C38F9FD","net10","hmail_perf_pair_net10_20260831_head3","C:\hmail-perf-pair-service-20260901\net10\Data","393449EA88D8D3C63D044D759D715322FD07A6F365FB10F18C1F0F126C6B4675","100","15","one TCP client and one sequential IMAP session per sample","0","PASS","45FA907CE0D3797C1E13EBB2F03F076A25656CCE27E801C18F745ACD3944FBBD","5136EEC556F9790732AE759EF52F77FE6172329EA55787A80300C4A824107E46","1","627","True","False","3665.206",,"True","1000","True","True","1000","True"
"512e2cc0-5ebd-4d17-b7cf-a18a28bccdb4","MANIFEST_BOUND","hmail-perf-pair-service-20260901","06EFCBA9520D478A6DAC7ABB7F09F3B63D015A0CD5ECA1EB4D0FD2CC8C38F9FD","net10","hmail_perf_pair_net10_20260831_head3","C:\hmail-perf-pair-service-20260901\net10\Data","393449EA88D8D3C63D044D759D715322FD07A6F365FB10F18C1F0F126C6B4675","100","15","one TCP client and one sequential IMAP session per sample","0","PASS","45FA907CE0D3797C1E13EBB2F03F076A25656CCE27E801C18F745ACD3944FBBD","5136EEC556F9790732AE759EF52F77FE6172329EA55787A80300C4A824107E46","1","628","True","False","1249.621",,"True","1000","True","True","1000","True"
"512e2cc0-5ebd-4d17-b7cf-a18a28bccdb4","MANIFEST_BOUND","hmail-perf-pair-service-20260901","06EFCBA9520D478A6DAC7ABB7F09F3B63D015A0CD5ECA1EB4D0FD2CC8C38F9FD","net10","hmail_perf_pair_net10_20260831_head3","C:\hmail-perf-pair-service-20260901\net10\Data","393449EA88D8D3C63D044D759D715322FD07A6F365FB10F18C1F0F126C6B4675","100","15","one TCP client and one sequential IMAP session per sample","0","PASS","45FA907CE0D3797C1E13EBB2F03F076A25656CCE27E801C18F745ACD3944FBBD","5136EEC556F9790732AE759EF52F77FE6172329EA55787A80300C4A824107E46","1","629","True","False","3793.572",,"True","1000","True","True","1000","True"
"512e2cc0-5ebd-4d17-b7cf-a18a28bccdb4","MANIFEST_BOUND","hmail-perf-pair-service-20260901","06EFCBA9520D478A6DAC7ABB7F09F3B63D015A0CD5ECA1EB4D0FD2CC8C38F9FD","net10","hmail_perf_pair_net10_20260831_head3","C:\hmail-perf-pair-service-20260901\net10\Data","393449EA88D8D3C63D044D759D715322FD07A6F365FB10F18C1F0F126C6B4675","100","15","one TCP client and one sequential IMAP session per sample","0","PASS","45FA907CE0D3797C1E13EBB2F03F076A25656CCE27E801C18F745ACD3944FBBD","5136EEC556F9790732AE759EF52F77FE6172329EA55787A80300C4A824107E46","1","630","True","False","3770.153",,"True","1000","True","True","1000","True"
"512e2cc0-5ebd-4d17-b7cf-a18a28bccdb4","MANIFEST_BOUND","hmail-perf-pair-service-20260901","06EFCBA9520D478A6DAC7ABB7F09F3B63D015A0CD5ECA1EB4D0FD2CC8C38F9FD","net10","hmail_perf_pair_net10_20260831_head3","C:\hmail-perf-pair-service-20260901\net10\Data","393449EA88D8D3C63D044D759D715322FD07A6F365FB10F18C1F0F126C6B4675","100","15","one TCP client and one sequential IMAP session per sample","0","PASS","45FA907CE0D3797C1E13EBB2F03F076A25656CCE27E801C18F745ACD3944FBBD","5136EEC556F9790732AE759EF52F77FE6172329EA55787A80300C4A824107E46","1","631","True","False","3684.689",,"True","1000","True","True","1000","True"
"512e2cc0-5ebd-4d17-b7cf-a18a28bccdb4","MANIFEST_BOUND","hmail-perf-pair-service-20260901","06EFCBA9520D478A6DAC7ABB7F09F3B63D015A0CD5ECA1EB4D0FD2CC8C38F9FD","net10","hmail_perf_pair_net10_20260831_head3","C:\hmail-perf-pair-service-20260901\net10\Data","393449EA88D8D3C63D044D759D715322FD07A6F365FB10F18C1F0F126C6B4675","100","15","one TCP client and one sequential IMAP session per sample","0","PASS","45FA907CE0D3797C1E13EBB2F03F076A25656CCE27E801C18F745ACD3944FBBD","5136EEC556F9790732AE759EF52F77FE6172329EA55787A80300C4A824107E46","1","632","True","False","3703.346",,"True","1000","True","True","1000","True"
"512e2cc0-5ebd-4d17-b7cf-a18a28bccdb4","MANIFEST_BOUND","hmail-perf-pair-service-20260901","06EFCBA9520D478A6DAC7ABB7F09F3B63D015A0CD5ECA1EB4D0FD2CC8C38F9FD","net10","hmail_perf_pair_net10_20260831_head3","C:\hmail-perf-pair-service-20260901\net10\Data","393449EA88D8D3C63D044D759D715322FD07A6F365FB10F18C1F0F126C6B4675","100","15","one TCP client and one sequential IMAP session per sample","0","PASS","45FA907CE0D3797C1E13EBB2F03F076A25656CCE27E801C18F745ACD3944FBBD","5136EEC556F9790732AE759EF52F77FE6172329EA55787A80300C4A824107E46","1","633","True","False","3765.654",,"True","1000","True","True","1000","True"
"512e2cc0-5ebd-4d17-b7cf-a18a28bccdb4","MANIFEST_BOUND","hmail-perf-pair-service-20260901","06EFCBA9520D478A6DAC7ABB7F09F3B63D015A0CD5ECA1EB4D0FD2CC8C38F9FD","net10","hmail_perf_pair_net10_20260831_head3","C:\hmail-perf-pair-service-20260901\net10\Data","393449EA88D8D3C63D044D759D715322FD07A6F365FB10F18C1F0F126C6B4675","100","15","one TCP client and one sequential IMAP session per sample","0","PASS","45FA907CE0D3797C1E13EBB2F03F076A25656CCE27E801C18F745ACD3944FBBD","5136EEC556F9790732AE759EF52F77FE6172329EA55787A80300C4A824107E46","1","634","True","False","3673.206",,"True","1000","True","True","1000","True"
"512e2cc0-5ebd-4d17-b7cf-a18a28bccdb4","MANIFEST_BOUND","hmail-perf-pair-service-20260901","06EFCBA9520D478A6DAC7ABB7F09F3B63D015A0CD5ECA1EB4D0FD2CC8C38F9FD","net10","hmail_perf_pair_net10_20260831_head3","C:\hmail-perf-pair-service-20260901\net10\Data","393449EA88D8D3C63D044D759D715322FD07A6F365FB10F18C1F0F126C6B4675","100","15","one TCP client and one sequential IMAP session per sample","0","PASS","45FA907CE0D3797C1E13EBB2F03F076A25656CCE27E801C18F745ACD3944FBBD","5136EEC556F9790732AE759EF52F77FE6172329EA55787A80300C4A824107E46","1","635","True","False","3665.272",,"True","1000","True","True","1000","True"
"512e2cc0-5ebd-4d17-b7cf-a18a28bccdb4","MANIFEST_BOUND","hmail-perf-pair-service-20260901","06EFCBA9520D478A6DAC7ABB7F09F3B63D015A0CD5ECA1EB4D0FD2CC8C38F9FD","net10","hmail_perf_pair_net10_20260831_head3","C:\hmail-perf-pair-service-20260901\net10\Data","393449EA88D8D3C63D044D759D715322FD07A6F365FB10F18C1F0F126C6B4675","100","15","one TCP client and one sequential IMAP session per sample","0","PASS","45FA907CE0D3797C1E13EBB2F03F076A25656CCE27E801C18F745ACD3944FBBD","5136EEC556F9790732AE759EF52F77FE6172329EA55787A80300C4A824107E46","1","636","True","False","3793.527",,"True","1000","True","True","1000","True"
"512e2cc0-5ebd-4d17-b7cf-a18a28bccdb4","MANIFEST_BOUND","hmail-perf-pair-service-20260901","06EFCBA9520D478A6DAC7ABB7F09F3B63D015A0CD5ECA1EB4D0FD2CC8C38F9FD","net10","hmail_perf_pair_net10_20260831_head3","C:\hmail-perf-pair-service-20260901\net10\Data","393449EA88D8D3C63D044D759D715322FD07A6F365FB10F18C1F0F126C6B4675","100","15","one TCP client and one sequential IMAP session per sample","0","PASS","45FA907CE0D3797C1E13EBB2F03F076A25656CCE27E801C18F745ACD3944FBBD","5136EEC556F9790732AE759EF52F77FE6172329EA55787A80300C4A824107E46","1","637","True","False","2019.742",,"True","1000","True","True","1000","True"
"512e2cc0-5ebd-4d17-b7cf-a18a28bccdb4","MANIFEST_BOUND","hmail-perf-pair-service-20260901","06EFCBA9520D478A6DAC7ABB7F09F3B63D015A0CD5ECA1EB4D0FD2CC8C38F9FD","net10","hmail_perf_pair_net10_20260831_head3","C:\hmail-perf-pair-service-20260901\net10\Data","393449EA88D8D3C63D044D759D715322FD07A6F365FB10F18C1F0F126C6B4675","100","15","one TCP client and one sequential IMAP session per sample","0","PASS","45FA907CE0D3797C1E13EBB2F03F076A25656CCE27E801C18F745ACD3944FBBD","5136EEC556F9790732AE759EF52F77FE6172329EA55787A80300C4A824107E46","1","638","True","False","3476.826",,"True","1000","True","True","1000","True"
"512e2cc0-5ebd-4d17-b7cf-a18a28bccdb4","MANIFEST_BOUND","hmail-perf-pair-service-20260901","06EFCBA9520D478A6DAC7ABB7F09F3B63D015A0CD5ECA1EB4D0FD2CC8C38F9FD","net10","hmail_perf_pair_net10_20260831_head3","C:\hmail-perf-pair-service-20260901\net10\Data","393449EA88D8D3C63D044D759D715322FD07A6F365FB10F18C1F0F126C6B4675","100","15","one TCP client and one sequential IMAP session per sample","0","PASS","45FA907CE0D3797C1E13EBB2F03F076A25656CCE27E801C18F745ACD3944FBBD","5136EEC556F9790732AE759EF52F77FE6172329EA55787A80300C4A824107E46","1","639","True","False","1142.844",,"True","1000","True","True","1000","True"
"512e2cc0-5ebd-4d17-b7cf-a18a28bccdb4","MANIFEST_BOUND","hmail-perf-pair-service-20260901","06EFCBA9520D478A6DAC7ABB7F09F3B63D015A0CD5ECA1EB4D0FD2CC8C38F9FD","net10","hmail_perf_pair_net10_20260831_head3","C:\hmail-perf-pair-service-20260901\net10\Data","393449EA88D8D3C63D044D759D715322FD07A6F365FB10F18C1F0F126C6B4675","100","15","one TCP client and one sequential IMAP session per sample","0","PASS","45FA907CE0D3797C1E13EBB2F03F076A25656CCE27E801C18F745ACD3944FBBD","5136EEC556F9790732AE759EF52F77FE6172329EA55787A80300C4A824107E46","1","640","True","False","3684.185",,"True","1000","True","True","1000","True"
"512e2cc0-5ebd-4d17-b7cf-a18a28bccdb4","MANIFEST_BOUND","hmail-perf-pair-service-20260901","06EFCBA9520D478A6DAC7ABB7F09F3B63D015A0CD5ECA1EB4D0FD2CC8C38F9FD","net10","hmail_perf_pair_net10_20260831_head3","C:\hmail-perf-pair-service-20260901\net10\Data","393449EA88D8D3C63D044D759D715322FD07A6F365FB10F18C1F0F126C6B4675","100","15","one TCP client and one sequential IMAP session per sample","0","PASS","45FA907CE0D3797C1E13EBB2F03F076A25656CCE27E801C18F745ACD3944FBBD","5136EEC556F9790732AE759EF52F77FE6172329EA55787A80300C4A824107E46","1","641","True","False","3752.249",,"True","1000","True","True","1000","True"
"512e2cc0-5ebd-4d17-b7cf-a18a28bccdb4","MANIFEST_BOUND","hmail-perf-pair-service-20260901","06EFCBA9520D478A6DAC7ABB7F09F3B63D015A0CD5ECA1EB4D0FD2CC8C38F9FD","net10","hmail_perf_pair_net10_20260831_head3","C:\hmail-perf-pair-service-20260901\net10\Data","393449EA88D8D3C63D044D759D715322FD07A6F365FB10F18C1F0F126C6B4675","100","15","one TCP client and one sequential IMAP session per sample","0","PASS","45FA907CE0D3797C1E13EBB2F03F076A25656CCE27E801C18F745ACD3944FBBD","5136EEC556F9790732AE759EF52F77FE6172329EA55787A80300C4A824107E46","1","642","True","False","3742.172",,"True","1000","True","True","1000","True"
"512e2cc0-5ebd-4d17-b7cf-a18a28bccdb4","MANIFEST_BOUND","hmail-perf-pair-service-20260901","06EFCBA9520D478A6DAC7ABB7F09F3B63D015A0CD5ECA1EB4D0FD2CC8C38F9FD","net10","hmail_perf_pair_net10_20260831_head3","C:\hmail-perf-pair-service-20260901\net10\Data","393449EA88D8D3C63D044D759D715322FD07A6F365FB10F18C1F0F126C6B4675","100","15","one TCP client and one sequential IMAP session per sample","0","PASS","45FA907CE0D3797C1E13EBB2F03F076A25656CCE27E801C18F745ACD3944FBBD","5136EEC556F9790732AE759EF52F77FE6172329EA55787A80300C4A824107E46","1","643","True","False","3675.719",,"True","1000","True","True","1000","True"
"512e2cc0-5ebd-4d17-b7cf-a18a28bccdb4","MANIFEST_BOUND","hmail-perf-pair-service-20260901","06EFCBA9520D478A6DAC7ABB7F09F3B63D015A0CD5ECA1EB4D0FD2CC8C38F9FD","net10","hmail_perf_pair_net10_20260831_head3","C:\hmail-perf-pair-service-20260901\net10\Data","393449EA88D8D3C63D044D759D715322FD07A6F365FB10F18C1F0F126C6B4675","100","15","one TCP client and one sequential IMAP session per sample","0","PASS","45FA907CE0D3797C1E13EBB2F03F076A25656CCE27E801C18F745ACD3944FBBD","5136EEC556F9790732AE759EF52F77FE6172329EA55787A80300C4A824107E46","1","644","True","False","3673.997",,"True","1000","True","True","1000","True"
"512e2cc0-5ebd-4d17-b7cf-a18a28bccdb4","MANIFEST_BOUND","hmail-perf-pair-service-20260901","06EFCBA9520D478A6DAC7ABB7F09F3B63D015A0CD5ECA1EB4D0FD2CC8C38F9FD","net10","hmail_perf_pair_net10_20260831_head3","C:\hmail-perf-pair-service-20260901\net10\Data","393449EA88D8D3C63D044D759D715322FD07A6F365FB10F18C1F0F126C6B4675","100","15","one TCP client and one sequential IMAP session per sample","0","PASS","45FA907CE0D3797C1E13EBB2F03F076A25656CCE27E801C18F745ACD3944FBBD","5136EEC556F9790732AE759EF52F77FE6172329EA55787A80300C4A824107E46","1","645","True","False","1290.983",,"True","1000","True","True","1000","True"
"512e2cc0-5ebd-4d17-b7cf-a18a28bccdb4","MANIFEST_BOUND","hmail-perf-pair-service-20260901","06EFCBA9520D478A6DAC7ABB7F09F3B63D015A0CD5ECA1EB4D0FD2CC8C38F9FD","net10","hmail_perf_pair_net10_20260831_head3","C:\hmail-perf-pair-service-20260901\net10\Data","393449EA88D8D3C63D044D759D715322FD07A6F365FB10F18C1F0F126C6B4675","100","15","one TCP client and one sequential IMAP session per sample","0","PASS","45FA907CE0D3797C1E13EBB2F03F076A25656CCE27E801C18F745ACD3944FBBD","5136EEC556F9790732AE759EF52F77FE6172329EA55787A80300C4A824107E46","1","646","True","False","3636.475",,"True","1000","True","True","1000","True"
"512e2cc0-5ebd-4d17-b7cf-a18a28bccdb4","MANIFEST_BOUND","hmail-perf-pair-service-20260901","06EFCBA9520D478A6DAC7ABB7F09F3B63D015A0CD5ECA1EB4D0FD2CC8C38F9FD","net10","hmail_perf_pair_net10_20260831_head3","C:\hmail-perf-pair-service-20260901\net10\Data","393449EA88D8D3C63D044D759D715322FD07A6F365FB10F18C1F0F126C6B4675","100","15","one TCP client and one sequential IMAP session per sample","0","PASS","45FA907CE0D3797C1E13EBB2F03F076A25656CCE27E801C18F745ACD3944FBBD","5136EEC556F9790732AE759EF52F77FE6172329EA55787A80300C4A824107E46","1","647","True","False","3733.762",,"True","1000","True","True","1000","True"
"512e2cc0-5ebd-4d17-b7cf-a18a28bccdb4","MANIFEST_BOUND","hmail-perf-pair-service-20260901","06EFCBA9520D478A6DAC7ABB7F09F3B63D015A0CD5ECA1EB4D0FD2CC8C38F9FD","net10","hmail_perf_pair_net10_20260831_head3","C:\hmail-perf-pair-service-20260901\net10\Data","393449EA88D8D3C63D044D759D715322FD07A6F365FB10F18C1F0F126C6B4675","100","15","one TCP client and one sequential IMAP session per sample","0","PASS","45FA907CE0D3797C1E13EBB2F03F076A25656CCE27E801C18F745ACD3944FBBD","5136EEC556F9790732AE759EF52F77FE6172329EA55787A80300C4A824107E46","1","648","True","False","3670.02",,"True","1000","True","True","1000","True"
"512e2cc0-5ebd-4d17-b7cf-a18a28bccdb4","MANIFEST_BOUND","hmail-perf-pair-service-20260901","06EFCBA9520D478A6DAC7ABB7F09F3B63D015A0CD5ECA1EB4D0FD2CC8C38F9FD","net10","hmail_perf_pair_net10_20260831_head3","C:\hmail-perf-pair-service-20260901\net10\Data","393449EA88D8D3C63D044D759D715322FD07A6F365FB10F18C1F0F126C6B4675","100","15","one TCP client and one sequential IMAP session per sample","0","PASS","45FA907CE0D3797C1E13EBB2F03F076A25656CCE27E801C18F745ACD3944FBBD","5136EEC556F9790732AE759EF52F77FE6172329EA55787A80300C4A824107E46","1","649","True","False","3864.397",,"True","1000","True","True","1000","True"
"512e2cc0-5ebd-4d17-b7cf-a18a28bccdb4","MANIFEST_BOUND","hmail-perf-pair-service-20260901","06EFCBA9520D478A6DAC7ABB7F09F3B63D015A0CD5ECA1EB4D0FD2CC8C38F9FD","net10","hmail_perf_pair_net10_20260831_head3","C:\hmail-perf-pair-service-20260901\net10\Data","393449EA88D8D3C63D044D759D715322FD07A6F365FB10F18C1F0F126C6B4675","100","15","one TCP client and one sequential IMAP session per sample","0","PASS","45FA907CE0D3797C1E13EBB2F03F076A25656CCE27E801C18F745ACD3944FBBD","5136EEC556F9790732AE759EF52F77FE6172329EA55787A80300C4A824107E46","1","650","True","False","3833.458",,"True","1000","True","True","1000","True"
"512e2cc0-5ebd-4d17-b7cf-a18a28bccdb4","MANIFEST_BOUND","hmail-perf-pair-service-20260901","06EFCBA9520D478A6DAC7ABB7F09F3B63D015A0CD5ECA1EB4D0FD2CC8C38F9FD","net10","hmail_perf_pair_net10_20260831_head3","C:\hmail-perf-pair-service-20260901\net10\Data","393449EA88D8D3C63D044D759D715322FD07A6F365FB10F18C1F0F126C6B4675","100","15","one TCP client and one sequential IMAP session per sample","0","PASS","45FA907CE0D3797C1E13EBB2F03F076A25656CCE27E801C18F745ACD3944FBBD","5136EEC556F9790732AE759EF52F77FE6172329EA55787A80300C4A824107E46","1","651","True","False","3774.48",,"True","1000","True","True","1000","True"
"512e2cc0-5ebd-4d17-b7cf-a18a28bccdb4","MANIFEST_BOUND","hmail-perf-pair-service-20260901","06EFCBA9520D478A6DAC7ABB7F09F3B63D015A0CD5ECA1EB4D0FD2CC8C38F9FD","net10","hmail_perf_pair_net10_20260831_head3","C:\hmail-perf-pair-service-20260901\net10\Data","393449EA88D8D3C63D044D759D715322FD07A6F365FB10F18C1F0F126C6B4675","100","15","one TCP client and one sequential IMAP session per sample","0","PASS","45FA907CE0D3797C1E13EBB2F03F076A25656CCE27E801C18F745ACD3944FBBD","5136EEC556F9790732AE759EF52F77FE6172329EA55787A80300C4A824107E46","1","652","True","False","3685.565",,"True","1000","True","True","1000","True"
"512e2cc0-5ebd-4d17-b7cf-a18a28bccdb4","MANIFEST_BOUND","hmail-perf-pair-service-20260901","06EFCBA9520D478A6DAC7ABB7F09F3B63D015A0CD5ECA1EB4D0FD2CC8C38F9FD","net10","hmail_perf_pair_net10_20260831_head3","C:\hmail-perf-pair-service-20260901\net10\Data","393449EA88D8D3C63D044D759D715322FD07A6F365FB10F18C1F0F126C6B4675","100","15","one TCP client and one sequential IMAP session per sample","0","PASS","45FA907CE0D3797C1E13EBB2F03F076A25656CCE27E801C18F745ACD3944FBBD","5136EEC556F9790732AE759EF52F77FE6172329EA55787A80300C4A824107E46","1","653","True","False","3669.594",,"True","1000","True","True","1000","True"
"512e2cc0-5ebd-4d17-b7cf-a18a28bccdb4","MANIFEST_BOUND","hmail-perf-pair-service-20260901","06EFCBA9520D478A6DAC7ABB7F09F3B63D015A0CD5ECA1EB4D0FD2CC8C38F9FD","net10","hmail_perf_pair_net10_20260831_head3","C:\hmail-perf-pair-service-20260901\net10\Data","393449EA88D8D3C63D044D759D715322FD07A6F365FB10F18C1F0F126C6B4675","100","15","one TCP client and one sequential IMAP session per sample","0","PASS","45FA907CE0D3797C1E13EBB2F03F076A25656CCE27E801C18F745ACD3944FBBD","5136EEC556F9790732AE759EF52F77FE6172329EA55787A80300C4A824107E46","1","654","True","False","1142.242",,"True","1000","True","True","1000","True"
"512e2cc0-5ebd-4d17-b7cf-a18a28bccdb4","MANIFEST_BOUND","hmail-perf-pair-service-20260901","06EFCBA9520D478A6DAC7ABB7F09F3B63D015A0CD5ECA1EB4D0FD2CC8C38F9FD","net10","hmail_perf_pair_net10_20260831_head3","C:\hmail-perf-pair-service-20260901\net10\Data","393449EA88D8D3C63D044D759D715322FD07A6F365FB10F18C1F0F126C6B4675","100","15","one TCP client and one sequential IMAP session per sample","0","PASS","45FA907CE0D3797C1E13EBB2F03F076A25656CCE27E801C18F745ACD3944FBBD","5136EEC556F9790732AE759EF52F77FE6172329EA55787A80300C4A824107E46","1","655","True","False","3638.251",,"True","1000","True","True","1000","True"
"512e2cc0-5ebd-4d17-b7cf-a18a28bccdb4","MANIFEST_BOUND","hmail-perf-pair-service-20260901","06EFCBA9520D478A6DAC7ABB7F09F3B63D015A0CD5ECA1EB4D0FD2CC8C38F9FD","net10","hmail_perf_pair_net10_20260831_head3","C:\hmail-perf-pair-service-20260901\net10\Data","393449EA88D8D3C63D044D759D715322FD07A6F365FB10F18C1F0F126C6B4675","100","15","one TCP client and one sequential IMAP session per sample","0","PASS","45FA907CE0D3797C1E13EBB2F03F076A25656CCE27E801C18F745ACD3944FBBD","5136EEC556F9790732AE759EF52F77FE6172329EA55787A80300C4A824107E46","1","656","True","False","3862.661",,"True","1000","True","True","1000","True"
"512e2cc0-5ebd-4d17-b7cf-a18a28bccdb4","MANIFEST_BOUND","hmail-perf-pair-service-20260901","06EFCBA9520D478A6DAC7ABB7F09F3B63D015A0CD5ECA1EB4D0FD2CC8C38F9FD","net10","hmail_perf_pair_net10_20260831_head3","C:\hmail-perf-pair-service-20260901\net10\Data","393449EA88D8D3C63D044D759D715322FD07A6F365FB10F18C1F0F126C6B4675","100","15","one TCP client and one sequential IMAP session per sample","0","PASS","45FA907CE0D3797C1E13EBB2F03F076A25656CCE27E801C18F745ACD3944FBBD","5136EEC556F9790732AE759EF52F77FE6172329EA55787A80300C4A824107E46","1","657","True","False","3436.663",,"True","1000","True","True","1000","True"
"512e2cc0-5ebd-4d17-b7cf-a18a28bccdb4","MANIFEST_BOUND","hmail-perf-pair-service-20260901","06EFCBA9520D478A6DAC7ABB7F09F3B63D015A0CD5ECA1EB4D0FD2CC8C38F9FD","net10","hmail_perf_pair_net10_20260831_head3","C:\hmail-perf-pair-service-20260901\net10\Data","393449EA88D8D3C63D044D759D715322FD07A6F365FB10F18C1F0F126C6B4675","100","15","one TCP client and one sequential IMAP session per sample","0","PASS","45FA907CE0D3797C1E13EBB2F03F076A25656CCE27E801C18F745ACD3944FBBD","5136EEC556F9790732AE759EF52F77FE6172329EA55787A80300C4A824107E46","1","658","True","False","3789.494",,"True","1000","True","True","1000","True"
"512e2cc0-5ebd-4d17-b7cf-a18a28bccdb4","MANIFEST_BOUND","hmail-perf-pair-service-20260901","06EFCBA9520D478A6DAC7ABB7F09F3B63D015A0CD5ECA1EB4D0FD2CC8C38F9FD","net10","hmail_perf_pair_net10_20260831_head3","C:\hmail-perf-pair-service-20260901\net10\Data","393449EA88D8D3C63D044D759D715322FD07A6F365FB10F18C1F0F126C6B4675","100","15","one TCP client and one sequential IMAP session per sample","0","PASS","45FA907CE0D3797C1E13EBB2F03F076A25656CCE27E801C18F745ACD3944FBBD","5136EEC556F9790732AE759EF52F77FE6172329EA55787A80300C4A824107E46","1","659","True","False","2959.748",,"True","1000","True","True","1000","True"
"512e2cc0-5ebd-4d17-b7cf-a18a28bccdb4","MANIFEST_BOUND","hmail-perf-pair-service-20260901","06EFCBA9520D478A6DAC7ABB7F09F3B63D015A0CD5ECA1EB4D0FD2CC8C38F9FD","net10","hmail_perf_pair_net10_20260831_head3","C:\hmail-perf-pair-service-20260901\net10\Data","393449EA88D8D3C63D044D759D715322FD07A6F365FB10F18C1F0F126C6B4675","100","15","one TCP client and one sequential IMAP session per sample","0","PASS","45FA907CE0D3797C1E13EBB2F03F076A25656CCE27E801C18F745ACD3944FBBD","5136EEC556F9790732AE759EF52F77FE6172329EA55787A80300C4A824107E46","1","660","True","False","3743.075",,"True","1000","True","True","1000","True"
"512e2cc0-5ebd-4d17-b7cf-a18a28bccdb4","MANIFEST_BOUND","hmail-perf-pair-service-20260901","06EFCBA9520D478A6DAC7ABB7F09F3B63D015A0CD5ECA1EB4D0FD2CC8C38F9FD","net10","hmail_perf_pair_net10_20260831_head3","C:\hmail-perf-pair-service-20260901\net10\Data","393449EA88D8D3C63D044D759D715322FD07A6F365FB10F18C1F0F126C6B4675","100","15","one TCP client and one sequential IMAP session per sample","0","PASS","45FA907CE0D3797C1E13EBB2F03F076A25656CCE27E801C18F745ACD3944FBBD","5136EEC556F9790732AE759EF52F77FE6172329EA55787A80300C4A824107E46","1","661","True","False","3034.724",,"True","1000","True","True","1000","True"
"512e2cc0-5ebd-4d17-b7cf-a18a28bccdb4","MANIFEST_BOUND","hmail-perf-pair-service-20260901","06EFCBA9520D478A6DAC7ABB7F09F3B63D015A0CD5ECA1EB4D0FD2CC8C38F9FD","net10","hmail_perf_pair_net10_20260831_head3","C:\hmail-perf-pair-service-20260901\net10\Data","393449EA88D8D3C63D044D759D715322FD07A6F365FB10F18C1F0F126C6B4675","100","15","one TCP client and one sequential IMAP session per sample","0","PASS","45FA907CE0D3797C1E13EBB2F03F076A25656CCE27E801C18F745ACD3944FBBD","5136EEC556F9790732AE759EF52F77FE6172329EA55787A80300C4A824107E46","1","662","True","False","3856.326",,"True","1000","True","True","1000","True"
"512e2cc0-5ebd-4d17-b7cf-a18a28bccdb4","MANIFEST_BOUND","hmail-perf-pair-service-20260901","06EFCBA9520D478A6DAC7ABB7F09F3B63D015A0CD5ECA1EB4D0FD2CC8C38F9FD","net10","hmail_perf_pair_net10_20260831_head3","C:\hmail-perf-pair-service-20260901\net10\Data","393449EA88D8D3C63D044D759D715322FD07A6F365FB10F18C1F0F126C6B4675","100","15","one TCP client and one sequential IMAP session per sample","0","PASS","45FA907CE0D3797C1E13EBB2F03F076A25656CCE27E801C18F745ACD3944FBBD","5136EEC556F9790732AE759EF52F77FE6172329EA55787A80300C4A824107E46","1","663","True","False","2246.9",,"True","1000","True","True","1000","True"
"512e2cc0-5ebd-4d17-b7cf-a18a28bccdb4","MANIFEST_BOUND","hmail-perf-pair-service-20260901","06EFCBA9520D478A6DAC7ABB7F09F3B63D015A0CD5ECA1EB4D0FD2CC8C38F9FD","net10","hmail_perf_pair_net10_20260831_head3","C:\hmail-perf-pair-service-20260901\net10\Data","393449EA88D8D3C63D044D759D715322FD07A6F365FB10F18C1F0F126C6B4675","100","15","one TCP client and one sequential IMAP session per sample","0","PASS","45FA907CE0D3797C1E13EBB2F03F076A25656CCE27E801C18F745ACD3944FBBD","5136EEC556F9790732AE759EF52F77FE6172329EA55787A80300C4A824107E46","1","664","True","False","3669.78",,"True","1000","True","True","1000","True"
"512e2cc0-5ebd-4d17-b7cf-a18a28bccdb4","MANIFEST_BOUND","hmail-perf-pair-service-20260901","06EFCBA9520D478A6DAC7ABB7F09F3B63D015A0CD5ECA1EB4D0FD2CC8C38F9FD","net10","hmail_perf_pair_net10_20260831_head3","C:\hmail-perf-pair-service-20260901\net10\Data","393449EA88D8D3C63D044D759D715322FD07A6F365FB10F18C1F0F126C6B4675","100","15","one TCP client and one sequential IMAP session per sample","0","PASS","45FA907CE0D3797C1E13EBB2F03F076A25656CCE27E801C18F745ACD3944FBBD","5136EEC556F9790732AE759EF52F77FE6172329EA55787A80300C4A824107E46","1","665","True","False","1949.753",,"True","1000","True","True","1000","True"
"512e2cc0-5ebd-4d17-b7cf-a18a28bccdb4","MANIFEST_BOUND","hmail-perf-pair-service-20260901","06EFCBA9520D478A6DAC7ABB7F09F3B63D015A0CD5ECA1EB4D0FD2CC8C38F9FD","net10","hmail_perf_pair_net10_20260831_head3","C:\hmail-perf-pair-service-20260901\net10\Data","393449EA88D8D3C63D044D759D715322FD07A6F365FB10F18C1F0F126C6B4675","100","15","one TCP client and one sequential IMAP session per sample","0","PASS","45FA907CE0D3797C1E13EBB2F03F076A25656CCE27E801C18F745ACD3944FBBD","5136EEC556F9790732AE759EF52F77FE6172329EA55787A80300C4A824107E46","1","666","True","False","1929.531",,"True","1000","True","True","1000","True"
"512e2cc0-5ebd-4d17-b7cf-a18a28bccdb4","MANIFEST_BOUND","hmail-perf-pair-service-20260901","06EFCBA9520D478A6DAC7ABB7F09F3B63D015A0CD5ECA1EB4D0FD2CC8C38F9FD","net10","hmail_perf_pair_net10_20260831_head3","C:\hmail-perf-pair-service-20260901\net10\Data","393449EA88D8D3C63D044D759D715322FD07A6F365FB10F18C1F0F126C6B4675","100","15","one TCP client and one sequential IMAP session per sample","0","PASS","45FA907CE0D3797C1E13EBB2F03F076A25656CCE27E801C18F745ACD3944FBBD","5136EEC556F9790732AE759EF52F77FE6172329EA55787A80300C4A824107E46","1","667","True","False","1445.639",,"True","1000","True","True","1000","True"
"512e2cc0-5ebd-4d17-b7cf-a18a28bccdb4","MANIFEST_BOUND","hmail-perf-pair-service-20260901","06EFCBA9520D478A6DAC7ABB7F09F3B63D015A0CD5ECA1EB4D0FD2CC8C38F9FD","net10","hmail_perf_pair_net10_20260831_head3","C:\hmail-perf-pair-service-20260901\net10\Data","393449EA88D8D3C63D044D759D715322FD07A6F365FB10F18C1F0F126C6B4675","100","15","one TCP client and one sequential IMAP session per sample","0","PASS","45FA907CE0D3797C1E13EBB2F03F076A25656CCE27E801C18F745ACD3944FBBD","5136EEC556F9790732AE759EF52F77FE6172329EA55787A80300C4A824107E46","1","668","True","False","3667.684",,"True","1000","True","True","1000","True"
"512e2cc0-5ebd-4d17-b7cf-a18a28bccdb4","MANIFEST_BOUND","hmail-perf-pair-service-20260901","06EFCBA9520D478A6DAC7ABB7F09F3B63D015A0CD5ECA1EB4D0FD2CC8C38F9FD","net10","hmail_perf_pair_net10_20260831_head3","C:\hmail-perf-pair-service-20260901\net10\Data","393449EA88D8D3C63D044D759D715322FD07A6F365FB10F18C1F0F126C6B4675","100","15","one TCP client and one sequential IMAP session per sample","0","PASS","45FA907CE0D3797C1E13EBB2F03F076A25656CCE27E801C18F745ACD3944FBBD","5136EEC556F9790732AE759EF52F77FE6172329EA55787A80300C4A824107E46","1","669","True","False","3792.059",,"True","1000","True","True","1000","True"
"512e2cc0-5ebd-4d17-b7cf-a18a28bccdb4","MANIFEST_BOUND","hmail-perf-pair-service-20260901","06EFCBA9520D478A6DAC7ABB7F09F3B63D015A0CD5ECA1EB4D0FD2CC8C38F9FD","net10","hmail_perf_pair_net10_20260831_head3","C:\hmail-perf-pair-service-20260901\net10\Data","393449EA88D8D3C63D044D759D715322FD07A6F365FB10F18C1F0F126C6B4675","100","15","one TCP client and one sequential IMAP session per sample","0","PASS","45FA907CE0D3797C1E13EBB2F03F076A25656CCE27E801C18F745ACD3944FBBD","5136EEC556F9790732AE759EF52F77FE6172329EA55787A80300C4A824107E46","1","670","True","False","3688.512",,"True","1000","True","True","1000","True"
"512e2cc0-5ebd-4d17-b7cf-a18a28bccdb4","MANIFEST_BOUND","hmail-perf-pair-service-20260901","06EFCBA9520D478A6DAC7ABB7F09F3B63D015A0CD5ECA1EB4D0FD2CC8C38F9FD","net10","hmail_perf_pair_net10_20260831_head3","C:\hmail-perf-pair-service-20260901\net10\Data","393449EA88D8D3C63D044D759D715322FD07A6F365FB10F18C1F0F126C6B4675","100","15","one TCP client and one sequential IMAP session per sample","0","PASS","45FA907CE0D3797C1E13EBB2F03F076A25656CCE27E801C18F745ACD3944FBBD","5136EEC556F9790732AE759EF52F77FE6172329EA55787A80300C4A824107E46","1","671","True","False","1959.686",,"True","1000","True","True","1000","True"
"512e2cc0-5ebd-4d17-b7cf-a18a28bccdb4","MANIFEST_BOUND","hmail-perf-pair-service-20260901","06EFCBA9520D478A6DAC7ABB7F09F3B63D015A0CD5ECA1EB4D0FD2CC8C38F9FD","net10","hmail_perf_pair_net10_20260831_head3","C:\hmail-perf-pair-service-20260901\net10\Data","393449EA88D8D3C63D044D759D715322FD07A6F365FB10F18C1F0F126C6B4675","100","15","one TCP client and one sequential IMAP session per sample","0","PASS","45FA907CE0D3797C1E13EBB2F03F076A25656CCE27E801C18F745ACD3944FBBD","5136EEC556F9790732AE759EF52F77FE6172329EA55787A80300C4A824107E46","1","672","True","False","3817.575",,"True","1000","True","True","1000","True"
"512e2cc0-5ebd-4d17-b7cf-a18a28bccdb4","MANIFEST_BOUND","hmail-perf-pair-service-20260901","06EFCBA9520D478A6DAC7ABB7F09F3B63D015A0CD5ECA1EB4D0FD2CC8C38F9FD","net10","hmail_perf_pair_net10_20260831_head3","C:\hmail-perf-pair-service-20260901\net10\Data","393449EA88D8D3C63D044D759D715322FD07A6F365FB10F18C1F0F126C6B4675","100","15","one TCP client and one sequential IMAP session per sample","0","PASS","45FA907CE0D3797C1E13EBB2F03F076A25656CCE27E801C18F745ACD3944FBBD","5136EEC556F9790732AE759EF52F77FE6172329EA55787A80300C4A824107E46","1","673","True","False","2238.725",,"True","1000","True","True","1000","True"
"512e2cc0-5ebd-4d17-b7cf-a18a28bccdb4","MANIFEST_BOUND","hmail-perf-pair-service-20260901","06EFCBA9520D478A6DAC7ABB7F09F3B63D015A0CD5ECA1EB4D0FD2CC8C38F9FD","net10","hmail_perf_pair_net10_20260831_head3","C:\hmail-perf-pair-service-20260901\net10\Data","393449EA88D8D3C63D044D759D715322FD07A6F365FB10F18C1F0F126C6B4675","100","15","one TCP client and one sequential IMAP session per sample","0","PASS","45FA907CE0D3797C1E13EBB2F03F076A25656CCE27E801C18F745ACD3944FBBD","5136EEC556F9790732AE759EF52F77FE6172329EA55787A80300C4A824107E46","1","674","True","False","3783.796",,"True","1000","True","True","1000","True"
"512e2cc0-5ebd-4d17-b7cf-a18a28bccdb4","MANIFEST_BOUND","hmail-perf-pair-service-20260901","06EFCBA9520D478A6DAC7ABB7F09F3B63D015A0CD5ECA1EB4D0FD2CC8C38F9FD","net10","hmail_perf_pair_net10_20260831_head3","C:\hmail-perf-pair-service-20260901\net10\Data","393449EA88D8D3C63D044D759D715322FD07A6F365FB10F18C1F0F126C6B4675","100","15","one TCP client and one sequential IMAP session per sample","0","PASS","45FA907CE0D3797C1E13EBB2F03F076A25656CCE27E801C18F745ACD3944FBBD","5136EEC556F9790732AE759EF52F77FE6172329EA55787A80300C4A824107E46","1","675","True","False","2179.401",,"True","1000","True","True","1000","True"
"512e2cc0-5ebd-4d17-b7cf-a18a28bccdb4","MANIFEST_BOUND","hmail-perf-pair-service-20260901","06EFCBA9520D478A6DAC7ABB7F09F3B63D015A0CD5ECA1EB4D0FD2CC8C38F9FD","net10","hmail_perf_pair_net10_20260831_head3","C:\hmail-perf-pair-service-20260901\net10\Data","393449EA88D8D3C63D044D759D715322FD07A6F365FB10F18C1F0F126C6B4675","100","15","one TCP client and one sequential IMAP session per sample","0","PASS","45FA907CE0D3797C1E13EBB2F03F076A25656CCE27E801C18F745ACD3944FBBD","5136EEC556F9790732AE759EF52F77FE6172329EA55787A80300C4A824107E46","1","676","True","False","1633.092",,"True","1000","True","True","1000","True"
"512e2cc0-5ebd-4d17-b7cf-a18a28bccdb4","MANIFEST_BOUND","hmail-perf-pair-service-20260901","06EFCBA9520D478A6DAC7ABB7F09F3B63D015A0CD5ECA1EB4D0FD2CC8C38F9FD","net10","hmail_perf_pair_net10_20260831_head3","C:\hmail-perf-pair-service-20260901\net10\Data","393449EA88D8D3C63D044D759D715322FD07A6F365FB10F18C1F0F126C6B4675","100","15","one TCP client and one sequential IMAP session per sample","0","PASS","45FA907CE0D3797C1E13EBB2F03F076A25656CCE27E801C18F745ACD3944FBBD","5136EEC556F9790732AE759EF52F77FE6172329EA55787A80300C4A824107E46","1","677","True","False","2220.66",,"True","1000","True","True","1000","True"
"512e2cc0-5ebd-4d17-b7cf-a18a28bccdb4","MANIFEST_BOUND","hmail-perf-pair-service-20260901","06EFCBA9520D478A6DAC7ABB7F09F3B63D015A0CD5ECA1EB4D0FD2CC8C38F9FD","net10","hmail_perf_pair_net10_20260831_head3","C:\hmail-perf-pair-service-20260901\net10\Data","393449EA88D8D3C63D044D759D715322FD07A6F365FB10F18C1F0F126C6B4675","100","15","one TCP client and one sequential IMAP session per sample","0","PASS","45FA907CE0D3797C1E13EBB2F03F076A25656CCE27E801C18F745ACD3944FBBD","5136EEC556F9790732AE759EF52F77FE6172329EA55787A80300C4A824107E46","1","678","True","False","2176.236",,"True","1000","True","True","1000","True"
"512e2cc0-5ebd-4d17-b7cf-a18a28bccdb4","MANIFEST_BOUND","hmail-perf-pair-service-20260901","06EFCBA9520D478A6DAC7ABB7F09F3B63D015A0CD5ECA1EB4D0FD2CC8C38F9FD","net10","hmail_perf_pair_net10_20260831_head3","C:\hmail-perf-pair-service-20260901\net10\Data","393449EA88D8D3C63D044D759D715322FD07A6F365FB10F18C1F0F126C6B4675","100","15","one TCP client and one sequential IMAP session per sample","0","PASS","45FA907CE0D3797C1E13EBB2F03F076A25656CCE27E801C18F745ACD3944FBBD","5136EEC556F9790732AE759EF52F77FE6172329EA55787A80300C4A824107E46","1","679","True","False","3712.923",,"True","1000","True","True","1000","True"
"512e2cc0-5ebd-4d17-b7cf-a18a28bccdb4","MANIFEST_BOUND","hmail-perf-pair-service-20260901","06EFCBA9520D478A6DAC7ABB7F09F3B63D015A0CD5ECA1EB4D0FD2CC8C38F9FD","net10","hmail_perf_pair_net10_20260831_head3","C:\hmail-perf-pair-service-20260901\net10\Data","393449EA88D8D3C63D044D759D715322FD07A6F365FB10F18C1F0F126C6B4675","100","15","one TCP client and one sequential IMAP session per sample","0","PASS","45FA907CE0D3797C1E13EBB2F03F076A25656CCE27E801C18F745ACD3944FBBD","5136EEC556F9790732AE759EF52F77FE6172329EA55787A80300C4A824107E46","1","680","True","False","2127.076",,"True","1000","True","True","1000","True"
"512e2cc0-5ebd-4d17-b7cf-a18a28bccdb4","MANIFEST_BOUND","hmail-perf-pair-service-20260901","06EFCBA9520D478A6DAC7ABB7F09F3B63D015A0CD5ECA1EB4D0FD2CC8C38F9FD","net10","hmail_perf_pair_net10_20260831_head3","C:\hmail-perf-pair-service-20260901\net10\Data","393449EA88D8D3C63D044D759D715322FD07A6F365FB10F18C1F0F126C6B4675","100","15","one TCP client and one sequential IMAP session per sample","0","PASS","45FA907CE0D3797C1E13EBB2F03F076A25656CCE27E801C18F745ACD3944FBBD","5136EEC556F9790732AE759EF52F77FE6172329EA55787A80300C4A824107E46","1","681","True","False","2243.87",,"True","1000","True","True","1000","True"
"512e2cc0-5ebd-4d17-b7cf-a18a28bccdb4","MANIFEST_BOUND","hmail-perf-pair-service-20260901","06EFCBA9520D478A6DAC7ABB7F09F3B63D015A0CD5ECA1EB4D0FD2CC8C38F9FD","net10","hmail_perf_pair_net10_20260831_head3","C:\hmail-perf-pair-service-20260901\net10\Data","393449EA88D8D3C63D044D759D715322FD07A6F365FB10F18C1F0F126C6B4675","100","15","one TCP client and one sequential IMAP session per sample","0","PASS","45FA907CE0D3797C1E13EBB2F03F076A25656CCE27E801C18F745ACD3944FBBD","5136EEC556F9790732AE759EF52F77FE6172329EA55787A80300C4A824107E46","1","682","True","False","3684.128",,"True","1000","True","True","1000","True"
"512e2cc0-5ebd-4d17-b7cf-a18a28bccdb4","MANIFEST_BOUND","hmail-perf-pair-service-20260901","06EFCBA9520D478A6DAC7ABB7F09F3B63D015A0CD5ECA1EB4D0FD2CC8C38F9FD","net10","hmail_perf_pair_net10_20260831_head3","C:\hmail-perf-pair-service-20260901\net10\Data","393449EA88D8D3C63D044D759D715322FD07A6F365FB10F18C1F0F126C6B4675","100","15","one TCP client and one sequential IMAP session per sample","0","PASS","45FA907CE0D3797C1E13EBB2F03F076A25656CCE27E801C18F745ACD3944FBBD","5136EEC556F9790732AE759EF52F77FE6172329EA55787A80300C4A824107E46","1","683","True","False","3701.652",,"True","1000","True","True","1000","True"
"512e2cc0-5ebd-4d17-b7cf-a18a28bccdb4","MANIFEST_BOUND","hmail-perf-pair-service-20260901","06EFCBA9520D478A6DAC7ABB7F09F3B63D015A0CD5ECA1EB4D0FD2CC8C38F9FD","net10","hmail_perf_pair_net10_20260831_head3","C:\hmail-perf-pair-service-20260901\net10\Data","393449EA88D8D3C63D044D759D715322FD07A6F365FB10F18C1F0F126C6B4675","100","15","one TCP client and one sequential IMAP session per sample","0","PASS","45FA907CE0D3797C1E13EBB2F03F076A25656CCE27E801C18F745ACD3944FBBD","5136EEC556F9790732AE759EF52F77FE6172329EA55787A80300C4A824107E46","1","684","True","False","3666.393",,"True","1000","True","True","1000","True"
"512e2cc0-5ebd-4d17-b7cf-a18a28bccdb4","MANIFEST_BOUND","hmail-perf-pair-service-20260901","06EFCBA9520D478A6DAC7ABB7F09F3B63D015A0CD5ECA1EB4D0FD2CC8C38F9FD","net10","hmail_perf_pair_net10_20260831_head3","C:\hmail-perf-pair-service-20260901\net10\Data","393449EA88D8D3C63D044D759D715322FD07A6F365FB10F18C1F0F126C6B4675","100","15","one TCP client and one sequential IMAP session per sample","0","PASS","45FA907CE0D3797C1E13EBB2F03F076A25656CCE27E801C18F745ACD3944FBBD","5136EEC556F9790732AE759EF52F77FE6172329EA55787A80300C4A824107E46","1","685","True","False","1642.427",,"True","1000","True","True","1000","True"
"512e2cc0-5ebd-4d17-b7cf-a18a28bccdb4","MANIFEST_BOUND","hmail-perf-pair-service-20260901","06EFCBA9520D478A6DAC7ABB7F09F3B63D015A0CD5ECA1EB4D0FD2CC8C38F9FD","net10","hmail_perf_pair_net10_20260831_head3","C:\hmail-perf-pair-service-20260901\net10\Data","393449EA88D8D3C63D044D759D715322FD07A6F365FB10F18C1F0F126C6B4675","100","15","one TCP client and one sequential IMAP session per sample","0","PASS","45FA907CE0D3797C1E13EBB2F03F076A25656CCE27E801C18F745ACD3944FBBD","5136EEC556F9790732AE759EF52F77FE6172329EA55787A80300C4A824107E46","1","686","True","False","3787.742",,"True","1000","True","True","1000","True"
"512e2cc0-5ebd-4d17-b7cf-a18a28bccdb4","MANIFEST_BOUND","hmail-perf-pair-service-20260901","06EFCBA9520D478A6DAC7ABB7F09F3B63D015A0CD5ECA1EB4D0FD2CC8C38F9FD","net10","hmail_perf_pair_net10_20260831_head3","C:\hmail-perf-pair-service-20260901\net10\Data","393449EA88D8D3C63D044D759D715322FD07A6F365FB10F18C1F0F126C6B4675","100","15","one TCP client and one sequential IMAP session per sample","0","PASS","45FA907CE0D3797C1E13EBB2F03F076A25656CCE27E801C18F745ACD3944FBBD","5136EEC556F9790732AE759EF52F77FE6172329EA55787A80300C4A824107E46","1","687","True","False","3676.393",,"True","1000","True","True","1000","True"
"512e2cc0-5ebd-4d17-b7cf-a18a28bccdb4","MANIFEST_BOUND","hmail-perf-pair-service-20260901","06EFCBA9520D478A6DAC7ABB7F09F3B63D015A0CD5ECA1EB4D0FD2CC8C38F9FD","net10","hmail_perf_pair_net10_20260831_head3","C:\hmail-perf-pair-service-20260901\net10\Data","393449EA88D8D3C63D044D759D715322FD07A6F365FB10F18C1F0F126C6B4675","100","15","one TCP client and one sequential IMAP session per sample","0","PASS","45FA907CE0D3797C1E13EBB2F03F076A25656CCE27E801C18F745ACD3944FBBD","5136EEC556F9790732AE759EF52F77FE6172329EA55787A80300C4A824107E46","1","688","True","False","3768.453",,"True","1000","True","True","1000","True"
"512e2cc0-5ebd-4d17-b7cf-a18a28bccdb4","MANIFEST_BOUND","hmail-perf-pair-service-20260901","06EFCBA9520D478A6DAC7ABB7F09F3B63D015A0CD5ECA1EB4D0FD2CC8C38F9FD","net10","hmail_perf_pair_net10_20260831_head3","C:\hmail-perf-pair-service-20260901\net10\Data","393449EA88D8D3C63D044D759D715322FD07A6F365FB10F18C1F0F126C6B4675","100","15","one TCP client and one sequential IMAP session per sample","0","PASS","45FA907CE0D3797C1E13EBB2F03F076A25656CCE27E801C18F745ACD3944FBBD","5136EEC556F9790732AE759EF52F77FE6172329EA55787A80300C4A824107E46","1","689","True","False","3349.479",,"True","1000","True","True","1000","True"
"512e2cc0-5ebd-4d17-b7cf-a18a28bccdb4","MANIFEST_BOUND","hmail-perf-pair-service-20260901","06EFCBA9520D478A6DAC7ABB7F09F3B63D015A0CD5ECA1EB4D0FD2CC8C38F9FD","net10","hmail_perf_pair_net10_20260831_head3","C:\hmail-perf-pair-service-20260901\net10\Data","393449EA88D8D3C63D044D759D715322FD07A6F365FB10F18C1F0F126C6B4675","100","15","one TCP client and one sequential IMAP session per sample","0","PASS","45FA907CE0D3797C1E13EBB2F03F076A25656CCE27E801C18F745ACD3944FBBD","5136EEC556F9790732AE759EF52F77FE6172329EA55787A80300C4A824107E46","1","690","True","False","3477.558",,"True","1000","True","True","1000","True"
"512e2cc0-5ebd-4d17-b7cf-a18a28bccdb4","MANIFEST_BOUND","hmail-perf-pair-service-20260901","06EFCBA9520D478A6DAC7ABB7F09F3B63D015A0CD5ECA1EB4D0FD2CC8C38F9FD","net10","hmail_perf_pair_net10_20260831_head3","C:\hmail-perf-pair-service-20260901\net10\Data","393449EA88D8D3C63D044D759D715322FD07A6F365FB10F18C1F0F126C6B4675","100","15","one TCP client and one sequential IMAP session per sample","0","PASS","45FA907CE0D3797C1E13EBB2F03F076A25656CCE27E801C18F745ACD3944FBBD","5136EEC556F9790732AE759EF52F77FE6172329EA55787A80300C4A824107E46","1","691","True","False","3882.017",,"True","1000","True","True","1000","True"
"512e2cc0-5ebd-4d17-b7cf-a18a28bccdb4","MANIFEST_BOUND","hmail-perf-pair-service-20260901","06EFCBA9520D478A6DAC7ABB7F09F3B63D015A0CD5ECA1EB4D0FD2CC8C38F9FD","net10","hmail_perf_pair_net10_20260831_head3","C:\hmail-perf-pair-service-20260901\net10\Data","393449EA88D8D3C63D044D759D715322FD07A6F365FB10F18C1F0F126C6B4675","100","15","one TCP client and one sequential IMAP session per sample","0","PASS","45FA907CE0D3797C1E13EBB2F03F076A25656CCE27E801C18F745ACD3944FBBD","5136EEC556F9790732AE759EF52F77FE6172329EA55787A80300C4A824107E46","1","692","True","False","3832.357",,"True","1000","True","True","1000","True"
"512e2cc0-5ebd-4d17-b7cf-a18a28bccdb4","MANIFEST_BOUND","hmail-perf-pair-service-20260901","06EFCBA9520D478A6DAC7ABB7F09F3B63D015A0CD5ECA1EB4D0FD2CC8C38F9FD","net10","hmail_perf_pair_net10_20260831_head3","C:\hmail-perf-pair-service-20260901\net10\Data","393449EA88D8D3C63D044D759D715322FD07A6F365FB10F18C1F0F126C6B4675","100","15","one TCP client and one sequential IMAP session per sample","0","PASS","45FA907CE0D3797C1E13EBB2F03F076A25656CCE27E801C18F745ACD3944FBBD","5136EEC556F9790732AE759EF52F77FE6172329EA55787A80300C4A824107E46","1","693","True","False","3828.559",,"True","1000","True","True","1000","True"
"512e2cc0-5ebd-4d17-b7cf-a18a28bccdb4","MANIFEST_BOUND","hmail-perf-pair-service-20260901","06EFCBA9520D478A6DAC7ABB7F09F3B63D015A0CD5ECA1EB4D0FD2CC8C38F9FD","net10","hmail_perf_pair_net10_20260831_head3","C:\hmail-perf-pair-service-20260901\net10\Data","393449EA88D8D3C63D044D759D715322FD07A6F365FB10F18C1F0F126C6B4675","100","15","one TCP client and one sequential IMAP session per sample","0","PASS","45FA907CE0D3797C1E13EBB2F03F076A25656CCE27E801C18F745ACD3944FBBD","5136EEC556F9790732AE759EF52F77FE6172329EA55787A80300C4A824107E46","1","694","True","False","3781.83",,"True","1000","True","True","1000","True"
"512e2cc0-5ebd-4d17-b7cf-a18a28bccdb4","MANIFEST_BOUND","hmail-perf-pair-service-20260901","06EFCBA9520D478A6DAC7ABB7F09F3B63D015A0CD5ECA1EB4D0FD2CC8C38F9FD","net10","hmail_perf_pair_net10_20260831_head3","C:\hmail-perf-pair-service-20260901\net10\Data","393449EA88D8D3C63D044D759D715322FD07A6F365FB10F18C1F0F126C6B4675","100","15","one TCP client and one sequential IMAP session per sample","0","PASS","45FA907CE0D3797C1E13EBB2F03F076A25656CCE27E801C18F745ACD3944FBBD","5136EEC556F9790732AE759EF52F77FE6172329EA55787A80300C4A824107E46","1","695","True","False","2178.585",,"True","1000","True","True","1000","True"
"512e2cc0-5ebd-4d17-b7cf-a18a28bccdb4","MANIFEST_BOUND","hmail-perf-pair-service-20260901","06EFCBA9520D478A6DAC7ABB7F09F3B63D015A0CD5ECA1EB4D0FD2CC8C38F9FD","net10","hmail_perf_pair_net10_20260831_head3","C:\hmail-perf-pair-service-20260901\net10\Data","393449EA88D8D3C63D044D759D715322FD07A6F365FB10F18C1F0F126C6B4675","100","15","one TCP client and one sequential IMAP session per sample","0","PASS","45FA907CE0D3797C1E13EBB2F03F076A25656CCE27E801C18F745ACD3944FBBD","5136EEC556F9790732AE759EF52F77FE6172329EA55787A80300C4A824107E46","1","696","True","False","1985.947",,"True","1000","True","True","1000","True"
"512e2cc0-5ebd-4d17-b7cf-a18a28bccdb4","MANIFEST_BOUND","hmail-perf-pair-service-20260901","06EFCBA9520D478A6DAC7ABB7F09F3B63D015A0CD5ECA1EB4D0FD2CC8C38F9FD","net10","hmail_perf_pair_net10_20260831_head3","C:\hmail-perf-pair-service-20260901\net10\Data","393449EA88D8D3C63D044D759D715322FD07A6F365FB10F18C1F0F126C6B4675","100","15","one TCP client and one sequential IMAP session per sample","0","PASS","45FA907CE0D3797C1E13EBB2F03F076A25656CCE27E801C18F745ACD3944FBBD","5136EEC556F9790732AE759EF52F77FE6172329EA55787A80300C4A824107E46","1","697","True","False","1636.259",,"True","1000","True","True","1000","True"
"512e2cc0-5ebd-4d17-b7cf-a18a28bccdb4","MANIFEST_BOUND","hmail-perf-pair-service-20260901","06EFCBA9520D478A6DAC7ABB7F09F3B63D015A0CD5ECA1EB4D0FD2CC8C38F9FD","net10","hmail_perf_pair_net10_20260831_head3","C:\hmail-perf-pair-service-20260901\net10\Data","393449EA88D8D3C63D044D759D715322FD07A6F365FB10F18C1F0F126C6B4675","100","15","one TCP client and one sequential IMAP session per sample","0","PASS","45FA907CE0D3797C1E13EBB2F03F076A25656CCE27E801C18F745ACD3944FBBD","5136EEC556F9790732AE759EF52F77FE6172329EA55787A80300C4A824107E46","1","698","True","False","2022.788",,"True","1000","True","True","1000","True"
"512e2cc0-5ebd-4d17-b7cf-a18a28bccdb4","MANIFEST_BOUND","hmail-perf-pair-service-20260901","06EFCBA9520D478A6DAC7ABB7F09F3B63D015A0CD5ECA1EB4D0FD2CC8C38F9FD","net10","hmail_perf_pair_net10_20260831_head3","C:\hmail-perf-pair-service-20260901\net10\Data","393449EA88D8D3C63D044D759D715322FD07A6F365FB10F18C1F0F126C6B4675","100","15","one TCP client and one sequential IMAP session per sample","0","PASS","45FA907CE0D3797C1E13EBB2F03F076A25656CCE27E801C18F745ACD3944FBBD","5136EEC556F9790732AE759EF52F77FE6172329EA55787A80300C4A824107E46","1","699","True","False","2201.781",,"True","1000","True","True","1000","True"
"512e2cc0-5ebd-4d17-b7cf-a18a28bccdb4","MANIFEST_BOUND","hmail-perf-pair-service-20260901","06EFCBA9520D478A6DAC7ABB7F09F3B63D015A0CD5ECA1EB4D0FD2CC8C38F9FD","net10","hmail_perf_pair_net10_20260831_head3","C:\hmail-perf-pair-service-20260901\net10\Data","393449EA88D8D3C63D044D759D715322FD07A6F365FB10F18C1F0F126C6B4675","100","15","one TCP client and one sequential IMAP session per sample","0","PASS","45FA907CE0D3797C1E13EBB2F03F076A25656CCE27E801C18F745ACD3944FBBD","5136EEC556F9790732AE759EF52F77FE6172329EA55787A80300C4A824107E46","1","700","True","False","3828.559",,"True","1000","True","True","1000","True"
"512e2cc0-5ebd-4d17-b7cf-a18a28bccdb4","MANIFEST_BOUND","hmail-perf-pair-service-20260901","06EFCBA9520D478A6DAC7ABB7F09F3B63D015A0CD5ECA1EB4D0FD2CC8C38F9FD","net10","hmail_perf_pair_net10_20260831_head3","C:\hmail-perf-pair-service-20260901\net10\Data","393449EA88D8D3C63D044D759D715322FD07A6F365FB10F18C1F0F126C6B4675","100","15","one TCP client and one sequential IMAP session per sample","0","PASS","45FA907CE0D3797C1E13EBB2F03F076A25656CCE27E801C18F745ACD3944FBBD","5136EEC556F9790732AE759EF52F77FE6172329EA55787A80300C4A824107E46","1","701","True","False","3482.248",,"True","1000","True","True","1000","True"
"512e2cc0-5ebd-4d17-b7cf-a18a28bccdb4","MANIFEST_BOUND","hmail-perf-pair-service-20260901","06EFCBA9520D478A6DAC7ABB7F09F3B63D015A0CD5ECA1EB4D0FD2CC8C38F9FD","net10","hmail_perf_pair_net10_20260831_head3","C:\hmail-perf-pair-service-20260901\net10\Data","393449EA88D8D3C63D044D759D715322FD07A6F365FB10F18C1F0F126C6B4675","100","15","one TCP client and one sequential IMAP session per sample","0","PASS","45FA907CE0D3797C1E13EBB2F03F076A25656CCE27E801C18F745ACD3944FBBD","5136EEC556F9790732AE759EF52F77FE6172329EA55787A80300C4A824107E46","1","702","True","False","3700.63",,"True","1000","True","True","1000","True"
"512e2cc0-5ebd-4d17-b7cf-a18a28bccdb4","MANIFEST_BOUND","hmail-perf-pair-service-20260901","06EFCBA9520D478A6DAC7ABB7F09F3B63D015A0CD5ECA1EB4D0FD2CC8C38F9FD","net10","hmail_perf_pair_net10_20260831_head3","C:\hmail-perf-pair-service-20260901\net10\Data","393449EA88D8D3C63D044D759D715322FD07A6F365FB10F18C1F0F126C6B4675","100","15","one TCP client and one sequential IMAP session per sample","0","PASS","45FA907CE0D3797C1E13EBB2F03F076A25656CCE27E801C18F745ACD3944FBBD","5136EEC556F9790732AE759EF52F77FE6172329EA55787A80300C4A824107E46","1","703","True","False","2276.979",,"True","1000","True","True","1000","True"
"512e2cc0-5ebd-4d17-b7cf-a18a28bccdb4","MANIFEST_BOUND","hmail-perf-pair-service-20260901","06EFCBA9520D478A6DAC7ABB7F09F3B63D015A0CD5ECA1EB4D0FD2CC8C38F9FD","net10","hmail_perf_pair_net10_20260831_head3","C:\hmail-perf-pair-service-20260901\net10\Data","393449EA88D8D3C63D044D759D715322FD07A6F365FB10F18C1F0F126C6B4675","100","15","one TCP client and one sequential IMAP session per sample","0","PASS","45FA907CE0D3797C1E13EBB2F03F076A25656CCE27E801C18F745ACD3944FBBD","5136EEC556F9790732AE759EF52F77FE6172329EA55787A80300C4A824107E46","1","704","True","False","3675.209",,"True","1000","True","True","1000","True"
"512e2cc0-5ebd-4d17-b7cf-a18a28bccdb4","MANIFEST_BOUND","hmail-perf-pair-service-20260901","06EFCBA9520D478A6DAC7ABB7F09F3B63D015A0CD5ECA1EB4D0FD2CC8C38F9FD","net10","hmail_perf_pair_net10_20260831_head3","C:\hmail-perf-pair-service-20260901\net10\Data","393449EA88D8D3C63D044D759D715322FD07A6F365FB10F18C1F0F126C6B4675","100","15","one TCP client and one sequential IMAP session per sample","0","PASS","45FA907CE0D3797C1E13EBB2F03F076A25656CCE27E801C18F745ACD3944FBBD","5136EEC556F9790732AE759EF52F77FE6172329EA55787A80300C4A824107E46","1","705","True","False","1414.261",,"True","1000","True","True","1000","True"
"512e2cc0-5ebd-4d17-b7cf-a18a28bccdb4","MANIFEST_BOUND","hmail-perf-pair-service-20260901","06EFCBA9520D478A6DAC7ABB7F09F3B63D015A0CD5ECA1EB4D0FD2CC8C38F9FD","net10","hmail_perf_pair_net10_20260831_head3","C:\hmail-perf-pair-service-20260901\net10\Data","393449EA88D8D3C63D044D759D715322FD07A6F365FB10F18C1F0F126C6B4675","100","15","one TCP client and one sequential IMAP session per sample","0","PASS","45FA907CE0D3797C1E13EBB2F03F076A25656CCE27E801C18F745ACD3944FBBD","5136EEC556F9790732AE759EF52F77FE6172329EA55787A80300C4A824107E46","1","706","True","False","2544.743",,"True","1000","True","True","1000","True"
"512e2cc0-5ebd-4d17-b7cf-a18a28bccdb4","MANIFEST_BOUND","hmail-perf-pair-service-20260901","06EFCBA9520D478A6DAC7ABB7F09F3B63D015A0CD5ECA1EB4D0FD2CC8C38F9FD","net10","hmail_perf_pair_net10_20260831_head3","C:\hmail-perf-pair-service-20260901\net10\Data","393449EA88D8D3C63D044D759D715322FD07A6F365FB10F18C1F0F126C6B4675","100","15","one TCP client and one sequential IMAP session per sample","0","PASS","45FA907CE0D3797C1E13EBB2F03F076A25656CCE27E801C18F745ACD3944FBBD","5136EEC556F9790732AE759EF52F77FE6172329EA55787A80300C4A824107E46","1","707","True","False","2178.998",,"True","1000","True","True","1000","True"
"512e2cc0-5ebd-4d17-b7cf-a18a28bccdb4","MANIFEST_BOUND","hmail-perf-pair-service-20260901","06EFCBA9520D478A6DAC7ABB7F09F3B63D015A0CD5ECA1EB4D0FD2CC8C38F9FD","net10","hmail_perf_pair_net10_20260831_head3","C:\hmail-perf-pair-service-20260901\net10\Data","393449EA88D8D3C63D044D759D715322FD07A6F365FB10F18C1F0F126C6B4675","100","15","one TCP client and one sequential IMAP session per sample","0","PASS","45FA907CE0D3797C1E13EBB2F03F076A25656CCE27E801C18F745ACD3944FBBD","5136EEC556F9790732AE759EF52F77FE6172329EA55787A80300C4A824107E46","1","708","True","False","2378.126",,"True","1000","True","True","1000","True"
"512e2cc0-5ebd-4d17-b7cf-a18a28bccdb4","MANIFEST_BOUND","hmail-perf-pair-service-20260901","06EFCBA9520D478A6DAC7ABB7F09F3B63D015A0CD5ECA1EB4D0FD2CC8C38F9FD","net10","hmail_perf_pair_net10_20260831_head3","C:\hmail-perf-pair-service-20260901\net10\Data","393449EA88D8D3C63D044D759D715322FD07A6F365FB10F18C1F0F126C6B4675","100","15","one TCP client and one sequential IMAP session per sample","0","PASS","45FA907CE0D3797C1E13EBB2F03F076A25656CCE27E801C18F745ACD3944FBBD","5136EEC556F9790732AE759EF52F77FE6172329EA55787A80300C4A824107E46","1","709","True","False","2290.889",,"True","1000","True","True","1000","True"
"512e2cc0-5ebd-4d17-b7cf-a18a28bccdb4","MANIFEST_BOUND","hmail-perf-pair-service-20260901","06EFCBA9520D478A6DAC7ABB7F09F3B63D015A0CD5ECA1EB4D0FD2CC8C38F9FD","net10","hmail_perf_pair_net10_20260831_head3","C:\hmail-perf-pair-service-20260901\net10\Data","393449EA88D8D3C63D044D759D715322FD07A6F365FB10F18C1F0F126C6B4675","100","15","one TCP client and one sequential IMAP session per sample","0","PASS","45FA907CE0D3797C1E13EBB2F03F076A25656CCE27E801C18F745ACD3944FBBD","5136EEC556F9790732AE759EF52F77FE6172329EA55787A80300C4A824107E46","1","710","True","False","3292.765",,"True","1000","True","True","1000","True"
"512e2cc0-5ebd-4d17-b7cf-a18a28bccdb4","MANIFEST_BOUND","hmail-perf-pair-service-20260901","06EFCBA9520D478A6DAC7ABB7F09F3B63D015A0CD5ECA1EB4D0FD2CC8C38F9FD","net10","hmail_perf_pair_net10_20260831_head3","C:\hmail-perf-pair-service-20260901\net10\Data","393449EA88D8D3C63D044D759D715322FD07A6F365FB10F18C1F0F126C6B4675","100","15","one TCP client and one sequential IMAP session per sample","0","PASS","45FA907CE0D3797C1E13EBB2F03F076A25656CCE27E801C18F745ACD3944FBBD","5136EEC556F9790732AE759EF52F77FE6172329EA55787A80300C4A824107E46","1","711","True","False","2201.892",,"True","1000","True","True","1000","True"
"512e2cc0-5ebd-4d17-b7cf-a18a28bccdb4","MANIFEST_BOUND","hmail-perf-pair-service-20260901","06EFCBA9520D478A6DAC7ABB7F09F3B63D015A0CD5ECA1EB4D0FD2CC8C38F9FD","net10","hmail_perf_pair_net10_20260831_head3","C:\hmail-perf-pair-service-20260901\net10\Data","393449EA88D8D3C63D044D759D715322FD07A6F365FB10F18C1F0F126C6B4675","100","15","one TCP client and one sequential IMAP session per sample","0","PASS","45FA907CE0D3797C1E13EBB2F03F076A25656CCE27E801C18F745ACD3944FBBD","5136EEC556F9790732AE759EF52F77FE6172329EA55787A80300C4A824107E46","1","712","True","False","1945.656",,"True","1000","True","True","1000","True"
"512e2cc0-5ebd-4d17-b7cf-a18a28bccdb4","MANIFEST_BOUND","hmail-perf-pair-service-20260901","06EFCBA9520D478A6DAC7ABB7F09F3B63D015A0CD5ECA1EB4D0FD2CC8C38F9FD","net10","hmail_perf_pair_net10_20260831_head3","C:\hmail-perf-pair-service-20260901\net10\Data","393449EA88D8D3C63D044D759D715322FD07A6F365FB10F18C1F0F126C6B4675","100","15","one TCP client and one sequential IMAP session per sample","0","PASS","45FA907CE0D3797C1E13EBB2F03F076A25656CCE27E801C18F745ACD3944FBBD","5136EEC556F9790732AE759EF52F77FE6172329EA55787A80300C4A824107E46","1","713","True","False","3142.971",,"True","1000","True","True","1000","True"
"512e2cc0-5ebd-4d17-b7cf-a18a28bccdb4","MANIFEST_BOUND","hmail-perf-pair-service-20260901","06EFCBA9520D478A6DAC7ABB7F09F3B63D015A0CD5ECA1EB4D0FD2CC8C38F9FD","net10","hmail_perf_pair_net10_20260831_head3","C:\hmail-perf-pair-service-20260901\net10\Data","393449EA88D8D3C63D044D759D715322FD07A6F365FB10F18C1F0F126C6B4675","100","15","one TCP client and one sequential IMAP session per sample","0","PASS","45FA907CE0D3797C1E13EBB2F03F076A25656CCE27E801C18F745ACD3944FBBD","5136EEC556F9790732AE759EF52F77FE6172329EA55787A80300C4A824107E46","1","714","True","False","3719.512",,"True","1000","True","True","1000","True"
"512e2cc0-5ebd-4d17-b7cf-a18a28bccdb4","MANIFEST_BOUND","hmail-perf-pair-service-20260901","06EFCBA9520D478A6DAC7ABB7F09F3B63D015A0CD5ECA1EB4D0FD2CC8C38F9FD","net10","hmail_perf_pair_net10_20260831_head3","C:\hmail-perf-pair-service-20260901\net10\Data","393449EA88D8D3C63D044D759D715322FD07A6F365FB10F18C1F0F126C6B4675","100","15","one TCP client and one sequential IMAP session per sample","0","PASS","45FA907CE0D3797C1E13EBB2F03F076A25656CCE27E801C18F745ACD3944FBBD","5136EEC556F9790732AE759EF52F77FE6172329EA55787A80300C4A824107E46","1","715","True","False","2235.599",,"True","1000","True","True","1000","True"
"512e2cc0-5ebd-4d17-b7cf-a18a28bccdb4","MANIFEST_BOUND","hmail-perf-pair-service-20260901","06EFCBA9520D478A6DAC7ABB7F09F3B63D015A0CD5ECA1EB4D0FD2CC8C38F9FD","net10","hmail_perf_pair_net10_20260831_head3","C:\hmail-perf-pair-service-20260901\net10\Data","393449EA88D8D3C63D044D759D715322FD07A6F365FB10F18C1F0F126C6B4675","100","15","one TCP client and one sequential IMAP session per sample","0","PASS","45FA907CE0D3797C1E13EBB2F03F076A25656CCE27E801C18F745ACD3944FBBD","5136EEC556F9790732AE759EF52F77FE6172329EA55787A80300C4A824107E46","1","716","True","False","2184.637",,"True","1000","True","True","1000","True"
"512e2cc0-5ebd-4d17-b7cf-a18a28bccdb4","MANIFEST_BOUND","hmail-perf-pair-service-20260901","06EFCBA9520D478A6DAC7ABB7F09F3B63D015A0CD5ECA1EB4D0FD2CC8C38F9FD","net10","hmail_perf_pair_net10_20260831_head3","C:\hmail-perf-pair-service-20260901\net10\Data","393449EA88D8D3C63D044D759D715322FD07A6F365FB10F18C1F0F126C6B4675","100","15","one TCP client and one sequential IMAP session per sample","0","PASS","45FA907CE0D3797C1E13EBB2F03F076A25656CCE27E801C18F745ACD3944FBBD","5136EEC556F9790732AE759EF52F77FE6172329EA55787A80300C4A824107E46","1","717","True","False","3739.797",,"True","1000","True","True","1000","True"
"512e2cc0-5ebd-4d17-b7cf-a18a28bccdb4","MANIFEST_BOUND","hmail-perf-pair-service-20260901","06EFCBA9520D478A6DAC7ABB7F09F3B63D015A0CD5ECA1EB4D0FD2CC8C38F9FD","net10","hmail_perf_pair_net10_20260831_head3","C:\hmail-perf-pair-service-20260901\net10\Data","393449EA88D8D3C63D044D759D715322FD07A6F365FB10F18C1F0F126C6B4675","100","15","one TCP client and one sequential IMAP session per sample","0","PASS","45FA907CE0D3797C1E13EBB2F03F076A25656CCE27E801C18F745ACD3944FBBD","5136EEC556F9790732AE759EF52F77FE6172329EA55787A80300C4A824107E46","1","718","True","False","2171.1",,"True","1000","True","True","1000","True"
"512e2cc0-5ebd-4d17-b7cf-a18a28bccdb4","MANIFEST_BOUND","hmail-perf-pair-service-20260901","06EFCBA9520D478A6DAC7ABB7F09F3B63D015A0CD5ECA1EB4D0FD2CC8C38F9FD","net10","hmail_perf_pair_net10_20260831_head3","C:\hmail-perf-pair-service-20260901\net10\Data","393449EA88D8D3C63D044D759D715322FD07A6F365FB10F18C1F0F126C6B4675","100","15","one TCP client and one sequential IMAP session per sample","0","PASS","45FA907CE0D3797C1E13EBB2F03F076A25656CCE27E801C18F745ACD3944FBBD","5136EEC556F9790732AE759EF52F77FE6172329EA55787A80300C4A824107E46","1","719","True","False","2046.838",,"True","1000","True","True","1000","True"
"512e2cc0-5ebd-4d17-b7cf-a18a28bccdb4","MANIFEST_BOUND","hmail-perf-pair-service-20260901","06EFCBA9520D478A6DAC7ABB7F09F3B63D015A0CD5ECA1EB4D0FD2CC8C38F9FD","net10","hmail_perf_pair_net10_20260831_head3","C:\hmail-perf-pair-service-20260901\net10\Data","393449EA88D8D3C63D044D759D715322FD07A6F365FB10F18C1F0F126C6B4675","100","15","one TCP client and one sequential IMAP session per sample","0","PASS","45FA907CE0D3797C1E13EBB2F03F076A25656CCE27E801C18F745ACD3944FBBD","5136EEC556F9790732AE759EF52F77FE6172329EA55787A80300C4A824107E46","1","720","True","False","3496.932",,"True","1000","True","True","1000","True"
"512e2cc0-5ebd-4d17-b7cf-a18a28bccdb4","MANIFEST_BOUND","hmail-perf-pair-service-20260901","06EFCBA9520D478A6DAC7ABB7F09F3B63D015A0CD5ECA1EB4D0FD2CC8C38F9FD","net10","hmail_perf_pair_net10_20260831_head3","C:\hmail-perf-pair-service-20260901\net10\Data","393449EA88D8D3C63D044D759D715322FD07A6F365FB10F18C1F0F126C6B4675","100","15","one TCP client and one sequential IMAP session per sample","0","PASS","45FA907CE0D3797C1E13EBB2F03F076A25656CCE27E801C18F745ACD3944FBBD","5136EEC556F9790732AE759EF52F77FE6172329EA55787A80300C4A824107E46","1","721","True","False","3830.951",,"True","1000","True","True","1000","True"
"512e2cc0-5ebd-4d17-b7cf-a18a28bccdb4","MANIFEST_BOUND","hmail-perf-pair-service-20260901","06EFCBA9520D478A6DAC7ABB7F09F3B63D015A0CD5ECA1EB4D0FD2CC8C38F9FD","net10","hmail_perf_pair_net10_20260831_head3","C:\hmail-perf-pair-service-20260901\net10\Data","393449EA88D8D3C63D044D759D715322FD07A6F365FB10F18C1F0F126C6B4675","100","15","one TCP client and one sequential IMAP session per sample","0","PASS","45FA907CE0D3797C1E13EBB2F03F076A25656CCE27E801C18F745ACD3944FBBD","5136EEC556F9790732AE759EF52F77FE6172329EA55787A80300C4A824107E46","1","722","True","False","3827.801",,"True","1000","True","True","1000","True"
"512e2cc0-5ebd-4d17-b7cf-a18a28bccdb4","MANIFEST_BOUND","hmail-perf-pair-service-20260901","06EFCBA9520D478A6DAC7ABB7F09F3B63D015A0CD5ECA1EB4D0FD2CC8C38F9FD","net10","hmail_perf_pair_net10_20260831_head3","C:\hmail-perf-pair-service-20260901\net10\Data","393449EA88D8D3C63D044D759D715322FD07A6F365FB10F18C1F0F126C6B4675","100","15","one TCP client and one sequential IMAP session per sample","0","PASS","45FA907CE0D3797C1E13EBB2F03F076A25656CCE27E801C18F745ACD3944FBBD","5136EEC556F9790732AE759EF52F77FE6172329EA55787A80300C4A824107E46","1","723","True","False","3814.06",,"True","1000","True","True","1000","True"
"512e2cc0-5ebd-4d17-b7cf-a18a28bccdb4","MANIFEST_BOUND","hmail-perf-pair-service-20260901","06EFCBA9520D478A6DAC7ABB7F09F3B63D015A0CD5ECA1EB4D0FD2CC8C38F9FD","net10","hmail_perf_pair_net10_20260831_head3","C:\hmail-perf-pair-service-20260901\net10\Data","393449EA88D8D3C63D044D759D715322FD07A6F365FB10F18C1F0F126C6B4675","100","15","one TCP client and one sequential IMAP session per sample","0","PASS","45FA907CE0D3797C1E13EBB2F03F076A25656CCE27E801C18F745ACD3944FBBD","5136EEC556F9790732AE759EF52F77FE6172329EA55787A80300C4A824107E46","1","724","True","False","1398.359",,"True","1000","True","True","1000","True"
"512e2cc0-5ebd-4d17-b7cf-a18a28bccdb4","MANIFEST_BOUND","hmail-perf-pair-service-20260901","06EFCBA9520D478A6DAC7ABB7F09F3B63D015A0CD5ECA1EB4D0FD2CC8C38F9FD","net10","hmail_perf_pair_net10_20260831_head3","C:\hmail-perf-pair-service-20260901\net10\Data","393449EA88D8D3C63D044D759D715322FD07A6F365FB10F18C1F0F126C6B4675","100","15","one TCP client and one sequential IMAP session per sample","0","PASS","45FA907CE0D3797C1E13EBB2F03F076A25656CCE27E801C18F745ACD3944FBBD","5136EEC556F9790732AE759EF52F77FE6172329EA55787A80300C4A824107E46","1","725","True","False","3683.381",,"True","1000","True","True","1000","True"
"512e2cc0-5ebd-4d17-b7cf-a18a28bccdb4","MANIFEST_BOUND","hmail-perf-pair-service-20260901","06EFCBA9520D478A6DAC7ABB7F09F3B63D015A0CD5ECA1EB4D0FD2CC8C38F9FD","net10","hmail_perf_pair_net10_20260831_head3","C:\hmail-perf-pair-service-20260901\net10\Data","393449EA88D8D3C63D044D759D715322FD07A6F365FB10F18C1F0F126C6B4675","100","15","one TCP client and one sequential IMAP session per sample","0","PASS","45FA907CE0D3797C1E13EBB2F03F076A25656CCE27E801C18F745ACD3944FBBD","5136EEC556F9790732AE759EF52F77FE6172329EA55787A80300C4A824107E46","1","726","True","False","3813.861",,"True","1000","True","True","1000","True"
"512e2cc0-5ebd-4d17-b7cf-a18a28bccdb4","MANIFEST_BOUND","hmail-perf-pair-service-20260901","06EFCBA9520D478A6DAC7ABB7F09F3B63D015A0CD5ECA1EB4D0FD2CC8C38F9FD","net10","hmail_perf_pair_net10_20260831_head3","C:\hmail-perf-pair-service-20260901\net10\Data","393449EA88D8D3C63D044D759D715322FD07A6F365FB10F18C1F0F126C6B4675","100","15","one TCP client and one sequential IMAP session per sample","0","PASS","45FA907CE0D3797C1E13EBB2F03F076A25656CCE27E801C18F745ACD3944FBBD","5136EEC556F9790732AE759EF52F77FE6172329EA55787A80300C4A824107E46","1","727","True","False","3664.846",,"True","1000","True","True","1000","True"
"512e2cc0-5ebd-4d17-b7cf-a18a28bccdb4","MANIFEST_BOUND","hmail-perf-pair-service-20260901","06EFCBA9520D478A6DAC7ABB7F09F3B63D015A0CD5ECA1EB4D0FD2CC8C38F9FD","net10","hmail_perf_pair_net10_20260831_head3","C:\hmail-perf-pair-service-20260901\net10\Data","393449EA88D8D3C63D044D759D715322FD07A6F365FB10F18C1F0F126C6B4675","100","15","one TCP client and one sequential IMAP session per sample","0","PASS","45FA907CE0D3797C1E13EBB2F03F076A25656CCE27E801C18F745ACD3944FBBD","5136EEC556F9790732AE759EF52F77FE6172329EA55787A80300C4A824107E46","1","728","True","False","3763.258",,"True","1000","True","True","1000","True"
"512e2cc0-5ebd-4d17-b7cf-a18a28bccdb4","MANIFEST_BOUND","hmail-perf-pair-service-20260901","06EFCBA9520D478A6DAC7ABB7F09F3B63D015A0CD5ECA1EB4D0FD2CC8C38F9FD","net10","hmail_perf_pair_net10_20260831_head3","C:\hmail-perf-pair-service-20260901\net10\Data","393449EA88D8D3C63D044D759D715322FD07A6F365FB10F18C1F0F126C6B4675","100","15","one TCP client and one sequential IMAP session per sample","0","PASS","45FA907CE0D3797C1E13EBB2F03F076A25656CCE27E801C18F745ACD3944FBBD","5136EEC556F9790732AE759EF52F77FE6172329EA55787A80300C4A824107E46","1","729","True","False","3504.414",,"True","1000","True","True","1000","True"
"512e2cc0-5ebd-4d17-b7cf-a18a28bccdb4","MANIFEST_BOUND","hmail-perf-pair-service-20260901","06EFCBA9520D478A6DAC7ABB7F09F3B63D015A0CD5ECA1EB4D0FD2CC8C38F9FD","net10","hmail_perf_pair_net10_20260831_head3","C:\hmail-perf-pair-service-20260901\net10\Data","393449EA88D8D3C63D044D759D715322FD07A6F365FB10F18C1F0F126C6B4675","100","15","one TCP client and one sequential IMAP session per sample","0","PASS","45FA907CE0D3797C1E13EBB2F03F076A25656CCE27E801C18F745ACD3944FBBD","5136EEC556F9790732AE759EF52F77FE6172329EA55787A80300C4A824107E46","1","730","True","False","3795.15",,"True","1000","True","True","1000","True"
"512e2cc0-5ebd-4d17-b7cf-a18a28bccdb4","MANIFEST_BOUND","hmail-perf-pair-service-20260901","06EFCBA9520D478A6DAC7ABB7F09F3B63D015A0CD5ECA1EB4D0FD2CC8C38F9FD","net10","hmail_perf_pair_net10_20260831_head3","C:\hmail-perf-pair-service-20260901\net10\Data","393449EA88D8D3C63D044D759D715322FD07A6F365FB10F18C1F0F126C6B4675","100","15","one TCP client and one sequential IMAP session per sample","0","PASS","45FA907CE0D3797C1E13EBB2F03F076A25656CCE27E801C18F745ACD3944FBBD","5136EEC556F9790732AE759EF52F77FE6172329EA55787A80300C4A824107E46","1","731","True","False","3679.811",,"True","1000","True","True","1000","True"
"512e2cc0-5ebd-4d17-b7cf-a18a28bccdb4","MANIFEST_BOUND","hmail-perf-pair-service-20260901","06EFCBA9520D478A6DAC7ABB7F09F3B63D015A0CD5ECA1EB4D0FD2CC8C38F9FD","net10","hmail_perf_pair_net10_20260831_head3","C:\hmail-perf-pair-service-20260901\net10\Data","393449EA88D8D3C63D044D759D715322FD07A6F365FB10F18C1F0F126C6B4675","100","15","one TCP client and one sequential IMAP session per sample","0","PASS","45FA907CE0D3797C1E13EBB2F03F076A25656CCE27E801C18F745ACD3944FBBD","5136EEC556F9790732AE759EF52F77FE6172329EA55787A80300C4A824107E46","1","732","True","False","1169.462",,"True","1000","True","True","1000","True"
"512e2cc0-5ebd-4d17-b7cf-a18a28bccdb4","MANIFEST_BOUND","hmail-perf-pair-service-20260901","06EFCBA9520D478A6DAC7ABB7F09F3B63D015A0CD5ECA1EB4D0FD2CC8C38F9FD","net10","hmail_perf_pair_net10_20260831_head3","C:\hmail-perf-pair-service-20260901\net10\Data","393449EA88D8D3C63D044D759D715322FD07A6F365FB10F18C1F0F126C6B4675","100","15","one TCP client and one sequential IMAP session per sample","0","PASS","45FA907CE0D3797C1E13EBB2F03F076A25656CCE27E801C18F745ACD3944FBBD","5136EEC556F9790732AE759EF52F77FE6172329EA55787A80300C4A824107E46","1","733","True","False","2201.339",,"True","1000","True","True","1000","True"
"512e2cc0-5ebd-4d17-b7cf-a18a28bccdb4","MANIFEST_BOUND","hmail-perf-pair-service-20260901","06EFCBA9520D478A6DAC7ABB7F09F3B63D015A0CD5ECA1EB4D0FD2CC8C38F9FD","net10","hmail_perf_pair_net10_20260831_head3","C:\hmail-perf-pair-service-20260901\net10\Data","393449EA88D8D3C63D044D759D715322FD07A6F365FB10F18C1F0F126C6B4675","100","15","one TCP client and one sequential IMAP session per sample","0","PASS","45FA907CE0D3797C1E13EBB2F03F076A25656CCE27E801C18F745ACD3944FBBD","5136EEC556F9790732AE759EF52F77FE6172329EA55787A80300C4A824107E46","1","734","True","False","2020.536",,"True","1000","True","True","1000","True"
"512e2cc0-5ebd-4d17-b7cf-a18a28bccdb4","MANIFEST_BOUND","hmail-perf-pair-service-20260901","06EFCBA9520D478A6DAC7ABB7F09F3B63D015A0CD5ECA1EB4D0FD2CC8C38F9FD","net10","hmail_perf_pair_net10_20260831_head3","C:\hmail-perf-pair-service-20260901\net10\Data","393449EA88D8D3C63D044D759D715322FD07A6F365FB10F18C1F0F126C6B4675","100","15","one TCP client and one sequential IMAP session per sample","0","PASS","45FA907CE0D3797C1E13EBB2F03F076A25656CCE27E801C18F745ACD3944FBBD","5136EEC556F9790732AE759EF52F77FE6172329EA55787A80300C4A824107E46","1","735","True","False","1313.76",,"True","1000","True","True","1000","True"
"512e2cc0-5ebd-4d17-b7cf-a18a28bccdb4","MANIFEST_BOUND","hmail-perf-pair-service-20260901","06EFCBA9520D478A6DAC7ABB7F09F3B63D015A0CD5ECA1EB4D0FD2CC8C38F9FD","net10","hmail_perf_pair_net10_20260831_head3","C:\hmail-perf-pair-service-20260901\net10\Data","393449EA88D8D3C63D044D759D715322FD07A6F365FB10F18C1F0F126C6B4675","100","15","one TCP client and one sequential IMAP session per sample","0","PASS","45FA907CE0D3797C1E13EBB2F03F076A25656CCE27E801C18F745ACD3944FBBD","5136EEC556F9790732AE759EF52F77FE6172329EA55787A80300C4A824107E46","1","736","True","False","3935.633",,"True","1000","True","True","1000","True"
"512e2cc0-5ebd-4d17-b7cf-a18a28bccdb4","MANIFEST_BOUND","hmail-perf-pair-service-20260901","06EFCBA9520D478A6DAC7ABB7F09F3B63D015A0CD5ECA1EB4D0FD2CC8C38F9FD","net10","hmail_perf_pair_net10_20260831_head3","C:\hmail-perf-pair-service-20260901\net10\Data","393449EA88D8D3C63D044D759D715322FD07A6F365FB10F18C1F0F126C6B4675","100","15","one TCP client and one sequential IMAP session per sample","0","PASS","45FA907CE0D3797C1E13EBB2F03F076A25656CCE27E801C18F745ACD3944FBBD","5136EEC556F9790732AE759EF52F77FE6172329EA55787A80300C4A824107E46","1","737","True","False","1640.449",,"True","1000","True","True","1000","True"
"512e2cc0-5ebd-4d17-b7cf-a18a28bccdb4","MANIFEST_BOUND","hmail-perf-pair-service-20260901","06EFCBA9520D478A6DAC7ABB7F09F3B63D015A0CD5ECA1EB4D0FD2CC8C38F9FD","net10","hmail_perf_pair_net10_20260831_head3","C:\hmail-perf-pair-service-20260901\net10\Data","393449EA88D8D3C63D044D759D715322FD07A6F365FB10F18C1F0F126C6B4675","100","15","one TCP client and one sequential IMAP session per sample","0","PASS","45FA907CE0D3797C1E13EBB2F03F076A25656CCE27E801C18F745ACD3944FBBD","5136EEC556F9790732AE759EF52F77FE6172329EA55787A80300C4A824107E46","1","738","True","False","2244.58",,"True","1000","True","True","1000","True"
"512e2cc0-5ebd-4d17-b7cf-a18a28bccdb4","MANIFEST_BOUND","hmail-perf-pair-service-20260901","06EFCBA9520D478A6DAC7ABB7F09F3B63D015A0CD5ECA1EB4D0FD2CC8C38F9FD","net10","hmail_perf_pair_net10_20260831_head3","C:\hmail-perf-pair-service-20260901\net10\Data","393449EA88D8D3C63D044D759D715322FD07A6F365FB10F18C1F0F126C6B4675","100","15","one TCP client and one sequential IMAP session per sample","0","PASS","45FA907CE0D3797C1E13EBB2F03F076A25656CCE27E801C18F745ACD3944FBBD","5136EEC556F9790732AE759EF52F77FE6172329EA55787A80300C4A824107E46","1","739","True","False","1634.217",,"True","1000","True","True","1000","True"
"512e2cc0-5ebd-4d17-b7cf-a18a28bccdb4","MANIFEST_BOUND","hmail-perf-pair-service-20260901","06EFCBA9520D478A6DAC7ABB7F09F3B63D015A0CD5ECA1EB4D0FD2CC8C38F9FD","net10","hmail_perf_pair_net10_20260831_head3","C:\hmail-perf-pair-service-20260901\net10\Data","393449EA88D8D3C63D044D759D715322FD07A6F365FB10F18C1F0F126C6B4675","100","15","one TCP client and one sequential IMAP session per sample","0","PASS","45FA907CE0D3797C1E13EBB2F03F076A25656CCE27E801C18F745ACD3944FBBD","5136EEC556F9790732AE759EF52F77FE6172329EA55787A80300C4A824107E46","1","740","True","False","3936.875",,"True","1000","True","True","1000","True"
"512e2cc0-5ebd-4d17-b7cf-a18a28bccdb4","MANIFEST_BOUND","hmail-perf-pair-service-20260901","06EFCBA9520D478A6DAC7ABB7F09F3B63D015A0CD5ECA1EB4D0FD2CC8C38F9FD","net10","hmail_perf_pair_net10_20260831_head3","C:\hmail-perf-pair-service-20260901\net10\Data","393449EA88D8D3C63D044D759D715322FD07A6F365FB10F18C1F0F126C6B4675","100","15","one TCP client and one sequential IMAP session per sample","0","PASS","45FA907CE0D3797C1E13EBB2F03F076A25656CCE27E801C18F745ACD3944FBBD","5136EEC556F9790732AE759EF52F77FE6172329EA55787A80300C4A824107E46","1","741","True","False","3682.82",,"True","1000","True","True","1000","True"
"512e2cc0-5ebd-4d17-b7cf-a18a28bccdb4","MANIFEST_BOUND","hmail-perf-pair-service-20260901","06EFCBA9520D478A6DAC7ABB7F09F3B63D015A0CD5ECA1EB4D0FD2CC8C38F9FD","net10","hmail_perf_pair_net10_20260831_head3","C:\hmail-perf-pair-service-20260901\net10\Data","393449EA88D8D3C63D044D759D715322FD07A6F365FB10F18C1F0F126C6B4675","100","15","one TCP client and one sequential IMAP session per sample","0","PASS","45FA907CE0D3797C1E13EBB2F03F076A25656CCE27E801C18F745ACD3944FBBD","5136EEC556F9790732AE759EF52F77FE6172329EA55787A80300C4A824107E46","1","742","True","False","1959.949",,"True","1000","True","True","1000","True"
"512e2cc0-5ebd-4d17-b7cf-a18a28bccdb4","MANIFEST_BOUND","hmail-perf-pair-service-20260901","06EFCBA9520D478A6DAC7ABB7F09F3B63D015A0CD5ECA1EB4D0FD2CC8C38F9FD","net10","hmail_perf_pair_net10_20260831_head3","C:\hmail-perf-pair-service-20260901\net10\Data","393449EA88D8D3C63D044D759D715322FD07A6F365FB10F18C1F0F126C6B4675","100","15","one TCP client and one sequential IMAP session per sample","0","PASS","45FA907CE0D3797C1E13EBB2F03F076A25656CCE27E801C18F745ACD3944FBBD","5136EEC556F9790732AE759EF52F77FE6172329EA55787A80300C4A824107E46","1","743","True","False","2263.44",,"True","1000","True","True","1000","True"
"512e2cc0-5ebd-4d17-b7cf-a18a28bccdb4","MANIFEST_BOUND","hmail-perf-pair-service-20260901","06EFCBA9520D478A6DAC7ABB7F09F3B63D015A0CD5ECA1EB4D0FD2CC8C38F9FD","net10","hmail_perf_pair_net10_20260831_head3","C:\hmail-perf-pair-service-20260901\net10\Data","393449EA88D8D3C63D044D759D715322FD07A6F365FB10F18C1F0F126C6B4675","100","15","one TCP client and one sequential IMAP session per sample","0","PASS","45FA907CE0D3797C1E13EBB2F03F076A25656CCE27E801C18F745ACD3944FBBD","5136EEC556F9790732AE759EF52F77FE6172329EA55787A80300C4A824107E46","1","744","True","False","3380.985",,"True","1000","True","True","1000","True"
"512e2cc0-5ebd-4d17-b7cf-a18a28bccdb4","MANIFEST_BOUND","hmail-perf-pair-service-20260901","06EFCBA9520D478A6DAC7ABB7F09F3B63D015A0CD5ECA1EB4D0FD2CC8C38F9FD","net10","hmail_perf_pair_net10_20260831_head3","C:\hmail-perf-pair-service-20260901\net10\Data","393449EA88D8D3C63D044D759D715322FD07A6F365FB10F18C1F0F126C6B4675","100","15","one TCP client and one sequential IMAP session per sample","0","PASS","45FA907CE0D3797C1E13EBB2F03F076A25656CCE27E801C18F745ACD3944FBBD","5136EEC556F9790732AE759EF52F77FE6172329EA55787A80300C4A824107E46","1","745","True","False","3823.64",,"True","1000","True","True","1000","True"
"512e2cc0-5ebd-4d17-b7cf-a18a28bccdb4","MANIFEST_BOUND","hmail-perf-pair-service-20260901","06EFCBA9520D478A6DAC7ABB7F09F3B63D015A0CD5ECA1EB4D0FD2CC8C38F9FD","net10","hmail_perf_pair_net10_20260831_head3","C:\hmail-perf-pair-service-20260901\net10\Data","393449EA88D8D3C63D044D759D715322FD07A6F365FB10F18C1F0F126C6B4675","100","15","one TCP client and one sequential IMAP session per sample","0","PASS","45FA907CE0D3797C1E13EBB2F03F076A25656CCE27E801C18F745ACD3944FBBD","5136EEC556F9790732AE759EF52F77FE6172329EA55787A80300C4A824107E46","1","746","True","False","3876.51",,"True","1000","True","True","1000","True"
"512e2cc0-5ebd-4d17-b7cf-a18a28bccdb4","MANIFEST_BOUND","hmail-perf-pair-service-20260901","06EFCBA9520D478A6DAC7ABB7F09F3B63D015A0CD5ECA1EB4D0FD2CC8C38F9FD","net10","hmail_perf_pair_net10_20260831_head3","C:\hmail-perf-pair-service-20260901\net10\Data","393449EA88D8D3C63D044D759D715322FD07A6F365FB10F18C1F0F126C6B4675","100","15","one TCP client and one sequential IMAP session per sample","0","PASS","45FA907CE0D3797C1E13EBB2F03F076A25656CCE27E801C18F745ACD3944FBBD","5136EEC556F9790732AE759EF52F77FE6172329EA55787A80300C4A824107E46","1","747","True","False","3774.14",,"True","1000","True","True","1000","True"
"512e2cc0-5ebd-4d17-b7cf-a18a28bccdb4","MANIFEST_BOUND","hmail-perf-pair-service-20260901","06EFCBA9520D478A6DAC7ABB7F09F3B63D015A0CD5ECA1EB4D0FD2CC8C38F9FD","net10","hmail_perf_pair_net10_20260831_head3","C:\hmail-perf-pair-service-20260901\net10\Data","393449EA88D8D3C63D044D759D715322FD07A6F365FB10F18C1F0F126C6B4675","100","15","one TCP client and one sequential IMAP session per sample","0","PASS","45FA907CE0D3797C1E13EBB2F03F076A25656CCE27E801C18F745ACD3944FBBD","5136EEC556F9790732AE759EF52F77FE6172329EA55787A80300C4A824107E46","1","748","True","False","2212.015",,"True","1000","True","True","1000","True"
"512e2cc0-5ebd-4d17-b7cf-a18a28bccdb4","MANIFEST_BOUND","hmail-perf-pair-service-20260901","06EFCBA9520D478A6DAC7ABB7F09F3B63D015A0CD5ECA1EB4D0FD2CC8C38F9FD","net10","hmail_perf_pair_net10_20260831_head3","C:\hmail-perf-pair-service-20260901\net10\Data","393449EA88D8D3C63D044D759D715322FD07A6F365FB10F18C1F0F126C6B4675","100","15","one TCP client and one sequential IMAP session per sample","0","PASS","45FA907CE0D3797C1E13EBB2F03F076A25656CCE27E801C18F745ACD3944FBBD","5136EEC556F9790732AE759EF52F77FE6172329EA55787A80300C4A824107E46","1","749","True","False","3725.161",,"True","1000","True","True","1000","True"
"512e2cc0-5ebd-4d17-b7cf-a18a28bccdb4","MANIFEST_BOUND","hmail-perf-pair-service-20260901","06EFCBA9520D478A6DAC7ABB7F09F3B63D015A0CD5ECA1EB4D0FD2CC8C38F9FD","net10","hmail_perf_pair_net10_20260831_head3","C:\hmail-perf-pair-service-20260901\net10\Data","393449EA88D8D3C63D044D759D715322FD07A6F365FB10F18C1F0F126C6B4675","100","15","one TCP client and one sequential IMAP session per sample","0","PASS","45FA907CE0D3797C1E13EBB2F03F076A25656CCE27E801C18F745ACD3944FBBD","5136EEC556F9790732AE759EF52F77FE6172329EA55787A80300C4A824107E46","1","750","True","False","3851.842",,"True","1000","True","True","1000","True"
"512e2cc0-5ebd-4d17-b7cf-a18a28bccdb4","MANIFEST_BOUND","hmail-perf-pair-service-20260901","06EFCBA9520D478A6DAC7ABB7F09F3B63D015A0CD5ECA1EB4D0FD2CC8C38F9FD","net10","hmail_perf_pair_net10_20260831_head3","C:\hmail-perf-pair-service-20260901\net10\Data","393449EA88D8D3C63D044D759D715322FD07A6F365FB10F18C1F0F126C6B4675","100","15","one TCP client and one sequential IMAP session per sample","0","PASS","45FA907CE0D3797C1E13EBB2F03F076A25656CCE27E801C18F745ACD3944FBBD","5136EEC556F9790732AE759EF52F77FE6172329EA55787A80300C4A824107E46","1","751","True","False","2552.854",,"True","1000","True","True","1000","True"
"512e2cc0-5ebd-4d17-b7cf-a18a28bccdb4","MANIFEST_BOUND","hmail-perf-pair-service-20260901","06EFCBA9520D478A6DAC7ABB7F09F3B63D015A0CD5ECA1EB4D0FD2CC8C38F9FD","net10","hmail_perf_pair_net10_20260831_head3","C:\hmail-perf-pair-service-20260901\net10\Data","393449EA88D8D3C63D044D759D715322FD07A6F365FB10F18C1F0F126C6B4675","100","15","one TCP client and one sequential IMAP session per sample","0","PASS","45FA907CE0D3797C1E13EBB2F03F076A25656CCE27E801C18F745ACD3944FBBD","5136EEC556F9790732AE759EF52F77FE6172329EA55787A80300C4A824107E46","1","752","True","False","2051.031",,"True","1000","True","True","1000","True"
"512e2cc0-5ebd-4d17-b7cf-a18a28bccdb4","MANIFEST_BOUND","hmail-perf-pair-service-20260901","06EFCBA9520D478A6DAC7ABB7F09F3B63D015A0CD5ECA1EB4D0FD2CC8C38F9FD","net10","hmail_perf_pair_net10_20260831_head3","C:\hmail-perf-pair-service-20260901\net10\Data","393449EA88D8D3C63D044D759D715322FD07A6F365FB10F18C1F0F126C6B4675","100","15","one TCP client and one sequential IMAP session per sample","0","PASS","45FA907CE0D3797C1E13EBB2F03F076A25656CCE27E801C18F745ACD3944FBBD","5136EEC556F9790732AE759EF52F77FE6172329EA55787A80300C4A824107E46","1","753","True","False","3934.011",,"True","1000","True","True","1000","True"
"512e2cc0-5ebd-4d17-b7cf-a18a28bccdb4","MANIFEST_BOUND","hmail-perf-pair-service-20260901","06EFCBA9520D478A6DAC7ABB7F09F3B63D015A0CD5ECA1EB4D0FD2CC8C38F9FD","net10","hmail_perf_pair_net10_20260831_head3","C:\hmail-perf-pair-service-20260901\net10\Data","393449EA88D8D3C63D044D759D715322FD07A6F365FB10F18C1F0F126C6B4675","100","15","one TCP client and one sequential IMAP session per sample","0","PASS","45FA907CE0D3797C1E13EBB2F03F076A25656CCE27E801C18F745ACD3944FBBD","5136EEC556F9790732AE759EF52F77FE6172329EA55787A80300C4A824107E46","1","754","True","False","3918.894",,"True","1000","True","True","1000","True"
"512e2cc0-5ebd-4d17-b7cf-a18a28bccdb4","MANIFEST_BOUND","hmail-perf-pair-service-20260901","06EFCBA9520D478A6DAC7ABB7F09F3B63D015A0CD5ECA1EB4D0FD2CC8C38F9FD","net10","hmail_perf_pair_net10_20260831_head3","C:\hmail-perf-pair-service-20260901\net10\Data","393449EA88D8D3C63D044D759D715322FD07A6F365FB10F18C1F0F126C6B4675","100","15","one TCP client and one sequential IMAP session per sample","0","PASS","45FA907CE0D3797C1E13EBB2F03F076A25656CCE27E801C18F745ACD3944FBBD","5136EEC556F9790732AE759EF52F77FE6172329EA55787A80300C4A824107E46","1","755","True","False","3933.497",,"True","1000","True","True","1000","True"
"512e2cc0-5ebd-4d17-b7cf-a18a28bccdb4","MANIFEST_BOUND","hmail-perf-pair-service-20260901","06EFCBA9520D478A6DAC7ABB7F09F3B63D015A0CD5ECA1EB4D0FD2CC8C38F9FD","net10","hmail_perf_pair_net10_20260831_head3","C:\hmail-perf-pair-service-20260901\net10\Data","393449EA88D8D3C63D044D759D715322FD07A6F365FB10F18C1F0F126C6B4675","100","15","one TCP client and one sequential IMAP session per sample","0","PASS","45FA907CE0D3797C1E13EBB2F03F076A25656CCE27E801C18F745ACD3944FBBD","5136EEC556F9790732AE759EF52F77FE6172329EA55787A80300C4A824107E46","1","756","True","False","3924.797",,"True","1000","True","True","1000","True"
"512e2cc0-5ebd-4d17-b7cf-a18a28bccdb4","MANIFEST_BOUND","hmail-perf-pair-service-20260901","06EFCBA9520D478A6DAC7ABB7F09F3B63D015A0CD5ECA1EB4D0FD2CC8C38F9FD","net10","hmail_perf_pair_net10_20260831_head3","C:\hmail-perf-pair-service-20260901\net10\Data","393449EA88D8D3C63D044D759D715322FD07A6F365FB10F18C1F0F126C6B4675","100","15","one TCP client and one sequential IMAP session per sample","0","PASS","45FA907CE0D3797C1E13EBB2F03F076A25656CCE27E801C18F745ACD3944FBBD","5136EEC556F9790732AE759EF52F77FE6172329EA55787A80300C4A824107E46","1","757","True","False","3939.363",,"True","1000","True","True","1000","True"
"512e2cc0-5ebd-4d17-b7cf-a18a28bccdb4","MANIFEST_BOUND","hmail-perf-pair-service-20260901","06EFCBA9520D478A6DAC7ABB7F09F3B63D015A0CD5ECA1EB4D0FD2CC8C38F9FD","net10","hmail_perf_pair_net10_20260831_head3","C:\hmail-perf-pair-service-20260901\net10\Data","393449EA88D8D3C63D044D759D715322FD07A6F365FB10F18C1F0F126C6B4675","100","15","one TCP client and one sequential IMAP session per sample","0","PASS","45FA907CE0D3797C1E13EBB2F03F076A25656CCE27E801C18F745ACD3944FBBD","5136EEC556F9790732AE759EF52F77FE6172329EA55787A80300C4A824107E46","1","758","True","False","3934.822",,"True","1000","True","True","1000","True"
"512e2cc0-5ebd-4d17-b7cf-a18a28bccdb4","MANIFEST_BOUND","hmail-perf-pair-service-20260901","06EFCBA9520D478A6DAC7ABB7F09F3B63D015A0CD5ECA1EB4D0FD2CC8C38F9FD","net10","hmail_perf_pair_net10_20260831_head3","C:\hmail-perf-pair-service-20260901\net10\Data","393449EA88D8D3C63D044D759D715322FD07A6F365FB10F18C1F0F126C6B4675","100","15","one TCP client and one sequential IMAP session per sample","0","PASS","45FA907CE0D3797C1E13EBB2F03F076A25656CCE27E801C18F745ACD3944FBBD","5136EEC556F9790732AE759EF52F77FE6172329EA55787A80300C4A824107E46","1","759","True","False","3766.134",,"True","1000","True","True","1000","True"
"512e2cc0-5ebd-4d17-b7cf-a18a28bccdb4","MANIFEST_BOUND","hmail-perf-pair-service-20260901","06EFCBA9520D478A6DAC7ABB7F09F3B63D015A0CD5ECA1EB4D0FD2CC8C38F9FD","net10","hmail_perf_pair_net10_20260831_head3","C:\hmail-perf-pair-service-20260901\net10\Data","393449EA88D8D3C63D044D759D715322FD07A6F365FB10F18C1F0F126C6B4675","100","15","one TCP client and one sequential IMAP session per sample","0","PASS","45FA907CE0D3797C1E13EBB2F03F076A25656CCE27E801C18F745ACD3944FBBD","5136EEC556F9790732AE759EF52F77FE6172329EA55787A80300C4A824107E46","1","760","True","False","3948.682",,"True","1000","True","True","1000","True"
"512e2cc0-5ebd-4d17-b7cf-a18a28bccdb4","MANIFEST_BOUND","hmail-perf-pair-service-20260901","06EFCBA9520D478A6DAC7ABB7F09F3B63D015A0CD5ECA1EB4D0FD2CC8C38F9FD","net10","hmail_perf_pair_net10_20260831_head3","C:\hmail-perf-pair-service-20260901\net10\Data","393449EA88D8D3C63D044D759D715322FD07A6F365FB10F18C1F0F126C6B4675","100","15","one TCP client and one sequential IMAP session per sample","0","PASS","45FA907CE0D3797C1E13EBB2F03F076A25656CCE27E801C18F745ACD3944FBBD","5136EEC556F9790732AE759EF52F77FE6172329EA55787A80300C4A824107E46","1","761","True","False","3789.89",,"True","1000","True","True","1000","True"
"512e2cc0-5ebd-4d17-b7cf-a18a28bccdb4","MANIFEST_BOUND","hmail-perf-pair-service-20260901","06EFCBA9520D478A6DAC7ABB7F09F3B63D015A0CD5ECA1EB4D0FD2CC8C38F9FD","net10","hmail_perf_pair_net10_20260831_head3","C:\hmail-perf-pair-service-20260901\net10\Data","393449EA88D8D3C63D044D759D715322FD07A6F365FB10F18C1F0F126C6B4675","100","15","one TCP client and one sequential IMAP session per sample","0","PASS","45FA907CE0D3797C1E13EBB2F03F076A25656CCE27E801C18F745ACD3944FBBD","5136EEC556F9790732AE759EF52F77FE6172329EA55787A80300C4A824107E46","1","762","True","False","3668.551",,"True","1000","True","True","1000","True"
"512e2cc0-5ebd-4d17-b7cf-a18a28bccdb4","MANIFEST_BOUND","hmail-perf-pair-service-20260901","06EFCBA9520D478A6DAC7ABB7F09F3B63D015A0CD5ECA1EB4D0FD2CC8C38F9FD","net10","hmail_perf_pair_net10_20260831_head3","C:\hmail-perf-pair-service-20260901\net10\Data","393449EA88D8D3C63D044D759D715322FD07A6F365FB10F18C1F0F126C6B4675","100","15","one TCP client and one sequential IMAP session per sample","0","PASS","45FA907CE0D3797C1E13EBB2F03F076A25656CCE27E801C18F745ACD3944FBBD","5136EEC556F9790732AE759EF52F77FE6172329EA55787A80300C4A824107E46","1","763","True","False","3644.708",,"True","1000","True","True","1000","True"
"512e2cc0-5ebd-4d17-b7cf-a18a28bccdb4","MANIFEST_BOUND","hmail-perf-pair-service-20260901","06EFCBA9520D478A6DAC7ABB7F09F3B63D015A0CD5ECA1EB4D0FD2CC8C38F9FD","net10","hmail_perf_pair_net10_20260831_head3","C:\hmail-perf-pair-service-20260901\net10\Data","393449EA88D8D3C63D044D759D715322FD07A6F365FB10F18C1F0F126C6B4675","100","15","one TCP client and one sequential IMAP session per sample","0","PASS","45FA907CE0D3797C1E13EBB2F03F076A25656CCE27E801C18F745ACD3944FBBD","5136EEC556F9790732AE759EF52F77FE6172329EA55787A80300C4A824107E46","1","764","True","False","3666.026",,"True","1000","True","True","1000","True"
"512e2cc0-5ebd-4d17-b7cf-a18a28bccdb4","MANIFEST_BOUND","hmail-perf-pair-service-20260901","06EFCBA9520D478A6DAC7ABB7F09F3B63D015A0CD5ECA1EB4D0FD2CC8C38F9FD","net10","hmail_perf_pair_net10_20260831_head3","C:\hmail-perf-pair-service-20260901\net10\Data","393449EA88D8D3C63D044D759D715322FD07A6F365FB10F18C1F0F126C6B4675","100","15","one TCP client and one sequential IMAP session per sample","0","PASS","45FA907CE0D3797C1E13EBB2F03F076A25656CCE27E801C18F745ACD3944FBBD","5136EEC556F9790732AE759EF52F77FE6172329EA55787A80300C4A824107E46","1","765","True","False","3925.96",,"True","1000","True","True","1000","True"
"512e2cc0-5ebd-4d17-b7cf-a18a28bccdb4","MANIFEST_BOUND","hmail-perf-pair-service-20260901","06EFCBA9520D478A6DAC7ABB7F09F3B63D015A0CD5ECA1EB4D0FD2CC8C38F9FD","net10","hmail_perf_pair_net10_20260831_head3","C:\hmail-perf-pair-service-20260901\net10\Data","393449EA88D8D3C63D044D759D715322FD07A6F365FB10F18C1F0F126C6B4675","100","15","one TCP client and one sequential IMAP session per sample","0","PASS","45FA907CE0D3797C1E13EBB2F03F076A25656CCE27E801C18F745ACD3944FBBD","5136EEC556F9790732AE759EF52F77FE6172329EA55787A80300C4A824107E46","1","766","True","False","3926.346",,"True","1000","True","True","1000","True"
"512e2cc0-5ebd-4d17-b7cf-a18a28bccdb4","MANIFEST_BOUND","hmail-perf-pair-service-20260901","06EFCBA9520D478A6DAC7ABB7F09F3B63D015A0CD5ECA1EB4D0FD2CC8C38F9FD","net10","hmail_perf_pair_net10_20260831_head3","C:\hmail-perf-pair-service-20260901\net10\Data","393449EA88D8D3C63D044D759D715322FD07A6F365FB10F18C1F0F126C6B4675","100","15","one TCP client and one sequential IMAP session per sample","0","PASS","45FA907CE0D3797C1E13EBB2F03F076A25656CCE27E801C18F745ACD3944FBBD","5136EEC556F9790732AE759EF52F77FE6172329EA55787A80300C4A824107E46","1","767","True","False","3880.663",,"True","1000","True","True","1000","True"
"512e2cc0-5ebd-4d17-b7cf-a18a28bccdb4","MANIFEST_BOUND","hmail-perf-pair-service-20260901","06EFCBA9520D478A6DAC7ABB7F09F3B63D015A0CD5ECA1EB4D0FD2CC8C38F9FD","net10","hmail_perf_pair_net10_20260831_head3","C:\hmail-perf-pair-service-20260901\net10\Data","393449EA88D8D3C63D044D759D715322FD07A6F365FB10F18C1F0F126C6B4675","100","15","one TCP client and one sequential IMAP session per sample","0","PASS","45FA907CE0D3797C1E13EBB2F03F076A25656CCE27E801C18F745ACD3944FBBD","5136EEC556F9790732AE759EF52F77FE6172329EA55787A80300C4A824107E46","1","768","True","False","3934.533",,"True","1000","True","True","1000","True"
"512e2cc0-5ebd-4d17-b7cf-a18a28bccdb4","MANIFEST_BOUND","hmail-perf-pair-service-20260901","06EFCBA9520D478A6DAC7ABB7F09F3B63D015A0CD5ECA1EB4D0FD2CC8C38F9FD","net10","hmail_perf_pair_net10_20260831_head3","C:\hmail-perf-pair-service-20260901\net10\Data","393449EA88D8D3C63D044D759D715322FD07A6F365FB10F18C1F0F126C6B4675","100","15","one TCP client and one sequential IMAP session per sample","0","PASS","45FA907CE0D3797C1E13EBB2F03F076A25656CCE27E801C18F745ACD3944FBBD","5136EEC556F9790732AE759EF52F77FE6172329EA55787A80300C4A824107E46","1","769","True","False","3862.924",,"True","1000","True","True","1000","True"
"512e2cc0-5ebd-4d17-b7cf-a18a28bccdb4","MANIFEST_BOUND","hmail-perf-pair-service-20260901","06EFCBA9520D478A6DAC7ABB7F09F3B63D015A0CD5ECA1EB4D0FD2CC8C38F9FD","net10","hmail_perf_pair_net10_20260831_head3","C:\hmail-perf-pair-service-20260901\net10\Data","393449EA88D8D3C63D044D759D715322FD07A6F365FB10F18C1F0F126C6B4675","100","15","one TCP client and one sequential IMAP session per sample","0","PASS","45FA907CE0D3797C1E13EBB2F03F076A25656CCE27E801C18F745ACD3944FBBD","5136EEC556F9790732AE759EF52F77FE6172329EA55787A80300C4A824107E46","1","770","True","False","3893.688",,"True","1000","True","True","1000","True"
"512e2cc0-5ebd-4d17-b7cf-a18a28bccdb4","MANIFEST_BOUND","hmail-perf-pair-service-20260901","06EFCBA9520D478A6DAC7ABB7F09F3B63D015A0CD5ECA1EB4D0FD2CC8C38F9FD","net10","hmail_perf_pair_net10_20260831_head3","C:\hmail-perf-pair-service-20260901\net10\Data","393449EA88D8D3C63D044D759D715322FD07A6F365FB10F18C1F0F126C6B4675","100","15","one TCP client and one sequential IMAP session per sample","0","PASS","45FA907CE0D3797C1E13EBB2F03F076A25656CCE27E801C18F745ACD3944FBBD","5136EEC556F9790732AE759EF52F77FE6172329EA55787A80300C4A824107E46","1","771","True","False","4136.53",,"True","1000","True","True","1000","True"
"512e2cc0-5ebd-4d17-b7cf-a18a28bccdb4","MANIFEST_BOUND","hmail-perf-pair-service-20260901","06EFCBA9520D478A6DAC7ABB7F09F3B63D015A0CD5ECA1EB4D0FD2CC8C38F9FD","net10","hmail_perf_pair_net10_20260831_head3","C:\hmail-perf-pair-service-20260901\net10\Data","393449EA88D8D3C63D044D759D715322FD07A6F365FB10F18C1F0F126C6B4675","100","15","one TCP client and one sequential IMAP session per sample","0","PASS","45FA907CE0D3797C1E13EBB2F03F076A25656CCE27E801C18F745ACD3944FBBD","5136EEC556F9790732AE759EF52F77FE6172329EA55787A80300C4A824107E46","1","772","True","False","2198.998",,"True","1000","True","True","1000","True"
"512e2cc0-5ebd-4d17-b7cf-a18a28bccdb4","MANIFEST_BOUND","hmail-perf-pair-service-20260901","06EFCBA9520D478A6DAC7ABB7F09F3B63D015A0CD5ECA1EB4D0FD2CC8C38F9FD","net10","hmail_perf_pair_net10_20260831_head3","C:\hmail-perf-pair-service-20260901\net10\Data","393449EA88D8D3C63D044D759D715322FD07A6F365FB10F18C1F0F126C6B4675","100","15","one TCP client and one sequential IMAP session per sample","0","PASS","45FA907CE0D3797C1E13EBB2F03F076A25656CCE27E801C18F745ACD3944FBBD","5136EEC556F9790732AE759EF52F77FE6172329EA55787A80300C4A824107E46","1","773","True","False","3934.916",,"True","1000","True","True","1000","True"
"512e2cc0-5ebd-4d17-b7cf-a18a28bccdb4","MANIFEST_BOUND","hmail-perf-pair-service-20260901","06EFCBA9520D478A6DAC7ABB7F09F3B63D015A0CD5ECA1EB4D0FD2CC8C38F9FD","net10","hmail_perf_pair_net10_20260831_head3","C:\hmail-perf-pair-service-20260901\net10\Data","393449EA88D8D3C63D044D759D715322FD07A6F365FB10F18C1F0F126C6B4675","100","15","one TCP client and one sequential IMAP session per sample","0","PASS","45FA907CE0D3797C1E13EBB2F03F076A25656CCE27E801C18F745ACD3944FBBD","5136EEC556F9790732AE759EF52F77FE6172329EA55787A80300C4A824107E46","1","774","True","False","3933.4",,"True","1000","True","True","1000","True"
"512e2cc0-5ebd-4d17-b7cf-a18a28bccdb4","MANIFEST_BOUND","hmail-perf-pair-service-20260901","06EFCBA9520D478A6DAC7ABB7F09F3B63D015A0CD5ECA1EB4D0FD2CC8C38F9FD","net10","hmail_perf_pair_net10_20260831_head3","C:\hmail-perf-pair-service-20260901\net10\Data","393449EA88D8D3C63D044D759D715322FD07A6F365FB10F18C1F0F126C6B4675","100","15","one TCP client and one sequential IMAP session per sample","0","PASS","45FA907CE0D3797C1E13EBB2F03F076A25656CCE27E801C18F745ACD3944FBBD","5136EEC556F9790732AE759EF52F77FE6172329EA55787A80300C4A824107E46","1","775","True","False","3925.32",,"True","1000","True","True","1000","True"
"512e2cc0-5ebd-4d17-b7cf-a18a28bccdb4","MANIFEST_BOUND","hmail-perf-pair-service-20260901","06EFCBA9520D478A6DAC7ABB7F09F3B63D015A0CD5ECA1EB4D0FD2CC8C38F9FD","net10","hmail_perf_pair_net10_20260831_head3","C:\hmail-perf-pair-service-20260901\net10\Data","393449EA88D8D3C63D044D759D715322FD07A6F365FB10F18C1F0F126C6B4675","100","15","one TCP client and one sequential IMAP session per sample","0","PASS","45FA907CE0D3797C1E13EBB2F03F076A25656CCE27E801C18F745ACD3944FBBD","5136EEC556F9790732AE759EF52F77FE6172329EA55787A80300C4A824107E46","1","776","True","False","3860.19",,"True","1000","True","True","1000","True"
"512e2cc0-5ebd-4d17-b7cf-a18a28bccdb4","MANIFEST_BOUND","hmail-perf-pair-service-20260901","06EFCBA9520D478A6DAC7ABB7F09F3B63D015A0CD5ECA1EB4D0FD2CC8C38F9FD","net10","hmail_perf_pair_net10_20260831_head3","C:\hmail-perf-pair-service-20260901\net10\Data","393449EA88D8D3C63D044D759D715322FD07A6F365FB10F18C1F0F126C6B4675","100","15","one TCP client and one sequential IMAP session per sample","0","PASS","45FA907CE0D3797C1E13EBB2F03F076A25656CCE27E801C18F745ACD3944FBBD","5136EEC556F9790732AE759EF52F77FE6172329EA55787A80300C4A824107E46","1","777","True","False","3864.716",,"True","1000","True","True","1000","True"
"512e2cc0-5ebd-4d17-b7cf-a18a28bccdb4","MANIFEST_BOUND","hmail-perf-pair-service-20260901","06EFCBA9520D478A6DAC7ABB7F09F3B63D015A0CD5ECA1EB4D0FD2CC8C38F9FD","net10","hmail_perf_pair_net10_20260831_head3","C:\hmail-perf-pair-service-20260901\net10\Data","393449EA88D8D3C63D044D759D715322FD07A6F365FB10F18C1F0F126C6B4675","100","15","one TCP client and one sequential IMAP session per sample","0","PASS","45FA907CE0D3797C1E13EBB2F03F076A25656CCE27E801C18F745ACD3944FBBD","5136EEC556F9790732AE759EF52F77FE6172329EA55787A80300C4A824107E46","1","778","True","False","3858.817",,"True","1000","True","True","1000","True"
"512e2cc0-5ebd-4d17-b7cf-a18a28bccdb4","MANIFEST_BOUND","hmail-perf-pair-service-20260901","06EFCBA9520D478A6DAC7ABB7F09F3B63D015A0CD5ECA1EB4D0FD2CC8C38F9FD","net10","hmail_perf_pair_net10_20260831_head3","C:\hmail-perf-pair-service-20260901\net10\Data","393449EA88D8D3C63D044D759D715322FD07A6F365FB10F18C1F0F126C6B4675","100","15","one TCP client and one sequential IMAP session per sample","0","PASS","45FA907CE0D3797C1E13EBB2F03F076A25656CCE27E801C18F745ACD3944FBBD","5136EEC556F9790732AE759EF52F77FE6172329EA55787A80300C4A824107E46","1","779","True","False","3939.04",,"True","1000","True","True","1000","True"
"512e2cc0-5ebd-4d17-b7cf-a18a28bccdb4","MANIFEST_BOUND","hmail-perf-pair-service-20260901","06EFCBA9520D478A6DAC7ABB7F09F3B63D015A0CD5ECA1EB4D0FD2CC8C38F9FD","net10","hmail_perf_pair_net10_20260831_head3","C:\hmail-perf-pair-service-20260901\net10\Data","393449EA88D8D3C63D044D759D715322FD07A6F365FB10F18C1F0F126C6B4675","100","15","one TCP client and one sequential IMAP session per sample","0","PASS","45FA907CE0D3797C1E13EBB2F03F076A25656CCE27E801C18F745ACD3944FBBD","5136EEC556F9790732AE759EF52F77FE6172329EA55787A80300C4A824107E46","1","780","True","False","3925.832",,"True","1000","True","True","1000","True"
"512e2cc0-5ebd-4d17-b7cf-a18a28bccdb4","MANIFEST_BOUND","hmail-perf-pair-service-20260901","06EFCBA9520D478A6DAC7ABB7F09F3B63D015A0CD5ECA1EB4D0FD2CC8C38F9FD","net10","hmail_perf_pair_net10_20260831_head3","C:\hmail-perf-pair-service-20260901\net10\Data","393449EA88D8D3C63D044D759D715322FD07A6F365FB10F18C1F0F126C6B4675","100","15","one TCP client and one sequential IMAP session per sample","0","PASS","45FA907CE0D3797C1E13EBB2F03F076A25656CCE27E801C18F745ACD3944FBBD","5136EEC556F9790732AE759EF52F77FE6172329EA55787A80300C4A824107E46","1","781","True","False","4135.957",,"True","1000","True","True","1000","True"
"512e2cc0-5ebd-4d17-b7cf-a18a28bccdb4","MANIFEST_BOUND","hmail-perf-pair-service-20260901","06EFCBA9520D478A6DAC7ABB7F09F3B63D015A0CD5ECA1EB4D0FD2CC8C38F9FD","net10","hmail_perf_pair_net10_20260831_head3","C:\hmail-perf-pair-service-20260901\net10\Data","393449EA88D8D3C63D044D759D715322FD07A6F365FB10F18C1F0F126C6B4675","100","15","one TCP client and one sequential IMAP session per sample","0","PASS","45FA907CE0D3797C1E13EBB2F03F076A25656CCE27E801C18F745ACD3944FBBD","5136EEC556F9790732AE759EF52F77FE6172329EA55787A80300C4A824107E46","1","782","True","False","3934.858",,"True","1000","True","True","1000","True"
"512e2cc0-5ebd-4d17-b7cf-a18a28bccdb4","MANIFEST_BOUND","hmail-perf-pair-service-20260901","06EFCBA9520D478A6DAC7ABB7F09F3B63D015A0CD5ECA1EB4D0FD2CC8C38F9FD","net10","hmail_perf_pair_net10_20260831_head3","C:\hmail-perf-pair-service-20260901\net10\Data","393449EA88D8D3C63D044D759D715322FD07A6F365FB10F18C1F0F126C6B4675","100","15","one TCP client and one sequential IMAP session per sample","0","PASS","45FA907CE0D3797C1E13EBB2F03F076A25656CCE27E801C18F745ACD3944FBBD","5136EEC556F9790732AE759EF52F77FE6172329EA55787A80300C4A824107E46","1","783","True","False","3935.12",,"True","1000","True","True","1000","True"
"512e2cc0-5ebd-4d17-b7cf-a18a28bccdb4","MANIFEST_BOUND","hmail-perf-pair-service-20260901","06EFCBA9520D478A6DAC7ABB7F09F3B63D015A0CD5ECA1EB4D0FD2CC8C38F9FD","net10","hmail_perf_pair_net10_20260831_head3","C:\hmail-perf-pair-service-20260901\net10\Data","393449EA88D8D3C63D044D759D715322FD07A6F365FB10F18C1F0F126C6B4675","100","15","one TCP client and one sequential IMAP session per sample","0","PASS","45FA907CE0D3797C1E13EBB2F03F076A25656CCE27E801C18F745ACD3944FBBD","5136EEC556F9790732AE759EF52F77FE6172329EA55787A80300C4A824107E46","1","784","True","False","3934.884",,"True","1000","True","True","1000","True"
"512e2cc0-5ebd-4d17-b7cf-a18a28bccdb4","MANIFEST_BOUND","hmail-perf-pair-service-20260901","06EFCBA9520D478A6DAC7ABB7F09F3B63D015A0CD5ECA1EB4D0FD2CC8C38F9FD","net10","hmail_perf_pair_net10_20260831_head3","C:\hmail-perf-pair-service-20260901\net10\Data","393449EA88D8D3C63D044D759D715322FD07A6F365FB10F18C1F0F126C6B4675","100","15","one TCP client and one sequential IMAP session per sample","0","PASS","45FA907CE0D3797C1E13EBB2F03F076A25656CCE27E801C18F745ACD3944FBBD","5136EEC556F9790732AE759EF52F77FE6172329EA55787A80300C4A824107E46","1","785","True","False","3921.902",,"True","1000","True","True","1000","True"
"512e2cc0-5ebd-4d17-b7cf-a18a28bccdb4","MANIFEST_BOUND","hmail-perf-pair-service-20260901","06EFCBA9520D478A6DAC7ABB7F09F3B63D015A0CD5ECA1EB4D0FD2CC8C38F9FD","net10","hmail_perf_pair_net10_20260831_head3","C:\hmail-perf-pair-service-20260901\net10\Data","393449EA88D8D3C63D044D759D715322FD07A6F365FB10F18C1F0F126C6B4675","100","15","one TCP client and one sequential IMAP session per sample","0","PASS","45FA907CE0D3797C1E13EBB2F03F076A25656CCE27E801C18F745ACD3944FBBD","5136EEC556F9790732AE759EF52F77FE6172329EA55787A80300C4A824107E46","1","786","True","False","3938.153",,"True","1000","True","True","1000","True"
"512e2cc0-5ebd-4d17-b7cf-a18a28bccdb4","MANIFEST_BOUND","hmail-perf-pair-service-20260901","06EFCBA9520D478A6DAC7ABB7F09F3B63D015A0CD5ECA1EB4D0FD2CC8C38F9FD","net10","hmail_perf_pair_net10_20260831_head3","C:\hmail-perf-pair-service-20260901\net10\Data","393449EA88D8D3C63D044D759D715322FD07A6F365FB10F18C1F0F126C6B4675","100","15","one TCP client and one sequential IMAP session per sample","0","PASS","45FA907CE0D3797C1E13EBB2F03F076A25656CCE27E801C18F745ACD3944FBBD","5136EEC556F9790732AE759EF52F77FE6172329EA55787A80300C4A824107E46","1","787","True","False","3925.663",,"True","1000","True","True","1000","True"
"512e2cc0-5ebd-4d17-b7cf-a18a28bccdb4","MANIFEST_BOUND","hmail-perf-pair-service-20260901","06EFCBA9520D478A6DAC7ABB7F09F3B63D015A0CD5ECA1EB4D0FD2CC8C38F9FD","net10","hmail_perf_pair_net10_20260831_head3","C:\hmail-perf-pair-service-20260901\net10\Data","393449EA88D8D3C63D044D759D715322FD07A6F365FB10F18C1F0F126C6B4675","100","15","one TCP client and one sequential IMAP session per sample","0","PASS","45FA907CE0D3797C1E13EBB2F03F076A25656CCE27E801C18F745ACD3944FBBD","5136EEC556F9790732AE759EF52F77FE6172329EA55787A80300C4A824107E46","1","788","True","False","3933.244",,"True","1000","True","True","1000","True"
"512e2cc0-5ebd-4d17-b7cf-a18a28bccdb4","MANIFEST_BOUND","hmail-perf-pair-service-20260901","06EFCBA9520D478A6DAC7ABB7F09F3B63D015A0CD5ECA1EB4D0FD2CC8C38F9FD","net10","hmail_perf_pair_net10_20260831_head3","C:\hmail-perf-pair-service-20260901\net10\Data","393449EA88D8D3C63D044D759D715322FD07A6F365FB10F18C1F0F126C6B4675","100","15","one TCP client and one sequential IMAP session per sample","0","PASS","45FA907CE0D3797C1E13EBB2F03F076A25656CCE27E801C18F745ACD3944FBBD","5136EEC556F9790732AE759EF52F77FE6172329EA55787A80300C4A824107E46","1","789","True","False","3869.555",,"True","1000","True","True","1000","True"
"512e2cc0-5ebd-4d17-b7cf-a18a28bccdb4","MANIFEST_BOUND","hmail-perf-pair-service-20260901","06EFCBA9520D478A6DAC7ABB7F09F3B63D015A0CD5ECA1EB4D0FD2CC8C38F9FD","net10","hmail_perf_pair_net10_20260831_head3","C:\hmail-perf-pair-service-20260901\net10\Data","393449EA88D8D3C63D044D759D715322FD07A6F365FB10F18C1F0F126C6B4675","100","15","one TCP client and one sequential IMAP session per sample","0","PASS","45FA907CE0D3797C1E13EBB2F03F076A25656CCE27E801C18F745ACD3944FBBD","5136EEC556F9790732AE759EF52F77FE6172329EA55787A80300C4A824107E46","1","790","True","False","3637.524",,"True","1000","True","True","1000","True"
"512e2cc0-5ebd-4d17-b7cf-a18a28bccdb4","MANIFEST_BOUND","hmail-perf-pair-service-20260901","06EFCBA9520D478A6DAC7ABB7F09F3B63D015A0CD5ECA1EB4D0FD2CC8C38F9FD","net10","hmail_perf_pair_net10_20260831_head3","C:\hmail-perf-pair-service-20260901\net10\Data","393449EA88D8D3C63D044D759D715322FD07A6F365FB10F18C1F0F126C6B4675","100","15","one TCP client and one sequential IMAP session per sample","0","PASS","45FA907CE0D3797C1E13EBB2F03F076A25656CCE27E801C18F745ACD3944FBBD","5136EEC556F9790732AE759EF52F77FE6172329EA55787A80300C4A824107E46","1","791","True","False","3933.9",,"True","1000","True","True","1000","True"
"512e2cc0-5ebd-4d17-b7cf-a18a28bccdb4","MANIFEST_BOUND","hmail-perf-pair-service-20260901","06EFCBA9520D478A6DAC7ABB7F09F3B63D015A0CD5ECA1EB4D0FD2CC8C38F9FD","net10","hmail_perf_pair_net10_20260831_head3","C:\hmail-perf-pair-service-20260901\net10\Data","393449EA88D8D3C63D044D759D715322FD07A6F365FB10F18C1F0F126C6B4675","100","15","one TCP client and one sequential IMAP session per sample","0","PASS","45FA907CE0D3797C1E13EBB2F03F076A25656CCE27E801C18F745ACD3944FBBD","5136EEC556F9790732AE759EF52F77FE6172329EA55787A80300C4A824107E46","1","792","True","False","3659.469",,"True","1000","True","True","1000","True"
"512e2cc0-5ebd-4d17-b7cf-a18a28bccdb4","MANIFEST_BOUND","hmail-perf-pair-service-20260901","06EFCBA9520D478A6DAC7ABB7F09F3B63D015A0CD5ECA1EB4D0FD2CC8C38F9FD","net10","hmail_perf_pair_net10_20260831_head3","C:\hmail-perf-pair-service-20260901\net10\Data","393449EA88D8D3C63D044D759D715322FD07A6F365FB10F18C1F0F126C6B4675","100","15","one TCP client and one sequential IMAP session per sample","0","PASS","45FA907CE0D3797C1E13EBB2F03F076A25656CCE27E801C18F745ACD3944FBBD","5136EEC556F9790732AE759EF52F77FE6172329EA55787A80300C4A824107E46","1","793","True","False","3933.982",,"True","1000","True","True","1000","True"
"512e2cc0-5ebd-4d17-b7cf-a18a28bccdb4","MANIFEST_BOUND","hmail-perf-pair-service-20260901","06EFCBA9520D478A6DAC7ABB7F09F3B63D015A0CD5ECA1EB4D0FD2CC8C38F9FD","net10","hmail_perf_pair_net10_20260831_head3","C:\hmail-perf-pair-service-20260901\net10\Data","393449EA88D8D3C63D044D759D715322FD07A6F365FB10F18C1F0F126C6B4675","100","15","one TCP client and one sequential IMAP session per sample","0","PASS","45FA907CE0D3797C1E13EBB2F03F076A25656CCE27E801C18F745ACD3944FBBD","5136EEC556F9790732AE759EF52F77FE6172329EA55787A80300C4A824107E46","1","794","True","False","3880.239",,"True","1000","True","True","1000","True"
"512e2cc0-5ebd-4d17-b7cf-a18a28bccdb4","MANIFEST_BOUND","hmail-perf-pair-service-20260901","06EFCBA9520D478A6DAC7ABB7F09F3B63D015A0CD5ECA1EB4D0FD2CC8C38F9FD","net10","hmail_perf_pair_net10_20260831_head3","C:\hmail-perf-pair-service-20260901\net10\Data","393449EA88D8D3C63D044D759D715322FD07A6F365FB10F18C1F0F126C6B4675","100","15","one TCP client and one sequential IMAP session per sample","0","PASS","45FA907CE0D3797C1E13EBB2F03F076A25656CCE27E801C18F745ACD3944FBBD","5136EEC556F9790732AE759EF52F77FE6172329EA55787A80300C4A824107E46","1","795","True","False","3933.328",,"True","1000","True","True","1000","True"
"512e2cc0-5ebd-4d17-b7cf-a18a28bccdb4","MANIFEST_BOUND","hmail-perf-pair-service-20260901","06EFCBA9520D478A6DAC7ABB7F09F3B63D015A0CD5ECA1EB4D0FD2CC8C38F9FD","net10","hmail_perf_pair_net10_20260831_head3","C:\hmail-perf-pair-service-20260901\net10\Data","393449EA88D8D3C63D044D759D715322FD07A6F365FB10F18C1F0F126C6B4675","100","15","one TCP client and one sequential IMAP session per sample","0","PASS","45FA907CE0D3797C1E13EBB2F03F076A25656CCE27E801C18F745ACD3944FBBD","5136EEC556F9790732AE759EF52F77FE6172329EA55787A80300C4A824107E46","1","796","True","False","3917.45",,"True","1000","True","True","1000","True"
"512e2cc0-5ebd-4d17-b7cf-a18a28bccdb4","MANIFEST_BOUND","hmail-perf-pair-service-20260901","06EFCBA9520D478A6DAC7ABB7F09F3B63D015A0CD5ECA1EB4D0FD2CC8C38F9FD","net10","hmail_perf_pair_net10_20260831_head3","C:\hmail-perf-pair-service-20260901\net10\Data","393449EA88D8D3C63D044D759D715322FD07A6F365FB10F18C1F0F126C6B4675","100","15","one TCP client and one sequential IMAP session per sample","0","PASS","45FA907CE0D3797C1E13EBB2F03F076A25656CCE27E801C18F745ACD3944FBBD","5136EEC556F9790732AE759EF52F77FE6172329EA55787A80300C4A824107E46","1","797","True","False","3933.256",,"True","1000","True","True","1000","True"
"512e2cc0-5ebd-4d17-b7cf-a18a28bccdb4","MANIFEST_BOUND","hmail-perf-pair-service-20260901","06EFCBA9520D478A6DAC7ABB7F09F3B63D015A0CD5ECA1EB4D0FD2CC8C38F9FD","net10","hmail_perf_pair_net10_20260831_head3","C:\hmail-perf-pair-service-20260901\net10\Data","393449EA88D8D3C63D044D759D715322FD07A6F365FB10F18C1F0F126C6B4675","100","15","one TCP client and one sequential IMAP session per sample","0","PASS","45FA907CE0D3797C1E13EBB2F03F076A25656CCE27E801C18F745ACD3944FBBD","5136EEC556F9790732AE759EF52F77FE6172329EA55787A80300C4A824107E46","1","798","True","False","3874.608",,"True","1000","True","True","1000","True"
"512e2cc0-5ebd-4d17-b7cf-a18a28bccdb4","MANIFEST_BOUND","hmail-perf-pair-service-20260901","06EFCBA9520D478A6DAC7ABB7F09F3B63D015A0CD5ECA1EB4D0FD2CC8C38F9FD","net10","hmail_perf_pair_net10_20260831_head3","C:\hmail-perf-pair-service-20260901\net10\Data","393449EA88D8D3C63D044D759D715322FD07A6F365FB10F18C1F0F126C6B4675","100","15","one TCP client and one sequential IMAP session per sample","0","PASS","45FA907CE0D3797C1E13EBB2F03F076A25656CCE27E801C18F745ACD3944FBBD","5136EEC556F9790732AE759EF52F77FE6172329EA55787A80300C4A824107E46","1","799","True","False","3933.333",,"True","1000","True","True","1000","True"
"512e2cc0-5ebd-4d17-b7cf-a18a28bccdb4","MANIFEST_BOUND","hmail-perf-pair-service-20260901","06EFCBA9520D478A6DAC7ABB7F09F3B63D015A0CD5ECA1EB4D0FD2CC8C38F9FD","net10","hmail_perf_pair_net10_20260831_head3","C:\hmail-perf-pair-service-20260901\net10\Data","393449EA88D8D3C63D044D759D715322FD07A6F365FB10F18C1F0F126C6B4675","100","15","one TCP client and one sequential IMAP session per sample","0","PASS","45FA907CE0D3797C1E13EBB2F03F076A25656CCE27E801C18F745ACD3944FBBD","5136EEC556F9790732AE759EF52F77FE6172329EA55787A80300C4A824107E46","1","800","True","False","4151.569",,"True","1000","True","True","1000","True"
"512e2cc0-5ebd-4d17-b7cf-a18a28bccdb4","MANIFEST_BOUND","hmail-perf-pair-service-20260901","06EFCBA9520D478A6DAC7ABB7F09F3B63D015A0CD5ECA1EB4D0FD2CC8C38F9FD","net10","hmail_perf_pair_net10_20260831_head3","C:\hmail-perf-pair-service-20260901\net10\Data","393449EA88D8D3C63D044D759D715322FD07A6F365FB10F18C1F0F126C6B4675","100","15","one TCP client and one sequential IMAP session per sample","0","PASS","45FA907CE0D3797C1E13EBB2F03F076A25656CCE27E801C18F745ACD3944FBBD","5136EEC556F9790732AE759EF52F77FE6172329EA55787A80300C4A824107E46","1","801","True","False","3931.722",,"True","1000","True","True","1000","True"
"512e2cc0-5ebd-4d17-b7cf-a18a28bccdb4","MANIFEST_BOUND","hmail-perf-pair-service-20260901","06EFCBA9520D478A6DAC7ABB7F09F3B63D015A0CD5ECA1EB4D0FD2CC8C38F9FD","net10","hmail_perf_pair_net10_20260831_head3","C:\hmail-perf-pair-service-20260901\net10\Data","393449EA88D8D3C63D044D759D715322FD07A6F365FB10F18C1F0F126C6B4675","100","15","one TCP client and one sequential IMAP session per sample","0","PASS","45FA907CE0D3797C1E13EBB2F03F076A25656CCE27E801C18F745ACD3944FBBD","5136EEC556F9790732AE759EF52F77FE6172329EA55787A80300C4A824107E46","1","802","True","False","3816.204",,"True","1000","True","True","1000","True"
"512e2cc0-5ebd-4d17-b7cf-a18a28bccdb4","MANIFEST_BOUND","hmail-perf-pair-service-20260901","06EFCBA9520D478A6DAC7ABB7F09F3B63D015A0CD5ECA1EB4D0FD2CC8C38F9FD","net10","hmail_perf_pair_net10_20260831_head3","C:\hmail-perf-pair-service-20260901\net10\Data","393449EA88D8D3C63D044D759D715322FD07A6F365FB10F18C1F0F126C6B4675","100","15","one TCP client and one sequential IMAP session per sample","0","PASS","45FA907CE0D3797C1E13EBB2F03F076A25656CCE27E801C18F745ACD3944FBBD","5136EEC556F9790732AE759EF52F77FE6172329EA55787A80300C4A824107E46","1","803","True","False","3723.412",,"True","1000","True","True","1000","True"
"512e2cc0-5ebd-4d17-b7cf-a18a28bccdb4","MANIFEST_BOUND","hmail-perf-pair-service-20260901","06EFCBA9520D478A6DAC7ABB7F09F3B63D015A0CD5ECA1EB4D0FD2CC8C38F9FD","net10","hmail_perf_pair_net10_20260831_head3","C:\hmail-perf-pair-service-20260901\net10\Data","393449EA88D8D3C63D044D759D715322FD07A6F365FB10F18C1F0F126C6B4675","100","15","one TCP client and one sequential IMAP session per sample","0","PASS","45FA907CE0D3797C1E13EBB2F03F076A25656CCE27E801C18F745ACD3944FBBD","5136EEC556F9790732AE759EF52F77FE6172329EA55787A80300C4A824107E46","1","804","True","False","3934.377",,"True","1000","True","True","1000","True"
"512e2cc0-5ebd-4d17-b7cf-a18a28bccdb4","MANIFEST_BOUND","hmail-perf-pair-service-20260901","06EFCBA9520D478A6DAC7ABB7F09F3B63D015A0CD5ECA1EB4D0FD2CC8C38F9FD","net10","hmail_perf_pair_net10_20260831_head3","C:\hmail-perf-pair-service-20260901\net10\Data","393449EA88D8D3C63D044D759D715322FD07A6F365FB10F18C1F0F126C6B4675","100","15","one TCP client and one sequential IMAP session per sample","0","PASS","45FA907CE0D3797C1E13EBB2F03F076A25656CCE27E801C18F745ACD3944FBBD","5136EEC556F9790732AE759EF52F77FE6172329EA55787A80300C4A824107E46","1","805","True","False","3892.148",,"True","1000","True","True","1000","True"
"512e2cc0-5ebd-4d17-b7cf-a18a28bccdb4","MANIFEST_BOUND","hmail-perf-pair-service-20260901","06EFCBA9520D478A6DAC7ABB7F09F3B63D015A0CD5ECA1EB4D0FD2CC8C38F9FD","net10","hmail_perf_pair_net10_20260831_head3","C:\hmail-perf-pair-service-20260901\net10\Data","393449EA88D8D3C63D044D759D715322FD07A6F365FB10F18C1F0F126C6B4675","100","15","one TCP client and one sequential IMAP session per sample","0","PASS","45FA907CE0D3797C1E13EBB2F03F076A25656CCE27E801C18F745ACD3944FBBD","5136EEC556F9790732AE759EF52F77FE6172329EA55787A80300C4A824107E46","1","806","True","False","3667.562",,"True","1000","True","True","1000","True"
"512e2cc0-5ebd-4d17-b7cf-a18a28bccdb4","MANIFEST_BOUND","hmail-perf-pair-service-20260901","06EFCBA9520D478A6DAC7ABB7F09F3B63D015A0CD5ECA1EB4D0FD2CC8C38F9FD","net10","hmail_perf_pair_net10_20260831_head3","C:\hmail-perf-pair-service-20260901\net10\Data","393449EA88D8D3C63D044D759D715322FD07A6F365FB10F18C1F0F126C6B4675","100","15","one TCP client and one sequential IMAP session per sample","0","PASS","45FA907CE0D3797C1E13EBB2F03F076A25656CCE27E801C18F745ACD3944FBBD","5136EEC556F9790732AE759EF52F77FE6172329EA55787A80300C4A824107E46","1","807","True","False","3932.536",,"True","1000","True","True","1000","True"
"512e2cc0-5ebd-4d17-b7cf-a18a28bccdb4","MANIFEST_BOUND","hmail-perf-pair-service-20260901","06EFCBA9520D478A6DAC7ABB7F09F3B63D015A0CD5ECA1EB4D0FD2CC8C38F9FD","net10","hmail_perf_pair_net10_20260831_head3","C:\hmail-perf-pair-service-20260901\net10\Data","393449EA88D8D3C63D044D759D715322FD07A6F365FB10F18C1F0F126C6B4675","100","15","one TCP client and one sequential IMAP session per sample","0","PASS","45FA907CE0D3797C1E13EBB2F03F076A25656CCE27E801C18F745ACD3944FBBD","5136EEC556F9790732AE759EF52F77FE6172329EA55787A80300C4A824107E46","1","808","True","False","3932.796",,"True","1000","True","True","1000","True"
"512e2cc0-5ebd-4d17-b7cf-a18a28bccdb4","MANIFEST_BOUND","hmail-perf-pair-service-20260901","06EFCBA9520D478A6DAC7ABB7F09F3B63D015A0CD5ECA1EB4D0FD2CC8C38F9FD","net10","hmail_perf_pair_net10_20260831_head3","C:\hmail-perf-pair-service-20260901\net10\Data","393449EA88D8D3C63D044D759D715322FD07A6F365FB10F18C1F0F126C6B4675","100","15","one TCP client and one sequential IMAP session per sample","0","PASS","45FA907CE0D3797C1E13EBB2F03F076A25656CCE27E801C18F745ACD3944FBBD","5136EEC556F9790732AE759EF52F77FE6172329EA55787A80300C4A824107E46","1","809","True","False","3892.23",,"True","1000","True","True","1000","True"
"512e2cc0-5ebd-4d17-b7cf-a18a28bccdb4","MANIFEST_BOUND","hmail-perf-pair-service-20260901","06EFCBA9520D478A6DAC7ABB7F09F3B63D015A0CD5ECA1EB4D0FD2CC8C38F9FD","net10","hmail_perf_pair_net10_20260831_head3","C:\hmail-perf-pair-service-20260901\net10\Data","393449EA88D8D3C63D044D759D715322FD07A6F365FB10F18C1F0F126C6B4675","100","15","one TCP client and one sequential IMAP session per sample","0","PASS","45FA907CE0D3797C1E13EBB2F03F076A25656CCE27E801C18F745ACD3944FBBD","5136EEC556F9790732AE759EF52F77FE6172329EA55787A80300C4A824107E46","1","810","True","False","3891.726",,"True","1000","True","True","1000","True"
"512e2cc0-5ebd-4d17-b7cf-a18a28bccdb4","MANIFEST_BOUND","hmail-perf-pair-service-20260901","06EFCBA9520D478A6DAC7ABB7F09F3B63D015A0CD5ECA1EB4D0FD2CC8C38F9FD","net10","hmail_perf_pair_net10_20260831_head3","C:\hmail-perf-pair-service-20260901\net10\Data","393449EA88D8D3C63D044D759D715322FD07A6F365FB10F18C1F0F126C6B4675","100","15","one TCP client and one sequential IMAP session per sample","0","PASS","45FA907CE0D3797C1E13EBB2F03F076A25656CCE27E801C18F745ACD3944FBBD","5136EEC556F9790732AE759EF52F77FE6172329EA55787A80300C4A824107E46","1","811","True","False","3810.926",,"True","1000","True","True","1000","True"
"512e2cc0-5ebd-4d17-b7cf-a18a28bccdb4","MANIFEST_BOUND","hmail-perf-pair-service-20260901","06EFCBA9520D478A6DAC7ABB7F09F3B63D015A0CD5ECA1EB4D0FD2CC8C38F9FD","net10","hmail_perf_pair_net10_20260831_head3","C:\hmail-perf-pair-service-20260901\net10\Data","393449EA88D8D3C63D044D759D715322FD07A6F365FB10F18C1F0F126C6B4675","100","15","one TCP client and one sequential IMAP session per sample","0","PASS","45FA907CE0D3797C1E13EBB2F03F076A25656CCE27E801C18F745ACD3944FBBD","5136EEC556F9790732AE759EF52F77FE6172329EA55787A80300C4A824107E46","1","812","True","False","3879.587",,"True","1000","True","True","1000","True"
"512e2cc0-5ebd-4d17-b7cf-a18a28bccdb4","MANIFEST_BOUND","hmail-perf-pair-service-20260901","06EFCBA9520D478A6DAC7ABB7F09F3B63D015A0CD5ECA1EB4D0FD2CC8C38F9FD","net10","hmail_perf_pair_net10_20260831_head3","C:\hmail-perf-pair-service-20260901\net10\Data","393449EA88D8D3C63D044D759D715322FD07A6F365FB10F18C1F0F126C6B4675","100","15","one TCP client and one sequential IMAP session per sample","0","PASS","45FA907CE0D3797C1E13EBB2F03F076A25656CCE27E801C18F745ACD3944FBBD","5136EEC556F9790732AE759EF52F77FE6172329EA55787A80300C4A824107E46","1","813","True","False","3932.863",,"True","1000","True","True","1000","True"
"512e2cc0-5ebd-4d17-b7cf-a18a28bccdb4","MANIFEST_BOUND","hmail-perf-pair-service-20260901","06EFCBA9520D478A6DAC7ABB7F09F3B63D015A0CD5ECA1EB4D0FD2CC8C38F9FD","net10","hmail_perf_pair_net10_20260831_head3","C:\hmail-perf-pair-service-20260901\net10\Data","393449EA88D8D3C63D044D759D715322FD07A6F365FB10F18C1F0F126C6B4675","100","15","one TCP client and one sequential IMAP session per sample","0","PASS","45FA907CE0D3797C1E13EBB2F03F076A25656CCE27E801C18F745ACD3944FBBD","5136EEC556F9790732AE759EF52F77FE6172329EA55787A80300C4A824107E46","1","814","True","False","3756.607",,"True","1000","True","True","1000","True"
"512e2cc0-5ebd-4d17-b7cf-a18a28bccdb4","MANIFEST_BOUND","hmail-perf-pair-service-20260901","06EFCBA9520D478A6DAC7ABB7F09F3B63D015A0CD5ECA1EB4D0FD2CC8C38F9FD","net10","hmail_perf_pair_net10_20260831_head3","C:\hmail-perf-pair-service-20260901\net10\Data","393449EA88D8D3C63D044D759D715322FD07A6F365FB10F18C1F0F126C6B4675","100","15","one TCP client and one sequential IMAP session per sample","0","PASS","45FA907CE0D3797C1E13EBB2F03F076A25656CCE27E801C18F745ACD3944FBBD","5136EEC556F9790732AE759EF52F77FE6172329EA55787A80300C4A824107E46","1","815","True","False","3934.479",,"True","1000","True","True","1000","True"
"512e2cc0-5ebd-4d17-b7cf-a18a28bccdb4","MANIFEST_BOUND","hmail-perf-pair-service-20260901","06EFCBA9520D478A6DAC7ABB7F09F3B63D015A0CD5ECA1EB4D0FD2CC8C38F9FD","net10","hmail_perf_pair_net10_20260831_head3","C:\hmail-perf-pair-service-20260901\net10\Data","393449EA88D8D3C63D044D759D715322FD07A6F365FB10F18C1F0F126C6B4675","100","15","one TCP client and one sequential IMAP session per sample","0","PASS","45FA907CE0D3797C1E13EBB2F03F076A25656CCE27E801C18F745ACD3944FBBD","5136EEC556F9790732AE759EF52F77FE6172329EA55787A80300C4A824107E46","1","816","True","False","3964.271",,"True","1000","True","True","1000","True"
"512e2cc0-5ebd-4d17-b7cf-a18a28bccdb4","MANIFEST_BOUND","hmail-perf-pair-service-20260901","06EFCBA9520D478A6DAC7ABB7F09F3B63D015A0CD5ECA1EB4D0FD2CC8C38F9FD","net10","hmail_perf_pair_net10_20260831_head3","C:\hmail-perf-pair-service-20260901\net10\Data","393449EA88D8D3C63D044D759D715322FD07A6F365FB10F18C1F0F126C6B4675","100","15","one TCP client and one sequential IMAP session per sample","0","PASS","45FA907CE0D3797C1E13EBB2F03F076A25656CCE27E801C18F745ACD3944FBBD","5136EEC556F9790732AE759EF52F77FE6172329EA55787A80300C4A824107E46","1","817","True","False","3932.958",,"True","1000","True","True","1000","True"
"512e2cc0-5ebd-4d17-b7cf-a18a28bccdb4","MANIFEST_BOUND","hmail-perf-pair-service-20260901","06EFCBA9520D478A6DAC7ABB7F09F3B63D015A0CD5ECA1EB4D0FD2CC8C38F9FD","net10","hmail_perf_pair_net10_20260831_head3","C:\hmail-perf-pair-service-20260901\net10\Data","393449EA88D8D3C63D044D759D715322FD07A6F365FB10F18C1F0F126C6B4675","100","15","one TCP client and one sequential IMAP session per sample","0","PASS","45FA907CE0D3797C1E13EBB2F03F076A25656CCE27E801C18F745ACD3944FBBD","5136EEC556F9790732AE759EF52F77FE6172329EA55787A80300C4A824107E46","1","818","True","False","3931.66",,"True","1000","True","True","1000","True"
"512e2cc0-5ebd-4d17-b7cf-a18a28bccdb4","MANIFEST_BOUND","hmail-perf-pair-service-20260901","06EFCBA9520D478A6DAC7ABB7F09F3B63D015A0CD5ECA1EB4D0FD2CC8C38F9FD","net10","hmail_perf_pair_net10_20260831_head3","C:\hmail-perf-pair-service-20260901\net10\Data","393449EA88D8D3C63D044D759D715322FD07A6F365FB10F18C1F0F126C6B4675","100","15","one TCP client and one sequential IMAP session per sample","0","PASS","45FA907CE0D3797C1E13EBB2F03F076A25656CCE27E801C18F745ACD3944FBBD","5136EEC556F9790732AE759EF52F77FE6172329EA55787A80300C4A824107E46","1","819","True","False","3934.143",,"True","1000","True","True","1000","True"
"512e2cc0-5ebd-4d17-b7cf-a18a28bccdb4","MANIFEST_BOUND","hmail-perf-pair-service-20260901","06EFCBA9520D478A6DAC7ABB7F09F3B63D015A0CD5ECA1EB4D0FD2CC8C38F9FD","net10","hmail_perf_pair_net10_20260831_head3","C:\hmail-perf-pair-service-20260901\net10\Data","393449EA88D8D3C63D044D759D715322FD07A6F365FB10F18C1F0F126C6B4675","100","15","one TCP client and one sequential IMAP session per sample","0","PASS","45FA907CE0D3797C1E13EBB2F03F076A25656CCE27E801C18F745ACD3944FBBD","5136EEC556F9790732AE759EF52F77FE6172329EA55787A80300C4A824107E46","1","820","True","False","3891.609",,"True","1000","True","True","1000","True"
"512e2cc0-5ebd-4d17-b7cf-a18a28bccdb4","MANIFEST_BOUND","hmail-perf-pair-service-20260901","06EFCBA9520D478A6DAC7ABB7F09F3B63D015A0CD5ECA1EB4D0FD2CC8C38F9FD","net10","hmail_perf_pair_net10_20260831_head3","C:\hmail-perf-pair-service-20260901\net10\Data","393449EA88D8D3C63D044D759D715322FD07A6F365FB10F18C1F0F126C6B4675","100","15","one TCP client and one sequential IMAP session per sample","0","PASS","45FA907CE0D3797C1E13EBB2F03F076A25656CCE27E801C18F745ACD3944FBBD","5136EEC556F9790732AE759EF52F77FE6172329EA55787A80300C4A824107E46","1","821","True","False","3931.734",,"True","1000","True","True","1000","True"
"512e2cc0-5ebd-4d17-b7cf-a18a28bccdb4","MANIFEST_BOUND","hmail-perf-pair-service-20260901","06EFCBA9520D478A6DAC7ABB7F09F3B63D015A0CD5ECA1EB4D0FD2CC8C38F9FD","net10","hmail_perf_pair_net10_20260831_head3","C:\hmail-perf-pair-service-20260901\net10\Data","393449EA88D8D3C63D044D759D715322FD07A6F365FB10F18C1F0F126C6B4675","100","15","one TCP client and one sequential IMAP session per sample","0","PASS","45FA907CE0D3797C1E13EBB2F03F076A25656CCE27E801C18F745ACD3944FBBD","5136EEC556F9790732AE759EF52F77FE6172329EA55787A80300C4A824107E46","1","822","True","False","3932.07",,"True","1000","True","True","1000","True"
"512e2cc0-5ebd-4d17-b7cf-a18a28bccdb4","MANIFEST_BOUND","hmail-perf-pair-service-20260901","06EFCBA9520D478A6DAC7ABB7F09F3B63D015A0CD5ECA1EB4D0FD2CC8C38F9FD","net10","hmail_perf_pair_net10_20260831_head3","C:\hmail-perf-pair-service-20260901\net10\Data","393449EA88D8D3C63D044D759D715322FD07A6F365FB10F18C1F0F126C6B4675","100","15","one TCP client and one sequential IMAP session per sample","0","PASS","45FA907CE0D3797C1E13EBB2F03F076A25656CCE27E801C18F745ACD3944FBBD","5136EEC556F9790732AE759EF52F77FE6172329EA55787A80300C4A824107E46","1","823","True","False","3962.708",,"True","1000","True","True","1000","True"
"512e2cc0-5ebd-4d17-b7cf-a18a28bccdb4","MANIFEST_BOUND","hmail-perf-pair-service-20260901","06EFCBA9520D478A6DAC7ABB7F09F3B63D015A0CD5ECA1EB4D0FD2CC8C38F9FD","net10","hmail_perf_pair_net10_20260831_head3","C:\hmail-perf-pair-service-20260901\net10\Data","393449EA88D8D3C63D044D759D715322FD07A6F365FB10F18C1F0F126C6B4675","100","15","one TCP client and one sequential IMAP session per sample","0","PASS","45FA907CE0D3797C1E13EBB2F03F076A25656CCE27E801C18F745ACD3944FBBD","5136EEC556F9790732AE759EF52F77FE6172329EA55787A80300C4A824107E46","1","824","True","False","3931.83",,"True","1000","True","True","1000","True"
"512e2cc0-5ebd-4d17-b7cf-a18a28bccdb4","MANIFEST_BOUND","hmail-perf-pair-service-20260901","06EFCBA9520D478A6DAC7ABB7F09F3B63D015A0CD5ECA1EB4D0FD2CC8C38F9FD","net10","hmail_perf_pair_net10_20260831_head3","C:\hmail-perf-pair-service-20260901\net10\Data","393449EA88D8D3C63D044D759D715322FD07A6F365FB10F18C1F0F126C6B4675","100","15","one TCP client and one sequential IMAP session per sample","0","PASS","45FA907CE0D3797C1E13EBB2F03F076A25656CCE27E801C18F745ACD3944FBBD","5136EEC556F9790732AE759EF52F77FE6172329EA55787A80300C4A824107E46","1","825","True","False","3931.979",,"True","1000","True","True","1000","True"
"512e2cc0-5ebd-4d17-b7cf-a18a28bccdb4","MANIFEST_BOUND","hmail-perf-pair-service-20260901","06EFCBA9520D478A6DAC7ABB7F09F3B63D015A0CD5ECA1EB4D0FD2CC8C38F9FD","net10","hmail_perf_pair_net10_20260831_head3","C:\hmail-perf-pair-service-20260901\net10\Data","393449EA88D8D3C63D044D759D715322FD07A6F365FB10F18C1F0F126C6B4675","100","15","one TCP client and one sequential IMAP session per sample","0","PASS","45FA907CE0D3797C1E13EBB2F03F076A25656CCE27E801C18F745ACD3944FBBD","5136EEC556F9790732AE759EF52F77FE6172329EA55787A80300C4A824107E46","1","826","True","False","3891.094",,"True","1000","True","True","1000","True"
"512e2cc0-5ebd-4d17-b7cf-a18a28bccdb4","MANIFEST_BOUND","hmail-perf-pair-service-20260901","06EFCBA9520D478A6DAC7ABB7F09F3B63D015A0CD5ECA1EB4D0FD2CC8C38F9FD","net10","hmail_perf_pair_net10_20260831_head3","C:\hmail-perf-pair-service-20260901\net10\Data","393449EA88D8D3C63D044D759D715322FD07A6F365FB10F18C1F0F126C6B4675","100","15","one TCP client and one sequential IMAP session per sample","0","PASS","45FA907CE0D3797C1E13EBB2F03F076A25656CCE27E801C18F745ACD3944FBBD","5136EEC556F9790732AE759EF52F77FE6172329EA55787A80300C4A824107E46","1","827","True","False","3931.328",,"True","1000","True","True","1000","True"
"512e2cc0-5ebd-4d17-b7cf-a18a28bccdb4","MANIFEST_BOUND","hmail-perf-pair-service-20260901","06EFCBA9520D478A6DAC7ABB7F09F3B63D015A0CD5ECA1EB4D0FD2CC8C38F9FD","net10","hmail_perf_pair_net10_20260831_head3","C:\hmail-perf-pair-service-20260901\net10\Data","393449EA88D8D3C63D044D759D715322FD07A6F365FB10F18C1F0F126C6B4675","100","15","one TCP client and one sequential IMAP session per sample","0","PASS","45FA907CE0D3797C1E13EBB2F03F076A25656CCE27E801C18F745ACD3944FBBD","5136EEC556F9790732AE759EF52F77FE6172329EA55787A80300C4A824107E46","1","828","True","False","4086.748",,"True","1000","True","True","1000","True"
"512e2cc0-5ebd-4d17-b7cf-a18a28bccdb4","MANIFEST_BOUND","hmail-perf-pair-service-20260901","06EFCBA9520D478A6DAC7ABB7F09F3B63D015A0CD5ECA1EB4D0FD2CC8C38F9FD","net10","hmail_perf_pair_net10_20260831_head3","C:\hmail-perf-pair-service-20260901\net10\Data","393449EA88D8D3C63D044D759D715322FD07A6F365FB10F18C1F0F126C6B4675","100","15","one TCP client and one sequential IMAP session per sample","0","PASS","45FA907CE0D3797C1E13EBB2F03F076A25656CCE27E801C18F745ACD3944FBBD","5136EEC556F9790732AE759EF52F77FE6172329EA55787A80300C4A824107E46","1","829","True","False","3932.219",,"True","1000","True","True","1000","True"
"512e2cc0-5ebd-4d17-b7cf-a18a28bccdb4","MANIFEST_BOUND","hmail-perf-pair-service-20260901","06EFCBA9520D478A6DAC7ABB7F09F3B63D015A0CD5ECA1EB4D0FD2CC8C38F9FD","net10","hmail_perf_pair_net10_20260831_head3","C:\hmail-perf-pair-service-20260901\net10\Data","393449EA88D8D3C63D044D759D715322FD07A6F365FB10F18C1F0F126C6B4675","100","15","one TCP client and one sequential IMAP session per sample","0","PASS","45FA907CE0D3797C1E13EBB2F03F076A25656CCE27E801C18F745ACD3944FBBD","5136EEC556F9790732AE759EF52F77FE6172329EA55787A80300C4A824107E46","1","830","True","False","3915.701",,"True","1000","True","True","1000","True"
"512e2cc0-5ebd-4d17-b7cf-a18a28bccdb4","MANIFEST_BOUND","hmail-perf-pair-service-20260901","06EFCBA9520D478A6DAC7ABB7F09F3B63D015A0CD5ECA1EB4D0FD2CC8C38F9FD","net10","hmail_perf_pair_net10_20260831_head3","C:\hmail-perf-pair-service-20260901\net10\Data","393449EA88D8D3C63D044D759D715322FD07A6F365FB10F18C1F0F126C6B4675","100","15","one TCP client and one sequential IMAP session per sample","0","PASS","45FA907CE0D3797C1E13EBB2F03F076A25656CCE27E801C18F745ACD3944FBBD","5136EEC556F9790732AE759EF52F77FE6172329EA55787A80300C4A824107E46","1","831","True","False","3931.928",,"True","1000","True","True","1000","True"
"512e2cc0-5ebd-4d17-b7cf-a18a28bccdb4","MANIFEST_BOUND","hmail-perf-pair-service-20260901","06EFCBA9520D478A6DAC7ABB7F09F3B63D015A0CD5ECA1EB4D0FD2CC8C38F9FD","net10","hmail_perf_pair_net10_20260831_head3","C:\hmail-perf-pair-service-20260901\net10\Data","393449EA88D8D3C63D044D759D715322FD07A6F365FB10F18C1F0F126C6B4675","100","15","one TCP client and one sequential IMAP session per sample","0","PASS","45FA907CE0D3797C1E13EBB2F03F076A25656CCE27E801C18F745ACD3944FBBD","5136EEC556F9790732AE759EF52F77FE6172329EA55787A80300C4A824107E46","1","832","True","False","3874.916",,"True","1000","True","True","1000","True"
"512e2cc0-5ebd-4d17-b7cf-a18a28bccdb4","MANIFEST_BOUND","hmail-perf-pair-service-20260901","06EFCBA9520D478A6DAC7ABB7F09F3B63D015A0CD5ECA1EB4D0FD2CC8C38F9FD","net10","hmail_perf_pair_net10_20260831_head3","C:\hmail-perf-pair-service-20260901\net10\Data","393449EA88D8D3C63D044D759D715322FD07A6F365FB10F18C1F0F126C6B4675","100","15","one TCP client and one sequential IMAP session per sample","0","PASS","45FA907CE0D3797C1E13EBB2F03F076A25656CCE27E801C18F745ACD3944FBBD","5136EEC556F9790732AE759EF52F77FE6172329EA55787A80300C4A824107E46","1","833","True","False","3932.895",,"True","1000","True","True","1000","True"
"512e2cc0-5ebd-4d17-b7cf-a18a28bccdb4","MANIFEST_BOUND","hmail-perf-pair-service-20260901","06EFCBA9520D478A6DAC7ABB7F09F3B63D015A0CD5ECA1EB4D0FD2CC8C38F9FD","net10","hmail_perf_pair_net10_20260831_head3","C:\hmail-perf-pair-service-20260901\net10\Data","393449EA88D8D3C63D044D759D715322FD07A6F365FB10F18C1F0F126C6B4675","100","15","one TCP client and one sequential IMAP session per sample","0","PASS","45FA907CE0D3797C1E13EBB2F03F076A25656CCE27E801C18F745ACD3944FBBD","5136EEC556F9790732AE759EF52F77FE6172329EA55787A80300C4A824107E46","1","834","True","False","3923.321",,"True","1000","True","True","1000","True"
"512e2cc0-5ebd-4d17-b7cf-a18a28bccdb4","MANIFEST_BOUND","hmail-perf-pair-service-20260901","06EFCBA9520D478A6DAC7ABB7F09F3B63D015A0CD5ECA1EB4D0FD2CC8C38F9FD","net10","hmail_perf_pair_net10_20260831_head3","C:\hmail-perf-pair-service-20260901\net10\Data","393449EA88D8D3C63D044D759D715322FD07A6F365FB10F18C1F0F126C6B4675","100","15","one TCP client and one sequential IMAP session per sample","0","PASS","45FA907CE0D3797C1E13EBB2F03F076A25656CCE27E801C18F745ACD3944FBBD","5136EEC556F9790732AE759EF52F77FE6172329EA55787A80300C4A824107E46","1","835","True","False","3946.056",,"True","1000","True","True","1000","True"
"512e2cc0-5ebd-4d17-b7cf-a18a28bccdb4","MANIFEST_BOUND","hmail-perf-pair-service-20260901","06EFCBA9520D478A6DAC7ABB7F09F3B63D015A0CD5ECA1EB4D0FD2CC8C38F9FD","net10","hmail_perf_pair_net10_20260831_head3","C:\hmail-perf-pair-service-20260901\net10\Data","393449EA88D8D3C63D044D759D715322FD07A6F365FB10F18C1F0F126C6B4675","100","15","one TCP client and one sequential IMAP session per sample","0","PASS","45FA907CE0D3797C1E13EBB2F03F076A25656CCE27E801C18F745ACD3944FBBD","5136EEC556F9790732AE759EF52F77FE6172329EA55787A80300C4A824107E46","1","836","True","False","3930.378",,"True","1000","True","True","1000","True"
"512e2cc0-5ebd-4d17-b7cf-a18a28bccdb4","MANIFEST_BOUND","hmail-perf-pair-service-20260901","06EFCBA9520D478A6DAC7ABB7F09F3B63D015A0CD5ECA1EB4D0FD2CC8C38F9FD","net10","hmail_perf_pair_net10_20260831_head3","C:\hmail-perf-pair-service-20260901\net10\Data","393449EA88D8D3C63D044D759D715322FD07A6F365FB10F18C1F0F126C6B4675","100","15","one TCP client and one sequential IMAP session per sample","0","PASS","45FA907CE0D3797C1E13EBB2F03F076A25656CCE27E801C18F745ACD3944FBBD","5136EEC556F9790732AE759EF52F77FE6172329EA55787A80300C4A824107E46","1","837","True","False","3875.554",,"True","1000","True","True","1000","True"
"512e2cc0-5ebd-4d17-b7cf-a18a28bccdb4","MANIFEST_BOUND","hmail-perf-pair-service-20260901","06EFCBA9520D478A6DAC7ABB7F09F3B63D015A0CD5ECA1EB4D0FD2CC8C38F9FD","net10","hmail_perf_pair_net10_20260831_head3","C:\hmail-perf-pair-service-20260901\net10\Data","393449EA88D8D3C63D044D759D715322FD07A6F365FB10F18C1F0F126C6B4675","100","15","one TCP client and one sequential IMAP session per sample","0","PASS","45FA907CE0D3797C1E13EBB2F03F076A25656CCE27E801C18F745ACD3944FBBD","5136EEC556F9790732AE759EF52F77FE6172329EA55787A80300C4A824107E46","1","838","True","False","3874.387",,"True","1000","True","True","1000","True"
"512e2cc0-5ebd-4d17-b7cf-a18a28bccdb4","MANIFEST_BOUND","hmail-perf-pair-service-20260901","06EFCBA9520D478A6DAC7ABB7F09F3B63D015A0CD5ECA1EB4D0FD2CC8C38F9FD","net10","hmail_perf_pair_net10_20260831_head3","C:\hmail-perf-pair-service-20260901\net10\Data","393449EA88D8D3C63D044D759D715322FD07A6F365FB10F18C1F0F126C6B4675","100","15","one TCP client and one sequential IMAP session per sample","0","PASS","45FA907CE0D3797C1E13EBB2F03F076A25656CCE27E801C18F745ACD3944FBBD","5136EEC556F9790732AE759EF52F77FE6172329EA55787A80300C4A824107E46","1","839","True","False","3823.274",,"True","1000","True","True","1000","True"
"512e2cc0-5ebd-4d17-b7cf-a18a28bccdb4","MANIFEST_BOUND","hmail-perf-pair-service-20260901","06EFCBA9520D478A6DAC7ABB7F09F3B63D015A0CD5ECA1EB4D0FD2CC8C38F9FD","net10","hmail_perf_pair_net10_20260831_head3","C:\hmail-perf-pair-service-20260901\net10\Data","393449EA88D8D3C63D044D759D715322FD07A6F365FB10F18C1F0F126C6B4675","100","15","one TCP client and one sequential IMAP session per sample","0","PASS","45FA907CE0D3797C1E13EBB2F03F076A25656CCE27E801C18F745ACD3944FBBD","5136EEC556F9790732AE759EF52F77FE6172329EA55787A80300C4A824107E46","1","840","True","False","3977.203",,"True","1000","True","True","1000","True"
"512e2cc0-5ebd-4d17-b7cf-a18a28bccdb4","MANIFEST_BOUND","hmail-perf-pair-service-20260901","06EFCBA9520D478A6DAC7ABB7F09F3B63D015A0CD5ECA1EB4D0FD2CC8C38F9FD","net10","hmail_perf_pair_net10_20260831_head3","C:\hmail-perf-pair-service-20260901\net10\Data","393449EA88D8D3C63D044D759D715322FD07A6F365FB10F18C1F0F126C6B4675","100","15","one TCP client and one sequential IMAP session per sample","0","PASS","45FA907CE0D3797C1E13EBB2F03F076A25656CCE27E801C18F745ACD3944FBBD","5136EEC556F9790732AE759EF52F77FE6172329EA55787A80300C4A824107E46","1","841","True","False","3915.061",,"True","1000","True","True","1000","True"
"512e2cc0-5ebd-4d17-b7cf-a18a28bccdb4","MANIFEST_BOUND","hmail-perf-pair-service-20260901","06EFCBA9520D478A6DAC7ABB7F09F3B63D015A0CD5ECA1EB4D0FD2CC8C38F9FD","net10","hmail_perf_pair_net10_20260831_head3","C:\hmail-perf-pair-service-20260901\net10\Data","393449EA88D8D3C63D044D759D715322FD07A6F365FB10F18C1F0F126C6B4675","100","15","one TCP client and one sequential IMAP session per sample","0","PASS","45FA907CE0D3797C1E13EBB2F03F076A25656CCE27E801C18F745ACD3944FBBD","5136EEC556F9790732AE759EF52F77FE6172329EA55787A80300C4A824107E46","1","842","True","False","3618.42",,"True","1000","True","True","1000","True"
"512e2cc0-5ebd-4d17-b7cf-a18a28bccdb4","MANIFEST_BOUND","hmail-perf-pair-service-20260901","06EFCBA9520D478A6DAC7ABB7F09F3B63D015A0CD5ECA1EB4D0FD2CC8C38F9FD","net10","hmail_perf_pair_net10_20260831_head3","C:\hmail-perf-pair-service-20260901\net10\Data","393449EA88D8D3C63D044D759D715322FD07A6F365FB10F18C1F0F126C6B4675","100","15","one TCP client and one sequential IMAP session per sample","0","PASS","45FA907CE0D3797C1E13EBB2F03F076A25656CCE27E801C18F745ACD3944FBBD","5136EEC556F9790732AE759EF52F77FE6172329EA55787A80300C4A824107E46","1","843","True","False","3920.665",,"True","1000","True","True","1000","True"
"512e2cc0-5ebd-4d17-b7cf-a18a28bccdb4","MANIFEST_BOUND","hmail-perf-pair-service-20260901","06EFCBA9520D478A6DAC7ABB7F09F3B63D015A0CD5ECA1EB4D0FD2CC8C38F9FD","net10","hmail_perf_pair_net10_20260831_head3","C:\hmail-perf-pair-service-20260901\net10\Data","393449EA88D8D3C63D044D759D715322FD07A6F365FB10F18C1F0F126C6B4675","100","15","one TCP client and one sequential IMAP session per sample","0","PASS","45FA907CE0D3797C1E13EBB2F03F076A25656CCE27E801C18F745ACD3944FBBD","5136EEC556F9790732AE759EF52F77FE6172329EA55787A80300C4A824107E46","1","844","True","False","3929.866",,"True","1000","True","True","1000","True"
"512e2cc0-5ebd-4d17-b7cf-a18a28bccdb4","MANIFEST_BOUND","hmail-perf-pair-service-20260901","06EFCBA9520D478A6DAC7ABB7F09F3B63D015A0CD5ECA1EB4D0FD2CC8C38F9FD","net10","hmail_perf_pair_net10_20260831_head3","C:\hmail-perf-pair-service-20260901\net10\Data","393449EA88D8D3C63D044D759D715322FD07A6F365FB10F18C1F0F126C6B4675","100","15","one TCP client and one sequential IMAP session per sample","0","PASS","45FA907CE0D3797C1E13EBB2F03F076A25656CCE27E801C18F745ACD3944FBBD","5136EEC556F9790732AE759EF52F77FE6172329EA55787A80300C4A824107E46","1","845","True","False","3922.523",,"True","1000","True","True","1000","True"
"512e2cc0-5ebd-4d17-b7cf-a18a28bccdb4","MANIFEST_BOUND","hmail-perf-pair-service-20260901","06EFCBA9520D478A6DAC7ABB7F09F3B63D015A0CD5ECA1EB4D0FD2CC8C38F9FD","net10","hmail_perf_pair_net10_20260831_head3","C:\hmail-perf-pair-service-20260901\net10\Data","393449EA88D8D3C63D044D759D715322FD07A6F365FB10F18C1F0F126C6B4675","100","15","one TCP client and one sequential IMAP session per sample","0","PASS","45FA907CE0D3797C1E13EBB2F03F076A25656CCE27E801C18F745ACD3944FBBD","5136EEC556F9790732AE759EF52F77FE6172329EA55787A80300C4A824107E46","1","846","True","False","3931.548",,"True","1000","True","True","1000","True"
"512e2cc0-5ebd-4d17-b7cf-a18a28bccdb4","MANIFEST_BOUND","hmail-perf-pair-service-20260901","06EFCBA9520D478A6DAC7ABB7F09F3B63D015A0CD5ECA1EB4D0FD2CC8C38F9FD","net10","hmail_perf_pair_net10_20260831_head3","C:\hmail-perf-pair-service-20260901\net10\Data","393449EA88D8D3C63D044D759D715322FD07A6F365FB10F18C1F0F126C6B4675","100","15","one TCP client and one sequential IMAP session per sample","0","PASS","45FA907CE0D3797C1E13EBB2F03F076A25656CCE27E801C18F745ACD3944FBBD","5136EEC556F9790732AE759EF52F77FE6172329EA55787A80300C4A824107E46","1","847","True","False","3930.921",,"True","1000","True","True","1000","True"
"512e2cc0-5ebd-4d17-b7cf-a18a28bccdb4","MANIFEST_BOUND","hmail-perf-pair-service-20260901","06EFCBA9520D478A6DAC7ABB7F09F3B63D015A0CD5ECA1EB4D0FD2CC8C38F9FD","net10","hmail_perf_pair_net10_20260831_head3","C:\hmail-perf-pair-service-20260901\net10\Data","393449EA88D8D3C63D044D759D715322FD07A6F365FB10F18C1F0F126C6B4675","100","15","one TCP client and one sequential IMAP session per sample","0","PASS","45FA907CE0D3797C1E13EBB2F03F076A25656CCE27E801C18F745ACD3944FBBD","5136EEC556F9790732AE759EF52F77FE6172329EA55787A80300C4A824107E46","1","848","True","False","4054.28",,"True","1000","True","True","1000","True"
"512e2cc0-5ebd-4d17-b7cf-a18a28bccdb4","MANIFEST_BOUND","hmail-perf-pair-service-20260901","06EFCBA9520D478A6DAC7ABB7F09F3B63D015A0CD5ECA1EB4D0FD2CC8C38F9FD","net10","hmail_perf_pair_net10_20260831_head3","C:\hmail-perf-pair-service-20260901\net10\Data","393449EA88D8D3C63D044D759D715322FD07A6F365FB10F18C1F0F126C6B4675","100","15","one TCP client and one sequential IMAP session per sample","0","PASS","45FA907CE0D3797C1E13EBB2F03F076A25656CCE27E801C18F745ACD3944FBBD","5136EEC556F9790732AE759EF52F77FE6172329EA55787A80300C4A824107E46","1","849","True","False","3919.876",,"True","1000","True","True","1000","True"
"512e2cc0-5ebd-4d17-b7cf-a18a28bccdb4","MANIFEST_BOUND","hmail-perf-pair-service-20260901","06EFCBA9520D478A6DAC7ABB7F09F3B63D015A0CD5ECA1EB4D0FD2CC8C38F9FD","net10","hmail_perf_pair_net10_20260831_head3","C:\hmail-perf-pair-service-20260901\net10\Data","393449EA88D8D3C63D044D759D715322FD07A6F365FB10F18C1F0F126C6B4675","100","15","one TCP client and one sequential IMAP session per sample","0","PASS","45FA907CE0D3797C1E13EBB2F03F076A25656CCE27E801C18F745ACD3944FBBD","5136EEC556F9790732AE759EF52F77FE6172329EA55787A80300C4A824107E46","1","850","True","False","3930.406",,"True","1000","True","True","1000","True"
"512e2cc0-5ebd-4d17-b7cf-a18a28bccdb4","MANIFEST_BOUND","hmail-perf-pair-service-20260901","06EFCBA9520D478A6DAC7ABB7F09F3B63D015A0CD5ECA1EB4D0FD2CC8C38F9FD","net10","hmail_perf_pair_net10_20260831_head3","C:\hmail-perf-pair-service-20260901\net10\Data","393449EA88D8D3C63D044D759D715322FD07A6F365FB10F18C1F0F126C6B4675","100","15","one TCP client and one sequential IMAP session per sample","0","PASS","45FA907CE0D3797C1E13EBB2F03F076A25656CCE27E801C18F745ACD3944FBBD","5136EEC556F9790732AE759EF52F77FE6172329EA55787A80300C4A824107E46","1","851","True","False","3930.237",,"True","1000","True","True","1000","True"
"512e2cc0-5ebd-4d17-b7cf-a18a28bccdb4","MANIFEST_BOUND","hmail-perf-pair-service-20260901","06EFCBA9520D478A6DAC7ABB7F09F3B63D015A0CD5ECA1EB4D0FD2CC8C38F9FD","net10","hmail_perf_pair_net10_20260831_head3","C:\hmail-perf-pair-service-20260901\net10\Data","393449EA88D8D3C63D044D759D715322FD07A6F365FB10F18C1F0F126C6B4675","100","15","one TCP client and one sequential IMAP session per sample","0","PASS","45FA907CE0D3797C1E13EBB2F03F076A25656CCE27E801C18F745ACD3944FBBD","5136EEC556F9790732AE759EF52F77FE6172329EA55787A80300C4A824107E46","1","852","True","False","3931.1",,"True","1000","True","True","1000","True"
"512e2cc0-5ebd-4d17-b7cf-a18a28bccdb4","MANIFEST_BOUND","hmail-perf-pair-service-20260901","06EFCBA9520D478A6DAC7ABB7F09F3B63D015A0CD5ECA1EB4D0FD2CC8C38F9FD","net10","hmail_perf_pair_net10_20260831_head3","C:\hmail-perf-pair-service-20260901\net10\Data","393449EA88D8D3C63D044D759D715322FD07A6F365FB10F18C1F0F126C6B4675","100","15","one TCP client and one sequential IMAP session per sample","0","PASS","45FA907CE0D3797C1E13EBB2F03F076A25656CCE27E801C18F745ACD3944FBBD","5136EEC556F9790732AE759EF52F77FE6172329EA55787A80300C4A824107E46","1","853","True","False","3873.573",,"True","1000","True","True","1000","True"
"512e2cc0-5ebd-4d17-b7cf-a18a28bccdb4","MANIFEST_BOUND","hmail-perf-pair-service-20260901","06EFCBA9520D478A6DAC7ABB7F09F3B63D015A0CD5ECA1EB4D0FD2CC8C38F9FD","net10","hmail_perf_pair_net10_20260831_head3","C:\hmail-perf-pair-service-20260901\net10\Data","393449EA88D8D3C63D044D759D715322FD07A6F365FB10F18C1F0F126C6B4675","100","15","one TCP client and one sequential IMAP session per sample","0","PASS","45FA907CE0D3797C1E13EBB2F03F076A25656CCE27E801C18F745ACD3944FBBD","5136EEC556F9790732AE759EF52F77FE6172329EA55787A80300C4A824107E46","1","854","True","False","3918.093",,"True","1000","True","True","1000","True"
"512e2cc0-5ebd-4d17-b7cf-a18a28bccdb4","MANIFEST_BOUND","hmail-perf-pair-service-20260901","06EFCBA9520D478A6DAC7ABB7F09F3B63D015A0CD5ECA1EB4D0FD2CC8C38F9FD","net10","hmail_perf_pair_net10_20260831_head3","C:\hmail-perf-pair-service-20260901\net10\Data","393449EA88D8D3C63D044D759D715322FD07A6F365FB10F18C1F0F126C6B4675","100","15","one TCP client and one sequential IMAP session per sample","0","PASS","45FA907CE0D3797C1E13EBB2F03F076A25656CCE27E801C18F745ACD3944FBBD","5136EEC556F9790732AE759EF52F77FE6172329EA55787A80300C4A824107E46","1","855","True","False","3929.644",,"True","1000","True","True","1000","True"
"512e2cc0-5ebd-4d17-b7cf-a18a28bccdb4","MANIFEST_BOUND","hmail-perf-pair-service-20260901","06EFCBA9520D478A6DAC7ABB7F09F3B63D015A0CD5ECA1EB4D0FD2CC8C38F9FD","net10","hmail_perf_pair_net10_20260831_head3","C:\hmail-perf-pair-service-20260901\net10\Data","393449EA88D8D3C63D044D759D715322FD07A6F365FB10F18C1F0F126C6B4675","100","15","one TCP client and one sequential IMAP session per sample","0","PASS","45FA907CE0D3797C1E13EBB2F03F076A25656CCE27E801C18F745ACD3944FBBD","5136EEC556F9790732AE759EF52F77FE6172329EA55787A80300C4A824107E46","1","856","True","False","3931.777",,"True","1000","True","True","1000","True"
"512e2cc0-5ebd-4d17-b7cf-a18a28bccdb4","MANIFEST_BOUND","hmail-perf-pair-service-20260901","06EFCBA9520D478A6DAC7ABB7F09F3B63D015A0CD5ECA1EB4D0FD2CC8C38F9FD","net10","hmail_perf_pair_net10_20260831_head3","C:\hmail-perf-pair-service-20260901\net10\Data","393449EA88D8D3C63D044D759D715322FD07A6F365FB10F18C1F0F126C6B4675","100","15","one TCP client and one sequential IMAP session per sample","0","PASS","45FA907CE0D3797C1E13EBB2F03F076A25656CCE27E801C18F745ACD3944FBBD","5136EEC556F9790732AE759EF52F77FE6172329EA55787A80300C4A824107E46","1","857","True","False","3920.044",,"True","1000","True","True","1000","True"
"512e2cc0-5ebd-4d17-b7cf-a18a28bccdb4","MANIFEST_BOUND","hmail-perf-pair-service-20260901","06EFCBA9520D478A6DAC7ABB7F09F3B63D015A0CD5ECA1EB4D0FD2CC8C38F9FD","net10","hmail_perf_pair_net10_20260831_head3","C:\hmail-perf-pair-service-20260901\net10\Data","393449EA88D8D3C63D044D759D715322FD07A6F365FB10F18C1F0F126C6B4675","100","15","one TCP client and one sequential IMAP session per sample","0","PASS","45FA907CE0D3797C1E13EBB2F03F076A25656CCE27E801C18F745ACD3944FBBD","5136EEC556F9790732AE759EF52F77FE6172329EA55787A80300C4A824107E46","1","858","True","False","3750.268",,"True","1000","True","True","1000","True"
"512e2cc0-5ebd-4d17-b7cf-a18a28bccdb4","MANIFEST_BOUND","hmail-perf-pair-service-20260901","06EFCBA9520D478A6DAC7ABB7F09F3B63D015A0CD5ECA1EB4D0FD2CC8C38F9FD","net10","hmail_perf_pair_net10_20260831_head3","C:\hmail-perf-pair-service-20260901\net10\Data","393449EA88D8D3C63D044D759D715322FD07A6F365FB10F18C1F0F126C6B4675","100","15","one TCP client and one sequential IMAP session per sample","0","PASS","45FA907CE0D3797C1E13EBB2F03F076A25656CCE27E801C18F745ACD3944FBBD","5136EEC556F9790732AE759EF52F77FE6172329EA55787A80300C4A824107E46","1","859","True","False","3918.814",,"True","1000","True","True","1000","True"
"512e2cc0-5ebd-4d17-b7cf-a18a28bccdb4","MANIFEST_BOUND","hmail-perf-pair-service-20260901","06EFCBA9520D478A6DAC7ABB7F09F3B63D015A0CD5ECA1EB4D0FD2CC8C38F9FD","net10","hmail_perf_pair_net10_20260831_head3","C:\hmail-perf-pair-service-20260901\net10\Data","393449EA88D8D3C63D044D759D715322FD07A6F365FB10F18C1F0F126C6B4675","100","15","one TCP client and one sequential IMAP session per sample","0","PASS","45FA907CE0D3797C1E13EBB2F03F076A25656CCE27E801C18F745ACD3944FBBD","5136EEC556F9790732AE759EF52F77FE6172329EA55787A80300C4A824107E46","1","860","True","False","3930.728",,"True","1000","True","True","1000","True"
"512e2cc0-5ebd-4d17-b7cf-a18a28bccdb4","MANIFEST_BOUND","hmail-perf-pair-service-20260901","06EFCBA9520D478A6DAC7ABB7F09F3B63D015A0CD5ECA1EB4D0FD2CC8C38F9FD","net10","hmail_perf_pair_net10_20260831_head3","C:\hmail-perf-pair-service-20260901\net10\Data","393449EA88D8D3C63D044D759D715322FD07A6F365FB10F18C1F0F126C6B4675","100","15","one TCP client and one sequential IMAP session per sample","0","PASS","45FA907CE0D3797C1E13EBB2F03F076A25656CCE27E801C18F745ACD3944FBBD","5136EEC556F9790732AE759EF52F77FE6172329EA55787A80300C4A824107E46","1","861","True","False","3930.83",,"True","1000","True","True","1000","True"
"512e2cc0-5ebd-4d17-b7cf-a18a28bccdb4","MANIFEST_BOUND","hmail-perf-pair-service-20260901","06EFCBA9520D478A6DAC7ABB7F09F3B63D015A0CD5ECA1EB4D0FD2CC8C38F9FD","net10","hmail_perf_pair_net10_20260831_head3","C:\hmail-perf-pair-service-20260901\net10\Data","393449EA88D8D3C63D044D759D715322FD07A6F365FB10F18C1F0F126C6B4675","100","15","one TCP client and one sequential IMAP session per sample","0","PASS","45FA907CE0D3797C1E13EBB2F03F076A25656CCE27E801C18F745ACD3944FBBD","5136EEC556F9790732AE759EF52F77FE6172329EA55787A80300C4A824107E46","1","862","True","False","3889.408",,"True","1000","True","True","1000","True"
"512e2cc0-5ebd-4d17-b7cf-a18a28bccdb4","MANIFEST_BOUND","hmail-perf-pair-service-20260901","06EFCBA9520D478A6DAC7ABB7F09F3B63D015A0CD5ECA1EB4D0FD2CC8C38F9FD","net10","hmail_perf_pair_net10_20260831_head3","C:\hmail-perf-pair-service-20260901\net10\Data","393449EA88D8D3C63D044D759D715322FD07A6F365FB10F18C1F0F126C6B4675","100","15","one TCP client and one sequential IMAP session per sample","0","PASS","45FA907CE0D3797C1E13EBB2F03F076A25656CCE27E801C18F745ACD3944FBBD","5136EEC556F9790732AE759EF52F77FE6172329EA55787A80300C4A824107E46","1","863","True","False","3918.228",,"True","1000","True","True","1000","True"
"512e2cc0-5ebd-4d17-b7cf-a18a28bccdb4","MANIFEST_BOUND","hmail-perf-pair-service-20260901","06EFCBA9520D478A6DAC7ABB7F09F3B63D015A0CD5ECA1EB4D0FD2CC8C38F9FD","net10","hmail_perf_pair_net10_20260831_head3","C:\hmail-perf-pair-service-20260901\net10\Data","393449EA88D8D3C63D044D759D715322FD07A6F365FB10F18C1F0F126C6B4675","100","15","one TCP client and one sequential IMAP session per sample","0","PASS","45FA907CE0D3797C1E13EBB2F03F076A25656CCE27E801C18F745ACD3944FBBD","5136EEC556F9790732AE759EF52F77FE6172329EA55787A80300C4A824107E46","1","864","True","False","3931.246",,"True","1000","True","True","1000","True"
"512e2cc0-5ebd-4d17-b7cf-a18a28bccdb4","MANIFEST_BOUND","hmail-perf-pair-service-20260901","06EFCBA9520D478A6DAC7ABB7F09F3B63D015A0CD5ECA1EB4D0FD2CC8C38F9FD","net10","hmail_perf_pair_net10_20260831_head3","C:\hmail-perf-pair-service-20260901\net10\Data","393449EA88D8D3C63D044D759D715322FD07A6F365FB10F18C1F0F126C6B4675","100","15","one TCP client and one sequential IMAP session per sample","0","PASS","45FA907CE0D3797C1E13EBB2F03F076A25656CCE27E801C18F745ACD3944FBBD","5136EEC556F9790732AE759EF52F77FE6172329EA55787A80300C4A824107E46","1","865","True","False","3918.269",,"True","1000","True","True","1000","True"
"512e2cc0-5ebd-4d17-b7cf-a18a28bccdb4","MANIFEST_BOUND","hmail-perf-pair-service-20260901","06EFCBA9520D478A6DAC7ABB7F09F3B63D015A0CD5ECA1EB4D0FD2CC8C38F9FD","net10","hmail_perf_pair_net10_20260831_head3","C:\hmail-perf-pair-service-20260901\net10\Data","393449EA88D8D3C63D044D759D715322FD07A6F365FB10F18C1F0F126C6B4675","100","15","one TCP client and one sequential IMAP session per sample","0","PASS","45FA907CE0D3797C1E13EBB2F03F076A25656CCE27E801C18F745ACD3944FBBD","5136EEC556F9790732AE759EF52F77FE6172329EA55787A80300C4A824107E46","1","866","True","False","3929.88",,"True","1000","True","True","1000","True"
"512e2cc0-5ebd-4d17-b7cf-a18a28bccdb4","MANIFEST_BOUND","hmail-perf-pair-service-20260901","06EFCBA9520D478A6DAC7ABB7F09F3B63D015A0CD5ECA1EB4D0FD2CC8C38F9FD","net10","hmail_perf_pair_net10_20260831_head3","C:\hmail-perf-pair-service-20260901\net10\Data","393449EA88D8D3C63D044D759D715322FD07A6F365FB10F18C1F0F126C6B4675","100","15","one TCP client and one sequential IMAP session per sample","0","PASS","45FA907CE0D3797C1E13EBB2F03F076A25656CCE27E801C18F745ACD3944FBBD","5136EEC556F9790732AE759EF52F77FE6172329EA55787A80300C4A824107E46","1","867","True","False","3871.599",,"True","1000","True","True","1000","True"
"512e2cc0-5ebd-4d17-b7cf-a18a28bccdb4","MANIFEST_BOUND","hmail-perf-pair-service-20260901","06EFCBA9520D478A6DAC7ABB7F09F3B63D015A0CD5ECA1EB4D0FD2CC8C38F9FD","net10","hmail_perf_pair_net10_20260831_head3","C:\hmail-perf-pair-service-20260901\net10\Data","393449EA88D8D3C63D044D759D715322FD07A6F365FB10F18C1F0F126C6B4675","100","15","one TCP client and one sequential IMAP session per sample","0","PASS","45FA907CE0D3797C1E13EBB2F03F076A25656CCE27E801C18F745ACD3944FBBD","5136EEC556F9790732AE759EF52F77FE6172329EA55787A80300C4A824107E46","1","868","True","False","3909.899",,"True","1000","True","True","1000","True"
"512e2cc0-5ebd-4d17-b7cf-a18a28bccdb4","MANIFEST_BOUND","hmail-perf-pair-service-20260901","06EFCBA9520D478A6DAC7ABB7F09F3B63D015A0CD5ECA1EB4D0FD2CC8C38F9FD","net10","hmail_perf_pair_net10_20260831_head3","C:\hmail-perf-pair-service-20260901\net10\Data","393449EA88D8D3C63D044D759D715322FD07A6F365FB10F18C1F0F126C6B4675","100","15","one TCP client and one sequential IMAP session per sample","0","PASS","45FA907CE0D3797C1E13EBB2F03F076A25656CCE27E801C18F745ACD3944FBBD","5136EEC556F9790732AE759EF52F77FE6172329EA55787A80300C4A824107E46","1","869","True","False","3913.905",,"True","1000","True","True","1000","True"
"512e2cc0-5ebd-4d17-b7cf-a18a28bccdb4","MANIFEST_BOUND","hmail-perf-pair-service-20260901","06EFCBA9520D478A6DAC7ABB7F09F3B63D015A0CD5ECA1EB4D0FD2CC8C38F9FD","net10","hmail_perf_pair_net10_20260831_head3","C:\hmail-perf-pair-service-20260901\net10\Data","393449EA88D8D3C63D044D759D715322FD07A6F365FB10F18C1F0F126C6B4675","100","15","one TCP client and one sequential IMAP session per sample","0","PASS","45FA907CE0D3797C1E13EBB2F03F076A25656CCE27E801C18F745ACD3944FBBD","5136EEC556F9790732AE759EF52F77FE6172329EA55787A80300C4A824107E46","1","870","True","False","3876.887",,"True","1000","True","True","1000","True"
"512e2cc0-5ebd-4d17-b7cf-a18a28bccdb4","MANIFEST_BOUND","hmail-perf-pair-service-20260901","06EFCBA9520D478A6DAC7ABB7F09F3B63D015A0CD5ECA1EB4D0FD2CC8C38F9FD","net10","hmail_perf_pair_net10_20260831_head3","C:\hmail-perf-pair-service-20260901\net10\Data","393449EA88D8D3C63D044D759D715322FD07A6F365FB10F18C1F0F126C6B4675","100","15","one TCP client and one sequential IMAP session per sample","0","PASS","45FA907CE0D3797C1E13EBB2F03F076A25656CCE27E801C18F745ACD3944FBBD","5136EEC556F9790732AE759EF52F77FE6172329EA55787A80300C4A824107E46","1","871","True","False","3931.928",,"True","1000","True","True","1000","True"
"512e2cc0-5ebd-4d17-b7cf-a18a28bccdb4","MANIFEST_BOUND","hmail-perf-pair-service-20260901","06EFCBA9520D478A6DAC7ABB7F09F3B63D015A0CD5ECA1EB4D0FD2CC8C38F9FD","net10","hmail_perf_pair_net10_20260831_head3","C:\hmail-perf-pair-service-20260901\net10\Data","393449EA88D8D3C63D044D759D715322FD07A6F365FB10F18C1F0F126C6B4675","100","15","one TCP client and one sequential IMAP session per sample","0","PASS","45FA907CE0D3797C1E13EBB2F03F076A25656CCE27E801C18F745ACD3944FBBD","5136EEC556F9790732AE759EF52F77FE6172329EA55787A80300C4A824107E46","1","872","True","False","3919.01",,"True","1000","True","True","1000","True"
"512e2cc0-5ebd-4d17-b7cf-a18a28bccdb4","MANIFEST_BOUND","hmail-perf-pair-service-20260901","06EFCBA9520D478A6DAC7ABB7F09F3B63D015A0CD5ECA1EB4D0FD2CC8C38F9FD","net10","hmail_perf_pair_net10_20260831_head3","C:\hmail-perf-pair-service-20260901\net10\Data","393449EA88D8D3C63D044D759D715322FD07A6F365FB10F18C1F0F126C6B4675","100","15","one TCP client and one sequential IMAP session per sample","0","PASS","45FA907CE0D3797C1E13EBB2F03F076A25656CCE27E801C18F745ACD3944FBBD","5136EEC556F9790732AE759EF52F77FE6172329EA55787A80300C4A824107E46","1","873","True","False","3891.137",,"True","1000","True","True","1000","True"
"512e2cc0-5ebd-4d17-b7cf-a18a28bccdb4","MANIFEST_BOUND","hmail-perf-pair-service-20260901","06EFCBA9520D478A6DAC7ABB7F09F3B63D015A0CD5ECA1EB4D0FD2CC8C38F9FD","net10","hmail_perf_pair_net10_20260831_head3","C:\hmail-perf-pair-service-20260901\net10\Data","393449EA88D8D3C63D044D759D715322FD07A6F365FB10F18C1F0F126C6B4675","100","15","one TCP client and one sequential IMAP session per sample","0","PASS","45FA907CE0D3797C1E13EBB2F03F076A25656CCE27E801C18F745ACD3944FBBD","5136EEC556F9790732AE759EF52F77FE6172329EA55787A80300C4A824107E46","1","874","True","False","3929.641",,"True","1000","True","True","1000","True"
"512e2cc0-5ebd-4d17-b7cf-a18a28bccdb4","MANIFEST_BOUND","hmail-perf-pair-service-20260901","06EFCBA9520D478A6DAC7ABB7F09F3B63D015A0CD5ECA1EB4D0FD2CC8C38F9FD","net10","hmail_perf_pair_net10_20260831_head3","C:\hmail-perf-pair-service-20260901\net10\Data","393449EA88D8D3C63D044D759D715322FD07A6F365FB10F18C1F0F126C6B4675","100","15","one TCP client and one sequential IMAP session per sample","0","PASS","45FA907CE0D3797C1E13EBB2F03F076A25656CCE27E801C18F745ACD3944FBBD","5136EEC556F9790732AE759EF52F77FE6172329EA55787A80300C4A824107E46","1","875","True","False","4007.365",,"True","1000","True","True","1000","True"
"512e2cc0-5ebd-4d17-b7cf-a18a28bccdb4","MANIFEST_BOUND","hmail-perf-pair-service-20260901","06EFCBA9520D478A6DAC7ABB7F09F3B63D015A0CD5ECA1EB4D0FD2CC8C38F9FD","net10","hmail_perf_pair_net10_20260831_head3","C:\hmail-perf-pair-service-20260901\net10\Data","393449EA88D8D3C63D044D759D715322FD07A6F365FB10F18C1F0F126C6B4675","100","15","one TCP client and one sequential IMAP session per sample","0","PASS","45FA907CE0D3797C1E13EBB2F03F076A25656CCE27E801C18F745ACD3944FBBD","5136EEC556F9790732AE759EF52F77FE6172329EA55787A80300C4A824107E46","1","876","True","False","3871.451",,"True","1000","True","True","1000","True"
"512e2cc0-5ebd-4d17-b7cf-a18a28bccdb4","MANIFEST_BOUND","hmail-perf-pair-service-20260901","06EFCBA9520D478A6DAC7ABB7F09F3B63D015A0CD5ECA1EB4D0FD2CC8C38F9FD","net10","hmail_perf_pair_net10_20260831_head3","C:\hmail-perf-pair-service-20260901\net10\Data","393449EA88D8D3C63D044D759D715322FD07A6F365FB10F18C1F0F126C6B4675","100","15","one TCP client and one sequential IMAP session per sample","0","PASS","45FA907CE0D3797C1E13EBB2F03F076A25656CCE27E801C18F745ACD3944FBBD","5136EEC556F9790732AE759EF52F77FE6172329EA55787A80300C4A824107E46","1","877","True","False","3874.849",,"True","1000","True","True","1000","True"
"512e2cc0-5ebd-4d17-b7cf-a18a28bccdb4","MANIFEST_BOUND","hmail-perf-pair-service-20260901","06EFCBA9520D478A6DAC7ABB7F09F3B63D015A0CD5ECA1EB4D0FD2CC8C38F9FD","net10","hmail_perf_pair_net10_20260831_head3","C:\hmail-perf-pair-service-20260901\net10\Data","393449EA88D8D3C63D044D759D715322FD07A6F365FB10F18C1F0F126C6B4675","100","15","one TCP client and one sequential IMAP session per sample","0","PASS","45FA907CE0D3797C1E13EBB2F03F076A25656CCE27E801C18F745ACD3944FBBD","5136EEC556F9790732AE759EF52F77FE6172329EA55787A80300C4A824107E46","1","878","True","False","3929.091",,"True","1000","True","True","1000","True"
"512e2cc0-5ebd-4d17-b7cf-a18a28bccdb4","MANIFEST_BOUND","hmail-perf-pair-service-20260901","06EFCBA9520D478A6DAC7ABB7F09F3B63D015A0CD5ECA1EB4D0FD2CC8C38F9FD","net10","hmail_perf_pair_net10_20260831_head3","C:\hmail-perf-pair-service-20260901\net10\Data","393449EA88D8D3C63D044D759D715322FD07A6F365FB10F18C1F0F126C6B4675","100","15","one TCP client and one sequential IMAP session per sample","0","PASS","45FA907CE0D3797C1E13EBB2F03F076A25656CCE27E801C18F745ACD3944FBBD","5136EEC556F9790732AE759EF52F77FE6172329EA55787A80300C4A824107E46","1","879","True","False","3928.428",,"True","1000","True","True","1000","True"
"512e2cc0-5ebd-4d17-b7cf-a18a28bccdb4","MANIFEST_BOUND","hmail-perf-pair-service-20260901","06EFCBA9520D478A6DAC7ABB7F09F3B63D015A0CD5ECA1EB4D0FD2CC8C38F9FD","net10","hmail_perf_pair_net10_20260831_head3","C:\hmail-perf-pair-service-20260901\net10\Data","393449EA88D8D3C63D044D759D715322FD07A6F365FB10F18C1F0F126C6B4675","100","15","one TCP client and one sequential IMAP session per sample","0","PASS","45FA907CE0D3797C1E13EBB2F03F076A25656CCE27E801C18F745ACD3944FBBD","5136EEC556F9790732AE759EF52F77FE6172329EA55787A80300C4A824107E46","1","880","True","False","3928.981",,"True","1000","True","True","1000","True"
"512e2cc0-5ebd-4d17-b7cf-a18a28bccdb4","MANIFEST_BOUND","hmail-perf-pair-service-20260901","06EFCBA9520D478A6DAC7ABB7F09F3B63D015A0CD5ECA1EB4D0FD2CC8C38F9FD","net10","hmail_perf_pair_net10_20260831_head3","C:\hmail-perf-pair-service-20260901\net10\Data","393449EA88D8D3C63D044D759D715322FD07A6F365FB10F18C1F0F126C6B4675","100","15","one TCP client and one sequential IMAP session per sample","0","PASS","45FA907CE0D3797C1E13EBB2F03F076A25656CCE27E801C18F745ACD3944FBBD","5136EEC556F9790732AE759EF52F77FE6172329EA55787A80300C4A824107E46","1","881","True","False","3921.58",,"True","1000","True","True","1000","True"
"512e2cc0-5ebd-4d17-b7cf-a18a28bccdb4","MANIFEST_BOUND","hmail-perf-pair-service-20260901","06EFCBA9520D478A6DAC7ABB7F09F3B63D015A0CD5ECA1EB4D0FD2CC8C38F9FD","net10","hmail_perf_pair_net10_20260831_head3","C:\hmail-perf-pair-service-20260901\net10\Data","393449EA88D8D3C63D044D759D715322FD07A6F365FB10F18C1F0F126C6B4675","100","15","one TCP client and one sequential IMAP session per sample","0","PASS","45FA907CE0D3797C1E13EBB2F03F076A25656CCE27E801C18F745ACD3944FBBD","5136EEC556F9790732AE759EF52F77FE6172329EA55787A80300C4A824107E46","1","882","True","False","3882.146",,"True","1000","True","True","1000","True"
"512e2cc0-5ebd-4d17-b7cf-a18a28bccdb4","MANIFEST_BOUND","hmail-perf-pair-service-20260901","06EFCBA9520D478A6DAC7ABB7F09F3B63D015A0CD5ECA1EB4D0FD2CC8C38F9FD","net10","hmail_perf_pair_net10_20260831_head3","C:\hmail-perf-pair-service-20260901\net10\Data","393449EA88D8D3C63D044D759D715322FD07A6F365FB10F18C1F0F126C6B4675","100","15","one TCP client and one sequential IMAP session per sample","0","PASS","45FA907CE0D3797C1E13EBB2F03F076A25656CCE27E801C18F745ACD3944FBBD","5136EEC556F9790732AE759EF52F77FE6172329EA55787A80300C4A824107E46","1","883","True","False","3889.009",,"True","1000","True","True","1000","True"
"512e2cc0-5ebd-4d17-b7cf-a18a28bccdb4","MANIFEST_BOUND","hmail-perf-pair-service-20260901","06EFCBA9520D478A6DAC7ABB7F09F3B63D015A0CD5ECA1EB4D0FD2CC8C38F9FD","net10","hmail_perf_pair_net10_20260831_head3","C:\hmail-perf-pair-service-20260901\net10\Data","393449EA88D8D3C63D044D759D715322FD07A6F365FB10F18C1F0F126C6B4675","100","15","one TCP client and one sequential IMAP session per sample","0","PASS","45FA907CE0D3797C1E13EBB2F03F076A25656CCE27E801C18F745ACD3944FBBD","5136EEC556F9790732AE759EF52F77FE6172329EA55787A80300C4A824107E46","1","884","True","False","3888.545",,"True","1000","True","True","1000","True"
"512e2cc0-5ebd-4d17-b7cf-a18a28bccdb4","MANIFEST_BOUND","hmail-perf-pair-service-20260901","06EFCBA9520D478A6DAC7ABB7F09F3B63D015A0CD5ECA1EB4D0FD2CC8C38F9FD","net10","hmail_perf_pair_net10_20260831_head3","C:\hmail-perf-pair-service-20260901\net10\Data","393449EA88D8D3C63D044D759D715322FD07A6F365FB10F18C1F0F126C6B4675","100","15","one TCP client and one sequential IMAP session per sample","0","PASS","45FA907CE0D3797C1E13EBB2F03F076A25656CCE27E801C18F745ACD3944FBBD","5136EEC556F9790732AE759EF52F77FE6172329EA55787A80300C4A824107E46","1","885","True","False","3930.87",,"True","1000","True","True","1000","True"
"512e2cc0-5ebd-4d17-b7cf-a18a28bccdb4","MANIFEST_BOUND","hmail-perf-pair-service-20260901","06EFCBA9520D478A6DAC7ABB7F09F3B63D015A0CD5ECA1EB4D0FD2CC8C38F9FD","net10","hmail_perf_pair_net10_20260831_head3","C:\hmail-perf-pair-service-20260901\net10\Data","393449EA88D8D3C63D044D759D715322FD07A6F365FB10F18C1F0F126C6B4675","100","15","one TCP client and one sequential IMAP session per sample","0","PASS","45FA907CE0D3797C1E13EBB2F03F076A25656CCE27E801C18F745ACD3944FBBD","5136EEC556F9790732AE759EF52F77FE6172329EA55787A80300C4A824107E46","1","886","True","False","3918.212",,"True","1000","True","True","1000","True"
"512e2cc0-5ebd-4d17-b7cf-a18a28bccdb4","MANIFEST_BOUND","hmail-perf-pair-service-20260901","06EFCBA9520D478A6DAC7ABB7F09F3B63D015A0CD5ECA1EB4D0FD2CC8C38F9FD","net10","hmail_perf_pair_net10_20260831_head3","C:\hmail-perf-pair-service-20260901\net10\Data","393449EA88D8D3C63D044D759D715322FD07A6F365FB10F18C1F0F126C6B4675","100","15","one TCP client and one sequential IMAP session per sample","0","PASS","45FA907CE0D3797C1E13EBB2F03F076A25656CCE27E801C18F745ACD3944FBBD","5136EEC556F9790732AE759EF52F77FE6172329EA55787A80300C4A824107E46","1","887","True","False","3921.728",,"True","1000","True","True","1000","True"
"512e2cc0-5ebd-4d17-b7cf-a18a28bccdb4","MANIFEST_BOUND","hmail-perf-pair-service-20260901","06EFCBA9520D478A6DAC7ABB7F09F3B63D015A0CD5ECA1EB4D0FD2CC8C38F9FD","net10","hmail_perf_pair_net10_20260831_head3","C:\hmail-perf-pair-service-20260901\net10\Data","393449EA88D8D3C63D044D759D715322FD07A6F365FB10F18C1F0F126C6B4675","100","15","one TCP client and one sequential IMAP session per sample","0","PASS","45FA907CE0D3797C1E13EBB2F03F076A25656CCE27E801C18F745ACD3944FBBD","5136EEC556F9790732AE759EF52F77FE6172329EA55787A80300C4A824107E46","1","888","True","False","3914.252",,"True","1000","True","True","1000","True"
"512e2cc0-5ebd-4d17-b7cf-a18a28bccdb4","MANIFEST_BOUND","hmail-perf-pair-service-20260901","06EFCBA9520D478A6DAC7ABB7F09F3B63D015A0CD5ECA1EB4D0FD2CC8C38F9FD","net10","hmail_perf_pair_net10_20260831_head3","C:\hmail-perf-pair-service-20260901\net10\Data","393449EA88D8D3C63D044D759D715322FD07A6F365FB10F18C1F0F126C6B4675","100","15","one TCP client and one sequential IMAP session per sample","0","PASS","45FA907CE0D3797C1E13EBB2F03F076A25656CCE27E801C18F745ACD3944FBBD","5136EEC556F9790732AE759EF52F77FE6172329EA55787A80300C4A824107E46","1","889","True","False","3944.162",,"True","1000","True","True","1000","True"
"512e2cc0-5ebd-4d17-b7cf-a18a28bccdb4","MANIFEST_BOUND","hmail-perf-pair-service-20260901","06EFCBA9520D478A6DAC7ABB7F09F3B63D015A0CD5ECA1EB4D0FD2CC8C38F9FD","net10","hmail_perf_pair_net10_20260831_head3","C:\hmail-perf-pair-service-20260901\net10\Data","393449EA88D8D3C63D044D759D715322FD07A6F365FB10F18C1F0F126C6B4675","100","15","one TCP client and one sequential IMAP session per sample","0","PASS","45FA907CE0D3797C1E13EBB2F03F076A25656CCE27E801C18F745ACD3944FBBD","5136EEC556F9790732AE759EF52F77FE6172329EA55787A80300C4A824107E46","1","890","True","False","3928.865",,"True","1000","True","True","1000","True"
"512e2cc0-5ebd-4d17-b7cf-a18a28bccdb4","MANIFEST_BOUND","hmail-perf-pair-service-20260901","06EFCBA9520D478A6DAC7ABB7F09F3B63D015A0CD5ECA1EB4D0FD2CC8C38F9FD","net10","hmail_perf_pair_net10_20260831_head3","C:\hmail-perf-pair-service-20260901\net10\Data","393449EA88D8D3C63D044D759D715322FD07A6F365FB10F18C1F0F126C6B4675","100","15","one TCP client and one sequential IMAP session per sample","0","PASS","45FA907CE0D3797C1E13EBB2F03F076A25656CCE27E801C18F745ACD3944FBBD","5136EEC556F9790732AE759EF52F77FE6172329EA55787A80300C4A824107E46","1","891","True","False","3929.225",,"True","1000","True","True","1000","True"
"512e2cc0-5ebd-4d17-b7cf-a18a28bccdb4","MANIFEST_BOUND","hmail-perf-pair-service-20260901","06EFCBA9520D478A6DAC7ABB7F09F3B63D015A0CD5ECA1EB4D0FD2CC8C38F9FD","net10","hmail_perf_pair_net10_20260831_head3","C:\hmail-perf-pair-service-20260901\net10\Data","393449EA88D8D3C63D044D759D715322FD07A6F365FB10F18C1F0F126C6B4675","100","15","one TCP client and one sequential IMAP session per sample","0","PASS","45FA907CE0D3797C1E13EBB2F03F076A25656CCE27E801C18F745ACD3944FBBD","5136EEC556F9790732AE759EF52F77FE6172329EA55787A80300C4A824107E46","1","892","True","False","3939.826",,"True","1000","True","True","1000","True"
"512e2cc0-5ebd-4d17-b7cf-a18a28bccdb4","MANIFEST_BOUND","hmail-perf-pair-service-20260901","06EFCBA9520D478A6DAC7ABB7F09F3B63D015A0CD5ECA1EB4D0FD2CC8C38F9FD","net10","hmail_perf_pair_net10_20260831_head3","C:\hmail-perf-pair-service-20260901\net10\Data","393449EA88D8D3C63D044D759D715322FD07A6F365FB10F18C1F0F126C6B4675","100","15","one TCP client and one sequential IMAP session per sample","0","PASS","45FA907CE0D3797C1E13EBB2F03F076A25656CCE27E801C18F745ACD3944FBBD","5136EEC556F9790732AE759EF52F77FE6172329EA55787A80300C4A824107E46","1","893","True","False","3930.15",,"True","1000","True","True","1000","True"
"512e2cc0-5ebd-4d17-b7cf-a18a28bccdb4","MANIFEST_BOUND","hmail-perf-pair-service-20260901","06EFCBA9520D478A6DAC7ABB7F09F3B63D015A0CD5ECA1EB4D0FD2CC8C38F9FD","net10","hmail_perf_pair_net10_20260831_head3","C:\hmail-perf-pair-service-20260901\net10\Data","393449EA88D8D3C63D044D759D715322FD07A6F365FB10F18C1F0F126C6B4675","100","15","one TCP client and one sequential IMAP session per sample","0","PASS","45FA907CE0D3797C1E13EBB2F03F076A25656CCE27E801C18F745ACD3944FBBD","5136EEC556F9790732AE759EF52F77FE6172329EA55787A80300C4A824107E46","1","894","True","False","3824.703",,"True","1000","True","True","1000","True"
"512e2cc0-5ebd-4d17-b7cf-a18a28bccdb4","MANIFEST_BOUND","hmail-perf-pair-service-20260901","06EFCBA9520D478A6DAC7ABB7F09F3B63D015A0CD5ECA1EB4D0FD2CC8C38F9FD","net10","hmail_perf_pair_net10_20260831_head3","C:\hmail-perf-pair-service-20260901\net10\Data","393449EA88D8D3C63D044D759D715322FD07A6F365FB10F18C1F0F126C6B4675","100","15","one TCP client and one sequential IMAP session per sample","0","PASS","45FA907CE0D3797C1E13EBB2F03F076A25656CCE27E801C18F745ACD3944FBBD","5136EEC556F9790732AE759EF52F77FE6172329EA55787A80300C4A824107E46","1","895","True","False","3909.968",,"True","1000","True","True","1000","True"
"512e2cc0-5ebd-4d17-b7cf-a18a28bccdb4","MANIFEST_BOUND","hmail-perf-pair-service-20260901","06EFCBA9520D478A6DAC7ABB7F09F3B63D015A0CD5ECA1EB4D0FD2CC8C38F9FD","net10","hmail_perf_pair_net10_20260831_head3","C:\hmail-perf-pair-service-20260901\net10\Data","393449EA88D8D3C63D044D759D715322FD07A6F365FB10F18C1F0F126C6B4675","100","15","one TCP client and one sequential IMAP session per sample","0","PASS","45FA907CE0D3797C1E13EBB2F03F076A25656CCE27E801C18F745ACD3944FBBD","5136EEC556F9790732AE759EF52F77FE6172329EA55787A80300C4A824107E46","1","896","True","False","3914.077",,"True","1000","True","True","1000","True"
"512e2cc0-5ebd-4d17-b7cf-a18a28bccdb4","MANIFEST_BOUND","hmail-perf-pair-service-20260901","06EFCBA9520D478A6DAC7ABB7F09F3B63D015A0CD5ECA1EB4D0FD2CC8C38F9FD","net10","hmail_perf_pair_net10_20260831_head3","C:\hmail-perf-pair-service-20260901\net10\Data","393449EA88D8D3C63D044D759D715322FD07A6F365FB10F18C1F0F126C6B4675","100","15","one TCP client and one sequential IMAP session per sample","0","PASS","45FA907CE0D3797C1E13EBB2F03F076A25656CCE27E801C18F745ACD3944FBBD","5136EEC556F9790732AE759EF52F77FE6172329EA55787A80300C4A824107E46","1","897","True","False","3895.882",,"True","1000","True","True","1000","True"
"512e2cc0-5ebd-4d17-b7cf-a18a28bccdb4","MANIFEST_BOUND","hmail-perf-pair-service-20260901","06EFCBA9520D478A6DAC7ABB7F09F3B63D015A0CD5ECA1EB4D0FD2CC8C38F9FD","net10","hmail_perf_pair_net10_20260831_head3","C:\hmail-perf-pair-service-20260901\net10\Data","393449EA88D8D3C63D044D759D715322FD07A6F365FB10F18C1F0F126C6B4675","100","15","one TCP client and one sequential IMAP session per sample","0","PASS","45FA907CE0D3797C1E13EBB2F03F076A25656CCE27E801C18F745ACD3944FBBD","5136EEC556F9790732AE759EF52F77FE6172329EA55787A80300C4A824107E46","1","898","True","False","3918.716",,"True","1000","True","True","1000","True"
"512e2cc0-5ebd-4d17-b7cf-a18a28bccdb4","MANIFEST_BOUND","hmail-perf-pair-service-20260901","06EFCBA9520D478A6DAC7ABB7F09F3B63D015A0CD5ECA1EB4D0FD2CC8C38F9FD","net10","hmail_perf_pair_net10_20260831_head3","C:\hmail-perf-pair-service-20260901\net10\Data","393449EA88D8D3C63D044D759D715322FD07A6F365FB10F18C1F0F126C6B4675","100","15","one TCP client and one sequential IMAP session per sample","0","PASS","45FA907CE0D3797C1E13EBB2F03F076A25656CCE27E801C18F745ACD3944FBBD","5136EEC556F9790732AE759EF52F77FE6172329EA55787A80300C4A824107E46","1","899","True","False","3879.599",,"True","1000","True","True","1000","True"
"512e2cc0-5ebd-4d17-b7cf-a18a28bccdb4","MANIFEST_BOUND","hmail-perf-pair-service-20260901","06EFCBA9520D478A6DAC7ABB7F09F3B63D015A0CD5ECA1EB4D0FD2CC8C38F9FD","net10","hmail_perf_pair_net10_20260831_head3","C:\hmail-perf-pair-service-20260901\net10\Data","393449EA88D8D3C63D044D759D715322FD07A6F365FB10F18C1F0F126C6B4675","100","15","one TCP client and one sequential IMAP session per sample","0","PASS","45FA907CE0D3797C1E13EBB2F03F076A25656CCE27E801C18F745ACD3944FBBD","5136EEC556F9790732AE759EF52F77FE6172329EA55787A80300C4A824107E46","1","900","True","False","4039.156",,"True","1000","True","True","1000","True"
"512e2cc0-5ebd-4d17-b7cf-a18a28bccdb4","MANIFEST_BOUND","hmail-perf-pair-service-20260901","06EFCBA9520D478A6DAC7ABB7F09F3B63D015A0CD5ECA1EB4D0FD2CC8C38F9FD","net10","hmail_perf_pair_net10_20260831_head3","C:\hmail-perf-pair-service-20260901\net10\Data","393449EA88D8D3C63D044D759D715322FD07A6F365FB10F18C1F0F126C6B4675","100","15","one TCP client and one sequential IMAP session per sample","0","PASS","45FA907CE0D3797C1E13EBB2F03F076A25656CCE27E801C18F745ACD3944FBBD","5136EEC556F9790732AE759EF52F77FE6172329EA55787A80300C4A824107E46","1","901","True","False","3943.58",,"True","1000","True","True","1000","True"
"512e2cc0-5ebd-4d17-b7cf-a18a28bccdb4","MANIFEST_BOUND","hmail-perf-pair-service-20260901","06EFCBA9520D478A6DAC7ABB7F09F3B63D015A0CD5ECA1EB4D0FD2CC8C38F9FD","net10","hmail_perf_pair_net10_20260831_head3","C:\hmail-perf-pair-service-20260901\net10\Data","393449EA88D8D3C63D044D759D715322FD07A6F365FB10F18C1F0F126C6B4675","100","15","one TCP client and one sequential IMAP session per sample","0","PASS","45FA907CE0D3797C1E13EBB2F03F076A25656CCE27E801C18F745ACD3944FBBD","5136EEC556F9790732AE759EF52F77FE6172329EA55787A80300C4A824107E46","1","902","True","False","3931.162",,"True","1000","True","True","1000","True"
"512e2cc0-5ebd-4d17-b7cf-a18a28bccdb4","MANIFEST_BOUND","hmail-perf-pair-service-20260901","06EFCBA9520D478A6DAC7ABB7F09F3B63D015A0CD5ECA1EB4D0FD2CC8C38F9FD","net10","hmail_perf_pair_net10_20260831_head3","C:\hmail-perf-pair-service-20260901\net10\Data","393449EA88D8D3C63D044D759D715322FD07A6F365FB10F18C1F0F126C6B4675","100","15","one TCP client and one sequential IMAP session per sample","0","PASS","45FA907CE0D3797C1E13EBB2F03F076A25656CCE27E801C18F745ACD3944FBBD","5136EEC556F9790732AE759EF52F77FE6172329EA55787A80300C4A824107E46","1","903","True","False","3929.575",,"True","1000","True","True","1000","True"
"512e2cc0-5ebd-4d17-b7cf-a18a28bccdb4","MANIFEST_BOUND","hmail-perf-pair-service-20260901","06EFCBA9520D478A6DAC7ABB7F09F3B63D015A0CD5ECA1EB4D0FD2CC8C38F9FD","net10","hmail_perf_pair_net10_20260831_head3","C:\hmail-perf-pair-service-20260901\net10\Data","393449EA88D8D3C63D044D759D715322FD07A6F365FB10F18C1F0F126C6B4675","100","15","one TCP client and one sequential IMAP session per sample","0","PASS","45FA907CE0D3797C1E13EBB2F03F076A25656CCE27E801C18F745ACD3944FBBD","5136EEC556F9790732AE759EF52F77FE6172329EA55787A80300C4A824107E46","1","904","True","False","3842.732",,"True","1000","True","True","1000","True"
"512e2cc0-5ebd-4d17-b7cf-a18a28bccdb4","MANIFEST_BOUND","hmail-perf-pair-service-20260901","06EFCBA9520D478A6DAC7ABB7F09F3B63D015A0CD5ECA1EB4D0FD2CC8C38F9FD","net10","hmail_perf_pair_net10_20260831_head3","C:\hmail-perf-pair-service-20260901\net10\Data","393449EA88D8D3C63D044D759D715322FD07A6F365FB10F18C1F0F126C6B4675","100","15","one TCP client and one sequential IMAP session per sample","0","PASS","45FA907CE0D3797C1E13EBB2F03F076A25656CCE27E801C18F745ACD3944FBBD","5136EEC556F9790732AE759EF52F77FE6172329EA55787A80300C4A824107E46","1","905","True","False","3929.934",,"True","1000","True","True","1000","True"
"512e2cc0-5ebd-4d17-b7cf-a18a28bccdb4","MANIFEST_BOUND","hmail-perf-pair-service-20260901","06EFCBA9520D478A6DAC7ABB7F09F3B63D015A0CD5ECA1EB4D0FD2CC8C38F9FD","net10","hmail_perf_pair_net10_20260831_head3","C:\hmail-perf-pair-service-20260901\net10\Data","393449EA88D8D3C63D044D759D715322FD07A6F365FB10F18C1F0F126C6B4675","100","15","one TCP client and one sequential IMAP session per sample","0","PASS","45FA907CE0D3797C1E13EBB2F03F076A25656CCE27E801C18F745ACD3944FBBD","5136EEC556F9790732AE759EF52F77FE6172329EA55787A80300C4A824107E46","1","906","True","False","3913.507",,"True","1000","True","True","1000","True"
"512e2cc0-5ebd-4d17-b7cf-a18a28bccdb4","MANIFEST_BOUND","hmail-perf-pair-service-20260901","06EFCBA9520D478A6DAC7ABB7F09F3B63D015A0CD5ECA1EB4D0FD2CC8C38F9FD","net10","hmail_perf_pair_net10_20260831_head3","C:\hmail-perf-pair-service-20260901\net10\Data","393449EA88D8D3C63D044D759D715322FD07A6F365FB10F18C1F0F126C6B4675","100","15","one TCP client and one sequential IMAP session per sample","0","PASS","45FA907CE0D3797C1E13EBB2F03F076A25656CCE27E801C18F745ACD3944FBBD","5136EEC556F9790732AE759EF52F77FE6172329EA55787A80300C4A824107E46","1","907","True","False","3944.066",,"True","1000","True","True","1000","True"
"512e2cc0-5ebd-4d17-b7cf-a18a28bccdb4","MANIFEST_BOUND","hmail-perf-pair-service-20260901","06EFCBA9520D478A6DAC7ABB7F09F3B63D015A0CD5ECA1EB4D0FD2CC8C38F9FD","net10","hmail_perf_pair_net10_20260831_head3","C:\hmail-perf-pair-service-20260901\net10\Data","393449EA88D8D3C63D044D759D715322FD07A6F365FB10F18C1F0F126C6B4675","100","15","one TCP client and one sequential IMAP session per sample","0","PASS","45FA907CE0D3797C1E13EBB2F03F076A25656CCE27E801C18F745ACD3944FBBD","5136EEC556F9790732AE759EF52F77FE6172329EA55787A80300C4A824107E46","1","908","True","False","3928.249",,"True","1000","True","True","1000","True"
"512e2cc0-5ebd-4d17-b7cf-a18a28bccdb4","MANIFEST_BOUND","hmail-perf-pair-service-20260901","06EFCBA9520D478A6DAC7ABB7F09F3B63D015A0CD5ECA1EB4D0FD2CC8C38F9FD","net10","hmail_perf_pair_net10_20260831_head3","C:\hmail-perf-pair-service-20260901\net10\Data","393449EA88D8D3C63D044D759D715322FD07A6F365FB10F18C1F0F126C6B4675","100","15","one TCP client and one sequential IMAP session per sample","0","PASS","45FA907CE0D3797C1E13EBB2F03F076A25656CCE27E801C18F745ACD3944FBBD","5136EEC556F9790732AE759EF52F77FE6172329EA55787A80300C4A824107E46","1","909","True","False","4006.666",,"True","1000","True","True","1000","True"
"512e2cc0-5ebd-4d17-b7cf-a18a28bccdb4","MANIFEST_BOUND","hmail-perf-pair-service-20260901","06EFCBA9520D478A6DAC7ABB7F09F3B63D015A0CD5ECA1EB4D0FD2CC8C38F9FD","net10","hmail_perf_pair_net10_20260831_head3","C:\hmail-perf-pair-service-20260901\net10\Data","393449EA88D8D3C63D044D759D715322FD07A6F365FB10F18C1F0F126C6B4675","100","15","one TCP client and one sequential IMAP session per sample","0","PASS","45FA907CE0D3797C1E13EBB2F03F076A25656CCE27E801C18F745ACD3944FBBD","5136EEC556F9790732AE759EF52F77FE6172329EA55787A80300C4A824107E46","1","910","True","False","3888.552",,"True","1000","True","True","1000","True"
"512e2cc0-5ebd-4d17-b7cf-a18a28bccdb4","MANIFEST_BOUND","hmail-perf-pair-service-20260901","06EFCBA9520D478A6DAC7ABB7F09F3B63D015A0CD5ECA1EB4D0FD2CC8C38F9FD","net10","hmail_perf_pair_net10_20260831_head3","C:\hmail-perf-pair-service-20260901\net10\Data","393449EA88D8D3C63D044D759D715322FD07A6F365FB10F18C1F0F126C6B4675","100","15","one TCP client and one sequential IMAP session per sample","0","PASS","45FA907CE0D3797C1E13EBB2F03F076A25656CCE27E801C18F745ACD3944FBBD","5136EEC556F9790732AE759EF52F77FE6172329EA55787A80300C4A824107E46","1","911","True","False","3943.94",,"True","1000","True","True","1000","True"
"512e2cc0-5ebd-4d17-b7cf-a18a28bccdb4","MANIFEST_BOUND","hmail-perf-pair-service-20260901","06EFCBA9520D478A6DAC7ABB7F09F3B63D015A0CD5ECA1EB4D0FD2CC8C38F9FD","net10","hmail_perf_pair_net10_20260831_head3","C:\hmail-perf-pair-service-20260901\net10\Data","393449EA88D8D3C63D044D759D715322FD07A6F365FB10F18C1F0F126C6B4675","100","15","one TCP client and one sequential IMAP session per sample","0","PASS","45FA907CE0D3797C1E13EBB2F03F076A25656CCE27E801C18F745ACD3944FBBD","5136EEC556F9790732AE759EF52F77FE6172329EA55787A80300C4A824107E46","1","912","True","False","3943.698",,"True","1000","True","True","1000","True"
"512e2cc0-5ebd-4d17-b7cf-a18a28bccdb4","MANIFEST_BOUND","hmail-perf-pair-service-20260901","06EFCBA9520D478A6DAC7ABB7F09F3B63D015A0CD5ECA1EB4D0FD2CC8C38F9FD","net10","hmail_perf_pair_net10_20260831_head3","C:\hmail-perf-pair-service-20260901\net10\Data","393449EA88D8D3C63D044D759D715322FD07A6F365FB10F18C1F0F126C6B4675","100","15","one TCP client and one sequential IMAP session per sample","0","PASS","45FA907CE0D3797C1E13EBB2F03F076A25656CCE27E801C18F745ACD3944FBBD","5136EEC556F9790732AE759EF52F77FE6172329EA55787A80300C4A824107E46","1","913","True","False","3916.721",,"True","1000","True","True","1000","True"
"512e2cc0-5ebd-4d17-b7cf-a18a28bccdb4","MANIFEST_BOUND","hmail-perf-pair-service-20260901","06EFCBA9520D478A6DAC7ABB7F09F3B63D015A0CD5ECA1EB4D0FD2CC8C38F9FD","net10","hmail_perf_pair_net10_20260831_head3","C:\hmail-perf-pair-service-20260901\net10\Data","393449EA88D8D3C63D044D759D715322FD07A6F365FB10F18C1F0F126C6B4675","100","15","one TCP client and one sequential IMAP session per sample","0","PASS","45FA907CE0D3797C1E13EBB2F03F076A25656CCE27E801C18F745ACD3944FBBD","5136EEC556F9790732AE759EF52F77FE6172329EA55787A80300C4A824107E46","1","914","True","False","3711.977",,"True","1000","True","True","1000","True"
"512e2cc0-5ebd-4d17-b7cf-a18a28bccdb4","MANIFEST_BOUND","hmail-perf-pair-service-20260901","06EFCBA9520D478A6DAC7ABB7F09F3B63D015A0CD5ECA1EB4D0FD2CC8C38F9FD","net10","hmail_perf_pair_net10_20260831_head3","C:\hmail-perf-pair-service-20260901\net10\Data","393449EA88D8D3C63D044D759D715322FD07A6F365FB10F18C1F0F126C6B4675","100","15","one TCP client and one sequential IMAP session per sample","0","PASS","45FA907CE0D3797C1E13EBB2F03F076A25656CCE27E801C18F745ACD3944FBBD","5136EEC556F9790732AE759EF52F77FE6172329EA55787A80300C4A824107E46","1","915","True","False","3915.214",,"True","1000","True","True","1000","True"
"512e2cc0-5ebd-4d17-b7cf-a18a28bccdb4","MANIFEST_BOUND","hmail-perf-pair-service-20260901","06EFCBA9520D478A6DAC7ABB7F09F3B63D015A0CD5ECA1EB4D0FD2CC8C38F9FD","net10","hmail_perf_pair_net10_20260831_head3","C:\hmail-perf-pair-service-20260901\net10\Data","393449EA88D8D3C63D044D759D715322FD07A6F365FB10F18C1F0F126C6B4675","100","15","one TCP client and one sequential IMAP session per sample","0","PASS","45FA907CE0D3797C1E13EBB2F03F076A25656CCE27E801C18F745ACD3944FBBD","5136EEC556F9790732AE759EF52F77FE6172329EA55787A80300C4A824107E46","1","916","True","False","3756.431",,"True","1000","True","True","1000","True"
"512e2cc0-5ebd-4d17-b7cf-a18a28bccdb4","MANIFEST_BOUND","hmail-perf-pair-service-20260901","06EFCBA9520D478A6DAC7ABB7F09F3B63D015A0CD5ECA1EB4D0FD2CC8C38F9FD","net10","hmail_perf_pair_net10_20260831_head3","C:\hmail-perf-pair-service-20260901\net10\Data","393449EA88D8D3C63D044D759D715322FD07A6F365FB10F18C1F0F126C6B4675","100","15","one TCP client and one sequential IMAP session per sample","0","PASS","45FA907CE0D3797C1E13EBB2F03F076A25656CCE27E801C18F745ACD3944FBBD","5136EEC556F9790732AE759EF52F77FE6172329EA55787A80300C4A824107E46","1","917","True","False","3933.998",,"True","1000","True","True","1000","True"
"512e2cc0-5ebd-4d17-b7cf-a18a28bccdb4","MANIFEST_BOUND","hmail-perf-pair-service-20260901","06EFCBA9520D478A6DAC7ABB7F09F3B63D015A0CD5ECA1EB4D0FD2CC8C38F9FD","net10","hmail_perf_pair_net10_20260831_head3","C:\hmail-perf-pair-service-20260901\net10\Data","393449EA88D8D3C63D044D759D715322FD07A6F365FB10F18C1F0F126C6B4675","100","15","one TCP client and one sequential IMAP session per sample","0","PASS","45FA907CE0D3797C1E13EBB2F03F076A25656CCE27E801C18F745ACD3944FBBD","5136EEC556F9790732AE759EF52F77FE6172329EA55787A80300C4A824107E46","1","918","True","False","3824.234",,"True","1000","True","True","1000","True"
"512e2cc0-5ebd-4d17-b7cf-a18a28bccdb4","MANIFEST_BOUND","hmail-perf-pair-service-20260901","06EFCBA9520D478A6DAC7ABB7F09F3B63D015A0CD5ECA1EB4D0FD2CC8C38F9FD","net10","hmail_perf_pair_net10_20260831_head3","C:\hmail-perf-pair-service-20260901\net10\Data","393449EA88D8D3C63D044D759D715322FD07A6F365FB10F18C1F0F126C6B4675","100","15","one TCP client and one sequential IMAP session per sample","0","PASS","45FA907CE0D3797C1E13EBB2F03F076A25656CCE27E801C18F745ACD3944FBBD","5136EEC556F9790732AE759EF52F77FE6172329EA55787A80300C4A824107E46","1","919","True","False","4037.365",,"True","1000","True","True","1000","True"
"512e2cc0-5ebd-4d17-b7cf-a18a28bccdb4","MANIFEST_BOUND","hmail-perf-pair-service-20260901","06EFCBA9520D478A6DAC7ABB7F09F3B63D015A0CD5ECA1EB4D0FD2CC8C38F9FD","net10","hmail_perf_pair_net10_20260831_head3","C:\hmail-perf-pair-service-20260901\net10\Data","393449EA88D8D3C63D044D759D715322FD07A6F365FB10F18C1F0F126C6B4675","100","15","one TCP client and one sequential IMAP session per sample","0","PASS","45FA907CE0D3797C1E13EBB2F03F076A25656CCE27E801C18F745ACD3944FBBD","5136EEC556F9790732AE759EF52F77FE6172329EA55787A80300C4A824107E46","1","920","True","False","3916.085",,"True","1000","True","True","1000","True"
"512e2cc0-5ebd-4d17-b7cf-a18a28bccdb4","MANIFEST_BOUND","hmail-perf-pair-service-20260901","06EFCBA9520D478A6DAC7ABB7F09F3B63D015A0CD5ECA1EB4D0FD2CC8C38F9FD","net10","hmail_perf_pair_net10_20260831_head3","C:\hmail-perf-pair-service-20260901\net10\Data","393449EA88D8D3C63D044D759D715322FD07A6F365FB10F18C1F0F126C6B4675","100","15","one TCP client and one sequential IMAP session per sample","0","PASS","45FA907CE0D3797C1E13EBB2F03F076A25656CCE27E801C18F745ACD3944FBBD","5136EEC556F9790732AE759EF52F77FE6172329EA55787A80300C4A824107E46","1","921","True","False","3918.864",,"True","1000","True","True","1000","True"
"512e2cc0-5ebd-4d17-b7cf-a18a28bccdb4","MANIFEST_BOUND","hmail-perf-pair-service-20260901","06EFCBA9520D478A6DAC7ABB7F09F3B63D015A0CD5ECA1EB4D0FD2CC8C38F9FD","net10","hmail_perf_pair_net10_20260831_head3","C:\hmail-perf-pair-service-20260901\net10\Data","393449EA88D8D3C63D044D759D715322FD07A6F365FB10F18C1F0F126C6B4675","100","15","one TCP client and one sequential IMAP session per sample","0","PASS","45FA907CE0D3797C1E13EBB2F03F076A25656CCE27E801C18F745ACD3944FBBD","5136EEC556F9790732AE759EF52F77FE6172329EA55787A80300C4A824107E46","1","922","True","False","3912.887",,"True","1000","True","True","1000","True"
"512e2cc0-5ebd-4d17-b7cf-a18a28bccdb4","MANIFEST_BOUND","hmail-perf-pair-service-20260901","06EFCBA9520D478A6DAC7ABB7F09F3B63D015A0CD5ECA1EB4D0FD2CC8C38F9FD","net10","hmail_perf_pair_net10_20260831_head3","C:\hmail-perf-pair-service-20260901\net10\Data","393449EA88D8D3C63D044D759D715322FD07A6F365FB10F18C1F0F126C6B4675","100","15","one TCP client and one sequential IMAP session per sample","0","PASS","45FA907CE0D3797C1E13EBB2F03F076A25656CCE27E801C18F745ACD3944FBBD","5136EEC556F9790732AE759EF52F77FE6172329EA55787A80300C4A824107E46","1","923","True","False","3692.29",,"True","1000","True","True","1000","True"
"512e2cc0-5ebd-4d17-b7cf-a18a28bccdb4","MANIFEST_BOUND","hmail-perf-pair-service-20260901","06EFCBA9520D478A6DAC7ABB7F09F3B63D015A0CD5ECA1EB4D0FD2CC8C38F9FD","net10","hmail_perf_pair_net10_20260831_head3","C:\hmail-perf-pair-service-20260901\net10\Data","393449EA88D8D3C63D044D759D715322FD07A6F365FB10F18C1F0F126C6B4675","100","15","one TCP client and one sequential IMAP session per sample","0","PASS","45FA907CE0D3797C1E13EBB2F03F076A25656CCE27E801C18F745ACD3944FBBD","5136EEC556F9790732AE759EF52F77FE6172329EA55787A80300C4A824107E46","1","924","True","False","3773.94",,"True","1000","True","True","1000","True"
"512e2cc0-5ebd-4d17-b7cf-a18a28bccdb4","MANIFEST_BOUND","hmail-perf-pair-service-20260901","06EFCBA9520D478A6DAC7ABB7F09F3B63D015A0CD5ECA1EB4D0FD2CC8C38F9FD","net10","hmail_perf_pair_net10_20260831_head3","C:\hmail-perf-pair-service-20260901\net10\Data","393449EA88D8D3C63D044D759D715322FD07A6F365FB10F18C1F0F126C6B4675","100","15","one TCP client and one sequential IMAP session per sample","0","PASS","45FA907CE0D3797C1E13EBB2F03F076A25656CCE27E801C18F745ACD3944FBBD","5136EEC556F9790732AE759EF52F77FE6172329EA55787A80300C4A824107E46","1","925","True","False","3916.96",,"True","1000","True","True","1000","True"
"512e2cc0-5ebd-4d17-b7cf-a18a28bccdb4","MANIFEST_BOUND","hmail-perf-pair-service-20260901","06EFCBA9520D478A6DAC7ABB7F09F3B63D015A0CD5ECA1EB4D0FD2CC8C38F9FD","net10","hmail_perf_pair_net10_20260831_head3","C:\hmail-perf-pair-service-20260901\net10\Data","393449EA88D8D3C63D044D759D715322FD07A6F365FB10F18C1F0F126C6B4675","100","15","one TCP client and one sequential IMAP session per sample","0","PASS","45FA907CE0D3797C1E13EBB2F03F076A25656CCE27E801C18F745ACD3944FBBD","5136EEC556F9790732AE759EF52F77FE6172329EA55787A80300C4A824107E46","1","926","True","False","4161.593",,"True","1000","True","True","1000","True"
"512e2cc0-5ebd-4d17-b7cf-a18a28bccdb4","MANIFEST_BOUND","hmail-perf-pair-service-20260901","06EFCBA9520D478A6DAC7ABB7F09F3B63D015A0CD5ECA1EB4D0FD2CC8C38F9FD","net10","hmail_perf_pair_net10_20260831_head3","C:\hmail-perf-pair-service-20260901\net10\Data","393449EA88D8D3C63D044D759D715322FD07A6F365FB10F18C1F0F126C6B4675","100","15","one TCP client and one sequential IMAP session per sample","0","PASS","45FA907CE0D3797C1E13EBB2F03F076A25656CCE27E801C18F745ACD3944FBBD","5136EEC556F9790732AE759EF52F77FE6172329EA55787A80300C4A824107E46","1","927","True","False","3887.784",,"True","1000","True","True","1000","True"
"512e2cc0-5ebd-4d17-b7cf-a18a28bccdb4","MANIFEST_BOUND","hmail-perf-pair-service-20260901","06EFCBA9520D478A6DAC7ABB7F09F3B63D015A0CD5ECA1EB4D0FD2CC8C38F9FD","net10","hmail_perf_pair_net10_20260831_head3","C:\hmail-perf-pair-service-20260901\net10\Data","393449EA88D8D3C63D044D759D715322FD07A6F365FB10F18C1F0F126C6B4675","100","15","one TCP client and one sequential IMAP session per sample","0","PASS","45FA907CE0D3797C1E13EBB2F03F076A25656CCE27E801C18F745ACD3944FBBD","5136EEC556F9790732AE759EF52F77FE6172329EA55787A80300C4A824107E46","1","928","True","False","3916.499",,"True","1000","True","True","1000","True"
"512e2cc0-5ebd-4d17-b7cf-a18a28bccdb4","MANIFEST_BOUND","hmail-perf-pair-service-20260901","06EFCBA9520D478A6DAC7ABB7F09F3B63D015A0CD5ECA1EB4D0FD2CC8C38F9FD","net10","hmail_perf_pair_net10_20260831_head3","C:\hmail-perf-pair-service-20260901\net10\Data","393449EA88D8D3C63D044D759D715322FD07A6F365FB10F18C1F0F126C6B4675","100","15","one TCP client and one sequential IMAP session per sample","0","PASS","45FA907CE0D3797C1E13EBB2F03F076A25656CCE27E801C18F745ACD3944FBBD","5136EEC556F9790732AE759EF52F77FE6172329EA55787A80300C4A824107E46","1","929","True","False","3943.924",,"True","1000","True","True","1000","True"
"512e2cc0-5ebd-4d17-b7cf-a18a28bccdb4","MANIFEST_BOUND","hmail-perf-pair-service-20260901","06EFCBA9520D478A6DAC7ABB7F09F3B63D015A0CD5ECA1EB4D0FD2CC8C38F9FD","net10","hmail_perf_pair_net10_20260831_head3","C:\hmail-perf-pair-service-20260901\net10\Data","393449EA88D8D3C63D044D759D715322FD07A6F365FB10F18C1F0F126C6B4675","100","15","one TCP client and one sequential IMAP session per sample","0","PASS","45FA907CE0D3797C1E13EBB2F03F076A25656CCE27E801C18F745ACD3944FBBD","5136EEC556F9790732AE759EF52F77FE6172329EA55787A80300C4A824107E46","1","930","True","False","3928.186",,"True","1000","True","True","1000","True"
"512e2cc0-5ebd-4d17-b7cf-a18a28bccdb4","MANIFEST_BOUND","hmail-perf-pair-service-20260901","06EFCBA9520D478A6DAC7ABB7F09F3B63D015A0CD5ECA1EB4D0FD2CC8C38F9FD","net10","hmail_perf_pair_net10_20260831_head3","C:\hmail-perf-pair-service-20260901\net10\Data","393449EA88D8D3C63D044D759D715322FD07A6F365FB10F18C1F0F126C6B4675","100","15","one TCP client and one sequential IMAP session per sample","0","PASS","45FA907CE0D3797C1E13EBB2F03F076A25656CCE27E801C18F745ACD3944FBBD","5136EEC556F9790732AE759EF52F77FE6172329EA55787A80300C4A824107E46","1","931","True","False","3942.511",,"True","1000","True","True","1000","True"
"512e2cc0-5ebd-4d17-b7cf-a18a28bccdb4","MANIFEST_BOUND","hmail-perf-pair-service-20260901","06EFCBA9520D478A6DAC7ABB7F09F3B63D015A0CD5ECA1EB4D0FD2CC8C38F9FD","net10","hmail_perf_pair_net10_20260831_head3","C:\hmail-perf-pair-service-20260901\net10\Data","393449EA88D8D3C63D044D759D715322FD07A6F365FB10F18C1F0F126C6B4675","100","15","one TCP client and one sequential IMAP session per sample","0","PASS","45FA907CE0D3797C1E13EBB2F03F076A25656CCE27E801C18F745ACD3944FBBD","5136EEC556F9790732AE759EF52F77FE6172329EA55787A80300C4A824107E46","1","932","True","False","3911.048",,"True","1000","True","True","1000","True"
"512e2cc0-5ebd-4d17-b7cf-a18a28bccdb4","MANIFEST_BOUND","hmail-perf-pair-service-20260901","06EFCBA9520D478A6DAC7ABB7F09F3B63D015A0CD5ECA1EB4D0FD2CC8C38F9FD","net10","hmail_perf_pair_net10_20260831_head3","C:\hmail-perf-pair-service-20260901\net10\Data","393449EA88D8D3C63D044D759D715322FD07A6F365FB10F18C1F0F126C6B4675","100","15","one TCP client and one sequential IMAP session per sample","0","PASS","45FA907CE0D3797C1E13EBB2F03F076A25656CCE27E801C18F745ACD3944FBBD","5136EEC556F9790732AE759EF52F77FE6172329EA55787A80300C4A824107E46","1","933","True","False","3911.354",,"True","1000","True","True","1000","True"
"512e2cc0-5ebd-4d17-b7cf-a18a28bccdb4","MANIFEST_BOUND","hmail-perf-pair-service-20260901","06EFCBA9520D478A6DAC7ABB7F09F3B63D015A0CD5ECA1EB4D0FD2CC8C38F9FD","net10","hmail_perf_pair_net10_20260831_head3","C:\hmail-perf-pair-service-20260901\net10\Data","393449EA88D8D3C63D044D759D715322FD07A6F365FB10F18C1F0F126C6B4675","100","15","one TCP client and one sequential IMAP session per sample","0","PASS","45FA907CE0D3797C1E13EBB2F03F076A25656CCE27E801C18F745ACD3944FBBD","5136EEC556F9790732AE759EF52F77FE6172329EA55787A80300C4A824107E46","1","934","True","False","4021.884",,"True","1000","True","True","1000","True"
"512e2cc0-5ebd-4d17-b7cf-a18a28bccdb4","MANIFEST_BOUND","hmail-perf-pair-service-20260901","06EFCBA9520D478A6DAC7ABB7F09F3B63D015A0CD5ECA1EB4D0FD2CC8C38F9FD","net10","hmail_perf_pair_net10_20260831_head3","C:\hmail-perf-pair-service-20260901\net10\Data","393449EA88D8D3C63D044D759D715322FD07A6F365FB10F18C1F0F126C6B4675","100","15","one TCP client and one sequential IMAP session per sample","0","PASS","45FA907CE0D3797C1E13EBB2F03F076A25656CCE27E801C18F745ACD3944FBBD","5136EEC556F9790732AE759EF52F77FE6172329EA55787A80300C4A824107E46","1","935","True","False","3928.026",,"True","1000","True","True","1000","True"
"512e2cc0-5ebd-4d17-b7cf-a18a28bccdb4","MANIFEST_BOUND","hmail-perf-pair-service-20260901","06EFCBA9520D478A6DAC7ABB7F09F3B63D015A0CD5ECA1EB4D0FD2CC8C38F9FD","net10","hmail_perf_pair_net10_20260831_head3","C:\hmail-perf-pair-service-20260901\net10\Data","393449EA88D8D3C63D044D759D715322FD07A6F365FB10F18C1F0F126C6B4675","100","15","one TCP client and one sequential IMAP session per sample","0","PASS","45FA907CE0D3797C1E13EBB2F03F076A25656CCE27E801C18F745ACD3944FBBD","5136EEC556F9790732AE759EF52F77FE6172329EA55787A80300C4A824107E46","1","936","True","False","3942.389",,"True","1000","True","True","1000","True"
"512e2cc0-5ebd-4d17-b7cf-a18a28bccdb4","MANIFEST_BOUND","hmail-perf-pair-service-20260901","06EFCBA9520D478A6DAC7ABB7F09F3B63D015A0CD5ECA1EB4D0FD2CC8C38F9FD","net10","hmail_perf_pair_net10_20260831_head3","C:\hmail-perf-pair-service-20260901\net10\Data","393449EA88D8D3C63D044D759D715322FD07A6F365FB10F18C1F0F126C6B4675","100","15","one TCP client and one sequential IMAP session per sample","0","PASS","45FA907CE0D3797C1E13EBB2F03F076A25656CCE27E801C18F745ACD3944FBBD","5136EEC556F9790732AE759EF52F77FE6172329EA55787A80300C4A824107E46","1","937","True","False","3933.694",,"True","1000","True","True","1000","True"
"512e2cc0-5ebd-4d17-b7cf-a18a28bccdb4","MANIFEST_BOUND","hmail-perf-pair-service-20260901","06EFCBA9520D478A6DAC7ABB7F09F3B63D015A0CD5ECA1EB4D0FD2CC8C38F9FD","net10","hmail_perf_pair_net10_20260831_head3","C:\hmail-perf-pair-service-20260901\net10\Data","393449EA88D8D3C63D044D759D715322FD07A6F365FB10F18C1F0F126C6B4675","100","15","one TCP client and one sequential IMAP session per sample","0","PASS","45FA907CE0D3797C1E13EBB2F03F076A25656CCE27E801C18F745ACD3944FBBD","5136EEC556F9790732AE759EF52F77FE6172329EA55787A80300C4A824107E46","1","938","True","False","3904.512",,"True","1000","True","True","1000","True"
"512e2cc0-5ebd-4d17-b7cf-a18a28bccdb4","MANIFEST_BOUND","hmail-perf-pair-service-20260901","06EFCBA9520D478A6DAC7ABB7F09F3B63D015A0CD5ECA1EB4D0FD2CC8C38F9FD","net10","hmail_perf_pair_net10_20260831_head3","C:\hmail-perf-pair-service-20260901\net10\Data","393449EA88D8D3C63D044D759D715322FD07A6F365FB10F18C1F0F126C6B4675","100","15","one TCP client and one sequential IMAP session per sample","0","PASS","45FA907CE0D3797C1E13EBB2F03F076A25656CCE27E801C18F745ACD3944FBBD","5136EEC556F9790732AE759EF52F77FE6172329EA55787A80300C4A824107E46","1","939","True","False","3868.768",,"True","1000","True","True","1000","True"
"512e2cc0-5ebd-4d17-b7cf-a18a28bccdb4","MANIFEST_BOUND","hmail-perf-pair-service-20260901","06EFCBA9520D478A6DAC7ABB7F09F3B63D015A0CD5ECA1EB4D0FD2CC8C38F9FD","net10","hmail_perf_pair_net10_20260831_head3","C:\hmail-perf-pair-service-20260901\net10\Data","393449EA88D8D3C63D044D759D715322FD07A6F365FB10F18C1F0F126C6B4675","100","15","one TCP client and one sequential IMAP session per sample","0","PASS","45FA907CE0D3797C1E13EBB2F03F076A25656CCE27E801C18F745ACD3944FBBD","5136EEC556F9790732AE759EF52F77FE6172329EA55787A80300C4A824107E46","1","940","True","False","3919.599",,"True","1000","True","True","1000","True"
"512e2cc0-5ebd-4d17-b7cf-a18a28bccdb4","MANIFEST_BOUND","hmail-perf-pair-service-20260901","06EFCBA9520D478A6DAC7ABB7F09F3B63D015A0CD5ECA1EB4D0FD2CC8C38F9FD","net10","hmail_perf_pair_net10_20260831_head3","C:\hmail-perf-pair-service-20260901\net10\Data","393449EA88D8D3C63D044D759D715322FD07A6F365FB10F18C1F0F126C6B4675","100","15","one TCP client and one sequential IMAP session per sample","0","PASS","45FA907CE0D3797C1E13EBB2F03F076A25656CCE27E801C18F745ACD3944FBBD","5136EEC556F9790732AE759EF52F77FE6172329EA55787A80300C4A824107E46","1","941","True","False","3941.966",,"True","1000","True","True","1000","True"
"512e2cc0-5ebd-4d17-b7cf-a18a28bccdb4","MANIFEST_BOUND","hmail-perf-pair-service-20260901","06EFCBA9520D478A6DAC7ABB7F09F3B63D015A0CD5ECA1EB4D0FD2CC8C38F9FD","net10","hmail_perf_pair_net10_20260831_head3","C:\hmail-perf-pair-service-20260901\net10\Data","393449EA88D8D3C63D044D759D715322FD07A6F365FB10F18C1F0F126C6B4675","100","15","one TCP client and one sequential IMAP session per sample","0","PASS","45FA907CE0D3797C1E13EBB2F03F076A25656CCE27E801C18F745ACD3944FBBD","5136EEC556F9790732AE759EF52F77FE6172329EA55787A80300C4A824107E46","1","942","True","False","3926.294",,"True","1000","True","True","1000","True"
"512e2cc0-5ebd-4d17-b7cf-a18a28bccdb4","MANIFEST_BOUND","hmail-perf-pair-service-20260901","06EFCBA9520D478A6DAC7ABB7F09F3B63D015A0CD5ECA1EB4D0FD2CC8C38F9FD","net10","hmail_perf_pair_net10_20260831_head3","C:\hmail-perf-pair-service-20260901\net10\Data","393449EA88D8D3C63D044D759D715322FD07A6F365FB10F18C1F0F126C6B4675","100","15","one TCP client and one sequential IMAP session per sample","0","PASS","45FA907CE0D3797C1E13EBB2F03F076A25656CCE27E801C18F745ACD3944FBBD","5136EEC556F9790732AE759EF52F77FE6172329EA55787A80300C4A824107E46","1","943","True","False","3914.312",,"True","1000","True","True","1000","True"
"512e2cc0-5ebd-4d17-b7cf-a18a28bccdb4","MANIFEST_BOUND","hmail-perf-pair-service-20260901","06EFCBA9520D478A6DAC7ABB7F09F3B63D015A0CD5ECA1EB4D0FD2CC8C38F9FD","net10","hmail_perf_pair_net10_20260831_head3","C:\hmail-perf-pair-service-20260901\net10\Data","393449EA88D8D3C63D044D759D715322FD07A6F365FB10F18C1F0F126C6B4675","100","15","one TCP client and one sequential IMAP session per sample","0","PASS","45FA907CE0D3797C1E13EBB2F03F076A25656CCE27E801C18F745ACD3944FBBD","5136EEC556F9790732AE759EF52F77FE6172329EA55787A80300C4A824107E46","1","944","True","False","3901.211",,"True","1000","True","True","1000","True"
"512e2cc0-5ebd-4d17-b7cf-a18a28bccdb4","MANIFEST_BOUND","hmail-perf-pair-service-20260901","06EFCBA9520D478A6DAC7ABB7F09F3B63D015A0CD5ECA1EB4D0FD2CC8C38F9FD","net10","hmail_perf_pair_net10_20260831_head3","C:\hmail-perf-pair-service-20260901\net10\Data","393449EA88D8D3C63D044D759D715322FD07A6F365FB10F18C1F0F126C6B4675","100","15","one TCP client and one sequential IMAP session per sample","0","PASS","45FA907CE0D3797C1E13EBB2F03F076A25656CCE27E801C18F745ACD3944FBBD","5136EEC556F9790732AE759EF52F77FE6172329EA55787A80300C4A824107E46","1","945","True","False","3943.014",,"True","1000","True","True","1000","True"
"512e2cc0-5ebd-4d17-b7cf-a18a28bccdb4","MANIFEST_BOUND","hmail-perf-pair-service-20260901","06EFCBA9520D478A6DAC7ABB7F09F3B63D015A0CD5ECA1EB4D0FD2CC8C38F9FD","net10","hmail_perf_pair_net10_20260831_head3","C:\hmail-perf-pair-service-20260901\net10\Data","393449EA88D8D3C63D044D759D715322FD07A6F365FB10F18C1F0F126C6B4675","100","15","one TCP client and one sequential IMAP session per sample","0","PASS","45FA907CE0D3797C1E13EBB2F03F076A25656CCE27E801C18F745ACD3944FBBD","5136EEC556F9790732AE759EF52F77FE6172329EA55787A80300C4A824107E46","1","946","True","False","3934.956",,"True","1000","True","True","1000","True"
"512e2cc0-5ebd-4d17-b7cf-a18a28bccdb4","MANIFEST_BOUND","hmail-perf-pair-service-20260901","06EFCBA9520D478A6DAC7ABB7F09F3B63D015A0CD5ECA1EB4D0FD2CC8C38F9FD","net10","hmail_perf_pair_net10_20260831_head3","C:\hmail-perf-pair-service-20260901\net10\Data","393449EA88D8D3C63D044D759D715322FD07A6F365FB10F18C1F0F126C6B4675","100","15","one TCP client and one sequential IMAP session per sample","0","PASS","45FA907CE0D3797C1E13EBB2F03F076A25656CCE27E801C18F745ACD3944FBBD","5136EEC556F9790732AE759EF52F77FE6172329EA55787A80300C4A824107E46","1","947","True","False","4069.58",,"True","1000","True","True","1000","True"
"512e2cc0-5ebd-4d17-b7cf-a18a28bccdb4","MANIFEST_BOUND","hmail-perf-pair-service-20260901","06EFCBA9520D478A6DAC7ABB7F09F3B63D015A0CD5ECA1EB4D0FD2CC8C38F9FD","net10","hmail_perf_pair_net10_20260831_head3","C:\hmail-perf-pair-service-20260901\net10\Data","393449EA88D8D3C63D044D759D715322FD07A6F365FB10F18C1F0F126C6B4675","100","15","one TCP client and one sequential IMAP session per sample","0","PASS","45FA907CE0D3797C1E13EBB2F03F076A25656CCE27E801C18F745ACD3944FBBD","5136EEC556F9790732AE759EF52F77FE6172329EA55787A80300C4A824107E46","1","948","True","False","3941.796",,"True","1000","True","True","1000","True"
"512e2cc0-5ebd-4d17-b7cf-a18a28bccdb4","MANIFEST_BOUND","hmail-perf-pair-service-20260901","06EFCBA9520D478A6DAC7ABB7F09F3B63D015A0CD5ECA1EB4D0FD2CC8C38F9FD","net10","hmail_perf_pair_net10_20260831_head3","C:\hmail-perf-pair-service-20260901\net10\Data","393449EA88D8D3C63D044D759D715322FD07A6F365FB10F18C1F0F126C6B4675","100","15","one TCP client and one sequential IMAP session per sample","0","PASS","45FA907CE0D3797C1E13EBB2F03F076A25656CCE27E801C18F745ACD3944FBBD","5136EEC556F9790732AE759EF52F77FE6172329EA55787A80300C4A824107E46","1","949","True","False","3926.104",,"True","1000","True","True","1000","True"
"512e2cc0-5ebd-4d17-b7cf-a18a28bccdb4","MANIFEST_BOUND","hmail-perf-pair-service-20260901","06EFCBA9520D478A6DAC7ABB7F09F3B63D015A0CD5ECA1EB4D0FD2CC8C38F9FD","net10","hmail_perf_pair_net10_20260831_head3","C:\hmail-perf-pair-service-20260901\net10\Data","393449EA88D8D3C63D044D759D715322FD07A6F365FB10F18C1F0F126C6B4675","100","15","one TCP client and one sequential IMAP session per sample","0","PASS","45FA907CE0D3797C1E13EBB2F03F076A25656CCE27E801C18F745ACD3944FBBD","5136EEC556F9790732AE759EF52F77FE6172329EA55787A80300C4A824107E46","1","950","True","False","3973.339",,"True","1000","True","True","1000","True"
"512e2cc0-5ebd-4d17-b7cf-a18a28bccdb4","MANIFEST_BOUND","hmail-perf-pair-service-20260901","06EFCBA9520D478A6DAC7ABB7F09F3B63D015A0CD5ECA1EB4D0FD2CC8C38F9FD","net10","hmail_perf_pair_net10_20260831_head3","C:\hmail-perf-pair-service-20260901\net10\Data","393449EA88D8D3C63D044D759D715322FD07A6F365FB10F18C1F0F126C6B4675","100","15","one TCP client and one sequential IMAP session per sample","0","PASS","45FA907CE0D3797C1E13EBB2F03F076A25656CCE27E801C18F745ACD3944FBBD","5136EEC556F9790732AE759EF52F77FE6172329EA55787A80300C4A824107E46","1","951","True","False","3915.817",,"True","1000","True","True","1000","True"
"512e2cc0-5ebd-4d17-b7cf-a18a28bccdb4","MANIFEST_BOUND","hmail-perf-pair-service-20260901","06EFCBA9520D478A6DAC7ABB7F09F3B63D015A0CD5ECA1EB4D0FD2CC8C38F9FD","net10","hmail_perf_pair_net10_20260831_head3","C:\hmail-perf-pair-service-20260901\net10\Data","393449EA88D8D3C63D044D759D715322FD07A6F365FB10F18C1F0F126C6B4675","100","15","one TCP client and one sequential IMAP session per sample","0","PASS","45FA907CE0D3797C1E13EBB2F03F076A25656CCE27E801C18F745ACD3944FBBD","5136EEC556F9790732AE759EF52F77FE6172329EA55787A80300C4A824107E46","1","952","True","False","3936.536",,"True","1000","True","True","1000","True"
"512e2cc0-5ebd-4d17-b7cf-a18a28bccdb4","MANIFEST_BOUND","hmail-perf-pair-service-20260901","06EFCBA9520D478A6DAC7ABB7F09F3B63D015A0CD5ECA1EB4D0FD2CC8C38F9FD","net10","hmail_perf_pair_net10_20260831_head3","C:\hmail-perf-pair-service-20260901\net10\Data","393449EA88D8D3C63D044D759D715322FD07A6F365FB10F18C1F0F126C6B4675","100","15","one TCP client and one sequential IMAP session per sample","0","PASS","45FA907CE0D3797C1E13EBB2F03F076A25656CCE27E801C18F745ACD3944FBBD","5136EEC556F9790732AE759EF52F77FE6172329EA55787A80300C4A824107E46","1","953","True","False","3937.603",,"True","1000","True","True","1000","True"
"512e2cc0-5ebd-4d17-b7cf-a18a28bccdb4","MANIFEST_BOUND","hmail-perf-pair-service-20260901","06EFCBA9520D478A6DAC7ABB7F09F3B63D015A0CD5ECA1EB4D0FD2CC8C38F9FD","net10","hmail_perf_pair_net10_20260831_head3","C:\hmail-perf-pair-service-20260901\net10\Data","393449EA88D8D3C63D044D759D715322FD07A6F365FB10F18C1F0F126C6B4675","100","15","one TCP client and one sequential IMAP session per sample","0","PASS","45FA907CE0D3797C1E13EBB2F03F076A25656CCE27E801C18F745ACD3944FBBD","5136EEC556F9790732AE759EF52F77FE6172329EA55787A80300C4A824107E46","1","954","True","False","3934.771",,"True","1000","True","True","1000","True"
"512e2cc0-5ebd-4d17-b7cf-a18a28bccdb4","MANIFEST_BOUND","hmail-perf-pair-service-20260901","06EFCBA9520D478A6DAC7ABB7F09F3B63D015A0CD5ECA1EB4D0FD2CC8C38F9FD","net10","hmail_perf_pair_net10_20260831_head3","C:\hmail-perf-pair-service-20260901\net10\Data","393449EA88D8D3C63D044D759D715322FD07A6F365FB10F18C1F0F126C6B4675","100","15","one TCP client and one sequential IMAP session per sample","0","PASS","45FA907CE0D3797C1E13EBB2F03F076A25656CCE27E801C18F745ACD3944FBBD","5136EEC556F9790732AE759EF52F77FE6172329EA55787A80300C4A824107E46","1","955","True","False","3915.745",,"True","1000","True","True","1000","True"
"512e2cc0-5ebd-4d17-b7cf-a18a28bccdb4","MANIFEST_BOUND","hmail-perf-pair-service-20260901","06EFCBA9520D478A6DAC7ABB7F09F3B63D015A0CD5ECA1EB4D0FD2CC8C38F9FD","net10","hmail_perf_pair_net10_20260831_head3","C:\hmail-perf-pair-service-20260901\net10\Data","393449EA88D8D3C63D044D759D715322FD07A6F365FB10F18C1F0F126C6B4675","100","15","one TCP client and one sequential IMAP session per sample","0","PASS","45FA907CE0D3797C1E13EBB2F03F076A25656CCE27E801C18F745ACD3944FBBD","5136EEC556F9790732AE759EF52F77FE6172329EA55787A80300C4A824107E46","1","956","True","False","3956.879",,"True","1000","True","True","1000","True"
"512e2cc0-5ebd-4d17-b7cf-a18a28bccdb4","MANIFEST_BOUND","hmail-perf-pair-service-20260901","06EFCBA9520D478A6DAC7ABB7F09F3B63D015A0CD5ECA1EB4D0FD2CC8C38F9FD","net10","hmail_perf_pair_net10_20260831_head3","C:\hmail-perf-pair-service-20260901\net10\Data","393449EA88D8D3C63D044D759D715322FD07A6F365FB10F18C1F0F126C6B4675","100","15","one TCP client and one sequential IMAP session per sample","0","PASS","45FA907CE0D3797C1E13EBB2F03F076A25656CCE27E801C18F745ACD3944FBBD","5136EEC556F9790732AE759EF52F77FE6172329EA55787A80300C4A824107E46","1","957","True","False","3941.969",,"True","1000","True","True","1000","True"
"512e2cc0-5ebd-4d17-b7cf-a18a28bccdb4","MANIFEST_BOUND","hmail-perf-pair-service-20260901","06EFCBA9520D478A6DAC7ABB7F09F3B63D015A0CD5ECA1EB4D0FD2CC8C38F9FD","net10","hmail_perf_pair_net10_20260831_head3","C:\hmail-perf-pair-service-20260901\net10\Data","393449EA88D8D3C63D044D759D715322FD07A6F365FB10F18C1F0F126C6B4675","100","15","one TCP client and one sequential IMAP session per sample","0","PASS","45FA907CE0D3797C1E13EBB2F03F076A25656CCE27E801C18F745ACD3944FBBD","5136EEC556F9790732AE759EF52F77FE6172329EA55787A80300C4A824107E46","1","958","True","False","4067.949",,"True","1000","True","True","1000","True"
"512e2cc0-5ebd-4d17-b7cf-a18a28bccdb4","MANIFEST_BOUND","hmail-perf-pair-service-20260901","06EFCBA9520D478A6DAC7ABB7F09F3B63D015A0CD5ECA1EB4D0FD2CC8C38F9FD","net10","hmail_perf_pair_net10_20260831_head3","C:\hmail-perf-pair-service-20260901\net10\Data","393449EA88D8D3C63D044D759D715322FD07A6F365FB10F18C1F0F126C6B4675","100","15","one TCP client and one sequential IMAP session per sample","0","PASS","45FA907CE0D3797C1E13EBB2F03F076A25656CCE27E801C18F745ACD3944FBBD","5136EEC556F9790732AE759EF52F77FE6172329EA55787A80300C4A824107E46","1","959","True","False","3914.572",,"True","1000","True","True","1000","True"
"512e2cc0-5ebd-4d17-b7cf-a18a28bccdb4","MANIFEST_BOUND","hmail-perf-pair-service-20260901","06EFCBA9520D478A6DAC7ABB7F09F3B63D015A0CD5ECA1EB4D0FD2CC8C38F9FD","net10","hmail_perf_pair_net10_20260831_head3","C:\hmail-perf-pair-service-20260901\net10\Data","393449EA88D8D3C63D044D759D715322FD07A6F365FB10F18C1F0F126C6B4675","100","15","one TCP client and one sequential IMAP session per sample","0","PASS","45FA907CE0D3797C1E13EBB2F03F076A25656CCE27E801C18F745ACD3944FBBD","5136EEC556F9790732AE759EF52F77FE6172329EA55787A80300C4A824107E46","1","960","True","False","4147.865",,"True","1000","True","True","1000","True"
"512e2cc0-5ebd-4d17-b7cf-a18a28bccdb4","MANIFEST_BOUND","hmail-perf-pair-service-20260901","06EFCBA9520D478A6DAC7ABB7F09F3B63D015A0CD5ECA1EB4D0FD2CC8C38F9FD","net10","hmail_perf_pair_net10_20260831_head3","C:\hmail-perf-pair-service-20260901\net10\Data","393449EA88D8D3C63D044D759D715322FD07A6F365FB10F18C1F0F126C6B4675","100","15","one TCP client and one sequential IMAP session per sample","0","PASS","45FA907CE0D3797C1E13EBB2F03F076A25656CCE27E801C18F745ACD3944FBBD","5136EEC556F9790732AE759EF52F77FE6172329EA55787A80300C4A824107E46","1","961","True","False","3957.871",,"True","1000","True","True","1000","True"
"512e2cc0-5ebd-4d17-b7cf-a18a28bccdb4","MANIFEST_BOUND","hmail-perf-pair-service-20260901","06EFCBA9520D478A6DAC7ABB7F09F3B63D015A0CD5ECA1EB4D0FD2CC8C38F9FD","net10","hmail_perf_pair_net10_20260831_head3","C:\hmail-perf-pair-service-20260901\net10\Data","393449EA88D8D3C63D044D759D715322FD07A6F365FB10F18C1F0F126C6B4675","100","15","one TCP client and one sequential IMAP session per sample","0","PASS","45FA907CE0D3797C1E13EBB2F03F076A25656CCE27E801C18F745ACD3944FBBD","5136EEC556F9790732AE759EF52F77FE6172329EA55787A80300C4A824107E46","1","962","True","False","3941.285",,"True","1000","True","True","1000","True"
"512e2cc0-5ebd-4d17-b7cf-a18a28bccdb4","MANIFEST_BOUND","hmail-perf-pair-service-20260901","06EFCBA9520D478A6DAC7ABB7F09F3B63D015A0CD5ECA1EB4D0FD2CC8C38F9FD","net10","hmail_perf_pair_net10_20260831_head3","C:\hmail-perf-pair-service-20260901\net10\Data","393449EA88D8D3C63D044D759D715322FD07A6F365FB10F18C1F0F126C6B4675","100","15","one TCP client and one sequential IMAP session per sample","0","PASS","45FA907CE0D3797C1E13EBB2F03F076A25656CCE27E801C18F745ACD3944FBBD","5136EEC556F9790732AE759EF52F77FE6172329EA55787A80300C4A824107E46","1","963","True","False","4023.774",,"True","1000","True","True","1000","True"
"512e2cc0-5ebd-4d17-b7cf-a18a28bccdb4","MANIFEST_BOUND","hmail-perf-pair-service-20260901","06EFCBA9520D478A6DAC7ABB7F09F3B63D015A0CD5ECA1EB4D0FD2CC8C38F9FD","net10","hmail_perf_pair_net10_20260831_head3","C:\hmail-perf-pair-service-20260901\net10\Data","393449EA88D8D3C63D044D759D715322FD07A6F365FB10F18C1F0F126C6B4675","100","15","one TCP client and one sequential IMAP session per sample","0","PASS","45FA907CE0D3797C1E13EBB2F03F076A25656CCE27E801C18F745ACD3944FBBD","5136EEC556F9790732AE759EF52F77FE6172329EA55787A80300C4A824107E46","1","964","True","False","4112.795",,"True","1000","True","True","1000","True"
"512e2cc0-5ebd-4d17-b7cf-a18a28bccdb4","MANIFEST_BOUND","hmail-perf-pair-service-20260901","06EFCBA9520D478A6DAC7ABB7F09F3B63D015A0CD5ECA1EB4D0FD2CC8C38F9FD","net10","hmail_perf_pair_net10_20260831_head3","C:\hmail-perf-pair-service-20260901\net10\Data","393449EA88D8D3C63D044D759D715322FD07A6F365FB10F18C1F0F126C6B4675","100","15","one TCP client and one sequential IMAP session per sample","0","PASS","45FA907CE0D3797C1E13EBB2F03F076A25656CCE27E801C18F745ACD3944FBBD","5136EEC556F9790732AE759EF52F77FE6172329EA55787A80300C4A824107E46","1","965","True","False","4023.842",,"True","1000","True","True","1000","True"
"512e2cc0-5ebd-4d17-b7cf-a18a28bccdb4","MANIFEST_BOUND","hmail-perf-pair-service-20260901","06EFCBA9520D478A6DAC7ABB7F09F3B63D015A0CD5ECA1EB4D0FD2CC8C38F9FD","net10","hmail_perf_pair_net10_20260831_head3","C:\hmail-perf-pair-service-20260901\net10\Data","393449EA88D8D3C63D044D759D715322FD07A6F365FB10F18C1F0F126C6B4675","100","15","one TCP client and one sequential IMAP session per sample","0","PASS","45FA907CE0D3797C1E13EBB2F03F076A25656CCE27E801C18F745ACD3944FBBD","5136EEC556F9790732AE759EF52F77FE6172329EA55787A80300C4A824107E46","1","966","True","False","3926.918",,"True","1000","True","True","1000","True"
"512e2cc0-5ebd-4d17-b7cf-a18a28bccdb4","MANIFEST_BOUND","hmail-perf-pair-service-20260901","06EFCBA9520D478A6DAC7ABB7F09F3B63D015A0CD5ECA1EB4D0FD2CC8C38F9FD","net10","hmail_perf_pair_net10_20260831_head3","C:\hmail-perf-pair-service-20260901\net10\Data","393449EA88D8D3C63D044D759D715322FD07A6F365FB10F18C1F0F126C6B4675","100","15","one TCP client and one sequential IMAP session per sample","0","PASS","45FA907CE0D3797C1E13EBB2F03F076A25656CCE27E801C18F745ACD3944FBBD","5136EEC556F9790732AE759EF52F77FE6172329EA55787A80300C4A824107E46","1","967","True","False","4159.574",,"True","1000","True","True","1000","True"
"512e2cc0-5ebd-4d17-b7cf-a18a28bccdb4","MANIFEST_BOUND","hmail-perf-pair-service-20260901","06EFCBA9520D478A6DAC7ABB7F09F3B63D015A0CD5ECA1EB4D0FD2CC8C38F9FD","net10","hmail_perf_pair_net10_20260831_head3","C:\hmail-perf-pair-service-20260901\net10\Data","393449EA88D8D3C63D044D759D715322FD07A6F365FB10F18C1F0F126C6B4675","100","15","one TCP client and one sequential IMAP session per sample","0","PASS","45FA907CE0D3797C1E13EBB2F03F076A25656CCE27E801C18F745ACD3944FBBD","5136EEC556F9790732AE759EF52F77FE6172329EA55787A80300C4A824107E46","1","968","True","False","4037.074",,"True","1000","True","True","1000","True"
"512e2cc0-5ebd-4d17-b7cf-a18a28bccdb4","MANIFEST_BOUND","hmail-perf-pair-service-20260901","06EFCBA9520D478A6DAC7ABB7F09F3B63D015A0CD5ECA1EB4D0FD2CC8C38F9FD","net10","hmail_perf_pair_net10_20260831_head3","C:\hmail-perf-pair-service-20260901\net10\Data","393449EA88D8D3C63D044D759D715322FD07A6F365FB10F18C1F0F126C6B4675","100","15","one TCP client and one sequential IMAP session per sample","0","PASS","45FA907CE0D3797C1E13EBB2F03F076A25656CCE27E801C18F745ACD3944FBBD","5136EEC556F9790732AE759EF52F77FE6172329EA55787A80300C4A824107E46","1","969","True","False","3936.209",,"True","1000","True","True","1000","True"
"512e2cc0-5ebd-4d17-b7cf-a18a28bccdb4","MANIFEST_BOUND","hmail-perf-pair-service-20260901","06EFCBA9520D478A6DAC7ABB7F09F3B63D015A0CD5ECA1EB4D0FD2CC8C38F9FD","net10","hmail_perf_pair_net10_20260831_head3","C:\hmail-perf-pair-service-20260901\net10\Data","393449EA88D8D3C63D044D759D715322FD07A6F365FB10F18C1F0F126C6B4675","100","15","one TCP client and one sequential IMAP session per sample","0","PASS","45FA907CE0D3797C1E13EBB2F03F076A25656CCE27E801C18F745ACD3944FBBD","5136EEC556F9790732AE759EF52F77FE6172329EA55787A80300C4A824107E46","1","970","True","False","3897.675",,"True","1000","True","True","1000","True"
"512e2cc0-5ebd-4d17-b7cf-a18a28bccdb4","MANIFEST_BOUND","hmail-perf-pair-service-20260901","06EFCBA9520D478A6DAC7ABB7F09F3B63D015A0CD5ECA1EB4D0FD2CC8C38F9FD","net10","hmail_perf_pair_net10_20260831_head3","C:\hmail-perf-pair-service-20260901\net10\Data","393449EA88D8D3C63D044D759D715322FD07A6F365FB10F18C1F0F126C6B4675","100","15","one TCP client and one sequential IMAP session per sample","0","PASS","45FA907CE0D3797C1E13EBB2F03F076A25656CCE27E801C18F745ACD3944FBBD","5136EEC556F9790732AE759EF52F77FE6172329EA55787A80300C4A824107E46","1","971","True","False","3938.292",,"True","1000","True","True","1000","True"
"512e2cc0-5ebd-4d17-b7cf-a18a28bccdb4","MANIFEST_BOUND","hmail-perf-pair-service-20260901","06EFCBA9520D478A6DAC7ABB7F09F3B63D015A0CD5ECA1EB4D0FD2CC8C38F9FD","net10","hmail_perf_pair_net10_20260831_head3","C:\hmail-perf-pair-service-20260901\net10\Data","393449EA88D8D3C63D044D759D715322FD07A6F365FB10F18C1F0F126C6B4675","100","15","one TCP client and one sequential IMAP session per sample","0","PASS","45FA907CE0D3797C1E13EBB2F03F076A25656CCE27E801C18F745ACD3944FBBD","5136EEC556F9790732AE759EF52F77FE6172329EA55787A80300C4A824107E46","1","972","True","False","3914.301",,"True","1000","True","True","1000","True"
"512e2cc0-5ebd-4d17-b7cf-a18a28bccdb4","MANIFEST_BOUND","hmail-perf-pair-service-20260901","06EFCBA9520D478A6DAC7ABB7F09F3B63D015A0CD5ECA1EB4D0FD2CC8C38F9FD","net10","hmail_perf_pair_net10_20260831_head3","C:\hmail-perf-pair-service-20260901\net10\Data","393449EA88D8D3C63D044D759D715322FD07A6F365FB10F18C1F0F126C6B4675","100","15","one TCP client and one sequential IMAP session per sample","0","PASS","45FA907CE0D3797C1E13EBB2F03F076A25656CCE27E801C18F745ACD3944FBBD","5136EEC556F9790732AE759EF52F77FE6172329EA55787A80300C4A824107E46","1","973","True","False","3941.298",,"True","1000","True","True","1000","True"
"512e2cc0-5ebd-4d17-b7cf-a18a28bccdb4","MANIFEST_BOUND","hmail-perf-pair-service-20260901","06EFCBA9520D478A6DAC7ABB7F09F3B63D015A0CD5ECA1EB4D0FD2CC8C38F9FD","net10","hmail_perf_pair_net10_20260831_head3","C:\hmail-perf-pair-service-20260901\net10\Data","393449EA88D8D3C63D044D759D715322FD07A6F365FB10F18C1F0F126C6B4675","100","15","one TCP client and one sequential IMAP session per sample","0","PASS","45FA907CE0D3797C1E13EBB2F03F076A25656CCE27E801C18F745ACD3944FBBD","5136EEC556F9790732AE759EF52F77FE6172329EA55787A80300C4A824107E46","1","974","True","False","3914.065",,"True","1000","True","True","1000","True"
"512e2cc0-5ebd-4d17-b7cf-a18a28bccdb4","MANIFEST_BOUND","hmail-perf-pair-service-20260901","06EFCBA9520D478A6DAC7ABB7F09F3B63D015A0CD5ECA1EB4D0FD2CC8C38F9FD","net10","hmail_perf_pair_net10_20260831_head3","C:\hmail-perf-pair-service-20260901\net10\Data","393449EA88D8D3C63D044D759D715322FD07A6F365FB10F18C1F0F126C6B4675","100","15","one TCP client and one sequential IMAP session per sample","0","PASS","45FA907CE0D3797C1E13EBB2F03F076A25656CCE27E801C18F745ACD3944FBBD","5136EEC556F9790732AE759EF52F77FE6172329EA55787A80300C4A824107E46","1","975","True","False","3956.959",,"True","1000","True","True","1000","True"
"512e2cc0-5ebd-4d17-b7cf-a18a28bccdb4","MANIFEST_BOUND","hmail-perf-pair-service-20260901","06EFCBA9520D478A6DAC7ABB7F09F3B63D015A0CD5ECA1EB4D0FD2CC8C38F9FD","net10","hmail_perf_pair_net10_20260831_head3","C:\hmail-perf-pair-service-20260901\net10\Data","393449EA88D8D3C63D044D759D715322FD07A6F365FB10F18C1F0F126C6B4675","100","15","one TCP client and one sequential IMAP session per sample","0","PASS","45FA907CE0D3797C1E13EBB2F03F076A25656CCE27E801C18F745ACD3944FBBD","5136EEC556F9790732AE759EF52F77FE6172329EA55787A80300C4A824107E46","1","976","True","False","4067.935",,"True","1000","True","True","1000","True"
"512e2cc0-5ebd-4d17-b7cf-a18a28bccdb4","MANIFEST_BOUND","hmail-perf-pair-service-20260901","06EFCBA9520D478A6DAC7ABB7F09F3B63D015A0CD5ECA1EB4D0FD2CC8C38F9FD","net10","hmail_perf_pair_net10_20260831_head3","C:\hmail-perf-pair-service-20260901\net10\Data","393449EA88D8D3C63D044D759D715322FD07A6F365FB10F18C1F0F126C6B4675","100","15","one TCP client and one sequential IMAP session per sample","0","PASS","45FA907CE0D3797C1E13EBB2F03F076A25656CCE27E801C18F745ACD3944FBBD","5136EEC556F9790732AE759EF52F77FE6172329EA55787A80300C4A824107E46","1","977","True","False","3932.442",,"True","1000","True","True","1000","True"
"512e2cc0-5ebd-4d17-b7cf-a18a28bccdb4","MANIFEST_BOUND","hmail-perf-pair-service-20260901","06EFCBA9520D478A6DAC7ABB7F09F3B63D015A0CD5ECA1EB4D0FD2CC8C38F9FD","net10","hmail_perf_pair_net10_20260831_head3","C:\hmail-perf-pair-service-20260901\net10\Data","393449EA88D8D3C63D044D759D715322FD07A6F365FB10F18C1F0F126C6B4675","100","15","one TCP client and one sequential IMAP session per sample","0","PASS","45FA907CE0D3797C1E13EBB2F03F076A25656CCE27E801C18F745ACD3944FBBD","5136EEC556F9790732AE759EF52F77FE6172329EA55787A80300C4A824107E46","1","978","True","False","3940.587",,"True","1000","True","True","1000","True"
"512e2cc0-5ebd-4d17-b7cf-a18a28bccdb4","MANIFEST_BOUND","hmail-perf-pair-service-20260901","06EFCBA9520D478A6DAC7ABB7F09F3B63D015A0CD5ECA1EB4D0FD2CC8C38F9FD","net10","hmail_perf_pair_net10_20260831_head3","C:\hmail-perf-pair-service-20260901\net10\Data","393449EA88D8D3C63D044D759D715322FD07A6F365FB10F18C1F0F126C6B4675","100","15","one TCP client and one sequential IMAP session per sample","0","PASS","45FA907CE0D3797C1E13EBB2F03F076A25656CCE27E801C18F745ACD3944FBBD","5136EEC556F9790732AE759EF52F77FE6172329EA55787A80300C4A824107E46","1","979","True","False","4081.303",,"True","1000","True","True","1000","True"
"512e2cc0-5ebd-4d17-b7cf-a18a28bccdb4","MANIFEST_BOUND","hmail-perf-pair-service-20260901","06EFCBA9520D478A6DAC7ABB7F09F3B63D015A0CD5ECA1EB4D0FD2CC8C38F9FD","net10","hmail_perf_pair_net10_20260831_head3","C:\hmail-perf-pair-service-20260901\net10\Data","393449EA88D8D3C63D044D759D715322FD07A6F365FB10F18C1F0F126C6B4675","100","15","one TCP client and one sequential IMAP session per sample","0","PASS","45FA907CE0D3797C1E13EBB2F03F076A25656CCE27E801C18F745ACD3944FBBD","5136EEC556F9790732AE759EF52F77FE6172329EA55787A80300C4A824107E46","1","980","True","False","4083.026",,"True","1000","True","True","1000","True"
"512e2cc0-5ebd-4d17-b7cf-a18a28bccdb4","MANIFEST_BOUND","hmail-perf-pair-service-20260901","06EFCBA9520D478A6DAC7ABB7F09F3B63D015A0CD5ECA1EB4D0FD2CC8C38F9FD","net10","hmail_perf_pair_net10_20260831_head3","C:\hmail-perf-pair-service-20260901\net10\Data","393449EA88D8D3C63D044D759D715322FD07A6F365FB10F18C1F0F126C6B4675","100","15","one TCP client and one sequential IMAP session per sample","0","PASS","45FA907CE0D3797C1E13EBB2F03F076A25656CCE27E801C18F745ACD3944FBBD","5136EEC556F9790732AE759EF52F77FE6172329EA55787A80300C4A824107E46","1","981","True","False","3990.255",,"True","1000","True","True","1000","True"
"512e2cc0-5ebd-4d17-b7cf-a18a28bccdb4","MANIFEST_BOUND","hmail-perf-pair-service-20260901","06EFCBA9520D478A6DAC7ABB7F09F3B63D015A0CD5ECA1EB4D0FD2CC8C38F9FD","net10","hmail_perf_pair_net10_20260831_head3","C:\hmail-perf-pair-service-20260901\net10\Data","393449EA88D8D3C63D044D759D715322FD07A6F365FB10F18C1F0F126C6B4675","100","15","one TCP client and one sequential IMAP session per sample","0","PASS","45FA907CE0D3797C1E13EBB2F03F076A25656CCE27E801C18F745ACD3944FBBD","5136EEC556F9790732AE759EF52F77FE6172329EA55787A80300C4A824107E46","1","982","True","False","4100.267",,"True","1000","True","True","1000","True"
"512e2cc0-5ebd-4d17-b7cf-a18a28bccdb4","MANIFEST_BOUND","hmail-perf-pair-service-20260901","06EFCBA9520D478A6DAC7ABB7F09F3B63D015A0CD5ECA1EB4D0FD2CC8C38F9FD","net10","hmail_perf_pair_net10_20260831_head3","C:\hmail-perf-pair-service-20260901\net10\Data","393449EA88D8D3C63D044D759D715322FD07A6F365FB10F18C1F0F126C6B4675","100","15","one TCP client and one sequential IMAP session per sample","0","PASS","45FA907CE0D3797C1E13EBB2F03F076A25656CCE27E801C18F745ACD3944FBBD","5136EEC556F9790732AE759EF52F77FE6172329EA55787A80300C4A824107E46","1","983","True","False","3957.991",,"True","1000","True","True","1000","True"
"512e2cc0-5ebd-4d17-b7cf-a18a28bccdb4","MANIFEST_BOUND","hmail-perf-pair-service-20260901","06EFCBA9520D478A6DAC7ABB7F09F3B63D015A0CD5ECA1EB4D0FD2CC8C38F9FD","net10","hmail_perf_pair_net10_20260831_head3","C:\hmail-perf-pair-service-20260901\net10\Data","393449EA88D8D3C63D044D759D715322FD07A6F365FB10F18C1F0F126C6B4675","100","15","one TCP client and one sequential IMAP session per sample","0","PASS","45FA907CE0D3797C1E13EBB2F03F076A25656CCE27E801C18F745ACD3944FBBD","5136EEC556F9790732AE759EF52F77FE6172329EA55787A80300C4A824107E46","1","984","True","False","3956.31",,"True","1000","True","True","1000","True"
"512e2cc0-5ebd-4d17-b7cf-a18a28bccdb4","MANIFEST_BOUND","hmail-perf-pair-service-20260901","06EFCBA9520D478A6DAC7ABB7F09F3B63D015A0CD5ECA1EB4D0FD2CC8C38F9FD","net10","hmail_perf_pair_net10_20260831_head3","C:\hmail-perf-pair-service-20260901\net10\Data","393449EA88D8D3C63D044D759D715322FD07A6F365FB10F18C1F0F126C6B4675","100","15","one TCP client and one sequential IMAP session per sample","0","PASS","45FA907CE0D3797C1E13EBB2F03F076A25656CCE27E801C18F745ACD3944FBBD","5136EEC556F9790732AE759EF52F77FE6172329EA55787A80300C4A824107E46","1","985","True","False","4084.886",,"True","1000","True","True","1000","True"
"512e2cc0-5ebd-4d17-b7cf-a18a28bccdb4","MANIFEST_BOUND","hmail-perf-pair-service-20260901","06EFCBA9520D478A6DAC7ABB7F09F3B63D015A0CD5ECA1EB4D0FD2CC8C38F9FD","net10","hmail_perf_pair_net10_20260831_head3","C:\hmail-perf-pair-service-20260901\net10\Data","393449EA88D8D3C63D044D759D715322FD07A6F365FB10F18C1F0F126C6B4675","100","15","one TCP client and one sequential IMAP session per sample","0","PASS","45FA907CE0D3797C1E13EBB2F03F076A25656CCE27E801C18F745ACD3944FBBD","5136EEC556F9790732AE759EF52F77FE6172329EA55787A80300C4A824107E46","1","986","True","False","3973.827",,"True","1000","True","True","1000","True"
"512e2cc0-5ebd-4d17-b7cf-a18a28bccdb4","MANIFEST_BOUND","hmail-perf-pair-service-20260901","06EFCBA9520D478A6DAC7ABB7F09F3B63D015A0CD5ECA1EB4D0FD2CC8C38F9FD","net10","hmail_perf_pair_net10_20260831_head3","C:\hmail-perf-pair-service-20260901\net10\Data","393449EA88D8D3C63D044D759D715322FD07A6F365FB10F18C1F0F126C6B4675","100","15","one TCP client and one sequential IMAP session per sample","0","PASS","45FA907CE0D3797C1E13EBB2F03F076A25656CCE27E801C18F745ACD3944FBBD","5136EEC556F9790732AE759EF52F77FE6172329EA55787A80300C4A824107E46","1","987","True","False","3956.172",,"True","1000","True","True","1000","True"
"512e2cc0-5ebd-4d17-b7cf-a18a28bccdb4","MANIFEST_BOUND","hmail-perf-pair-service-20260901","06EFCBA9520D478A6DAC7ABB7F09F3B63D015A0CD5ECA1EB4D0FD2CC8C38F9FD","net10","hmail_perf_pair_net10_20260831_head3","C:\hmail-perf-pair-service-20260901\net10\Data","393449EA88D8D3C63D044D759D715322FD07A6F365FB10F18C1F0F126C6B4675","100","15","one TCP client and one sequential IMAP session per sample","0","PASS","45FA907CE0D3797C1E13EBB2F03F076A25656CCE27E801C18F745ACD3944FBBD","5136EEC556F9790732AE759EF52F77FE6172329EA55787A80300C4A824107E46","1","988","True","False","3960.092",,"True","1000","True","True","1000","True"
"512e2cc0-5ebd-4d17-b7cf-a18a28bccdb4","MANIFEST_BOUND","hmail-perf-pair-service-20260901","06EFCBA9520D478A6DAC7ABB7F09F3B63D015A0CD5ECA1EB4D0FD2CC8C38F9FD","net10","hmail_perf_pair_net10_20260831_head3","C:\hmail-perf-pair-service-20260901\net10\Data","393449EA88D8D3C63D044D759D715322FD07A6F365FB10F18C1F0F126C6B4675","100","15","one TCP client and one sequential IMAP session per sample","0","PASS","45FA907CE0D3797C1E13EBB2F03F076A25656CCE27E801C18F745ACD3944FBBD","5136EEC556F9790732AE759EF52F77FE6172329EA55787A80300C4A824107E46","1","989","True","False","4048.951",,"True","1000","True","True","1000","True"
"512e2cc0-5ebd-4d17-b7cf-a18a28bccdb4","MANIFEST_BOUND","hmail-perf-pair-service-20260901","06EFCBA9520D478A6DAC7ABB7F09F3B63D015A0CD5ECA1EB4D0FD2CC8C38F9FD","net10","hmail_perf_pair_net10_20260831_head3","C:\hmail-perf-pair-service-20260901\net10\Data","393449EA88D8D3C63D044D759D715322FD07A6F365FB10F18C1F0F126C6B4675","100","15","one TCP client and one sequential IMAP session per sample","0","PASS","45FA907CE0D3797C1E13EBB2F03F076A25656CCE27E801C18F745ACD3944FBBD","5136EEC556F9790732AE759EF52F77FE6172329EA55787A80300C4A824107E46","1","990","True","False","4147.198",,"True","1000","True","True","1000","True"
"512e2cc0-5ebd-4d17-b7cf-a18a28bccdb4","MANIFEST_BOUND","hmail-perf-pair-service-20260901","06EFCBA9520D478A6DAC7ABB7F09F3B63D015A0CD5ECA1EB4D0FD2CC8C38F9FD","net10","hmail_perf_pair_net10_20260831_head3","C:\hmail-perf-pair-service-20260901\net10\Data","393449EA88D8D3C63D044D759D715322FD07A6F365FB10F18C1F0F126C6B4675","100","15","one TCP client and one sequential IMAP session per sample","0","PASS","45FA907CE0D3797C1E13EBB2F03F076A25656CCE27E801C18F745ACD3944FBBD","5136EEC556F9790732AE759EF52F77FE6172329EA55787A80300C4A824107E46","1","991","True","False","4098.285",,"True","1000","True","True","1000","True"
"512e2cc0-5ebd-4d17-b7cf-a18a28bccdb4","MANIFEST_BOUND","hmail-perf-pair-service-20260901","06EFCBA9520D478A6DAC7ABB7F09F3B63D015A0CD5ECA1EB4D0FD2CC8C38F9FD","net10","hmail_perf_pair_net10_20260831_head3","C:\hmail-perf-pair-service-20260901\net10\Data","393449EA88D8D3C63D044D759D715322FD07A6F365FB10F18C1F0F126C6B4675","100","15","one TCP client and one sequential IMAP session per sample","0","PASS","45FA907CE0D3797C1E13EBB2F03F076A25656CCE27E801C18F745ACD3944FBBD","5136EEC556F9790732AE759EF52F77FE6172329EA55787A80300C4A824107E46","1","992","True","False","3940.106",,"True","1000","True","True","1000","True"
"512e2cc0-5ebd-4d17-b7cf-a18a28bccdb4","MANIFEST_BOUND","hmail-perf-pair-service-20260901","06EFCBA9520D478A6DAC7ABB7F09F3B63D015A0CD5ECA1EB4D0FD2CC8C38F9FD","net10","hmail_perf_pair_net10_20260831_head3","C:\hmail-perf-pair-service-20260901\net10\Data","393449EA88D8D3C63D044D759D715322FD07A6F365FB10F18C1F0F126C6B4675","100","15","one TCP client and one sequential IMAP session per sample","0","PASS","45FA907CE0D3797C1E13EBB2F03F076A25656CCE27E801C18F745ACD3944FBBD","5136EEC556F9790732AE759EF52F77FE6172329EA55787A80300C4A824107E46","1","993","True","False","3935.032",,"True","1000","True","True","1000","True"
"512e2cc0-5ebd-4d17-b7cf-a18a28bccdb4","MANIFEST_BOUND","hmail-perf-pair-service-20260901","06EFCBA9520D478A6DAC7ABB7F09F3B63D015A0CD5ECA1EB4D0FD2CC8C38F9FD","net10","hmail_perf_pair_net10_20260831_head3","C:\hmail-perf-pair-service-20260901\net10\Data","393449EA88D8D3C63D044D759D715322FD07A6F365FB10F18C1F0F126C6B4675","100","15","one TCP client and one sequential IMAP session per sample","0","PASS","45FA907CE0D3797C1E13EBB2F03F076A25656CCE27E801C18F745ACD3944FBBD","5136EEC556F9790732AE759EF52F77FE6172329EA55787A80300C4A824107E46","1","994","True","False","3956.693",,"True","1000","True","True","1000","True"
"512e2cc0-5ebd-4d17-b7cf-a18a28bccdb4","MANIFEST_BOUND","hmail-perf-pair-service-20260901","06EFCBA9520D478A6DAC7ABB7F09F3B63D015A0CD5ECA1EB4D0FD2CC8C38F9FD","net10","hmail_perf_pair_net10_20260831_head3","C:\hmail-perf-pair-service-20260901\net10\Data","393449EA88D8D3C63D044D759D715322FD07A6F365FB10F18C1F0F126C6B4675","100","15","one TCP client and one sequential IMAP session per sample","0","PASS","45FA907CE0D3797C1E13EBB2F03F076A25656CCE27E801C18F745ACD3944FBBD","5136EEC556F9790732AE759EF52F77FE6172329EA55787A80300C4A824107E46","1","995","True","False","3990.372",,"True","1000","True","True","1000","True"
"512e2cc0-5ebd-4d17-b7cf-a18a28bccdb4","MANIFEST_BOUND","hmail-perf-pair-service-20260901","06EFCBA9520D478A6DAC7ABB7F09F3B63D015A0CD5ECA1EB4D0FD2CC8C38F9FD","net10","hmail_perf_pair_net10_20260831_head3","C:\hmail-perf-pair-service-20260901\net10\Data","393449EA88D8D3C63D044D759D715322FD07A6F365FB10F18C1F0F126C6B4675","100","15","one TCP client and one sequential IMAP session per sample","0","PASS","45FA907CE0D3797C1E13EBB2F03F076A25656CCE27E801C18F745ACD3944FBBD","5136EEC556F9790732AE759EF52F77FE6172329EA55787A80300C4A824107E46","1","996","True","False","3937.098",,"True","1000","True","True","1000","True"
"512e2cc0-5ebd-4d17-b7cf-a18a28bccdb4","MANIFEST_BOUND","hmail-perf-pair-service-20260901","06EFCBA9520D478A6DAC7ABB7F09F3B63D015A0CD5ECA1EB4D0FD2CC8C38F9FD","net10","hmail_perf_pair_net10_20260831_head3","C:\hmail-perf-pair-service-20260901\net10\Data","393449EA88D8D3C63D044D759D715322FD07A6F365FB10F18C1F0F126C6B4675","100","15","one TCP client and one sequential IMAP session per sample","0","PASS","45FA907CE0D3797C1E13EBB2F03F076A25656CCE27E801C18F745ACD3944FBBD","5136EEC556F9790732AE759EF52F77FE6172329EA55787A80300C4A824107E46","1","997","True","False","3934.947",,"True","1000","True","True","1000","True"
"512e2cc0-5ebd-4d17-b7cf-a18a28bccdb4","MANIFEST_BOUND","hmail-perf-pair-service-20260901","06EFCBA9520D478A6DAC7ABB7F09F3B63D015A0CD5ECA1EB4D0FD2CC8C38F9FD","net10","hmail_perf_pair_net10_20260831_head3","C:\hmail-perf-pair-service-20260901\net10\Data","393449EA88D8D3C63D044D759D715322FD07A6F365FB10F18C1F0F126C6B4675","100","15","one TCP client and one sequential IMAP session per sample","0","PASS","45FA907CE0D3797C1E13EBB2F03F076A25656CCE27E801C18F745ACD3944FBBD","5136EEC556F9790732AE759EF52F77FE6172329EA55787A80300C4A824107E46","1","998","True","False","4129.59",,"True","1000","True","True","1000","True"
"512e2cc0-5ebd-4d17-b7cf-a18a28bccdb4","MANIFEST_BOUND","hmail-perf-pair-service-20260901","06EFCBA9520D478A6DAC7ABB7F09F3B63D015A0CD5ECA1EB4D0FD2CC8C38F9FD","net10","hmail_perf_pair_net10_20260831_head3","C:\hmail-perf-pair-service-20260901\net10\Data","393449EA88D8D3C63D044D759D715322FD07A6F365FB10F18C1F0F126C6B4675","100","15","one TCP client and one sequential IMAP session per sample","0","PASS","45FA907CE0D3797C1E13EBB2F03F076A25656CCE27E801C18F745ACD3944FBBD","5136EEC556F9790732AE759EF52F77FE6172329EA55787A80300C4A824107E46","1","999","True","False","4005.058",,"True","1000","True","True","1000","True"
"512e2cc0-5ebd-4d17-b7cf-a18a28bccdb4","MANIFEST_BOUND","hmail-perf-pair-service-20260901","06EFCBA9520D478A6DAC7ABB7F09F3B63D015A0CD5ECA1EB4D0FD2CC8C38F9FD","net10","hmail_perf_pair_net10_20260831_head3","C:\hmail-perf-pair-service-20260901\net10\Data","393449EA88D8D3C63D044D759D715322FD07A6F365FB10F18C1F0F126C6B4675","100","15","one TCP client and one sequential IMAP session per sample","0","PASS","45FA907CE0D3797C1E13EBB2F03F076A25656CCE27E801C18F745ACD3944FBBD","5136EEC556F9790732AE759EF52F77FE6172329EA55787A80300C4A824107E46","1","1000","True","False","1169.945",,"True","1000","True","True","1000","True"
