"runId","provenanceStatus","fixtureId","manifestSha256","implementation","database","dataRoot","executableSha256","runStartAttestationStatus","runStartDataSha256","runStartMessageSha256","scenario","sequence","ok","ms","error"
"d31ec0dc-985f-4f6c-a10b-26435ecad610","MANIFEST_BOUND","hmail-perf-pair-delivery-20260901","A83052CA61D7F3853E97522D3F72DDA595DB61811511435D3030E4E230E8B07E","cpp","hmail_perf_pair_cpp_20260831_225556","C:\hmail-perf-pair-delivery-20260901\cpp\Data","B3DF9E8BBF4BEDB1102C94DF7C86356E1FEABCBC02A18E8EABEB1EA1453D09B8","PASS","45FA907CE0D3797C1E13EBB2F03F076A25656CCE27E801C18F745ACD3944FBBD","5136EEC556F9790732AE759EF52F77FE6172329EA55787A80300C4A824107E46","smtp-message-acceptance","1","True","37.931",
"d31ec0dc-985f-4f6c-a10b-26435ecad610","MANIFEST_BOUND","hmail-perf-pair-delivery-20260901","A83052CA61D7F3853E97522D3F72DDA595DB61811511435D3030E4E230E8B07E","cpp","hmail_perf_pair_cpp_20260831_225556","C:\hmail-perf-pair-delivery-20260901\cpp\Data","B3DF9E8BBF4BEDB1102C94DF7C86356E1FEABCBC02A18E8EABEB1EA1453D09B8","PASS","45FA907CE0D3797C1E13EBB2F03F076A25656CCE27E801C18F745ACD3944FBBD","5136EEC556F9790732AE759EF52F77FE6172329EA55787A80300C4A824107E46","smtp-message-acceptance","2","True","7.104",
"d31ec0dc-985f-4f6c-a10b-26435ecad610","MANIFEST_BOUND","hmail-perf-pair-delivery-20260901","A83052CA61D7F3853E97522D3F72DDA595DB61811511435D3030E4E230E8B07E","cpp","hmail_perf_pair_cpp_20260831_225556","C:\hmail-perf-pair-delivery-20260901\cpp\Data","B3DF9E8BBF4BEDB1102C94DF7C86356E1FEABCBC02A18E8EABEB1EA1453D09B8","PASS","45FA907CE0D3797C1E13EBB2F03F076A25656CCE27E801C18F745ACD3944FBBD","5136EEC556F9790732AE759EF52F77FE6172329EA55787A80300C4A824107E46","smtp-message-acceptance","3","True","7.299",
"d31ec0dc-985f-4f6c-a10b-26435ecad610","MANIFEST_BOUND","hmail-perf-pair-delivery-20260901","A83052CA61D7F3853E97522D3F72DDA595DB61811511435D3030E4E230E8B07E","cpp","hmail_perf_pair_cpp_20260831_225556","C:\hmail-perf-pair-delivery-20260901\cpp\Data","B3DF9E8BBF4BEDB1102C94DF7C86356E1FEABCBC02A18E8EABEB1EA1453D09B8","PASS","45FA907CE0D3797C1E13EBB2F03F076A25656CCE27E801C18F745ACD3944FBBD","5136EEC556F9790732AE759EF52F77FE6172329EA55787A80300C4A824107E46","smtp-message-acceptance","4","True","7.54",
"d31ec0dc-985f-4f6c-a10b-26435ecad610","MANIFEST_BOUND","hmail-perf-pair-delivery-20260901","A83052CA61D7F3853E97522D3F72DDA595DB61811511435D3030E4E230E8B07E","cpp","hmail_perf_pair_cpp_20260831_225556","C:\hmail-perf-pair-delivery-20260901\cpp\Data","B3DF9E8BBF4BEDB1102C94DF7C86356E1FEABCBC02A18E8EABEB1EA1453D09B8","PASS","45FA907CE0D3797C1E13EBB2F03F076A25656CCE27E801C18F745ACD3944FBBD","5136EEC556F9790732AE759EF52F77FE6172329EA55787A80300C4A824107E46","smtp-message-acceptance","5","True","6.81",
"d31ec0dc-985f-4f6c-a10b-26435ecad610","MANIFEST_BOUND","hmail-perf-pair-delivery-20260901","A83052CA61D7F3853E97522D3F72DDA595DB61811511435D3030E4E230E8B07E","cpp","hmail_perf_pair_cpp_20260831_225556","C:\hmail-perf-pair-delivery-20260901\cpp\Data","B3DF9E8BBF4BEDB1102C94DF7C86356E1FEABCBC02A18E8EABEB1EA1453D09B8","PASS","45FA907CE0D3797C1E13EBB2F03F076A25656CCE27E801C18F745ACD3944FBBD","5136EEC556F9790732AE759EF52F77FE6172329EA55787A80300C4A824107E46","smtp-message-acceptance","6","True","6.872",
"d31ec0dc-985f-4f6c-a10b-26435ecad610","MANIFEST_BOUND","hmail-perf-pair-delivery-20260901","A83052CA61D7F3853E97522D3F72DDA595DB61811511435D3030E4E230E8B07E","cpp","hmail_perf_pair_cpp_20260831_225556","C:\hmail-perf-pair-delivery-20260901\cpp\Data","B3DF9E8BBF4BEDB1102C94DF7C86356E1FEABCBC02A18E8EABEB1EA1453D09B8","PASS","45FA907CE0D3797C1E13EBB2F03F076A25656CCE27E801C18F745ACD3944FBBD","5136EEC556F9790732AE759EF52F77FE6172329EA55787A80300C4A824107E46","smtp-message-acceptance","7","True","7.568",
"d31ec0dc-985f-4f6c-a10b-26435ecad610","MANIFEST_BOUND","hmail-perf-pair-delivery-20260901","A83052CA61D7F3853E97522D3F72DDA595DB61811511435D3030E4E230E8B07E","cpp","hmail_perf_pair_cpp_20260831_225556","C:\hmail-perf-pair-delivery-20260901\cpp\Data","B3DF9E8BBF4BEDB1102C94DF7C86356E1FEABCBC02A18E8EABEB1EA1453D09B8","PASS","45FA907CE0D3797C1E13EBB2F03F076A25656CCE27E801C18F745ACD3944FBBD","5136EEC556F9790732AE759EF52F77FE6172329EA55787A80300C4A824107E46","smtp-message-acceptance","8","True","7.634",
"d31ec0dc-985f-4f6c-a10b-26435ecad610","MANIFEST_BOUND","hmail-perf-pair-delivery-20260901","A83052CA61D7F3853E97522D3F72DDA595DB61811511435D3030E4E230E8B07E","cpp","hmail_perf_pair_cpp_20260831_225556","C:\hmail-perf-pair-delivery-20260901\cpp\Data","B3DF9E8BBF4BEDB1102C94DF7C86356E1FEABCBC02A18E8EABEB1EA1453D09B8","PASS","45FA907CE0D3797C1E13EBB2F03F076A25656CCE27E801C18F745ACD3944FBBD","5136EEC556F9790732AE759EF52F77FE6172329EA55787A80300C4A824107E46","smtp-message-acceptance","9","True","6.796",
"d31ec0dc-985f-4f6c-a10b-26435ecad610","MANIFEST_BOUND","hmail-perf-pair-delivery-20260901","A83052CA61D7F3853E97522D3F72DDA595DB61811511435D3030E4E230E8B07E","cpp","hmail_perf_pair_cpp_20260831_225556","C:\hmail-perf-pair-delivery-20260901\cpp\Data","B3DF9E8BBF4BEDB1102C94DF7C86356E1FEABCBC02A18E8EABEB1EA1453D09B8","PASS","45FA907CE0D3797C1E13EBB2F03F076A25656CCE27E801C18F745ACD3944FBBD","5136EEC556F9790732AE759EF52F77FE6172329EA55787A80300C4A824107E46","smtp-message-acceptance","10","True","6.637",
"d31ec0dc-985f-4f6c-a10b-26435ecad610","MANIFEST_BOUND","hmail-perf-pair-delivery-20260901","A83052CA61D7F3853E97522D3F72DDA595DB61811511435D3030E4E230E8B07E","cpp","hmail_perf_pair_cpp_20260831_225556","C:\hmail-perf-pair-delivery-20260901\cpp\Data","B3DF9E8BBF4BEDB1102C94DF7C86356E1FEABCBC02A18E8EABEB1EA1453D09B8","PASS","45FA907CE0D3797C1E13EBB2F03F076A25656CCE27E801C18F745ACD3944FBBD","5136EEC556F9790732AE759EF52F77FE6172329EA55787A80300C4A824107E46","smtp-message-acceptance","11","True","6.652",
"d31ec0dc-985f-4f6c-a10b-26435ecad610","MANIFEST_BOUND","hmail-perf-pair-delivery-20260901","A83052CA61D7F3853E97522D3F72DDA595DB61811511435D3030E4E230E8B07E","cpp","hmail_perf_pair_cpp_20260831_225556","C:\hmail-perf-pair-delivery-20260901\cpp\Data","B3DF9E8BBF4BEDB1102C94DF7C86356E1FEABCBC02A18E8EABEB1EA1453D09B8","PASS","45FA907CE0D3797C1E13EBB2F03F076A25656CCE27E801C18F745ACD3944FBBD","5136EEC556F9790732AE759EF52F77FE6172329EA55787A80300C4A824107E46","smtp-message-acceptance","12","True","7.078",
"d31ec0dc-985f-4f6c-a10b-26435ecad610","MANIFEST_BOUND","hmail-perf-pair-delivery-20260901","A83052CA61D7F3853E97522D3F72DDA595DB61811511435D3030E4E230E8B07E","cpp","hmail_perf_pair_cpp_20260831_225556","C:\hmail-perf-pair-delivery-20260901\cpp\Data","B3DF9E8BBF4BEDB1102C94DF7C86356E1FEABCBC02A18E8EABEB1EA1453D09B8","PASS","45FA907CE0D3797C1E13EBB2F03F076A25656CCE27E801C18F745ACD3944FBBD","5136EEC556F9790732AE759EF52F77FE6172329EA55787A80300C4A824107E46","smtp-message-acceptance","13","True","6.98",
"d31ec0dc-985f-4f6c-a10b-26435ecad610","MANIFEST_BOUND","hmail-perf-pair-delivery-20260901","A83052CA61D7F3853E97522D3F72DDA595DB61811511435D3030E4E230E8B07E","cpp","hmail_perf_pair_cpp_20260831_225556","C:\hmail-perf-pair-delivery-20260901\cpp\Data","B3DF9E8BBF4BEDB1102C94DF7C86356E1FEABCBC02A18E8EABEB1EA1453D09B8","PASS","45FA907CE0D3797C1E13EBB2F03F076A25656CCE27E801C18F745ACD3944FBBD","5136EEC556F9790732AE759EF52F77FE6172329EA55787A80300C4A824107E46","smtp-message-acceptance","14","True","6.628",
"d31ec0dc-985f-4f6c-a10b-26435ecad610","MANIFEST_BOUND","hmail-perf-pair-delivery-20260901","A83052CA61D7F3853E97522D3F72DDA595DB61811511435D3030E4E230E8B07E","cpp","hmail_perf_pair_cpp_20260831_225556","C:\hmail-perf-pair-delivery-20260901\cpp\Data","B3DF9E8BBF4BEDB1102C94DF7C86356E1FEABCBC02A18E8EABEB1EA1453D09B8","PASS","45FA907CE0D3797C1E13EBB2F03F076A25656CCE27E801C18F745ACD3944FBBD","5136EEC556F9790732AE759EF52F77FE6172329EA55787A80300C4A824107E46","smtp-message-acceptance","15","True","6.818",
"d31ec0dc-985f-4f6c-a10b-26435ecad610","MANIFEST_BOUND","hmail-perf-pair-delivery-20260901","A83052CA61D7F3853E97522D3F72DDA595DB61811511435D3030E4E230E8B07E","cpp","hmail_perf_pair_cpp_20260831_225556","C:\hmail-perf-pair-delivery-20260901\cpp\Data","B3DF9E8BBF4BEDB1102C94DF7C86356E1FEABCBC02A18E8EABEB1EA1453D09B8","PASS","45FA907CE0D3797C1E13EBB2F03F076A25656CCE27E801C18F745ACD3944FBBD","5136EEC556F9790732AE759EF52F77FE6172329EA55787A80300C4A824107E46","smtp-message-acceptance","16","True","6.72",
"d31ec0dc-985f-4f6c-a10b-26435ecad610","MANIFEST_BOUND","hmail-perf-pair-delivery-20260901","A83052CA61D7F3853E97522D3F72DDA595DB61811511435D3030E4E230E8B07E","cpp","hmail_perf_pair_cpp_20260831_225556","C:\hmail-perf-pair-delivery-20260901\cpp\Data","B3DF9E8BBF4BEDB1102C94DF7C86356E1FEABCBC02A18E8EABEB1EA1453D09B8","PASS","45FA907CE0D3797C1E13EBB2F03F076A25656CCE27E801C18F745ACD3944FBBD","5136EEC556F9790732AE759EF52F77FE6172329EA55787A80300C4A824107E46","smtp-message-acceptance","17","True","27.853",
"d31ec0dc-985f-4f6c-a10b-26435ecad610","MANIFEST_BOUND","hmail-perf-pair-delivery-20260901","A83052CA61D7F3853E97522D3F72DDA595DB61811511435D3030E4E230E8B07E","cpp","hmail_perf_pair_cpp_20260831_225556","C:\hmail-perf-pair-delivery-20260901\cpp\Data","B3DF9E8BBF4BEDB1102C94DF7C86356E1FEABCBC02A18E8EABEB1EA1453D09B8","PASS","45FA907CE0D3797C1E13EBB2F03F076A25656CCE27E801C18F745ACD3944FBBD","5136EEC556F9790732AE759EF52F77FE6172329EA55787A80300C4A824107E46","smtp-message-acceptance","18","True","6.977",
"d31ec0dc-985f-4f6c-a10b-26435ecad610","MANIFEST_BOUND","hmail-perf-pair-delivery-20260901","A83052CA61D7F3853E97522D3F72DDA595DB61811511435D3030E4E230E8B07E","cpp","hmail_perf_pair_cpp_20260831_225556","C:\hmail-perf-pair-delivery-20260901\cpp\Data","B3DF9E8BBF4BEDB1102C94DF7C86356E1FEABCBC02A18E8EABEB1EA1453D09B8","PASS","45FA907CE0D3797C1E13EBB2F03F076A25656CCE27E801C18F745ACD3944FBBD","5136EEC556F9790732AE759EF52F77FE6172329EA55787A80300C4A824107E46","smtp-message-acceptance","19","True","6.57",
"d31ec0dc-985f-4f6c-a10b-26435ecad610","MANIFEST_BOUND","hmail-perf-pair-delivery-20260901","A83052CA61D7F3853E97522D3F72DDA595DB61811511435D3030E4E230E8B07E","cpp","hmail_perf_pair_cpp_20260831_225556","C:\hmail-perf-pair-delivery-20260901\cpp\Data","B3DF9E8BBF4BEDB1102C94DF7C86356E1FEABCBC02A18E8EABEB1EA1453D09B8","PASS","45FA907CE0D3797C1E13EBB2F03F076A25656CCE27E801C18F745ACD3944FBBD","5136EEC556F9790732AE759EF52F77FE6172329EA55787A80300C4A824107E46","smtp-message-acceptance","20","True","7.035",
"d31ec0dc-985f-4f6c-a10b-26435ecad610","MANIFEST_BOUND","hmail-perf-pair-delivery-20260901","A83052CA61D7F3853E97522D3F72DDA595DB61811511435D3030E4E230E8B07E","cpp","hmail_perf_pair_cpp_20260831_225556","C:\hmail-perf-pair-delivery-20260901\cpp\Data","B3DF9E8BBF4BEDB1102C94DF7C86356E1FEABCBC02A18E8EABEB1EA1453D09B8","PASS","45FA907CE0D3797C1E13EBB2F03F076A25656CCE27E801C18F745ACD3944FBBD","5136EEC556F9790732AE759EF52F77FE6172329EA55787A80300C4A824107E46","smtp-message-acceptance","21","True","7.338",
"d31ec0dc-985f-4f6c-a10b-26435ecad610","MANIFEST_BOUND","hmail-perf-pair-delivery-20260901","A83052CA61D7F3853E97522D3F72DDA595DB61811511435D3030E4E230E8B07E","cpp","hmail_perf_pair_cpp_20260831_225556","C:\hmail-perf-pair-delivery-20260901\cpp\Data","B3DF9E8BBF4BEDB1102C94DF7C86356E1FEABCBC02A18E8EABEB1EA1453D09B8","PASS","45FA907CE0D3797C1E13EBB2F03F076A25656CCE27E801C18F745ACD3944FBBD","5136EEC556F9790732AE759EF52F77FE6172329EA55787A80300C4A824107E46","smtp-message-acceptance","22","True","6.606",
"d31ec0dc-985f-4f6c-a10b-26435ecad610","MANIFEST_BOUND","hmail-perf-pair-delivery-20260901","A83052CA61D7F3853E97522D3F72DDA595DB61811511435D3030E4E230E8B07E","cpp","hmail_perf_pair_cpp_20260831_225556","C:\hmail-perf-pair-delivery-20260901\cpp\Data","B3DF9E8BBF4BEDB1102C94DF7C86356E1FEABCBC02A18E8EABEB1EA1453D09B8","PASS","45FA907CE0D3797C1E13EBB2F03F076A25656CCE27E801C18F745ACD3944FBBD","5136EEC556F9790732AE759EF52F77FE6172329EA55787A80300C4A824107E46","smtp-message-acceptance","23","True","6.631",
"d31ec0dc-985f-4f6c-a10b-26435ecad610","MANIFEST_BOUND","hmail-perf-pair-delivery-20260901","A83052CA61D7F3853E97522D3F72DDA595DB61811511435D3030E4E230E8B07E","cpp","hmail_perf_pair_cpp_20260831_225556","C:\hmail-perf-pair-delivery-20260901\cpp\Data","B3DF9E8BBF4BEDB1102C94DF7C86356E1FEABCBC02A18E8EABEB1EA1453D09B8","PASS","45FA907CE0D3797C1E13EBB2F03F076A25656CCE27E801C18F745ACD3944FBBD","5136EEC556F9790732AE759EF52F77FE6172329EA55787A80300C4A824107E46","smtp-message-acceptance","24","True","6.488",
"d31ec0dc-985f-4f6c-a10b-26435ecad610","MANIFEST_BOUND","hmail-perf-pair-delivery-20260901","A83052CA61D7F3853E97522D3F72DDA595DB61811511435D3030E4E230E8B07E","cpp","hmail_perf_pair_cpp_20260831_225556","C:\hmail-perf-pair-delivery-20260901\cpp\Data","B3DF9E8BBF4BEDB1102C94DF7C86356E1FEABCBC02A18E8EABEB1EA1453D09B8","PASS","45FA907CE0D3797C1E13EBB2F03F076A25656CCE27E801C18F745ACD3944FBBD","5136EEC556F9790732AE759EF52F77FE6172329EA55787A80300C4A824107E46","smtp-message-acceptance","25","True","6.691",
"d31ec0dc-985f-4f6c-a10b-26435ecad610","MANIFEST_BOUND","hmail-perf-pair-delivery-20260901","A83052CA61D7F3853E97522D3F72DDA595DB61811511435D3030E4E230E8B07E","cpp","hmail_perf_pair_cpp_20260831_225556","C:\hmail-perf-pair-delivery-20260901\cpp\Data","B3DF9E8BBF4BEDB1102C94DF7C86356E1FEABCBC02A18E8EABEB1EA1453D09B8","PASS","45FA907CE0D3797C1E13EBB2F03F076A25656CCE27E801C18F745ACD3944FBBD","5136EEC556F9790732AE759EF52F77FE6172329EA55787A80300C4A824107E46","smtp-message-acceptance","26","True","6.549",
"d31ec0dc-985f-4f6c-a10b-26435ecad610","MANIFEST_BOUND","hmail-perf-pair-delivery-20260901","A83052CA61D7F3853E97522D3F72DDA595DB61811511435D3030E4E230E8B07E","cpp","hmail_perf_pair_cpp_20260831_225556","C:\hmail-perf-pair-delivery-20260901\cpp\Data","B3DF9E8BBF4BEDB1102C94DF7C86356E1FEABCBC02A18E8EABEB1EA1453D09B8","PASS","45FA907CE0D3797C1E13EBB2F03F076A25656CCE27E801C18F745ACD3944FBBD","5136EEC556F9790732AE759EF52F77FE6172329EA55787A80300C4A824107E46","smtp-message-acceptance","27","True","6.801",
"d31ec0dc-985f-4f6c-a10b-26435ecad610","MANIFEST_BOUND","hmail-perf-pair-delivery-20260901","A83052CA61D7F3853E97522D3F72DDA595DB61811511435D3030E4E230E8B07E","cpp","hmail_perf_pair_cpp_20260831_225556","C:\hmail-perf-pair-delivery-20260901\cpp\Data","B3DF9E8BBF4BEDB1102C94DF7C86356E1FEABCBC02A18E8EABEB1EA1453D09B8","PASS","45FA907CE0D3797C1E13EBB2F03F076A25656CCE27E801C18F745ACD3944FBBD","5136EEC556F9790732AE759EF52F77FE6172329EA55787A80300C4A824107E46","smtp-message-acceptance","28","True","6.853",
"d31ec0dc-985f-4f6c-a10b-26435ecad610","MANIFEST_BOUND","hmail-perf-pair-delivery-20260901","A83052CA61D7F3853E97522D3F72DDA595DB61811511435D3030E4E230E8B07E","cpp","hmail_perf_pair_cpp_20260831_225556","C:\hmail-perf-pair-delivery-20260901\cpp\Data","B3DF9E8BBF4BEDB1102C94DF7C86356E1FEABCBC02A18E8EABEB1EA1453D09B8","PASS","45FA907CE0D3797C1E13EBB2F03F076A25656CCE27E801C18F745ACD3944FBBD","5136EEC556F9790732AE759EF52F77FE6172329EA55787A80300C4A824107E46","smtp-message-acceptance","29","True","6.639",
"d31ec0dc-985f-4f6c-a10b-26435ecad610","MANIFEST_BOUND","hmail-perf-pair-delivery-20260901","A83052CA61D7F3853E97522D3F72DDA595DB61811511435D3030E4E230E8B07E","cpp","hmail_perf_pair_cpp_20260831_225556","C:\hmail-perf-pair-delivery-20260901\cpp\Data","B3DF9E8BBF4BEDB1102C94DF7C86356E1FEABCBC02A18E8EABEB1EA1453D09B8","PASS","45FA907CE0D3797C1E13EBB2F03F076A25656CCE27E801C18F745ACD3944FBBD","5136EEC556F9790732AE759EF52F77FE6172329EA55787A80300C4A824107E46","smtp-message-acceptance","30","True","6.626",
"d31ec0dc-985f-4f6c-a10b-26435ecad610","MANIFEST_BOUND","hmail-perf-pair-delivery-20260901","A83052CA61D7F3853E97522D3F72DDA595DB61811511435D3030E4E230E8B07E","cpp","hmail_perf_pair_cpp_20260831_225556","C:\hmail-perf-pair-delivery-20260901\cpp\Data","B3DF9E8BBF4BEDB1102C94DF7C86356E1FEABCBC02A18E8EABEB1EA1453D09B8","PASS","45FA907CE0D3797C1E13EBB2F03F076A25656CCE27E801C18F745ACD3944FBBD","5136EEC556F9790732AE759EF52F77FE6172329EA55787A80300C4A824107E46","smtp-message-acceptance","31","True","7.404",
"d31ec0dc-985f-4f6c-a10b-26435ecad610","MANIFEST_BOUND","hmail-perf-pair-delivery-20260901","A83052CA61D7F3853E97522D3F72DDA595DB61811511435D3030E4E230E8B07E","cpp","hmail_perf_pair_cpp_20260831_225556","C:\hmail-perf-pair-delivery-20260901\cpp\Data","B3DF9E8BBF4BEDB1102C94DF7C86356E1FEABCBC02A18E8EABEB1EA1453D09B8","PASS","45FA907CE0D3797C1E13EBB2F03F076A25656CCE27E801C18F745ACD3944FBBD","5136EEC556F9790732AE759EF52F77FE6172329EA55787A80300C4A824107E46","smtp-message-acceptance","32","True","6.303",
"d31ec0dc-985f-4f6c-a10b-26435ecad610","MANIFEST_BOUND","hmail-perf-pair-delivery-20260901","A83052CA61D7F3853E97522D3F72DDA595DB61811511435D3030E4E230E8B07E","cpp","hmail_perf_pair_cpp_20260831_225556","C:\hmail-perf-pair-delivery-20260901\cpp\Data","B3DF9E8BBF4BEDB1102C94DF7C86356E1FEABCBC02A18E8EABEB1EA1453D09B8","PASS","45FA907CE0D3797C1E13EBB2F03F076A25656CCE27E801C18F745ACD3944FBBD","5136EEC556F9790732AE759EF52F77FE6172329EA55787A80300C4A824107E46","smtp-message-acceptance","33","True","7.808",
"d31ec0dc-985f-4f6c-a10b-26435ecad610","MANIFEST_BOUND","hmail-perf-pair-delivery-20260901","A83052CA61D7F3853E97522D3F72DDA595DB61811511435D3030E4E230E8B07E","cpp","hmail_perf_pair_cpp_20260831_225556","C:\hmail-perf-pair-delivery-20260901\cpp\Data","B3DF9E8BBF4BEDB1102C94DF7C86356E1FEABCBC02A18E8EABEB1EA1453D09B8","PASS","45FA907CE0D3797C1E13EBB2F03F076A25656CCE27E801C18F745ACD3944FBBD","5136EEC556F9790732AE759EF52F77FE6172329EA55787A80300C4A824107E46","smtp-message-acceptance","34","True","7.53",
"d31ec0dc-985f-4f6c-a10b-26435ecad610","MANIFEST_BOUND","hmail-perf-pair-delivery-20260901","A83052CA61D7F3853E97522D3F72DDA595DB61811511435D3030E4E230E8B07E","cpp","hmail_perf_pair_cpp_20260831_225556","C:\hmail-perf-pair-delivery-20260901\cpp\Data","B3DF9E8BBF4BEDB1102C94DF7C86356E1FEABCBC02A18E8EABEB1EA1453D09B8","PASS","45FA907CE0D3797C1E13EBB2F03F076A25656CCE27E801C18F745ACD3944FBBD","5136EEC556F9790732AE759EF52F77FE6172329EA55787A80300C4A824107E46","smtp-message-acceptance","35","True","6.887",
"d31ec0dc-985f-4f6c-a10b-26435ecad610","MANIFEST_BOUND","hmail-perf-pair-delivery-20260901","A83052CA61D7F3853E97522D3F72DDA595DB61811511435D3030E4E230E8B07E","cpp","hmail_perf_pair_cpp_20260831_225556","C:\hmail-perf-pair-delivery-20260901\cpp\Data","B3DF9E8BBF4BEDB1102C94DF7C86356E1FEABCBC02A18E8EABEB1EA1453D09B8","PASS","45FA907CE0D3797C1E13EBB2F03F076A25656CCE27E801C18F745ACD3944FBBD","5136EEC556F9790732AE759EF52F77FE6172329EA55787A80300C4A824107E46","smtp-message-acceptance","36","True","7.828",
"d31ec0dc-985f-4f6c-a10b-26435ecad610","MANIFEST_BOUND","hmail-perf-pair-delivery-20260901","A83052CA61D7F3853E97522D3F72DDA595DB61811511435D3030E4E230E8B07E","cpp","hmail_perf_pair_cpp_20260831_225556","C:\hmail-perf-pair-delivery-20260901\cpp\Data","B3DF9E8BBF4BEDB1102C94DF7C86356E1FEABCBC02A18E8EABEB1EA1453D09B8","PASS","45FA907CE0D3797C1E13EBB2F03F076A25656CCE27E801C18F745ACD3944FBBD","5136EEC556F9790732AE759EF52F77FE6172329EA55787A80300C4A824107E46","smtp-message-acceptance","37","True","6.614",
"d31ec0dc-985f-4f6c-a10b-26435ecad610","MANIFEST_BOUND","hmail-perf-pair-delivery-20260901","A83052CA61D7F3853E97522D3F72DDA595DB61811511435D3030E4E230E8B07E","cpp","hmail_perf_pair_cpp_20260831_225556","C:\hmail-perf-pair-delivery-20260901\cpp\Data","B3DF9E8BBF4BEDB1102C94DF7C86356E1FEABCBC02A18E8EABEB1EA1453D09B8","PASS","45FA907CE0D3797C1E13EBB2F03F076A25656CCE27E801C18F745ACD3944FBBD","5136EEC556F9790732AE759EF52F77FE6172329EA55787A80300C4A824107E46","smtp-message-acceptance","38","True","6.525",
"d31ec0dc-985f-4f6c-a10b-26435ecad610","MANIFEST_BOUND","hmail-perf-pair-delivery-20260901","A83052CA61D7F3853E97522D3F72DDA595DB61811511435D3030E4E230E8B07E","cpp","hmail_perf_pair_cpp_20260831_225556","C:\hmail-perf-pair-delivery-20260901\cpp\Data","B3DF9E8BBF4BEDB1102C94DF7C86356E1FEABCBC02A18E8EABEB1EA1453D09B8","PASS","45FA907CE0D3797C1E13EBB2F03F076A25656CCE27E801C18F745ACD3944FBBD","5136EEC556F9790732AE759EF52F77FE6172329EA55787A80300C4A824107E46","smtp-message-acceptance","39","True","6.127",
"d31ec0dc-985f-4f6c-a10b-26435ecad610","MANIFEST_BOUND","hmail-perf-pair-delivery-20260901","A83052CA61D7F3853E97522D3F72DDA595DB61811511435D3030E4E230E8B07E","cpp","hmail_perf_pair_cpp_20260831_225556","C:\hmail-perf-pair-delivery-20260901\cpp\Data","B3DF9E8BBF4BEDB1102C94DF7C86356E1FEABCBC02A18E8EABEB1EA1453D09B8","PASS","45FA907CE0D3797C1E13EBB2F03F076A25656CCE27E801C18F745ACD3944FBBD","5136EEC556F9790732AE759EF52F77FE6172329EA55787A80300C4A824107E46","smtp-message-acceptance","40","True","6.351",
"d31ec0dc-985f-4f6c-a10b-26435ecad610","MANIFEST_BOUND","hmail-perf-pair-delivery-20260901","A83052CA61D7F3853E97522D3F72DDA595DB61811511435D3030E4E230E8B07E","cpp","hmail_perf_pair_cpp_20260831_225556","C:\hmail-perf-pair-delivery-20260901\cpp\Data","B3DF9E8BBF4BEDB1102C94DF7C86356E1FEABCBC02A18E8EABEB1EA1453D09B8","PASS","45FA907CE0D3797C1E13EBB2F03F076A25656CCE27E801C18F745ACD3944FBBD","5136EEC556F9790732AE759EF52F77FE6172329EA55787A80300C4A824107E46","smtp-message-acceptance","41","True","6.493",
"d31ec0dc-985f-4f6c-a10b-26435ecad610","MANIFEST_BOUND","hmail-perf-pair-delivery-20260901","A83052CA61D7F3853E97522D3F72DDA595DB61811511435D3030E4E230E8B07E","cpp","hmail_perf_pair_cpp_20260831_225556","C:\hmail-perf-pair-delivery-20260901\cpp\Data","B3DF9E8BBF4BEDB1102C94DF7C86356E1FEABCBC02A18E8EABEB1EA1453D09B8","PASS","45FA907CE0D3797C1E13EBB2F03F076A25656CCE27E801C18F745ACD3944FBBD","5136EEC556F9790732AE759EF52F77FE6172329EA55787A80300C4A824107E46","smtp-message-acceptance","42","True","6.715",
"d31ec0dc-985f-4f6c-a10b-26435ecad610","MANIFEST_BOUND","hmail-perf-pair-delivery-20260901","A83052CA61D7F3853E97522D3F72DDA595DB61811511435D3030E4E230E8B07E","cpp","hmail_perf_pair_cpp_20260831_225556","C:\hmail-perf-pair-delivery-20260901\cpp\Data","B3DF9E8BBF4BEDB1102C94DF7C86356E1FEABCBC02A18E8EABEB1EA1453D09B8","PASS","45FA907CE0D3797C1E13EBB2F03F076A25656CCE27E801C18F745ACD3944FBBD","5136EEC556F9790732AE759EF52F77FE6172329EA55787A80300C4A824107E46","smtp-message-acceptance","43","True","6.259",
"d31ec0dc-985f-4f6c-a10b-26435ecad610","MANIFEST_BOUND","hmail-perf-pair-delivery-20260901","A83052CA61D7F3853E97522D3F72DDA595DB61811511435D3030E4E230E8B07E","cpp","hmail_perf_pair_cpp_20260831_225556","C:\hmail-perf-pair-delivery-20260901\cpp\Data","B3DF9E8BBF4BEDB1102C94DF7C86356E1FEABCBC02A18E8EABEB1EA1453D09B8","PASS","45FA907CE0D3797C1E13EBB2F03F076A25656CCE27E801C18F745ACD3944FBBD","5136EEC556F9790732AE759EF52F77FE6172329EA55787A80300C4A824107E46","smtp-message-acceptance","44","True","6.856",
"d31ec0dc-985f-4f6c-a10b-26435ecad610","MANIFEST_BOUND","hmail-perf-pair-delivery-20260901","A83052CA61D7F3853E97522D3F72DDA595DB61811511435D3030E4E230E8B07E","cpp","hmail_perf_pair_cpp_20260831_225556","C:\hmail-perf-pair-delivery-20260901\cpp\Data","B3DF9E8BBF4BEDB1102C94DF7C86356E1FEABCBC02A18E8EABEB1EA1453D09B8","PASS","45FA907CE0D3797C1E13EBB2F03F076A25656CCE27E801C18F745ACD3944FBBD","5136EEC556F9790732AE759EF52F77FE6172329EA55787A80300C4A824107E46","smtp-message-acceptance","45","True","7.397",
"d31ec0dc-985f-4f6c-a10b-26435ecad610","MANIFEST_BOUND","hmail-perf-pair-delivery-20260901","A83052CA61D7F3853E97522D3F72DDA595DB61811511435D3030E4E230E8B07E","cpp","hmail_perf_pair_cpp_20260831_225556","C:\hmail-perf-pair-delivery-20260901\cpp\Data","B3DF9E8BBF4BEDB1102C94DF7C86356E1FEABCBC02A18E8EABEB1EA1453D09B8","PASS","45FA907CE0D3797C1E13EBB2F03F076A25656CCE27E801C18F745ACD3944FBBD","5136EEC556F9790732AE759EF52F77FE6172329EA55787A80300C4A824107E46","smtp-message-acceptance","46","True","6.94",
"d31ec0dc-985f-4f6c-a10b-26435ecad610","MANIFEST_BOUND","hmail-perf-pair-delivery-20260901","A83052CA61D7F3853E97522D3F72DDA595DB61811511435D3030E4E230E8B07E","cpp","hmail_perf_pair_cpp_20260831_225556","C:\hmail-perf-pair-delivery-20260901\cpp\Data","B3DF9E8BBF4BEDB1102C94DF7C86356E1FEABCBC02A18E8EABEB1EA1453D09B8","PASS","45FA907CE0D3797C1E13EBB2F03F076A25656CCE27E801C18F745ACD3944FBBD","5136EEC556F9790732AE759EF52F77FE6172329EA55787A80300C4A824107E46","smtp-message-acceptance","47","True","6.75",
"d31ec0dc-985f-4f6c-a10b-26435ecad610","MANIFEST_BOUND","hmail-perf-pair-delivery-20260901","A83052CA61D7F3853E97522D3F72DDA595DB61811511435D3030E4E230E8B07E","cpp","hmail_perf_pair_cpp_20260831_225556","C:\hmail-perf-pair-delivery-20260901\cpp\Data","B3DF9E8BBF4BEDB1102C94DF7C86356E1FEABCBC02A18E8EABEB1EA1453D09B8","PASS","45FA907CE0D3797C1E13EBB2F03F076A25656CCE27E801C18F745ACD3944FBBD","5136EEC556F9790732AE759EF52F77FE6172329EA55787A80300C4A824107E46","smtp-message-acceptance","48","True","7.072",
"d31ec0dc-985f-4f6c-a10b-26435ecad610","MANIFEST_BOUND","hmail-perf-pair-delivery-20260901","A83052CA61D7F3853E97522D3F72DDA595DB61811511435D3030E4E230E8B07E","cpp","hmail_perf_pair_cpp_20260831_225556","C:\hmail-perf-pair-delivery-20260901\cpp\Data","B3DF9E8BBF4BEDB1102C94DF7C86356E1FEABCBC02A18E8EABEB1EA1453D09B8","PASS","45FA907CE0D3797C1E13EBB2F03F076A25656CCE27E801C18F745ACD3944FBBD","5136EEC556F9790732AE759EF52F77FE6172329EA55787A80300C4A824107E46","smtp-message-acceptance","49","True","7.187",
"d31ec0dc-985f-4f6c-a10b-26435ecad610","MANIFEST_BOUND","hmail-perf-pair-delivery-20260901","A83052CA61D7F3853E97522D3F72DDA595DB61811511435D3030E4E230E8B07E","cpp","hmail_perf_pair_cpp_20260831_225556","C:\hmail-perf-pair-delivery-20260901\cpp\Data","B3DF9E8BBF4BEDB1102C94DF7C86356E1FEABCBC02A18E8EABEB1EA1453D09B8","PASS","45FA907CE0D3797C1E13EBB2F03F076A25656CCE27E801C18F745ACD3944FBBD","5136EEC556F9790732AE759EF52F77FE6172329EA55787A80300C4A824107E46","smtp-message-acceptance","50","True","6.231",
"d31ec0dc-985f-4f6c-a10b-26435ecad610","MANIFEST_BOUND","hmail-perf-pair-delivery-20260901","A83052CA61D7F3853E97522D3F72DDA595DB61811511435D3030E4E230E8B07E","cpp","hmail_perf_pair_cpp_20260831_225556","C:\hmail-perf-pair-delivery-20260901\cpp\Data","B3DF9E8BBF4BEDB1102C94DF7C86356E1FEABCBC02A18E8EABEB1EA1453D09B8","PASS","45FA907CE0D3797C1E13EBB2F03F076A25656CCE27E801C18F745ACD3944FBBD","5136EEC556F9790732AE759EF52F77FE6172329EA55787A80300C4A824107E46","smtp-message-acceptance","51","True","6.355",
"d31ec0dc-985f-4f6c-a10b-26435ecad610","MANIFEST_BOUND","hmail-perf-pair-delivery-20260901","A83052CA61D7F3853E97522D3F72DDA595DB61811511435D3030E4E230E8B07E","cpp","hmail_perf_pair_cpp_20260831_225556","C:\hmail-perf-pair-delivery-20260901\cpp\Data","B3DF9E8BBF4BEDB1102C94DF7C86356E1FEABCBC02A18E8EABEB1EA1453D09B8","PASS","45FA907CE0D3797C1E13EBB2F03F076A25656CCE27E801C18F745ACD3944FBBD","5136EEC556F9790732AE759EF52F77FE6172329EA55787A80300C4A824107E46","smtp-message-acceptance","52","True","6.248",
"d31ec0dc-985f-4f6c-a10b-26435ecad610","MANIFEST_BOUND","hmail-perf-pair-delivery-20260901","A83052CA61D7F3853E97522D3F72DDA595DB61811511435D3030E4E230E8B07E","cpp","hmail_perf_pair_cpp_20260831_225556","C:\hmail-perf-pair-delivery-20260901\cpp\Data","B3DF9E8BBF4BEDB1102C94DF7C86356E1FEABCBC02A18E8EABEB1EA1453D09B8","PASS","45FA907CE0D3797C1E13EBB2F03F076A25656CCE27E801C18F745ACD3944FBBD","5136EEC556F9790732AE759EF52F77FE6172329EA55787A80300C4A824107E46","smtp-message-acceptance","53","True","6.305",
"d31ec0dc-985f-4f6c-a10b-26435ecad610","MANIFEST_BOUND","hmail-perf-pair-delivery-20260901","A83052CA61D7F3853E97522D3F72DDA595DB61811511435D3030E4E230E8B07E","cpp","hmail_perf_pair_cpp_20260831_225556","C:\hmail-perf-pair-delivery-20260901\cpp\Data","B3DF9E8BBF4BEDB1102C94DF7C86356E1FEABCBC02A18E8EABEB1EA1453D09B8","PASS","45FA907CE0D3797C1E13EBB2F03F076A25656CCE27E801C18F745ACD3944FBBD","5136EEC556F9790732AE759EF52F77FE6172329EA55787A80300C4A824107E46","smtp-message-acceptance","54","True","6.237",
"d31ec0dc-985f-4f6c-a10b-26435ecad610","MANIFEST_BOUND","hmail-perf-pair-delivery-20260901","A83052CA61D7F3853E97522D3F72DDA595DB61811511435D3030E4E230E8B07E","cpp","hmail_perf_pair_cpp_20260831_225556","C:\hmail-perf-pair-delivery-20260901\cpp\Data","B3DF9E8BBF4BEDB1102C94DF7C86356E1FEABCBC02A18E8EABEB1EA1453D09B8","PASS","45FA907CE0D3797C1E13EBB2F03F076A25656CCE27E801C18F745ACD3944FBBD","5136EEC556F9790732AE759EF52F77FE6172329EA55787A80300C4A824107E46","smtp-message-acceptance","55","True","7.038",
"d31ec0dc-985f-4f6c-a10b-26435ecad610","MANIFEST_BOUND","hmail-perf-pair-delivery-20260901","A83052CA61D7F3853E97522D3F72DDA595DB61811511435D3030E4E230E8B07E","cpp","hmail_perf_pair_cpp_20260831_225556","C:\hmail-perf-pair-delivery-20260901\cpp\Data","B3DF9E8BBF4BEDB1102C94DF7C86356E1FEABCBC02A18E8EABEB1EA1453D09B8","PASS","45FA907CE0D3797C1E13EBB2F03F076A25656CCE27E801C18F745ACD3944FBBD","5136EEC556F9790732AE759EF52F77FE6172329EA55787A80300C4A824107E46","smtp-message-acceptance","56","True","6.652",
"d31ec0dc-985f-4f6c-a10b-26435ecad610","MANIFEST_BOUND","hmail-perf-pair-delivery-20260901","A83052CA61D7F3853E97522D3F72DDA595DB61811511435D3030E4E230E8B07E","cpp","hmail_perf_pair_cpp_20260831_225556","C:\hmail-perf-pair-delivery-20260901\cpp\Data","B3DF9E8BBF4BEDB1102C94DF7C86356E1FEABCBC02A18E8EABEB1EA1453D09B8","PASS","45FA907CE0D3797C1E13EBB2F03F076A25656CCE27E801C18F745ACD3944FBBD","5136EEC556F9790732AE759EF52F77FE6172329EA55787A80300C4A824107E46","smtp-message-acceptance","57","True","6.382",
"d31ec0dc-985f-4f6c-a10b-26435ecad610","MANIFEST_BOUND","hmail-perf-pair-delivery-20260901","A83052CA61D7F3853E97522D3F72DDA595DB61811511435D3030E4E230E8B07E","cpp","hmail_perf_pair_cpp_20260831_225556","C:\hmail-perf-pair-delivery-20260901\cpp\Data","B3DF9E8BBF4BEDB1102C94DF7C86356E1FEABCBC02A18E8EABEB1EA1453D09B8","PASS","45FA907CE0D3797C1E13EBB2F03F076A25656CCE27E801C18F745ACD3944FBBD","5136EEC556F9790732AE759EF52F77FE6172329EA55787A80300C4A824107E46","smtp-message-acceptance","58","True","6.416",
"d31ec0dc-985f-4f6c-a10b-26435ecad610","MANIFEST_BOUND","hmail-perf-pair-delivery-20260901","A83052CA61D7F3853E97522D3F72DDA595DB61811511435D3030E4E230E8B07E","cpp","hmail_perf_pair_cpp_20260831_225556","C:\hmail-perf-pair-delivery-20260901\cpp\Data","B3DF9E8BBF4BEDB1102C94DF7C86356E1FEABCBC02A18E8EABEB1EA1453D09B8","PASS","45FA907CE0D3797C1E13EBB2F03F076A25656CCE27E801C18F745ACD3944FBBD","5136EEC556F9790732AE759EF52F77FE6172329EA55787A80300C4A824107E46","smtp-message-acceptance","59","True","6.222",
"d31ec0dc-985f-4f6c-a10b-26435ecad610","MANIFEST_BOUND","hmail-perf-pair-delivery-20260901","A83052CA61D7F3853E97522D3F72DDA595DB61811511435D3030E4E230E8B07E","cpp","hmail_perf_pair_cpp_20260831_225556","C:\hmail-perf-pair-delivery-20260901\cpp\Data","B3DF9E8BBF4BEDB1102C94DF7C86356E1FEABCBC02A18E8EABEB1EA1453D09B8","PASS","45FA907CE0D3797C1E13EBB2F03F076A25656CCE27E801C18F745ACD3944FBBD","5136EEC556F9790732AE759EF52F77FE6172329EA55787A80300C4A824107E46","smtp-message-acceptance","60","True","6.594",
"d31ec0dc-985f-4f6c-a10b-26435ecad610","MANIFEST_BOUND","hmail-perf-pair-delivery-20260901","A83052CA61D7F3853E97522D3F72DDA595DB61811511435D3030E4E230E8B07E","cpp","hmail_perf_pair_cpp_20260831_225556","C:\hmail-perf-pair-delivery-20260901\cpp\Data","B3DF9E8BBF4BEDB1102C94DF7C86356E1FEABCBC02A18E8EABEB1EA1453D09B8","PASS","45FA907CE0D3797C1E13EBB2F03F076A25656CCE27E801C18F745ACD3944FBBD","5136EEC556F9790732AE759EF52F77FE6172329EA55787A80300C4A824107E46","smtp-message-acceptance","61","True","6.536",
"d31ec0dc-985f-4f6c-a10b-26435ecad610","MANIFEST_BOUND","hmail-perf-pair-delivery-20260901","A83052CA61D7F3853E97522D3F72DDA595DB61811511435D3030E4E230E8B07E","cpp","hmail_perf_pair_cpp_20260831_225556","C:\hmail-perf-pair-delivery-20260901\cpp\Data","B3DF9E8BBF4BEDB1102C94DF7C86356E1FEABCBC02A18E8EABEB1EA1453D09B8","PASS","45FA907CE0D3797C1E13EBB2F03F076A25656CCE27E801C18F745ACD3944FBBD","5136EEC556F9790732AE759EF52F77FE6172329EA55787A80300C4A824107E46","smtp-message-acceptance","62","True","6.616",
"d31ec0dc-985f-4f6c-a10b-26435ecad610","MANIFEST_BOUND","hmail-perf-pair-delivery-20260901","A83052CA61D7F3853E97522D3F72DDA595DB61811511435D3030E4E230E8B07E","cpp","hmail_perf_pair_cpp_20260831_225556","C:\hmail-perf-pair-delivery-20260901\cpp\Data","B3DF9E8BBF4BEDB1102C94DF7C86356E1FEABCBC02A18E8EABEB1EA1453D09B8","PASS","45FA907CE0D3797C1E13EBB2F03F076A25656CCE27E801C18F745ACD3944FBBD","5136EEC556F9790732AE759EF52F77FE6172329EA55787A80300C4A824107E46","smtp-message-acceptance","63","True","6.417",
"d31ec0dc-985f-4f6c-a10b-26435ecad610","MANIFEST_BOUND","hmail-perf-pair-delivery-20260901","A83052CA61D7F3853E97522D3F72DDA595DB61811511435D3030E4E230E8B07E","cpp","hmail_perf_pair_cpp_20260831_225556","C:\hmail-perf-pair-delivery-20260901\cpp\Data","B3DF9E8BBF4BEDB1102C94DF7C86356E1FEABCBC02A18E8EABEB1EA1453D09B8","PASS","45FA907CE0D3797C1E13EBB2F03F076A25656CCE27E801C18F745ACD3944FBBD","5136EEC556F9790732AE759EF52F77FE6172329EA55787A80300C4A824107E46","smtp-message-acceptance","64","True","6.911",
"d31ec0dc-985f-4f6c-a10b-26435ecad610","MANIFEST_BOUND","hmail-perf-pair-delivery-20260901","A83052CA61D7F3853E97522D3F72DDA595DB61811511435D3030E4E230E8B07E","cpp","hmail_perf_pair_cpp_20260831_225556","C:\hmail-perf-pair-delivery-20260901\cpp\Data","B3DF9E8BBF4BEDB1102C94DF7C86356E1FEABCBC02A18E8EABEB1EA1453D09B8","PASS","45FA907CE0D3797C1E13EBB2F03F076A25656CCE27E801C18F745ACD3944FBBD","5136EEC556F9790732AE759EF52F77FE6172329EA55787A80300C4A824107E46","smtp-message-acceptance","65","True","6.543",
"d31ec0dc-985f-4f6c-a10b-26435ecad610","MANIFEST_BOUND","hmail-perf-pair-delivery-20260901","A83052CA61D7F3853E97522D3F72DDA595DB61811511435D3030E4E230E8B07E","cpp","hmail_perf_pair_cpp_20260831_225556","C:\hmail-perf-pair-delivery-20260901\cpp\Data","B3DF9E8BBF4BEDB1102C94DF7C86356E1FEABCBC02A18E8EABEB1EA1453D09B8","PASS","45FA907CE0D3797C1E13EBB2F03F076A25656CCE27E801C18F745ACD3944FBBD","5136EEC556F9790732AE759EF52F77FE6172329EA55787A80300C4A824107E46","smtp-message-acceptance","66","True","6.815",
"d31ec0dc-985f-4f6c-a10b-26435ecad610","MANIFEST_BOUND","hmail-perf-pair-delivery-20260901","A83052CA61D7F3853E97522D3F72DDA595DB61811511435D3030E4E230E8B07E","cpp","hmail_perf_pair_cpp_20260831_225556","C:\hmail-perf-pair-delivery-20260901\cpp\Data","B3DF9E8BBF4BEDB1102C94DF7C86356E1FEABCBC02A18E8EABEB1EA1453D09B8","PASS","45FA907CE0D3797C1E13EBB2F03F076A25656CCE27E801C18F745ACD3944FBBD","5136EEC556F9790732AE759EF52F77FE6172329EA55787A80300C4A824107E46","smtp-message-acceptance","67","True","6.357",
"d31ec0dc-985f-4f6c-a10b-26435ecad610","MANIFEST_BOUND","hmail-perf-pair-delivery-20260901","A83052CA61D7F3853E97522D3F72DDA595DB61811511435D3030E4E230E8B07E","cpp","hmail_perf_pair_cpp_20260831_225556","C:\hmail-perf-pair-delivery-20260901\cpp\Data","B3DF9E8BBF4BEDB1102C94DF7C86356E1FEABCBC02A18E8EABEB1EA1453D09B8","PASS","45FA907CE0D3797C1E13EBB2F03F076A25656CCE27E801C18F745ACD3944FBBD","5136EEC556F9790732AE759EF52F77FE6172329EA55787A80300C4A824107E46","smtp-message-acceptance","68","True","6.722",
"d31ec0dc-985f-4f6c-a10b-26435ecad610","MANIFEST_BOUND","hmail-perf-pair-delivery-20260901","A83052CA61D7F3853E97522D3F72DDA595DB61811511435D3030E4E230E8B07E","cpp","hmail_perf_pair_cpp_20260831_225556","C:\hmail-perf-pair-delivery-20260901\cpp\Data","B3DF9E8BBF4BEDB1102C94DF7C86356E1FEABCBC02A18E8EABEB1EA1453D09B8","PASS","45FA907CE0D3797C1E13EBB2F03F076A25656CCE27E801C18F745ACD3944FBBD","5136EEC556F9790732AE759EF52F77FE6172329EA55787A80300C4A824107E46","smtp-message-acceptance","69","True","6.671",
"d31ec0dc-985f-4f6c-a10b-26435ecad610","MANIFEST_BOUND","hmail-perf-pair-delivery-20260901","A83052CA61D7F3853E97522D3F72DDA595DB61811511435D3030E4E230E8B07E","cpp","hmail_perf_pair_cpp_20260831_225556","C:\hmail-perf-pair-delivery-20260901\cpp\Data","B3DF9E8BBF4BEDB1102C94DF7C86356E1FEABCBC02A18E8EABEB1EA1453D09B8","PASS","45FA907CE0D3797C1E13EBB2F03F076A25656CCE27E801C18F745ACD3944FBBD","5136EEC556F9790732AE759EF52F77FE6172329EA55787A80300C4A824107E46","smtp-message-acceptance","70","True","6.914",
"d31ec0dc-985f-4f6c-a10b-26435ecad610","MANIFEST_BOUND","hmail-perf-pair-delivery-20260901","A83052CA61D7F3853E97522D3F72DDA595DB61811511435D3030E4E230E8B07E","cpp","hmail_perf_pair_cpp_20260831_225556","C:\hmail-perf-pair-delivery-20260901\cpp\Data","B3DF9E8BBF4BEDB1102C94DF7C86356E1FEABCBC02A18E8EABEB1EA1453D09B8","PASS","45FA907CE0D3797C1E13EBB2F03F076A25656CCE27E801C18F745ACD3944FBBD","5136EEC556F9790732AE759EF52F77FE6172329EA55787A80300C4A824107E46","smtp-message-acceptance","71","True","6.898",
"d31ec0dc-985f-4f6c-a10b-26435ecad610","MANIFEST_BOUND","hmail-perf-pair-delivery-20260901","A83052CA61D7F3853E97522D3F72DDA595DB61811511435D3030E4E230E8B07E","cpp","hmail_perf_pair_cpp_20260831_225556","C:\hmail-perf-pair-delivery-20260901\cpp\Data","B3DF9E8BBF4BEDB1102C94DF7C86356E1FEABCBC02A18E8EABEB1EA1453D09B8","PASS","45FA907CE0D3797C1E13EBB2F03F076A25656CCE27E801C18F745ACD3944FBBD","5136EEC556F9790732AE759EF52F77FE6172329EA55787A80300C4A824107E46","smtp-message-acceptance","72","True","6.904",
"d31ec0dc-985f-4f6c-a10b-26435ecad610","MANIFEST_BOUND","hmail-perf-pair-delivery-20260901","A83052CA61D7F3853E97522D3F72DDA595DB61811511435D3030E4E230E8B07E","cpp","hmail_perf_pair_cpp_20260831_225556","C:\hmail-perf-pair-delivery-20260901\cpp\Data","B3DF9E8BBF4BEDB1102C94DF7C86356E1FEABCBC02A18E8EABEB1EA1453D09B8","PASS","45FA907CE0D3797C1E13EBB2F03F076A25656CCE27E801C18F745ACD3944FBBD","5136EEC556F9790732AE759EF52F77FE6172329EA55787A80300C4A824107E46","smtp-message-acceptance","73","True","6.395",
"d31ec0dc-985f-4f6c-a10b-26435ecad610","MANIFEST_BOUND","hmail-perf-pair-delivery-20260901","A83052CA61D7F3853E97522D3F72DDA595DB61811511435D3030E4E230E8B07E","cpp","hmail_perf_pair_cpp_20260831_225556","C:\hmail-perf-pair-delivery-20260901\cpp\Data","B3DF9E8BBF4BEDB1102C94DF7C86356E1FEABCBC02A18E8EABEB1EA1453D09B8","PASS","45FA907CE0D3797C1E13EBB2F03F076A25656CCE27E801C18F745ACD3944FBBD","5136EEC556F9790732AE759EF52F77FE6172329EA55787A80300C4A824107E46","smtp-message-acceptance","74","True","6.52",
"d31ec0dc-985f-4f6c-a10b-26435ecad610","MANIFEST_BOUND","hmail-perf-pair-delivery-20260901","A83052CA61D7F3853E97522D3F72DDA595DB61811511435D3030E4E230E8B07E","cpp","hmail_perf_pair_cpp_20260831_225556","C:\hmail-perf-pair-delivery-20260901\cpp\Data","B3DF9E8BBF4BEDB1102C94DF7C86356E1FEABCBC02A18E8EABEB1EA1453D09B8","PASS","45FA907CE0D3797C1E13EBB2F03F076A25656CCE27E801C18F745ACD3944FBBD","5136EEC556F9790732AE759EF52F77FE6172329EA55787A80300C4A824107E46","smtp-message-acceptance","75","True","6.234",
"d31ec0dc-985f-4f6c-a10b-26435ecad610","MANIFEST_BOUND","hmail-perf-pair-delivery-20260901","A83052CA61D7F3853E97522D3F72DDA595DB61811511435D3030E4E230E8B07E","cpp","hmail_perf_pair_cpp_20260831_225556","C:\hmail-perf-pair-delivery-20260901\cpp\Data","B3DF9E8BBF4BEDB1102C94DF7C86356E1FEABCBC02A18E8EABEB1EA1453D09B8","PASS","45FA907CE0D3797C1E13EBB2F03F076A25656CCE27E801C18F745ACD3944FBBD","5136EEC556F9790732AE759EF52F77FE6172329EA55787A80300C4A824107E46","smtp-message-acceptance","76","True","6.563",
"d31ec0dc-985f-4f6c-a10b-26435ecad610","MANIFEST_BOUND","hmail-perf-pair-delivery-20260901","A83052CA61D7F3853E97522D3F72DDA595DB61811511435D3030E4E230E8B07E","cpp","hmail_perf_pair_cpp_20260831_225556","C:\hmail-perf-pair-delivery-20260901\cpp\Data","B3DF9E8BBF4BEDB1102C94DF7C86356E1FEABCBC02A18E8EABEB1EA1453D09B8","PASS","45FA907CE0D3797C1E13EBB2F03F076A25656CCE27E801C18F745ACD3944FBBD","5136EEC556F9790732AE759EF52F77FE6172329EA55787A80300C4A824107E46","smtp-message-acceptance","77","True","6.554",
"d31ec0dc-985f-4f6c-a10b-26435ecad610","MANIFEST_BOUND","hmail-perf-pair-delivery-20260901","A83052CA61D7F3853E97522D3F72DDA595DB61811511435D3030E4E230E8B07E","cpp","hmail_perf_pair_cpp_20260831_225556","C:\hmail-perf-pair-delivery-20260901\cpp\Data","B3DF9E8BBF4BEDB1102C94DF7C86356E1FEABCBC02A18E8EABEB1EA1453D09B8","PASS","45FA907CE0D3797C1E13EBB2F03F076A25656CCE27E801C18F745ACD3944FBBD","5136EEC556F9790732AE759EF52F77FE6172329EA55787A80300C4A824107E46","smtp-message-acceptance","78","True","7.114",
"d31ec0dc-985f-4f6c-a10b-26435ecad610","MANIFEST_BOUND","hmail-perf-pair-delivery-20260901","A83052CA61D7F3853E97522D3F72DDA595DB61811511435D3030E4E230E8B07E","cpp","hmail_perf_pair_cpp_20260831_225556","C:\hmail-perf-pair-delivery-20260901\cpp\Data","B3DF9E8BBF4BEDB1102C94DF7C86356E1FEABCBC02A18E8EABEB1EA1453D09B8","PASS","45FA907CE0D3797C1E13EBB2F03F076A25656CCE27E801C18F745ACD3944FBBD","5136EEC556F9790732AE759EF52F77FE6172329EA55787A80300C4A824107E46","smtp-message-acceptance","79","True","6.673",
"d31ec0dc-985f-4f6c-a10b-26435ecad610","MANIFEST_BOUND","hmail-perf-pair-delivery-20260901","A83052CA61D7F3853E97522D3F72DDA595DB61811511435D3030E4E230E8B07E","cpp","hmail_perf_pair_cpp_20260831_225556","C:\hmail-perf-pair-delivery-20260901\cpp\Data","B3DF9E8BBF4BEDB1102C94DF7C86356E1FEABCBC02A18E8EABEB1EA1453D09B8","PASS","45FA907CE0D3797C1E13EBB2F03F076A25656CCE27E801C18F745ACD3944FBBD","5136EEC556F9790732AE759EF52F77FE6172329EA55787A80300C4A824107E46","smtp-message-acceptance","80","True","6.615",
"d31ec0dc-985f-4f6c-a10b-26435ecad610","MANIFEST_BOUND","hmail-perf-pair-delivery-20260901","A83052CA61D7F3853E97522D3F72DDA595DB61811511435D3030E4E230E8B07E","cpp","hmail_perf_pair_cpp_20260831_225556","C:\hmail-perf-pair-delivery-20260901\cpp\Data","B3DF9E8BBF4BEDB1102C94DF7C86356E1FEABCBC02A18E8EABEB1EA1453D09B8","PASS","45FA907CE0D3797C1E13EBB2F03F076A25656CCE27E801C18F745ACD3944FBBD","5136EEC556F9790732AE759EF52F77FE6172329EA55787A80300C4A824107E46","smtp-message-acceptance","81","True","6.727",
"d31ec0dc-985f-4f6c-a10b-26435ecad610","MANIFEST_BOUND","hmail-perf-pair-delivery-20260901","A83052CA61D7F3853E97522D3F72DDA595DB61811511435D3030E4E230E8B07E","cpp","hmail_perf_pair_cpp_20260831_225556","C:\hmail-perf-pair-delivery-20260901\cpp\Data","B3DF9E8BBF4BEDB1102C94DF7C86356E1FEABCBC02A18E8EABEB1EA1453D09B8","PASS","45FA907CE0D3797C1E13EBB2F03F076A25656CCE27E801C18F745ACD3944FBBD","5136EEC556F9790732AE759EF52F77FE6172329EA55787A80300C4A824107E46","smtp-message-acceptance","82","True","6.69",
"d31ec0dc-985f-4f6c-a10b-26435ecad610","MANIFEST_BOUND","hmail-perf-pair-delivery-20260901","A83052CA61D7F3853E97522D3F72DDA595DB61811511435D3030E4E230E8B07E","cpp","hmail_perf_pair_cpp_20260831_225556","C:\hmail-perf-pair-delivery-20260901\cpp\Data","B3DF9E8BBF4BEDB1102C94DF7C86356E1FEABCBC02A18E8EABEB1EA1453D09B8","PASS","45FA907CE0D3797C1E13EBB2F03F076A25656CCE27E801C18F745ACD3944FBBD","5136EEC556F9790732AE759EF52F77FE6172329EA55787A80300C4A824107E46","smtp-message-acceptance","83","True","6.716",
"d31ec0dc-985f-4f6c-a10b-26435ecad610","MANIFEST_BOUND","hmail-perf-pair-delivery-20260901","A83052CA61D7F3853E97522D3F72DDA595DB61811511435D3030E4E230E8B07E","cpp","hmail_perf_pair_cpp_20260831_225556","C:\hmail-perf-pair-delivery-20260901\cpp\Data","B3DF9E8BBF4BEDB1102C94DF7C86356E1FEABCBC02A18E8EABEB1EA1453D09B8","PASS","45FA907CE0D3797C1E13EBB2F03F076A25656CCE27E801C18F745ACD3944FBBD","5136EEC556F9790732AE759EF52F77FE6172329EA55787A80300C4A824107E46","smtp-message-acceptance","84","True","6.902",
"d31ec0dc-985f-4f6c-a10b-26435ecad610","MANIFEST_BOUND","hmail-perf-pair-delivery-20260901","A83052CA61D7F3853E97522D3F72DDA595DB61811511435D3030E4E230E8B07E","cpp","hmail_perf_pair_cpp_20260831_225556","C:\hmail-perf-pair-delivery-20260901\cpp\Data","B3DF9E8BBF4BEDB1102C94DF7C86356E1FEABCBC02A18E8EABEB1EA1453D09B8","PASS","45FA907CE0D3797C1E13EBB2F03F076A25656CCE27E801C18F745ACD3944FBBD","5136EEC556F9790732AE759EF52F77FE6172329EA55787A80300C4A824107E46","smtp-message-acceptance","85","True","6.594",
"d31ec0dc-985f-4f6c-a10b-26435ecad610","MANIFEST_BOUND","hmail-perf-pair-delivery-20260901","A83052CA61D7F3853E97522D3F72DDA595DB61811511435D3030E4E230E8B07E","cpp","hmail_perf_pair_cpp_20260831_225556","C:\hmail-perf-pair-delivery-20260901\cpp\Data","B3DF9E8BBF4BEDB1102C94DF7C86356E1FEABCBC02A18E8EABEB1EA1453D09B8","PASS","45FA907CE0D3797C1E13EBB2F03F076A25656CCE27E801C18F745ACD3944FBBD","5136EEC556F9790732AE759EF52F77FE6172329EA55787A80300C4A824107E46","smtp-message-acceptance","86","True","6.525",
"d31ec0dc-985f-4f6c-a10b-26435ecad610","MANIFEST_BOUND","hmail-perf-pair-delivery-20260901","A83052CA61D7F3853E97522D3F72DDA595DB61811511435D3030E4E230E8B07E","cpp","hmail_perf_pair_cpp_20260831_225556","C:\hmail-perf-pair-delivery-20260901\cpp\Data","B3DF9E8BBF4BEDB1102C94DF7C86356E1FEABCBC02A18E8EABEB1EA1453D09B8","PASS","45FA907CE0D3797C1E13EBB2F03F076A25656CCE27E801C18F745ACD3944FBBD","5136EEC556F9790732AE759EF52F77FE6172329EA55787A80300C4A824107E46","smtp-message-acceptance","87","True","6.448",
"d31ec0dc-985f-4f6c-a10b-26435ecad610","MANIFEST_BOUND","hmail-perf-pair-delivery-20260901","A83052CA61D7F3853E97522D3F72DDA595DB61811511435D3030E4E230E8B07E","cpp","hmail_perf_pair_cpp_20260831_225556","C:\hmail-perf-pair-delivery-20260901\cpp\Data","B3DF9E8BBF4BEDB1102C94DF7C86356E1FEABCBC02A18E8EABEB1EA1453D09B8","PASS","45FA907CE0D3797C1E13EBB2F03F076A25656CCE27E801C18F745ACD3944FBBD","5136EEC556F9790732AE759EF52F77FE6172329EA55787A80300C4A824107E46","smtp-message-acceptance","88","True","7.506",
"d31ec0dc-985f-4f6c-a10b-26435ecad610","MANIFEST_BOUND","hmail-perf-pair-delivery-20260901","A83052CA61D7F3853E97522D3F72DDA595DB61811511435D3030E4E230E8B07E","cpp","hmail_perf_pair_cpp_20260831_225556","C:\hmail-perf-pair-delivery-20260901\cpp\Data","B3DF9E8BBF4BEDB1102C94DF7C86356E1FEABCBC02A18E8EABEB1EA1453D09B8","PASS","45FA907CE0D3797C1E13EBB2F03F076A25656CCE27E801C18F745ACD3944FBBD","5136EEC556F9790732AE759EF52F77FE6172329EA55787A80300C4A824107E46","smtp-message-acceptance","89","True","6.69",
"d31ec0dc-985f-4f6c-a10b-26435ecad610","MANIFEST_BOUND","hmail-perf-pair-delivery-20260901","A83052CA61D7F3853E97522D3F72DDA595DB61811511435D3030E4E230E8B07E","cpp","hmail_perf_pair_cpp_20260831_225556","C:\hmail-perf-pair-delivery-20260901\cpp\Data","B3DF9E8BBF4BEDB1102C94DF7C86356E1FEABCBC02A18E8EABEB1EA1453D09B8","PASS","45FA907CE0D3797C1E13EBB2F03F076A25656CCE27E801C18F745ACD3944FBBD","5136EEC556F9790732AE759EF52F77FE6172329EA55787A80300C4A824107E46","smtp-message-acceptance","90","True","7.02",
"d31ec0dc-985f-4f6c-a10b-26435ecad610","MANIFEST_BOUND","hmail-perf-pair-delivery-20260901","A83052CA61D7F3853E97522D3F72DDA595DB61811511435D3030E4E230E8B07E","cpp","hmail_perf_pair_cpp_20260831_225556","C:\hmail-perf-pair-delivery-20260901\cpp\Data","B3DF9E8BBF4BEDB1102C94DF7C86356E1FEABCBC02A18E8EABEB1EA1453D09B8","PASS","45FA907CE0D3797C1E13EBB2F03F076A25656CCE27E801C18F745ACD3944FBBD","5136EEC556F9790732AE759EF52F77FE6172329EA55787A80300C4A824107E46","smtp-message-acceptance","91","True","6.855",
"d31ec0dc-985f-4f6c-a10b-26435ecad610","MANIFEST_BOUND","hmail-perf-pair-delivery-20260901","A83052CA61D7F3853E97522D3F72DDA595DB61811511435D3030E4E230E8B07E","cpp","hmail_perf_pair_cpp_20260831_225556","C:\hmail-perf-pair-delivery-20260901\cpp\Data","B3DF9E8BBF4BEDB1102C94DF7C86356E1FEABCBC02A18E8EABEB1EA1453D09B8","PASS","45FA907CE0D3797C1E13EBB2F03F076A25656CCE27E801C18F745ACD3944FBBD","5136EEC556F9790732AE759EF52F77FE6172329EA55787A80300C4A824107E46","smtp-message-acceptance","92","True","6.646",
"d31ec0dc-985f-4f6c-a10b-26435ecad610","MANIFEST_BOUND","hmail-perf-pair-delivery-20260901","A83052CA61D7F3853E97522D3F72DDA595DB61811511435D3030E4E230E8B07E","cpp","hmail_perf_pair_cpp_20260831_225556","C:\hmail-perf-pair-delivery-20260901\cpp\Data","B3DF9E8BBF4BEDB1102C94DF7C86356E1FEABCBC02A18E8EABEB1EA1453D09B8","PASS","45FA907CE0D3797C1E13EBB2F03F076A25656CCE27E801C18F745ACD3944FBBD","5136EEC556F9790732AE759EF52F77FE6172329EA55787A80300C4A824107E46","smtp-message-acceptance","93","True","6.398",
"d31ec0dc-985f-4f6c-a10b-26435ecad610","MANIFEST_BOUND","hmail-perf-pair-delivery-20260901","A83052CA61D7F3853E97522D3F72DDA595DB61811511435D3030E4E230E8B07E","cpp","hmail_perf_pair_cpp_20260831_225556","C:\hmail-perf-pair-delivery-20260901\cpp\Data","B3DF9E8BBF4BEDB1102C94DF7C86356E1FEABCBC02A18E8EABEB1EA1453D09B8","PASS","45FA907CE0D3797C1E13EBB2F03F076A25656CCE27E801C18F745ACD3944FBBD","5136EEC556F9790732AE759EF52F77FE6172329EA55787A80300C4A824107E46","smtp-message-acceptance","94","True","6.393",
"d31ec0dc-985f-4f6c-a10b-26435ecad610","MANIFEST_BOUND","hmail-perf-pair-delivery-20260901","A83052CA61D7F3853E97522D3F72DDA595DB61811511435D3030E4E230E8B07E","cpp","hmail_perf_pair_cpp_20260831_225556","C:\hmail-perf-pair-delivery-20260901\cpp\Data","B3DF9E8BBF4BEDB1102C94DF7C86356E1FEABCBC02A18E8EABEB1EA1453D09B8","PASS","45FA907CE0D3797C1E13EBB2F03F076A25656CCE27E801C18F745ACD3944FBBD","5136EEC556F9790732AE759EF52F77FE6172329EA55787A80300C4A824107E46","smtp-message-acceptance","95","True","6.792",
"d31ec0dc-985f-4f6c-a10b-26435ecad610","MANIFEST_BOUND","hmail-perf-pair-delivery-20260901","A83052CA61D7F3853E97522D3F72DDA595DB61811511435D3030E4E230E8B07E","cpp","hmail_perf_pair_cpp_20260831_225556","C:\hmail-perf-pair-delivery-20260901\cpp\Data","B3DF9E8BBF4BEDB1102C94DF7C86356E1FEABCBC02A18E8EABEB1EA1453D09B8","PASS","45FA907CE0D3797C1E13EBB2F03F076A25656CCE27E801C18F745ACD3944FBBD","5136EEC556F9790732AE759EF52F77FE6172329EA55787A80300C4A824107E46","smtp-message-acceptance","96","True","6.603",
"d31ec0dc-985f-4f6c-a10b-26435ecad610","MANIFEST_BOUND","hmail-perf-pair-delivery-20260901","A83052CA61D7F3853E97522D3F72DDA595DB61811511435D3030E4E230E8B07E","cpp","hmail_perf_pair_cpp_20260831_225556","C:\hmail-perf-pair-delivery-20260901\cpp\Data","B3DF9E8BBF4BEDB1102C94DF7C86356E1FEABCBC02A18E8EABEB1EA1453D09B8","PASS","45FA907CE0D3797C1E13EBB2F03F076A25656CCE27E801C18F745ACD3944FBBD","5136EEC556F9790732AE759EF52F77FE6172329EA55787A80300C4A824107E46","smtp-message-acceptance","97","True","6.764",
"d31ec0dc-985f-4f6c-a10b-26435ecad610","MANIFEST_BOUND","hmail-perf-pair-delivery-20260901","A83052CA61D7F3853E97522D3F72DDA595DB61811511435D3030E4E230E8B07E","cpp","hmail_perf_pair_cpp_20260831_225556","C:\hmail-perf-pair-delivery-20260901\cpp\Data","B3DF9E8BBF4BEDB1102C94DF7C86356E1FEABCBC02A18E8EABEB1EA1453D09B8","PASS","45FA907CE0D3797C1E13EBB2F03F076A25656CCE27E801C18F745ACD3944FBBD","5136EEC556F9790732AE759EF52F77FE6172329EA55787A80300C4A824107E46","smtp-message-acceptance","98","True","6.791",
"d31ec0dc-985f-4f6c-a10b-26435ecad610","MANIFEST_BOUND","hmail-perf-pair-delivery-20260901","A83052CA61D7F3853E97522D3F72DDA595DB61811511435D3030E4E230E8B07E","cpp","hmail_perf_pair_cpp_20260831_225556","C:\hmail-perf-pair-delivery-20260901\cpp\Data","B3DF9E8BBF4BEDB1102C94DF7C86356E1FEABCBC02A18E8EABEB1EA1453D09B8","PASS","45FA907CE0D3797C1E13EBB2F03F076A25656CCE27E801C18F745ACD3944FBBD","5136EEC556F9790732AE759EF52F77FE6172329EA55787A80300C4A824107E46","smtp-message-acceptance","99","True","6.911",
"d31ec0dc-985f-4f6c-a10b-26435ecad610","MANIFEST_BOUND","hmail-perf-pair-delivery-20260901","A83052CA61D7F3853E97522D3F72DDA595DB61811511435D3030E4E230E8B07E","cpp","hmail_perf_pair_cpp_20260831_225556","C:\hmail-perf-pair-delivery-20260901\cpp\Data","B3DF9E8BBF4BEDB1102C94DF7C86356E1FEABCBC02A18E8EABEB1EA1453D09B8","PASS","45FA907CE0D3797C1E13EBB2F03F076A25656CCE27E801C18F745ACD3944FBBD","5136EEC556F9790732AE759EF52F77FE6172329EA55787A80300C4A824107E46","smtp-message-acceptance","100","True","6.904",
"d31ec0dc-985f-4f6c-a10b-26435ecad610","MANIFEST_BOUND","hmail-perf-pair-delivery-20260901","A83052CA61D7F3853E97522D3F72DDA595DB61811511435D3030E4E230E8B07E","cpp","hmail_perf_pair_cpp_20260831_225556","C:\hmail-perf-pair-delivery-20260901\cpp\Data","B3DF9E8BBF4BEDB1102C94DF7C86356E1FEABCBC02A18E8EABEB1EA1453D09B8","PASS","45FA907CE0D3797C1E13EBB2F03F076A25656CCE27E801C18F745ACD3944FBBD","5136EEC556F9790732AE759EF52F77FE6172329EA55787A80300C4A824107E46","smtp-message-acceptance","101","True","6.599",
"d31ec0dc-985f-4f6c-a10b-26435ecad610","MANIFEST_BOUND","hmail-perf-pair-delivery-20260901","A83052CA61D7F3853E97522D3F72DDA595DB61811511435D3030E4E230E8B07E","cpp","hmail_perf_pair_cpp_20260831_225556","C:\hmail-perf-pair-delivery-20260901\cpp\Data","B3DF9E8BBF4BEDB1102C94DF7C86356E1FEABCBC02A18E8EABEB1EA1453D09B8","PASS","45FA907CE0D3797C1E13EBB2F03F076A25656CCE27E801C18F745ACD3944FBBD","5136EEC556F9790732AE759EF52F77FE6172329EA55787A80300C4A824107E46","smtp-message-acceptance","102","True","6.307",
"d31ec0dc-985f-4f6c-a10b-26435ecad610","MANIFEST_BOUND","hmail-perf-pair-delivery-20260901","A83052CA61D7F3853E97522D3F72DDA595DB61811511435D3030E4E230E8B07E","cpp","hmail_perf_pair_cpp_20260831_225556","C:\hmail-perf-pair-delivery-20260901\cpp\Data","B3DF9E8BBF4BEDB1102C94DF7C86356E1FEABCBC02A18E8EABEB1EA1453D09B8","PASS","45FA907CE0D3797C1E13EBB2F03F076A25656CCE27E801C18F745ACD3944FBBD","5136EEC556F9790732AE759EF52F77FE6172329EA55787A80300C4A824107E46","smtp-message-acceptance","103","True","6.145",
"d31ec0dc-985f-4f6c-a10b-26435ecad610","MANIFEST_BOUND","hmail-perf-pair-delivery-20260901","A83052CA61D7F3853E97522D3F72DDA595DB61811511435D3030E4E230E8B07E","cpp","hmail_perf_pair_cpp_20260831_225556","C:\hmail-perf-pair-delivery-20260901\cpp\Data","B3DF9E8BBF4BEDB1102C94DF7C86356E1FEABCBC02A18E8EABEB1EA1453D09B8","PASS","45FA907CE0D3797C1E13EBB2F03F076A25656CCE27E801C18F745ACD3944FBBD","5136EEC556F9790732AE759EF52F77FE6172329EA55787A80300C4A824107E46","smtp-message-acceptance","104","True","6.647",
"d31ec0dc-985f-4f6c-a10b-26435ecad610","MANIFEST_BOUND","hmail-perf-pair-delivery-20260901","A83052CA61D7F3853E97522D3F72DDA595DB61811511435D3030E4E230E8B07E","cpp","hmail_perf_pair_cpp_20260831_225556","C:\hmail-perf-pair-delivery-20260901\cpp\Data","B3DF9E8BBF4BEDB1102C94DF7C86356E1FEABCBC02A18E8EABEB1EA1453D09B8","PASS","45FA907CE0D3797C1E13EBB2F03F076A25656CCE27E801C18F745ACD3944FBBD","5136EEC556F9790732AE759EF52F77FE6172329EA55787A80300C4A824107E46","smtp-message-acceptance","105","True","6.538",
"d31ec0dc-985f-4f6c-a10b-26435ecad610","MANIFEST_BOUND","hmail-perf-pair-delivery-20260901","A83052CA61D7F3853E97522D3F72DDA595DB61811511435D3030E4E230E8B07E","cpp","hmail_perf_pair_cpp_20260831_225556","C:\hmail-perf-pair-delivery-20260901\cpp\Data","B3DF9E8BBF4BEDB1102C94DF7C86356E1FEABCBC02A18E8EABEB1EA1453D09B8","PASS","45FA907CE0D3797C1E13EBB2F03F076A25656CCE27E801C18F745ACD3944FBBD","5136EEC556F9790732AE759EF52F77FE6172329EA55787A80300C4A824107E46","smtp-message-acceptance","106","True","6.581",
"d31ec0dc-985f-4f6c-a10b-26435ecad610","MANIFEST_BOUND","hmail-perf-pair-delivery-20260901","A83052CA61D7F3853E97522D3F72DDA595DB61811511435D3030E4E230E8B07E","cpp","hmail_perf_pair_cpp_20260831_225556","C:\hmail-perf-pair-delivery-20260901\cpp\Data","B3DF9E8BBF4BEDB1102C94DF7C86356E1FEABCBC02A18E8EABEB1EA1453D09B8","PASS","45FA907CE0D3797C1E13EBB2F03F076A25656CCE27E801C18F745ACD3944FBBD","5136EEC556F9790732AE759EF52F77FE6172329EA55787A80300C4A824107E46","smtp-message-acceptance","107","True","6.836",
"d31ec0dc-985f-4f6c-a10b-26435ecad610","MANIFEST_BOUND","hmail-perf-pair-delivery-20260901","A83052CA61D7F3853E97522D3F72DDA595DB61811511435D3030E4E230E8B07E","cpp","hmail_perf_pair_cpp_20260831_225556","C:\hmail-perf-pair-delivery-20260901\cpp\Data","B3DF9E8BBF4BEDB1102C94DF7C86356E1FEABCBC02A18E8EABEB1EA1453D09B8","PASS","45FA907CE0D3797C1E13EBB2F03F076A25656CCE27E801C18F745ACD3944FBBD","5136EEC556F9790732AE759EF52F77FE6172329EA55787A80300C4A824107E46","smtp-message-acceptance","108","True","6.189",
"d31ec0dc-985f-4f6c-a10b-26435ecad610","MANIFEST_BOUND","hmail-perf-pair-delivery-20260901","A83052CA61D7F3853E97522D3F72DDA595DB61811511435D3030E4E230E8B07E","cpp","hmail_perf_pair_cpp_20260831_225556","C:\hmail-perf-pair-delivery-20260901\cpp\Data","B3DF9E8BBF4BEDB1102C94DF7C86356E1FEABCBC02A18E8EABEB1EA1453D09B8","PASS","45FA907CE0D3797C1E13EBB2F03F076A25656CCE27E801C18F745ACD3944FBBD","5136EEC556F9790732AE759EF52F77FE6172329EA55787A80300C4A824107E46","smtp-message-acceptance","109","True","6.937",
"d31ec0dc-985f-4f6c-a10b-26435ecad610","MANIFEST_BOUND","hmail-perf-pair-delivery-20260901","A83052CA61D7F3853E97522D3F72DDA595DB61811511435D3030E4E230E8B07E","cpp","hmail_perf_pair_cpp_20260831_225556","C:\hmail-perf-pair-delivery-20260901\cpp\Data","B3DF9E8BBF4BEDB1102C94DF7C86356E1FEABCBC02A18E8EABEB1EA1453D09B8","PASS","45FA907CE0D3797C1E13EBB2F03F076A25656CCE27E801C18F745ACD3944FBBD","5136EEC556F9790732AE759EF52F77FE6172329EA55787A80300C4A824107E46","smtp-message-acceptance","110","True","6.788",
"d31ec0dc-985f-4f6c-a10b-26435ecad610","MANIFEST_BOUND","hmail-perf-pair-delivery-20260901","A83052CA61D7F3853E97522D3F72DDA595DB61811511435D3030E4E230E8B07E","cpp","hmail_perf_pair_cpp_20260831_225556","C:\hmail-perf-pair-delivery-20260901\cpp\Data","B3DF9E8BBF4BEDB1102C94DF7C86356E1FEABCBC02A18E8EABEB1EA1453D09B8","PASS","45FA907CE0D3797C1E13EBB2F03F076A25656CCE27E801C18F745ACD3944FBBD","5136EEC556F9790732AE759EF52F77FE6172329EA55787A80300C4A824107E46","smtp-message-acceptance","111","True","6.401",
"d31ec0dc-985f-4f6c-a10b-26435ecad610","MANIFEST_BOUND","hmail-perf-pair-delivery-20260901","A83052CA61D7F3853E97522D3F72DDA595DB61811511435D3030E4E230E8B07E","cpp","hmail_perf_pair_cpp_20260831_225556","C:\hmail-perf-pair-delivery-20260901\cpp\Data","B3DF9E8BBF4BEDB1102C94DF7C86356E1FEABCBC02A18E8EABEB1EA1453D09B8","PASS","45FA907CE0D3797C1E13EBB2F03F076A25656CCE27E801C18F745ACD3944FBBD","5136EEC556F9790732AE759EF52F77FE6172329EA55787A80300C4A824107E46","smtp-message-acceptance","112","True","6.711",
"d31ec0dc-985f-4f6c-a10b-26435ecad610","MANIFEST_BOUND","hmail-perf-pair-delivery-20260901","A83052CA61D7F3853E97522D3F72DDA595DB61811511435D3030E4E230E8B07E","cpp","hmail_perf_pair_cpp_20260831_225556","C:\hmail-perf-pair-delivery-20260901\cpp\Data","B3DF9E8BBF4BEDB1102C94DF7C86356E1FEABCBC02A18E8EABEB1EA1453D09B8","PASS","45FA907CE0D3797C1E13EBB2F03F076A25656CCE27E801C18F745ACD3944FBBD","5136EEC556F9790732AE759EF52F77FE6172329EA55787A80300C4A824107E46","smtp-message-acceptance","113","True","6.47",
"d31ec0dc-985f-4f6c-a10b-26435ecad610","MANIFEST_BOUND","hmail-perf-pair-delivery-20260901","A83052CA61D7F3853E97522D3F72DDA595DB61811511435D3030E4E230E8B07E","cpp","hmail_perf_pair_cpp_20260831_225556","C:\hmail-perf-pair-delivery-20260901\cpp\Data","B3DF9E8BBF4BEDB1102C94DF7C86356E1FEABCBC02A18E8EABEB1EA1453D09B8","PASS","45FA907CE0D3797C1E13EBB2F03F076A25656CCE27E801C18F745ACD3944FBBD","5136EEC556F9790732AE759EF52F77FE6172329EA55787A80300C4A824107E46","smtp-message-acceptance","114","True","6.487",
"d31ec0dc-985f-4f6c-a10b-26435ecad610","MANIFEST_BOUND","hmail-perf-pair-delivery-20260901","A83052CA61D7F3853E97522D3F72DDA595DB61811511435D3030E4E230E8B07E","cpp","hmail_perf_pair_cpp_20260831_225556","C:\hmail-perf-pair-delivery-20260901\cpp\Data","B3DF9E8BBF4BEDB1102C94DF7C86356E1FEABCBC02A18E8EABEB1EA1453D09B8","PASS","45FA907CE0D3797C1E13EBB2F03F076A25656CCE27E801C18F745ACD3944FBBD","5136EEC556F9790732AE759EF52F77FE6172329EA55787A80300C4A824107E46","smtp-message-acceptance","115","True","6.446",
"d31ec0dc-985f-4f6c-a10b-26435ecad610","MANIFEST_BOUND","hmail-perf-pair-delivery-20260901","A83052CA61D7F3853E97522D3F72DDA595DB61811511435D3030E4E230E8B07E","cpp","hmail_perf_pair_cpp_20260831_225556","C:\hmail-perf-pair-delivery-20260901\cpp\Data","B3DF9E8BBF4BEDB1102C94DF7C86356E1FEABCBC02A18E8EABEB1EA1453D09B8","PASS","45FA907CE0D3797C1E13EBB2F03F076A25656CCE27E801C18F745ACD3944FBBD","5136EEC556F9790732AE759EF52F77FE6172329EA55787A80300C4A824107E46","smtp-message-acceptance","116","True","6.629",
"d31ec0dc-985f-4f6c-a10b-26435ecad610","MANIFEST_BOUND","hmail-perf-pair-delivery-20260901","A83052CA61D7F3853E97522D3F72DDA595DB61811511435D3030E4E230E8B07E","cpp","hmail_perf_pair_cpp_20260831_225556","C:\hmail-perf-pair-delivery-20260901\cpp\Data","B3DF9E8BBF4BEDB1102C94DF7C86356E1FEABCBC02A18E8EABEB1EA1453D09B8","PASS","45FA907CE0D3797C1E13EBB2F03F076A25656CCE27E801C18F745ACD3944FBBD","5136EEC556F9790732AE759EF52F77FE6172329EA55787A80300C4A824107E46","smtp-message-acceptance","117","True","6.504",
"d31ec0dc-985f-4f6c-a10b-26435ecad610","MANIFEST_BOUND","hmail-perf-pair-delivery-20260901","A83052CA61D7F3853E97522D3F72DDA595DB61811511435D3030E4E230E8B07E","cpp","hmail_perf_pair_cpp_20260831_225556","C:\hmail-perf-pair-delivery-20260901\cpp\Data","B3DF9E8BBF4BEDB1102C94DF7C86356E1FEABCBC02A18E8EABEB1EA1453D09B8","PASS","45FA907CE0D3797C1E13EBB2F03F076A25656CCE27E801C18F745ACD3944FBBD","5136EEC556F9790732AE759EF52F77FE6172329EA55787A80300C4A824107E46","smtp-message-acceptance","118","True","7.291",
"d31ec0dc-985f-4f6c-a10b-26435ecad610","MANIFEST_BOUND","hmail-perf-pair-delivery-20260901","A83052CA61D7F3853E97522D3F72DDA595DB61811511435D3030E4E230E8B07E","cpp","hmail_perf_pair_cpp_20260831_225556","C:\hmail-perf-pair-delivery-20260901\cpp\Data","B3DF9E8BBF4BEDB1102C94DF7C86356E1FEABCBC02A18E8EABEB1EA1453D09B8","PASS","45FA907CE0D3797C1E13EBB2F03F076A25656CCE27E801C18F745ACD3944FBBD","5136EEC556F9790732AE759EF52F77FE6172329EA55787A80300C4A824107E46","smtp-message-acceptance","119","True","6.657",
"d31ec0dc-985f-4f6c-a10b-26435ecad610","MANIFEST_BOUND","hmail-perf-pair-delivery-20260901","A83052CA61D7F3853E97522D3F72DDA595DB61811511435D3030E4E230E8B07E","cpp","hmail_perf_pair_cpp_20260831_225556","C:\hmail-perf-pair-delivery-20260901\cpp\Data","B3DF9E8BBF4BEDB1102C94DF7C86356E1FEABCBC02A18E8EABEB1EA1453D09B8","PASS","45FA907CE0D3797C1E13EBB2F03F076A25656CCE27E801C18F745ACD3944FBBD","5136EEC556F9790732AE759EF52F77FE6172329EA55787A80300C4A824107E46","smtp-message-acceptance","120","True","6.495",
"d31ec0dc-985f-4f6c-a10b-26435ecad610","MANIFEST_BOUND","hmail-perf-pair-delivery-20260901","A83052CA61D7F3853E97522D3F72DDA595DB61811511435D3030E4E230E8B07E","cpp","hmail_perf_pair_cpp_20260831_225556","C:\hmail-perf-pair-delivery-20260901\cpp\Data","B3DF9E8BBF4BEDB1102C94DF7C86356E1FEABCBC02A18E8EABEB1EA1453D09B8","PASS","45FA907CE0D3797C1E13EBB2F03F076A25656CCE27E801C18F745ACD3944FBBD","5136EEC556F9790732AE759EF52F77FE6172329EA55787A80300C4A824107E46","smtp-message-acceptance","121","True","6.513",
"d31ec0dc-985f-4f6c-a10b-26435ecad610","MANIFEST_BOUND","hmail-perf-pair-delivery-20260901","A83052CA61D7F3853E97522D3F72DDA595DB61811511435D3030E4E230E8B07E","cpp","hmail_perf_pair_cpp_20260831_225556","C:\hmail-perf-pair-delivery-20260901\cpp\Data","B3DF9E8BBF4BEDB1102C94DF7C86356E1FEABCBC02A18E8EABEB1EA1453D09B8","PASS","45FA907CE0D3797C1E13EBB2F03F076A25656CCE27E801C18F745ACD3944FBBD","5136EEC556F9790732AE759EF52F77FE6172329EA55787A80300C4A824107E46","smtp-message-acceptance","122","True","6.883",
"d31ec0dc-985f-4f6c-a10b-26435ecad610","MANIFEST_BOUND","hmail-perf-pair-delivery-20260901","A83052CA61D7F3853E97522D3F72DDA595DB61811511435D3030E4E230E8B07E","cpp","hmail_perf_pair_cpp_20260831_225556","C:\hmail-perf-pair-delivery-20260901\cpp\Data","B3DF9E8BBF4BEDB1102C94DF7C86356E1FEABCBC02A18E8EABEB1EA1453D09B8","PASS","45FA907CE0D3797C1E13EBB2F03F076A25656CCE27E801C18F745ACD3944FBBD","5136EEC556F9790732AE759EF52F77FE6172329EA55787A80300C4A824107E46","smtp-message-acceptance","123","True","7.107",
"d31ec0dc-985f-4f6c-a10b-26435ecad610","MANIFEST_BOUND","hmail-perf-pair-delivery-20260901","A83052CA61D7F3853E97522D3F72DDA595DB61811511435D3030E4E230E8B07E","cpp","hmail_perf_pair_cpp_20260831_225556","C:\hmail-perf-pair-delivery-20260901\cpp\Data","B3DF9E8BBF4BEDB1102C94DF7C86356E1FEABCBC02A18E8EABEB1EA1453D09B8","PASS","45FA907CE0D3797C1E13EBB2F03F076A25656CCE27E801C18F745ACD3944FBBD","5136EEC556F9790732AE759EF52F77FE6172329EA55787A80300C4A824107E46","smtp-message-acceptance","124","True","6.676",
"d31ec0dc-985f-4f6c-a10b-26435ecad610","MANIFEST_BOUND","hmail-perf-pair-delivery-20260901","A83052CA61D7F3853E97522D3F72DDA595DB61811511435D3030E4E230E8B07E","cpp","hmail_perf_pair_cpp_20260831_225556","C:\hmail-perf-pair-delivery-20260901\cpp\Data","B3DF9E8BBF4BEDB1102C94DF7C86356E1FEABCBC02A18E8EABEB1EA1453D09B8","PASS","45FA907CE0D3797C1E13EBB2F03F076A25656CCE27E801C18F745ACD3944FBBD","5136EEC556F9790732AE759EF52F77FE6172329EA55787A80300C4A824107E46","smtp-message-acceptance","125","True","6.89",
"d31ec0dc-985f-4f6c-a10b-26435ecad610","MANIFEST_BOUND","hmail-perf-pair-delivery-20260901","A83052CA61D7F3853E97522D3F72DDA595DB61811511435D3030E4E230E8B07E","cpp","hmail_perf_pair_cpp_20260831_225556","C:\hmail-perf-pair-delivery-20260901\cpp\Data","B3DF9E8BBF4BEDB1102C94DF7C86356E1FEABCBC02A18E8EABEB1EA1453D09B8","PASS","45FA907CE0D3797C1E13EBB2F03F076A25656CCE27E801C18F745ACD3944FBBD","5136EEC556F9790732AE759EF52F77FE6172329EA55787A80300C4A824107E46","smtp-message-acceptance","126","True","6.599",
"d31ec0dc-985f-4f6c-a10b-26435ecad610","MANIFEST_BOUND","hmail-perf-pair-delivery-20260901","A83052CA61D7F3853E97522D3F72DDA595DB61811511435D3030E4E230E8B07E","cpp","hmail_perf_pair_cpp_20260831_225556","C:\hmail-perf-pair-delivery-20260901\cpp\Data","B3DF9E8BBF4BEDB1102C94DF7C86356E1FEABCBC02A18E8EABEB1EA1453D09B8","PASS","45FA907CE0D3797C1E13EBB2F03F076A25656CCE27E801C18F745ACD3944FBBD","5136EEC556F9790732AE759EF52F77FE6172329EA55787A80300C4A824107E46","smtp-message-acceptance","127","True","6.691",
"d31ec0dc-985f-4f6c-a10b-26435ecad610","MANIFEST_BOUND","hmail-perf-pair-delivery-20260901","A83052CA61D7F3853E97522D3F72DDA595DB61811511435D3030E4E230E8B07E","cpp","hmail_perf_pair_cpp_20260831_225556","C:\hmail-perf-pair-delivery-20260901\cpp\Data","B3DF9E8BBF4BEDB1102C94DF7C86356E1FEABCBC02A18E8EABEB1EA1453D09B8","PASS","45FA907CE0D3797C1E13EBB2F03F076A25656CCE27E801C18F745ACD3944FBBD","5136EEC556F9790732AE759EF52F77FE6172329EA55787A80300C4A824107E46","smtp-message-acceptance","128","True","6.893",
"d31ec0dc-985f-4f6c-a10b-26435ecad610","MANIFEST_BOUND","hmail-perf-pair-delivery-20260901","A83052CA61D7F3853E97522D3F72DDA595DB61811511435D3030E4E230E8B07E","cpp","hmail_perf_pair_cpp_20260831_225556","C:\hmail-perf-pair-delivery-20260901\cpp\Data","B3DF9E8BBF4BEDB1102C94DF7C86356E1FEABCBC02A18E8EABEB1EA1453D09B8","PASS","45FA907CE0D3797C1E13EBB2F03F076A25656CCE27E801C18F745ACD3944FBBD","5136EEC556F9790732AE759EF52F77FE6172329EA55787A80300C4A824107E46","smtp-message-acceptance","129","True","7.002",
"d31ec0dc-985f-4f6c-a10b-26435ecad610","MANIFEST_BOUND","hmail-perf-pair-delivery-20260901","A83052CA61D7F3853E97522D3F72DDA595DB61811511435D3030E4E230E8B07E","cpp","hmail_perf_pair_cpp_20260831_225556","C:\hmail-perf-pair-delivery-20260901\cpp\Data","B3DF9E8BBF4BEDB1102C94DF7C86356E1FEABCBC02A18E8EABEB1EA1453D09B8","PASS","45FA907CE0D3797C1E13EBB2F03F076A25656CCE27E801C18F745ACD3944FBBD","5136EEC556F9790732AE759EF52F77FE6172329EA55787A80300C4A824107E46","smtp-message-acceptance","130","True","6.851",
"d31ec0dc-985f-4f6c-a10b-26435ecad610","MANIFEST_BOUND","hmail-perf-pair-delivery-20260901","A83052CA61D7F3853E97522D3F72DDA595DB61811511435D3030E4E230E8B07E","cpp","hmail_perf_pair_cpp_20260831_225556","C:\hmail-perf-pair-delivery-20260901\cpp\Data","B3DF9E8BBF4BEDB1102C94DF7C86356E1FEABCBC02A18E8EABEB1EA1453D09B8","PASS","45FA907CE0D3797C1E13EBB2F03F076A25656CCE27E801C18F745ACD3944FBBD","5136EEC556F9790732AE759EF52F77FE6172329EA55787A80300C4A824107E46","smtp-message-acceptance","131","True","7.128",
"d31ec0dc-985f-4f6c-a10b-26435ecad610","MANIFEST_BOUND","hmail-perf-pair-delivery-20260901","A83052CA61D7F3853E97522D3F72DDA595DB61811511435D3030E4E230E8B07E","cpp","hmail_perf_pair_cpp_20260831_225556","C:\hmail-perf-pair-delivery-20260901\cpp\Data","B3DF9E8BBF4BEDB1102C94DF7C86356E1FEABCBC02A18E8EABEB1EA1453D09B8","PASS","45FA907CE0D3797C1E13EBB2F03F076A25656CCE27E801C18F745ACD3944FBBD","5136EEC556F9790732AE759EF52F77FE6172329EA55787A80300C4A824107E46","smtp-message-acceptance","132","True","7.215",
"d31ec0dc-985f-4f6c-a10b-26435ecad610","MANIFEST_BOUND","hmail-perf-pair-delivery-20260901","A83052CA61D7F3853E97522D3F72DDA595DB61811511435D3030E4E230E8B07E","cpp","hmail_perf_pair_cpp_20260831_225556","C:\hmail-perf-pair-delivery-20260901\cpp\Data","B3DF9E8BBF4BEDB1102C94DF7C86356E1FEABCBC02A18E8EABEB1EA1453D09B8","PASS","45FA907CE0D3797C1E13EBB2F03F076A25656CCE27E801C18F745ACD3944FBBD","5136EEC556F9790732AE759EF52F77FE6172329EA55787A80300C4A824107E46","smtp-message-acceptance","133","True","6.835",
"d31ec0dc-985f-4f6c-a10b-26435ecad610","MANIFEST_BOUND","hmail-perf-pair-delivery-20260901","A83052CA61D7F3853E97522D3F72DDA595DB61811511435D3030E4E230E8B07E","cpp","hmail_perf_pair_cpp_20260831_225556","C:\hmail-perf-pair-delivery-20260901\cpp\Data","B3DF9E8BBF4BEDB1102C94DF7C86356E1FEABCBC02A18E8EABEB1EA1453D09B8","PASS","45FA907CE0D3797C1E13EBB2F03F076A25656CCE27E801C18F745ACD3944FBBD","5136EEC556F9790732AE759EF52F77FE6172329EA55787A80300C4A824107E46","smtp-message-acceptance","134","True","6.602",
"d31ec0dc-985f-4f6c-a10b-26435ecad610","MANIFEST_BOUND","hmail-perf-pair-delivery-20260901","A83052CA61D7F3853E97522D3F72DDA595DB61811511435D3030E4E230E8B07E","cpp","hmail_perf_pair_cpp_20260831_225556","C:\hmail-perf-pair-delivery-20260901\cpp\Data","B3DF9E8BBF4BEDB1102C94DF7C86356E1FEABCBC02A18E8EABEB1EA1453D09B8","PASS","45FA907CE0D3797C1E13EBB2F03F076A25656CCE27E801C18F745ACD3944FBBD","5136EEC556F9790732AE759EF52F77FE6172329EA55787A80300C4A824107E46","smtp-message-acceptance","135","True","6.497",
"d31ec0dc-985f-4f6c-a10b-26435ecad610","MANIFEST_BOUND","hmail-perf-pair-delivery-20260901","A83052CA61D7F3853E97522D3F72DDA595DB61811511435D3030E4E230E8B07E","cpp","hmail_perf_pair_cpp_20260831_225556","C:\hmail-perf-pair-delivery-20260901\cpp\Data","B3DF9E8BBF4BEDB1102C94DF7C86356E1FEABCBC02A18E8EABEB1EA1453D09B8","PASS","45FA907CE0D3797C1E13EBB2F03F076A25656CCE27E801C18F745ACD3944FBBD","5136EEC556F9790732AE759EF52F77FE6172329EA55787A80300C4A824107E46","smtp-message-acceptance","136","True","6.71",
"d31ec0dc-985f-4f6c-a10b-26435ecad610","MANIFEST_BOUND","hmail-perf-pair-delivery-20260901","A83052CA61D7F3853E97522D3F72DDA595DB61811511435D3030E4E230E8B07E","cpp","hmail_perf_pair_cpp_20260831_225556","C:\hmail-perf-pair-delivery-20260901\cpp\Data","B3DF9E8BBF4BEDB1102C94DF7C86356E1FEABCBC02A18E8EABEB1EA1453D09B8","PASS","45FA907CE0D3797C1E13EBB2F03F076A25656CCE27E801C18F745ACD3944FBBD","5136EEC556F9790732AE759EF52F77FE6172329EA55787A80300C4A824107E46","smtp-message-acceptance","137","True","6.767",
"d31ec0dc-985f-4f6c-a10b-26435ecad610","MANIFEST_BOUND","hmail-perf-pair-delivery-20260901","A83052CA61D7F3853E97522D3F72DDA595DB61811511435D3030E4E230E8B07E","cpp","hmail_perf_pair_cpp_20260831_225556","C:\hmail-perf-pair-delivery-20260901\cpp\Data","B3DF9E8BBF4BEDB1102C94DF7C86356E1FEABCBC02A18E8EABEB1EA1453D09B8","PASS","45FA907CE0D3797C1E13EBB2F03F076A25656CCE27E801C18F745ACD3944FBBD","5136EEC556F9790732AE759EF52F77FE6172329EA55787A80300C4A824107E46","smtp-message-acceptance","138","True","6.74",
"d31ec0dc-985f-4f6c-a10b-26435ecad610","MANIFEST_BOUND","hmail-perf-pair-delivery-20260901","A83052CA61D7F3853E97522D3F72DDA595DB61811511435D3030E4E230E8B07E","cpp","hmail_perf_pair_cpp_20260831_225556","C:\hmail-perf-pair-delivery-20260901\cpp\Data","B3DF9E8BBF4BEDB1102C94DF7C86356E1FEABCBC02A18E8EABEB1EA1453D09B8","PASS","45FA907CE0D3797C1E13EBB2F03F076A25656CCE27E801C18F745ACD3944FBBD","5136EEC556F9790732AE759EF52F77FE6172329EA55787A80300C4A824107E46","smtp-message-acceptance","139","True","6.353",
"d31ec0dc-985f-4f6c-a10b-26435ecad610","MANIFEST_BOUND","hmail-perf-pair-delivery-20260901","A83052CA61D7F3853E97522D3F72DDA595DB61811511435D3030E4E230E8B07E","cpp","hmail_perf_pair_cpp_20260831_225556","C:\hmail-perf-pair-delivery-20260901\cpp\Data","B3DF9E8BBF4BEDB1102C94DF7C86356E1FEABCBC02A18E8EABEB1EA1453D09B8","PASS","45FA907CE0D3797C1E13EBB2F03F076A25656CCE27E801C18F745ACD3944FBBD","5136EEC556F9790732AE759EF52F77FE6172329EA55787A80300C4A824107E46","smtp-message-acceptance","140","True","6.529",
"d31ec0dc-985f-4f6c-a10b-26435ecad610","MANIFEST_BOUND","hmail-perf-pair-delivery-20260901","A83052CA61D7F3853E97522D3F72DDA595DB61811511435D3030E4E230E8B07E","cpp","hmail_perf_pair_cpp_20260831_225556","C:\hmail-perf-pair-delivery-20260901\cpp\Data","B3DF9E8BBF4BEDB1102C94DF7C86356E1FEABCBC02A18E8EABEB1EA1453D09B8","PASS","45FA907CE0D3797C1E13EBB2F03F076A25656CCE27E801C18F745ACD3944FBBD","5136EEC556F9790732AE759EF52F77FE6172329EA55787A80300C4A824107E46","smtp-message-acceptance","141","True","6.594",
"d31ec0dc-985f-4f6c-a10b-26435ecad610","MANIFEST_BOUND","hmail-perf-pair-delivery-20260901","A83052CA61D7F3853E97522D3F72DDA595DB61811511435D3030E4E230E8B07E","cpp","hmail_perf_pair_cpp_20260831_225556","C:\hmail-perf-pair-delivery-20260901\cpp\Data","B3DF9E8BBF4BEDB1102C94DF7C86356E1FEABCBC02A18E8EABEB1EA1453D09B8","PASS","45FA907CE0D3797C1E13EBB2F03F076A25656CCE27E801C18F745ACD3944FBBD","5136EEC556F9790732AE759EF52F77FE6172329EA55787A80300C4A824107E46","smtp-message-acceptance","142","True","6.573",
"d31ec0dc-985f-4f6c-a10b-26435ecad610","MANIFEST_BOUND","hmail-perf-pair-delivery-20260901","A83052CA61D7F3853E97522D3F72DDA595DB61811511435D3030E4E230E8B07E","cpp","hmail_perf_pair_cpp_20260831_225556","C:\hmail-perf-pair-delivery-20260901\cpp\Data","B3DF9E8BBF4BEDB1102C94DF7C86356E1FEABCBC02A18E8EABEB1EA1453D09B8","PASS","45FA907CE0D3797C1E13EBB2F03F076A25656CCE27E801C18F745ACD3944FBBD","5136EEC556F9790732AE759EF52F77FE6172329EA55787A80300C4A824107E46","smtp-message-acceptance","143","True","7.394",
"d31ec0dc-985f-4f6c-a10b-26435ecad610","MANIFEST_BOUND","hmail-perf-pair-delivery-20260901","A83052CA61D7F3853E97522D3F72DDA595DB61811511435D3030E4E230E8B07E","cpp","hmail_perf_pair_cpp_20260831_225556","C:\hmail-perf-pair-delivery-20260901\cpp\Data","B3DF9E8BBF4BEDB1102C94DF7C86356E1FEABCBC02A18E8EABEB1EA1453D09B8","PASS","45FA907CE0D3797C1E13EBB2F03F076A25656CCE27E801C18F745ACD3944FBBD","5136EEC556F9790732AE759EF52F77FE6172329EA55787A80300C4A824107E46","smtp-message-acceptance","144","True","6.948",
"d31ec0dc-985f-4f6c-a10b-26435ecad610","MANIFEST_BOUND","hmail-perf-pair-delivery-20260901","A83052CA61D7F3853E97522D3F72DDA595DB61811511435D3030E4E230E8B07E","cpp","hmail_perf_pair_cpp_20260831_225556","C:\hmail-perf-pair-delivery-20260901\cpp\Data","B3DF9E8BBF4BEDB1102C94DF7C86356E1FEABCBC02A18E8EABEB1EA1453D09B8","PASS","45FA907CE0D3797C1E13EBB2F03F076A25656CCE27E801C18F745ACD3944FBBD","5136EEC556F9790732AE759EF52F77FE6172329EA55787A80300C4A824107E46","smtp-message-acceptance","145","True","6.723",
"d31ec0dc-985f-4f6c-a10b-26435ecad610","MANIFEST_BOUND","hmail-perf-pair-delivery-20260901","A83052CA61D7F3853E97522D3F72DDA595DB61811511435D3030E4E230E8B07E","cpp","hmail_perf_pair_cpp_20260831_225556","C:\hmail-perf-pair-delivery-20260901\cpp\Data","B3DF9E8BBF4BEDB1102C94DF7C86356E1FEABCBC02A18E8EABEB1EA1453D09B8","PASS","45FA907CE0D3797C1E13EBB2F03F076A25656CCE27E801C18F745ACD3944FBBD","5136EEC556F9790732AE759EF52F77FE6172329EA55787A80300C4A824107E46","smtp-message-acceptance","146","True","6.688",
"d31ec0dc-985f-4f6c-a10b-26435ecad610","MANIFEST_BOUND","hmail-perf-pair-delivery-20260901","A83052CA61D7F3853E97522D3F72DDA595DB61811511435D3030E4E230E8B07E","cpp","hmail_perf_pair_cpp_20260831_225556","C:\hmail-perf-pair-delivery-20260901\cpp\Data","B3DF9E8BBF4BEDB1102C94DF7C86356E1FEABCBC02A18E8EABEB1EA1453D09B8","PASS","45FA907CE0D3797C1E13EBB2F03F076A25656CCE27E801C18F745ACD3944FBBD","5136EEC556F9790732AE759EF52F77FE6172329EA55787A80300C4A824107E46","smtp-message-acceptance","147","True","7.108",
"d31ec0dc-985f-4f6c-a10b-26435ecad610","MANIFEST_BOUND","hmail-perf-pair-delivery-20260901","A83052CA61D7F3853E97522D3F72DDA595DB61811511435D3030E4E230E8B07E","cpp","hmail_perf_pair_cpp_20260831_225556","C:\hmail-perf-pair-delivery-20260901\cpp\Data","B3DF9E8BBF4BEDB1102C94DF7C86356E1FEABCBC02A18E8EABEB1EA1453D09B8","PASS","45FA907CE0D3797C1E13EBB2F03F076A25656CCE27E801C18F745ACD3944FBBD","5136EEC556F9790732AE759EF52F77FE6172329EA55787A80300C4A824107E46","smtp-message-acceptance","148","True","6.751",
"d31ec0dc-985f-4f6c-a10b-26435ecad610","MANIFEST_BOUND","hmail-perf-pair-delivery-20260901","A83052CA61D7F3853E97522D3F72DDA595DB61811511435D3030E4E230E8B07E","cpp","hmail_perf_pair_cpp_20260831_225556","C:\hmail-perf-pair-delivery-20260901\cpp\Data","B3DF9E8BBF4BEDB1102C94DF7C86356E1FEABCBC02A18E8EABEB1EA1453D09B8","PASS","45FA907CE0D3797C1E13EBB2F03F076A25656CCE27E801C18F745ACD3944FBBD","5136EEC556F9790732AE759EF52F77FE6172329EA55787A80300C4A824107E46","smtp-message-acceptance","149","True","7.239",
"d31ec0dc-985f-4f6c-a10b-26435ecad610","MANIFEST_BOUND","hmail-perf-pair-delivery-20260901","A83052CA61D7F3853E97522D3F72DDA595DB61811511435D3030E4E230E8B07E","cpp","hmail_perf_pair_cpp_20260831_225556","C:\hmail-perf-pair-delivery-20260901\cpp\Data","B3DF9E8BBF4BEDB1102C94DF7C86356E1FEABCBC02A18E8EABEB1EA1453D09B8","PASS","45FA907CE0D3797C1E13EBB2F03F076A25656CCE27E801C18F745ACD3944FBBD","5136EEC556F9790732AE759EF52F77FE6172329EA55787A80300C4A824107E46","smtp-message-acceptance","150","True","7.151",
"d31ec0dc-985f-4f6c-a10b-26435ecad610","MANIFEST_BOUND","hmail-perf-pair-delivery-20260901","A83052CA61D7F3853E97522D3F72DDA595DB61811511435D3030E4E230E8B07E","cpp","hmail_perf_pair_cpp_20260831_225556","C:\hmail-perf-pair-delivery-20260901\cpp\Data","B3DF9E8BBF4BEDB1102C94DF7C86356E1FEABCBC02A18E8EABEB1EA1453D09B8","PASS","45FA907CE0D3797C1E13EBB2F03F076A25656CCE27E801C18F745ACD3944FBBD","5136EEC556F9790732AE759EF52F77FE6172329EA55787A80300C4A824107E46","smtp-message-acceptance","151","True","6.651",
"d31ec0dc-985f-4f6c-a10b-26435ecad610","MANIFEST_BOUND","hmail-perf-pair-delivery-20260901","A83052CA61D7F3853E97522D3F72DDA595DB61811511435D3030E4E230E8B07E","cpp","hmail_perf_pair_cpp_20260831_225556","C:\hmail-perf-pair-delivery-20260901\cpp\Data","B3DF9E8BBF4BEDB1102C94DF7C86356E1FEABCBC02A18E8EABEB1EA1453D09B8","PASS","45FA907CE0D3797C1E13EBB2F03F076A25656CCE27E801C18F745ACD3944FBBD","5136EEC556F9790732AE759EF52F77FE6172329EA55787A80300C4A824107E46","smtp-message-acceptance","152","True","10.045",
"d31ec0dc-985f-4f6c-a10b-26435ecad610","MANIFEST_BOUND","hmail-perf-pair-delivery-20260901","A83052CA61D7F3853E97522D3F72DDA595DB61811511435D3030E4E230E8B07E","cpp","hmail_perf_pair_cpp_20260831_225556","C:\hmail-perf-pair-delivery-20260901\cpp\Data","B3DF9E8BBF4BEDB1102C94DF7C86356E1FEABCBC02A18E8EABEB1EA1453D09B8","PASS","45FA907CE0D3797C1E13EBB2F03F076A25656CCE27E801C18F745ACD3944FBBD","5136EEC556F9790732AE759EF52F77FE6172329EA55787A80300C4A824107E46","smtp-message-acceptance","153","True","6.748",
"d31ec0dc-985f-4f6c-a10b-26435ecad610","MANIFEST_BOUND","hmail-perf-pair-delivery-20260901","A83052CA61D7F3853E97522D3F72DDA595DB61811511435D3030E4E230E8B07E","cpp","hmail_perf_pair_cpp_20260831_225556","C:\hmail-perf-pair-delivery-20260901\cpp\Data","B3DF9E8BBF4BEDB1102C94DF7C86356E1FEABCBC02A18E8EABEB1EA1453D09B8","PASS","45FA907CE0D3797C1E13EBB2F03F076A25656CCE27E801C18F745ACD3944FBBD","5136EEC556F9790732AE759EF52F77FE6172329EA55787A80300C4A824107E46","smtp-message-acceptance","154","True","6.728",
"d31ec0dc-985f-4f6c-a10b-26435ecad610","MANIFEST_BOUND","hmail-perf-pair-delivery-20260901","A83052CA61D7F3853E97522D3F72DDA595DB61811511435D3030E4E230E8B07E","cpp","hmail_perf_pair_cpp_20260831_225556","C:\hmail-perf-pair-delivery-20260901\cpp\Data","B3DF9E8BBF4BEDB1102C94DF7C86356E1FEABCBC02A18E8EABEB1EA1453D09B8","PASS","45FA907CE0D3797C1E13EBB2F03F076A25656CCE27E801C18F745ACD3944FBBD","5136EEC556F9790732AE759EF52F77FE6172329EA55787A80300C4A824107E46","smtp-message-acceptance","155","True","7.121",
"d31ec0dc-985f-4f6c-a10b-26435ecad610","MANIFEST_BOUND","hmail-perf-pair-delivery-20260901","A83052CA61D7F3853E97522D3F72DDA595DB61811511435D3030E4E230E8B07E","cpp","hmail_perf_pair_cpp_20260831_225556","C:\hmail-perf-pair-delivery-20260901\cpp\Data","B3DF9E8BBF4BEDB1102C94DF7C86356E1FEABCBC02A18E8EABEB1EA1453D09B8","PASS","45FA907CE0D3797C1E13EBB2F03F076A25656CCE27E801C18F745ACD3944FBBD","5136EEC556F9790732AE759EF52F77FE6172329EA55787A80300C4A824107E46","smtp-message-acceptance","156","True","6.628",
"d31ec0dc-985f-4f6c-a10b-26435ecad610","MANIFEST_BOUND","hmail-perf-pair-delivery-20260901","A83052CA61D7F3853E97522D3F72DDA595DB61811511435D3030E4E230E8B07E","cpp","hmail_perf_pair_cpp_20260831_225556","C:\hmail-perf-pair-delivery-20260901\cpp\Data","B3DF9E8BBF4BEDB1102C94DF7C86356E1FEABCBC02A18E8EABEB1EA1453D09B8","PASS","45FA907CE0D3797C1E13EBB2F03F076A25656CCE27E801C18F745ACD3944FBBD","5136EEC556F9790732AE759EF52F77FE6172329EA55787A80300C4A824107E46","smtp-message-acceptance","157","True","6.573",
"d31ec0dc-985f-4f6c-a10b-26435ecad610","MANIFEST_BOUND","hmail-perf-pair-delivery-20260901","A83052CA61D7F3853E97522D3F72DDA595DB61811511435D3030E4E230E8B07E","cpp","hmail_perf_pair_cpp_20260831_225556","C:\hmail-perf-pair-delivery-20260901\cpp\Data","B3DF9E8BBF4BEDB1102C94DF7C86356E1FEABCBC02A18E8EABEB1EA1453D09B8","PASS","45FA907CE0D3797C1E13EBB2F03F076A25656CCE27E801C18F745ACD3944FBBD","5136EEC556F9790732AE759EF52F77FE6172329EA55787A80300C4A824107E46","smtp-message-acceptance","158","True","6.598",
"d31ec0dc-985f-4f6c-a10b-26435ecad610","MANIFEST_BOUND","hmail-perf-pair-delivery-20260901","A83052CA61D7F3853E97522D3F72DDA595DB61811511435D3030E4E230E8B07E","cpp","hmail_perf_pair_cpp_20260831_225556","C:\hmail-perf-pair-delivery-20260901\cpp\Data","B3DF9E8BBF4BEDB1102C94DF7C86356E1FEABCBC02A18E8EABEB1EA1453D09B8","PASS","45FA907CE0D3797C1E13EBB2F03F076A25656CCE27E801C18F745ACD3944FBBD","5136EEC556F9790732AE759EF52F77FE6172329EA55787A80300C4A824107E46","smtp-message-acceptance","159","True","7.321",
"d31ec0dc-985f-4f6c-a10b-26435ecad610","MANIFEST_BOUND","hmail-perf-pair-delivery-20260901","A83052CA61D7F3853E97522D3F72DDA595DB61811511435D3030E4E230E8B07E","cpp","hmail_perf_pair_cpp_20260831_225556","C:\hmail-perf-pair-delivery-20260901\cpp\Data","B3DF9E8BBF4BEDB1102C94DF7C86356E1FEABCBC02A18E8EABEB1EA1453D09B8","PASS","45FA907CE0D3797C1E13EBB2F03F076A25656CCE27E801C18F745ACD3944FBBD","5136EEC556F9790732AE759EF52F77FE6172329EA55787A80300C4A824107E46","smtp-message-acceptance","160","True","6.756",
"d31ec0dc-985f-4f6c-a10b-26435ecad610","MANIFEST_BOUND","hmail-perf-pair-delivery-20260901","A83052CA61D7F3853E97522D3F72DDA595DB61811511435D3030E4E230E8B07E","cpp","hmail_perf_pair_cpp_20260831_225556","C:\hmail-perf-pair-delivery-20260901\cpp\Data","B3DF9E8BBF4BEDB1102C94DF7C86356E1FEABCBC02A18E8EABEB1EA1453D09B8","PASS","45FA907CE0D3797C1E13EBB2F03F076A25656CCE27E801C18F745ACD3944FBBD","5136EEC556F9790732AE759EF52F77FE6172329EA55787A80300C4A824107E46","smtp-message-acceptance","161","True","6.766",
"d31ec0dc-985f-4f6c-a10b-26435ecad610","MANIFEST_BOUND","hmail-perf-pair-delivery-20260901","A83052CA61D7F3853E97522D3F72DDA595DB61811511435D3030E4E230E8B07E","cpp","hmail_perf_pair_cpp_20260831_225556","C:\hmail-perf-pair-delivery-20260901\cpp\Data","B3DF9E8BBF4BEDB1102C94DF7C86356E1FEABCBC02A18E8EABEB1EA1453D09B8","PASS","45FA907CE0D3797C1E13EBB2F03F076A25656CCE27E801C18F745ACD3944FBBD","5136EEC556F9790732AE759EF52F77FE6172329EA55787A80300C4A824107E46","smtp-message-acceptance","162","True","6.657",
"d31ec0dc-985f-4f6c-a10b-26435ecad610","MANIFEST_BOUND","hmail-perf-pair-delivery-20260901","A83052CA61D7F3853E97522D3F72DDA595DB61811511435D3030E4E230E8B07E","cpp","hmail_perf_pair_cpp_20260831_225556","C:\hmail-perf-pair-delivery-20260901\cpp\Data","B3DF9E8BBF4BEDB1102C94DF7C86356E1FEABCBC02A18E8EABEB1EA1453D09B8","PASS","45FA907CE0D3797C1E13EBB2F03F076A25656CCE27E801C18F745ACD3944FBBD","5136EEC556F9790732AE759EF52F77FE6172329EA55787A80300C4A824107E46","smtp-message-acceptance","163","True","6.578",
"d31ec0dc-985f-4f6c-a10b-26435ecad610","MANIFEST_BOUND","hmail-perf-pair-delivery-20260901","A83052CA61D7F3853E97522D3F72DDA595DB61811511435D3030E4E230E8B07E","cpp","hmail_perf_pair_cpp_20260831_225556","C:\hmail-perf-pair-delivery-20260901\cpp\Data","B3DF9E8BBF4BEDB1102C94DF7C86356E1FEABCBC02A18E8EABEB1EA1453D09B8","PASS","45FA907CE0D3797C1E13EBB2F03F076A25656CCE27E801C18F745ACD3944FBBD","5136EEC556F9790732AE759EF52F77FE6172329EA55787A80300C4A824107E46","smtp-message-acceptance","164","True","6.505",
"d31ec0dc-985f-4f6c-a10b-26435ecad610","MANIFEST_BOUND","hmail-perf-pair-delivery-20260901","A83052CA61D7F3853E97522D3F72DDA595DB61811511435D3030E4E230E8B07E","cpp","hmail_perf_pair_cpp_20260831_225556","C:\hmail-perf-pair-delivery-20260901\cpp\Data","B3DF9E8BBF4BEDB1102C94DF7C86356E1FEABCBC02A18E8EABEB1EA1453D09B8","PASS","45FA907CE0D3797C1E13EBB2F03F076A25656CCE27E801C18F745ACD3944FBBD","5136EEC556F9790732AE759EF52F77FE6172329EA55787A80300C4A824107E46","smtp-message-acceptance","165","True","6.29",
"d31ec0dc-985f-4f6c-a10b-26435ecad610","MANIFEST_BOUND","hmail-perf-pair-delivery-20260901","A83052CA61D7F3853E97522D3F72DDA595DB61811511435D3030E4E230E8B07E","cpp","hmail_perf_pair_cpp_20260831_225556","C:\hmail-perf-pair-delivery-20260901\cpp\Data","B3DF9E8BBF4BEDB1102C94DF7C86356E1FEABCBC02A18E8EABEB1EA1453D09B8","PASS","45FA907CE0D3797C1E13EBB2F03F076A25656CCE27E801C18F745ACD3944FBBD","5136EEC556F9790732AE759EF52F77FE6172329EA55787A80300C4A824107E46","smtp-message-acceptance","166","True","6.548",
"d31ec0dc-985f-4f6c-a10b-26435ecad610","MANIFEST_BOUND","hmail-perf-pair-delivery-20260901","A83052CA61D7F3853E97522D3F72DDA595DB61811511435D3030E4E230E8B07E","cpp","hmail_perf_pair_cpp_20260831_225556","C:\hmail-perf-pair-delivery-20260901\cpp\Data","B3DF9E8BBF4BEDB1102C94DF7C86356E1FEABCBC02A18E8EABEB1EA1453D09B8","PASS","45FA907CE0D3797C1E13EBB2F03F076A25656CCE27E801C18F745ACD3944FBBD","5136EEC556F9790732AE759EF52F77FE6172329EA55787A80300C4A824107E46","smtp-message-acceptance","167","True","6.43",
"d31ec0dc-985f-4f6c-a10b-26435ecad610","MANIFEST_BOUND","hmail-perf-pair-delivery-20260901","A83052CA61D7F3853E97522D3F72DDA595DB61811511435D3030E4E230E8B07E","cpp","hmail_perf_pair_cpp_20260831_225556","C:\hmail-perf-pair-delivery-20260901\cpp\Data","B3DF9E8BBF4BEDB1102C94DF7C86356E1FEABCBC02A18E8EABEB1EA1453D09B8","PASS","45FA907CE0D3797C1E13EBB2F03F076A25656CCE27E801C18F745ACD3944FBBD","5136EEC556F9790732AE759EF52F77FE6172329EA55787A80300C4A824107E46","smtp-message-acceptance","168","True","6.284",
"d31ec0dc-985f-4f6c-a10b-26435ecad610","MANIFEST_BOUND","hmail-perf-pair-delivery-20260901","A83052CA61D7F3853E97522D3F72DDA595DB61811511435D3030E4E230E8B07E","cpp","hmail_perf_pair_cpp_20260831_225556","C:\hmail-perf-pair-delivery-20260901\cpp\Data","B3DF9E8BBF4BEDB1102C94DF7C86356E1FEABCBC02A18E8EABEB1EA1453D09B8","PASS","45FA907CE0D3797C1E13EBB2F03F076A25656CCE27E801C18F745ACD3944FBBD","5136EEC556F9790732AE759EF52F77FE6172329EA55787A80300C4A824107E46","smtp-message-acceptance","169","True","6.635",
"d31ec0dc-985f-4f6c-a10b-26435ecad610","MANIFEST_BOUND","hmail-perf-pair-delivery-20260901","A83052CA61D7F3853E97522D3F72DDA595DB61811511435D3030E4E230E8B07E","cpp","hmail_perf_pair_cpp_20260831_225556","C:\hmail-perf-pair-delivery-20260901\cpp\Data","B3DF9E8BBF4BEDB1102C94DF7C86356E1FEABCBC02A18E8EABEB1EA1453D09B8","PASS","45FA907CE0D3797C1E13EBB2F03F076A25656CCE27E801C18F745ACD3944FBBD","5136EEC556F9790732AE759EF52F77FE6172329EA55787A80300C4A824107E46","smtp-message-acceptance","170","True","6.463",
"d31ec0dc-985f-4f6c-a10b-26435ecad610","MANIFEST_BOUND","hmail-perf-pair-delivery-20260901","A83052CA61D7F3853E97522D3F72DDA595DB61811511435D3030E4E230E8B07E","cpp","hmail_perf_pair_cpp_20260831_225556","C:\hmail-perf-pair-delivery-20260901\cpp\Data","B3DF9E8BBF4BEDB1102C94DF7C86356E1FEABCBC02A18E8EABEB1EA1453D09B8","PASS","45FA907CE0D3797C1E13EBB2F03F076A25656CCE27E801C18F745ACD3944FBBD","5136EEC556F9790732AE759EF52F77FE6172329EA55787A80300C4A824107E46","smtp-message-acceptance","171","True","6.463",
"d31ec0dc-985f-4f6c-a10b-26435ecad610","MANIFEST_BOUND","hmail-perf-pair-delivery-20260901","A83052CA61D7F3853E97522D3F72DDA595DB61811511435D3030E4E230E8B07E","cpp","hmail_perf_pair_cpp_20260831_225556","C:\hmail-perf-pair-delivery-20260901\cpp\Data","B3DF9E8BBF4BEDB1102C94DF7C86356E1FEABCBC02A18E8EABEB1EA1453D09B8","PASS","45FA907CE0D3797C1E13EBB2F03F076A25656CCE27E801C18F745ACD3944FBBD","5136EEC556F9790732AE759EF52F77FE6172329EA55787A80300C4A824107E46","smtp-message-acceptance","172","True","6.798",
"d31ec0dc-985f-4f6c-a10b-26435ecad610","MANIFEST_BOUND","hmail-perf-pair-delivery-20260901","A83052CA61D7F3853E97522D3F72DDA595DB61811511435D3030E4E230E8B07E","cpp","hmail_perf_pair_cpp_20260831_225556","C:\hmail-perf-pair-delivery-20260901\cpp\Data","B3DF9E8BBF4BEDB1102C94DF7C86356E1FEABCBC02A18E8EABEB1EA1453D09B8","PASS","45FA907CE0D3797C1E13EBB2F03F076A25656CCE27E801C18F745ACD3944FBBD","5136EEC556F9790732AE759EF52F77FE6172329EA55787A80300C4A824107E46","smtp-message-acceptance","173","True","6.576",
"d31ec0dc-985f-4f6c-a10b-26435ecad610","MANIFEST_BOUND","hmail-perf-pair-delivery-20260901","A83052CA61D7F3853E97522D3F72DDA595DB61811511435D3030E4E230E8B07E","cpp","hmail_perf_pair_cpp_20260831_225556","C:\hmail-perf-pair-delivery-20260901\cpp\Data","B3DF9E8BBF4BEDB1102C94DF7C86356E1FEABCBC02A18E8EABEB1EA1453D09B8","PASS","45FA907CE0D3797C1E13EBB2F03F076A25656CCE27E801C18F745ACD3944FBBD","5136EEC556F9790732AE759EF52F77FE6172329EA55787A80300C4A824107E46","smtp-message-acceptance","174","True","7.099",
"d31ec0dc-985f-4f6c-a10b-26435ecad610","MANIFEST_BOUND","hmail-perf-pair-delivery-20260901","A83052CA61D7F3853E97522D3F72DDA595DB61811511435D3030E4E230E8B07E","cpp","hmail_perf_pair_cpp_20260831_225556","C:\hmail-perf-pair-delivery-20260901\cpp\Data","B3DF9E8BBF4BEDB1102C94DF7C86356E1FEABCBC02A18E8EABEB1EA1453D09B8","PASS","45FA907CE0D3797C1E13EBB2F03F076A25656CCE27E801C18F745ACD3944FBBD","5136EEC556F9790732AE759EF52F77FE6172329EA55787A80300C4A824107E46","smtp-message-acceptance","175","True","7.015",
"d31ec0dc-985f-4f6c-a10b-26435ecad610","MANIFEST_BOUND","hmail-perf-pair-delivery-20260901","A83052CA61D7F3853E97522D3F72DDA595DB61811511435D3030E4E230E8B07E","cpp","hmail_perf_pair_cpp_20260831_225556","C:\hmail-perf-pair-delivery-20260901\cpp\Data","B3DF9E8BBF4BEDB1102C94DF7C86356E1FEABCBC02A18E8EABEB1EA1453D09B8","PASS","45FA907CE0D3797C1E13EBB2F03F076A25656CCE27E801C18F745ACD3944FBBD","5136EEC556F9790732AE759EF52F77FE6172329EA55787A80300C4A824107E46","smtp-message-acceptance","176","True","7.192",
"d31ec0dc-985f-4f6c-a10b-26435ecad610","MANIFEST_BOUND","hmail-perf-pair-delivery-20260901","A83052CA61D7F3853E97522D3F72DDA595DB61811511435D3030E4E230E8B07E","cpp","hmail_perf_pair_cpp_20260831_225556","C:\hmail-perf-pair-delivery-20260901\cpp\Data","B3DF9E8BBF4BEDB1102C94DF7C86356E1FEABCBC02A18E8EABEB1EA1453D09B8","PASS","45FA907CE0D3797C1E13EBB2F03F076A25656CCE27E801C18F745ACD3944FBBD","5136EEC556F9790732AE759EF52F77FE6172329EA55787A80300C4A824107E46","smtp-message-acceptance","177","True","6.885",
"d31ec0dc-985f-4f6c-a10b-26435ecad610","MANIFEST_BOUND","hmail-perf-pair-delivery-20260901","A83052CA61D7F3853E97522D3F72DDA595DB61811511435D3030E4E230E8B07E","cpp","hmail_perf_pair_cpp_20260831_225556","C:\hmail-perf-pair-delivery-20260901\cpp\Data","B3DF9E8BBF4BEDB1102C94DF7C86356E1FEABCBC02A18E8EABEB1EA1453D09B8","PASS","45FA907CE0D3797C1E13EBB2F03F076A25656CCE27E801C18F745ACD3944FBBD","5136EEC556F9790732AE759EF52F77FE6172329EA55787A80300C4A824107E46","smtp-message-acceptance","178","True","6.912",
"d31ec0dc-985f-4f6c-a10b-26435ecad610","MANIFEST_BOUND","hmail-perf-pair-delivery-20260901","A83052CA61D7F3853E97522D3F72DDA595DB61811511435D3030E4E230E8B07E","cpp","hmail_perf_pair_cpp_20260831_225556","C:\hmail-perf-pair-delivery-20260901\cpp\Data","B3DF9E8BBF4BEDB1102C94DF7C86356E1FEABCBC02A18E8EABEB1EA1453D09B8","PASS","45FA907CE0D3797C1E13EBB2F03F076A25656CCE27E801C18F745ACD3944FBBD","5136EEC556F9790732AE759EF52F77FE6172329EA55787A80300C4A824107E46","smtp-message-acceptance","179","True","6.804",
"d31ec0dc-985f-4f6c-a10b-26435ecad610","MANIFEST_BOUND","hmail-perf-pair-delivery-20260901","A83052CA61D7F3853E97522D3F72DDA595DB61811511435D3030E4E230E8B07E","cpp","hmail_perf_pair_cpp_20260831_225556","C:\hmail-perf-pair-delivery-20260901\cpp\Data","B3DF9E8BBF4BEDB1102C94DF7C86356E1FEABCBC02A18E8EABEB1EA1453D09B8","PASS","45FA907CE0D3797C1E13EBB2F03F076A25656CCE27E801C18F745ACD3944FBBD","5136EEC556F9790732AE759EF52F77FE6172329EA55787A80300C4A824107E46","smtp-message-acceptance","180","True","6.648",
"d31ec0dc-985f-4f6c-a10b-26435ecad610","MANIFEST_BOUND","hmail-perf-pair-delivery-20260901","A83052CA61D7F3853E97522D3F72DDA595DB61811511435D3030E4E230E8B07E","cpp","hmail_perf_pair_cpp_20260831_225556","C:\hmail-perf-pair-delivery-20260901\cpp\Data","B3DF9E8BBF4BEDB1102C94DF7C86356E1FEABCBC02A18E8EABEB1EA1453D09B8","PASS","45FA907CE0D3797C1E13EBB2F03F076A25656CCE27E801C18F745ACD3944FBBD","5136EEC556F9790732AE759EF52F77FE6172329EA55787A80300C4A824107E46","smtp-message-acceptance","181","True","6.436",
"d31ec0dc-985f-4f6c-a10b-26435ecad610","MANIFEST_BOUND","hmail-perf-pair-delivery-20260901","A83052CA61D7F3853E97522D3F72DDA595DB61811511435D3030E4E230E8B07E","cpp","hmail_perf_pair_cpp_20260831_225556","C:\hmail-perf-pair-delivery-20260901\cpp\Data","B3DF9E8BBF4BEDB1102C94DF7C86356E1FEABCBC02A18E8EABEB1EA1453D09B8","PASS","45FA907CE0D3797C1E13EBB2F03F076A25656CCE27E801C18F745ACD3944FBBD","5136EEC556F9790732AE759EF52F77FE6172329EA55787A80300C4A824107E46","smtp-message-acceptance","182","True","6.696",
"d31ec0dc-985f-4f6c-a10b-26435ecad610","MANIFEST_BOUND","hmail-perf-pair-delivery-20260901","A83052CA61D7F3853E97522D3F72DDA595DB61811511435D3030E4E230E8B07E","cpp","hmail_perf_pair_cpp_20260831_225556","C:\hmail-perf-pair-delivery-20260901\cpp\Data","B3DF9E8BBF4BEDB1102C94DF7C86356E1FEABCBC02A18E8EABEB1EA1453D09B8","PASS","45FA907CE0D3797C1E13EBB2F03F076A25656CCE27E801C18F745ACD3944FBBD","5136EEC556F9790732AE759EF52F77FE6172329EA55787A80300C4A824107E46","smtp-message-acceptance","183","True","7.009",
"d31ec0dc-985f-4f6c-a10b-26435ecad610","MANIFEST_BOUND","hmail-perf-pair-delivery-20260901","A83052CA61D7F3853E97522D3F72DDA595DB61811511435D3030E4E230E8B07E","cpp","hmail_perf_pair_cpp_20260831_225556","C:\hmail-perf-pair-delivery-20260901\cpp\Data","B3DF9E8BBF4BEDB1102C94DF7C86356E1FEABCBC02A18E8EABEB1EA1453D09B8","PASS","45FA907CE0D3797C1E13EBB2F03F076A25656CCE27E801C18F745ACD3944FBBD","5136EEC556F9790732AE759EF52F77FE6172329EA55787A80300C4A824107E46","smtp-message-acceptance","184","True","6.957",
"d31ec0dc-985f-4f6c-a10b-26435ecad610","MANIFEST_BOUND","hmail-perf-pair-delivery-20260901","A83052CA61D7F3853E97522D3F72DDA595DB61811511435D3030E4E230E8B07E","cpp","hmail_perf_pair_cpp_20260831_225556","C:\hmail-perf-pair-delivery-20260901\cpp\Data","B3DF9E8BBF4BEDB1102C94DF7C86356E1FEABCBC02A18E8EABEB1EA1453D09B8","PASS","45FA907CE0D3797C1E13EBB2F03F076A25656CCE27E801C18F745ACD3944FBBD","5136EEC556F9790732AE759EF52F77FE6172329EA55787A80300C4A824107E46","smtp-message-acceptance","185","True","6.55",
"d31ec0dc-985f-4f6c-a10b-26435ecad610","MANIFEST_BOUND","hmail-perf-pair-delivery-20260901","A83052CA61D7F3853E97522D3F72DDA595DB61811511435D3030E4E230E8B07E","cpp","hmail_perf_pair_cpp_20260831_225556","C:\hmail-perf-pair-delivery-20260901\cpp\Data","B3DF9E8BBF4BEDB1102C94DF7C86356E1FEABCBC02A18E8EABEB1EA1453D09B8","PASS","45FA907CE0D3797C1E13EBB2F03F076A25656CCE27E801C18F745ACD3944FBBD","5136EEC556F9790732AE759EF52F77FE6172329EA55787A80300C4A824107E46","smtp-message-acceptance","186","True","6.734",
"d31ec0dc-985f-4f6c-a10b-26435ecad610","MANIFEST_BOUND","hmail-perf-pair-delivery-20260901","A83052CA61D7F3853E97522D3F72DDA595DB61811511435D3030E4E230E8B07E","cpp","hmail_perf_pair_cpp_20260831_225556","C:\hmail-perf-pair-delivery-20260901\cpp\Data","B3DF9E8BBF4BEDB1102C94DF7C86356E1FEABCBC02A18E8EABEB1EA1453D09B8","PASS","45FA907CE0D3797C1E13EBB2F03F076A25656CCE27E801C18F745ACD3944FBBD","5136EEC556F9790732AE759EF52F77FE6172329EA55787A80300C4A824107E46","smtp-message-acceptance","187","True","7.149",
"d31ec0dc-985f-4f6c-a10b-26435ecad610","MANIFEST_BOUND","hmail-perf-pair-delivery-20260901","A83052CA61D7F3853E97522D3F72DDA595DB61811511435D3030E4E230E8B07E","cpp","hmail_perf_pair_cpp_20260831_225556","C:\hmail-perf-pair-delivery-20260901\cpp\Data","B3DF9E8BBF4BEDB1102C94DF7C86356E1FEABCBC02A18E8EABEB1EA1453D09B8","PASS","45FA907CE0D3797C1E13EBB2F03F076A25656CCE27E801C18F745ACD3944FBBD","5136EEC556F9790732AE759EF52F77FE6172329EA55787A80300C4A824107E46","smtp-message-acceptance","188","True","6.902",
"d31ec0dc-985f-4f6c-a10b-26435ecad610","MANIFEST_BOUND","hmail-perf-pair-delivery-20260901","A83052CA61D7F3853E97522D3F72DDA595DB61811511435D3030E4E230E8B07E","cpp","hmail_perf_pair_cpp_20260831_225556","C:\hmail-perf-pair-delivery-20260901\cpp\Data","B3DF9E8BBF4BEDB1102C94DF7C86356E1FEABCBC02A18E8EABEB1EA1453D09B8","PASS","45FA907CE0D3797C1E13EBB2F03F076A25656CCE27E801C18F745ACD3944FBBD","5136EEC556F9790732AE759EF52F77FE6172329EA55787A80300C4A824107E46","smtp-message-acceptance","189","True","6.656",
"d31ec0dc-985f-4f6c-a10b-26435ecad610","MANIFEST_BOUND","hmail-perf-pair-delivery-20260901","A83052CA61D7F3853E97522D3F72DDA595DB61811511435D3030E4E230E8B07E","cpp","hmail_perf_pair_cpp_20260831_225556","C:\hmail-perf-pair-delivery-20260901\cpp\Data","B3DF9E8BBF4BEDB1102C94DF7C86356E1FEABCBC02A18E8EABEB1EA1453D09B8","PASS","45FA907CE0D3797C1E13EBB2F03F076A25656CCE27E801C18F745ACD3944FBBD","5136EEC556F9790732AE759EF52F77FE6172329EA55787A80300C4A824107E46","smtp-message-acceptance","190","True","6.919",
"d31ec0dc-985f-4f6c-a10b-26435ecad610","MANIFEST_BOUND","hmail-perf-pair-delivery-20260901","A83052CA61D7F3853E97522D3F72DDA595DB61811511435D3030E4E230E8B07E","cpp","hmail_perf_pair_cpp_20260831_225556","C:\hmail-perf-pair-delivery-20260901\cpp\Data","B3DF9E8BBF4BEDB1102C94DF7C86356E1FEABCBC02A18E8EABEB1EA1453D09B8","PASS","45FA907CE0D3797C1E13EBB2F03F076A25656CCE27E801C18F745ACD3944FBBD","5136EEC556F9790732AE759EF52F77FE6172329EA55787A80300C4A824107E46","smtp-message-acceptance","191","True","6.898",
"d31ec0dc-985f-4f6c-a10b-26435ecad610","MANIFEST_BOUND","hmail-perf-pair-delivery-20260901","A83052CA61D7F3853E97522D3F72DDA595DB61811511435D3030E4E230E8B07E","cpp","hmail_perf_pair_cpp_20260831_225556","C:\hmail-perf-pair-delivery-20260901\cpp\Data","B3DF9E8BBF4BEDB1102C94DF7C86356E1FEABCBC02A18E8EABEB1EA1453D09B8","PASS","45FA907CE0D3797C1E13EBB2F03F076A25656CCE27E801C18F745ACD3944FBBD","5136EEC556F9790732AE759EF52F77FE6172329EA55787A80300C4A824107E46","smtp-message-acceptance","192","True","6.897",
"d31ec0dc-985f-4f6c-a10b-26435ecad610","MANIFEST_BOUND","hmail-perf-pair-delivery-20260901","A83052CA61D7F3853E97522D3F72DDA595DB61811511435D3030E4E230E8B07E","cpp","hmail_perf_pair_cpp_20260831_225556","C:\hmail-perf-pair-delivery-20260901\cpp\Data","B3DF9E8BBF4BEDB1102C94DF7C86356E1FEABCBC02A18E8EABEB1EA1453D09B8","PASS","45FA907CE0D3797C1E13EBB2F03F076A25656CCE27E801C18F745ACD3944FBBD","5136EEC556F9790732AE759EF52F77FE6172329EA55787A80300C4A824107E46","smtp-message-acceptance","193","True","13.832",
"d31ec0dc-985f-4f6c-a10b-26435ecad610","MANIFEST_BOUND","hmail-perf-pair-delivery-20260901","A83052CA61D7F3853E97522D3F72DDA595DB61811511435D3030E4E230E8B07E","cpp","hmail_perf_pair_cpp_20260831_225556","C:\hmail-perf-pair-delivery-20260901\cpp\Data","B3DF9E8BBF4BEDB1102C94DF7C86356E1FEABCBC02A18E8EABEB1EA1453D09B8","PASS","45FA907CE0D3797C1E13EBB2F03F076A25656CCE27E801C18F745ACD3944FBBD","5136EEC556F9790732AE759EF52F77FE6172329EA55787A80300C4A824107E46","smtp-message-acceptance","194","True","6.41",
"d31ec0dc-985f-4f6c-a10b-26435ecad610","MANIFEST_BOUND","hmail-perf-pair-delivery-20260901","A83052CA61D7F3853E97522D3F72DDA595DB61811511435D3030E4E230E8B07E","cpp","hmail_perf_pair_cpp_20260831_225556","C:\hmail-perf-pair-delivery-20260901\cpp\Data","B3DF9E8BBF4BEDB1102C94DF7C86356E1FEABCBC02A18E8EABEB1EA1453D09B8","PASS","45FA907CE0D3797C1E13EBB2F03F076A25656CCE27E801C18F745ACD3944FBBD","5136EEC556F9790732AE759EF52F77FE6172329EA55787A80300C4A824107E46","smtp-message-acceptance","195","True","7.155",
"d31ec0dc-985f-4f6c-a10b-26435ecad610","MANIFEST_BOUND","hmail-perf-pair-delivery-20260901","A83052CA61D7F3853E97522D3F72DDA595DB61811511435D3030E4E230E8B07E","cpp","hmail_perf_pair_cpp_20260831_225556","C:\hmail-perf-pair-delivery-20260901\cpp\Data","B3DF9E8BBF4BEDB1102C94DF7C86356E1FEABCBC02A18E8EABEB1EA1453D09B8","PASS","45FA907CE0D3797C1E13EBB2F03F076A25656CCE27E801C18F745ACD3944FBBD","5136EEC556F9790732AE759EF52F77FE6172329EA55787A80300C4A824107E46","smtp-message-acceptance","196","True","7.142",
"d31ec0dc-985f-4f6c-a10b-26435ecad610","MANIFEST_BOUND","hmail-perf-pair-delivery-20260901","A83052CA61D7F3853E97522D3F72DDA595DB61811511435D3030E4E230E8B07E","cpp","hmail_perf_pair_cpp_20260831_225556","C:\hmail-perf-pair-delivery-20260901\cpp\Data","B3DF9E8BBF4BEDB1102C94DF7C86356E1FEABCBC02A18E8EABEB1EA1453D09B8","PASS","45FA907CE0D3797C1E13EBB2F03F076A25656CCE27E801C18F745ACD3944FBBD","5136EEC556F9790732AE759EF52F77FE6172329EA55787A80300C4A824107E46","smtp-message-acceptance","197","True","6.881",
"d31ec0dc-985f-4f6c-a10b-26435ecad610","MANIFEST_BOUND","hmail-perf-pair-delivery-20260901","A83052CA61D7F3853E97522D3F72DDA595DB61811511435D3030E4E230E8B07E","cpp","hmail_perf_pair_cpp_20260831_225556","C:\hmail-perf-pair-delivery-20260901\cpp\Data","B3DF9E8BBF4BEDB1102C94DF7C86356E1FEABCBC02A18E8EABEB1EA1453D09B8","PASS","45FA907CE0D3797C1E13EBB2F03F076A25656CCE27E801C18F745ACD3944FBBD","5136EEC556F9790732AE759EF52F77FE6172329EA55787A80300C4A824107E46","smtp-message-acceptance","198","True","6.329",
"d31ec0dc-985f-4f6c-a10b-26435ecad610","MANIFEST_BOUND","hmail-perf-pair-delivery-20260901","A83052CA61D7F3853E97522D3F72DDA595DB61811511435D3030E4E230E8B07E","cpp","hmail_perf_pair_cpp_20260831_225556","C:\hmail-perf-pair-delivery-20260901\cpp\Data","B3DF9E8BBF4BEDB1102C94DF7C86356E1FEABCBC02A18E8EABEB1EA1453D09B8","PASS","45FA907CE0D3797C1E13EBB2F03F076A25656CCE27E801C18F745ACD3944FBBD","5136EEC556F9790732AE759EF52F77FE6172329EA55787A80300C4A824107E46","smtp-message-acceptance","199","True","6.837",
"d31ec0dc-985f-4f6c-a10b-26435ecad610","MANIFEST_BOUND","hmail-perf-pair-delivery-20260901","A83052CA61D7F3853E97522D3F72DDA595DB61811511435D3030E4E230E8B07E","cpp","hmail_perf_pair_cpp_20260831_225556","C:\hmail-perf-pair-delivery-20260901\cpp\Data","B3DF9E8BBF4BEDB1102C94DF7C86356E1FEABCBC02A18E8EABEB1EA1453D09B8","PASS","45FA907CE0D3797C1E13EBB2F03F076A25656CCE27E801C18F745ACD3944FBBD","5136EEC556F9790732AE759EF52F77FE6172329EA55787A80300C4A824107E46","smtp-message-acceptance","200","True","7.013",
"d31ec0dc-985f-4f6c-a10b-26435ecad610","MANIFEST_BOUND","hmail-perf-pair-delivery-20260901","A83052CA61D7F3853E97522D3F72DDA595DB61811511435D3030E4E230E8B07E","cpp","hmail_perf_pair_cpp_20260831_225556","C:\hmail-perf-pair-delivery-20260901\cpp\Data","B3DF9E8BBF4BEDB1102C94DF7C86356E1FEABCBC02A18E8EABEB1EA1453D09B8","PASS","45FA907CE0D3797C1E13EBB2F03F076A25656CCE27E801C18F745ACD3944FBBD","5136EEC556F9790732AE759EF52F77FE6172329EA55787A80300C4A824107E46","smtp-message-acceptance","201","True","7.719",
"d31ec0dc-985f-4f6c-a10b-26435ecad610","MANIFEST_BOUND","hmail-perf-pair-delivery-20260901","A83052CA61D7F3853E97522D3F72DDA595DB61811511435D3030E4E230E8B07E","cpp","hmail_perf_pair_cpp_20260831_225556","C:\hmail-perf-pair-delivery-20260901\cpp\Data","B3DF9E8BBF4BEDB1102C94DF7C86356E1FEABCBC02A18E8EABEB1EA1453D09B8","PASS","45FA907CE0D3797C1E13EBB2F03F076A25656CCE27E801C18F745ACD3944FBBD","5136EEC556F9790732AE759EF52F77FE6172329EA55787A80300C4A824107E46","smtp-message-acceptance","202","True","6.916",
"d31ec0dc-985f-4f6c-a10b-26435ecad610","MANIFEST_BOUND","hmail-perf-pair-delivery-20260901","A83052CA61D7F3853E97522D3F72DDA595DB61811511435D3030E4E230E8B07E","cpp","hmail_perf_pair_cpp_20260831_225556","C:\hmail-perf-pair-delivery-20260901\cpp\Data","B3DF9E8BBF4BEDB1102C94DF7C86356E1FEABCBC02A18E8EABEB1EA1453D09B8","PASS","45FA907CE0D3797C1E13EBB2F03F076A25656CCE27E801C18F745ACD3944FBBD","5136EEC556F9790732AE759EF52F77FE6172329EA55787A80300C4A824107E46","smtp-message-acceptance","203","True","6.707",
"d31ec0dc-985f-4f6c-a10b-26435ecad610","MANIFEST_BOUND","hmail-perf-pair-delivery-20260901","A83052CA61D7F3853E97522D3F72DDA595DB61811511435D3030E4E230E8B07E","cpp","hmail_perf_pair_cpp_20260831_225556","C:\hmail-perf-pair-delivery-20260901\cpp\Data","B3DF9E8BBF4BEDB1102C94DF7C86356E1FEABCBC02A18E8EABEB1EA1453D09B8","PASS","45FA907CE0D3797C1E13EBB2F03F076A25656CCE27E801C18F745ACD3944FBBD","5136EEC556F9790732AE759EF52F77FE6172329EA55787A80300C4A824107E46","smtp-message-acceptance","204","True","7.221",
"d31ec0dc-985f-4f6c-a10b-26435ecad610","MANIFEST_BOUND","hmail-perf-pair-delivery-20260901","A83052CA61D7F3853E97522D3F72DDA595DB61811511435D3030E4E230E8B07E","cpp","hmail_perf_pair_cpp_20260831_225556","C:\hmail-perf-pair-delivery-20260901\cpp\Data","B3DF9E8BBF4BEDB1102C94DF7C86356E1FEABCBC02A18E8EABEB1EA1453D09B8","PASS","45FA907CE0D3797C1E13EBB2F03F076A25656CCE27E801C18F745ACD3944FBBD","5136EEC556F9790732AE759EF52F77FE6172329EA55787A80300C4A824107E46","smtp-message-acceptance","205","True","6.612",
"d31ec0dc-985f-4f6c-a10b-26435ecad610","MANIFEST_BOUND","hmail-perf-pair-delivery-20260901","A83052CA61D7F3853E97522D3F72DDA595DB61811511435D3030E4E230E8B07E","cpp","hmail_perf_pair_cpp_20260831_225556","C:\hmail-perf-pair-delivery-20260901\cpp\Data","B3DF9E8BBF4BEDB1102C94DF7C86356E1FEABCBC02A18E8EABEB1EA1453D09B8","PASS","45FA907CE0D3797C1E13EBB2F03F076A25656CCE27E801C18F745ACD3944FBBD","5136EEC556F9790732AE759EF52F77FE6172329EA55787A80300C4A824107E46","smtp-message-acceptance","206","True","6.546",
"d31ec0dc-985f-4f6c-a10b-26435ecad610","MANIFEST_BOUND","hmail-perf-pair-delivery-20260901","A83052CA61D7F3853E97522D3F72DDA595DB61811511435D3030E4E230E8B07E","cpp","hmail_perf_pair_cpp_20260831_225556","C:\hmail-perf-pair-delivery-20260901\cpp\Data","B3DF9E8BBF4BEDB1102C94DF7C86356E1FEABCBC02A18E8EABEB1EA1453D09B8","PASS","45FA907CE0D3797C1E13EBB2F03F076A25656CCE27E801C18F745ACD3944FBBD","5136EEC556F9790732AE759EF52F77FE6172329EA55787A80300C4A824107E46","smtp-message-acceptance","207","True","6.631",
"d31ec0dc-985f-4f6c-a10b-26435ecad610","MANIFEST_BOUND","hmail-perf-pair-delivery-20260901","A83052CA61D7F3853E97522D3F72DDA595DB61811511435D3030E4E230E8B07E","cpp","hmail_perf_pair_cpp_20260831_225556","C:\hmail-perf-pair-delivery-20260901\cpp\Data","B3DF9E8BBF4BEDB1102C94DF7C86356E1FEABCBC02A18E8EABEB1EA1453D09B8","PASS","45FA907CE0D3797C1E13EBB2F03F076A25656CCE27E801C18F745ACD3944FBBD","5136EEC556F9790732AE759EF52F77FE6172329EA55787A80300C4A824107E46","smtp-message-acceptance","208","True","6.421",
"d31ec0dc-985f-4f6c-a10b-26435ecad610","MANIFEST_BOUND","hmail-perf-pair-delivery-20260901","A83052CA61D7F3853E97522D3F72DDA595DB61811511435D3030E4E230E8B07E","cpp","hmail_perf_pair_cpp_20260831_225556","C:\hmail-perf-pair-delivery-20260901\cpp\Data","B3DF9E8BBF4BEDB1102C94DF7C86356E1FEABCBC02A18E8EABEB1EA1453D09B8","PASS","45FA907CE0D3797C1E13EBB2F03F076A25656CCE27E801C18F745ACD3944FBBD","5136EEC556F9790732AE759EF52F77FE6172329EA55787A80300C4A824107E46","smtp-message-acceptance","209","True","7.057",
"d31ec0dc-985f-4f6c-a10b-26435ecad610","MANIFEST_BOUND","hmail-perf-pair-delivery-20260901","A83052CA61D7F3853E97522D3F72DDA595DB61811511435D3030E4E230E8B07E","cpp","hmail_perf_pair_cpp_20260831_225556","C:\hmail-perf-pair-delivery-20260901\cpp\Data","B3DF9E8BBF4BEDB1102C94DF7C86356E1FEABCBC02A18E8EABEB1EA1453D09B8","PASS","45FA907CE0D3797C1E13EBB2F03F076A25656CCE27E801C18F745ACD3944FBBD","5136EEC556F9790732AE759EF52F77FE6172329EA55787A80300C4A824107E46","smtp-message-acceptance","210","True","6.77",
"d31ec0dc-985f-4f6c-a10b-26435ecad610","MANIFEST_BOUND","hmail-perf-pair-delivery-20260901","A83052CA61D7F3853E97522D3F72DDA595DB61811511435D3030E4E230E8B07E","cpp","hmail_perf_pair_cpp_20260831_225556","C:\hmail-perf-pair-delivery-20260901\cpp\Data","B3DF9E8BBF4BEDB1102C94DF7C86356E1FEABCBC02A18E8EABEB1EA1453D09B8","PASS","45FA907CE0D3797C1E13EBB2F03F076A25656CCE27E801C18F745ACD3944FBBD","5136EEC556F9790732AE759EF52F77FE6172329EA55787A80300C4A824107E46","smtp-message-acceptance","211","True","6.94",
"d31ec0dc-985f-4f6c-a10b-26435ecad610","MANIFEST_BOUND","hmail-perf-pair-delivery-20260901","A83052CA61D7F3853E97522D3F72DDA595DB61811511435D3030E4E230E8B07E","cpp","hmail_perf_pair_cpp_20260831_225556","C:\hmail-perf-pair-delivery-20260901\cpp\Data","B3DF9E8BBF4BEDB1102C94DF7C86356E1FEABCBC02A18E8EABEB1EA1453D09B8","PASS","45FA907CE0D3797C1E13EBB2F03F076A25656CCE27E801C18F745ACD3944FBBD","5136EEC556F9790732AE759EF52F77FE6172329EA55787A80300C4A824107E46","smtp-message-acceptance","212","True","6.667",
"d31ec0dc-985f-4f6c-a10b-26435ecad610","MANIFEST_BOUND","hmail-perf-pair-delivery-20260901","A83052CA61D7F3853E97522D3F72DDA595DB61811511435D3030E4E230E8B07E","cpp","hmail_perf_pair_cpp_20260831_225556","C:\hmail-perf-pair-delivery-20260901\cpp\Data","B3DF9E8BBF4BEDB1102C94DF7C86356E1FEABCBC02A18E8EABEB1EA1453D09B8","PASS","45FA907CE0D3797C1E13EBB2F03F076A25656CCE27E801C18F745ACD3944FBBD","5136EEC556F9790732AE759EF52F77FE6172329EA55787A80300C4A824107E46","smtp-message-acceptance","213","True","6.93",
"d31ec0dc-985f-4f6c-a10b-26435ecad610","MANIFEST_BOUND","hmail-perf-pair-delivery-20260901","A83052CA61D7F3853E97522D3F72DDA595DB61811511435D3030E4E230E8B07E","cpp","hmail_perf_pair_cpp_20260831_225556","C:\hmail-perf-pair-delivery-20260901\cpp\Data","B3DF9E8BBF4BEDB1102C94DF7C86356E1FEABCBC02A18E8EABEB1EA1453D09B8","PASS","45FA907CE0D3797C1E13EBB2F03F076A25656CCE27E801C18F745ACD3944FBBD","5136EEC556F9790732AE759EF52F77FE6172329EA55787A80300C4A824107E46","smtp-message-acceptance","214","True","13.965",
"d31ec0dc-985f-4f6c-a10b-26435ecad610","MANIFEST_BOUND","hmail-perf-pair-delivery-20260901","A83052CA61D7F3853E97522D3F72DDA595DB61811511435D3030E4E230E8B07E","cpp","hmail_perf_pair_cpp_20260831_225556","C:\hmail-perf-pair-delivery-20260901\cpp\Data","B3DF9E8BBF4BEDB1102C94DF7C86356E1FEABCBC02A18E8EABEB1EA1453D09B8","PASS","45FA907CE0D3797C1E13EBB2F03F076A25656CCE27E801C18F745ACD3944FBBD","5136EEC556F9790732AE759EF52F77FE6172329EA55787A80300C4A824107E46","smtp-message-acceptance","215","True","11.955",
"d31ec0dc-985f-4f6c-a10b-26435ecad610","MANIFEST_BOUND","hmail-perf-pair-delivery-20260901","A83052CA61D7F3853E97522D3F72DDA595DB61811511435D3030E4E230E8B07E","cpp","hmail_perf_pair_cpp_20260831_225556","C:\hmail-perf-pair-delivery-20260901\cpp\Data","B3DF9E8BBF4BEDB1102C94DF7C86356E1FEABCBC02A18E8EABEB1EA1453D09B8","PASS","45FA907CE0D3797C1E13EBB2F03F076A25656CCE27E801C18F745ACD3944FBBD","5136EEC556F9790732AE759EF52F77FE6172329EA55787A80300C4A824107E46","smtp-message-acceptance","216","True","7.354",
"d31ec0dc-985f-4f6c-a10b-26435ecad610","MANIFEST_BOUND","hmail-perf-pair-delivery-20260901","A83052CA61D7F3853E97522D3F72DDA595DB61811511435D3030E4E230E8B07E","cpp","hmail_perf_pair_cpp_20260831_225556","C:\hmail-perf-pair-delivery-20260901\cpp\Data","B3DF9E8BBF4BEDB1102C94DF7C86356E1FEABCBC02A18E8EABEB1EA1453D09B8","PASS","45FA907CE0D3797C1E13EBB2F03F076A25656CCE27E801C18F745ACD3944FBBD","5136EEC556F9790732AE759EF52F77FE6172329EA55787A80300C4A824107E46","smtp-message-acceptance","217","True","7.501",
"d31ec0dc-985f-4f6c-a10b-26435ecad610","MANIFEST_BOUND","hmail-perf-pair-delivery-20260901","A83052CA61D7F3853E97522D3F72DDA595DB61811511435D3030E4E230E8B07E","cpp","hmail_perf_pair_cpp_20260831_225556","C:\hmail-perf-pair-delivery-20260901\cpp\Data","B3DF9E8BBF4BEDB1102C94DF7C86356E1FEABCBC02A18E8EABEB1EA1453D09B8","PASS","45FA907CE0D3797C1E13EBB2F03F076A25656CCE27E801C18F745ACD3944FBBD","5136EEC556F9790732AE759EF52F77FE6172329EA55787A80300C4A824107E46","smtp-message-acceptance","218","True","7.503",
"d31ec0dc-985f-4f6c-a10b-26435ecad610","MANIFEST_BOUND","hmail-perf-pair-delivery-20260901","A83052CA61D7F3853E97522D3F72DDA595DB61811511435D3030E4E230E8B07E","cpp","hmail_perf_pair_cpp_20260831_225556","C:\hmail-perf-pair-delivery-20260901\cpp\Data","B3DF9E8BBF4BEDB1102C94DF7C86356E1FEABCBC02A18E8EABEB1EA1453D09B8","PASS","45FA907CE0D3797C1E13EBB2F03F076A25656CCE27E801C18F745ACD3944FBBD","5136EEC556F9790732AE759EF52F77FE6172329EA55787A80300C4A824107E46","smtp-message-acceptance","219","True","11.256",
"d31ec0dc-985f-4f6c-a10b-26435ecad610","MANIFEST_BOUND","hmail-perf-pair-delivery-20260901","A83052CA61D7F3853E97522D3F72DDA595DB61811511435D3030E4E230E8B07E","cpp","hmail_perf_pair_cpp_20260831_225556","C:\hmail-perf-pair-delivery-20260901\cpp\Data","B3DF9E8BBF4BEDB1102C94DF7C86356E1FEABCBC02A18E8EABEB1EA1453D09B8","PASS","45FA907CE0D3797C1E13EBB2F03F076A25656CCE27E801C18F745ACD3944FBBD","5136EEC556F9790732AE759EF52F77FE6172329EA55787A80300C4A824107E46","smtp-message-acceptance","220","True","8.84",
"d31ec0dc-985f-4f6c-a10b-26435ecad610","MANIFEST_BOUND","hmail-perf-pair-delivery-20260901","A83052CA61D7F3853E97522D3F72DDA595DB61811511435D3030E4E230E8B07E","cpp","hmail_perf_pair_cpp_20260831_225556","C:\hmail-perf-pair-delivery-20260901\cpp\Data","B3DF9E8BBF4BEDB1102C94DF7C86356E1FEABCBC02A18E8EABEB1EA1453D09B8","PASS","45FA907CE0D3797C1E13EBB2F03F076A25656CCE27E801C18F745ACD3944FBBD","5136EEC556F9790732AE759EF52F77FE6172329EA55787A80300C4A824107E46","smtp-message-acceptance","221","True","11.616",
"d31ec0dc-985f-4f6c-a10b-26435ecad610","MANIFEST_BOUND","hmail-perf-pair-delivery-20260901","A83052CA61D7F3853E97522D3F72DDA595DB61811511435D3030E4E230E8B07E","cpp","hmail_perf_pair_cpp_20260831_225556","C:\hmail-perf-pair-delivery-20260901\cpp\Data","B3DF9E8BBF4BEDB1102C94DF7C86356E1FEABCBC02A18E8EABEB1EA1453D09B8","PASS","45FA907CE0D3797C1E13EBB2F03F076A25656CCE27E801C18F745ACD3944FBBD","5136EEC556F9790732AE759EF52F77FE6172329EA55787A80300C4A824107E46","smtp-message-acceptance","222","True","7.435",
"d31ec0dc-985f-4f6c-a10b-26435ecad610","MANIFEST_BOUND","hmail-perf-pair-delivery-20260901","A83052CA61D7F3853E97522D3F72DDA595DB61811511435D3030E4E230E8B07E","cpp","hmail_perf_pair_cpp_20260831_225556","C:\hmail-perf-pair-delivery-20260901\cpp\Data","B3DF9E8BBF4BEDB1102C94DF7C86356E1FEABCBC02A18E8EABEB1EA1453D09B8","PASS","45FA907CE0D3797C1E13EBB2F03F076A25656CCE27E801C18F745ACD3944FBBD","5136EEC556F9790732AE759EF52F77FE6172329EA55787A80300C4A824107E46","smtp-message-acceptance","223","True","7.501",
"d31ec0dc-985f-4f6c-a10b-26435ecad610","MANIFEST_BOUND","hmail-perf-pair-delivery-20260901","A83052CA61D7F3853E97522D3F72DDA595DB61811511435D3030E4E230E8B07E","cpp","hmail_perf_pair_cpp_20260831_225556","C:\hmail-perf-pair-delivery-20260901\cpp\Data","B3DF9E8BBF4BEDB1102C94DF7C86356E1FEABCBC02A18E8EABEB1EA1453D09B8","PASS","45FA907CE0D3797C1E13EBB2F03F076A25656CCE27E801C18F745ACD3944FBBD","5136EEC556F9790732AE759EF52F77FE6172329EA55787A80300C4A824107E46","smtp-message-acceptance","224","True","7.9",
"d31ec0dc-985f-4f6c-a10b-26435ecad610","MANIFEST_BOUND","hmail-perf-pair-delivery-20260901","A83052CA61D7F3853E97522D3F72DDA595DB61811511435D3030E4E230E8B07E","cpp","hmail_perf_pair_cpp_20260831_225556","C:\hmail-perf-pair-delivery-20260901\cpp\Data","B3DF9E8BBF4BEDB1102C94DF7C86356E1FEABCBC02A18E8EABEB1EA1453D09B8","PASS","45FA907CE0D3797C1E13EBB2F03F076A25656CCE27E801C18F745ACD3944FBBD","5136EEC556F9790732AE759EF52F77FE6172329EA55787A80300C4A824107E46","smtp-message-acceptance","225","True","8.602",
"d31ec0dc-985f-4f6c-a10b-26435ecad610","MANIFEST_BOUND","hmail-perf-pair-delivery-20260901","A83052CA61D7F3853E97522D3F72DDA595DB61811511435D3030E4E230E8B07E","cpp","hmail_perf_pair_cpp_20260831_225556","C:\hmail-perf-pair-delivery-20260901\cpp\Data","B3DF9E8BBF4BEDB1102C94DF7C86356E1FEABCBC02A18E8EABEB1EA1453D09B8","PASS","45FA907CE0D3797C1E13EBB2F03F076A25656CCE27E801C18F745ACD3944FBBD","5136EEC556F9790732AE759EF52F77FE6172329EA55787A80300C4A824107E46","smtp-message-acceptance","226","True","7.864",
"d31ec0dc-985f-4f6c-a10b-26435ecad610","MANIFEST_BOUND","hmail-perf-pair-delivery-20260901","A83052CA61D7F3853E97522D3F72DDA595DB61811511435D3030E4E230E8B07E","cpp","hmail_perf_pair_cpp_20260831_225556","C:\hmail-perf-pair-delivery-20260901\cpp\Data","B3DF9E8BBF4BEDB1102C94DF7C86356E1FEABCBC02A18E8EABEB1EA1453D09B8","PASS","45FA907CE0D3797C1E13EBB2F03F076A25656CCE27E801C18F745ACD3944FBBD","5136EEC556F9790732AE759EF52F77FE6172329EA55787A80300C4A824107E46","smtp-message-acceptance","227","True","6.432",
"d31ec0dc-985f-4f6c-a10b-26435ecad610","MANIFEST_BOUND","hmail-perf-pair-delivery-20260901","A83052CA61D7F3853E97522D3F72DDA595DB61811511435D3030E4E230E8B07E","cpp","hmail_perf_pair_cpp_20260831_225556","C:\hmail-perf-pair-delivery-20260901\cpp\Data","B3DF9E8BBF4BEDB1102C94DF7C86356E1FEABCBC02A18E8EABEB1EA1453D09B8","PASS","45FA907CE0D3797C1E13EBB2F03F076A25656CCE27E801C18F745ACD3944FBBD","5136EEC556F9790732AE759EF52F77FE6172329EA55787A80300C4A824107E46","smtp-message-acceptance","228","True","7.524",
"d31ec0dc-985f-4f6c-a10b-26435ecad610","MANIFEST_BOUND","hmail-perf-pair-delivery-20260901","A83052CA61D7F3853E97522D3F72DDA595DB61811511435D3030E4E230E8B07E","cpp","hmail_perf_pair_cpp_20260831_225556","C:\hmail-perf-pair-delivery-20260901\cpp\Data","B3DF9E8BBF4BEDB1102C94DF7C86356E1FEABCBC02A18E8EABEB1EA1453D09B8","PASS","45FA907CE0D3797C1E13EBB2F03F076A25656CCE27E801C18F745ACD3944FBBD","5136EEC556F9790732AE759EF52F77FE6172329EA55787A80300C4A824107E46","smtp-message-acceptance","229","True","6.902",
"d31ec0dc-985f-4f6c-a10b-26435ecad610","MANIFEST_BOUND","hmail-perf-pair-delivery-20260901","A83052CA61D7F3853E97522D3F72DDA595DB61811511435D3030E4E230E8B07E","cpp","hmail_perf_pair_cpp_20260831_225556","C:\hmail-perf-pair-delivery-20260901\cpp\Data","B3DF9E8BBF4BEDB1102C94DF7C86356E1FEABCBC02A18E8EABEB1EA1453D09B8","PASS","45FA907CE0D3797C1E13EBB2F03F076A25656CCE27E801C18F745ACD3944FBBD","5136EEC556F9790732AE759EF52F77FE6172329EA55787A80300C4A824107E46","smtp-message-acceptance","230","True","6.529",
"d31ec0dc-985f-4f6c-a10b-26435ecad610","MANIFEST_BOUND","hmail-perf-pair-delivery-20260901","A83052CA61D7F3853E97522D3F72DDA595DB61811511435D3030E4E230E8B07E","cpp","hmail_perf_pair_cpp_20260831_225556","C:\hmail-perf-pair-delivery-20260901\cpp\Data","B3DF9E8BBF4BEDB1102C94DF7C86356E1FEABCBC02A18E8EABEB1EA1453D09B8","PASS","45FA907CE0D3797C1E13EBB2F03F076A25656CCE27E801C18F745ACD3944FBBD","5136EEC556F9790732AE759EF52F77FE6172329EA55787A80300C4A824107E46","smtp-message-acceptance","231","True","7.146",
"d31ec0dc-985f-4f6c-a10b-26435ecad610","MANIFEST_BOUND","hmail-perf-pair-delivery-20260901","A83052CA61D7F3853E97522D3F72DDA595DB61811511435D3030E4E230E8B07E","cpp","hmail_perf_pair_cpp_20260831_225556","C:\hmail-perf-pair-delivery-20260901\cpp\Data","B3DF9E8BBF4BEDB1102C94DF7C86356E1FEABCBC02A18E8EABEB1EA1453D09B8","PASS","45FA907CE0D3797C1E13EBB2F03F076A25656CCE27E801C18F745ACD3944FBBD","5136EEC556F9790732AE759EF52F77FE6172329EA55787A80300C4A824107E46","smtp-message-acceptance","232","True","7.28",
"d31ec0dc-985f-4f6c-a10b-26435ecad610","MANIFEST_BOUND","hmail-perf-pair-delivery-20260901","A83052CA61D7F3853E97522D3F72DDA595DB61811511435D3030E4E230E8B07E","cpp","hmail_perf_pair_cpp_20260831_225556","C:\hmail-perf-pair-delivery-20260901\cpp\Data","B3DF9E8BBF4BEDB1102C94DF7C86356E1FEABCBC02A18E8EABEB1EA1453D09B8","PASS","45FA907CE0D3797C1E13EBB2F03F076A25656CCE27E801C18F745ACD3944FBBD","5136EEC556F9790732AE759EF52F77FE6172329EA55787A80300C4A824107E46","smtp-message-acceptance","233","True","15.144",
"d31ec0dc-985f-4f6c-a10b-26435ecad610","MANIFEST_BOUND","hmail-perf-pair-delivery-20260901","A83052CA61D7F3853E97522D3F72DDA595DB61811511435D3030E4E230E8B07E","cpp","hmail_perf_pair_cpp_20260831_225556","C:\hmail-perf-pair-delivery-20260901\cpp\Data","B3DF9E8BBF4BEDB1102C94DF7C86356E1FEABCBC02A18E8EABEB1EA1453D09B8","PASS","45FA907CE0D3797C1E13EBB2F03F076A25656CCE27E801C18F745ACD3944FBBD","5136EEC556F9790732AE759EF52F77FE6172329EA55787A80300C4A824107E46","smtp-message-acceptance","234","True","7.037",
"d31ec0dc-985f-4f6c-a10b-26435ecad610","MANIFEST_BOUND","hmail-perf-pair-delivery-20260901","A83052CA61D7F3853E97522D3F72DDA595DB61811511435D3030E4E230E8B07E","cpp","hmail_perf_pair_cpp_20260831_225556","C:\hmail-perf-pair-delivery-20260901\cpp\Data","B3DF9E8BBF4BEDB1102C94DF7C86356E1FEABCBC02A18E8EABEB1EA1453D09B8","PASS","45FA907CE0D3797C1E13EBB2F03F076A25656CCE27E801C18F745ACD3944FBBD","5136EEC556F9790732AE759EF52F77FE6172329EA55787A80300C4A824107E46","smtp-message-acceptance","235","True","6.38",
"d31ec0dc-985f-4f6c-a10b-26435ecad610","MANIFEST_BOUND","hmail-perf-pair-delivery-20260901","A83052CA61D7F3853E97522D3F72DDA595DB61811511435D3030E4E230E8B07E","cpp","hmail_perf_pair_cpp_20260831_225556","C:\hmail-perf-pair-delivery-20260901\cpp\Data","B3DF9E8BBF4BEDB1102C94DF7C86356E1FEABCBC02A18E8EABEB1EA1453D09B8","PASS","45FA907CE0D3797C1E13EBB2F03F076A25656CCE27E801C18F745ACD3944FBBD","5136EEC556F9790732AE759EF52F77FE6172329EA55787A80300C4A824107E46","smtp-message-acceptance","236","True","6.245",
"d31ec0dc-985f-4f6c-a10b-26435ecad610","MANIFEST_BOUND","hmail-perf-pair-delivery-20260901","A83052CA61D7F3853E97522D3F72DDA595DB61811511435D3030E4E230E8B07E","cpp","hmail_perf_pair_cpp_20260831_225556","C:\hmail-perf-pair-delivery-20260901\cpp\Data","B3DF9E8BBF4BEDB1102C94DF7C86356E1FEABCBC02A18E8EABEB1EA1453D09B8","PASS","45FA907CE0D3797C1E13EBB2F03F076A25656CCE27E801C18F745ACD3944FBBD","5136EEC556F9790732AE759EF52F77FE6172329EA55787A80300C4A824107E46","smtp-message-acceptance","237","True","6.74",
"d31ec0dc-985f-4f6c-a10b-26435ecad610","MANIFEST_BOUND","hmail-perf-pair-delivery-20260901","A83052CA61D7F3853E97522D3F72DDA595DB61811511435D3030E4E230E8B07E","cpp","hmail_perf_pair_cpp_20260831_225556","C:\hmail-perf-pair-delivery-20260901\cpp\Data","B3DF9E8BBF4BEDB1102C94DF7C86356E1FEABCBC02A18E8EABEB1EA1453D09B8","PASS","45FA907CE0D3797C1E13EBB2F03F076A25656CCE27E801C18F745ACD3944FBBD","5136EEC556F9790732AE759EF52F77FE6172329EA55787A80300C4A824107E46","smtp-message-acceptance","238","True","6.638",
"d31ec0dc-985f-4f6c-a10b-26435ecad610","MANIFEST_BOUND","hmail-perf-pair-delivery-20260901","A83052CA61D7F3853E97522D3F72DDA595DB61811511435D3030E4E230E8B07E","cpp","hmail_perf_pair_cpp_20260831_225556","C:\hmail-perf-pair-delivery-20260901\cpp\Data","B3DF9E8BBF4BEDB1102C94DF7C86356E1FEABCBC02A18E8EABEB1EA1453D09B8","PASS","45FA907CE0D3797C1E13EBB2F03F076A25656CCE27E801C18F745ACD3944FBBD","5136EEC556F9790732AE759EF52F77FE6172329EA55787A80300C4A824107E46","smtp-message-acceptance","239","True","10.146",
"d31ec0dc-985f-4f6c-a10b-26435ecad610","MANIFEST_BOUND","hmail-perf-pair-delivery-20260901","A83052CA61D7F3853E97522D3F72DDA595DB61811511435D3030E4E230E8B07E","cpp","hmail_perf_pair_cpp_20260831_225556","C:\hmail-perf-pair-delivery-20260901\cpp\Data","B3DF9E8BBF4BEDB1102C94DF7C86356E1FEABCBC02A18E8EABEB1EA1453D09B8","PASS","45FA907CE0D3797C1E13EBB2F03F076A25656CCE27E801C18F745ACD3944FBBD","5136EEC556F9790732AE759EF52F77FE6172329EA55787A80300C4A824107E46","smtp-message-acceptance","240","True","6.756",
"d31ec0dc-985f-4f6c-a10b-26435ecad610","MANIFEST_BOUND","hmail-perf-pair-delivery-20260901","A83052CA61D7F3853E97522D3F72DDA595DB61811511435D3030E4E230E8B07E","cpp","hmail_perf_pair_cpp_20260831_225556","C:\hmail-perf-pair-delivery-20260901\cpp\Data","B3DF9E8BBF4BEDB1102C94DF7C86356E1FEABCBC02A18E8EABEB1EA1453D09B8","PASS","45FA907CE0D3797C1E13EBB2F03F076A25656CCE27E801C18F745ACD3944FBBD","5136EEC556F9790732AE759EF52F77FE6172329EA55787A80300C4A824107E46","smtp-message-acceptance","241","True","6.996",
"d31ec0dc-985f-4f6c-a10b-26435ecad610","MANIFEST_BOUND","hmail-perf-pair-delivery-20260901","A83052CA61D7F3853E97522D3F72DDA595DB61811511435D3030E4E230E8B07E","cpp","hmail_perf_pair_cpp_20260831_225556","C:\hmail-perf-pair-delivery-20260901\cpp\Data","B3DF9E8BBF4BEDB1102C94DF7C86356E1FEABCBC02A18E8EABEB1EA1453D09B8","PASS","45FA907CE0D3797C1E13EBB2F03F076A25656CCE27E801C18F745ACD3944FBBD","5136EEC556F9790732AE759EF52F77FE6172329EA55787A80300C4A824107E46","smtp-message-acceptance","242","True","6.823",
"d31ec0dc-985f-4f6c-a10b-26435ecad610","MANIFEST_BOUND","hmail-perf-pair-delivery-20260901","A83052CA61D7F3853E97522D3F72DDA595DB61811511435D3030E4E230E8B07E","cpp","hmail_perf_pair_cpp_20260831_225556","C:\hmail-perf-pair-delivery-20260901\cpp\Data","B3DF9E8BBF4BEDB1102C94DF7C86356E1FEABCBC02A18E8EABEB1EA1453D09B8","PASS","45FA907CE0D3797C1E13EBB2F03F076A25656CCE27E801C18F745ACD3944FBBD","5136EEC556F9790732AE759EF52F77FE6172329EA55787A80300C4A824107E46","smtp-message-acceptance","243","True","6.96",
"d31ec0dc-985f-4f6c-a10b-26435ecad610","MANIFEST_BOUND","hmail-perf-pair-delivery-20260901","A83052CA61D7F3853E97522D3F72DDA595DB61811511435D3030E4E230E8B07E","cpp","hmail_perf_pair_cpp_20260831_225556","C:\hmail-perf-pair-delivery-20260901\cpp\Data","B3DF9E8BBF4BEDB1102C94DF7C86356E1FEABCBC02A18E8EABEB1EA1453D09B8","PASS","45FA907CE0D3797C1E13EBB2F03F076A25656CCE27E801C18F745ACD3944FBBD","5136EEC556F9790732AE759EF52F77FE6172329EA55787A80300C4A824107E46","smtp-message-acceptance","244","True","6.444",
"d31ec0dc-985f-4f6c-a10b-26435ecad610","MANIFEST_BOUND","hmail-perf-pair-delivery-20260901","A83052CA61D7F3853E97522D3F72DDA595DB61811511435D3030E4E230E8B07E","cpp","hmail_perf_pair_cpp_20260831_225556","C:\hmail-perf-pair-delivery-20260901\cpp\Data","B3DF9E8BBF4BEDB1102C94DF7C86356E1FEABCBC02A18E8EABEB1EA1453D09B8","PASS","45FA907CE0D3797C1E13EBB2F03F076A25656CCE27E801C18F745ACD3944FBBD","5136EEC556F9790732AE759EF52F77FE6172329EA55787A80300C4A824107E46","smtp-message-acceptance","245","True","7.004",
"d31ec0dc-985f-4f6c-a10b-26435ecad610","MANIFEST_BOUND","hmail-perf-pair-delivery-20260901","A83052CA61D7F3853E97522D3F72DDA595DB61811511435D3030E4E230E8B07E","cpp","hmail_perf_pair_cpp_20260831_225556","C:\hmail-perf-pair-delivery-20260901\cpp\Data","B3DF9E8BBF4BEDB1102C94DF7C86356E1FEABCBC02A18E8EABEB1EA1453D09B8","PASS","45FA907CE0D3797C1E13EBB2F03F076A25656CCE27E801C18F745ACD3944FBBD","5136EEC556F9790732AE759EF52F77FE6172329EA55787A80300C4A824107E46","smtp-message-acceptance","246","True","7.012",
"d31ec0dc-985f-4f6c-a10b-26435ecad610","MANIFEST_BOUND","hmail-perf-pair-delivery-20260901","A83052CA61D7F3853E97522D3F72DDA595DB61811511435D3030E4E230E8B07E","cpp","hmail_perf_pair_cpp_20260831_225556","C:\hmail-perf-pair-delivery-20260901\cpp\Data","B3DF9E8BBF4BEDB1102C94DF7C86356E1FEABCBC02A18E8EABEB1EA1453D09B8","PASS","45FA907CE0D3797C1E13EBB2F03F076A25656CCE27E801C18F745ACD3944FBBD","5136EEC556F9790732AE759EF52F77FE6172329EA55787A80300C4A824107E46","smtp-message-acceptance","247","True","6.596",
"d31ec0dc-985f-4f6c-a10b-26435ecad610","MANIFEST_BOUND","hmail-perf-pair-delivery-20260901","A83052CA61D7F3853E97522D3F72DDA595DB61811511435D3030E4E230E8B07E","cpp","hmail_perf_pair_cpp_20260831_225556","C:\hmail-perf-pair-delivery-20260901\cpp\Data","B3DF9E8BBF4BEDB1102C94DF7C86356E1FEABCBC02A18E8EABEB1EA1453D09B8","PASS","45FA907CE0D3797C1E13EBB2F03F076A25656CCE27E801C18F745ACD3944FBBD","5136EEC556F9790732AE759EF52F77FE6172329EA55787A80300C4A824107E46","smtp-message-acceptance","248","True","7.096",
"d31ec0dc-985f-4f6c-a10b-26435ecad610","MANIFEST_BOUND","hmail-perf-pair-delivery-20260901","A83052CA61D7F3853E97522D3F72DDA595DB61811511435D3030E4E230E8B07E","cpp","hmail_perf_pair_cpp_20260831_225556","C:\hmail-perf-pair-delivery-20260901\cpp\Data","B3DF9E8BBF4BEDB1102C94DF7C86356E1FEABCBC02A18E8EABEB1EA1453D09B8","PASS","45FA907CE0D3797C1E13EBB2F03F076A25656CCE27E801C18F745ACD3944FBBD","5136EEC556F9790732AE759EF52F77FE6172329EA55787A80300C4A824107E46","smtp-message-acceptance","249","True","12.602",
"d31ec0dc-985f-4f6c-a10b-26435ecad610","MANIFEST_BOUND","hmail-perf-pair-delivery-20260901","A83052CA61D7F3853E97522D3F72DDA595DB61811511435D3030E4E230E8B07E","cpp","hmail_perf_pair_cpp_20260831_225556","C:\hmail-perf-pair-delivery-20260901\cpp\Data","B3DF9E8BBF4BEDB1102C94DF7C86356E1FEABCBC02A18E8EABEB1EA1453D09B8","PASS","45FA907CE0D3797C1E13EBB2F03F076A25656CCE27E801C18F745ACD3944FBBD","5136EEC556F9790732AE759EF52F77FE6172329EA55787A80300C4A824107E46","smtp-message-acceptance","250","True","11.219",
"d31ec0dc-985f-4f6c-a10b-26435ecad610","MANIFEST_BOUND","hmail-perf-pair-delivery-20260901","A83052CA61D7F3853E97522D3F72DDA595DB61811511435D3030E4E230E8B07E","cpp","hmail_perf_pair_cpp_20260831_225556","C:\hmail-perf-pair-delivery-20260901\cpp\Data","B3DF9E8BBF4BEDB1102C94DF7C86356E1FEABCBC02A18E8EABEB1EA1453D09B8","PASS","45FA907CE0D3797C1E13EBB2F03F076A25656CCE27E801C18F745ACD3944FBBD","5136EEC556F9790732AE759EF52F77FE6172329EA55787A80300C4A824107E46","smtp-message-acceptance","251","True","6.583",
"d31ec0dc-985f-4f6c-a10b-26435ecad610","MANIFEST_BOUND","hmail-perf-pair-delivery-20260901","A83052CA61D7F3853E97522D3F72DDA595DB61811511435D3030E4E230E8B07E","cpp","hmail_perf_pair_cpp_20260831_225556","C:\hmail-perf-pair-delivery-20260901\cpp\Data","B3DF9E8BBF4BEDB1102C94DF7C86356E1FEABCBC02A18E8EABEB1EA1453D09B8","PASS","45FA907CE0D3797C1E13EBB2F03F076A25656CCE27E801C18F745ACD3944FBBD","5136EEC556F9790732AE759EF52F77FE6172329EA55787A80300C4A824107E46","smtp-message-acceptance","252","True","20.528",
"d31ec0dc-985f-4f6c-a10b-26435ecad610","MANIFEST_BOUND","hmail-perf-pair-delivery-20260901","A83052CA61D7F3853E97522D3F72DDA595DB61811511435D3030E4E230E8B07E","cpp","hmail_perf_pair_cpp_20260831_225556","C:\hmail-perf-pair-delivery-20260901\cpp\Data","B3DF9E8BBF4BEDB1102C94DF7C86356E1FEABCBC02A18E8EABEB1EA1453D09B8","PASS","45FA907CE0D3797C1E13EBB2F03F076A25656CCE27E801C18F745ACD3944FBBD","5136EEC556F9790732AE759EF52F77FE6172329EA55787A80300C4A824107E46","smtp-message-acceptance","253","True","19.654",
"d31ec0dc-985f-4f6c-a10b-26435ecad610","MANIFEST_BOUND","hmail-perf-pair-delivery-20260901","A83052CA61D7F3853E97522D3F72DDA595DB61811511435D3030E4E230E8B07E","cpp","hmail_perf_pair_cpp_20260831_225556","C:\hmail-perf-pair-delivery-20260901\cpp\Data","B3DF9E8BBF4BEDB1102C94DF7C86356E1FEABCBC02A18E8EABEB1EA1453D09B8","PASS","45FA907CE0D3797C1E13EBB2F03F076A25656CCE27E801C18F745ACD3944FBBD","5136EEC556F9790732AE759EF52F77FE6172329EA55787A80300C4A824107E46","smtp-message-acceptance","254","True","7.074",
"d31ec0dc-985f-4f6c-a10b-26435ecad610","MANIFEST_BOUND","hmail-perf-pair-delivery-20260901","A83052CA61D7F3853E97522D3F72DDA595DB61811511435D3030E4E230E8B07E","cpp","hmail_perf_pair_cpp_20260831_225556","C:\hmail-perf-pair-delivery-20260901\cpp\Data","B3DF9E8BBF4BEDB1102C94DF7C86356E1FEABCBC02A18E8EABEB1EA1453D09B8","PASS","45FA907CE0D3797C1E13EBB2F03F076A25656CCE27E801C18F745ACD3944FBBD","5136EEC556F9790732AE759EF52F77FE6172329EA55787A80300C4A824107E46","smtp-message-acceptance","255","True","6.47",
"d31ec0dc-985f-4f6c-a10b-26435ecad610","MANIFEST_BOUND","hmail-perf-pair-delivery-20260901","A83052CA61D7F3853E97522D3F72DDA595DB61811511435D3030E4E230E8B07E","cpp","hmail_perf_pair_cpp_20260831_225556","C:\hmail-perf-pair-delivery-20260901\cpp\Data","B3DF9E8BBF4BEDB1102C94DF7C86356E1FEABCBC02A18E8EABEB1EA1453D09B8","PASS","45FA907CE0D3797C1E13EBB2F03F076A25656CCE27E801C18F745ACD3944FBBD","5136EEC556F9790732AE759EF52F77FE6172329EA55787A80300C4A824107E46","smtp-message-acceptance","256","True","6.574",
"d31ec0dc-985f-4f6c-a10b-26435ecad610","MANIFEST_BOUND","hmail-perf-pair-delivery-20260901","A83052CA61D7F3853E97522D3F72DDA595DB61811511435D3030E4E230E8B07E","cpp","hmail_perf_pair_cpp_20260831_225556","C:\hmail-perf-pair-delivery-20260901\cpp\Data","B3DF9E8BBF4BEDB1102C94DF7C86356E1FEABCBC02A18E8EABEB1EA1453D09B8","PASS","45FA907CE0D3797C1E13EBB2F03F076A25656CCE27E801C18F745ACD3944FBBD","5136EEC556F9790732AE759EF52F77FE6172329EA55787A80300C4A824107E46","smtp-message-acceptance","257","True","6.576",
"d31ec0dc-985f-4f6c-a10b-26435ecad610","MANIFEST_BOUND","hmail-perf-pair-delivery-20260901","A83052CA61D7F3853E97522D3F72DDA595DB61811511435D3030E4E230E8B07E","cpp","hmail_perf_pair_cpp_20260831_225556","C:\hmail-perf-pair-delivery-20260901\cpp\Data","B3DF9E8BBF4BEDB1102C94DF7C86356E1FEABCBC02A18E8EABEB1EA1453D09B8","PASS","45FA907CE0D3797C1E13EBB2F03F076A25656CCE27E801C18F745ACD3944FBBD","5136EEC556F9790732AE759EF52F77FE6172329EA55787A80300C4A824107E46","smtp-message-acceptance","258","True","6.905",
"d31ec0dc-985f-4f6c-a10b-26435ecad610","MANIFEST_BOUND","hmail-perf-pair-delivery-20260901","A83052CA61D7F3853E97522D3F72DDA595DB61811511435D3030E4E230E8B07E","cpp","hmail_perf_pair_cpp_20260831_225556","C:\hmail-perf-pair-delivery-20260901\cpp\Data","B3DF9E8BBF4BEDB1102C94DF7C86356E1FEABCBC02A18E8EABEB1EA1453D09B8","PASS","45FA907CE0D3797C1E13EBB2F03F076A25656CCE27E801C18F745ACD3944FBBD","5136EEC556F9790732AE759EF52F77FE6172329EA55787A80300C4A824107E46","smtp-message-acceptance","259","True","6.985",
"d31ec0dc-985f-4f6c-a10b-26435ecad610","MANIFEST_BOUND","hmail-perf-pair-delivery-20260901","A83052CA61D7F3853E97522D3F72DDA595DB61811511435D3030E4E230E8B07E","cpp","hmail_perf_pair_cpp_20260831_225556","C:\hmail-perf-pair-delivery-20260901\cpp\Data","B3DF9E8BBF4BEDB1102C94DF7C86356E1FEABCBC02A18E8EABEB1EA1453D09B8","PASS","45FA907CE0D3797C1E13EBB2F03F076A25656CCE27E801C18F745ACD3944FBBD","5136EEC556F9790732AE759EF52F77FE6172329EA55787A80300C4A824107E46","smtp-message-acceptance","260","True","6.84",
"d31ec0dc-985f-4f6c-a10b-26435ecad610","MANIFEST_BOUND","hmail-perf-pair-delivery-20260901","A83052CA61D7F3853E97522D3F72DDA595DB61811511435D3030E4E230E8B07E","cpp","hmail_perf_pair_cpp_20260831_225556","C:\hmail-perf-pair-delivery-20260901\cpp\Data","B3DF9E8BBF4BEDB1102C94DF7C86356E1FEABCBC02A18E8EABEB1EA1453D09B8","PASS","45FA907CE0D3797C1E13EBB2F03F076A25656CCE27E801C18F745ACD3944FBBD","5136EEC556F9790732AE759EF52F77FE6172329EA55787A80300C4A824107E46","smtp-message-acceptance","261","True","7.021",
"d31ec0dc-985f-4f6c-a10b-26435ecad610","MANIFEST_BOUND","hmail-perf-pair-delivery-20260901","A83052CA61D7F3853E97522D3F72DDA595DB61811511435D3030E4E230E8B07E","cpp","hmail_perf_pair_cpp_20260831_225556","C:\hmail-perf-pair-delivery-20260901\cpp\Data","B3DF9E8BBF4BEDB1102C94DF7C86356E1FEABCBC02A18E8EABEB1EA1453D09B8","PASS","45FA907CE0D3797C1E13EBB2F03F076A25656CCE27E801C18F745ACD3944FBBD","5136EEC556F9790732AE759EF52F77FE6172329EA55787A80300C4A824107E46","smtp-message-acceptance","262","True","6.8",
"d31ec0dc-985f-4f6c-a10b-26435ecad610","MANIFEST_BOUND","hmail-perf-pair-delivery-20260901","A83052CA61D7F3853E97522D3F72DDA595DB61811511435D3030E4E230E8B07E","cpp","hmail_perf_pair_cpp_20260831_225556","C:\hmail-perf-pair-delivery-20260901\cpp\Data","B3DF9E8BBF4BEDB1102C94DF7C86356E1FEABCBC02A18E8EABEB1EA1453D09B8","PASS","45FA907CE0D3797C1E13EBB2F03F076A25656CCE27E801C18F745ACD3944FBBD","5136EEC556F9790732AE759EF52F77FE6172329EA55787A80300C4A824107E46","smtp-message-acceptance","263","True","6.3",
"d31ec0dc-985f-4f6c-a10b-26435ecad610","MANIFEST_BOUND","hmail-perf-pair-delivery-20260901","A83052CA61D7F3853E97522D3F72DDA595DB61811511435D3030E4E230E8B07E","cpp","hmail_perf_pair_cpp_20260831_225556","C:\hmail-perf-pair-delivery-20260901\cpp\Data","B3DF9E8BBF4BEDB1102C94DF7C86356E1FEABCBC02A18E8EABEB1EA1453D09B8","PASS","45FA907CE0D3797C1E13EBB2F03F076A25656CCE27E801C18F745ACD3944FBBD","5136EEC556F9790732AE759EF52F77FE6172329EA55787A80300C4A824107E46","smtp-message-acceptance","264","True","6.659",
"d31ec0dc-985f-4f6c-a10b-26435ecad610","MANIFEST_BOUND","hmail-perf-pair-delivery-20260901","A83052CA61D7F3853E97522D3F72DDA595DB61811511435D3030E4E230E8B07E","cpp","hmail_perf_pair_cpp_20260831_225556","C:\hmail-perf-pair-delivery-20260901\cpp\Data","B3DF9E8BBF4BEDB1102C94DF7C86356E1FEABCBC02A18E8EABEB1EA1453D09B8","PASS","45FA907CE0D3797C1E13EBB2F03F076A25656CCE27E801C18F745ACD3944FBBD","5136EEC556F9790732AE759EF52F77FE6172329EA55787A80300C4A824107E46","smtp-message-acceptance","265","True","6.993",
"d31ec0dc-985f-4f6c-a10b-26435ecad610","MANIFEST_BOUND","hmail-perf-pair-delivery-20260901","A83052CA61D7F3853E97522D3F72DDA595DB61811511435D3030E4E230E8B07E","cpp","hmail_perf_pair_cpp_20260831_225556","C:\hmail-perf-pair-delivery-20260901\cpp\Data","B3DF9E8BBF4BEDB1102C94DF7C86356E1FEABCBC02A18E8EABEB1EA1453D09B8","PASS","45FA907CE0D3797C1E13EBB2F03F076A25656CCE27E801C18F745ACD3944FBBD","5136EEC556F9790732AE759EF52F77FE6172329EA55787A80300C4A824107E46","smtp-message-acceptance","266","True","6.6",
"d31ec0dc-985f-4f6c-a10b-26435ecad610","MANIFEST_BOUND","hmail-perf-pair-delivery-20260901","A83052CA61D7F3853E97522D3F72DDA595DB61811511435D3030E4E230E8B07E","cpp","hmail_perf_pair_cpp_20260831_225556","C:\hmail-perf-pair-delivery-20260901\cpp\Data","B3DF9E8BBF4BEDB1102C94DF7C86356E1FEABCBC02A18E8EABEB1EA1453D09B8","PASS","45FA907CE0D3797C1E13EBB2F03F076A25656CCE27E801C18F745ACD3944FBBD","5136EEC556F9790732AE759EF52F77FE6172329EA55787A80300C4A824107E46","smtp-message-acceptance","267","True","7.046",
"d31ec0dc-985f-4f6c-a10b-26435ecad610","MANIFEST_BOUND","hmail-perf-pair-delivery-20260901","A83052CA61D7F3853E97522D3F72DDA595DB61811511435D3030E4E230E8B07E","cpp","hmail_perf_pair_cpp_20260831_225556","C:\hmail-perf-pair-delivery-20260901\cpp\Data","B3DF9E8BBF4BEDB1102C94DF7C86356E1FEABCBC02A18E8EABEB1EA1453D09B8","PASS","45FA907CE0D3797C1E13EBB2F03F076A25656CCE27E801C18F745ACD3944FBBD","5136EEC556F9790732AE759EF52F77FE6172329EA55787A80300C4A824107E46","smtp-message-acceptance","268","True","6.695",
"d31ec0dc-985f-4f6c-a10b-26435ecad610","MANIFEST_BOUND","hmail-perf-pair-delivery-20260901","A83052CA61D7F3853E97522D3F72DDA595DB61811511435D3030E4E230E8B07E","cpp","hmail_perf_pair_cpp_20260831_225556","C:\hmail-perf-pair-delivery-20260901\cpp\Data","B3DF9E8BBF4BEDB1102C94DF7C86356E1FEABCBC02A18E8EABEB1EA1453D09B8","PASS","45FA907CE0D3797C1E13EBB2F03F076A25656CCE27E801C18F745ACD3944FBBD","5136EEC556F9790732AE759EF52F77FE6172329EA55787A80300C4A824107E46","smtp-message-acceptance","269","True","14.457",
"d31ec0dc-985f-4f6c-a10b-26435ecad610","MANIFEST_BOUND","hmail-perf-pair-delivery-20260901","A83052CA61D7F3853E97522D3F72DDA595DB61811511435D3030E4E230E8B07E","cpp","hmail_perf_pair_cpp_20260831_225556","C:\hmail-perf-pair-delivery-20260901\cpp\Data","B3DF9E8BBF4BEDB1102C94DF7C86356E1FEABCBC02A18E8EABEB1EA1453D09B8","PASS","45FA907CE0D3797C1E13EBB2F03F076A25656CCE27E801C18F745ACD3944FBBD","5136EEC556F9790732AE759EF52F77FE6172329EA55787A80300C4A824107E46","smtp-message-acceptance","270","True","6.706",
"d31ec0dc-985f-4f6c-a10b-26435ecad610","MANIFEST_BOUND","hmail-perf-pair-delivery-20260901","A83052CA61D7F3853E97522D3F72DDA595DB61811511435D3030E4E230E8B07E","cpp","hmail_perf_pair_cpp_20260831_225556","C:\hmail-perf-pair-delivery-20260901\cpp\Data","B3DF9E8BBF4BEDB1102C94DF7C86356E1FEABCBC02A18E8EABEB1EA1453D09B8","PASS","45FA907CE0D3797C1E13EBB2F03F076A25656CCE27E801C18F745ACD3944FBBD","5136EEC556F9790732AE759EF52F77FE6172329EA55787A80300C4A824107E46","smtp-message-acceptance","271","True","6.529",
"d31ec0dc-985f-4f6c-a10b-26435ecad610","MANIFEST_BOUND","hmail-perf-pair-delivery-20260901","A83052CA61D7F3853E97522D3F72DDA595DB61811511435D3030E4E230E8B07E","cpp","hmail_perf_pair_cpp_20260831_225556","C:\hmail-perf-pair-delivery-20260901\cpp\Data","B3DF9E8BBF4BEDB1102C94DF7C86356E1FEABCBC02A18E8EABEB1EA1453D09B8","PASS","45FA907CE0D3797C1E13EBB2F03F076A25656CCE27E801C18F745ACD3944FBBD","5136EEC556F9790732AE759EF52F77FE6172329EA55787A80300C4A824107E46","smtp-message-acceptance","272","True","16.974",
"d31ec0dc-985f-4f6c-a10b-26435ecad610","MANIFEST_BOUND","hmail-perf-pair-delivery-20260901","A83052CA61D7F3853E97522D3F72DDA595DB61811511435D3030E4E230E8B07E","cpp","hmail_perf_pair_cpp_20260831_225556","C:\hmail-perf-pair-delivery-20260901\cpp\Data","B3DF9E8BBF4BEDB1102C94DF7C86356E1FEABCBC02A18E8EABEB1EA1453D09B8","PASS","45FA907CE0D3797C1E13EBB2F03F076A25656CCE27E801C18F745ACD3944FBBD","5136EEC556F9790732AE759EF52F77FE6172329EA55787A80300C4A824107E46","smtp-message-acceptance","273","True","7.317",
"d31ec0dc-985f-4f6c-a10b-26435ecad610","MANIFEST_BOUND","hmail-perf-pair-delivery-20260901","A83052CA61D7F3853E97522D3F72DDA595DB61811511435D3030E4E230E8B07E","cpp","hmail_perf_pair_cpp_20260831_225556","C:\hmail-perf-pair-delivery-20260901\cpp\Data","B3DF9E8BBF4BEDB1102C94DF7C86356E1FEABCBC02A18E8EABEB1EA1453D09B8","PASS","45FA907CE0D3797C1E13EBB2F03F076A25656CCE27E801C18F745ACD3944FBBD","5136EEC556F9790732AE759EF52F77FE6172329EA55787A80300C4A824107E46","smtp-message-acceptance","274","True","6.514",
"d31ec0dc-985f-4f6c-a10b-26435ecad610","MANIFEST_BOUND","hmail-perf-pair-delivery-20260901","A83052CA61D7F3853E97522D3F72DDA595DB61811511435D3030E4E230E8B07E","cpp","hmail_perf_pair_cpp_20260831_225556","C:\hmail-perf-pair-delivery-20260901\cpp\Data","B3DF9E8BBF4BEDB1102C94DF7C86356E1FEABCBC02A18E8EABEB1EA1453D09B8","PASS","45FA907CE0D3797C1E13EBB2F03F076A25656CCE27E801C18F745ACD3944FBBD","5136EEC556F9790732AE759EF52F77FE6172329EA55787A80300C4A824107E46","smtp-message-acceptance","275","True","6.926",
"d31ec0dc-985f-4f6c-a10b-26435ecad610","MANIFEST_BOUND","hmail-perf-pair-delivery-20260901","A83052CA61D7F3853E97522D3F72DDA595DB61811511435D3030E4E230E8B07E","cpp","hmail_perf_pair_cpp_20260831_225556","C:\hmail-perf-pair-delivery-20260901\cpp\Data","B3DF9E8BBF4BEDB1102C94DF7C86356E1FEABCBC02A18E8EABEB1EA1453D09B8","PASS","45FA907CE0D3797C1E13EBB2F03F076A25656CCE27E801C18F745ACD3944FBBD","5136EEC556F9790732AE759EF52F77FE6172329EA55787A80300C4A824107E46","smtp-message-acceptance","276","True","7.129",
"d31ec0dc-985f-4f6c-a10b-26435ecad610","MANIFEST_BOUND","hmail-perf-pair-delivery-20260901","A83052CA61D7F3853E97522D3F72DDA595DB61811511435D3030E4E230E8B07E","cpp","hmail_perf_pair_cpp_20260831_225556","C:\hmail-perf-pair-delivery-20260901\cpp\Data","B3DF9E8BBF4BEDB1102C94DF7C86356E1FEABCBC02A18E8EABEB1EA1453D09B8","PASS","45FA907CE0D3797C1E13EBB2F03F076A25656CCE27E801C18F745ACD3944FBBD","5136EEC556F9790732AE759EF52F77FE6172329EA55787A80300C4A824107E46","smtp-message-acceptance","277","True","6.944",
"d31ec0dc-985f-4f6c-a10b-26435ecad610","MANIFEST_BOUND","hmail-perf-pair-delivery-20260901","A83052CA61D7F3853E97522D3F72DDA595DB61811511435D3030E4E230E8B07E","cpp","hmail_perf_pair_cpp_20260831_225556","C:\hmail-perf-pair-delivery-20260901\cpp\Data","B3DF9E8BBF4BEDB1102C94DF7C86356E1FEABCBC02A18E8EABEB1EA1453D09B8","PASS","45FA907CE0D3797C1E13EBB2F03F076A25656CCE27E801C18F745ACD3944FBBD","5136EEC556F9790732AE759EF52F77FE6172329EA55787A80300C4A824107E46","smtp-message-acceptance","278","True","6.911",
"d31ec0dc-985f-4f6c-a10b-26435ecad610","MANIFEST_BOUND","hmail-perf-pair-delivery-20260901","A83052CA61D7F3853E97522D3F72DDA595DB61811511435D3030E4E230E8B07E","cpp","hmail_perf_pair_cpp_20260831_225556","C:\hmail-perf-pair-delivery-20260901\cpp\Data","B3DF9E8BBF4BEDB1102C94DF7C86356E1FEABCBC02A18E8EABEB1EA1453D09B8","PASS","45FA907CE0D3797C1E13EBB2F03F076A25656CCE27E801C18F745ACD3944FBBD","5136EEC556F9790732AE759EF52F77FE6172329EA55787A80300C4A824107E46","smtp-message-acceptance","279","True","6.841",
"d31ec0dc-985f-4f6c-a10b-26435ecad610","MANIFEST_BOUND","hmail-perf-pair-delivery-20260901","A83052CA61D7F3853E97522D3F72DDA595DB61811511435D3030E4E230E8B07E","cpp","hmail_perf_pair_cpp_20260831_225556","C:\hmail-perf-pair-delivery-20260901\cpp\Data","B3DF9E8BBF4BEDB1102C94DF7C86356E1FEABCBC02A18E8EABEB1EA1453D09B8","PASS","45FA907CE0D3797C1E13EBB2F03F076A25656CCE27E801C18F745ACD3944FBBD","5136EEC556F9790732AE759EF52F77FE6172329EA55787A80300C4A824107E46","smtp-message-acceptance","280","True","7.115",
"d31ec0dc-985f-4f6c-a10b-26435ecad610","MANIFEST_BOUND","hmail-perf-pair-delivery-20260901","A83052CA61D7F3853E97522D3F72DDA595DB61811511435D3030E4E230E8B07E","cpp","hmail_perf_pair_cpp_20260831_225556","C:\hmail-perf-pair-delivery-20260901\cpp\Data","B3DF9E8BBF4BEDB1102C94DF7C86356E1FEABCBC02A18E8EABEB1EA1453D09B8","PASS","45FA907CE0D3797C1E13EBB2F03F076A25656CCE27E801C18F745ACD3944FBBD","5136EEC556F9790732AE759EF52F77FE6172329EA55787A80300C4A824107E46","smtp-message-acceptance","281","True","7.151",
"d31ec0dc-985f-4f6c-a10b-26435ecad610","MANIFEST_BOUND","hmail-perf-pair-delivery-20260901","A83052CA61D7F3853E97522D3F72DDA595DB61811511435D3030E4E230E8B07E","cpp","hmail_perf_pair_cpp_20260831_225556","C:\hmail-perf-pair-delivery-20260901\cpp\Data","B3DF9E8BBF4BEDB1102C94DF7C86356E1FEABCBC02A18E8EABEB1EA1453D09B8","PASS","45FA907CE0D3797C1E13EBB2F03F076A25656CCE27E801C18F745ACD3944FBBD","5136EEC556F9790732AE759EF52F77FE6172329EA55787A80300C4A824107E46","smtp-message-acceptance","282","True","7.089",
"d31ec0dc-985f-4f6c-a10b-26435ecad610","MANIFEST_BOUND","hmail-perf-pair-delivery-20260901","A83052CA61D7F3853E97522D3F72DDA595DB61811511435D3030E4E230E8B07E","cpp","hmail_perf_pair_cpp_20260831_225556","C:\hmail-perf-pair-delivery-20260901\cpp\Data","B3DF9E8BBF4BEDB1102C94DF7C86356E1FEABCBC02A18E8EABEB1EA1453D09B8","PASS","45FA907CE0D3797C1E13EBB2F03F076A25656CCE27E801C18F745ACD3944FBBD","5136EEC556F9790732AE759EF52F77FE6172329EA55787A80300C4A824107E46","smtp-message-acceptance","283","True","6.931",
"d31ec0dc-985f-4f6c-a10b-26435ecad610","MANIFEST_BOUND","hmail-perf-pair-delivery-20260901","A83052CA61D7F3853E97522D3F72DDA595DB61811511435D3030E4E230E8B07E","cpp","hmail_perf_pair_cpp_20260831_225556","C:\hmail-perf-pair-delivery-20260901\cpp\Data","B3DF9E8BBF4BEDB1102C94DF7C86356E1FEABCBC02A18E8EABEB1EA1453D09B8","PASS","45FA907CE0D3797C1E13EBB2F03F076A25656CCE27E801C18F745ACD3944FBBD","5136EEC556F9790732AE759EF52F77FE6172329EA55787A80300C4A824107E46","smtp-message-acceptance","284","True","6.47",
"d31ec0dc-985f-4f6c-a10b-26435ecad610","MANIFEST_BOUND","hmail-perf-pair-delivery-20260901","A83052CA61D7F3853E97522D3F72DDA595DB61811511435D3030E4E230E8B07E","cpp","hmail_perf_pair_cpp_20260831_225556","C:\hmail-perf-pair-delivery-20260901\cpp\Data","B3DF9E8BBF4BEDB1102C94DF7C86356E1FEABCBC02A18E8EABEB1EA1453D09B8","PASS","45FA907CE0D3797C1E13EBB2F03F076A25656CCE27E801C18F745ACD3944FBBD","5136EEC556F9790732AE759EF52F77FE6172329EA55787A80300C4A824107E46","smtp-message-acceptance","285","True","6.805",
"d31ec0dc-985f-4f6c-a10b-26435ecad610","MANIFEST_BOUND","hmail-perf-pair-delivery-20260901","A83052CA61D7F3853E97522D3F72DDA595DB61811511435D3030E4E230E8B07E","cpp","hmail_perf_pair_cpp_20260831_225556","C:\hmail-perf-pair-delivery-20260901\cpp\Data","B3DF9E8BBF4BEDB1102C94DF7C86356E1FEABCBC02A18E8EABEB1EA1453D09B8","PASS","45FA907CE0D3797C1E13EBB2F03F076A25656CCE27E801C18F745ACD3944FBBD","5136EEC556F9790732AE759EF52F77FE6172329EA55787A80300C4A824107E46","smtp-message-acceptance","286","True","7.058",
"d31ec0dc-985f-4f6c-a10b-26435ecad610","MANIFEST_BOUND","hmail-perf-pair-delivery-20260901","A83052CA61D7F3853E97522D3F72DDA595DB61811511435D3030E4E230E8B07E","cpp","hmail_perf_pair_cpp_20260831_225556","C:\hmail-perf-pair-delivery-20260901\cpp\Data","B3DF9E8BBF4BEDB1102C94DF7C86356E1FEABCBC02A18E8EABEB1EA1453D09B8","PASS","45FA907CE0D3797C1E13EBB2F03F076A25656CCE27E801C18F745ACD3944FBBD","5136EEC556F9790732AE759EF52F77FE6172329EA55787A80300C4A824107E46","smtp-message-acceptance","287","True","7.047",
"d31ec0dc-985f-4f6c-a10b-26435ecad610","MANIFEST_BOUND","hmail-perf-pair-delivery-20260901","A83052CA61D7F3853E97522D3F72DDA595DB61811511435D3030E4E230E8B07E","cpp","hmail_perf_pair_cpp_20260831_225556","C:\hmail-perf-pair-delivery-20260901\cpp\Data","B3DF9E8BBF4BEDB1102C94DF7C86356E1FEABCBC02A18E8EABEB1EA1453D09B8","PASS","45FA907CE0D3797C1E13EBB2F03F076A25656CCE27E801C18F745ACD3944FBBD","5136EEC556F9790732AE759EF52F77FE6172329EA55787A80300C4A824107E46","smtp-message-acceptance","288","True","7.039",
"d31ec0dc-985f-4f6c-a10b-26435ecad610","MANIFEST_BOUND","hmail-perf-pair-delivery-20260901","A83052CA61D7F3853E97522D3F72DDA595DB61811511435D3030E4E230E8B07E","cpp","hmail_perf_pair_cpp_20260831_225556","C:\hmail-perf-pair-delivery-20260901\cpp\Data","B3DF9E8BBF4BEDB1102C94DF7C86356E1FEABCBC02A18E8EABEB1EA1453D09B8","PASS","45FA907CE0D3797C1E13EBB2F03F076A25656CCE27E801C18F745ACD3944FBBD","5136EEC556F9790732AE759EF52F77FE6172329EA55787A80300C4A824107E46","smtp-message-acceptance","289","True","12.184",
"d31ec0dc-985f-4f6c-a10b-26435ecad610","MANIFEST_BOUND","hmail-perf-pair-delivery-20260901","A83052CA61D7F3853E97522D3F72DDA595DB61811511435D3030E4E230E8B07E","cpp","hmail_perf_pair_cpp_20260831_225556","C:\hmail-perf-pair-delivery-20260901\cpp\Data","B3DF9E8BBF4BEDB1102C94DF7C86356E1FEABCBC02A18E8EABEB1EA1453D09B8","PASS","45FA907CE0D3797C1E13EBB2F03F076A25656CCE27E801C18F745ACD3944FBBD","5136EEC556F9790732AE759EF52F77FE6172329EA55787A80300C4A824107E46","smtp-message-acceptance","290","True","12.665",
"d31ec0dc-985f-4f6c-a10b-26435ecad610","MANIFEST_BOUND","hmail-perf-pair-delivery-20260901","A83052CA61D7F3853E97522D3F72DDA595DB61811511435D3030E4E230E8B07E","cpp","hmail_perf_pair_cpp_20260831_225556","C:\hmail-perf-pair-delivery-20260901\cpp\Data","B3DF9E8BBF4BEDB1102C94DF7C86356E1FEABCBC02A18E8EABEB1EA1453D09B8","PASS","45FA907CE0D3797C1E13EBB2F03F076A25656CCE27E801C18F745ACD3944FBBD","5136EEC556F9790732AE759EF52F77FE6172329EA55787A80300C4A824107E46","smtp-message-acceptance","291","True","7.396",
"d31ec0dc-985f-4f6c-a10b-26435ecad610","MANIFEST_BOUND","hmail-perf-pair-delivery-20260901","A83052CA61D7F3853E97522D3F72DDA595DB61811511435D3030E4E230E8B07E","cpp","hmail_perf_pair_cpp_20260831_225556","C:\hmail-perf-pair-delivery-20260901\cpp\Data","B3DF9E8BBF4BEDB1102C94DF7C86356E1FEABCBC02A18E8EABEB1EA1453D09B8","PASS","45FA907CE0D3797C1E13EBB2F03F076A25656CCE27E801C18F745ACD3944FBBD","5136EEC556F9790732AE759EF52F77FE6172329EA55787A80300C4A824107E46","smtp-message-acceptance","292","True","7.243",
"d31ec0dc-985f-4f6c-a10b-26435ecad610","MANIFEST_BOUND","hmail-perf-pair-delivery-20260901","A83052CA61D7F3853E97522D3F72DDA595DB61811511435D3030E4E230E8B07E","cpp","hmail_perf_pair_cpp_20260831_225556","C:\hmail-perf-pair-delivery-20260901\cpp\Data","B3DF9E8BBF4BEDB1102C94DF7C86356E1FEABCBC02A18E8EABEB1EA1453D09B8","PASS","45FA907CE0D3797C1E13EBB2F03F076A25656CCE27E801C18F745ACD3944FBBD","5136EEC556F9790732AE759EF52F77FE6172329EA55787A80300C4A824107E46","smtp-message-acceptance","293","True","6.355",
"d31ec0dc-985f-4f6c-a10b-26435ecad610","MANIFEST_BOUND","hmail-perf-pair-delivery-20260901","A83052CA61D7F3853E97522D3F72DDA595DB61811511435D3030E4E230E8B07E","cpp","hmail_perf_pair_cpp_20260831_225556","C:\hmail-perf-pair-delivery-20260901\cpp\Data","B3DF9E8BBF4BEDB1102C94DF7C86356E1FEABCBC02A18E8EABEB1EA1453D09B8","PASS","45FA907CE0D3797C1E13EBB2F03F076A25656CCE27E801C18F745ACD3944FBBD","5136EEC556F9790732AE759EF52F77FE6172329EA55787A80300C4A824107E46","smtp-message-acceptance","294","True","6.767",
"d31ec0dc-985f-4f6c-a10b-26435ecad610","MANIFEST_BOUND","hmail-perf-pair-delivery-20260901","A83052CA61D7F3853E97522D3F72DDA595DB61811511435D3030E4E230E8B07E","cpp","hmail_perf_pair_cpp_20260831_225556","C:\hmail-perf-pair-delivery-20260901\cpp\Data","B3DF9E8BBF4BEDB1102C94DF7C86356E1FEABCBC02A18E8EABEB1EA1453D09B8","PASS","45FA907CE0D3797C1E13EBB2F03F076A25656CCE27E801C18F745ACD3944FBBD","5136EEC556F9790732AE759EF52F77FE6172329EA55787A80300C4A824107E46","smtp-message-acceptance","295","True","6.967",
"d31ec0dc-985f-4f6c-a10b-26435ecad610","MANIFEST_BOUND","hmail-perf-pair-delivery-20260901","A83052CA61D7F3853E97522D3F72DDA595DB61811511435D3030E4E230E8B07E","cpp","hmail_perf_pair_cpp_20260831_225556","C:\hmail-perf-pair-delivery-20260901\cpp\Data","B3DF9E8BBF4BEDB1102C94DF7C86356E1FEABCBC02A18E8EABEB1EA1453D09B8","PASS","45FA907CE0D3797C1E13EBB2F03F076A25656CCE27E801C18F745ACD3944FBBD","5136EEC556F9790732AE759EF52F77FE6172329EA55787A80300C4A824107E46","smtp-message-acceptance","296","True","6.668",
"d31ec0dc-985f-4f6c-a10b-26435ecad610","MANIFEST_BOUND","hmail-perf-pair-delivery-20260901","A83052CA61D7F3853E97522D3F72DDA595DB61811511435D3030E4E230E8B07E","cpp","hmail_perf_pair_cpp_20260831_225556","C:\hmail-perf-pair-delivery-20260901\cpp\Data","B3DF9E8BBF4BEDB1102C94DF7C86356E1FEABCBC02A18E8EABEB1EA1453D09B8","PASS","45FA907CE0D3797C1E13EBB2F03F076A25656CCE27E801C18F745ACD3944FBBD","5136EEC556F9790732AE759EF52F77FE6172329EA55787A80300C4A824107E46","smtp-message-acceptance","297","True","6.668",
"d31ec0dc-985f-4f6c-a10b-26435ecad610","MANIFEST_BOUND","hmail-perf-pair-delivery-20260901","A83052CA61D7F3853E97522D3F72DDA595DB61811511435D3030E4E230E8B07E","cpp","hmail_perf_pair_cpp_20260831_225556","C:\hmail-perf-pair-delivery-20260901\cpp\Data","B3DF9E8BBF4BEDB1102C94DF7C86356E1FEABCBC02A18E8EABEB1EA1453D09B8","PASS","45FA907CE0D3797C1E13EBB2F03F076A25656CCE27E801C18F745ACD3944FBBD","5136EEC556F9790732AE759EF52F77FE6172329EA55787A80300C4A824107E46","smtp-message-acceptance","298","True","6.47",
"d31ec0dc-985f-4f6c-a10b-26435ecad610","MANIFEST_BOUND","hmail-perf-pair-delivery-20260901","A83052CA61D7F3853E97522D3F72DDA595DB61811511435D3030E4E230E8B07E","cpp","hmail_perf_pair_cpp_20260831_225556","C:\hmail-perf-pair-delivery-20260901\cpp\Data","B3DF9E8BBF4BEDB1102C94DF7C86356E1FEABCBC02A18E8EABEB1EA1453D09B8","PASS","45FA907CE0D3797C1E13EBB2F03F076A25656CCE27E801C18F745ACD3944FBBD","5136EEC556F9790732AE759EF52F77FE6172329EA55787A80300C4A824107E46","smtp-message-acceptance","299","True","6.662",
"d31ec0dc-985f-4f6c-a10b-26435ecad610","MANIFEST_BOUND","hmail-perf-pair-delivery-20260901","A83052CA61D7F3853E97522D3F72DDA595DB61811511435D3030E4E230E8B07E","cpp","hmail_perf_pair_cpp_20260831_225556","C:\hmail-perf-pair-delivery-20260901\cpp\Data","B3DF9E8BBF4BEDB1102C94DF7C86356E1FEABCBC02A18E8EABEB1EA1453D09B8","PASS","45FA907CE0D3797C1E13EBB2F03F076A25656CCE27E801C18F745ACD3944FBBD","5136EEC556F9790732AE759EF52F77FE6172329EA55787A80300C4A824107E46","smtp-message-acceptance","300","True","7.036",
"d31ec0dc-985f-4f6c-a10b-26435ecad610","MANIFEST_BOUND","hmail-perf-pair-delivery-20260901","A83052CA61D7F3853E97522D3F72DDA595DB61811511435D3030E4E230E8B07E","cpp","hmail_perf_pair_cpp_20260831_225556","C:\hmail-perf-pair-delivery-20260901\cpp\Data","B3DF9E8BBF4BEDB1102C94DF7C86356E1FEABCBC02A18E8EABEB1EA1453D09B8","PASS","45FA907CE0D3797C1E13EBB2F03F076A25656CCE27E801C18F745ACD3944FBBD","5136EEC556F9790732AE759EF52F77FE6172329EA55787A80300C4A824107E46","smtp-message-acceptance","301","True","6.57",
"d31ec0dc-985f-4f6c-a10b-26435ecad610","MANIFEST_BOUND","hmail-perf-pair-delivery-20260901","A83052CA61D7F3853E97522D3F72DDA595DB61811511435D3030E4E230E8B07E","cpp","hmail_perf_pair_cpp_20260831_225556","C:\hmail-perf-pair-delivery-20260901\cpp\Data","B3DF9E8BBF4BEDB1102C94DF7C86356E1FEABCBC02A18E8EABEB1EA1453D09B8","PASS","45FA907CE0D3797C1E13EBB2F03F076A25656CCE27E801C18F745ACD3944FBBD","5136EEC556F9790732AE759EF52F77FE6172329EA55787A80300C4A824107E46","smtp-message-acceptance","302","True","6.958",
"d31ec0dc-985f-4f6c-a10b-26435ecad610","MANIFEST_BOUND","hmail-perf-pair-delivery-20260901","A83052CA61D7F3853E97522D3F72DDA595DB61811511435D3030E4E230E8B07E","cpp","hmail_perf_pair_cpp_20260831_225556","C:\hmail-perf-pair-delivery-20260901\cpp\Data","B3DF9E8BBF4BEDB1102C94DF7C86356E1FEABCBC02A18E8EABEB1EA1453D09B8","PASS","45FA907CE0D3797C1E13EBB2F03F076A25656CCE27E801C18F745ACD3944FBBD","5136EEC556F9790732AE759EF52F77FE6172329EA55787A80300C4A824107E46","smtp-message-acceptance","303","True","6.77",
"d31ec0dc-985f-4f6c-a10b-26435ecad610","MANIFEST_BOUND","hmail-perf-pair-delivery-20260901","A83052CA61D7F3853E97522D3F72DDA595DB61811511435D3030E4E230E8B07E","cpp","hmail_perf_pair_cpp_20260831_225556","C:\hmail-perf-pair-delivery-20260901\cpp\Data","B3DF9E8BBF4BEDB1102C94DF7C86356E1FEABCBC02A18E8EABEB1EA1453D09B8","PASS","45FA907CE0D3797C1E13EBB2F03F076A25656CCE27E801C18F745ACD3944FBBD","5136EEC556F9790732AE759EF52F77FE6172329EA55787A80300C4A824107E46","smtp-message-acceptance","304","True","6.44",
"d31ec0dc-985f-4f6c-a10b-26435ecad610","MANIFEST_BOUND","hmail-perf-pair-delivery-20260901","A83052CA61D7F3853E97522D3F72DDA595DB61811511435D3030E4E230E8B07E","cpp","hmail_perf_pair_cpp_20260831_225556","C:\hmail-perf-pair-delivery-20260901\cpp\Data","B3DF9E8BBF4BEDB1102C94DF7C86356E1FEABCBC02A18E8EABEB1EA1453D09B8","PASS","45FA907CE0D3797C1E13EBB2F03F076A25656CCE27E801C18F745ACD3944FBBD","5136EEC556F9790732AE759EF52F77FE6172329EA55787A80300C4A824107E46","smtp-message-acceptance","305","True","6.775",
"d31ec0dc-985f-4f6c-a10b-26435ecad610","MANIFEST_BOUND","hmail-perf-pair-delivery-20260901","A83052CA61D7F3853E97522D3F72DDA595DB61811511435D3030E4E230E8B07E","cpp","hmail_perf_pair_cpp_20260831_225556","C:\hmail-perf-pair-delivery-20260901\cpp\Data","B3DF9E8BBF4BEDB1102C94DF7C86356E1FEABCBC02A18E8EABEB1EA1453D09B8","PASS","45FA907CE0D3797C1E13EBB2F03F076A25656CCE27E801C18F745ACD3944FBBD","5136EEC556F9790732AE759EF52F77FE6172329EA55787A80300C4A824107E46","smtp-message-acceptance","306","True","6.727",
"d31ec0dc-985f-4f6c-a10b-26435ecad610","MANIFEST_BOUND","hmail-perf-pair-delivery-20260901","A83052CA61D7F3853E97522D3F72DDA595DB61811511435D3030E4E230E8B07E","cpp","hmail_perf_pair_cpp_20260831_225556","C:\hmail-perf-pair-delivery-20260901\cpp\Data","B3DF9E8BBF4BEDB1102C94DF7C86356E1FEABCBC02A18E8EABEB1EA1453D09B8","PASS","45FA907CE0D3797C1E13EBB2F03F076A25656CCE27E801C18F745ACD3944FBBD","5136EEC556F9790732AE759EF52F77FE6172329EA55787A80300C4A824107E46","smtp-message-acceptance","307","True","6.761",
"d31ec0dc-985f-4f6c-a10b-26435ecad610","MANIFEST_BOUND","hmail-perf-pair-delivery-20260901","A83052CA61D7F3853E97522D3F72DDA595DB61811511435D3030E4E230E8B07E","cpp","hmail_perf_pair_cpp_20260831_225556","C:\hmail-perf-pair-delivery-20260901\cpp\Data","B3DF9E8BBF4BEDB1102C94DF7C86356E1FEABCBC02A18E8EABEB1EA1453D09B8","PASS","45FA907CE0D3797C1E13EBB2F03F076A25656CCE27E801C18F745ACD3944FBBD","5136EEC556F9790732AE759EF52F77FE6172329EA55787A80300C4A824107E46","smtp-message-acceptance","308","True","6.681",
"d31ec0dc-985f-4f6c-a10b-26435ecad610","MANIFEST_BOUND","hmail-perf-pair-delivery-20260901","A83052CA61D7F3853E97522D3F72DDA595DB61811511435D3030E4E230E8B07E","cpp","hmail_perf_pair_cpp_20260831_225556","C:\hmail-perf-pair-delivery-20260901\cpp\Data","B3DF9E8BBF4BEDB1102C94DF7C86356E1FEABCBC02A18E8EABEB1EA1453D09B8","PASS","45FA907CE0D3797C1E13EBB2F03F076A25656CCE27E801C18F745ACD3944FBBD","5136EEC556F9790732AE759EF52F77FE6172329EA55787A80300C4A824107E46","smtp-message-acceptance","309","True","6.55",
"d31ec0dc-985f-4f6c-a10b-26435ecad610","MANIFEST_BOUND","hmail-perf-pair-delivery-20260901","A83052CA61D7F3853E97522D3F72DDA595DB61811511435D3030E4E230E8B07E","cpp","hmail_perf_pair_cpp_20260831_225556","C:\hmail-perf-pair-delivery-20260901\cpp\Data","B3DF9E8BBF4BEDB1102C94DF7C86356E1FEABCBC02A18E8EABEB1EA1453D09B8","PASS","45FA907CE0D3797C1E13EBB2F03F076A25656CCE27E801C18F745ACD3944FBBD","5136EEC556F9790732AE759EF52F77FE6172329EA55787A80300C4A824107E46","smtp-message-acceptance","310","True","6.978",
"d31ec0dc-985f-4f6c-a10b-26435ecad610","MANIFEST_BOUND","hmail-perf-pair-delivery-20260901","A83052CA61D7F3853E97522D3F72DDA595DB61811511435D3030E4E230E8B07E","cpp","hmail_perf_pair_cpp_20260831_225556","C:\hmail-perf-pair-delivery-20260901\cpp\Data","B3DF9E8BBF4BEDB1102C94DF7C86356E1FEABCBC02A18E8EABEB1EA1453D09B8","PASS","45FA907CE0D3797C1E13EBB2F03F076A25656CCE27E801C18F745ACD3944FBBD","5136EEC556F9790732AE759EF52F77FE6172329EA55787A80300C4A824107E46","smtp-message-acceptance","311","True","13.123",
"d31ec0dc-985f-4f6c-a10b-26435ecad610","MANIFEST_BOUND","hmail-perf-pair-delivery-20260901","A83052CA61D7F3853E97522D3F72DDA595DB61811511435D3030E4E230E8B07E","cpp","hmail_perf_pair_cpp_20260831_225556","C:\hmail-perf-pair-delivery-20260901\cpp\Data","B3DF9E8BBF4BEDB1102C94DF7C86356E1FEABCBC02A18E8EABEB1EA1453D09B8","PASS","45FA907CE0D3797C1E13EBB2F03F076A25656CCE27E801C18F745ACD3944FBBD","5136EEC556F9790732AE759EF52F77FE6172329EA55787A80300C4A824107E46","smtp-message-acceptance","312","True","7.131",
"d31ec0dc-985f-4f6c-a10b-26435ecad610","MANIFEST_BOUND","hmail-perf-pair-delivery-20260901","A83052CA61D7F3853E97522D3F72DDA595DB61811511435D3030E4E230E8B07E","cpp","hmail_perf_pair_cpp_20260831_225556","C:\hmail-perf-pair-delivery-20260901\cpp\Data","B3DF9E8BBF4BEDB1102C94DF7C86356E1FEABCBC02A18E8EABEB1EA1453D09B8","PASS","45FA907CE0D3797C1E13EBB2F03F076A25656CCE27E801C18F745ACD3944FBBD","5136EEC556F9790732AE759EF52F77FE6172329EA55787A80300C4A824107E46","smtp-message-acceptance","313","True","7.209",
"d31ec0dc-985f-4f6c-a10b-26435ecad610","MANIFEST_BOUND","hmail-perf-pair-delivery-20260901","A83052CA61D7F3853E97522D3F72DDA595DB61811511435D3030E4E230E8B07E","cpp","hmail_perf_pair_cpp_20260831_225556","C:\hmail-perf-pair-delivery-20260901\cpp\Data","B3DF9E8BBF4BEDB1102C94DF7C86356E1FEABCBC02A18E8EABEB1EA1453D09B8","PASS","45FA907CE0D3797C1E13EBB2F03F076A25656CCE27E801C18F745ACD3944FBBD","5136EEC556F9790732AE759EF52F77FE6172329EA55787A80300C4A824107E46","smtp-message-acceptance","314","True","8.12",
"d31ec0dc-985f-4f6c-a10b-26435ecad610","MANIFEST_BOUND","hmail-perf-pair-delivery-20260901","A83052CA61D7F3853E97522D3F72DDA595DB61811511435D3030E4E230E8B07E","cpp","hmail_perf_pair_cpp_20260831_225556","C:\hmail-perf-pair-delivery-20260901\cpp\Data","B3DF9E8BBF4BEDB1102C94DF7C86356E1FEABCBC02A18E8EABEB1EA1453D09B8","PASS","45FA907CE0D3797C1E13EBB2F03F076A25656CCE27E801C18F745ACD3944FBBD","5136EEC556F9790732AE759EF52F77FE6172329EA55787A80300C4A824107E46","smtp-message-acceptance","315","True","6.934",
"d31ec0dc-985f-4f6c-a10b-26435ecad610","MANIFEST_BOUND","hmail-perf-pair-delivery-20260901","A83052CA61D7F3853E97522D3F72DDA595DB61811511435D3030E4E230E8B07E","cpp","hmail_perf_pair_cpp_20260831_225556","C:\hmail-perf-pair-delivery-20260901\cpp\Data","B3DF9E8BBF4BEDB1102C94DF7C86356E1FEABCBC02A18E8EABEB1EA1453D09B8","PASS","45FA907CE0D3797C1E13EBB2F03F076A25656CCE27E801C18F745ACD3944FBBD","5136EEC556F9790732AE759EF52F77FE6172329EA55787A80300C4A824107E46","smtp-message-acceptance","316","True","6.928",
"d31ec0dc-985f-4f6c-a10b-26435ecad610","MANIFEST_BOUND","hmail-perf-pair-delivery-20260901","A83052CA61D7F3853E97522D3F72DDA595DB61811511435D3030E4E230E8B07E","cpp","hmail_perf_pair_cpp_20260831_225556","C:\hmail-perf-pair-delivery-20260901\cpp\Data","B3DF9E8BBF4BEDB1102C94DF7C86356E1FEABCBC02A18E8EABEB1EA1453D09B8","PASS","45FA907CE0D3797C1E13EBB2F03F076A25656CCE27E801C18F745ACD3944FBBD","5136EEC556F9790732AE759EF52F77FE6172329EA55787A80300C4A824107E46","smtp-message-acceptance","317","True","6.412",
"d31ec0dc-985f-4f6c-a10b-26435ecad610","MANIFEST_BOUND","hmail-perf-pair-delivery-20260901","A83052CA61D7F3853E97522D3F72DDA595DB61811511435D3030E4E230E8B07E","cpp","hmail_perf_pair_cpp_20260831_225556","C:\hmail-perf-pair-delivery-20260901\cpp\Data","B3DF9E8BBF4BEDB1102C94DF7C86356E1FEABCBC02A18E8EABEB1EA1453D09B8","PASS","45FA907CE0D3797C1E13EBB2F03F076A25656CCE27E801C18F745ACD3944FBBD","5136EEC556F9790732AE759EF52F77FE6172329EA55787A80300C4A824107E46","smtp-message-acceptance","318","True","6.77",
"d31ec0dc-985f-4f6c-a10b-26435ecad610","MANIFEST_BOUND","hmail-perf-pair-delivery-20260901","A83052CA61D7F3853E97522D3F72DDA595DB61811511435D3030E4E230E8B07E","cpp","hmail_perf_pair_cpp_20260831_225556","C:\hmail-perf-pair-delivery-20260901\cpp\Data","B3DF9E8BBF4BEDB1102C94DF7C86356E1FEABCBC02A18E8EABEB1EA1453D09B8","PASS","45FA907CE0D3797C1E13EBB2F03F076A25656CCE27E801C18F745ACD3944FBBD","5136EEC556F9790732AE759EF52F77FE6172329EA55787A80300C4A824107E46","smtp-message-acceptance","319","True","6.724",
"d31ec0dc-985f-4f6c-a10b-26435ecad610","MANIFEST_BOUND","hmail-perf-pair-delivery-20260901","A83052CA61D7F3853E97522D3F72DDA595DB61811511435D3030E4E230E8B07E","cpp","hmail_perf_pair_cpp_20260831_225556","C:\hmail-perf-pair-delivery-20260901\cpp\Data","B3DF9E8BBF4BEDB1102C94DF7C86356E1FEABCBC02A18E8EABEB1EA1453D09B8","PASS","45FA907CE0D3797C1E13EBB2F03F076A25656CCE27E801C18F745ACD3944FBBD","5136EEC556F9790732AE759EF52F77FE6172329EA55787A80300C4A824107E46","smtp-message-acceptance","320","True","7.075",
"d31ec0dc-985f-4f6c-a10b-26435ecad610","MANIFEST_BOUND","hmail-perf-pair-delivery-20260901","A83052CA61D7F3853E97522D3F72DDA595DB61811511435D3030E4E230E8B07E","cpp","hmail_perf_pair_cpp_20260831_225556","C:\hmail-perf-pair-delivery-20260901\cpp\Data","B3DF9E8BBF4BEDB1102C94DF7C86356E1FEABCBC02A18E8EABEB1EA1453D09B8","PASS","45FA907CE0D3797C1E13EBB2F03F076A25656CCE27E801C18F745ACD3944FBBD","5136EEC556F9790732AE759EF52F77FE6172329EA55787A80300C4A824107E46","smtp-message-acceptance","321","True","6.886",
"d31ec0dc-985f-4f6c-a10b-26435ecad610","MANIFEST_BOUND","hmail-perf-pair-delivery-20260901","A83052CA61D7F3853E97522D3F72DDA595DB61811511435D3030E4E230E8B07E","cpp","hmail_perf_pair_cpp_20260831_225556","C:\hmail-perf-pair-delivery-20260901\cpp\Data","B3DF9E8BBF4BEDB1102C94DF7C86356E1FEABCBC02A18E8EABEB1EA1453D09B8","PASS","45FA907CE0D3797C1E13EBB2F03F076A25656CCE27E801C18F745ACD3944FBBD","5136EEC556F9790732AE759EF52F77FE6172329EA55787A80300C4A824107E46","smtp-message-acceptance","322","True","6.835",
"d31ec0dc-985f-4f6c-a10b-26435ecad610","MANIFEST_BOUND","hmail-perf-pair-delivery-20260901","A83052CA61D7F3853E97522D3F72DDA595DB61811511435D3030E4E230E8B07E","cpp","hmail_perf_pair_cpp_20260831_225556","C:\hmail-perf-pair-delivery-20260901\cpp\Data","B3DF9E8BBF4BEDB1102C94DF7C86356E1FEABCBC02A18E8EABEB1EA1453D09B8","PASS","45FA907CE0D3797C1E13EBB2F03F076A25656CCE27E801C18F745ACD3944FBBD","5136EEC556F9790732AE759EF52F77FE6172329EA55787A80300C4A824107E46","smtp-message-acceptance","323","True","6.95",
"d31ec0dc-985f-4f6c-a10b-26435ecad610","MANIFEST_BOUND","hmail-perf-pair-delivery-20260901","A83052CA61D7F3853E97522D3F72DDA595DB61811511435D3030E4E230E8B07E","cpp","hmail_perf_pair_cpp_20260831_225556","C:\hmail-perf-pair-delivery-20260901\cpp\Data","B3DF9E8BBF4BEDB1102C94DF7C86356E1FEABCBC02A18E8EABEB1EA1453D09B8","PASS","45FA907CE0D3797C1E13EBB2F03F076A25656CCE27E801C18F745ACD3944FBBD","5136EEC556F9790732AE759EF52F77FE6172329EA55787A80300C4A824107E46","smtp-message-acceptance","324","True","7.155",
"d31ec0dc-985f-4f6c-a10b-26435ecad610","MANIFEST_BOUND","hmail-perf-pair-delivery-20260901","A83052CA61D7F3853E97522D3F72DDA595DB61811511435D3030E4E230E8B07E","cpp","hmail_perf_pair_cpp_20260831_225556","C:\hmail-perf-pair-delivery-20260901\cpp\Data","B3DF9E8BBF4BEDB1102C94DF7C86356E1FEABCBC02A18E8EABEB1EA1453D09B8","PASS","45FA907CE0D3797C1E13EBB2F03F076A25656CCE27E801C18F745ACD3944FBBD","5136EEC556F9790732AE759EF52F77FE6172329EA55787A80300C4A824107E46","smtp-message-acceptance","325","True","7.136",
"d31ec0dc-985f-4f6c-a10b-26435ecad610","MANIFEST_BOUND","hmail-perf-pair-delivery-20260901","A83052CA61D7F3853E97522D3F72DDA595DB61811511435D3030E4E230E8B07E","cpp","hmail_perf_pair_cpp_20260831_225556","C:\hmail-perf-pair-delivery-20260901\cpp\Data","B3DF9E8BBF4BEDB1102C94DF7C86356E1FEABCBC02A18E8EABEB1EA1453D09B8","PASS","45FA907CE0D3797C1E13EBB2F03F076A25656CCE27E801C18F745ACD3944FBBD","5136EEC556F9790732AE759EF52F77FE6172329EA55787A80300C4A824107E46","smtp-message-acceptance","326","True","6.613",
"d31ec0dc-985f-4f6c-a10b-26435ecad610","MANIFEST_BOUND","hmail-perf-pair-delivery-20260901","A83052CA61D7F3853E97522D3F72DDA595DB61811511435D3030E4E230E8B07E","cpp","hmail_perf_pair_cpp_20260831_225556","C:\hmail-perf-pair-delivery-20260901\cpp\Data","B3DF9E8BBF4BEDB1102C94DF7C86356E1FEABCBC02A18E8EABEB1EA1453D09B8","PASS","45FA907CE0D3797C1E13EBB2F03F076A25656CCE27E801C18F745ACD3944FBBD","5136EEC556F9790732AE759EF52F77FE6172329EA55787A80300C4A824107E46","smtp-message-acceptance","327","True","6.899",
"d31ec0dc-985f-4f6c-a10b-26435ecad610","MANIFEST_BOUND","hmail-perf-pair-delivery-20260901","A83052CA61D7F3853E97522D3F72DDA595DB61811511435D3030E4E230E8B07E","cpp","hmail_perf_pair_cpp_20260831_225556","C:\hmail-perf-pair-delivery-20260901\cpp\Data","B3DF9E8BBF4BEDB1102C94DF7C86356E1FEABCBC02A18E8EABEB1EA1453D09B8","PASS","45FA907CE0D3797C1E13EBB2F03F076A25656CCE27E801C18F745ACD3944FBBD","5136EEC556F9790732AE759EF52F77FE6172329EA55787A80300C4A824107E46","smtp-message-acceptance","328","True","6.658",
"d31ec0dc-985f-4f6c-a10b-26435ecad610","MANIFEST_BOUND","hmail-perf-pair-delivery-20260901","A83052CA61D7F3853E97522D3F72DDA595DB61811511435D3030E4E230E8B07E","cpp","hmail_perf_pair_cpp_20260831_225556","C:\hmail-perf-pair-delivery-20260901\cpp\Data","B3DF9E8BBF4BEDB1102C94DF7C86356E1FEABCBC02A18E8EABEB1EA1453D09B8","PASS","45FA907CE0D3797C1E13EBB2F03F076A25656CCE27E801C18F745ACD3944FBBD","5136EEC556F9790732AE759EF52F77FE6172329EA55787A80300C4A824107E46","smtp-message-acceptance","329","True","7.056",
"d31ec0dc-985f-4f6c-a10b-26435ecad610","MANIFEST_BOUND","hmail-perf-pair-delivery-20260901","A83052CA61D7F3853E97522D3F72DDA595DB61811511435D3030E4E230E8B07E","cpp","hmail_perf_pair_cpp_20260831_225556","C:\hmail-perf-pair-delivery-20260901\cpp\Data","B3DF9E8BBF4BEDB1102C94DF7C86356E1FEABCBC02A18E8EABEB1EA1453D09B8","PASS","45FA907CE0D3797C1E13EBB2F03F076A25656CCE27E801C18F745ACD3944FBBD","5136EEC556F9790732AE759EF52F77FE6172329EA55787A80300C4A824107E46","smtp-message-acceptance","330","True","7.337",
"d31ec0dc-985f-4f6c-a10b-26435ecad610","MANIFEST_BOUND","hmail-perf-pair-delivery-20260901","A83052CA61D7F3853E97522D3F72DDA595DB61811511435D3030E4E230E8B07E","cpp","hmail_perf_pair_cpp_20260831_225556","C:\hmail-perf-pair-delivery-20260901\cpp\Data","B3DF9E8BBF4BEDB1102C94DF7C86356E1FEABCBC02A18E8EABEB1EA1453D09B8","PASS","45FA907CE0D3797C1E13EBB2F03F076A25656CCE27E801C18F745ACD3944FBBD","5136EEC556F9790732AE759EF52F77FE6172329EA55787A80300C4A824107E46","smtp-message-acceptance","331","True","6.692",
"d31ec0dc-985f-4f6c-a10b-26435ecad610","MANIFEST_BOUND","hmail-perf-pair-delivery-20260901","A83052CA61D7F3853E97522D3F72DDA595DB61811511435D3030E4E230E8B07E","cpp","hmail_perf_pair_cpp_20260831_225556","C:\hmail-perf-pair-delivery-20260901\cpp\Data","B3DF9E8BBF4BEDB1102C94DF7C86356E1FEABCBC02A18E8EABEB1EA1453D09B8","PASS","45FA907CE0D3797C1E13EBB2F03F076A25656CCE27E801C18F745ACD3944FBBD","5136EEC556F9790732AE759EF52F77FE6172329EA55787A80300C4A824107E46","smtp-message-acceptance","332","True","7.538",
"d31ec0dc-985f-4f6c-a10b-26435ecad610","MANIFEST_BOUND","hmail-perf-pair-delivery-20260901","A83052CA61D7F3853E97522D3F72DDA595DB61811511435D3030E4E230E8B07E","cpp","hmail_perf_pair_cpp_20260831_225556","C:\hmail-perf-pair-delivery-20260901\cpp\Data","B3DF9E8BBF4BEDB1102C94DF7C86356E1FEABCBC02A18E8EABEB1EA1453D09B8","PASS","45FA907CE0D3797C1E13EBB2F03F076A25656CCE27E801C18F745ACD3944FBBD","5136EEC556F9790732AE759EF52F77FE6172329EA55787A80300C4A824107E46","smtp-message-acceptance","333","True","11.745",
"d31ec0dc-985f-4f6c-a10b-26435ecad610","MANIFEST_BOUND","hmail-perf-pair-delivery-20260901","A83052CA61D7F3853E97522D3F72DDA595DB61811511435D3030E4E230E8B07E","cpp","hmail_perf_pair_cpp_20260831_225556","C:\hmail-perf-pair-delivery-20260901\cpp\Data","B3DF9E8BBF4BEDB1102C94DF7C86356E1FEABCBC02A18E8EABEB1EA1453D09B8","PASS","45FA907CE0D3797C1E13EBB2F03F076A25656CCE27E801C18F745ACD3944FBBD","5136EEC556F9790732AE759EF52F77FE6172329EA55787A80300C4A824107E46","smtp-message-acceptance","334","True","7.288",
"d31ec0dc-985f-4f6c-a10b-26435ecad610","MANIFEST_BOUND","hmail-perf-pair-delivery-20260901","A83052CA61D7F3853E97522D3F72DDA595DB61811511435D3030E4E230E8B07E","cpp","hmail_perf_pair_cpp_20260831_225556","C:\hmail-perf-pair-delivery-20260901\cpp\Data","B3DF9E8BBF4BEDB1102C94DF7C86356E1FEABCBC02A18E8EABEB1EA1453D09B8","PASS","45FA907CE0D3797C1E13EBB2F03F076A25656CCE27E801C18F745ACD3944FBBD","5136EEC556F9790732AE759EF52F77FE6172329EA55787A80300C4A824107E46","smtp-message-acceptance","335","True","6.662",
"d31ec0dc-985f-4f6c-a10b-26435ecad610","MANIFEST_BOUND","hmail-perf-pair-delivery-20260901","A83052CA61D7F3853E97522D3F72DDA595DB61811511435D3030E4E230E8B07E","cpp","hmail_perf_pair_cpp_20260831_225556","C:\hmail-perf-pair-delivery-20260901\cpp\Data","B3DF9E8BBF4BEDB1102C94DF7C86356E1FEABCBC02A18E8EABEB1EA1453D09B8","PASS","45FA907CE0D3797C1E13EBB2F03F076A25656CCE27E801C18F745ACD3944FBBD","5136EEC556F9790732AE759EF52F77FE6172329EA55787A80300C4A824107E46","smtp-message-acceptance","336","True","6.904",
"d31ec0dc-985f-4f6c-a10b-26435ecad610","MANIFEST_BOUND","hmail-perf-pair-delivery-20260901","A83052CA61D7F3853E97522D3F72DDA595DB61811511435D3030E4E230E8B07E","cpp","hmail_perf_pair_cpp_20260831_225556","C:\hmail-perf-pair-delivery-20260901\cpp\Data","B3DF9E8BBF4BEDB1102C94DF7C86356E1FEABCBC02A18E8EABEB1EA1453D09B8","PASS","45FA907CE0D3797C1E13EBB2F03F076A25656CCE27E801C18F745ACD3944FBBD","5136EEC556F9790732AE759EF52F77FE6172329EA55787A80300C4A824107E46","smtp-message-acceptance","337","True","7.036",
"d31ec0dc-985f-4f6c-a10b-26435ecad610","MANIFEST_BOUND","hmail-perf-pair-delivery-20260901","A83052CA61D7F3853E97522D3F72DDA595DB61811511435D3030E4E230E8B07E","cpp","hmail_perf_pair_cpp_20260831_225556","C:\hmail-perf-pair-delivery-20260901\cpp\Data","B3DF9E8BBF4BEDB1102C94DF7C86356E1FEABCBC02A18E8EABEB1EA1453D09B8","PASS","45FA907CE0D3797C1E13EBB2F03F076A25656CCE27E801C18F745ACD3944FBBD","5136EEC556F9790732AE759EF52F77FE6172329EA55787A80300C4A824107E46","smtp-message-acceptance","338","True","6.722",
"d31ec0dc-985f-4f6c-a10b-26435ecad610","MANIFEST_BOUND","hmail-perf-pair-delivery-20260901","A83052CA61D7F3853E97522D3F72DDA595DB61811511435D3030E4E230E8B07E","cpp","hmail_perf_pair_cpp_20260831_225556","C:\hmail-perf-pair-delivery-20260901\cpp\Data","B3DF9E8BBF4BEDB1102C94DF7C86356E1FEABCBC02A18E8EABEB1EA1453D09B8","PASS","45FA907CE0D3797C1E13EBB2F03F076A25656CCE27E801C18F745ACD3944FBBD","5136EEC556F9790732AE759EF52F77FE6172329EA55787A80300C4A824107E46","smtp-message-acceptance","339","True","6.965",
"d31ec0dc-985f-4f6c-a10b-26435ecad610","MANIFEST_BOUND","hmail-perf-pair-delivery-20260901","A83052CA61D7F3853E97522D3F72DDA595DB61811511435D3030E4E230E8B07E","cpp","hmail_perf_pair_cpp_20260831_225556","C:\hmail-perf-pair-delivery-20260901\cpp\Data","B3DF9E8BBF4BEDB1102C94DF7C86356E1FEABCBC02A18E8EABEB1EA1453D09B8","PASS","45FA907CE0D3797C1E13EBB2F03F076A25656CCE27E801C18F745ACD3944FBBD","5136EEC556F9790732AE759EF52F77FE6172329EA55787A80300C4A824107E46","smtp-message-acceptance","340","True","6.932",
"d31ec0dc-985f-4f6c-a10b-26435ecad610","MANIFEST_BOUND","hmail-perf-pair-delivery-20260901","A83052CA61D7F3853E97522D3F72DDA595DB61811511435D3030E4E230E8B07E","cpp","hmail_perf_pair_cpp_20260831_225556","C:\hmail-perf-pair-delivery-20260901\cpp\Data","B3DF9E8BBF4BEDB1102C94DF7C86356E1FEABCBC02A18E8EABEB1EA1453D09B8","PASS","45FA907CE0D3797C1E13EBB2F03F076A25656CCE27E801C18F745ACD3944FBBD","5136EEC556F9790732AE759EF52F77FE6172329EA55787A80300C4A824107E46","smtp-message-acceptance","341","True","6.392",
"d31ec0dc-985f-4f6c-a10b-26435ecad610","MANIFEST_BOUND","hmail-perf-pair-delivery-20260901","A83052CA61D7F3853E97522D3F72DDA595DB61811511435D3030E4E230E8B07E","cpp","hmail_perf_pair_cpp_20260831_225556","C:\hmail-perf-pair-delivery-20260901\cpp\Data","B3DF9E8BBF4BEDB1102C94DF7C86356E1FEABCBC02A18E8EABEB1EA1453D09B8","PASS","45FA907CE0D3797C1E13EBB2F03F076A25656CCE27E801C18F745ACD3944FBBD","5136EEC556F9790732AE759EF52F77FE6172329EA55787A80300C4A824107E46","smtp-message-acceptance","342","True","6.926",
"d31ec0dc-985f-4f6c-a10b-26435ecad610","MANIFEST_BOUND","hmail-perf-pair-delivery-20260901","A83052CA61D7F3853E97522D3F72DDA595DB61811511435D3030E4E230E8B07E","cpp","hmail_perf_pair_cpp_20260831_225556","C:\hmail-perf-pair-delivery-20260901\cpp\Data","B3DF9E8BBF4BEDB1102C94DF7C86356E1FEABCBC02A18E8EABEB1EA1453D09B8","PASS","45FA907CE0D3797C1E13EBB2F03F076A25656CCE27E801C18F745ACD3944FBBD","5136EEC556F9790732AE759EF52F77FE6172329EA55787A80300C4A824107E46","smtp-message-acceptance","343","True","6.592",
"d31ec0dc-985f-4f6c-a10b-26435ecad610","MANIFEST_BOUND","hmail-perf-pair-delivery-20260901","A83052CA61D7F3853E97522D3F72DDA595DB61811511435D3030E4E230E8B07E","cpp","hmail_perf_pair_cpp_20260831_225556","C:\hmail-perf-pair-delivery-20260901\cpp\Data","B3DF9E8BBF4BEDB1102C94DF7C86356E1FEABCBC02A18E8EABEB1EA1453D09B8","PASS","45FA907CE0D3797C1E13EBB2F03F076A25656CCE27E801C18F745ACD3944FBBD","5136EEC556F9790732AE759EF52F77FE6172329EA55787A80300C4A824107E46","smtp-message-acceptance","344","True","6.836",
"d31ec0dc-985f-4f6c-a10b-26435ecad610","MANIFEST_BOUND","hmail-perf-pair-delivery-20260901","A83052CA61D7F3853E97522D3F72DDA595DB61811511435D3030E4E230E8B07E","cpp","hmail_perf_pair_cpp_20260831_225556","C:\hmail-perf-pair-delivery-20260901\cpp\Data","B3DF9E8BBF4BEDB1102C94DF7C86356E1FEABCBC02A18E8EABEB1EA1453D09B8","PASS","45FA907CE0D3797C1E13EBB2F03F076A25656CCE27E801C18F745ACD3944FBBD","5136EEC556F9790732AE759EF52F77FE6172329EA55787A80300C4A824107E46","smtp-message-acceptance","345","True","6.772",
"d31ec0dc-985f-4f6c-a10b-26435ecad610","MANIFEST_BOUND","hmail-perf-pair-delivery-20260901","A83052CA61D7F3853E97522D3F72DDA595DB61811511435D3030E4E230E8B07E","cpp","hmail_perf_pair_cpp_20260831_225556","C:\hmail-perf-pair-delivery-20260901\cpp\Data","B3DF9E8BBF4BEDB1102C94DF7C86356E1FEABCBC02A18E8EABEB1EA1453D09B8","PASS","45FA907CE0D3797C1E13EBB2F03F076A25656CCE27E801C18F745ACD3944FBBD","5136EEC556F9790732AE759EF52F77FE6172329EA55787A80300C4A824107E46","smtp-message-acceptance","346","True","6.292",
"d31ec0dc-985f-4f6c-a10b-26435ecad610","MANIFEST_BOUND","hmail-perf-pair-delivery-20260901","A83052CA61D7F3853E97522D3F72DDA595DB61811511435D3030E4E230E8B07E","cpp","hmail_perf_pair_cpp_20260831_225556","C:\hmail-perf-pair-delivery-20260901\cpp\Data","B3DF9E8BBF4BEDB1102C94DF7C86356E1FEABCBC02A18E8EABEB1EA1453D09B8","PASS","45FA907CE0D3797C1E13EBB2F03F076A25656CCE27E801C18F745ACD3944FBBD","5136EEC556F9790732AE759EF52F77FE6172329EA55787A80300C4A824107E46","smtp-message-acceptance","347","True","6.621",
"d31ec0dc-985f-4f6c-a10b-26435ecad610","MANIFEST_BOUND","hmail-perf-pair-delivery-20260901","A83052CA61D7F3853E97522D3F72DDA595DB61811511435D3030E4E230E8B07E","cpp","hmail_perf_pair_cpp_20260831_225556","C:\hmail-perf-pair-delivery-20260901\cpp\Data","B3DF9E8BBF4BEDB1102C94DF7C86356E1FEABCBC02A18E8EABEB1EA1453D09B8","PASS","45FA907CE0D3797C1E13EBB2F03F076A25656CCE27E801C18F745ACD3944FBBD","5136EEC556F9790732AE759EF52F77FE6172329EA55787A80300C4A824107E46","smtp-message-acceptance","348","True","6.838",
"d31ec0dc-985f-4f6c-a10b-26435ecad610","MANIFEST_BOUND","hmail-perf-pair-delivery-20260901","A83052CA61D7F3853E97522D3F72DDA595DB61811511435D3030E4E230E8B07E","cpp","hmail_perf_pair_cpp_20260831_225556","C:\hmail-perf-pair-delivery-20260901\cpp\Data","B3DF9E8BBF4BEDB1102C94DF7C86356E1FEABCBC02A18E8EABEB1EA1453D09B8","PASS","45FA907CE0D3797C1E13EBB2F03F076A25656CCE27E801C18F745ACD3944FBBD","5136EEC556F9790732AE759EF52F77FE6172329EA55787A80300C4A824107E46","smtp-message-acceptance","349","True","6.618",
"d31ec0dc-985f-4f6c-a10b-26435ecad610","MANIFEST_BOUND","hmail-perf-pair-delivery-20260901","A83052CA61D7F3853E97522D3F72DDA595DB61811511435D3030E4E230E8B07E","cpp","hmail_perf_pair_cpp_20260831_225556","C:\hmail-perf-pair-delivery-20260901\cpp\Data","B3DF9E8BBF4BEDB1102C94DF7C86356E1FEABCBC02A18E8EABEB1EA1453D09B8","PASS","45FA907CE0D3797C1E13EBB2F03F076A25656CCE27E801C18F745ACD3944FBBD","5136EEC556F9790732AE759EF52F77FE6172329EA55787A80300C4A824107E46","smtp-message-acceptance","350","True","7.053",
"d31ec0dc-985f-4f6c-a10b-26435ecad610","MANIFEST_BOUND","hmail-perf-pair-delivery-20260901","A83052CA61D7F3853E97522D3F72DDA595DB61811511435D3030E4E230E8B07E","cpp","hmail_perf_pair_cpp_20260831_225556","C:\hmail-perf-pair-delivery-20260901\cpp\Data","B3DF9E8BBF4BEDB1102C94DF7C86356E1FEABCBC02A18E8EABEB1EA1453D09B8","PASS","45FA907CE0D3797C1E13EBB2F03F076A25656CCE27E801C18F745ACD3944FBBD","5136EEC556F9790732AE759EF52F77FE6172329EA55787A80300C4A824107E46","smtp-message-acceptance","351","True","6.866",
"d31ec0dc-985f-4f6c-a10b-26435ecad610","MANIFEST_BOUND","hmail-perf-pair-delivery-20260901","A83052CA61D7F3853E97522D3F72DDA595DB61811511435D3030E4E230E8B07E","cpp","hmail_perf_pair_cpp_20260831_225556","C:\hmail-perf-pair-delivery-20260901\cpp\Data","B3DF9E8BBF4BEDB1102C94DF7C86356E1FEABCBC02A18E8EABEB1EA1453D09B8","PASS","45FA907CE0D3797C1E13EBB2F03F076A25656CCE27E801C18F745ACD3944FBBD","5136EEC556F9790732AE759EF52F77FE6172329EA55787A80300C4A824107E46","smtp-message-acceptance","352","True","6.723",
"d31ec0dc-985f-4f6c-a10b-26435ecad610","MANIFEST_BOUND","hmail-perf-pair-delivery-20260901","A83052CA61D7F3853E97522D3F72DDA595DB61811511435D3030E4E230E8B07E","cpp","hmail_perf_pair_cpp_20260831_225556","C:\hmail-perf-pair-delivery-20260901\cpp\Data","B3DF9E8BBF4BEDB1102C94DF7C86356E1FEABCBC02A18E8EABEB1EA1453D09B8","PASS","45FA907CE0D3797C1E13EBB2F03F076A25656CCE27E801C18F745ACD3944FBBD","5136EEC556F9790732AE759EF52F77FE6172329EA55787A80300C4A824107E46","smtp-message-acceptance","353","True","6.658",
"d31ec0dc-985f-4f6c-a10b-26435ecad610","MANIFEST_BOUND","hmail-perf-pair-delivery-20260901","A83052CA61D7F3853E97522D3F72DDA595DB61811511435D3030E4E230E8B07E","cpp","hmail_perf_pair_cpp_20260831_225556","C:\hmail-perf-pair-delivery-20260901\cpp\Data","B3DF9E8BBF4BEDB1102C94DF7C86356E1FEABCBC02A18E8EABEB1EA1453D09B8","PASS","45FA907CE0D3797C1E13EBB2F03F076A25656CCE27E801C18F745ACD3944FBBD","5136EEC556F9790732AE759EF52F77FE6172329EA55787A80300C4A824107E46","smtp-message-acceptance","354","True","7.206",
"d31ec0dc-985f-4f6c-a10b-26435ecad610","MANIFEST_BOUND","hmail-perf-pair-delivery-20260901","A83052CA61D7F3853E97522D3F72DDA595DB61811511435D3030E4E230E8B07E","cpp","hmail_perf_pair_cpp_20260831_225556","C:\hmail-perf-pair-delivery-20260901\cpp\Data","B3DF9E8BBF4BEDB1102C94DF7C86356E1FEABCBC02A18E8EABEB1EA1453D09B8","PASS","45FA907CE0D3797C1E13EBB2F03F076A25656CCE27E801C18F745ACD3944FBBD","5136EEC556F9790732AE759EF52F77FE6172329EA55787A80300C4A824107E46","smtp-message-acceptance","355","True","6.937",
"d31ec0dc-985f-4f6c-a10b-26435ecad610","MANIFEST_BOUND","hmail-perf-pair-delivery-20260901","A83052CA61D7F3853E97522D3F72DDA595DB61811511435D3030E4E230E8B07E","cpp","hmail_perf_pair_cpp_20260831_225556","C:\hmail-perf-pair-delivery-20260901\cpp\Data","B3DF9E8BBF4BEDB1102C94DF7C86356E1FEABCBC02A18E8EABEB1EA1453D09B8","PASS","45FA907CE0D3797C1E13EBB2F03F076A25656CCE27E801C18F745ACD3944FBBD","5136EEC556F9790732AE759EF52F77FE6172329EA55787A80300C4A824107E46","smtp-message-acceptance","356","True","7.018",
"d31ec0dc-985f-4f6c-a10b-26435ecad610","MANIFEST_BOUND","hmail-perf-pair-delivery-20260901","A83052CA61D7F3853E97522D3F72DDA595DB61811511435D3030E4E230E8B07E","cpp","hmail_perf_pair_cpp_20260831_225556","C:\hmail-perf-pair-delivery-20260901\cpp\Data","B3DF9E8BBF4BEDB1102C94DF7C86356E1FEABCBC02A18E8EABEB1EA1453D09B8","PASS","45FA907CE0D3797C1E13EBB2F03F076A25656CCE27E801C18F745ACD3944FBBD","5136EEC556F9790732AE759EF52F77FE6172329EA55787A80300C4A824107E46","smtp-message-acceptance","357","True","6.959",
"d31ec0dc-985f-4f6c-a10b-26435ecad610","MANIFEST_BOUND","hmail-perf-pair-delivery-20260901","A83052CA61D7F3853E97522D3F72DDA595DB61811511435D3030E4E230E8B07E","cpp","hmail_perf_pair_cpp_20260831_225556","C:\hmail-perf-pair-delivery-20260901\cpp\Data","B3DF9E8BBF4BEDB1102C94DF7C86356E1FEABCBC02A18E8EABEB1EA1453D09B8","PASS","45FA907CE0D3797C1E13EBB2F03F076A25656CCE27E801C18F745ACD3944FBBD","5136EEC556F9790732AE759EF52F77FE6172329EA55787A80300C4A824107E46","smtp-message-acceptance","358","True","6.792",
"d31ec0dc-985f-4f6c-a10b-26435ecad610","MANIFEST_BOUND","hmail-perf-pair-delivery-20260901","A83052CA61D7F3853E97522D3F72DDA595DB61811511435D3030E4E230E8B07E","cpp","hmail_perf_pair_cpp_20260831_225556","C:\hmail-perf-pair-delivery-20260901\cpp\Data","B3DF9E8BBF4BEDB1102C94DF7C86356E1FEABCBC02A18E8EABEB1EA1453D09B8","PASS","45FA907CE0D3797C1E13EBB2F03F076A25656CCE27E801C18F745ACD3944FBBD","5136EEC556F9790732AE759EF52F77FE6172329EA55787A80300C4A824107E46","smtp-message-acceptance","359","True","6.889",
"d31ec0dc-985f-4f6c-a10b-26435ecad610","MANIFEST_BOUND","hmail-perf-pair-delivery-20260901","A83052CA61D7F3853E97522D3F72DDA595DB61811511435D3030E4E230E8B07E","cpp","hmail_perf_pair_cpp_20260831_225556","C:\hmail-perf-pair-delivery-20260901\cpp\Data","B3DF9E8BBF4BEDB1102C94DF7C86356E1FEABCBC02A18E8EABEB1EA1453D09B8","PASS","45FA907CE0D3797C1E13EBB2F03F076A25656CCE27E801C18F745ACD3944FBBD","5136EEC556F9790732AE759EF52F77FE6172329EA55787A80300C4A824107E46","smtp-message-acceptance","360","True","6.657",
"d31ec0dc-985f-4f6c-a10b-26435ecad610","MANIFEST_BOUND","hmail-perf-pair-delivery-20260901","A83052CA61D7F3853E97522D3F72DDA595DB61811511435D3030E4E230E8B07E","cpp","hmail_perf_pair_cpp_20260831_225556","C:\hmail-perf-pair-delivery-20260901\cpp\Data","B3DF9E8BBF4BEDB1102C94DF7C86356E1FEABCBC02A18E8EABEB1EA1453D09B8","PASS","45FA907CE0D3797C1E13EBB2F03F076A25656CCE27E801C18F745ACD3944FBBD","5136EEC556F9790732AE759EF52F77FE6172329EA55787A80300C4A824107E46","smtp-message-acceptance","361","True","6.906",
"d31ec0dc-985f-4f6c-a10b-26435ecad610","MANIFEST_BOUND","hmail-perf-pair-delivery-20260901","A83052CA61D7F3853E97522D3F72DDA595DB61811511435D3030E4E230E8B07E","cpp","hmail_perf_pair_cpp_20260831_225556","C:\hmail-perf-pair-delivery-20260901\cpp\Data","B3DF9E8BBF4BEDB1102C94DF7C86356E1FEABCBC02A18E8EABEB1EA1453D09B8","PASS","45FA907CE0D3797C1E13EBB2F03F076A25656CCE27E801C18F745ACD3944FBBD","5136EEC556F9790732AE759EF52F77FE6172329EA55787A80300C4A824107E46","smtp-message-acceptance","362","True","6.768",
"d31ec0dc-985f-4f6c-a10b-26435ecad610","MANIFEST_BOUND","hmail-perf-pair-delivery-20260901","A83052CA61D7F3853E97522D3F72DDA595DB61811511435D3030E4E230E8B07E","cpp","hmail_perf_pair_cpp_20260831_225556","C:\hmail-perf-pair-delivery-20260901\cpp\Data","B3DF9E8BBF4BEDB1102C94DF7C86356E1FEABCBC02A18E8EABEB1EA1453D09B8","PASS","45FA907CE0D3797C1E13EBB2F03F076A25656CCE27E801C18F745ACD3944FBBD","5136EEC556F9790732AE759EF52F77FE6172329EA55787A80300C4A824107E46","smtp-message-acceptance","363","True","6.514",
"d31ec0dc-985f-4f6c-a10b-26435ecad610","MANIFEST_BOUND","hmail-perf-pair-delivery-20260901","A83052CA61D7F3853E97522D3F72DDA595DB61811511435D3030E4E230E8B07E","cpp","hmail_perf_pair_cpp_20260831_225556","C:\hmail-perf-pair-delivery-20260901\cpp\Data","B3DF9E8BBF4BEDB1102C94DF7C86356E1FEABCBC02A18E8EABEB1EA1453D09B8","PASS","45FA907CE0D3797C1E13EBB2F03F076A25656CCE27E801C18F745ACD3944FBBD","5136EEC556F9790732AE759EF52F77FE6172329EA55787A80300C4A824107E46","smtp-message-acceptance","364","True","6.907",
"d31ec0dc-985f-4f6c-a10b-26435ecad610","MANIFEST_BOUND","hmail-perf-pair-delivery-20260901","A83052CA61D7F3853E97522D3F72DDA595DB61811511435D3030E4E230E8B07E","cpp","hmail_perf_pair_cpp_20260831_225556","C:\hmail-perf-pair-delivery-20260901\cpp\Data","B3DF9E8BBF4BEDB1102C94DF7C86356E1FEABCBC02A18E8EABEB1EA1453D09B8","PASS","45FA907CE0D3797C1E13EBB2F03F076A25656CCE27E801C18F745ACD3944FBBD","5136EEC556F9790732AE759EF52F77FE6172329EA55787A80300C4A824107E46","smtp-message-acceptance","365","True","8.657",
"d31ec0dc-985f-4f6c-a10b-26435ecad610","MANIFEST_BOUND","hmail-perf-pair-delivery-20260901","A83052CA61D7F3853E97522D3F72DDA595DB61811511435D3030E4E230E8B07E","cpp","hmail_perf_pair_cpp_20260831_225556","C:\hmail-perf-pair-delivery-20260901\cpp\Data","B3DF9E8BBF4BEDB1102C94DF7C86356E1FEABCBC02A18E8EABEB1EA1453D09B8","PASS","45FA907CE0D3797C1E13EBB2F03F076A25656CCE27E801C18F745ACD3944FBBD","5136EEC556F9790732AE759EF52F77FE6172329EA55787A80300C4A824107E46","smtp-message-acceptance","366","True","6.939",
"d31ec0dc-985f-4f6c-a10b-26435ecad610","MANIFEST_BOUND","hmail-perf-pair-delivery-20260901","A83052CA61D7F3853E97522D3F72DDA595DB61811511435D3030E4E230E8B07E","cpp","hmail_perf_pair_cpp_20260831_225556","C:\hmail-perf-pair-delivery-20260901\cpp\Data","B3DF9E8BBF4BEDB1102C94DF7C86356E1FEABCBC02A18E8EABEB1EA1453D09B8","PASS","45FA907CE0D3797C1E13EBB2F03F076A25656CCE27E801C18F745ACD3944FBBD","5136EEC556F9790732AE759EF52F77FE6172329EA55787A80300C4A824107E46","smtp-message-acceptance","367","True","6.597",
"d31ec0dc-985f-4f6c-a10b-26435ecad610","MANIFEST_BOUND","hmail-perf-pair-delivery-20260901","A83052CA61D7F3853E97522D3F72DDA595DB61811511435D3030E4E230E8B07E","cpp","hmail_perf_pair_cpp_20260831_225556","C:\hmail-perf-pair-delivery-20260901\cpp\Data","B3DF9E8BBF4BEDB1102C94DF7C86356E1FEABCBC02A18E8EABEB1EA1453D09B8","PASS","45FA907CE0D3797C1E13EBB2F03F076A25656CCE27E801C18F745ACD3944FBBD","5136EEC556F9790732AE759EF52F77FE6172329EA55787A80300C4A824107E46","smtp-message-acceptance","368","True","7.072",
"d31ec0dc-985f-4f6c-a10b-26435ecad610","MANIFEST_BOUND","hmail-perf-pair-delivery-20260901","A83052CA61D7F3853E97522D3F72DDA595DB61811511435D3030E4E230E8B07E","cpp","hmail_perf_pair_cpp_20260831_225556","C:\hmail-perf-pair-delivery-20260901\cpp\Data","B3DF9E8BBF4BEDB1102C94DF7C86356E1FEABCBC02A18E8EABEB1EA1453D09B8","PASS","45FA907CE0D3797C1E13EBB2F03F076A25656CCE27E801C18F745ACD3944FBBD","5136EEC556F9790732AE759EF52F77FE6172329EA55787A80300C4A824107E46","smtp-message-acceptance","369","True","6.57",
"d31ec0dc-985f-4f6c-a10b-26435ecad610","MANIFEST_BOUND","hmail-perf-pair-delivery-20260901","A83052CA61D7F3853E97522D3F72DDA595DB61811511435D3030E4E230E8B07E","cpp","hmail_perf_pair_cpp_20260831_225556","C:\hmail-perf-pair-delivery-20260901\cpp\Data","B3DF9E8BBF4BEDB1102C94DF7C86356E1FEABCBC02A18E8EABEB1EA1453D09B8","PASS","45FA907CE0D3797C1E13EBB2F03F076A25656CCE27E801C18F745ACD3944FBBD","5136EEC556F9790732AE759EF52F77FE6172329EA55787A80300C4A824107E46","smtp-message-acceptance","370","True","6.53",
"d31ec0dc-985f-4f6c-a10b-26435ecad610","MANIFEST_BOUND","hmail-perf-pair-delivery-20260901","A83052CA61D7F3853E97522D3F72DDA595DB61811511435D3030E4E230E8B07E","cpp","hmail_perf_pair_cpp_20260831_225556","C:\hmail-perf-pair-delivery-20260901\cpp\Data","B3DF9E8BBF4BEDB1102C94DF7C86356E1FEABCBC02A18E8EABEB1EA1453D09B8","PASS","45FA907CE0D3797C1E13EBB2F03F076A25656CCE27E801C18F745ACD3944FBBD","5136EEC556F9790732AE759EF52F77FE6172329EA55787A80300C4A824107E46","smtp-message-acceptance","371","True","7.102",
"d31ec0dc-985f-4f6c-a10b-26435ecad610","MANIFEST_BOUND","hmail-perf-pair-delivery-20260901","A83052CA61D7F3853E97522D3F72DDA595DB61811511435D3030E4E230E8B07E","cpp","hmail_perf_pair_cpp_20260831_225556","C:\hmail-perf-pair-delivery-20260901\cpp\Data","B3DF9E8BBF4BEDB1102C94DF7C86356E1FEABCBC02A18E8EABEB1EA1453D09B8","PASS","45FA907CE0D3797C1E13EBB2F03F076A25656CCE27E801C18F745ACD3944FBBD","5136EEC556F9790732AE759EF52F77FE6172329EA55787A80300C4A824107E46","smtp-message-acceptance","372","True","7.235",
"d31ec0dc-985f-4f6c-a10b-26435ecad610","MANIFEST_BOUND","hmail-perf-pair-delivery-20260901","A83052CA61D7F3853E97522D3F72DDA595DB61811511435D3030E4E230E8B07E","cpp","hmail_perf_pair_cpp_20260831_225556","C:\hmail-perf-pair-delivery-20260901\cpp\Data","B3DF9E8BBF4BEDB1102C94DF7C86356E1FEABCBC02A18E8EABEB1EA1453D09B8","PASS","45FA907CE0D3797C1E13EBB2F03F076A25656CCE27E801C18F745ACD3944FBBD","5136EEC556F9790732AE759EF52F77FE6172329EA55787A80300C4A824107E46","smtp-message-acceptance","373","True","6.496",
"d31ec0dc-985f-4f6c-a10b-26435ecad610","MANIFEST_BOUND","hmail-perf-pair-delivery-20260901","A83052CA61D7F3853E97522D3F72DDA595DB61811511435D3030E4E230E8B07E","cpp","hmail_perf_pair_cpp_20260831_225556","C:\hmail-perf-pair-delivery-20260901\cpp\Data","B3DF9E8BBF4BEDB1102C94DF7C86356E1FEABCBC02A18E8EABEB1EA1453D09B8","PASS","45FA907CE0D3797C1E13EBB2F03F076A25656CCE27E801C18F745ACD3944FBBD","5136EEC556F9790732AE759EF52F77FE6172329EA55787A80300C4A824107E46","smtp-message-acceptance","374","True","6.847",
"d31ec0dc-985f-4f6c-a10b-26435ecad610","MANIFEST_BOUND","hmail-perf-pair-delivery-20260901","A83052CA61D7F3853E97522D3F72DDA595DB61811511435D3030E4E230E8B07E","cpp","hmail_perf_pair_cpp_20260831_225556","C:\hmail-perf-pair-delivery-20260901\cpp\Data","B3DF9E8BBF4BEDB1102C94DF7C86356E1FEABCBC02A18E8EABEB1EA1453D09B8","PASS","45FA907CE0D3797C1E13EBB2F03F076A25656CCE27E801C18F745ACD3944FBBD","5136EEC556F9790732AE759EF52F77FE6172329EA55787A80300C4A824107E46","smtp-message-acceptance","375","True","7.374",
"d31ec0dc-985f-4f6c-a10b-26435ecad610","MANIFEST_BOUND","hmail-perf-pair-delivery-20260901","A83052CA61D7F3853E97522D3F72DDA595DB61811511435D3030E4E230E8B07E","cpp","hmail_perf_pair_cpp_20260831_225556","C:\hmail-perf-pair-delivery-20260901\cpp\Data","B3DF9E8BBF4BEDB1102C94DF7C86356E1FEABCBC02A18E8EABEB1EA1453D09B8","PASS","45FA907CE0D3797C1E13EBB2F03F076A25656CCE27E801C18F745ACD3944FBBD","5136EEC556F9790732AE759EF52F77FE6172329EA55787A80300C4A824107E46","smtp-message-acceptance","376","True","6.793",
"d31ec0dc-985f-4f6c-a10b-26435ecad610","MANIFEST_BOUND","hmail-perf-pair-delivery-20260901","A83052CA61D7F3853E97522D3F72DDA595DB61811511435D3030E4E230E8B07E","cpp","hmail_perf_pair_cpp_20260831_225556","C:\hmail-perf-pair-delivery-20260901\cpp\Data","B3DF9E8BBF4BEDB1102C94DF7C86356E1FEABCBC02A18E8EABEB1EA1453D09B8","PASS","45FA907CE0D3797C1E13EBB2F03F076A25656CCE27E801C18F745ACD3944FBBD","5136EEC556F9790732AE759EF52F77FE6172329EA55787A80300C4A824107E46","smtp-message-acceptance","377","True","7.492",
"d31ec0dc-985f-4f6c-a10b-26435ecad610","MANIFEST_BOUND","hmail-perf-pair-delivery-20260901","A83052CA61D7F3853E97522D3F72DDA595DB61811511435D3030E4E230E8B07E","cpp","hmail_perf_pair_cpp_20260831_225556","C:\hmail-perf-pair-delivery-20260901\cpp\Data","B3DF9E8BBF4BEDB1102C94DF7C86356E1FEABCBC02A18E8EABEB1EA1453D09B8","PASS","45FA907CE0D3797C1E13EBB2F03F076A25656CCE27E801C18F745ACD3944FBBD","5136EEC556F9790732AE759EF52F77FE6172329EA55787A80300C4A824107E46","smtp-message-acceptance","378","True","6.942",
"d31ec0dc-985f-4f6c-a10b-26435ecad610","MANIFEST_BOUND","hmail-perf-pair-delivery-20260901","A83052CA61D7F3853E97522D3F72DDA595DB61811511435D3030E4E230E8B07E","cpp","hmail_perf_pair_cpp_20260831_225556","C:\hmail-perf-pair-delivery-20260901\cpp\Data","B3DF9E8BBF4BEDB1102C94DF7C86356E1FEABCBC02A18E8EABEB1EA1453D09B8","PASS","45FA907CE0D3797C1E13EBB2F03F076A25656CCE27E801C18F745ACD3944FBBD","5136EEC556F9790732AE759EF52F77FE6172329EA55787A80300C4A824107E46","smtp-message-acceptance","379","True","6.728",
"d31ec0dc-985f-4f6c-a10b-26435ecad610","MANIFEST_BOUND","hmail-perf-pair-delivery-20260901","A83052CA61D7F3853E97522D3F72DDA595DB61811511435D3030E4E230E8B07E","cpp","hmail_perf_pair_cpp_20260831_225556","C:\hmail-perf-pair-delivery-20260901\cpp\Data","B3DF9E8BBF4BEDB1102C94DF7C86356E1FEABCBC02A18E8EABEB1EA1453D09B8","PASS","45FA907CE0D3797C1E13EBB2F03F076A25656CCE27E801C18F745ACD3944FBBD","5136EEC556F9790732AE759EF52F77FE6172329EA55787A80300C4A824107E46","smtp-message-acceptance","380","True","6.745",
"d31ec0dc-985f-4f6c-a10b-26435ecad610","MANIFEST_BOUND","hmail-perf-pair-delivery-20260901","A83052CA61D7F3853E97522D3F72DDA595DB61811511435D3030E4E230E8B07E","cpp","hmail_perf_pair_cpp_20260831_225556","C:\hmail-perf-pair-delivery-20260901\cpp\Data","B3DF9E8BBF4BEDB1102C94DF7C86356E1FEABCBC02A18E8EABEB1EA1453D09B8","PASS","45FA907CE0D3797C1E13EBB2F03F076A25656CCE27E801C18F745ACD3944FBBD","5136EEC556F9790732AE759EF52F77FE6172329EA55787A80300C4A824107E46","smtp-message-acceptance","381","True","6.669",
"d31ec0dc-985f-4f6c-a10b-26435ecad610","MANIFEST_BOUND","hmail-perf-pair-delivery-20260901","A83052CA61D7F3853E97522D3F72DDA595DB61811511435D3030E4E230E8B07E","cpp","hmail_perf_pair_cpp_20260831_225556","C:\hmail-perf-pair-delivery-20260901\cpp\Data","B3DF9E8BBF4BEDB1102C94DF7C86356E1FEABCBC02A18E8EABEB1EA1453D09B8","PASS","45FA907CE0D3797C1E13EBB2F03F076A25656CCE27E801C18F745ACD3944FBBD","5136EEC556F9790732AE759EF52F77FE6172329EA55787A80300C4A824107E46","smtp-message-acceptance","382","True","7.27",
"d31ec0dc-985f-4f6c-a10b-26435ecad610","MANIFEST_BOUND","hmail-perf-pair-delivery-20260901","A83052CA61D7F3853E97522D3F72DDA595DB61811511435D3030E4E230E8B07E","cpp","hmail_perf_pair_cpp_20260831_225556","C:\hmail-perf-pair-delivery-20260901\cpp\Data","B3DF9E8BBF4BEDB1102C94DF7C86356E1FEABCBC02A18E8EABEB1EA1453D09B8","PASS","45FA907CE0D3797C1E13EBB2F03F076A25656CCE27E801C18F745ACD3944FBBD","5136EEC556F9790732AE759EF52F77FE6172329EA55787A80300C4A824107E46","smtp-message-acceptance","383","True","6.735",
"d31ec0dc-985f-4f6c-a10b-26435ecad610","MANIFEST_BOUND","hmail-perf-pair-delivery-20260901","A83052CA61D7F3853E97522D3F72DDA595DB61811511435D3030E4E230E8B07E","cpp","hmail_perf_pair_cpp_20260831_225556","C:\hmail-perf-pair-delivery-20260901\cpp\Data","B3DF9E8BBF4BEDB1102C94DF7C86356E1FEABCBC02A18E8EABEB1EA1453D09B8","PASS","45FA907CE0D3797C1E13EBB2F03F076A25656CCE27E801C18F745ACD3944FBBD","5136EEC556F9790732AE759EF52F77FE6172329EA55787A80300C4A824107E46","smtp-message-acceptance","384","True","6.662",
"d31ec0dc-985f-4f6c-a10b-26435ecad610","MANIFEST_BOUND","hmail-perf-pair-delivery-20260901","A83052CA61D7F3853E97522D3F72DDA595DB61811511435D3030E4E230E8B07E","cpp","hmail_perf_pair_cpp_20260831_225556","C:\hmail-perf-pair-delivery-20260901\cpp\Data","B3DF9E8BBF4BEDB1102C94DF7C86356E1FEABCBC02A18E8EABEB1EA1453D09B8","PASS","45FA907CE0D3797C1E13EBB2F03F076A25656CCE27E801C18F745ACD3944FBBD","5136EEC556F9790732AE759EF52F77FE6172329EA55787A80300C4A824107E46","smtp-message-acceptance","385","True","6.869",
"d31ec0dc-985f-4f6c-a10b-26435ecad610","MANIFEST_BOUND","hmail-perf-pair-delivery-20260901","A83052CA61D7F3853E97522D3F72DDA595DB61811511435D3030E4E230E8B07E","cpp","hmail_perf_pair_cpp_20260831_225556","C:\hmail-perf-pair-delivery-20260901\cpp\Data","B3DF9E8BBF4BEDB1102C94DF7C86356E1FEABCBC02A18E8EABEB1EA1453D09B8","PASS","45FA907CE0D3797C1E13EBB2F03F076A25656CCE27E801C18F745ACD3944FBBD","5136EEC556F9790732AE759EF52F77FE6172329EA55787A80300C4A824107E46","smtp-message-acceptance","386","True","7.044",
"d31ec0dc-985f-4f6c-a10b-26435ecad610","MANIFEST_BOUND","hmail-perf-pair-delivery-20260901","A83052CA61D7F3853E97522D3F72DDA595DB61811511435D3030E4E230E8B07E","cpp","hmail_perf_pair_cpp_20260831_225556","C:\hmail-perf-pair-delivery-20260901\cpp\Data","B3DF9E8BBF4BEDB1102C94DF7C86356E1FEABCBC02A18E8EABEB1EA1453D09B8","PASS","45FA907CE0D3797C1E13EBB2F03F076A25656CCE27E801C18F745ACD3944FBBD","5136EEC556F9790732AE759EF52F77FE6172329EA55787A80300C4A824107E46","smtp-message-acceptance","387","True","7.306",
"d31ec0dc-985f-4f6c-a10b-26435ecad610","MANIFEST_BOUND","hmail-perf-pair-delivery-20260901","A83052CA61D7F3853E97522D3F72DDA595DB61811511435D3030E4E230E8B07E","cpp","hmail_perf_pair_cpp_20260831_225556","C:\hmail-perf-pair-delivery-20260901\cpp\Data","B3DF9E8BBF4BEDB1102C94DF7C86356E1FEABCBC02A18E8EABEB1EA1453D09B8","PASS","45FA907CE0D3797C1E13EBB2F03F076A25656CCE27E801C18F745ACD3944FBBD","5136EEC556F9790732AE759EF52F77FE6172329EA55787A80300C4A824107E46","smtp-message-acceptance","388","True","6.824",
"d31ec0dc-985f-4f6c-a10b-26435ecad610","MANIFEST_BOUND","hmail-perf-pair-delivery-20260901","A83052CA61D7F3853E97522D3F72DDA595DB61811511435D3030E4E230E8B07E","cpp","hmail_perf_pair_cpp_20260831_225556","C:\hmail-perf-pair-delivery-20260901\cpp\Data","B3DF9E8BBF4BEDB1102C94DF7C86356E1FEABCBC02A18E8EABEB1EA1453D09B8","PASS","45FA907CE0D3797C1E13EBB2F03F076A25656CCE27E801C18F745ACD3944FBBD","5136EEC556F9790732AE759EF52F77FE6172329EA55787A80300C4A824107E46","smtp-message-acceptance","389","True","6.484",
"d31ec0dc-985f-4f6c-a10b-26435ecad610","MANIFEST_BOUND","hmail-perf-pair-delivery-20260901","A83052CA61D7F3853E97522D3F72DDA595DB61811511435D3030E4E230E8B07E","cpp","hmail_perf_pair_cpp_20260831_225556","C:\hmail-perf-pair-delivery-20260901\cpp\Data","B3DF9E8BBF4BEDB1102C94DF7C86356E1FEABCBC02A18E8EABEB1EA1453D09B8","PASS","45FA907CE0D3797C1E13EBB2F03F076A25656CCE27E801C18F745ACD3944FBBD","5136EEC556F9790732AE759EF52F77FE6172329EA55787A80300C4A824107E46","smtp-message-acceptance","390","True","6.845",
"d31ec0dc-985f-4f6c-a10b-26435ecad610","MANIFEST_BOUND","hmail-perf-pair-delivery-20260901","A83052CA61D7F3853E97522D3F72DDA595DB61811511435D3030E4E230E8B07E","cpp","hmail_perf_pair_cpp_20260831_225556","C:\hmail-perf-pair-delivery-20260901\cpp\Data","B3DF9E8BBF4BEDB1102C94DF7C86356E1FEABCBC02A18E8EABEB1EA1453D09B8","PASS","45FA907CE0D3797C1E13EBB2F03F076A25656CCE27E801C18F745ACD3944FBBD","5136EEC556F9790732AE759EF52F77FE6172329EA55787A80300C4A824107E46","smtp-message-acceptance","391","True","6.673",
"d31ec0dc-985f-4f6c-a10b-26435ecad610","MANIFEST_BOUND","hmail-perf-pair-delivery-20260901","A83052CA61D7F3853E97522D3F72DDA595DB61811511435D3030E4E230E8B07E","cpp","hmail_perf_pair_cpp_20260831_225556","C:\hmail-perf-pair-delivery-20260901\cpp\Data","B3DF9E8BBF4BEDB1102C94DF7C86356E1FEABCBC02A18E8EABEB1EA1453D09B8","PASS","45FA907CE0D3797C1E13EBB2F03F076A25656CCE27E801C18F745ACD3944FBBD","5136EEC556F9790732AE759EF52F77FE6172329EA55787A80300C4A824107E46","smtp-message-acceptance","392","True","6.696",
"d31ec0dc-985f-4f6c-a10b-26435ecad610","MANIFEST_BOUND","hmail-perf-pair-delivery-20260901","A83052CA61D7F3853E97522D3F72DDA595DB61811511435D3030E4E230E8B07E","cpp","hmail_perf_pair_cpp_20260831_225556","C:\hmail-perf-pair-delivery-20260901\cpp\Data","B3DF9E8BBF4BEDB1102C94DF7C86356E1FEABCBC02A18E8EABEB1EA1453D09B8","PASS","45FA907CE0D3797C1E13EBB2F03F076A25656CCE27E801C18F745ACD3944FBBD","5136EEC556F9790732AE759EF52F77FE6172329EA55787A80300C4A824107E46","smtp-message-acceptance","393","True","6.555",
"d31ec0dc-985f-4f6c-a10b-26435ecad610","MANIFEST_BOUND","hmail-perf-pair-delivery-20260901","A83052CA61D7F3853E97522D3F72DDA595DB61811511435D3030E4E230E8B07E","cpp","hmail_perf_pair_cpp_20260831_225556","C:\hmail-perf-pair-delivery-20260901\cpp\Data","B3DF9E8BBF4BEDB1102C94DF7C86356E1FEABCBC02A18E8EABEB1EA1453D09B8","PASS","45FA907CE0D3797C1E13EBB2F03F076A25656CCE27E801C18F745ACD3944FBBD","5136EEC556F9790732AE759EF52F77FE6172329EA55787A80300C4A824107E46","smtp-message-acceptance","394","True","6.51",
"d31ec0dc-985f-4f6c-a10b-26435ecad610","MANIFEST_BOUND","hmail-perf-pair-delivery-20260901","A83052CA61D7F3853E97522D3F72DDA595DB61811511435D3030E4E230E8B07E","cpp","hmail_perf_pair_cpp_20260831_225556","C:\hmail-perf-pair-delivery-20260901\cpp\Data","B3DF9E8BBF4BEDB1102C94DF7C86356E1FEABCBC02A18E8EABEB1EA1453D09B8","PASS","45FA907CE0D3797C1E13EBB2F03F076A25656CCE27E801C18F745ACD3944FBBD","5136EEC556F9790732AE759EF52F77FE6172329EA55787A80300C4A824107E46","smtp-message-acceptance","395","True","7.121",
"d31ec0dc-985f-4f6c-a10b-26435ecad610","MANIFEST_BOUND","hmail-perf-pair-delivery-20260901","A83052CA61D7F3853E97522D3F72DDA595DB61811511435D3030E4E230E8B07E","cpp","hmail_perf_pair_cpp_20260831_225556","C:\hmail-perf-pair-delivery-20260901\cpp\Data","B3DF9E8BBF4BEDB1102C94DF7C86356E1FEABCBC02A18E8EABEB1EA1453D09B8","PASS","45FA907CE0D3797C1E13EBB2F03F076A25656CCE27E801C18F745ACD3944FBBD","5136EEC556F9790732AE759EF52F77FE6172329EA55787A80300C4A824107E46","smtp-message-acceptance","396","True","6.95",
"d31ec0dc-985f-4f6c-a10b-26435ecad610","MANIFEST_BOUND","hmail-perf-pair-delivery-20260901","A83052CA61D7F3853E97522D3F72DDA595DB61811511435D3030E4E230E8B07E","cpp","hmail_perf_pair_cpp_20260831_225556","C:\hmail-perf-pair-delivery-20260901\cpp\Data","B3DF9E8BBF4BEDB1102C94DF7C86356E1FEABCBC02A18E8EABEB1EA1453D09B8","PASS","45FA907CE0D3797C1E13EBB2F03F076A25656CCE27E801C18F745ACD3944FBBD","5136EEC556F9790732AE759EF52F77FE6172329EA55787A80300C4A824107E46","smtp-message-acceptance","397","True","6.803",
"d31ec0dc-985f-4f6c-a10b-26435ecad610","MANIFEST_BOUND","hmail-perf-pair-delivery-20260901","A83052CA61D7F3853E97522D3F72DDA595DB61811511435D3030E4E230E8B07E","cpp","hmail_perf_pair_cpp_20260831_225556","C:\hmail-perf-pair-delivery-20260901\cpp\Data","B3DF9E8BBF4BEDB1102C94DF7C86356E1FEABCBC02A18E8EABEB1EA1453D09B8","PASS","45FA907CE0D3797C1E13EBB2F03F076A25656CCE27E801C18F745ACD3944FBBD","5136EEC556F9790732AE759EF52F77FE6172329EA55787A80300C4A824107E46","smtp-message-acceptance","398","True","6.793",
"d31ec0dc-985f-4f6c-a10b-26435ecad610","MANIFEST_BOUND","hmail-perf-pair-delivery-20260901","A83052CA61D7F3853E97522D3F72DDA595DB61811511435D3030E4E230E8B07E","cpp","hmail_perf_pair_cpp_20260831_225556","C:\hmail-perf-pair-delivery-20260901\cpp\Data","B3DF9E8BBF4BEDB1102C94DF7C86356E1FEABCBC02A18E8EABEB1EA1453D09B8","PASS","45FA907CE0D3797C1E13EBB2F03F076A25656CCE27E801C18F745ACD3944FBBD","5136EEC556F9790732AE759EF52F77FE6172329EA55787A80300C4A824107E46","smtp-message-acceptance","399","True","6.748",
"d31ec0dc-985f-4f6c-a10b-26435ecad610","MANIFEST_BOUND","hmail-perf-pair-delivery-20260901","A83052CA61D7F3853E97522D3F72DDA595DB61811511435D3030E4E230E8B07E","cpp","hmail_perf_pair_cpp_20260831_225556","C:\hmail-perf-pair-delivery-20260901\cpp\Data","B3DF9E8BBF4BEDB1102C94DF7C86356E1FEABCBC02A18E8EABEB1EA1453D09B8","PASS","45FA907CE0D3797C1E13EBB2F03F076A25656CCE27E801C18F745ACD3944FBBD","5136EEC556F9790732AE759EF52F77FE6172329EA55787A80300C4A824107E46","smtp-message-acceptance","400","True","6.598",
"d31ec0dc-985f-4f6c-a10b-26435ecad610","MANIFEST_BOUND","hmail-perf-pair-delivery-20260901","A83052CA61D7F3853E97522D3F72DDA595DB61811511435D3030E4E230E8B07E","cpp","hmail_perf_pair_cpp_20260831_225556","C:\hmail-perf-pair-delivery-20260901\cpp\Data","B3DF9E8BBF4BEDB1102C94DF7C86356E1FEABCBC02A18E8EABEB1EA1453D09B8","PASS","45FA907CE0D3797C1E13EBB2F03F076A25656CCE27E801C18F745ACD3944FBBD","5136EEC556F9790732AE759EF52F77FE6172329EA55787A80300C4A824107E46","smtp-message-acceptance","401","True","6.857",
"d31ec0dc-985f-4f6c-a10b-26435ecad610","MANIFEST_BOUND","hmail-perf-pair-delivery-20260901","A83052CA61D7F3853E97522D3F72DDA595DB61811511435D3030E4E230E8B07E","cpp","hmail_perf_pair_cpp_20260831_225556","C:\hmail-perf-pair-delivery-20260901\cpp\Data","B3DF9E8BBF4BEDB1102C94DF7C86356E1FEABCBC02A18E8EABEB1EA1453D09B8","PASS","45FA907CE0D3797C1E13EBB2F03F076A25656CCE27E801C18F745ACD3944FBBD","5136EEC556F9790732AE759EF52F77FE6172329EA55787A80300C4A824107E46","smtp-message-acceptance","402","True","6.7",
"d31ec0dc-985f-4f6c-a10b-26435ecad610","MANIFEST_BOUND","hmail-perf-pair-delivery-20260901","A83052CA61D7F3853E97522D3F72DDA595DB61811511435D3030E4E230E8B07E","cpp","hmail_perf_pair_cpp_20260831_225556","C:\hmail-perf-pair-delivery-20260901\cpp\Data","B3DF9E8BBF4BEDB1102C94DF7C86356E1FEABCBC02A18E8EABEB1EA1453D09B8","PASS","45FA907CE0D3797C1E13EBB2F03F076A25656CCE27E801C18F745ACD3944FBBD","5136EEC556F9790732AE759EF52F77FE6172329EA55787A80300C4A824107E46","smtp-message-acceptance","403","True","6.201",
"d31ec0dc-985f-4f6c-a10b-26435ecad610","MANIFEST_BOUND","hmail-perf-pair-delivery-20260901","A83052CA61D7F3853E97522D3F72DDA595DB61811511435D3030E4E230E8B07E","cpp","hmail_perf_pair_cpp_20260831_225556","C:\hmail-perf-pair-delivery-20260901\cpp\Data","B3DF9E8BBF4BEDB1102C94DF7C86356E1FEABCBC02A18E8EABEB1EA1453D09B8","PASS","45FA907CE0D3797C1E13EBB2F03F076A25656CCE27E801C18F745ACD3944FBBD","5136EEC556F9790732AE759EF52F77FE6172329EA55787A80300C4A824107E46","smtp-message-acceptance","404","True","6.354",
"d31ec0dc-985f-4f6c-a10b-26435ecad610","MANIFEST_BOUND","hmail-perf-pair-delivery-20260901","A83052CA61D7F3853E97522D3F72DDA595DB61811511435D3030E4E230E8B07E","cpp","hmail_perf_pair_cpp_20260831_225556","C:\hmail-perf-pair-delivery-20260901\cpp\Data","B3DF9E8BBF4BEDB1102C94DF7C86356E1FEABCBC02A18E8EABEB1EA1453D09B8","PASS","45FA907CE0D3797C1E13EBB2F03F076A25656CCE27E801C18F745ACD3944FBBD","5136EEC556F9790732AE759EF52F77FE6172329EA55787A80300C4A824107E46","smtp-message-acceptance","405","True","7.006",
"d31ec0dc-985f-4f6c-a10b-26435ecad610","MANIFEST_BOUND","hmail-perf-pair-delivery-20260901","A83052CA61D7F3853E97522D3F72DDA595DB61811511435D3030E4E230E8B07E","cpp","hmail_perf_pair_cpp_20260831_225556","C:\hmail-perf-pair-delivery-20260901\cpp\Data","B3DF9E8BBF4BEDB1102C94DF7C86356E1FEABCBC02A18E8EABEB1EA1453D09B8","PASS","45FA907CE0D3797C1E13EBB2F03F076A25656CCE27E801C18F745ACD3944FBBD","5136EEC556F9790732AE759EF52F77FE6172329EA55787A80300C4A824107E46","smtp-message-acceptance","406","True","6.673",
"d31ec0dc-985f-4f6c-a10b-26435ecad610","MANIFEST_BOUND","hmail-perf-pair-delivery-20260901","A83052CA61D7F3853E97522D3F72DDA595DB61811511435D3030E4E230E8B07E","cpp","hmail_perf_pair_cpp_20260831_225556","C:\hmail-perf-pair-delivery-20260901\cpp\Data","B3DF9E8BBF4BEDB1102C94DF7C86356E1FEABCBC02A18E8EABEB1EA1453D09B8","PASS","45FA907CE0D3797C1E13EBB2F03F076A25656CCE27E801C18F745ACD3944FBBD","5136EEC556F9790732AE759EF52F77FE6172329EA55787A80300C4A824107E46","smtp-message-acceptance","407","True","6.548",
"d31ec0dc-985f-4f6c-a10b-26435ecad610","MANIFEST_BOUND","hmail-perf-pair-delivery-20260901","A83052CA61D7F3853E97522D3F72DDA595DB61811511435D3030E4E230E8B07E","cpp","hmail_perf_pair_cpp_20260831_225556","C:\hmail-perf-pair-delivery-20260901\cpp\Data","B3DF9E8BBF4BEDB1102C94DF7C86356E1FEABCBC02A18E8EABEB1EA1453D09B8","PASS","45FA907CE0D3797C1E13EBB2F03F076A25656CCE27E801C18F745ACD3944FBBD","5136EEC556F9790732AE759EF52F77FE6172329EA55787A80300C4A824107E46","smtp-message-acceptance","408","True","6.641",
"d31ec0dc-985f-4f6c-a10b-26435ecad610","MANIFEST_BOUND","hmail-perf-pair-delivery-20260901","A83052CA61D7F3853E97522D3F72DDA595DB61811511435D3030E4E230E8B07E","cpp","hmail_perf_pair_cpp_20260831_225556","C:\hmail-perf-pair-delivery-20260901\cpp\Data","B3DF9E8BBF4BEDB1102C94DF7C86356E1FEABCBC02A18E8EABEB1EA1453D09B8","PASS","45FA907CE0D3797C1E13EBB2F03F076A25656CCE27E801C18F745ACD3944FBBD","5136EEC556F9790732AE759EF52F77FE6172329EA55787A80300C4A824107E46","smtp-message-acceptance","409","True","6.648",
"d31ec0dc-985f-4f6c-a10b-26435ecad610","MANIFEST_BOUND","hmail-perf-pair-delivery-20260901","A83052CA61D7F3853E97522D3F72DDA595DB61811511435D3030E4E230E8B07E","cpp","hmail_perf_pair_cpp_20260831_225556","C:\hmail-perf-pair-delivery-20260901\cpp\Data","B3DF9E8BBF4BEDB1102C94DF7C86356E1FEABCBC02A18E8EABEB1EA1453D09B8","PASS","45FA907CE0D3797C1E13EBB2F03F076A25656CCE27E801C18F745ACD3944FBBD","5136EEC556F9790732AE759EF52F77FE6172329EA55787A80300C4A824107E46","smtp-message-acceptance","410","True","6.703",
"d31ec0dc-985f-4f6c-a10b-26435ecad610","MANIFEST_BOUND","hmail-perf-pair-delivery-20260901","A83052CA61D7F3853E97522D3F72DDA595DB61811511435D3030E4E230E8B07E","cpp","hmail_perf_pair_cpp_20260831_225556","C:\hmail-perf-pair-delivery-20260901\cpp\Data","B3DF9E8BBF4BEDB1102C94DF7C86356E1FEABCBC02A18E8EABEB1EA1453D09B8","PASS","45FA907CE0D3797C1E13EBB2F03F076A25656CCE27E801C18F745ACD3944FBBD","5136EEC556F9790732AE759EF52F77FE6172329EA55787A80300C4A824107E46","smtp-message-acceptance","411","True","7.321",
"d31ec0dc-985f-4f6c-a10b-26435ecad610","MANIFEST_BOUND","hmail-perf-pair-delivery-20260901","A83052CA61D7F3853E97522D3F72DDA595DB61811511435D3030E4E230E8B07E","cpp","hmail_perf_pair_cpp_20260831_225556","C:\hmail-perf-pair-delivery-20260901\cpp\Data","B3DF9E8BBF4BEDB1102C94DF7C86356E1FEABCBC02A18E8EABEB1EA1453D09B8","PASS","45FA907CE0D3797C1E13EBB2F03F076A25656CCE27E801C18F745ACD3944FBBD","5136EEC556F9790732AE759EF52F77FE6172329EA55787A80300C4A824107E46","smtp-message-acceptance","412","True","7",
"d31ec0dc-985f-4f6c-a10b-26435ecad610","MANIFEST_BOUND","hmail-perf-pair-delivery-20260901","A83052CA61D7F3853E97522D3F72DDA595DB61811511435D3030E4E230E8B07E","cpp","hmail_perf_pair_cpp_20260831_225556","C:\hmail-perf-pair-delivery-20260901\cpp\Data","B3DF9E8BBF4BEDB1102C94DF7C86356E1FEABCBC02A18E8EABEB1EA1453D09B8","PASS","45FA907CE0D3797C1E13EBB2F03F076A25656CCE27E801C18F745ACD3944FBBD","5136EEC556F9790732AE759EF52F77FE6172329EA55787A80300C4A824107E46","smtp-message-acceptance","413","True","6.545",
"d31ec0dc-985f-4f6c-a10b-26435ecad610","MANIFEST_BOUND","hmail-perf-pair-delivery-20260901","A83052CA61D7F3853E97522D3F72DDA595DB61811511435D3030E4E230E8B07E","cpp","hmail_perf_pair_cpp_20260831_225556","C:\hmail-perf-pair-delivery-20260901\cpp\Data","B3DF9E8BBF4BEDB1102C94DF7C86356E1FEABCBC02A18E8EABEB1EA1453D09B8","PASS","45FA907CE0D3797C1E13EBB2F03F076A25656CCE27E801C18F745ACD3944FBBD","5136EEC556F9790732AE759EF52F77FE6172329EA55787A80300C4A824107E46","smtp-message-acceptance","414","True","6.802",
"d31ec0dc-985f-4f6c-a10b-26435ecad610","MANIFEST_BOUND","hmail-perf-pair-delivery-20260901","A83052CA61D7F3853E97522D3F72DDA595DB61811511435D3030E4E230E8B07E","cpp","hmail_perf_pair_cpp_20260831_225556","C:\hmail-perf-pair-delivery-20260901\cpp\Data","B3DF9E8BBF4BEDB1102C94DF7C86356E1FEABCBC02A18E8EABEB1EA1453D09B8","PASS","45FA907CE0D3797C1E13EBB2F03F076A25656CCE27E801C18F745ACD3944FBBD","5136EEC556F9790732AE759EF52F77FE6172329EA55787A80300C4A824107E46","smtp-message-acceptance","415","True","6.744",
"d31ec0dc-985f-4f6c-a10b-26435ecad610","MANIFEST_BOUND","hmail-perf-pair-delivery-20260901","A83052CA61D7F3853E97522D3F72DDA595DB61811511435D3030E4E230E8B07E","cpp","hmail_perf_pair_cpp_20260831_225556","C:\hmail-perf-pair-delivery-20260901\cpp\Data","B3DF9E8BBF4BEDB1102C94DF7C86356E1FEABCBC02A18E8EABEB1EA1453D09B8","PASS","45FA907CE0D3797C1E13EBB2F03F076A25656CCE27E801C18F745ACD3944FBBD","5136EEC556F9790732AE759EF52F77FE6172329EA55787A80300C4A824107E46","smtp-message-acceptance","416","True","6.818",
"d31ec0dc-985f-4f6c-a10b-26435ecad610","MANIFEST_BOUND","hmail-perf-pair-delivery-20260901","A83052CA61D7F3853E97522D3F72DDA595DB61811511435D3030E4E230E8B07E","cpp","hmail_perf_pair_cpp_20260831_225556","C:\hmail-perf-pair-delivery-20260901\cpp\Data","B3DF9E8BBF4BEDB1102C94DF7C86356E1FEABCBC02A18E8EABEB1EA1453D09B8","PASS","45FA907CE0D3797C1E13EBB2F03F076A25656CCE27E801C18F745ACD3944FBBD","5136EEC556F9790732AE759EF52F77FE6172329EA55787A80300C4A824107E46","smtp-message-acceptance","417","True","6.713",
"d31ec0dc-985f-4f6c-a10b-26435ecad610","MANIFEST_BOUND","hmail-perf-pair-delivery-20260901","A83052CA61D7F3853E97522D3F72DDA595DB61811511435D3030E4E230E8B07E","cpp","hmail_perf_pair_cpp_20260831_225556","C:\hmail-perf-pair-delivery-20260901\cpp\Data","B3DF9E8BBF4BEDB1102C94DF7C86356E1FEABCBC02A18E8EABEB1EA1453D09B8","PASS","45FA907CE0D3797C1E13EBB2F03F076A25656CCE27E801C18F745ACD3944FBBD","5136EEC556F9790732AE759EF52F77FE6172329EA55787A80300C4A824107E46","smtp-message-acceptance","418","True","7.603",
"d31ec0dc-985f-4f6c-a10b-26435ecad610","MANIFEST_BOUND","hmail-perf-pair-delivery-20260901","A83052CA61D7F3853E97522D3F72DDA595DB61811511435D3030E4E230E8B07E","cpp","hmail_perf_pair_cpp_20260831_225556","C:\hmail-perf-pair-delivery-20260901\cpp\Data","B3DF9E8BBF4BEDB1102C94DF7C86356E1FEABCBC02A18E8EABEB1EA1453D09B8","PASS","45FA907CE0D3797C1E13EBB2F03F076A25656CCE27E801C18F745ACD3944FBBD","5136EEC556F9790732AE759EF52F77FE6172329EA55787A80300C4A824107E46","smtp-message-acceptance","419","True","7.992",
"d31ec0dc-985f-4f6c-a10b-26435ecad610","MANIFEST_BOUND","hmail-perf-pair-delivery-20260901","A83052CA61D7F3853E97522D3F72DDA595DB61811511435D3030E4E230E8B07E","cpp","hmail_perf_pair_cpp_20260831_225556","C:\hmail-perf-pair-delivery-20260901\cpp\Data","B3DF9E8BBF4BEDB1102C94DF7C86356E1FEABCBC02A18E8EABEB1EA1453D09B8","PASS","45FA907CE0D3797C1E13EBB2F03F076A25656CCE27E801C18F745ACD3944FBBD","5136EEC556F9790732AE759EF52F77FE6172329EA55787A80300C4A824107E46","smtp-message-acceptance","420","True","7.545",
"d31ec0dc-985f-4f6c-a10b-26435ecad610","MANIFEST_BOUND","hmail-perf-pair-delivery-20260901","A83052CA61D7F3853E97522D3F72DDA595DB61811511435D3030E4E230E8B07E","cpp","hmail_perf_pair_cpp_20260831_225556","C:\hmail-perf-pair-delivery-20260901\cpp\Data","B3DF9E8BBF4BEDB1102C94DF7C86356E1FEABCBC02A18E8EABEB1EA1453D09B8","PASS","45FA907CE0D3797C1E13EBB2F03F076A25656CCE27E801C18F745ACD3944FBBD","5136EEC556F9790732AE759EF52F77FE6172329EA55787A80300C4A824107E46","smtp-message-acceptance","421","True","6.694",
"d31ec0dc-985f-4f6c-a10b-26435ecad610","MANIFEST_BOUND","hmail-perf-pair-delivery-20260901","A83052CA61D7F3853E97522D3F72DDA595DB61811511435D3030E4E230E8B07E","cpp","hmail_perf_pair_cpp_20260831_225556","C:\hmail-perf-pair-delivery-20260901\cpp\Data","B3DF9E8BBF4BEDB1102C94DF7C86356E1FEABCBC02A18E8EABEB1EA1453D09B8","PASS","45FA907CE0D3797C1E13EBB2F03F076A25656CCE27E801C18F745ACD3944FBBD","5136EEC556F9790732AE759EF52F77FE6172329EA55787A80300C4A824107E46","smtp-message-acceptance","422","True","7.078",
"d31ec0dc-985f-4f6c-a10b-26435ecad610","MANIFEST_BOUND","hmail-perf-pair-delivery-20260901","A83052CA61D7F3853E97522D3F72DDA595DB61811511435D3030E4E230E8B07E","cpp","hmail_perf_pair_cpp_20260831_225556","C:\hmail-perf-pair-delivery-20260901\cpp\Data","B3DF9E8BBF4BEDB1102C94DF7C86356E1FEABCBC02A18E8EABEB1EA1453D09B8","PASS","45FA907CE0D3797C1E13EBB2F03F076A25656CCE27E801C18F745ACD3944FBBD","5136EEC556F9790732AE759EF52F77FE6172329EA55787A80300C4A824107E46","smtp-message-acceptance","423","True","6.698",
"d31ec0dc-985f-4f6c-a10b-26435ecad610","MANIFEST_BOUND","hmail-perf-pair-delivery-20260901","A83052CA61D7F3853E97522D3F72DDA595DB61811511435D3030E4E230E8B07E","cpp","hmail_perf_pair_cpp_20260831_225556","C:\hmail-perf-pair-delivery-20260901\cpp\Data","B3DF9E8BBF4BEDB1102C94DF7C86356E1FEABCBC02A18E8EABEB1EA1453D09B8","PASS","45FA907CE0D3797C1E13EBB2F03F076A25656CCE27E801C18F745ACD3944FBBD","5136EEC556F9790732AE759EF52F77FE6172329EA55787A80300C4A824107E46","smtp-message-acceptance","424","True","6.707",
"d31ec0dc-985f-4f6c-a10b-26435ecad610","MANIFEST_BOUND","hmail-perf-pair-delivery-20260901","A83052CA61D7F3853E97522D3F72DDA595DB61811511435D3030E4E230E8B07E","cpp","hmail_perf_pair_cpp_20260831_225556","C:\hmail-perf-pair-delivery-20260901\cpp\Data","B3DF9E8BBF4BEDB1102C94DF7C86356E1FEABCBC02A18E8EABEB1EA1453D09B8","PASS","45FA907CE0D3797C1E13EBB2F03F076A25656CCE27E801C18F745ACD3944FBBD","5136EEC556F9790732AE759EF52F77FE6172329EA55787A80300C4A824107E46","smtp-message-acceptance","425","True","6.868",
"d31ec0dc-985f-4f6c-a10b-26435ecad610","MANIFEST_BOUND","hmail-perf-pair-delivery-20260901","A83052CA61D7F3853E97522D3F72DDA595DB61811511435D3030E4E230E8B07E","cpp","hmail_perf_pair_cpp_20260831_225556","C:\hmail-perf-pair-delivery-20260901\cpp\Data","B3DF9E8BBF4BEDB1102C94DF7C86356E1FEABCBC02A18E8EABEB1EA1453D09B8","PASS","45FA907CE0D3797C1E13EBB2F03F076A25656CCE27E801C18F745ACD3944FBBD","5136EEC556F9790732AE759EF52F77FE6172329EA55787A80300C4A824107E46","smtp-message-acceptance","426","True","6.657",
"d31ec0dc-985f-4f6c-a10b-26435ecad610","MANIFEST_BOUND","hmail-perf-pair-delivery-20260901","A83052CA61D7F3853E97522D3F72DDA595DB61811511435D3030E4E230E8B07E","cpp","hmail_perf_pair_cpp_20260831_225556","C:\hmail-perf-pair-delivery-20260901\cpp\Data","B3DF9E8BBF4BEDB1102C94DF7C86356E1FEABCBC02A18E8EABEB1EA1453D09B8","PASS","45FA907CE0D3797C1E13EBB2F03F076A25656CCE27E801C18F745ACD3944FBBD","5136EEC556F9790732AE759EF52F77FE6172329EA55787A80300C4A824107E46","smtp-message-acceptance","427","True","7.041",
"d31ec0dc-985f-4f6c-a10b-26435ecad610","MANIFEST_BOUND","hmail-perf-pair-delivery-20260901","A83052CA61D7F3853E97522D3F72DDA595DB61811511435D3030E4E230E8B07E","cpp","hmail_perf_pair_cpp_20260831_225556","C:\hmail-perf-pair-delivery-20260901\cpp\Data","B3DF9E8BBF4BEDB1102C94DF7C86356E1FEABCBC02A18E8EABEB1EA1453D09B8","PASS","45FA907CE0D3797C1E13EBB2F03F076A25656CCE27E801C18F745ACD3944FBBD","5136EEC556F9790732AE759EF52F77FE6172329EA55787A80300C4A824107E46","smtp-message-acceptance","428","True","6.809",
"d31ec0dc-985f-4f6c-a10b-26435ecad610","MANIFEST_BOUND","hmail-perf-pair-delivery-20260901","A83052CA61D7F3853E97522D3F72DDA595DB61811511435D3030E4E230E8B07E","cpp","hmail_perf_pair_cpp_20260831_225556","C:\hmail-perf-pair-delivery-20260901\cpp\Data","B3DF9E8BBF4BEDB1102C94DF7C86356E1FEABCBC02A18E8EABEB1EA1453D09B8","PASS","45FA907CE0D3797C1E13EBB2F03F076A25656CCE27E801C18F745ACD3944FBBD","5136EEC556F9790732AE759EF52F77FE6172329EA55787A80300C4A824107E46","smtp-message-acceptance","429","True","6.836",
"d31ec0dc-985f-4f6c-a10b-26435ecad610","MANIFEST_BOUND","hmail-perf-pair-delivery-20260901","A83052CA61D7F3853E97522D3F72DDA595DB61811511435D3030E4E230E8B07E","cpp","hmail_perf_pair_cpp_20260831_225556","C:\hmail-perf-pair-delivery-20260901\cpp\Data","B3DF9E8BBF4BEDB1102C94DF7C86356E1FEABCBC02A18E8EABEB1EA1453D09B8","PASS","45FA907CE0D3797C1E13EBB2F03F076A25656CCE27E801C18F745ACD3944FBBD","5136EEC556F9790732AE759EF52F77FE6172329EA55787A80300C4A824107E46","smtp-message-acceptance","430","True","6.631",
"d31ec0dc-985f-4f6c-a10b-26435ecad610","MANIFEST_BOUND","hmail-perf-pair-delivery-20260901","A83052CA61D7F3853E97522D3F72DDA595DB61811511435D3030E4E230E8B07E","cpp","hmail_perf_pair_cpp_20260831_225556","C:\hmail-perf-pair-delivery-20260901\cpp\Data","B3DF9E8BBF4BEDB1102C94DF7C86356E1FEABCBC02A18E8EABEB1EA1453D09B8","PASS","45FA907CE0D3797C1E13EBB2F03F076A25656CCE27E801C18F745ACD3944FBBD","5136EEC556F9790732AE759EF52F77FE6172329EA55787A80300C4A824107E46","smtp-message-acceptance","431","True","7.322",
"d31ec0dc-985f-4f6c-a10b-26435ecad610","MANIFEST_BOUND","hmail-perf-pair-delivery-20260901","A83052CA61D7F3853E97522D3F72DDA595DB61811511435D3030E4E230E8B07E","cpp","hmail_perf_pair_cpp_20260831_225556","C:\hmail-perf-pair-delivery-20260901\cpp\Data","B3DF9E8BBF4BEDB1102C94DF7C86356E1FEABCBC02A18E8EABEB1EA1453D09B8","PASS","45FA907CE0D3797C1E13EBB2F03F076A25656CCE27E801C18F745ACD3944FBBD","5136EEC556F9790732AE759EF52F77FE6172329EA55787A80300C4A824107E46","smtp-message-acceptance","432","True","6.977",
"d31ec0dc-985f-4f6c-a10b-26435ecad610","MANIFEST_BOUND","hmail-perf-pair-delivery-20260901","A83052CA61D7F3853E97522D3F72DDA595DB61811511435D3030E4E230E8B07E","cpp","hmail_perf_pair_cpp_20260831_225556","C:\hmail-perf-pair-delivery-20260901\cpp\Data","B3DF9E8BBF4BEDB1102C94DF7C86356E1FEABCBC02A18E8EABEB1EA1453D09B8","PASS","45FA907CE0D3797C1E13EBB2F03F076A25656CCE27E801C18F745ACD3944FBBD","5136EEC556F9790732AE759EF52F77FE6172329EA55787A80300C4A824107E46","smtp-message-acceptance","433","True","6.53",
"d31ec0dc-985f-4f6c-a10b-26435ecad610","MANIFEST_BOUND","hmail-perf-pair-delivery-20260901","A83052CA61D7F3853E97522D3F72DDA595DB61811511435D3030E4E230E8B07E","cpp","hmail_perf_pair_cpp_20260831_225556","C:\hmail-perf-pair-delivery-20260901\cpp\Data","B3DF9E8BBF4BEDB1102C94DF7C86356E1FEABCBC02A18E8EABEB1EA1453D09B8","PASS","45FA907CE0D3797C1E13EBB2F03F076A25656CCE27E801C18F745ACD3944FBBD","5136EEC556F9790732AE759EF52F77FE6172329EA55787A80300C4A824107E46","smtp-message-acceptance","434","True","7.019",
"d31ec0dc-985f-4f6c-a10b-26435ecad610","MANIFEST_BOUND","hmail-perf-pair-delivery-20260901","A83052CA61D7F3853E97522D3F72DDA595DB61811511435D3030E4E230E8B07E","cpp","hmail_perf_pair_cpp_20260831_225556","C:\hmail-perf-pair-delivery-20260901\cpp\Data","B3DF9E8BBF4BEDB1102C94DF7C86356E1FEABCBC02A18E8EABEB1EA1453D09B8","PASS","45FA907CE0D3797C1E13EBB2F03F076A25656CCE27E801C18F745ACD3944FBBD","5136EEC556F9790732AE759EF52F77FE6172329EA55787A80300C4A824107E46","smtp-message-acceptance","435","True","7.718",
"d31ec0dc-985f-4f6c-a10b-26435ecad610","MANIFEST_BOUND","hmail-perf-pair-delivery-20260901","A83052CA61D7F3853E97522D3F72DDA595DB61811511435D3030E4E230E8B07E","cpp","hmail_perf_pair_cpp_20260831_225556","C:\hmail-perf-pair-delivery-20260901\cpp\Data","B3DF9E8BBF4BEDB1102C94DF7C86356E1FEABCBC02A18E8EABEB1EA1453D09B8","PASS","45FA907CE0D3797C1E13EBB2F03F076A25656CCE27E801C18F745ACD3944FBBD","5136EEC556F9790732AE759EF52F77FE6172329EA55787A80300C4A824107E46","smtp-message-acceptance","436","True","6.395",
"d31ec0dc-985f-4f6c-a10b-26435ecad610","MANIFEST_BOUND","hmail-perf-pair-delivery-20260901","A83052CA61D7F3853E97522D3F72DDA595DB61811511435D3030E4E230E8B07E","cpp","hmail_perf_pair_cpp_20260831_225556","C:\hmail-perf-pair-delivery-20260901\cpp\Data","B3DF9E8BBF4BEDB1102C94DF7C86356E1FEABCBC02A18E8EABEB1EA1453D09B8","PASS","45FA907CE0D3797C1E13EBB2F03F076A25656CCE27E801C18F745ACD3944FBBD","5136EEC556F9790732AE759EF52F77FE6172329EA55787A80300C4A824107E46","smtp-message-acceptance","437","True","6.703",
"d31ec0dc-985f-4f6c-a10b-26435ecad610","MANIFEST_BOUND","hmail-perf-pair-delivery-20260901","A83052CA61D7F3853E97522D3F72DDA595DB61811511435D3030E4E230E8B07E","cpp","hmail_perf_pair_cpp_20260831_225556","C:\hmail-perf-pair-delivery-20260901\cpp\Data","B3DF9E8BBF4BEDB1102C94DF7C86356E1FEABCBC02A18E8EABEB1EA1453D09B8","PASS","45FA907CE0D3797C1E13EBB2F03F076A25656CCE27E801C18F745ACD3944FBBD","5136EEC556F9790732AE759EF52F77FE6172329EA55787A80300C4A824107E46","smtp-message-acceptance","438","True","6.732",
"d31ec0dc-985f-4f6c-a10b-26435ecad610","MANIFEST_BOUND","hmail-perf-pair-delivery-20260901","A83052CA61D7F3853E97522D3F72DDA595DB61811511435D3030E4E230E8B07E","cpp","hmail_perf_pair_cpp_20260831_225556","C:\hmail-perf-pair-delivery-20260901\cpp\Data","B3DF9E8BBF4BEDB1102C94DF7C86356E1FEABCBC02A18E8EABEB1EA1453D09B8","PASS","45FA907CE0D3797C1E13EBB2F03F076A25656CCE27E801C18F745ACD3944FBBD","5136EEC556F9790732AE759EF52F77FE6172329EA55787A80300C4A824107E46","smtp-message-acceptance","439","True","7.067",
"d31ec0dc-985f-4f6c-a10b-26435ecad610","MANIFEST_BOUND","hmail-perf-pair-delivery-20260901","A83052CA61D7F3853E97522D3F72DDA595DB61811511435D3030E4E230E8B07E","cpp","hmail_perf_pair_cpp_20260831_225556","C:\hmail-perf-pair-delivery-20260901\cpp\Data","B3DF9E8BBF4BEDB1102C94DF7C86356E1FEABCBC02A18E8EABEB1EA1453D09B8","PASS","45FA907CE0D3797C1E13EBB2F03F076A25656CCE27E801C18F745ACD3944FBBD","5136EEC556F9790732AE759EF52F77FE6172329EA55787A80300C4A824107E46","smtp-message-acceptance","440","True","7.333",
"d31ec0dc-985f-4f6c-a10b-26435ecad610","MANIFEST_BOUND","hmail-perf-pair-delivery-20260901","A83052CA61D7F3853E97522D3F72DDA595DB61811511435D3030E4E230E8B07E","cpp","hmail_perf_pair_cpp_20260831_225556","C:\hmail-perf-pair-delivery-20260901\cpp\Data","B3DF9E8BBF4BEDB1102C94DF7C86356E1FEABCBC02A18E8EABEB1EA1453D09B8","PASS","45FA907CE0D3797C1E13EBB2F03F076A25656CCE27E801C18F745ACD3944FBBD","5136EEC556F9790732AE759EF52F77FE6172329EA55787A80300C4A824107E46","smtp-message-acceptance","441","True","6.707",
"d31ec0dc-985f-4f6c-a10b-26435ecad610","MANIFEST_BOUND","hmail-perf-pair-delivery-20260901","A83052CA61D7F3853E97522D3F72DDA595DB61811511435D3030E4E230E8B07E","cpp","hmail_perf_pair_cpp_20260831_225556","C:\hmail-perf-pair-delivery-20260901\cpp\Data","B3DF9E8BBF4BEDB1102C94DF7C86356E1FEABCBC02A18E8EABEB1EA1453D09B8","PASS","45FA907CE0D3797C1E13EBB2F03F076A25656CCE27E801C18F745ACD3944FBBD","5136EEC556F9790732AE759EF52F77FE6172329EA55787A80300C4A824107E46","smtp-message-acceptance","442","True","7.028",
"d31ec0dc-985f-4f6c-a10b-26435ecad610","MANIFEST_BOUND","hmail-perf-pair-delivery-20260901","A83052CA61D7F3853E97522D3F72DDA595DB61811511435D3030E4E230E8B07E","cpp","hmail_perf_pair_cpp_20260831_225556","C:\hmail-perf-pair-delivery-20260901\cpp\Data","B3DF9E8BBF4BEDB1102C94DF7C86356E1FEABCBC02A18E8EABEB1EA1453D09B8","PASS","45FA907CE0D3797C1E13EBB2F03F076A25656CCE27E801C18F745ACD3944FBBD","5136EEC556F9790732AE759EF52F77FE6172329EA55787A80300C4A824107E46","smtp-message-acceptance","443","True","6.944",
"d31ec0dc-985f-4f6c-a10b-26435ecad610","MANIFEST_BOUND","hmail-perf-pair-delivery-20260901","A83052CA61D7F3853E97522D3F72DDA595DB61811511435D3030E4E230E8B07E","cpp","hmail_perf_pair_cpp_20260831_225556","C:\hmail-perf-pair-delivery-20260901\cpp\Data","B3DF9E8BBF4BEDB1102C94DF7C86356E1FEABCBC02A18E8EABEB1EA1453D09B8","PASS","45FA907CE0D3797C1E13EBB2F03F076A25656CCE27E801C18F745ACD3944FBBD","5136EEC556F9790732AE759EF52F77FE6172329EA55787A80300C4A824107E46","smtp-message-acceptance","444","True","6.848",
"d31ec0dc-985f-4f6c-a10b-26435ecad610","MANIFEST_BOUND","hmail-perf-pair-delivery-20260901","A83052CA61D7F3853E97522D3F72DDA595DB61811511435D3030E4E230E8B07E","cpp","hmail_perf_pair_cpp_20260831_225556","C:\hmail-perf-pair-delivery-20260901\cpp\Data","B3DF9E8BBF4BEDB1102C94DF7C86356E1FEABCBC02A18E8EABEB1EA1453D09B8","PASS","45FA907CE0D3797C1E13EBB2F03F076A25656CCE27E801C18F745ACD3944FBBD","5136EEC556F9790732AE759EF52F77FE6172329EA55787A80300C4A824107E46","smtp-message-acceptance","445","True","6.849",
"d31ec0dc-985f-4f6c-a10b-26435ecad610","MANIFEST_BOUND","hmail-perf-pair-delivery-20260901","A83052CA61D7F3853E97522D3F72DDA595DB61811511435D3030E4E230E8B07E","cpp","hmail_perf_pair_cpp_20260831_225556","C:\hmail-perf-pair-delivery-20260901\cpp\Data","B3DF9E8BBF4BEDB1102C94DF7C86356E1FEABCBC02A18E8EABEB1EA1453D09B8","PASS","45FA907CE0D3797C1E13EBB2F03F076A25656CCE27E801C18F745ACD3944FBBD","5136EEC556F9790732AE759EF52F77FE6172329EA55787A80300C4A824107E46","smtp-message-acceptance","446","True","6.879",
"d31ec0dc-985f-4f6c-a10b-26435ecad610","MANIFEST_BOUND","hmail-perf-pair-delivery-20260901","A83052CA61D7F3853E97522D3F72DDA595DB61811511435D3030E4E230E8B07E","cpp","hmail_perf_pair_cpp_20260831_225556","C:\hmail-perf-pair-delivery-20260901\cpp\Data","B3DF9E8BBF4BEDB1102C94DF7C86356E1FEABCBC02A18E8EABEB1EA1453D09B8","PASS","45FA907CE0D3797C1E13EBB2F03F076A25656CCE27E801C18F745ACD3944FBBD","5136EEC556F9790732AE759EF52F77FE6172329EA55787A80300C4A824107E46","smtp-message-acceptance","447","True","7.186",
"d31ec0dc-985f-4f6c-a10b-26435ecad610","MANIFEST_BOUND","hmail-perf-pair-delivery-20260901","A83052CA61D7F3853E97522D3F72DDA595DB61811511435D3030E4E230E8B07E","cpp","hmail_perf_pair_cpp_20260831_225556","C:\hmail-perf-pair-delivery-20260901\cpp\Data","B3DF9E8BBF4BEDB1102C94DF7C86356E1FEABCBC02A18E8EABEB1EA1453D09B8","PASS","45FA907CE0D3797C1E13EBB2F03F076A25656CCE27E801C18F745ACD3944FBBD","5136EEC556F9790732AE759EF52F77FE6172329EA55787A80300C4A824107E46","smtp-message-acceptance","448","True","6.982",
"d31ec0dc-985f-4f6c-a10b-26435ecad610","MANIFEST_BOUND","hmail-perf-pair-delivery-20260901","A83052CA61D7F3853E97522D3F72DDA595DB61811511435D3030E4E230E8B07E","cpp","hmail_perf_pair_cpp_20260831_225556","C:\hmail-perf-pair-delivery-20260901\cpp\Data","B3DF9E8BBF4BEDB1102C94DF7C86356E1FEABCBC02A18E8EABEB1EA1453D09B8","PASS","45FA907CE0D3797C1E13EBB2F03F076A25656CCE27E801C18F745ACD3944FBBD","5136EEC556F9790732AE759EF52F77FE6172329EA55787A80300C4A824107E46","smtp-message-acceptance","449","True","7.416",
"d31ec0dc-985f-4f6c-a10b-26435ecad610","MANIFEST_BOUND","hmail-perf-pair-delivery-20260901","A83052CA61D7F3853E97522D3F72DDA595DB61811511435D3030E4E230E8B07E","cpp","hmail_perf_pair_cpp_20260831_225556","C:\hmail-perf-pair-delivery-20260901\cpp\Data","B3DF9E8BBF4BEDB1102C94DF7C86356E1FEABCBC02A18E8EABEB1EA1453D09B8","PASS","45FA907CE0D3797C1E13EBB2F03F076A25656CCE27E801C18F745ACD3944FBBD","5136EEC556F9790732AE759EF52F77FE6172329EA55787A80300C4A824107E46","smtp-message-acceptance","450","True","7.734",
"d31ec0dc-985f-4f6c-a10b-26435ecad610","MANIFEST_BOUND","hmail-perf-pair-delivery-20260901","A83052CA61D7F3853E97522D3F72DDA595DB61811511435D3030E4E230E8B07E","cpp","hmail_perf_pair_cpp_20260831_225556","C:\hmail-perf-pair-delivery-20260901\cpp\Data","B3DF9E8BBF4BEDB1102C94DF7C86356E1FEABCBC02A18E8EABEB1EA1453D09B8","PASS","45FA907CE0D3797C1E13EBB2F03F076A25656CCE27E801C18F745ACD3944FBBD","5136EEC556F9790732AE759EF52F77FE6172329EA55787A80300C4A824107E46","smtp-message-acceptance","451","True","10.91",
"d31ec0dc-985f-4f6c-a10b-26435ecad610","MANIFEST_BOUND","hmail-perf-pair-delivery-20260901","A83052CA61D7F3853E97522D3F72DDA595DB61811511435D3030E4E230E8B07E","cpp","hmail_perf_pair_cpp_20260831_225556","C:\hmail-perf-pair-delivery-20260901\cpp\Data","B3DF9E8BBF4BEDB1102C94DF7C86356E1FEABCBC02A18E8EABEB1EA1453D09B8","PASS","45FA907CE0D3797C1E13EBB2F03F076A25656CCE27E801C18F745ACD3944FBBD","5136EEC556F9790732AE759EF52F77FE6172329EA55787A80300C4A824107E46","smtp-message-acceptance","452","True","11.644",
"d31ec0dc-985f-4f6c-a10b-26435ecad610","MANIFEST_BOUND","hmail-perf-pair-delivery-20260901","A83052CA61D7F3853E97522D3F72DDA595DB61811511435D3030E4E230E8B07E","cpp","hmail_perf_pair_cpp_20260831_225556","C:\hmail-perf-pair-delivery-20260901\cpp\Data","B3DF9E8BBF4BEDB1102C94DF7C86356E1FEABCBC02A18E8EABEB1EA1453D09B8","PASS","45FA907CE0D3797C1E13EBB2F03F076A25656CCE27E801C18F745ACD3944FBBD","5136EEC556F9790732AE759EF52F77FE6172329EA55787A80300C4A824107E46","smtp-message-acceptance","453","True","7.999",
"d31ec0dc-985f-4f6c-a10b-26435ecad610","MANIFEST_BOUND","hmail-perf-pair-delivery-20260901","A83052CA61D7F3853E97522D3F72DDA595DB61811511435D3030E4E230E8B07E","cpp","hmail_perf_pair_cpp_20260831_225556","C:\hmail-perf-pair-delivery-20260901\cpp\Data","B3DF9E8BBF4BEDB1102C94DF7C86356E1FEABCBC02A18E8EABEB1EA1453D09B8","PASS","45FA907CE0D3797C1E13EBB2F03F076A25656CCE27E801C18F745ACD3944FBBD","5136EEC556F9790732AE759EF52F77FE6172329EA55787A80300C4A824107E46","smtp-message-acceptance","454","True","7.462",
"d31ec0dc-985f-4f6c-a10b-26435ecad610","MANIFEST_BOUND","hmail-perf-pair-delivery-20260901","A83052CA61D7F3853E97522D3F72DDA595DB61811511435D3030E4E230E8B07E","cpp","hmail_perf_pair_cpp_20260831_225556","C:\hmail-perf-pair-delivery-20260901\cpp\Data","B3DF9E8BBF4BEDB1102C94DF7C86356E1FEABCBC02A18E8EABEB1EA1453D09B8","PASS","45FA907CE0D3797C1E13EBB2F03F076A25656CCE27E801C18F745ACD3944FBBD","5136EEC556F9790732AE759EF52F77FE6172329EA55787A80300C4A824107E46","smtp-message-acceptance","455","True","9.745",
"d31ec0dc-985f-4f6c-a10b-26435ecad610","MANIFEST_BOUND","hmail-perf-pair-delivery-20260901","A83052CA61D7F3853E97522D3F72DDA595DB61811511435D3030E4E230E8B07E","cpp","hmail_perf_pair_cpp_20260831_225556","C:\hmail-perf-pair-delivery-20260901\cpp\Data","B3DF9E8BBF4BEDB1102C94DF7C86356E1FEABCBC02A18E8EABEB1EA1453D09B8","PASS","45FA907CE0D3797C1E13EBB2F03F076A25656CCE27E801C18F745ACD3944FBBD","5136EEC556F9790732AE759EF52F77FE6172329EA55787A80300C4A824107E46","smtp-message-acceptance","456","True","6.893",
"d31ec0dc-985f-4f6c-a10b-26435ecad610","MANIFEST_BOUND","hmail-perf-pair-delivery-20260901","A83052CA61D7F3853E97522D3F72DDA595DB61811511435D3030E4E230E8B07E","cpp","hmail_perf_pair_cpp_20260831_225556","C:\hmail-perf-pair-delivery-20260901\cpp\Data","B3DF9E8BBF4BEDB1102C94DF7C86356E1FEABCBC02A18E8EABEB1EA1453D09B8","PASS","45FA907CE0D3797C1E13EBB2F03F076A25656CCE27E801C18F745ACD3944FBBD","5136EEC556F9790732AE759EF52F77FE6172329EA55787A80300C4A824107E46","smtp-message-acceptance","457","True","7.083",
"d31ec0dc-985f-4f6c-a10b-26435ecad610","MANIFEST_BOUND","hmail-perf-pair-delivery-20260901","A83052CA61D7F3853E97522D3F72DDA595DB61811511435D3030E4E230E8B07E","cpp","hmail_perf_pair_cpp_20260831_225556","C:\hmail-perf-pair-delivery-20260901\cpp\Data","B3DF9E8BBF4BEDB1102C94DF7C86356E1FEABCBC02A18E8EABEB1EA1453D09B8","PASS","45FA907CE0D3797C1E13EBB2F03F076A25656CCE27E801C18F745ACD3944FBBD","5136EEC556F9790732AE759EF52F77FE6172329EA55787A80300C4A824107E46","smtp-message-acceptance","458","True","7.02",
"d31ec0dc-985f-4f6c-a10b-26435ecad610","MANIFEST_BOUND","hmail-perf-pair-delivery-20260901","A83052CA61D7F3853E97522D3F72DDA595DB61811511435D3030E4E230E8B07E","cpp","hmail_perf_pair_cpp_20260831_225556","C:\hmail-perf-pair-delivery-20260901\cpp\Data","B3DF9E8BBF4BEDB1102C94DF7C86356E1FEABCBC02A18E8EABEB1EA1453D09B8","PASS","45FA907CE0D3797C1E13EBB2F03F076A25656CCE27E801C18F745ACD3944FBBD","5136EEC556F9790732AE759EF52F77FE6172329EA55787A80300C4A824107E46","smtp-message-acceptance","459","True","7.051",
"d31ec0dc-985f-4f6c-a10b-26435ecad610","MANIFEST_BOUND","hmail-perf-pair-delivery-20260901","A83052CA61D7F3853E97522D3F72DDA595DB61811511435D3030E4E230E8B07E","cpp","hmail_perf_pair_cpp_20260831_225556","C:\hmail-perf-pair-delivery-20260901\cpp\Data","B3DF9E8BBF4BEDB1102C94DF7C86356E1FEABCBC02A18E8EABEB1EA1453D09B8","PASS","45FA907CE0D3797C1E13EBB2F03F076A25656CCE27E801C18F745ACD3944FBBD","5136EEC556F9790732AE759EF52F77FE6172329EA55787A80300C4A824107E46","smtp-message-acceptance","460","True","7.566",
"d31ec0dc-985f-4f6c-a10b-26435ecad610","MANIFEST_BOUND","hmail-perf-pair-delivery-20260901","A83052CA61D7F3853E97522D3F72DDA595DB61811511435D3030E4E230E8B07E","cpp","hmail_perf_pair_cpp_20260831_225556","C:\hmail-perf-pair-delivery-20260901\cpp\Data","B3DF9E8BBF4BEDB1102C94DF7C86356E1FEABCBC02A18E8EABEB1EA1453D09B8","PASS","45FA907CE0D3797C1E13EBB2F03F076A25656CCE27E801C18F745ACD3944FBBD","5136EEC556F9790732AE759EF52F77FE6172329EA55787A80300C4A824107E46","smtp-message-acceptance","461","True","6.427",
"d31ec0dc-985f-4f6c-a10b-26435ecad610","MANIFEST_BOUND","hmail-perf-pair-delivery-20260901","A83052CA61D7F3853E97522D3F72DDA595DB61811511435D3030E4E230E8B07E","cpp","hmail_perf_pair_cpp_20260831_225556","C:\hmail-perf-pair-delivery-20260901\cpp\Data","B3DF9E8BBF4BEDB1102C94DF7C86356E1FEABCBC02A18E8EABEB1EA1453D09B8","PASS","45FA907CE0D3797C1E13EBB2F03F076A25656CCE27E801C18F745ACD3944FBBD","5136EEC556F9790732AE759EF52F77FE6172329EA55787A80300C4A824107E46","smtp-message-acceptance","462","True","6.665",
"d31ec0dc-985f-4f6c-a10b-26435ecad610","MANIFEST_BOUND","hmail-perf-pair-delivery-20260901","A83052CA61D7F3853E97522D3F72DDA595DB61811511435D3030E4E230E8B07E","cpp","hmail_perf_pair_cpp_20260831_225556","C:\hmail-perf-pair-delivery-20260901\cpp\Data","B3DF9E8BBF4BEDB1102C94DF7C86356E1FEABCBC02A18E8EABEB1EA1453D09B8","PASS","45FA907CE0D3797C1E13EBB2F03F076A25656CCE27E801C18F745ACD3944FBBD","5136EEC556F9790732AE759EF52F77FE6172329EA55787A80300C4A824107E46","smtp-message-acceptance","463","True","6.459",
"d31ec0dc-985f-4f6c-a10b-26435ecad610","MANIFEST_BOUND","hmail-perf-pair-delivery-20260901","A83052CA61D7F3853E97522D3F72DDA595DB61811511435D3030E4E230E8B07E","cpp","hmail_perf_pair_cpp_20260831_225556","C:\hmail-perf-pair-delivery-20260901\cpp\Data","B3DF9E8BBF4BEDB1102C94DF7C86356E1FEABCBC02A18E8EABEB1EA1453D09B8","PASS","45FA907CE0D3797C1E13EBB2F03F076A25656CCE27E801C18F745ACD3944FBBD","5136EEC556F9790732AE759EF52F77FE6172329EA55787A80300C4A824107E46","smtp-message-acceptance","464","True","6.764",
"d31ec0dc-985f-4f6c-a10b-26435ecad610","MANIFEST_BOUND","hmail-perf-pair-delivery-20260901","A83052CA61D7F3853E97522D3F72DDA595DB61811511435D3030E4E230E8B07E","cpp","hmail_perf_pair_cpp_20260831_225556","C:\hmail-perf-pair-delivery-20260901\cpp\Data","B3DF9E8BBF4BEDB1102C94DF7C86356E1FEABCBC02A18E8EABEB1EA1453D09B8","PASS","45FA907CE0D3797C1E13EBB2F03F076A25656CCE27E801C18F745ACD3944FBBD","5136EEC556F9790732AE759EF52F77FE6172329EA55787A80300C4A824107E46","smtp-message-acceptance","465","True","6.516",
"d31ec0dc-985f-4f6c-a10b-26435ecad610","MANIFEST_BOUND","hmail-perf-pair-delivery-20260901","A83052CA61D7F3853E97522D3F72DDA595DB61811511435D3030E4E230E8B07E","cpp","hmail_perf_pair_cpp_20260831_225556","C:\hmail-perf-pair-delivery-20260901\cpp\Data","B3DF9E8BBF4BEDB1102C94DF7C86356E1FEABCBC02A18E8EABEB1EA1453D09B8","PASS","45FA907CE0D3797C1E13EBB2F03F076A25656CCE27E801C18F745ACD3944FBBD","5136EEC556F9790732AE759EF52F77FE6172329EA55787A80300C4A824107E46","smtp-message-acceptance","466","True","6.676",
"d31ec0dc-985f-4f6c-a10b-26435ecad610","MANIFEST_BOUND","hmail-perf-pair-delivery-20260901","A83052CA61D7F3853E97522D3F72DDA595DB61811511435D3030E4E230E8B07E","cpp","hmail_perf_pair_cpp_20260831_225556","C:\hmail-perf-pair-delivery-20260901\cpp\Data","B3DF9E8BBF4BEDB1102C94DF7C86356E1FEABCBC02A18E8EABEB1EA1453D09B8","PASS","45FA907CE0D3797C1E13EBB2F03F076A25656CCE27E801C18F745ACD3944FBBD","5136EEC556F9790732AE759EF52F77FE6172329EA55787A80300C4A824107E46","smtp-message-acceptance","467","True","6.73",
"d31ec0dc-985f-4f6c-a10b-26435ecad610","MANIFEST_BOUND","hmail-perf-pair-delivery-20260901","A83052CA61D7F3853E97522D3F72DDA595DB61811511435D3030E4E230E8B07E","cpp","hmail_perf_pair_cpp_20260831_225556","C:\hmail-perf-pair-delivery-20260901\cpp\Data","B3DF9E8BBF4BEDB1102C94DF7C86356E1FEABCBC02A18E8EABEB1EA1453D09B8","PASS","45FA907CE0D3797C1E13EBB2F03F076A25656CCE27E801C18F745ACD3944FBBD","5136EEC556F9790732AE759EF52F77FE6172329EA55787A80300C4A824107E46","smtp-message-acceptance","468","True","6.538",
"d31ec0dc-985f-4f6c-a10b-26435ecad610","MANIFEST_BOUND","hmail-perf-pair-delivery-20260901","A83052CA61D7F3853E97522D3F72DDA595DB61811511435D3030E4E230E8B07E","cpp","hmail_perf_pair_cpp_20260831_225556","C:\hmail-perf-pair-delivery-20260901\cpp\Data","B3DF9E8BBF4BEDB1102C94DF7C86356E1FEABCBC02A18E8EABEB1EA1453D09B8","PASS","45FA907CE0D3797C1E13EBB2F03F076A25656CCE27E801C18F745ACD3944FBBD","5136EEC556F9790732AE759EF52F77FE6172329EA55787A80300C4A824107E46","smtp-message-acceptance","469","True","6.396",
"d31ec0dc-985f-4f6c-a10b-26435ecad610","MANIFEST_BOUND","hmail-perf-pair-delivery-20260901","A83052CA61D7F3853E97522D3F72DDA595DB61811511435D3030E4E230E8B07E","cpp","hmail_perf_pair_cpp_20260831_225556","C:\hmail-perf-pair-delivery-20260901\cpp\Data","B3DF9E8BBF4BEDB1102C94DF7C86356E1FEABCBC02A18E8EABEB1EA1453D09B8","PASS","45FA907CE0D3797C1E13EBB2F03F076A25656CCE27E801C18F745ACD3944FBBD","5136EEC556F9790732AE759EF52F77FE6172329EA55787A80300C4A824107E46","smtp-message-acceptance","470","True","6.308",
"d31ec0dc-985f-4f6c-a10b-26435ecad610","MANIFEST_BOUND","hmail-perf-pair-delivery-20260901","A83052CA61D7F3853E97522D3F72DDA595DB61811511435D3030E4E230E8B07E","cpp","hmail_perf_pair_cpp_20260831_225556","C:\hmail-perf-pair-delivery-20260901\cpp\Data","B3DF9E8BBF4BEDB1102C94DF7C86356E1FEABCBC02A18E8EABEB1EA1453D09B8","PASS","45FA907CE0D3797C1E13EBB2F03F076A25656CCE27E801C18F745ACD3944FBBD","5136EEC556F9790732AE759EF52F77FE6172329EA55787A80300C4A824107E46","smtp-message-acceptance","471","True","6.492",
"d31ec0dc-985f-4f6c-a10b-26435ecad610","MANIFEST_BOUND","hmail-perf-pair-delivery-20260901","A83052CA61D7F3853E97522D3F72DDA595DB61811511435D3030E4E230E8B07E","cpp","hmail_perf_pair_cpp_20260831_225556","C:\hmail-perf-pair-delivery-20260901\cpp\Data","B3DF9E8BBF4BEDB1102C94DF7C86356E1FEABCBC02A18E8EABEB1EA1453D09B8","PASS","45FA907CE0D3797C1E13EBB2F03F076A25656CCE27E801C18F745ACD3944FBBD","5136EEC556F9790732AE759EF52F77FE6172329EA55787A80300C4A824107E46","smtp-message-acceptance","472","True","6.446",
"d31ec0dc-985f-4f6c-a10b-26435ecad610","MANIFEST_BOUND","hmail-perf-pair-delivery-20260901","A83052CA61D7F3853E97522D3F72DDA595DB61811511435D3030E4E230E8B07E","cpp","hmail_perf_pair_cpp_20260831_225556","C:\hmail-perf-pair-delivery-20260901\cpp\Data","B3DF9E8BBF4BEDB1102C94DF7C86356E1FEABCBC02A18E8EABEB1EA1453D09B8","PASS","45FA907CE0D3797C1E13EBB2F03F076A25656CCE27E801C18F745ACD3944FBBD","5136EEC556F9790732AE759EF52F77FE6172329EA55787A80300C4A824107E46","smtp-message-acceptance","473","True","6.583",
"d31ec0dc-985f-4f6c-a10b-26435ecad610","MANIFEST_BOUND","hmail-perf-pair-delivery-20260901","A83052CA61D7F3853E97522D3F72DDA595DB61811511435D3030E4E230E8B07E","cpp","hmail_perf_pair_cpp_20260831_225556","C:\hmail-perf-pair-delivery-20260901\cpp\Data","B3DF9E8BBF4BEDB1102C94DF7C86356E1FEABCBC02A18E8EABEB1EA1453D09B8","PASS","45FA907CE0D3797C1E13EBB2F03F076A25656CCE27E801C18F745ACD3944FBBD","5136EEC556F9790732AE759EF52F77FE6172329EA55787A80300C4A824107E46","smtp-message-acceptance","474","True","6.634",
"d31ec0dc-985f-4f6c-a10b-26435ecad610","MANIFEST_BOUND","hmail-perf-pair-delivery-20260901","A83052CA61D7F3853E97522D3F72DDA595DB61811511435D3030E4E230E8B07E","cpp","hmail_perf_pair_cpp_20260831_225556","C:\hmail-perf-pair-delivery-20260901\cpp\Data","B3DF9E8BBF4BEDB1102C94DF7C86356E1FEABCBC02A18E8EABEB1EA1453D09B8","PASS","45FA907CE0D3797C1E13EBB2F03F076A25656CCE27E801C18F745ACD3944FBBD","5136EEC556F9790732AE759EF52F77FE6172329EA55787A80300C4A824107E46","smtp-message-acceptance","475","True","6.708",
"d31ec0dc-985f-4f6c-a10b-26435ecad610","MANIFEST_BOUND","hmail-perf-pair-delivery-20260901","A83052CA61D7F3853E97522D3F72DDA595DB61811511435D3030E4E230E8B07E","cpp","hmail_perf_pair_cpp_20260831_225556","C:\hmail-perf-pair-delivery-20260901\cpp\Data","B3DF9E8BBF4BEDB1102C94DF7C86356E1FEABCBC02A18E8EABEB1EA1453D09B8","PASS","45FA907CE0D3797C1E13EBB2F03F076A25656CCE27E801C18F745ACD3944FBBD","5136EEC556F9790732AE759EF52F77FE6172329EA55787A80300C4A824107E46","smtp-message-acceptance","476","True","6.51",
"d31ec0dc-985f-4f6c-a10b-26435ecad610","MANIFEST_BOUND","hmail-perf-pair-delivery-20260901","A83052CA61D7F3853E97522D3F72DDA595DB61811511435D3030E4E230E8B07E","cpp","hmail_perf_pair_cpp_20260831_225556","C:\hmail-perf-pair-delivery-20260901\cpp\Data","B3DF9E8BBF4BEDB1102C94DF7C86356E1FEABCBC02A18E8EABEB1EA1453D09B8","PASS","45FA907CE0D3797C1E13EBB2F03F076A25656CCE27E801C18F745ACD3944FBBD","5136EEC556F9790732AE759EF52F77FE6172329EA55787A80300C4A824107E46","smtp-message-acceptance","477","True","6.373",
"d31ec0dc-985f-4f6c-a10b-26435ecad610","MANIFEST_BOUND","hmail-perf-pair-delivery-20260901","A83052CA61D7F3853E97522D3F72DDA595DB61811511435D3030E4E230E8B07E","cpp","hmail_perf_pair_cpp_20260831_225556","C:\hmail-perf-pair-delivery-20260901\cpp\Data","B3DF9E8BBF4BEDB1102C94DF7C86356E1FEABCBC02A18E8EABEB1EA1453D09B8","PASS","45FA907CE0D3797C1E13EBB2F03F076A25656CCE27E801C18F745ACD3944FBBD","5136EEC556F9790732AE759EF52F77FE6172329EA55787A80300C4A824107E46","smtp-message-acceptance","478","True","6.932",
"d31ec0dc-985f-4f6c-a10b-26435ecad610","MANIFEST_BOUND","hmail-perf-pair-delivery-20260901","A83052CA61D7F3853E97522D3F72DDA595DB61811511435D3030E4E230E8B07E","cpp","hmail_perf_pair_cpp_20260831_225556","C:\hmail-perf-pair-delivery-20260901\cpp\Data","B3DF9E8BBF4BEDB1102C94DF7C86356E1FEABCBC02A18E8EABEB1EA1453D09B8","PASS","45FA907CE0D3797C1E13EBB2F03F076A25656CCE27E801C18F745ACD3944FBBD","5136EEC556F9790732AE759EF52F77FE6172329EA55787A80300C4A824107E46","smtp-message-acceptance","479","True","6.444",
"d31ec0dc-985f-4f6c-a10b-26435ecad610","MANIFEST_BOUND","hmail-perf-pair-delivery-20260901","A83052CA61D7F3853E97522D3F72DDA595DB61811511435D3030E4E230E8B07E","cpp","hmail_perf_pair_cpp_20260831_225556","C:\hmail-perf-pair-delivery-20260901\cpp\Data","B3DF9E8BBF4BEDB1102C94DF7C86356E1FEABCBC02A18E8EABEB1EA1453D09B8","PASS","45FA907CE0D3797C1E13EBB2F03F076A25656CCE27E801C18F745ACD3944FBBD","5136EEC556F9790732AE759EF52F77FE6172329EA55787A80300C4A824107E46","smtp-message-acceptance","480","True","6.599",
"d31ec0dc-985f-4f6c-a10b-26435ecad610","MANIFEST_BOUND","hmail-perf-pair-delivery-20260901","A83052CA61D7F3853E97522D3F72DDA595DB61811511435D3030E4E230E8B07E","cpp","hmail_perf_pair_cpp_20260831_225556","C:\hmail-perf-pair-delivery-20260901\cpp\Data","B3DF9E8BBF4BEDB1102C94DF7C86356E1FEABCBC02A18E8EABEB1EA1453D09B8","PASS","45FA907CE0D3797C1E13EBB2F03F076A25656CCE27E801C18F745ACD3944FBBD","5136EEC556F9790732AE759EF52F77FE6172329EA55787A80300C4A824107E46","smtp-message-acceptance","481","True","6.788",
"d31ec0dc-985f-4f6c-a10b-26435ecad610","MANIFEST_BOUND","hmail-perf-pair-delivery-20260901","A83052CA61D7F3853E97522D3F72DDA595DB61811511435D3030E4E230E8B07E","cpp","hmail_perf_pair_cpp_20260831_225556","C:\hmail-perf-pair-delivery-20260901\cpp\Data","B3DF9E8BBF4BEDB1102C94DF7C86356E1FEABCBC02A18E8EABEB1EA1453D09B8","PASS","45FA907CE0D3797C1E13EBB2F03F076A25656CCE27E801C18F745ACD3944FBBD","5136EEC556F9790732AE759EF52F77FE6172329EA55787A80300C4A824107E46","smtp-message-acceptance","482","True","6.36",
"d31ec0dc-985f-4f6c-a10b-26435ecad610","MANIFEST_BOUND","hmail-perf-pair-delivery-20260901","A83052CA61D7F3853E97522D3F72DDA595DB61811511435D3030E4E230E8B07E","cpp","hmail_perf_pair_cpp_20260831_225556","C:\hmail-perf-pair-delivery-20260901\cpp\Data","B3DF9E8BBF4BEDB1102C94DF7C86356E1FEABCBC02A18E8EABEB1EA1453D09B8","PASS","45FA907CE0D3797C1E13EBB2F03F076A25656CCE27E801C18F745ACD3944FBBD","5136EEC556F9790732AE759EF52F77FE6172329EA55787A80300C4A824107E46","smtp-message-acceptance","483","True","6.584",
"d31ec0dc-985f-4f6c-a10b-26435ecad610","MANIFEST_BOUND","hmail-perf-pair-delivery-20260901","A83052CA61D7F3853E97522D3F72DDA595DB61811511435D3030E4E230E8B07E","cpp","hmail_perf_pair_cpp_20260831_225556","C:\hmail-perf-pair-delivery-20260901\cpp\Data","B3DF9E8BBF4BEDB1102C94DF7C86356E1FEABCBC02A18E8EABEB1EA1453D09B8","PASS","45FA907CE0D3797C1E13EBB2F03F076A25656CCE27E801C18F745ACD3944FBBD","5136EEC556F9790732AE759EF52F77FE6172329EA55787A80300C4A824107E46","smtp-message-acceptance","484","True","6.581",
"d31ec0dc-985f-4f6c-a10b-26435ecad610","MANIFEST_BOUND","hmail-perf-pair-delivery-20260901","A83052CA61D7F3853E97522D3F72DDA595DB61811511435D3030E4E230E8B07E","cpp","hmail_perf_pair_cpp_20260831_225556","C:\hmail-perf-pair-delivery-20260901\cpp\Data","B3DF9E8BBF4BEDB1102C94DF7C86356E1FEABCBC02A18E8EABEB1EA1453D09B8","PASS","45FA907CE0D3797C1E13EBB2F03F076A25656CCE27E801C18F745ACD3944FBBD","5136EEC556F9790732AE759EF52F77FE6172329EA55787A80300C4A824107E46","smtp-message-acceptance","485","True","6.703",
"d31ec0dc-985f-4f6c-a10b-26435ecad610","MANIFEST_BOUND","hmail-perf-pair-delivery-20260901","A83052CA61D7F3853E97522D3F72DDA595DB61811511435D3030E4E230E8B07E","cpp","hmail_perf_pair_cpp_20260831_225556","C:\hmail-perf-pair-delivery-20260901\cpp\Data","B3DF9E8BBF4BEDB1102C94DF7C86356E1FEABCBC02A18E8EABEB1EA1453D09B8","PASS","45FA907CE0D3797C1E13EBB2F03F076A25656CCE27E801C18F745ACD3944FBBD","5136EEC556F9790732AE759EF52F77FE6172329EA55787A80300C4A824107E46","smtp-message-acceptance","486","True","6.598",
"d31ec0dc-985f-4f6c-a10b-26435ecad610","MANIFEST_BOUND","hmail-perf-pair-delivery-20260901","A83052CA61D7F3853E97522D3F72DDA595DB61811511435D3030E4E230E8B07E","cpp","hmail_perf_pair_cpp_20260831_225556","C:\hmail-perf-pair-delivery-20260901\cpp\Data","B3DF9E8BBF4BEDB1102C94DF7C86356E1FEABCBC02A18E8EABEB1EA1453D09B8","PASS","45FA907CE0D3797C1E13EBB2F03F076A25656CCE27E801C18F745ACD3944FBBD","5136EEC556F9790732AE759EF52F77FE6172329EA55787A80300C4A824107E46","smtp-message-acceptance","487","True","6.273",
"d31ec0dc-985f-4f6c-a10b-26435ecad610","MANIFEST_BOUND","hmail-perf-pair-delivery-20260901","A83052CA61D7F3853E97522D3F72DDA595DB61811511435D3030E4E230E8B07E","cpp","hmail_perf_pair_cpp_20260831_225556","C:\hmail-perf-pair-delivery-20260901\cpp\Data","B3DF9E8BBF4BEDB1102C94DF7C86356E1FEABCBC02A18E8EABEB1EA1453D09B8","PASS","45FA907CE0D3797C1E13EBB2F03F076A25656CCE27E801C18F745ACD3944FBBD","5136EEC556F9790732AE759EF52F77FE6172329EA55787A80300C4A824107E46","smtp-message-acceptance","488","True","6.549",
"d31ec0dc-985f-4f6c-a10b-26435ecad610","MANIFEST_BOUND","hmail-perf-pair-delivery-20260901","A83052CA61D7F3853E97522D3F72DDA595DB61811511435D3030E4E230E8B07E","cpp","hmail_perf_pair_cpp_20260831_225556","C:\hmail-perf-pair-delivery-20260901\cpp\Data","B3DF9E8BBF4BEDB1102C94DF7C86356E1FEABCBC02A18E8EABEB1EA1453D09B8","PASS","45FA907CE0D3797C1E13EBB2F03F076A25656CCE27E801C18F745ACD3944FBBD","5136EEC556F9790732AE759EF52F77FE6172329EA55787A80300C4A824107E46","smtp-message-acceptance","489","True","6.312",
"d31ec0dc-985f-4f6c-a10b-26435ecad610","MANIFEST_BOUND","hmail-perf-pair-delivery-20260901","A83052CA61D7F3853E97522D3F72DDA595DB61811511435D3030E4E230E8B07E","cpp","hmail_perf_pair_cpp_20260831_225556","C:\hmail-perf-pair-delivery-20260901\cpp\Data","B3DF9E8BBF4BEDB1102C94DF7C86356E1FEABCBC02A18E8EABEB1EA1453D09B8","PASS","45FA907CE0D3797C1E13EBB2F03F076A25656CCE27E801C18F745ACD3944FBBD","5136EEC556F9790732AE759EF52F77FE6172329EA55787A80300C4A824107E46","smtp-message-acceptance","490","True","6.341",
"d31ec0dc-985f-4f6c-a10b-26435ecad610","MANIFEST_BOUND","hmail-perf-pair-delivery-20260901","A83052CA61D7F3853E97522D3F72DDA595DB61811511435D3030E4E230E8B07E","cpp","hmail_perf_pair_cpp_20260831_225556","C:\hmail-perf-pair-delivery-20260901\cpp\Data","B3DF9E8BBF4BEDB1102C94DF7C86356E1FEABCBC02A18E8EABEB1EA1453D09B8","PASS","45FA907CE0D3797C1E13EBB2F03F076A25656CCE27E801C18F745ACD3944FBBD","5136EEC556F9790732AE759EF52F77FE6172329EA55787A80300C4A824107E46","smtp-message-acceptance","491","True","6.375",
"d31ec0dc-985f-4f6c-a10b-26435ecad610","MANIFEST_BOUND","hmail-perf-pair-delivery-20260901","A83052CA61D7F3853E97522D3F72DDA595DB61811511435D3030E4E230E8B07E","cpp","hmail_perf_pair_cpp_20260831_225556","C:\hmail-perf-pair-delivery-20260901\cpp\Data","B3DF9E8BBF4BEDB1102C94DF7C86356E1FEABCBC02A18E8EABEB1EA1453D09B8","PASS","45FA907CE0D3797C1E13EBB2F03F076A25656CCE27E801C18F745ACD3944FBBD","5136EEC556F9790732AE759EF52F77FE6172329EA55787A80300C4A824107E46","smtp-message-acceptance","492","True","6.598",
"d31ec0dc-985f-4f6c-a10b-26435ecad610","MANIFEST_BOUND","hmail-perf-pair-delivery-20260901","A83052CA61D7F3853E97522D3F72DDA595DB61811511435D3030E4E230E8B07E","cpp","hmail_perf_pair_cpp_20260831_225556","C:\hmail-perf-pair-delivery-20260901\cpp\Data","B3DF9E8BBF4BEDB1102C94DF7C86356E1FEABCBC02A18E8EABEB1EA1453D09B8","PASS","45FA907CE0D3797C1E13EBB2F03F076A25656CCE27E801C18F745ACD3944FBBD","5136EEC556F9790732AE759EF52F77FE6172329EA55787A80300C4A824107E46","smtp-message-acceptance","493","True","6.868",
"d31ec0dc-985f-4f6c-a10b-26435ecad610","MANIFEST_BOUND","hmail-perf-pair-delivery-20260901","A83052CA61D7F3853E97522D3F72DDA595DB61811511435D3030E4E230E8B07E","cpp","hmail_perf_pair_cpp_20260831_225556","C:\hmail-perf-pair-delivery-20260901\cpp\Data","B3DF9E8BBF4BEDB1102C94DF7C86356E1FEABCBC02A18E8EABEB1EA1453D09B8","PASS","45FA907CE0D3797C1E13EBB2F03F076A25656CCE27E801C18F745ACD3944FBBD","5136EEC556F9790732AE759EF52F77FE6172329EA55787A80300C4A824107E46","smtp-message-acceptance","494","True","7.34",
"d31ec0dc-985f-4f6c-a10b-26435ecad610","MANIFEST_BOUND","hmail-perf-pair-delivery-20260901","A83052CA61D7F3853E97522D3F72DDA595DB61811511435D3030E4E230E8B07E","cpp","hmail_perf_pair_cpp_20260831_225556","C:\hmail-perf-pair-delivery-20260901\cpp\Data","B3DF9E8BBF4BEDB1102C94DF7C86356E1FEABCBC02A18E8EABEB1EA1453D09B8","PASS","45FA907CE0D3797C1E13EBB2F03F076A25656CCE27E801C18F745ACD3944FBBD","5136EEC556F9790732AE759EF52F77FE6172329EA55787A80300C4A824107E46","smtp-message-acceptance","495","True","7.474",
"d31ec0dc-985f-4f6c-a10b-26435ecad610","MANIFEST_BOUND","hmail-perf-pair-delivery-20260901","A83052CA61D7F3853E97522D3F72DDA595DB61811511435D3030E4E230E8B07E","cpp","hmail_perf_pair_cpp_20260831_225556","C:\hmail-perf-pair-delivery-20260901\cpp\Data","B3DF9E8BBF4BEDB1102C94DF7C86356E1FEABCBC02A18E8EABEB1EA1453D09B8","PASS","45FA907CE0D3797C1E13EBB2F03F076A25656CCE27E801C18F745ACD3944FBBD","5136EEC556F9790732AE759EF52F77FE6172329EA55787A80300C4A824107E46","smtp-message-acceptance","496","True","7.517",
"d31ec0dc-985f-4f6c-a10b-26435ecad610","MANIFEST_BOUND","hmail-perf-pair-delivery-20260901","A83052CA61D7F3853E97522D3F72DDA595DB61811511435D3030E4E230E8B07E","cpp","hmail_perf_pair_cpp_20260831_225556","C:\hmail-perf-pair-delivery-20260901\cpp\Data","B3DF9E8BBF4BEDB1102C94DF7C86356E1FEABCBC02A18E8EABEB1EA1453D09B8","PASS","45FA907CE0D3797C1E13EBB2F03F076A25656CCE27E801C18F745ACD3944FBBD","5136EEC556F9790732AE759EF52F77FE6172329EA55787A80300C4A824107E46","smtp-message-acceptance","497","True","6.974",
"d31ec0dc-985f-4f6c-a10b-26435ecad610","MANIFEST_BOUND","hmail-perf-pair-delivery-20260901","A83052CA61D7F3853E97522D3F72DDA595DB61811511435D3030E4E230E8B07E","cpp","hmail_perf_pair_cpp_20260831_225556","C:\hmail-perf-pair-delivery-20260901\cpp\Data","B3DF9E8BBF4BEDB1102C94DF7C86356E1FEABCBC02A18E8EABEB1EA1453D09B8","PASS","45FA907CE0D3797C1E13EBB2F03F076A25656CCE27E801C18F745ACD3944FBBD","5136EEC556F9790732AE759EF52F77FE6172329EA55787A80300C4A824107E46","smtp-message-acceptance","498","True","7.95",
"d31ec0dc-985f-4f6c-a10b-26435ecad610","MANIFEST_BOUND","hmail-perf-pair-delivery-20260901","A83052CA61D7F3853E97522D3F72DDA595DB61811511435D3030E4E230E8B07E","cpp","hmail_perf_pair_cpp_20260831_225556","C:\hmail-perf-pair-delivery-20260901\cpp\Data","B3DF9E8BBF4BEDB1102C94DF7C86356E1FEABCBC02A18E8EABEB1EA1453D09B8","PASS","45FA907CE0D3797C1E13EBB2F03F076A25656CCE27E801C18F745ACD3944FBBD","5136EEC556F9790732AE759EF52F77FE6172329EA55787A80300C4A824107E46","smtp-message-acceptance","499","True","7.501",
"d31ec0dc-985f-4f6c-a10b-26435ecad610","MANIFEST_BOUND","hmail-perf-pair-delivery-20260901","A83052CA61D7F3853E97522D3F72DDA595DB61811511435D3030E4E230E8B07E","cpp","hmail_perf_pair_cpp_20260831_225556","C:\hmail-perf-pair-delivery-20260901\cpp\Data","B3DF9E8BBF4BEDB1102C94DF7C86356E1FEABCBC02A18E8EABEB1EA1453D09B8","PASS","45FA907CE0D3797C1E13EBB2F03F076A25656CCE27E801C18F745ACD3944FBBD","5136EEC556F9790732AE759EF52F77FE6172329EA55787A80300C4A824107E46","smtp-message-acceptance","500","True","6.901",
