"runId","provenanceStatus","fixtureId","manifestSha256","implementation","database","dataRoot","executableSha256","sqlMaxPoolSize","sqlConnectionTimeoutSeconds","probeFanOut","launchStaggerMilliseconds","runStartAttestationStatus","runStartDataSha256","runStartMessageSha256","wave","session","ok","timedOut","ms","error","searchResultValid","searchResultCount","searchExactSequence","sortResultValid","sortResultCount","sortExactSequence"
"ba2af146-0d84-47c8-bc8c-26f21b5c00ab","MANIFEST_BOUND","hmail-perf-pair-100k-20260901","DE4DA2CDCDA01B1BE6D8C9BC98A377167205E940722D2BBCEE98A15A16ACB23A","net10","hmail_perf_pair_net10_20260831_213833","C:\hmail-perf-pair-100k-20260901\net10\Data","EBBF2395E8933C7BACE46AD51D451033745819B4B168934194C43B3B5121FAED","100","15","one TCP client and one sequential IMAP session per sample","0","PASS","E92ED927F40EA825DD551A4BA512B278123451CFAC76F908716AF84199904862","6FDC539CD1D13C7514886E7F7595F7A2A7107313E145AA44C7F0F223DA7B40B8","1","1","True","False","11.841",,"False","0","False","False","0","False"
"ba2af146-0d84-47c8-bc8c-26f21b5c00ab","MANIFEST_BOUND","hmail-perf-pair-100k-20260901","DE4DA2CDCDA01B1BE6D8C9BC98A377167205E940722D2BBCEE98A15A16ACB23A","net10","hmail_perf_pair_net10_20260831_213833","C:\hmail-perf-pair-100k-20260901\net10\Data","EBBF2395E8933C7BACE46AD51D451033745819B4B168934194C43B3B5121FAED","100","15","one TCP client and one sequential IMAP session per sample","0","PASS","E92ED927F40EA825DD551A4BA512B278123451CFAC76F908716AF84199904862","6FDC539CD1D13C7514886E7F7595F7A2A7107313E145AA44C7F0F223DA7B40B8","1","2","True","False","14.344",,"False","0","False","False","0","False"
"ba2af146-0d84-47c8-bc8c-26f21b5c00ab","MANIFEST_BOUND","hmail-perf-pair-100k-20260901","DE4DA2CDCDA01B1BE6D8C9BC98A377167205E940722D2BBCEE98A15A16ACB23A","net10","hmail_perf_pair_net10_20260831_213833","C:\hmail-perf-pair-100k-20260901\net10\Data","EBBF2395E8933C7BACE46AD51D451033745819B4B168934194C43B3B5121FAED","100","15","one TCP client and one sequential IMAP session per sample","0","PASS","E92ED927F40EA825DD551A4BA512B278123451CFAC76F908716AF84199904862","6FDC539CD1D13C7514886E7F7595F7A2A7107313E145AA44C7F0F223DA7B40B8","1","3","True","False","18.147",,"False","0","False","False","0","False"
"ba2af146-0d84-47c8-bc8c-26f21b5c00ab","MANIFEST_BOUND","hmail-perf-pair-100k-20260901","DE4DA2CDCDA01B1BE6D8C9BC98A377167205E940722D2BBCEE98A15A16ACB23A","net10","hmail_perf_pair_net10_20260831_213833","C:\hmail-perf-pair-100k-20260901\net10\Data","EBBF2395E8933C7BACE46AD51D451033745819B4B168934194C43B3B5121FAED","100","15","one TCP client and one sequential IMAP session per sample","0","PASS","E92ED927F40EA825DD551A4BA512B278123451CFAC76F908716AF84199904862","6FDC539CD1D13C7514886E7F7595F7A2A7107313E145AA44C7F0F223DA7B40B8","1","4","True","False","17.217",,"False","0","False","False","0","False"
"ba2af146-0d84-47c8-bc8c-26f21b5c00ab","MANIFEST_BOUND","hmail-perf-pair-100k-20260901","DE4DA2CDCDA01B1BE6D8C9BC98A377167205E940722D2BBCEE98A15A16ACB23A","net10","hmail_perf_pair_net10_20260831_213833","C:\hmail-perf-pair-100k-20260901\net10\Data","EBBF2395E8933C7BACE46AD51D451033745819B4B168934194C43B3B5121FAED","100","15","one TCP client and one sequential IMAP session per sample","0","PASS","E92ED927F40EA825DD551A4BA512B278123451CFAC76F908716AF84199904862","6FDC539CD1D13C7514886E7F7595F7A2A7107313E145AA44C7F0F223DA7B40B8","1","5","True","False","13.033",,"False","0","False","False","0","False"
"ba2af146-0d84-47c8-bc8c-26f21b5c00ab","MANIFEST_BOUND","hmail-perf-pair-100k-20260901","DE4DA2CDCDA01B1BE6D8C9BC98A377167205E940722D2BBCEE98A15A16ACB23A","net10","hmail_perf_pair_net10_20260831_213833","C:\hmail-perf-pair-100k-20260901\net10\Data","EBBF2395E8933C7BACE46AD51D451033745819B4B168934194C43B3B5121FAED","100","15","one TCP client and one sequential IMAP session per sample","0","PASS","E92ED927F40EA825DD551A4BA512B278123451CFAC76F908716AF84199904862","6FDC539CD1D13C7514886E7F7595F7A2A7107313E145AA44C7F0F223DA7B40B8","1","6","True","False","18.378",,"False","0","False","False","0","False"
"ba2af146-0d84-47c8-bc8c-26f21b5c00ab","MANIFEST_BOUND","hmail-perf-pair-100k-20260901","DE4DA2CDCDA01B1BE6D8C9BC98A377167205E940722D2BBCEE98A15A16ACB23A","net10","hmail_perf_pair_net10_20260831_213833","C:\hmail-perf-pair-100k-20260901\net10\Data","EBBF2395E8933C7BACE46AD51D451033745819B4B168934194C43B3B5121FAED","100","15","one TCP client and one sequential IMAP session per sample","0","PASS","E92ED927F40EA825DD551A4BA512B278123451CFAC76F908716AF84199904862","6FDC539CD1D13C7514886E7F7595F7A2A7107313E145AA44C7F0F223DA7B40B8","1","7","True","False","15.118",,"False","0","False","False","0","False"
"ba2af146-0d84-47c8-bc8c-26f21b5c00ab","MANIFEST_BOUND","hmail-perf-pair-100k-20260901","DE4DA2CDCDA01B1BE6D8C9BC98A377167205E940722D2BBCEE98A15A16ACB23A","net10","hmail_perf_pair_net10_20260831_213833","C:\hmail-perf-pair-100k-20260901\net10\Data","EBBF2395E8933C7BACE46AD51D451033745819B4B168934194C43B3B5121FAED","100","15","one TCP client and one sequential IMAP session per sample","0","PASS","E92ED927F40EA825DD551A4BA512B278123451CFAC76F908716AF84199904862","6FDC539CD1D13C7514886E7F7595F7A2A7107313E145AA44C7F0F223DA7B40B8","1","8","True","False","15.382",,"False","0","False","False","0","False"
"ba2af146-0d84-47c8-bc8c-26f21b5c00ab","MANIFEST_BOUND","hmail-perf-pair-100k-20260901","DE4DA2CDCDA01B1BE6D8C9BC98A377167205E940722D2BBCEE98A15A16ACB23A","net10","hmail_perf_pair_net10_20260831_213833","C:\hmail-perf-pair-100k-20260901\net10\Data","EBBF2395E8933C7BACE46AD51D451033745819B4B168934194C43B3B5121FAED","100","15","one TCP client and one sequential IMAP session per sample","0","PASS","E92ED927F40EA825DD551A4BA512B278123451CFAC76F908716AF84199904862","6FDC539CD1D13C7514886E7F7595F7A2A7107313E145AA44C7F0F223DA7B40B8","1","9","True","False","17.477",,"False","0","False","False","0","False"
"ba2af146-0d84-47c8-bc8c-26f21b5c00ab","MANIFEST_BOUND","hmail-perf-pair-100k-20260901","DE4DA2CDCDA01B1BE6D8C9BC98A377167205E940722D2BBCEE98A15A16ACB23A","net10","hmail_perf_pair_net10_20260831_213833","C:\hmail-perf-pair-100k-20260901\net10\Data","EBBF2395E8933C7BACE46AD51D451033745819B4B168934194C43B3B5121FAED","100","15","one TCP client and one sequential IMAP session per sample","0","PASS","E92ED927F40EA825DD551A4BA512B278123451CFAC76F908716AF84199904862","6FDC539CD1D13C7514886E7F7595F7A2A7107313E145AA44C7F0F223DA7B40B8","1","10","True","False","21.954",,"False","0","False","False","0","False"
"ba2af146-0d84-47c8-bc8c-26f21b5c00ab","MANIFEST_BOUND","hmail-perf-pair-100k-20260901","DE4DA2CDCDA01B1BE6D8C9BC98A377167205E940722D2BBCEE98A15A16ACB23A","net10","hmail_perf_pair_net10_20260831_213833","C:\hmail-perf-pair-100k-20260901\net10\Data","EBBF2395E8933C7BACE46AD51D451033745819B4B168934194C43B3B5121FAED","100","15","one TCP client and one sequential IMAP session per sample","0","PASS","E92ED927F40EA825DD551A4BA512B278123451CFAC76F908716AF84199904862","6FDC539CD1D13C7514886E7F7595F7A2A7107313E145AA44C7F0F223DA7B40B8","1","11","True","False","18.679",,"False","0","False","False","0","False"
"ba2af146-0d84-47c8-bc8c-26f21b5c00ab","MANIFEST_BOUND","hmail-perf-pair-100k-20260901","DE4DA2CDCDA01B1BE6D8C9BC98A377167205E940722D2BBCEE98A15A16ACB23A","net10","hmail_perf_pair_net10_20260831_213833","C:\hmail-perf-pair-100k-20260901\net10\Data","EBBF2395E8933C7BACE46AD51D451033745819B4B168934194C43B3B5121FAED","100","15","one TCP client and one sequential IMAP session per sample","0","PASS","E92ED927F40EA825DD551A4BA512B278123451CFAC76F908716AF84199904862","6FDC539CD1D13C7514886E7F7595F7A2A7107313E145AA44C7F0F223DA7B40B8","1","12","True","False","16.169",,"False","0","False","False","0","False"
"ba2af146-0d84-47c8-bc8c-26f21b5c00ab","MANIFEST_BOUND","hmail-perf-pair-100k-20260901","DE4DA2CDCDA01B1BE6D8C9BC98A377167205E940722D2BBCEE98A15A16ACB23A","net10","hmail_perf_pair_net10_20260831_213833","C:\hmail-perf-pair-100k-20260901\net10\Data","EBBF2395E8933C7BACE46AD51D451033745819B4B168934194C43B3B5121FAED","100","15","one TCP client and one sequential IMAP session per sample","0","PASS","E92ED927F40EA825DD551A4BA512B278123451CFAC76F908716AF84199904862","6FDC539CD1D13C7514886E7F7595F7A2A7107313E145AA44C7F0F223DA7B40B8","1","13","True","False","15.199",,"False","0","False","False","0","False"
"ba2af146-0d84-47c8-bc8c-26f21b5c00ab","MANIFEST_BOUND","hmail-perf-pair-100k-20260901","DE4DA2CDCDA01B1BE6D8C9BC98A377167205E940722D2BBCEE98A15A16ACB23A","net10","hmail_perf_pair_net10_20260831_213833","C:\hmail-perf-pair-100k-20260901\net10\Data","EBBF2395E8933C7BACE46AD51D451033745819B4B168934194C43B3B5121FAED","100","15","one TCP client and one sequential IMAP session per sample","0","PASS","E92ED927F40EA825DD551A4BA512B278123451CFAC76F908716AF84199904862","6FDC539CD1D13C7514886E7F7595F7A2A7107313E145AA44C7F0F223DA7B40B8","1","14","True","False","16.923",,"False","0","False","False","0","False"
"ba2af146-0d84-47c8-bc8c-26f21b5c00ab","MANIFEST_BOUND","hmail-perf-pair-100k-20260901","DE4DA2CDCDA01B1BE6D8C9BC98A377167205E940722D2BBCEE98A15A16ACB23A","net10","hmail_perf_pair_net10_20260831_213833","C:\hmail-perf-pair-100k-20260901\net10\Data","EBBF2395E8933C7BACE46AD51D451033745819B4B168934194C43B3B5121FAED","100","15","one TCP client and one sequential IMAP session per sample","0","PASS","E92ED927F40EA825DD551A4BA512B278123451CFAC76F908716AF84199904862","6FDC539CD1D13C7514886E7F7595F7A2A7107313E145AA44C7F0F223DA7B40B8","1","15","True","False","14.994",,"False","0","False","False","0","False"
"ba2af146-0d84-47c8-bc8c-26f21b5c00ab","MANIFEST_BOUND","hmail-perf-pair-100k-20260901","DE4DA2CDCDA01B1BE6D8C9BC98A377167205E940722D2BBCEE98A15A16ACB23A","net10","hmail_perf_pair_net10_20260831_213833","C:\hmail-perf-pair-100k-20260901\net10\Data","EBBF2395E8933C7BACE46AD51D451033745819B4B168934194C43B3B5121FAED","100","15","one TCP client and one sequential IMAP session per sample","0","PASS","E92ED927F40EA825DD551A4BA512B278123451CFAC76F908716AF84199904862","6FDC539CD1D13C7514886E7F7595F7A2A7107313E145AA44C7F0F223DA7B40B8","1","16","True","False","16.982",,"False","0","False","False","0","False"
"ba2af146-0d84-47c8-bc8c-26f21b5c00ab","MANIFEST_BOUND","hmail-perf-pair-100k-20260901","DE4DA2CDCDA01B1BE6D8C9BC98A377167205E940722D2BBCEE98A15A16ACB23A","net10","hmail_perf_pair_net10_20260831_213833","C:\hmail-perf-pair-100k-20260901\net10\Data","EBBF2395E8933C7BACE46AD51D451033745819B4B168934194C43B3B5121FAED","100","15","one TCP client and one sequential IMAP session per sample","0","PASS","E92ED927F40EA825DD551A4BA512B278123451CFAC76F908716AF84199904862","6FDC539CD1D13C7514886E7F7595F7A2A7107313E145AA44C7F0F223DA7B40B8","1","17","True","False","18.112",,"False","0","False","False","0","False"
"ba2af146-0d84-47c8-bc8c-26f21b5c00ab","MANIFEST_BOUND","hmail-perf-pair-100k-20260901","DE4DA2CDCDA01B1BE6D8C9BC98A377167205E940722D2BBCEE98A15A16ACB23A","net10","hmail_perf_pair_net10_20260831_213833","C:\hmail-perf-pair-100k-20260901\net10\Data","EBBF2395E8933C7BACE46AD51D451033745819B4B168934194C43B3B5121FAED","100","15","one TCP client and one sequential IMAP session per sample","0","PASS","E92ED927F40EA825DD551A4BA512B278123451CFAC76F908716AF84199904862","6FDC539CD1D13C7514886E7F7595F7A2A7107313E145AA44C7F0F223DA7B40B8","1","18","True","False","13.961",,"False","0","False","False","0","False"
"ba2af146-0d84-47c8-bc8c-26f21b5c00ab","MANIFEST_BOUND","hmail-perf-pair-100k-20260901","DE4DA2CDCDA01B1BE6D8C9BC98A377167205E940722D2BBCEE98A15A16ACB23A","net10","hmail_perf_pair_net10_20260831_213833","C:\hmail-perf-pair-100k-20260901\net10\Data","EBBF2395E8933C7BACE46AD51D451033745819B4B168934194C43B3B5121FAED","100","15","one TCP client and one sequential IMAP session per sample","0","PASS","E92ED927F40EA825DD551A4BA512B278123451CFAC76F908716AF84199904862","6FDC539CD1D13C7514886E7F7595F7A2A7107313E145AA44C7F0F223DA7B40B8","1","19","True","False","11.94",,"False","0","False","False","0","False"
"ba2af146-0d84-47c8-bc8c-26f21b5c00ab","MANIFEST_BOUND","hmail-perf-pair-100k-20260901","DE4DA2CDCDA01B1BE6D8C9BC98A377167205E940722D2BBCEE98A15A16ACB23A","net10","hmail_perf_pair_net10_20260831_213833","C:\hmail-perf-pair-100k-20260901\net10\Data","EBBF2395E8933C7BACE46AD51D451033745819B4B168934194C43B3B5121FAED","100","15","one TCP client and one sequential IMAP session per sample","0","PASS","E92ED927F40EA825DD551A4BA512B278123451CFAC76F908716AF84199904862","6FDC539CD1D13C7514886E7F7595F7A2A7107313E145AA44C7F0F223DA7B40B8","1","20","True","False","19.197",,"False","0","False","False","0","False"
"ba2af146-0d84-47c8-bc8c-26f21b5c00ab","MANIFEST_BOUND","hmail-perf-pair-100k-20260901","DE4DA2CDCDA01B1BE6D8C9BC98A377167205E940722D2BBCEE98A15A16ACB23A","net10","hmail_perf_pair_net10_20260831_213833","C:\hmail-perf-pair-100k-20260901\net10\Data","EBBF2395E8933C7BACE46AD51D451033745819B4B168934194C43B3B5121FAED","100","15","one TCP client and one sequential IMAP session per sample","0","PASS","E92ED927F40EA825DD551A4BA512B278123451CFAC76F908716AF84199904862","6FDC539CD1D13C7514886E7F7595F7A2A7107313E145AA44C7F0F223DA7B40B8","1","21","True","False","18.171",,"False","0","False","False","0","False"
"ba2af146-0d84-47c8-bc8c-26f21b5c00ab","MANIFEST_BOUND","hmail-perf-pair-100k-20260901","DE4DA2CDCDA01B1BE6D8C9BC98A377167205E940722D2BBCEE98A15A16ACB23A","net10","hmail_perf_pair_net10_20260831_213833","C:\hmail-perf-pair-100k-20260901\net10\Data","EBBF2395E8933C7BACE46AD51D451033745819B4B168934194C43B3B5121FAED","100","15","one TCP client and one sequential IMAP session per sample","0","PASS","E92ED927F40EA825DD551A4BA512B278123451CFAC76F908716AF84199904862","6FDC539CD1D13C7514886E7F7595F7A2A7107313E145AA44C7F0F223DA7B40B8","1","22","True","False","18.004",,"False","0","False","False","0","False"
"ba2af146-0d84-47c8-bc8c-26f21b5c00ab","MANIFEST_BOUND","hmail-perf-pair-100k-20260901","DE4DA2CDCDA01B1BE6D8C9BC98A377167205E940722D2BBCEE98A15A16ACB23A","net10","hmail_perf_pair_net10_20260831_213833","C:\hmail-perf-pair-100k-20260901\net10\Data","EBBF2395E8933C7BACE46AD51D451033745819B4B168934194C43B3B5121FAED","100","15","one TCP client and one sequential IMAP session per sample","0","PASS","E92ED927F40EA825DD551A4BA512B278123451CFAC76F908716AF84199904862","6FDC539CD1D13C7514886E7F7595F7A2A7107313E145AA44C7F0F223DA7B40B8","1","23","True","False","18.23",,"False","0","False","False","0","False"
"ba2af146-0d84-47c8-bc8c-26f21b5c00ab","MANIFEST_BOUND","hmail-perf-pair-100k-20260901","DE4DA2CDCDA01B1BE6D8C9BC98A377167205E940722D2BBCEE98A15A16ACB23A","net10","hmail_perf_pair_net10_20260831_213833","C:\hmail-perf-pair-100k-20260901\net10\Data","EBBF2395E8933C7BACE46AD51D451033745819B4B168934194C43B3B5121FAED","100","15","one TCP client and one sequential IMAP session per sample","0","PASS","E92ED927F40EA825DD551A4BA512B278123451CFAC76F908716AF84199904862","6FDC539CD1D13C7514886E7F7595F7A2A7107313E145AA44C7F0F223DA7B40B8","1","24","True","False","18.051",,"False","0","False","False","0","False"
"ba2af146-0d84-47c8-bc8c-26f21b5c00ab","MANIFEST_BOUND","hmail-perf-pair-100k-20260901","DE4DA2CDCDA01B1BE6D8C9BC98A377167205E940722D2BBCEE98A15A16ACB23A","net10","hmail_perf_pair_net10_20260831_213833","C:\hmail-perf-pair-100k-20260901\net10\Data","EBBF2395E8933C7BACE46AD51D451033745819B4B168934194C43B3B5121FAED","100","15","one TCP client and one sequential IMAP session per sample","0","PASS","E92ED927F40EA825DD551A4BA512B278123451CFAC76F908716AF84199904862","6FDC539CD1D13C7514886E7F7595F7A2A7107313E145AA44C7F0F223DA7B40B8","1","25","True","False","18.289",,"False","0","False","False","0","False"
"ba2af146-0d84-47c8-bc8c-26f21b5c00ab","MANIFEST_BOUND","hmail-perf-pair-100k-20260901","DE4DA2CDCDA01B1BE6D8C9BC98A377167205E940722D2BBCEE98A15A16ACB23A","net10","hmail_perf_pair_net10_20260831_213833","C:\hmail-perf-pair-100k-20260901\net10\Data","EBBF2395E8933C7BACE46AD51D451033745819B4B168934194C43B3B5121FAED","100","15","one TCP client and one sequential IMAP session per sample","0","PASS","E92ED927F40EA825DD551A4BA512B278123451CFAC76F908716AF84199904862","6FDC539CD1D13C7514886E7F7595F7A2A7107313E145AA44C7F0F223DA7B40B8","1","26","True","False","16.045",,"False","0","False","False","0","False"
"ba2af146-0d84-47c8-bc8c-26f21b5c00ab","MANIFEST_BOUND","hmail-perf-pair-100k-20260901","DE4DA2CDCDA01B1BE6D8C9BC98A377167205E940722D2BBCEE98A15A16ACB23A","net10","hmail_perf_pair_net10_20260831_213833","C:\hmail-perf-pair-100k-20260901\net10\Data","EBBF2395E8933C7BACE46AD51D451033745819B4B168934194C43B3B5121FAED","100","15","one TCP client and one sequential IMAP session per sample","0","PASS","E92ED927F40EA825DD551A4BA512B278123451CFAC76F908716AF84199904862","6FDC539CD1D13C7514886E7F7595F7A2A7107313E145AA44C7F0F223DA7B40B8","1","27","True","False","15.894",,"False","0","False","False","0","False"
"ba2af146-0d84-47c8-bc8c-26f21b5c00ab","MANIFEST_BOUND","hmail-perf-pair-100k-20260901","DE4DA2CDCDA01B1BE6D8C9BC98A377167205E940722D2BBCEE98A15A16ACB23A","net10","hmail_perf_pair_net10_20260831_213833","C:\hmail-perf-pair-100k-20260901\net10\Data","EBBF2395E8933C7BACE46AD51D451033745819B4B168934194C43B3B5121FAED","100","15","one TCP client and one sequential IMAP session per sample","0","PASS","E92ED927F40EA825DD551A4BA512B278123451CFAC76F908716AF84199904862","6FDC539CD1D13C7514886E7F7595F7A2A7107313E145AA44C7F0F223DA7B40B8","1","28","True","False","18.32",,"False","0","False","False","0","False"
"ba2af146-0d84-47c8-bc8c-26f21b5c00ab","MANIFEST_BOUND","hmail-perf-pair-100k-20260901","DE4DA2CDCDA01B1BE6D8C9BC98A377167205E940722D2BBCEE98A15A16ACB23A","net10","hmail_perf_pair_net10_20260831_213833","C:\hmail-perf-pair-100k-20260901\net10\Data","EBBF2395E8933C7BACE46AD51D451033745819B4B168934194C43B3B5121FAED","100","15","one TCP client and one sequential IMAP session per sample","0","PASS","E92ED927F40EA825DD551A4BA512B278123451CFAC76F908716AF84199904862","6FDC539CD1D13C7514886E7F7595F7A2A7107313E145AA44C7F0F223DA7B40B8","1","29","True","False","18.065",,"False","0","False","False","0","False"
"ba2af146-0d84-47c8-bc8c-26f21b5c00ab","MANIFEST_BOUND","hmail-perf-pair-100k-20260901","DE4DA2CDCDA01B1BE6D8C9BC98A377167205E940722D2BBCEE98A15A16ACB23A","net10","hmail_perf_pair_net10_20260831_213833","C:\hmail-perf-pair-100k-20260901\net10\Data","EBBF2395E8933C7BACE46AD51D451033745819B4B168934194C43B3B5121FAED","100","15","one TCP client and one sequential IMAP session per sample","0","PASS","E92ED927F40EA825DD551A4BA512B278123451CFAC76F908716AF84199904862","6FDC539CD1D13C7514886E7F7595F7A2A7107313E145AA44C7F0F223DA7B40B8","1","30","True","False","18.253",,"False","0","False","False","0","False"
"ba2af146-0d84-47c8-bc8c-26f21b5c00ab","MANIFEST_BOUND","hmail-perf-pair-100k-20260901","DE4DA2CDCDA01B1BE6D8C9BC98A377167205E940722D2BBCEE98A15A16ACB23A","net10","hmail_perf_pair_net10_20260831_213833","C:\hmail-perf-pair-100k-20260901\net10\Data","EBBF2395E8933C7BACE46AD51D451033745819B4B168934194C43B3B5121FAED","100","15","one TCP client and one sequential IMAP session per sample","0","PASS","E92ED927F40EA825DD551A4BA512B278123451CFAC76F908716AF84199904862","6FDC539CD1D13C7514886E7F7595F7A2A7107313E145AA44C7F0F223DA7B40B8","1","31","True","False","13.344",,"False","0","False","False","0","False"
"ba2af146-0d84-47c8-bc8c-26f21b5c00ab","MANIFEST_BOUND","hmail-perf-pair-100k-20260901","DE4DA2CDCDA01B1BE6D8C9BC98A377167205E940722D2BBCEE98A15A16ACB23A","net10","hmail_perf_pair_net10_20260831_213833","C:\hmail-perf-pair-100k-20260901\net10\Data","EBBF2395E8933C7BACE46AD51D451033745819B4B168934194C43B3B5121FAED","100","15","one TCP client and one sequential IMAP session per sample","0","PASS","E92ED927F40EA825DD551A4BA512B278123451CFAC76F908716AF84199904862","6FDC539CD1D13C7514886E7F7595F7A2A7107313E145AA44C7F0F223DA7B40B8","1","32","True","False","12.575",,"False","0","False","False","0","False"
"ba2af146-0d84-47c8-bc8c-26f21b5c00ab","MANIFEST_BOUND","hmail-perf-pair-100k-20260901","DE4DA2CDCDA01B1BE6D8C9BC98A377167205E940722D2BBCEE98A15A16ACB23A","net10","hmail_perf_pair_net10_20260831_213833","C:\hmail-perf-pair-100k-20260901\net10\Data","EBBF2395E8933C7BACE46AD51D451033745819B4B168934194C43B3B5121FAED","100","15","one TCP client and one sequential IMAP session per sample","0","PASS","E92ED927F40EA825DD551A4BA512B278123451CFAC76F908716AF84199904862","6FDC539CD1D13C7514886E7F7595F7A2A7107313E145AA44C7F0F223DA7B40B8","1","33","True","False","16.409",,"False","0","False","False","0","False"
"ba2af146-0d84-47c8-bc8c-26f21b5c00ab","MANIFEST_BOUND","hmail-perf-pair-100k-20260901","DE4DA2CDCDA01B1BE6D8C9BC98A377167205E940722D2BBCEE98A15A16ACB23A","net10","hmail_perf_pair_net10_20260831_213833","C:\hmail-perf-pair-100k-20260901\net10\Data","EBBF2395E8933C7BACE46AD51D451033745819B4B168934194C43B3B5121FAED","100","15","one TCP client and one sequential IMAP session per sample","0","PASS","E92ED927F40EA825DD551A4BA512B278123451CFAC76F908716AF84199904862","6FDC539CD1D13C7514886E7F7595F7A2A7107313E145AA44C7F0F223DA7B40B8","1","34","True","False","14.218",,"False","0","False","False","0","False"
"ba2af146-0d84-47c8-bc8c-26f21b5c00ab","MANIFEST_BOUND","hmail-perf-pair-100k-20260901","DE4DA2CDCDA01B1BE6D8C9BC98A377167205E940722D2BBCEE98A15A16ACB23A","net10","hmail_perf_pair_net10_20260831_213833","C:\hmail-perf-pair-100k-20260901\net10\Data","EBBF2395E8933C7BACE46AD51D451033745819B4B168934194C43B3B5121FAED","100","15","one TCP client and one sequential IMAP session per sample","0","PASS","E92ED927F40EA825DD551A4BA512B278123451CFAC76F908716AF84199904862","6FDC539CD1D13C7514886E7F7595F7A2A7107313E145AA44C7F0F223DA7B40B8","1","35","True","False","13.834",,"False","0","False","False","0","False"
"ba2af146-0d84-47c8-bc8c-26f21b5c00ab","MANIFEST_BOUND","hmail-perf-pair-100k-20260901","DE4DA2CDCDA01B1BE6D8C9BC98A377167205E940722D2BBCEE98A15A16ACB23A","net10","hmail_perf_pair_net10_20260831_213833","C:\hmail-perf-pair-100k-20260901\net10\Data","EBBF2395E8933C7BACE46AD51D451033745819B4B168934194C43B3B5121FAED","100","15","one TCP client and one sequential IMAP session per sample","0","PASS","E92ED927F40EA825DD551A4BA512B278123451CFAC76F908716AF84199904862","6FDC539CD1D13C7514886E7F7595F7A2A7107313E145AA44C7F0F223DA7B40B8","1","36","True","False","13.426",,"False","0","False","False","0","False"
"ba2af146-0d84-47c8-bc8c-26f21b5c00ab","MANIFEST_BOUND","hmail-perf-pair-100k-20260901","DE4DA2CDCDA01B1BE6D8C9BC98A377167205E940722D2BBCEE98A15A16ACB23A","net10","hmail_perf_pair_net10_20260831_213833","C:\hmail-perf-pair-100k-20260901\net10\Data","EBBF2395E8933C7BACE46AD51D451033745819B4B168934194C43B3B5121FAED","100","15","one TCP client and one sequential IMAP session per sample","0","PASS","E92ED927F40EA825DD551A4BA512B278123451CFAC76F908716AF84199904862","6FDC539CD1D13C7514886E7F7595F7A2A7107313E145AA44C7F0F223DA7B40B8","1","37","True","False","12.954",,"False","0","False","False","0","False"
"ba2af146-0d84-47c8-bc8c-26f21b5c00ab","MANIFEST_BOUND","hmail-perf-pair-100k-20260901","DE4DA2CDCDA01B1BE6D8C9BC98A377167205E940722D2BBCEE98A15A16ACB23A","net10","hmail_perf_pair_net10_20260831_213833","C:\hmail-perf-pair-100k-20260901\net10\Data","EBBF2395E8933C7BACE46AD51D451033745819B4B168934194C43B3B5121FAED","100","15","one TCP client and one sequential IMAP session per sample","0","PASS","E92ED927F40EA825DD551A4BA512B278123451CFAC76F908716AF84199904862","6FDC539CD1D13C7514886E7F7595F7A2A7107313E145AA44C7F0F223DA7B40B8","1","38","True","False","12.156",,"False","0","False","False","0","False"
"ba2af146-0d84-47c8-bc8c-26f21b5c00ab","MANIFEST_BOUND","hmail-perf-pair-100k-20260901","DE4DA2CDCDA01B1BE6D8C9BC98A377167205E940722D2BBCEE98A15A16ACB23A","net10","hmail_perf_pair_net10_20260831_213833","C:\hmail-perf-pair-100k-20260901\net10\Data","EBBF2395E8933C7BACE46AD51D451033745819B4B168934194C43B3B5121FAED","100","15","one TCP client and one sequential IMAP session per sample","0","PASS","E92ED927F40EA825DD551A4BA512B278123451CFAC76F908716AF84199904862","6FDC539CD1D13C7514886E7F7595F7A2A7107313E145AA44C7F0F223DA7B40B8","1","39","True","False","21.892",,"False","0","False","False","0","False"
"ba2af146-0d84-47c8-bc8c-26f21b5c00ab","MANIFEST_BOUND","hmail-perf-pair-100k-20260901","DE4DA2CDCDA01B1BE6D8C9BC98A377167205E940722D2BBCEE98A15A16ACB23A","net10","hmail_perf_pair_net10_20260831_213833","C:\hmail-perf-pair-100k-20260901\net10\Data","EBBF2395E8933C7BACE46AD51D451033745819B4B168934194C43B3B5121FAED","100","15","one TCP client and one sequential IMAP session per sample","0","PASS","E92ED927F40EA825DD551A4BA512B278123451CFAC76F908716AF84199904862","6FDC539CD1D13C7514886E7F7595F7A2A7107313E145AA44C7F0F223DA7B40B8","1","40","True","False","11.975",,"False","0","False","False","0","False"
"ba2af146-0d84-47c8-bc8c-26f21b5c00ab","MANIFEST_BOUND","hmail-perf-pair-100k-20260901","DE4DA2CDCDA01B1BE6D8C9BC98A377167205E940722D2BBCEE98A15A16ACB23A","net10","hmail_perf_pair_net10_20260831_213833","C:\hmail-perf-pair-100k-20260901\net10\Data","EBBF2395E8933C7BACE46AD51D451033745819B4B168934194C43B3B5121FAED","100","15","one TCP client and one sequential IMAP session per sample","0","PASS","E92ED927F40EA825DD551A4BA512B278123451CFAC76F908716AF84199904862","6FDC539CD1D13C7514886E7F7595F7A2A7107313E145AA44C7F0F223DA7B40B8","1","41","True","False","11.766",,"False","0","False","False","0","False"
"ba2af146-0d84-47c8-bc8c-26f21b5c00ab","MANIFEST_BOUND","hmail-perf-pair-100k-20260901","DE4DA2CDCDA01B1BE6D8C9BC98A377167205E940722D2BBCEE98A15A16ACB23A","net10","hmail_perf_pair_net10_20260831_213833","C:\hmail-perf-pair-100k-20260901\net10\Data","EBBF2395E8933C7BACE46AD51D451033745819B4B168934194C43B3B5121FAED","100","15","one TCP client and one sequential IMAP session per sample","0","PASS","E92ED927F40EA825DD551A4BA512B278123451CFAC76F908716AF84199904862","6FDC539CD1D13C7514886E7F7595F7A2A7107313E145AA44C7F0F223DA7B40B8","1","42","True","False","11.523",,"False","0","False","False","0","False"
"ba2af146-0d84-47c8-bc8c-26f21b5c00ab","MANIFEST_BOUND","hmail-perf-pair-100k-20260901","DE4DA2CDCDA01B1BE6D8C9BC98A377167205E940722D2BBCEE98A15A16ACB23A","net10","hmail_perf_pair_net10_20260831_213833","C:\hmail-perf-pair-100k-20260901\net10\Data","EBBF2395E8933C7BACE46AD51D451033745819B4B168934194C43B3B5121FAED","100","15","one TCP client and one sequential IMAP session per sample","0","PASS","E92ED927F40EA825DD551A4BA512B278123451CFAC76F908716AF84199904862","6FDC539CD1D13C7514886E7F7595F7A2A7107313E145AA44C7F0F223DA7B40B8","1","43","True","False","11.461",,"False","0","False","False","0","False"
"ba2af146-0d84-47c8-bc8c-26f21b5c00ab","MANIFEST_BOUND","hmail-perf-pair-100k-20260901","DE4DA2CDCDA01B1BE6D8C9BC98A377167205E940722D2BBCEE98A15A16ACB23A","net10","hmail_perf_pair_net10_20260831_213833","C:\hmail-perf-pair-100k-20260901\net10\Data","EBBF2395E8933C7BACE46AD51D451033745819B4B168934194C43B3B5121FAED","100","15","one TCP client and one sequential IMAP session per sample","0","PASS","E92ED927F40EA825DD551A4BA512B278123451CFAC76F908716AF84199904862","6FDC539CD1D13C7514886E7F7595F7A2A7107313E145AA44C7F0F223DA7B40B8","1","44","True","False","11.609",,"False","0","False","False","0","False"
"ba2af146-0d84-47c8-bc8c-26f21b5c00ab","MANIFEST_BOUND","hmail-perf-pair-100k-20260901","DE4DA2CDCDA01B1BE6D8C9BC98A377167205E940722D2BBCEE98A15A16ACB23A","net10","hmail_perf_pair_net10_20260831_213833","C:\hmail-perf-pair-100k-20260901\net10\Data","EBBF2395E8933C7BACE46AD51D451033745819B4B168934194C43B3B5121FAED","100","15","one TCP client and one sequential IMAP session per sample","0","PASS","E92ED927F40EA825DD551A4BA512B278123451CFAC76F908716AF84199904862","6FDC539CD1D13C7514886E7F7595F7A2A7107313E145AA44C7F0F223DA7B40B8","1","45","True","False","13.335",,"False","0","False","False","0","False"
"ba2af146-0d84-47c8-bc8c-26f21b5c00ab","MANIFEST_BOUND","hmail-perf-pair-100k-20260901","DE4DA2CDCDA01B1BE6D8C9BC98A377167205E940722D2BBCEE98A15A16ACB23A","net10","hmail_perf_pair_net10_20260831_213833","C:\hmail-perf-pair-100k-20260901\net10\Data","EBBF2395E8933C7BACE46AD51D451033745819B4B168934194C43B3B5121FAED","100","15","one TCP client and one sequential IMAP session per sample","0","PASS","E92ED927F40EA825DD551A4BA512B278123451CFAC76F908716AF84199904862","6FDC539CD1D13C7514886E7F7595F7A2A7107313E145AA44C7F0F223DA7B40B8","1","46","True","False","13.375",,"False","0","False","False","0","False"
"ba2af146-0d84-47c8-bc8c-26f21b5c00ab","MANIFEST_BOUND","hmail-perf-pair-100k-20260901","DE4DA2CDCDA01B1BE6D8C9BC98A377167205E940722D2BBCEE98A15A16ACB23A","net10","hmail_perf_pair_net10_20260831_213833","C:\hmail-perf-pair-100k-20260901\net10\Data","EBBF2395E8933C7BACE46AD51D451033745819B4B168934194C43B3B5121FAED","100","15","one TCP client and one sequential IMAP session per sample","0","PASS","E92ED927F40EA825DD551A4BA512B278123451CFAC76F908716AF84199904862","6FDC539CD1D13C7514886E7F7595F7A2A7107313E145AA44C7F0F223DA7B40B8","1","47","True","False","13.721",,"False","0","False","False","0","False"
"ba2af146-0d84-47c8-bc8c-26f21b5c00ab","MANIFEST_BOUND","hmail-perf-pair-100k-20260901","DE4DA2CDCDA01B1BE6D8C9BC98A377167205E940722D2BBCEE98A15A16ACB23A","net10","hmail_perf_pair_net10_20260831_213833","C:\hmail-perf-pair-100k-20260901\net10\Data","EBBF2395E8933C7BACE46AD51D451033745819B4B168934194C43B3B5121FAED","100","15","one TCP client and one sequential IMAP session per sample","0","PASS","E92ED927F40EA825DD551A4BA512B278123451CFAC76F908716AF84199904862","6FDC539CD1D13C7514886E7F7595F7A2A7107313E145AA44C7F0F223DA7B40B8","1","48","True","False","13.436",,"False","0","False","False","0","False"
"ba2af146-0d84-47c8-bc8c-26f21b5c00ab","MANIFEST_BOUND","hmail-perf-pair-100k-20260901","DE4DA2CDCDA01B1BE6D8C9BC98A377167205E940722D2BBCEE98A15A16ACB23A","net10","hmail_perf_pair_net10_20260831_213833","C:\hmail-perf-pair-100k-20260901\net10\Data","EBBF2395E8933C7BACE46AD51D451033745819B4B168934194C43B3B5121FAED","100","15","one TCP client and one sequential IMAP session per sample","0","PASS","E92ED927F40EA825DD551A4BA512B278123451CFAC76F908716AF84199904862","6FDC539CD1D13C7514886E7F7595F7A2A7107313E145AA44C7F0F223DA7B40B8","1","49","True","False","14.355",,"False","0","False","False","0","False"
"ba2af146-0d84-47c8-bc8c-26f21b5c00ab","MANIFEST_BOUND","hmail-perf-pair-100k-20260901","DE4DA2CDCDA01B1BE6D8C9BC98A377167205E940722D2BBCEE98A15A16ACB23A","net10","hmail_perf_pair_net10_20260831_213833","C:\hmail-perf-pair-100k-20260901\net10\Data","EBBF2395E8933C7BACE46AD51D451033745819B4B168934194C43B3B5121FAED","100","15","one TCP client and one sequential IMAP session per sample","0","PASS","E92ED927F40EA825DD551A4BA512B278123451CFAC76F908716AF84199904862","6FDC539CD1D13C7514886E7F7595F7A2A7107313E145AA44C7F0F223DA7B40B8","1","50","True","False","14.179",,"False","0","False","False","0","False"
"ba2af146-0d84-47c8-bc8c-26f21b5c00ab","MANIFEST_BOUND","hmail-perf-pair-100k-20260901","DE4DA2CDCDA01B1BE6D8C9BC98A377167205E940722D2BBCEE98A15A16ACB23A","net10","hmail_perf_pair_net10_20260831_213833","C:\hmail-perf-pair-100k-20260901\net10\Data","EBBF2395E8933C7BACE46AD51D451033745819B4B168934194C43B3B5121FAED","100","15","one TCP client and one sequential IMAP session per sample","0","PASS","E92ED927F40EA825DD551A4BA512B278123451CFAC76F908716AF84199904862","6FDC539CD1D13C7514886E7F7595F7A2A7107313E145AA44C7F0F223DA7B40B8","1","51","True","False","13.841",,"False","0","False","False","0","False"
"ba2af146-0d84-47c8-bc8c-26f21b5c00ab","MANIFEST_BOUND","hmail-perf-pair-100k-20260901","DE4DA2CDCDA01B1BE6D8C9BC98A377167205E940722D2BBCEE98A15A16ACB23A","net10","hmail_perf_pair_net10_20260831_213833","C:\hmail-perf-pair-100k-20260901\net10\Data","EBBF2395E8933C7BACE46AD51D451033745819B4B168934194C43B3B5121FAED","100","15","one TCP client and one sequential IMAP session per sample","0","PASS","E92ED927F40EA825DD551A4BA512B278123451CFAC76F908716AF84199904862","6FDC539CD1D13C7514886E7F7595F7A2A7107313E145AA44C7F0F223DA7B40B8","1","52","True","False","13.746",,"False","0","False","False","0","False"
"ba2af146-0d84-47c8-bc8c-26f21b5c00ab","MANIFEST_BOUND","hmail-perf-pair-100k-20260901","DE4DA2CDCDA01B1BE6D8C9BC98A377167205E940722D2BBCEE98A15A16ACB23A","net10","hmail_perf_pair_net10_20260831_213833","C:\hmail-perf-pair-100k-20260901\net10\Data","EBBF2395E8933C7BACE46AD51D451033745819B4B168934194C43B3B5121FAED","100","15","one TCP client and one sequential IMAP session per sample","0","PASS","E92ED927F40EA825DD551A4BA512B278123451CFAC76F908716AF84199904862","6FDC539CD1D13C7514886E7F7595F7A2A7107313E145AA44C7F0F223DA7B40B8","1","53","True","False","13.832",,"False","0","False","False","0","False"
"ba2af146-0d84-47c8-bc8c-26f21b5c00ab","MANIFEST_BOUND","hmail-perf-pair-100k-20260901","DE4DA2CDCDA01B1BE6D8C9BC98A377167205E940722D2BBCEE98A15A16ACB23A","net10","hmail_perf_pair_net10_20260831_213833","C:\hmail-perf-pair-100k-20260901\net10\Data","EBBF2395E8933C7BACE46AD51D451033745819B4B168934194C43B3B5121FAED","100","15","one TCP client and one sequential IMAP session per sample","0","PASS","E92ED927F40EA825DD551A4BA512B278123451CFAC76F908716AF84199904862","6FDC539CD1D13C7514886E7F7595F7A2A7107313E145AA44C7F0F223DA7B40B8","1","54","True","False","15.577",,"False","0","False","False","0","False"
"ba2af146-0d84-47c8-bc8c-26f21b5c00ab","MANIFEST_BOUND","hmail-perf-pair-100k-20260901","DE4DA2CDCDA01B1BE6D8C9BC98A377167205E940722D2BBCEE98A15A16ACB23A","net10","hmail_perf_pair_net10_20260831_213833","C:\hmail-perf-pair-100k-20260901\net10\Data","EBBF2395E8933C7BACE46AD51D451033745819B4B168934194C43B3B5121FAED","100","15","one TCP client and one sequential IMAP session per sample","0","PASS","E92ED927F40EA825DD551A4BA512B278123451CFAC76F908716AF84199904862","6FDC539CD1D13C7514886E7F7595F7A2A7107313E145AA44C7F0F223DA7B40B8","1","55","True","False","14.455",,"False","0","False","False","0","False"
"ba2af146-0d84-47c8-bc8c-26f21b5c00ab","MANIFEST_BOUND","hmail-perf-pair-100k-20260901","DE4DA2CDCDA01B1BE6D8C9BC98A377167205E940722D2BBCEE98A15A16ACB23A","net10","hmail_perf_pair_net10_20260831_213833","C:\hmail-perf-pair-100k-20260901\net10\Data","EBBF2395E8933C7BACE46AD51D451033745819B4B168934194C43B3B5121FAED","100","15","one TCP client and one sequential IMAP session per sample","0","PASS","E92ED927F40EA825DD551A4BA512B278123451CFAC76F908716AF84199904862","6FDC539CD1D13C7514886E7F7595F7A2A7107313E145AA44C7F0F223DA7B40B8","1","56","True","False","21.061",,"False","0","False","False","0","False"
"ba2af146-0d84-47c8-bc8c-26f21b5c00ab","MANIFEST_BOUND","hmail-perf-pair-100k-20260901","DE4DA2CDCDA01B1BE6D8C9BC98A377167205E940722D2BBCEE98A15A16ACB23A","net10","hmail_perf_pair_net10_20260831_213833","C:\hmail-perf-pair-100k-20260901\net10\Data","EBBF2395E8933C7BACE46AD51D451033745819B4B168934194C43B3B5121FAED","100","15","one TCP client and one sequential IMAP session per sample","0","PASS","E92ED927F40EA825DD551A4BA512B278123451CFAC76F908716AF84199904862","6FDC539CD1D13C7514886E7F7595F7A2A7107313E145AA44C7F0F223DA7B40B8","1","57","True","False","15.008",,"False","0","False","False","0","False"
"ba2af146-0d84-47c8-bc8c-26f21b5c00ab","MANIFEST_BOUND","hmail-perf-pair-100k-20260901","DE4DA2CDCDA01B1BE6D8C9BC98A377167205E940722D2BBCEE98A15A16ACB23A","net10","hmail_perf_pair_net10_20260831_213833","C:\hmail-perf-pair-100k-20260901\net10\Data","EBBF2395E8933C7BACE46AD51D451033745819B4B168934194C43B3B5121FAED","100","15","one TCP client and one sequential IMAP session per sample","0","PASS","E92ED927F40EA825DD551A4BA512B278123451CFAC76F908716AF84199904862","6FDC539CD1D13C7514886E7F7595F7A2A7107313E145AA44C7F0F223DA7B40B8","1","58","True","False","15.241",,"False","0","False","False","0","False"
"ba2af146-0d84-47c8-bc8c-26f21b5c00ab","MANIFEST_BOUND","hmail-perf-pair-100k-20260901","DE4DA2CDCDA01B1BE6D8C9BC98A377167205E940722D2BBCEE98A15A16ACB23A","net10","hmail_perf_pair_net10_20260831_213833","C:\hmail-perf-pair-100k-20260901\net10\Data","EBBF2395E8933C7BACE46AD51D451033745819B4B168934194C43B3B5121FAED","100","15","one TCP client and one sequential IMAP session per sample","0","PASS","E92ED927F40EA825DD551A4BA512B278123451CFAC76F908716AF84199904862","6FDC539CD1D13C7514886E7F7595F7A2A7107313E145AA44C7F0F223DA7B40B8","1","59","True","False","14.968",,"False","0","False","False","0","False"
"ba2af146-0d84-47c8-bc8c-26f21b5c00ab","MANIFEST_BOUND","hmail-perf-pair-100k-20260901","DE4DA2CDCDA01B1BE6D8C9BC98A377167205E940722D2BBCEE98A15A16ACB23A","net10","hmail_perf_pair_net10_20260831_213833","C:\hmail-perf-pair-100k-20260901\net10\Data","EBBF2395E8933C7BACE46AD51D451033745819B4B168934194C43B3B5121FAED","100","15","one TCP client and one sequential IMAP session per sample","0","PASS","E92ED927F40EA825DD551A4BA512B278123451CFAC76F908716AF84199904862","6FDC539CD1D13C7514886E7F7595F7A2A7107313E145AA44C7F0F223DA7B40B8","1","60","True","False","18.002",,"False","0","False","False","0","False"
"ba2af146-0d84-47c8-bc8c-26f21b5c00ab","MANIFEST_BOUND","hmail-perf-pair-100k-20260901","DE4DA2CDCDA01B1BE6D8C9BC98A377167205E940722D2BBCEE98A15A16ACB23A","net10","hmail_perf_pair_net10_20260831_213833","C:\hmail-perf-pair-100k-20260901\net10\Data","EBBF2395E8933C7BACE46AD51D451033745819B4B168934194C43B3B5121FAED","100","15","one TCP client and one sequential IMAP session per sample","0","PASS","E92ED927F40EA825DD551A4BA512B278123451CFAC76F908716AF84199904862","6FDC539CD1D13C7514886E7F7595F7A2A7107313E145AA44C7F0F223DA7B40B8","1","61","True","False","15.341",,"False","0","False","False","0","False"
"ba2af146-0d84-47c8-bc8c-26f21b5c00ab","MANIFEST_BOUND","hmail-perf-pair-100k-20260901","DE4DA2CDCDA01B1BE6D8C9BC98A377167205E940722D2BBCEE98A15A16ACB23A","net10","hmail_perf_pair_net10_20260831_213833","C:\hmail-perf-pair-100k-20260901\net10\Data","EBBF2395E8933C7BACE46AD51D451033745819B4B168934194C43B3B5121FAED","100","15","one TCP client and one sequential IMAP session per sample","0","PASS","E92ED927F40EA825DD551A4BA512B278123451CFAC76F908716AF84199904862","6FDC539CD1D13C7514886E7F7595F7A2A7107313E145AA44C7F0F223DA7B40B8","1","62","True","False","15.622",,"False","0","False","False","0","False"
"ba2af146-0d84-47c8-bc8c-26f21b5c00ab","MANIFEST_BOUND","hmail-perf-pair-100k-20260901","DE4DA2CDCDA01B1BE6D8C9BC98A377167205E940722D2BBCEE98A15A16ACB23A","net10","hmail_perf_pair_net10_20260831_213833","C:\hmail-perf-pair-100k-20260901\net10\Data","EBBF2395E8933C7BACE46AD51D451033745819B4B168934194C43B3B5121FAED","100","15","one TCP client and one sequential IMAP session per sample","0","PASS","E92ED927F40EA825DD551A4BA512B278123451CFAC76F908716AF84199904862","6FDC539CD1D13C7514886E7F7595F7A2A7107313E145AA44C7F0F223DA7B40B8","1","63","True","False","15.405",,"False","0","False","False","0","False"
"ba2af146-0d84-47c8-bc8c-26f21b5c00ab","MANIFEST_BOUND","hmail-perf-pair-100k-20260901","DE4DA2CDCDA01B1BE6D8C9BC98A377167205E940722D2BBCEE98A15A16ACB23A","net10","hmail_perf_pair_net10_20260831_213833","C:\hmail-perf-pair-100k-20260901\net10\Data","EBBF2395E8933C7BACE46AD51D451033745819B4B168934194C43B3B5121FAED","100","15","one TCP client and one sequential IMAP session per sample","0","PASS","E92ED927F40EA825DD551A4BA512B278123451CFAC76F908716AF84199904862","6FDC539CD1D13C7514886E7F7595F7A2A7107313E145AA44C7F0F223DA7B40B8","1","64","True","False","15.863",,"False","0","False","False","0","False"
"ba2af146-0d84-47c8-bc8c-26f21b5c00ab","MANIFEST_BOUND","hmail-perf-pair-100k-20260901","DE4DA2CDCDA01B1BE6D8C9BC98A377167205E940722D2BBCEE98A15A16ACB23A","net10","hmail_perf_pair_net10_20260831_213833","C:\hmail-perf-pair-100k-20260901\net10\Data","EBBF2395E8933C7BACE46AD51D451033745819B4B168934194C43B3B5121FAED","100","15","one TCP client and one sequential IMAP session per sample","0","PASS","E92ED927F40EA825DD551A4BA512B278123451CFAC76F908716AF84199904862","6FDC539CD1D13C7514886E7F7595F7A2A7107313E145AA44C7F0F223DA7B40B8","1","65","True","False","15.656",,"False","0","False","False","0","False"
"ba2af146-0d84-47c8-bc8c-26f21b5c00ab","MANIFEST_BOUND","hmail-perf-pair-100k-20260901","DE4DA2CDCDA01B1BE6D8C9BC98A377167205E940722D2BBCEE98A15A16ACB23A","net10","hmail_perf_pair_net10_20260831_213833","C:\hmail-perf-pair-100k-20260901\net10\Data","EBBF2395E8933C7BACE46AD51D451033745819B4B168934194C43B3B5121FAED","100","15","one TCP client and one sequential IMAP session per sample","0","PASS","E92ED927F40EA825DD551A4BA512B278123451CFAC76F908716AF84199904862","6FDC539CD1D13C7514886E7F7595F7A2A7107313E145AA44C7F0F223DA7B40B8","1","66","True","False","16.002",,"False","0","False","False","0","False"
"ba2af146-0d84-47c8-bc8c-26f21b5c00ab","MANIFEST_BOUND","hmail-perf-pair-100k-20260901","DE4DA2CDCDA01B1BE6D8C9BC98A377167205E940722D2BBCEE98A15A16ACB23A","net10","hmail_perf_pair_net10_20260831_213833","C:\hmail-perf-pair-100k-20260901\net10\Data","EBBF2395E8933C7BACE46AD51D451033745819B4B168934194C43B3B5121FAED","100","15","one TCP client and one sequential IMAP session per sample","0","PASS","E92ED927F40EA825DD551A4BA512B278123451CFAC76F908716AF84199904862","6FDC539CD1D13C7514886E7F7595F7A2A7107313E145AA44C7F0F223DA7B40B8","1","67","True","False","16.144",,"False","0","False","False","0","False"
"ba2af146-0d84-47c8-bc8c-26f21b5c00ab","MANIFEST_BOUND","hmail-perf-pair-100k-20260901","DE4DA2CDCDA01B1BE6D8C9BC98A377167205E940722D2BBCEE98A15A16ACB23A","net10","hmail_perf_pair_net10_20260831_213833","C:\hmail-perf-pair-100k-20260901\net10\Data","EBBF2395E8933C7BACE46AD51D451033745819B4B168934194C43B3B5121FAED","100","15","one TCP client and one sequential IMAP session per sample","0","PASS","E92ED927F40EA825DD551A4BA512B278123451CFAC76F908716AF84199904862","6FDC539CD1D13C7514886E7F7595F7A2A7107313E145AA44C7F0F223DA7B40B8","1","68","True","False","16.068",,"False","0","False","False","0","False"
"ba2af146-0d84-47c8-bc8c-26f21b5c00ab","MANIFEST_BOUND","hmail-perf-pair-100k-20260901","DE4DA2CDCDA01B1BE6D8C9BC98A377167205E940722D2BBCEE98A15A16ACB23A","net10","hmail_perf_pair_net10_20260831_213833","C:\hmail-perf-pair-100k-20260901\net10\Data","EBBF2395E8933C7BACE46AD51D451033745819B4B168934194C43B3B5121FAED","100","15","one TCP client and one sequential IMAP session per sample","0","PASS","E92ED927F40EA825DD551A4BA512B278123451CFAC76F908716AF84199904862","6FDC539CD1D13C7514886E7F7595F7A2A7107313E145AA44C7F0F223DA7B40B8","1","69","True","False","15.773",,"False","0","False","False","0","False"
"ba2af146-0d84-47c8-bc8c-26f21b5c00ab","MANIFEST_BOUND","hmail-perf-pair-100k-20260901","DE4DA2CDCDA01B1BE6D8C9BC98A377167205E940722D2BBCEE98A15A16ACB23A","net10","hmail_perf_pair_net10_20260831_213833","C:\hmail-perf-pair-100k-20260901\net10\Data","EBBF2395E8933C7BACE46AD51D451033745819B4B168934194C43B3B5121FAED","100","15","one TCP client and one sequential IMAP session per sample","0","PASS","E92ED927F40EA825DD551A4BA512B278123451CFAC76F908716AF84199904862","6FDC539CD1D13C7514886E7F7595F7A2A7107313E145AA44C7F0F223DA7B40B8","1","70","True","False","15.886",,"False","0","False","False","0","False"
"ba2af146-0d84-47c8-bc8c-26f21b5c00ab","MANIFEST_BOUND","hmail-perf-pair-100k-20260901","DE4DA2CDCDA01B1BE6D8C9BC98A377167205E940722D2BBCEE98A15A16ACB23A","net10","hmail_perf_pair_net10_20260831_213833","C:\hmail-perf-pair-100k-20260901\net10\Data","EBBF2395E8933C7BACE46AD51D451033745819B4B168934194C43B3B5121FAED","100","15","one TCP client and one sequential IMAP session per sample","0","PASS","E92ED927F40EA825DD551A4BA512B278123451CFAC76F908716AF84199904862","6FDC539CD1D13C7514886E7F7595F7A2A7107313E145AA44C7F0F223DA7B40B8","1","71","True","False","16.35",,"False","0","False","False","0","False"
"ba2af146-0d84-47c8-bc8c-26f21b5c00ab","MANIFEST_BOUND","hmail-perf-pair-100k-20260901","DE4DA2CDCDA01B1BE6D8C9BC98A377167205E940722D2BBCEE98A15A16ACB23A","net10","hmail_perf_pair_net10_20260831_213833","C:\hmail-perf-pair-100k-20260901\net10\Data","EBBF2395E8933C7BACE46AD51D451033745819B4B168934194C43B3B5121FAED","100","15","one TCP client and one sequential IMAP session per sample","0","PASS","E92ED927F40EA825DD551A4BA512B278123451CFAC76F908716AF84199904862","6FDC539CD1D13C7514886E7F7595F7A2A7107313E145AA44C7F0F223DA7B40B8","1","72","True","False","16.276",,"False","0","False","False","0","False"
"ba2af146-0d84-47c8-bc8c-26f21b5c00ab","MANIFEST_BOUND","hmail-perf-pair-100k-20260901","DE4DA2CDCDA01B1BE6D8C9BC98A377167205E940722D2BBCEE98A15A16ACB23A","net10","hmail_perf_pair_net10_20260831_213833","C:\hmail-perf-pair-100k-20260901\net10\Data","EBBF2395E8933C7BACE46AD51D451033745819B4B168934194C43B3B5121FAED","100","15","one TCP client and one sequential IMAP session per sample","0","PASS","E92ED927F40EA825DD551A4BA512B278123451CFAC76F908716AF84199904862","6FDC539CD1D13C7514886E7F7595F7A2A7107313E145AA44C7F0F223DA7B40B8","1","73","True","False","16.418",,"False","0","False","False","0","False"
"ba2af146-0d84-47c8-bc8c-26f21b5c00ab","MANIFEST_BOUND","hmail-perf-pair-100k-20260901","DE4DA2CDCDA01B1BE6D8C9BC98A377167205E940722D2BBCEE98A15A16ACB23A","net10","hmail_perf_pair_net10_20260831_213833","C:\hmail-perf-pair-100k-20260901\net10\Data","EBBF2395E8933C7BACE46AD51D451033745819B4B168934194C43B3B5121FAED","100","15","one TCP client and one sequential IMAP session per sample","0","PASS","E92ED927F40EA825DD551A4BA512B278123451CFAC76F908716AF84199904862","6FDC539CD1D13C7514886E7F7595F7A2A7107313E145AA44C7F0F223DA7B40B8","1","74","True","False","17.048",,"False","0","False","False","0","False"
"ba2af146-0d84-47c8-bc8c-26f21b5c00ab","MANIFEST_BOUND","hmail-perf-pair-100k-20260901","DE4DA2CDCDA01B1BE6D8C9BC98A377167205E940722D2BBCEE98A15A16ACB23A","net10","hmail_perf_pair_net10_20260831_213833","C:\hmail-perf-pair-100k-20260901\net10\Data","EBBF2395E8933C7BACE46AD51D451033745819B4B168934194C43B3B5121FAED","100","15","one TCP client and one sequential IMAP session per sample","0","PASS","E92ED927F40EA825DD551A4BA512B278123451CFAC76F908716AF84199904862","6FDC539CD1D13C7514886E7F7595F7A2A7107313E145AA44C7F0F223DA7B40B8","1","75","True","False","16.4",,"False","0","False","False","0","False"
"ba2af146-0d84-47c8-bc8c-26f21b5c00ab","MANIFEST_BOUND","hmail-perf-pair-100k-20260901","DE4DA2CDCDA01B1BE6D8C9BC98A377167205E940722D2BBCEE98A15A16ACB23A","net10","hmail_perf_pair_net10_20260831_213833","C:\hmail-perf-pair-100k-20260901\net10\Data","EBBF2395E8933C7BACE46AD51D451033745819B4B168934194C43B3B5121FAED","100","15","one TCP client and one sequential IMAP session per sample","0","PASS","E92ED927F40EA825DD551A4BA512B278123451CFAC76F908716AF84199904862","6FDC539CD1D13C7514886E7F7595F7A2A7107313E145AA44C7F0F223DA7B40B8","1","76","True","False","16.601",,"False","0","False","False","0","False"
"ba2af146-0d84-47c8-bc8c-26f21b5c00ab","MANIFEST_BOUND","hmail-perf-pair-100k-20260901","DE4DA2CDCDA01B1BE6D8C9BC98A377167205E940722D2BBCEE98A15A16ACB23A","net10","hmail_perf_pair_net10_20260831_213833","C:\hmail-perf-pair-100k-20260901\net10\Data","EBBF2395E8933C7BACE46AD51D451033745819B4B168934194C43B3B5121FAED","100","15","one TCP client and one sequential IMAP session per sample","0","PASS","E92ED927F40EA825DD551A4BA512B278123451CFAC76F908716AF84199904862","6FDC539CD1D13C7514886E7F7595F7A2A7107313E145AA44C7F0F223DA7B40B8","1","77","True","False","16.664",,"False","0","False","False","0","False"
"ba2af146-0d84-47c8-bc8c-26f21b5c00ab","MANIFEST_BOUND","hmail-perf-pair-100k-20260901","DE4DA2CDCDA01B1BE6D8C9BC98A377167205E940722D2BBCEE98A15A16ACB23A","net10","hmail_perf_pair_net10_20260831_213833","C:\hmail-perf-pair-100k-20260901\net10\Data","EBBF2395E8933C7BACE46AD51D451033745819B4B168934194C43B3B5121FAED","100","15","one TCP client and one sequential IMAP session per sample","0","PASS","E92ED927F40EA825DD551A4BA512B278123451CFAC76F908716AF84199904862","6FDC539CD1D13C7514886E7F7595F7A2A7107313E145AA44C7F0F223DA7B40B8","1","78","True","False","16.478",,"False","0","False","False","0","False"
"ba2af146-0d84-47c8-bc8c-26f21b5c00ab","MANIFEST_BOUND","hmail-perf-pair-100k-20260901","DE4DA2CDCDA01B1BE6D8C9BC98A377167205E940722D2BBCEE98A15A16ACB23A","net10","hmail_perf_pair_net10_20260831_213833","C:\hmail-perf-pair-100k-20260901\net10\Data","EBBF2395E8933C7BACE46AD51D451033745819B4B168934194C43B3B5121FAED","100","15","one TCP client and one sequential IMAP session per sample","0","PASS","E92ED927F40EA825DD551A4BA512B278123451CFAC76F908716AF84199904862","6FDC539CD1D13C7514886E7F7595F7A2A7107313E145AA44C7F0F223DA7B40B8","1","79","True","False","16.807",,"False","0","False","False","0","False"
"ba2af146-0d84-47c8-bc8c-26f21b5c00ab","MANIFEST_BOUND","hmail-perf-pair-100k-20260901","DE4DA2CDCDA01B1BE6D8C9BC98A377167205E940722D2BBCEE98A15A16ACB23A","net10","hmail_perf_pair_net10_20260831_213833","C:\hmail-perf-pair-100k-20260901\net10\Data","EBBF2395E8933C7BACE46AD51D451033745819B4B168934194C43B3B5121FAED","100","15","one TCP client and one sequential IMAP session per sample","0","PASS","E92ED927F40EA825DD551A4BA512B278123451CFAC76F908716AF84199904862","6FDC539CD1D13C7514886E7F7595F7A2A7107313E145AA44C7F0F223DA7B40B8","1","80","True","False","20.263",,"False","0","False","False","0","False"
"ba2af146-0d84-47c8-bc8c-26f21b5c00ab","MANIFEST_BOUND","hmail-perf-pair-100k-20260901","DE4DA2CDCDA01B1BE6D8C9BC98A377167205E940722D2BBCEE98A15A16ACB23A","net10","hmail_perf_pair_net10_20260831_213833","C:\hmail-perf-pair-100k-20260901\net10\Data","EBBF2395E8933C7BACE46AD51D451033745819B4B168934194C43B3B5121FAED","100","15","one TCP client and one sequential IMAP session per sample","0","PASS","E92ED927F40EA825DD551A4BA512B278123451CFAC76F908716AF84199904862","6FDC539CD1D13C7514886E7F7595F7A2A7107313E145AA44C7F0F223DA7B40B8","1","81","True","False","20.062",,"False","0","False","False","0","False"
"ba2af146-0d84-47c8-bc8c-26f21b5c00ab","MANIFEST_BOUND","hmail-perf-pair-100k-20260901","DE4DA2CDCDA01B1BE6D8C9BC98A377167205E940722D2BBCEE98A15A16ACB23A","net10","hmail_perf_pair_net10_20260831_213833","C:\hmail-perf-pair-100k-20260901\net10\Data","EBBF2395E8933C7BACE46AD51D451033745819B4B168934194C43B3B5121FAED","100","15","one TCP client and one sequential IMAP session per sample","0","PASS","E92ED927F40EA825DD551A4BA512B278123451CFAC76F908716AF84199904862","6FDC539CD1D13C7514886E7F7595F7A2A7107313E145AA44C7F0F223DA7B40B8","1","82","True","False","17.175",,"False","0","False","False","0","False"
"ba2af146-0d84-47c8-bc8c-26f21b5c00ab","MANIFEST_BOUND","hmail-perf-pair-100k-20260901","DE4DA2CDCDA01B1BE6D8C9BC98A377167205E940722D2BBCEE98A15A16ACB23A","net10","hmail_perf_pair_net10_20260831_213833","C:\hmail-perf-pair-100k-20260901\net10\Data","EBBF2395E8933C7BACE46AD51D451033745819B4B168934194C43B3B5121FAED","100","15","one TCP client and one sequential IMAP session per sample","0","PASS","E92ED927F40EA825DD551A4BA512B278123451CFAC76F908716AF84199904862","6FDC539CD1D13C7514886E7F7595F7A2A7107313E145AA44C7F0F223DA7B40B8","1","83","True","False","20.847",,"False","0","False","False","0","False"
"ba2af146-0d84-47c8-bc8c-26f21b5c00ab","MANIFEST_BOUND","hmail-perf-pair-100k-20260901","DE4DA2CDCDA01B1BE6D8C9BC98A377167205E940722D2BBCEE98A15A16ACB23A","net10","hmail_perf_pair_net10_20260831_213833","C:\hmail-perf-pair-100k-20260901\net10\Data","EBBF2395E8933C7BACE46AD51D451033745819B4B168934194C43B3B5121FAED","100","15","one TCP client and one sequential IMAP session per sample","0","PASS","E92ED927F40EA825DD551A4BA512B278123451CFAC76F908716AF84199904862","6FDC539CD1D13C7514886E7F7595F7A2A7107313E145AA44C7F0F223DA7B40B8","1","84","True","False","17.278",,"False","0","False","False","0","False"
"ba2af146-0d84-47c8-bc8c-26f21b5c00ab","MANIFEST_BOUND","hmail-perf-pair-100k-20260901","DE4DA2CDCDA01B1BE6D8C9BC98A377167205E940722D2BBCEE98A15A16ACB23A","net10","hmail_perf_pair_net10_20260831_213833","C:\hmail-perf-pair-100k-20260901\net10\Data","EBBF2395E8933C7BACE46AD51D451033745819B4B168934194C43B3B5121FAED","100","15","one TCP client and one sequential IMAP session per sample","0","PASS","E92ED927F40EA825DD551A4BA512B278123451CFAC76F908716AF84199904862","6FDC539CD1D13C7514886E7F7595F7A2A7107313E145AA44C7F0F223DA7B40B8","1","85","True","False","17.043",,"False","0","False","False","0","False"
"ba2af146-0d84-47c8-bc8c-26f21b5c00ab","MANIFEST_BOUND","hmail-perf-pair-100k-20260901","DE4DA2CDCDA01B1BE6D8C9BC98A377167205E940722D2BBCEE98A15A16ACB23A","net10","hmail_perf_pair_net10_20260831_213833","C:\hmail-perf-pair-100k-20260901\net10\Data","EBBF2395E8933C7BACE46AD51D451033745819B4B168934194C43B3B5121FAED","100","15","one TCP client and one sequential IMAP session per sample","0","PASS","E92ED927F40EA825DD551A4BA512B278123451CFAC76F908716AF84199904862","6FDC539CD1D13C7514886E7F7595F7A2A7107313E145AA44C7F0F223DA7B40B8","1","86","True","False","17.428",,"False","0","False","False","0","False"
"ba2af146-0d84-47c8-bc8c-26f21b5c00ab","MANIFEST_BOUND","hmail-perf-pair-100k-20260901","DE4DA2CDCDA01B1BE6D8C9BC98A377167205E940722D2BBCEE98A15A16ACB23A","net10","hmail_perf_pair_net10_20260831_213833","C:\hmail-perf-pair-100k-20260901\net10\Data","EBBF2395E8933C7BACE46AD51D451033745819B4B168934194C43B3B5121FAED","100","15","one TCP client and one sequential IMAP session per sample","0","PASS","E92ED927F40EA825DD551A4BA512B278123451CFAC76F908716AF84199904862","6FDC539CD1D13C7514886E7F7595F7A2A7107313E145AA44C7F0F223DA7B40B8","1","87","True","False","17.337",,"False","0","False","False","0","False"
"ba2af146-0d84-47c8-bc8c-26f21b5c00ab","MANIFEST_BOUND","hmail-perf-pair-100k-20260901","DE4DA2CDCDA01B1BE6D8C9BC98A377167205E940722D2BBCEE98A15A16ACB23A","net10","hmail_perf_pair_net10_20260831_213833","C:\hmail-perf-pair-100k-20260901\net10\Data","EBBF2395E8933C7BACE46AD51D451033745819B4B168934194C43B3B5121FAED","100","15","one TCP client and one sequential IMAP session per sample","0","PASS","E92ED927F40EA825DD551A4BA512B278123451CFAC76F908716AF84199904862","6FDC539CD1D13C7514886E7F7595F7A2A7107313E145AA44C7F0F223DA7B40B8","1","88","True","False","18.236",,"False","0","False","False","0","False"
"ba2af146-0d84-47c8-bc8c-26f21b5c00ab","MANIFEST_BOUND","hmail-perf-pair-100k-20260901","DE4DA2CDCDA01B1BE6D8C9BC98A377167205E940722D2BBCEE98A15A16ACB23A","net10","hmail_perf_pair_net10_20260831_213833","C:\hmail-perf-pair-100k-20260901\net10\Data","EBBF2395E8933C7BACE46AD51D451033745819B4B168934194C43B3B5121FAED","100","15","one TCP client and one sequential IMAP session per sample","0","PASS","E92ED927F40EA825DD551A4BA512B278123451CFAC76F908716AF84199904862","6FDC539CD1D13C7514886E7F7595F7A2A7107313E145AA44C7F0F223DA7B40B8","1","89","True","False","18.006",,"False","0","False","False","0","False"
"ba2af146-0d84-47c8-bc8c-26f21b5c00ab","MANIFEST_BOUND","hmail-perf-pair-100k-20260901","DE4DA2CDCDA01B1BE6D8C9BC98A377167205E940722D2BBCEE98A15A16ACB23A","net10","hmail_perf_pair_net10_20260831_213833","C:\hmail-perf-pair-100k-20260901\net10\Data","EBBF2395E8933C7BACE46AD51D451033745819B4B168934194C43B3B5121FAED","100","15","one TCP client and one sequential IMAP session per sample","0","PASS","E92ED927F40EA825DD551A4BA512B278123451CFAC76F908716AF84199904862","6FDC539CD1D13C7514886E7F7595F7A2A7107313E145AA44C7F0F223DA7B40B8","1","90","True","False","17.532",,"False","0","False","False","0","False"
"ba2af146-0d84-47c8-bc8c-26f21b5c00ab","MANIFEST_BOUND","hmail-perf-pair-100k-20260901","DE4DA2CDCDA01B1BE6D8C9BC98A377167205E940722D2BBCEE98A15A16ACB23A","net10","hmail_perf_pair_net10_20260831_213833","C:\hmail-perf-pair-100k-20260901\net10\Data","EBBF2395E8933C7BACE46AD51D451033745819B4B168934194C43B3B5121FAED","100","15","one TCP client and one sequential IMAP session per sample","0","PASS","E92ED927F40EA825DD551A4BA512B278123451CFAC76F908716AF84199904862","6FDC539CD1D13C7514886E7F7595F7A2A7107313E145AA44C7F0F223DA7B40B8","1","91","True","False","17.471",,"False","0","False","False","0","False"
"ba2af146-0d84-47c8-bc8c-26f21b5c00ab","MANIFEST_BOUND","hmail-perf-pair-100k-20260901","DE4DA2CDCDA01B1BE6D8C9BC98A377167205E940722D2BBCEE98A15A16ACB23A","net10","hmail_perf_pair_net10_20260831_213833","C:\hmail-perf-pair-100k-20260901\net10\Data","EBBF2395E8933C7BACE46AD51D451033745819B4B168934194C43B3B5121FAED","100","15","one TCP client and one sequential IMAP session per sample","0","PASS","E92ED927F40EA825DD551A4BA512B278123451CFAC76F908716AF84199904862","6FDC539CD1D13C7514886E7F7595F7A2A7107313E145AA44C7F0F223DA7B40B8","1","92","True","False","18.191",,"False","0","False","False","0","False"
"ba2af146-0d84-47c8-bc8c-26f21b5c00ab","MANIFEST_BOUND","hmail-perf-pair-100k-20260901","DE4DA2CDCDA01B1BE6D8C9BC98A377167205E940722D2BBCEE98A15A16ACB23A","net10","hmail_perf_pair_net10_20260831_213833","C:\hmail-perf-pair-100k-20260901\net10\Data","EBBF2395E8933C7BACE46AD51D451033745819B4B168934194C43B3B5121FAED","100","15","one TCP client and one sequential IMAP session per sample","0","PASS","E92ED927F40EA825DD551A4BA512B278123451CFAC76F908716AF84199904862","6FDC539CD1D13C7514886E7F7595F7A2A7107313E145AA44C7F0F223DA7B40B8","1","93","True","False","17.746",,"False","0","False","False","0","False"
"ba2af146-0d84-47c8-bc8c-26f21b5c00ab","MANIFEST_BOUND","hmail-perf-pair-100k-20260901","DE4DA2CDCDA01B1BE6D8C9BC98A377167205E940722D2BBCEE98A15A16ACB23A","net10","hmail_perf_pair_net10_20260831_213833","C:\hmail-perf-pair-100k-20260901\net10\Data","EBBF2395E8933C7BACE46AD51D451033745819B4B168934194C43B3B5121FAED","100","15","one TCP client and one sequential IMAP session per sample","0","PASS","E92ED927F40EA825DD551A4BA512B278123451CFAC76F908716AF84199904862","6FDC539CD1D13C7514886E7F7595F7A2A7107313E145AA44C7F0F223DA7B40B8","1","94","True","False","18.246",,"False","0","False","False","0","False"
"ba2af146-0d84-47c8-bc8c-26f21b5c00ab","MANIFEST_BOUND","hmail-perf-pair-100k-20260901","DE4DA2CDCDA01B1BE6D8C9BC98A377167205E940722D2BBCEE98A15A16ACB23A","net10","hmail_perf_pair_net10_20260831_213833","C:\hmail-perf-pair-100k-20260901\net10\Data","EBBF2395E8933C7BACE46AD51D451033745819B4B168934194C43B3B5121FAED","100","15","one TCP client and one sequential IMAP session per sample","0","PASS","E92ED927F40EA825DD551A4BA512B278123451CFAC76F908716AF84199904862","6FDC539CD1D13C7514886E7F7595F7A2A7107313E145AA44C7F0F223DA7B40B8","1","95","True","False","17.599",,"False","0","False","False","0","False"
"ba2af146-0d84-47c8-bc8c-26f21b5c00ab","MANIFEST_BOUND","hmail-perf-pair-100k-20260901","DE4DA2CDCDA01B1BE6D8C9BC98A377167205E940722D2BBCEE98A15A16ACB23A","net10","hmail_perf_pair_net10_20260831_213833","C:\hmail-perf-pair-100k-20260901\net10\Data","EBBF2395E8933C7BACE46AD51D451033745819B4B168934194C43B3B5121FAED","100","15","one TCP client and one sequential IMAP session per sample","0","PASS","E92ED927F40EA825DD551A4BA512B278123451CFAC76F908716AF84199904862","6FDC539CD1D13C7514886E7F7595F7A2A7107313E145AA44C7F0F223DA7B40B8","1","96","True","False","18.044",,"False","0","False","False","0","False"
"ba2af146-0d84-47c8-bc8c-26f21b5c00ab","MANIFEST_BOUND","hmail-perf-pair-100k-20260901","DE4DA2CDCDA01B1BE6D8C9BC98A377167205E940722D2BBCEE98A15A16ACB23A","net10","hmail_perf_pair_net10_20260831_213833","C:\hmail-perf-pair-100k-20260901\net10\Data","EBBF2395E8933C7BACE46AD51D451033745819B4B168934194C43B3B5121FAED","100","15","one TCP client and one sequential IMAP session per sample","0","PASS","E92ED927F40EA825DD551A4BA512B278123451CFAC76F908716AF84199904862","6FDC539CD1D13C7514886E7F7595F7A2A7107313E145AA44C7F0F223DA7B40B8","1","97","True","False","18.243",,"False","0","False","False","0","False"
"ba2af146-0d84-47c8-bc8c-26f21b5c00ab","MANIFEST_BOUND","hmail-perf-pair-100k-20260901","DE4DA2CDCDA01B1BE6D8C9BC98A377167205E940722D2BBCEE98A15A16ACB23A","net10","hmail_perf_pair_net10_20260831_213833","C:\hmail-perf-pair-100k-20260901\net10\Data","EBBF2395E8933C7BACE46AD51D451033745819B4B168934194C43B3B5121FAED","100","15","one TCP client and one sequential IMAP session per sample","0","PASS","E92ED927F40EA825DD551A4BA512B278123451CFAC76F908716AF84199904862","6FDC539CD1D13C7514886E7F7595F7A2A7107313E145AA44C7F0F223DA7B40B8","1","98","True","False","18.326",,"False","0","False","False","0","False"
"ba2af146-0d84-47c8-bc8c-26f21b5c00ab","MANIFEST_BOUND","hmail-perf-pair-100k-20260901","DE4DA2CDCDA01B1BE6D8C9BC98A377167205E940722D2BBCEE98A15A16ACB23A","net10","hmail_perf_pair_net10_20260831_213833","C:\hmail-perf-pair-100k-20260901\net10\Data","EBBF2395E8933C7BACE46AD51D451033745819B4B168934194C43B3B5121FAED","100","15","one TCP client and one sequential IMAP session per sample","0","PASS","E92ED927F40EA825DD551A4BA512B278123451CFAC76F908716AF84199904862","6FDC539CD1D13C7514886E7F7595F7A2A7107313E145AA44C7F0F223DA7B40B8","1","99","True","False","17.936",,"False","0","False","False","0","False"
"ba2af146-0d84-47c8-bc8c-26f21b5c00ab","MANIFEST_BOUND","hmail-perf-pair-100k-20260901","DE4DA2CDCDA01B1BE6D8C9BC98A377167205E940722D2BBCEE98A15A16ACB23A","net10","hmail_perf_pair_net10_20260831_213833","C:\hmail-perf-pair-100k-20260901\net10\Data","EBBF2395E8933C7BACE46AD51D451033745819B4B168934194C43B3B5121FAED","100","15","one TCP client and one sequential IMAP session per sample","0","PASS","E92ED927F40EA825DD551A4BA512B278123451CFAC76F908716AF84199904862","6FDC539CD1D13C7514886E7F7595F7A2A7107313E145AA44C7F0F223DA7B40B8","1","100","True","False","16.201",,"False","0","False","False","0","False"
"ba2af146-0d84-47c8-bc8c-26f21b5c00ab","MANIFEST_BOUND","hmail-perf-pair-100k-20260901","DE4DA2CDCDA01B1BE6D8C9BC98A377167205E940722D2BBCEE98A15A16ACB23A","net10","hmail_perf_pair_net10_20260831_213833","C:\hmail-perf-pair-100k-20260901\net10\Data","EBBF2395E8933C7BACE46AD51D451033745819B4B168934194C43B3B5121FAED","100","15","one TCP client and one sequential IMAP session per sample","0","PASS","E92ED927F40EA825DD551A4BA512B278123451CFAC76F908716AF84199904862","6FDC539CD1D13C7514886E7F7595F7A2A7107313E145AA44C7F0F223DA7B40B8","2","1","True","False","37.982",,"False","0","False","False","0","False"
"ba2af146-0d84-47c8-bc8c-26f21b5c00ab","MANIFEST_BOUND","hmail-perf-pair-100k-20260901","DE4DA2CDCDA01B1BE6D8C9BC98A377167205E940722D2BBCEE98A15A16ACB23A","net10","hmail_perf_pair_net10_20260831_213833","C:\hmail-perf-pair-100k-20260901\net10\Data","EBBF2395E8933C7BACE46AD51D451033745819B4B168934194C43B3B5121FAED","100","15","one TCP client and one sequential IMAP session per sample","0","PASS","E92ED927F40EA825DD551A4BA512B278123451CFAC76F908716AF84199904862","6FDC539CD1D13C7514886E7F7595F7A2A7107313E145AA44C7F0F223DA7B40B8","2","2","True","False","35.807",,"False","0","False","False","0","False"
"ba2af146-0d84-47c8-bc8c-26f21b5c00ab","MANIFEST_BOUND","hmail-perf-pair-100k-20260901","DE4DA2CDCDA01B1BE6D8C9BC98A377167205E940722D2BBCEE98A15A16ACB23A","net10","hmail_perf_pair_net10_20260831_213833","C:\hmail-perf-pair-100k-20260901\net10\Data","EBBF2395E8933C7BACE46AD51D451033745819B4B168934194C43B3B5121FAED","100","15","one TCP client and one sequential IMAP session per sample","0","PASS","E92ED927F40EA825DD551A4BA512B278123451CFAC76F908716AF84199904862","6FDC539CD1D13C7514886E7F7595F7A2A7107313E145AA44C7F0F223DA7B40B8","2","3","True","False","33.088",,"False","0","False","False","0","False"
"ba2af146-0d84-47c8-bc8c-26f21b5c00ab","MANIFEST_BOUND","hmail-perf-pair-100k-20260901","DE4DA2CDCDA01B1BE6D8C9BC98A377167205E940722D2BBCEE98A15A16ACB23A","net10","hmail_perf_pair_net10_20260831_213833","C:\hmail-perf-pair-100k-20260901\net10\Data","EBBF2395E8933C7BACE46AD51D451033745819B4B168934194C43B3B5121FAED","100","15","one TCP client and one sequential IMAP session per sample","0","PASS","E92ED927F40EA825DD551A4BA512B278123451CFAC76F908716AF84199904862","6FDC539CD1D13C7514886E7F7595F7A2A7107313E145AA44C7F0F223DA7B40B8","2","4","True","False","31.108",,"False","0","False","False","0","False"
"ba2af146-0d84-47c8-bc8c-26f21b5c00ab","MANIFEST_BOUND","hmail-perf-pair-100k-20260901","DE4DA2CDCDA01B1BE6D8C9BC98A377167205E940722D2BBCEE98A15A16ACB23A","net10","hmail_perf_pair_net10_20260831_213833","C:\hmail-perf-pair-100k-20260901\net10\Data","EBBF2395E8933C7BACE46AD51D451033745819B4B168934194C43B3B5121FAED","100","15","one TCP client and one sequential IMAP session per sample","0","PASS","E92ED927F40EA825DD551A4BA512B278123451CFAC76F908716AF84199904862","6FDC539CD1D13C7514886E7F7595F7A2A7107313E145AA44C7F0F223DA7B40B8","2","5","True","False","8.881",,"False","0","False","False","0","False"
"ba2af146-0d84-47c8-bc8c-26f21b5c00ab","MANIFEST_BOUND","hmail-perf-pair-100k-20260901","DE4DA2CDCDA01B1BE6D8C9BC98A377167205E940722D2BBCEE98A15A16ACB23A","net10","hmail_perf_pair_net10_20260831_213833","C:\hmail-perf-pair-100k-20260901\net10\Data","EBBF2395E8933C7BACE46AD51D451033745819B4B168934194C43B3B5121FAED","100","15","one TCP client and one sequential IMAP session per sample","0","PASS","E92ED927F40EA825DD551A4BA512B278123451CFAC76F908716AF84199904862","6FDC539CD1D13C7514886E7F7595F7A2A7107313E145AA44C7F0F223DA7B40B8","2","6","True","False","36.074",,"False","0","False","False","0","False"
"ba2af146-0d84-47c8-bc8c-26f21b5c00ab","MANIFEST_BOUND","hmail-perf-pair-100k-20260901","DE4DA2CDCDA01B1BE6D8C9BC98A377167205E940722D2BBCEE98A15A16ACB23A","net10","hmail_perf_pair_net10_20260831_213833","C:\hmail-perf-pair-100k-20260901\net10\Data","EBBF2395E8933C7BACE46AD51D451033745819B4B168934194C43B3B5121FAED","100","15","one TCP client and one sequential IMAP session per sample","0","PASS","E92ED927F40EA825DD551A4BA512B278123451CFAC76F908716AF84199904862","6FDC539CD1D13C7514886E7F7595F7A2A7107313E145AA44C7F0F223DA7B40B8","2","7","True","False","33.132",,"False","0","False","False","0","False"
"ba2af146-0d84-47c8-bc8c-26f21b5c00ab","MANIFEST_BOUND","hmail-perf-pair-100k-20260901","DE4DA2CDCDA01B1BE6D8C9BC98A377167205E940722D2BBCEE98A15A16ACB23A","net10","hmail_perf_pair_net10_20260831_213833","C:\hmail-perf-pair-100k-20260901\net10\Data","EBBF2395E8933C7BACE46AD51D451033745819B4B168934194C43B3B5121FAED","100","15","one TCP client and one sequential IMAP session per sample","0","PASS","E92ED927F40EA825DD551A4BA512B278123451CFAC76F908716AF84199904862","6FDC539CD1D13C7514886E7F7595F7A2A7107313E145AA44C7F0F223DA7B40B8","2","8","True","False","38.705",,"False","0","False","False","0","False"
"ba2af146-0d84-47c8-bc8c-26f21b5c00ab","MANIFEST_BOUND","hmail-perf-pair-100k-20260901","DE4DA2CDCDA01B1BE6D8C9BC98A377167205E940722D2BBCEE98A15A16ACB23A","net10","hmail_perf_pair_net10_20260831_213833","C:\hmail-perf-pair-100k-20260901\net10\Data","EBBF2395E8933C7BACE46AD51D451033745819B4B168934194C43B3B5121FAED","100","15","one TCP client and one sequential IMAP session per sample","0","PASS","E92ED927F40EA825DD551A4BA512B278123451CFAC76F908716AF84199904862","6FDC539CD1D13C7514886E7F7595F7A2A7107313E145AA44C7F0F223DA7B40B8","2","9","True","False","8.78",,"False","0","False","False","0","False"
"ba2af146-0d84-47c8-bc8c-26f21b5c00ab","MANIFEST_BOUND","hmail-perf-pair-100k-20260901","DE4DA2CDCDA01B1BE6D8C9BC98A377167205E940722D2BBCEE98A15A16ACB23A","net10","hmail_perf_pair_net10_20260831_213833","C:\hmail-perf-pair-100k-20260901\net10\Data","EBBF2395E8933C7BACE46AD51D451033745819B4B168934194C43B3B5121FAED","100","15","one TCP client and one sequential IMAP session per sample","0","PASS","E92ED927F40EA825DD551A4BA512B278123451CFAC76F908716AF84199904862","6FDC539CD1D13C7514886E7F7595F7A2A7107313E145AA44C7F0F223DA7B40B8","2","10","True","False","39.403",,"False","0","False","False","0","False"
"ba2af146-0d84-47c8-bc8c-26f21b5c00ab","MANIFEST_BOUND","hmail-perf-pair-100k-20260901","DE4DA2CDCDA01B1BE6D8C9BC98A377167205E940722D2BBCEE98A15A16ACB23A","net10","hmail_perf_pair_net10_20260831_213833","C:\hmail-perf-pair-100k-20260901\net10\Data","EBBF2395E8933C7BACE46AD51D451033745819B4B168934194C43B3B5121FAED","100","15","one TCP client and one sequential IMAP session per sample","0","PASS","E92ED927F40EA825DD551A4BA512B278123451CFAC76F908716AF84199904862","6FDC539CD1D13C7514886E7F7595F7A2A7107313E145AA44C7F0F223DA7B40B8","2","11","True","False","32.34",,"False","0","False","False","0","False"
"ba2af146-0d84-47c8-bc8c-26f21b5c00ab","MANIFEST_BOUND","hmail-perf-pair-100k-20260901","DE4DA2CDCDA01B1BE6D8C9BC98A377167205E940722D2BBCEE98A15A16ACB23A","net10","hmail_perf_pair_net10_20260831_213833","C:\hmail-perf-pair-100k-20260901\net10\Data","EBBF2395E8933C7BACE46AD51D451033745819B4B168934194C43B3B5121FAED","100","15","one TCP client and one sequential IMAP session per sample","0","PASS","E92ED927F40EA825DD551A4BA512B278123451CFAC76F908716AF84199904862","6FDC539CD1D13C7514886E7F7595F7A2A7107313E145AA44C7F0F223DA7B40B8","2","12","True","False","12.104",,"False","0","False","False","0","False"
"ba2af146-0d84-47c8-bc8c-26f21b5c00ab","MANIFEST_BOUND","hmail-perf-pair-100k-20260901","DE4DA2CDCDA01B1BE6D8C9BC98A377167205E940722D2BBCEE98A15A16ACB23A","net10","hmail_perf_pair_net10_20260831_213833","C:\hmail-perf-pair-100k-20260901\net10\Data","EBBF2395E8933C7BACE46AD51D451033745819B4B168934194C43B3B5121FAED","100","15","one TCP client and one sequential IMAP session per sample","0","PASS","E92ED927F40EA825DD551A4BA512B278123451CFAC76F908716AF84199904862","6FDC539CD1D13C7514886E7F7595F7A2A7107313E145AA44C7F0F223DA7B40B8","2","13","True","False","11.292",,"False","0","False","False","0","False"
"ba2af146-0d84-47c8-bc8c-26f21b5c00ab","MANIFEST_BOUND","hmail-perf-pair-100k-20260901","DE4DA2CDCDA01B1BE6D8C9BC98A377167205E940722D2BBCEE98A15A16ACB23A","net10","hmail_perf_pair_net10_20260831_213833","C:\hmail-perf-pair-100k-20260901\net10\Data","EBBF2395E8933C7BACE46AD51D451033745819B4B168934194C43B3B5121FAED","100","15","one TCP client and one sequential IMAP session per sample","0","PASS","E92ED927F40EA825DD551A4BA512B278123451CFAC76F908716AF84199904862","6FDC539CD1D13C7514886E7F7595F7A2A7107313E145AA44C7F0F223DA7B40B8","2","14","True","False","11.63",,"False","0","False","False","0","False"
"ba2af146-0d84-47c8-bc8c-26f21b5c00ab","MANIFEST_BOUND","hmail-perf-pair-100k-20260901","DE4DA2CDCDA01B1BE6D8C9BC98A377167205E940722D2BBCEE98A15A16ACB23A","net10","hmail_perf_pair_net10_20260831_213833","C:\hmail-perf-pair-100k-20260901\net10\Data","EBBF2395E8933C7BACE46AD51D451033745819B4B168934194C43B3B5121FAED","100","15","one TCP client and one sequential IMAP session per sample","0","PASS","E92ED927F40EA825DD551A4BA512B278123451CFAC76F908716AF84199904862","6FDC539CD1D13C7514886E7F7595F7A2A7107313E145AA44C7F0F223DA7B40B8","2","15","True","False","12.034",,"False","0","False","False","0","False"
"ba2af146-0d84-47c8-bc8c-26f21b5c00ab","MANIFEST_BOUND","hmail-perf-pair-100k-20260901","DE4DA2CDCDA01B1BE6D8C9BC98A377167205E940722D2BBCEE98A15A16ACB23A","net10","hmail_perf_pair_net10_20260831_213833","C:\hmail-perf-pair-100k-20260901\net10\Data","EBBF2395E8933C7BACE46AD51D451033745819B4B168934194C43B3B5121FAED","100","15","one TCP client and one sequential IMAP session per sample","0","PASS","E92ED927F40EA825DD551A4BA512B278123451CFAC76F908716AF84199904862","6FDC539CD1D13C7514886E7F7595F7A2A7107313E145AA44C7F0F223DA7B40B8","2","16","True","False","10.109",,"False","0","False","False","0","False"
"ba2af146-0d84-47c8-bc8c-26f21b5c00ab","MANIFEST_BOUND","hmail-perf-pair-100k-20260901","DE4DA2CDCDA01B1BE6D8C9BC98A377167205E940722D2BBCEE98A15A16ACB23A","net10","hmail_perf_pair_net10_20260831_213833","C:\hmail-perf-pair-100k-20260901\net10\Data","EBBF2395E8933C7BACE46AD51D451033745819B4B168934194C43B3B5121FAED","100","15","one TCP client and one sequential IMAP session per sample","0","PASS","E92ED927F40EA825DD551A4BA512B278123451CFAC76F908716AF84199904862","6FDC539CD1D13C7514886E7F7595F7A2A7107313E145AA44C7F0F223DA7B40B8","2","17","True","False","15.277",,"False","0","False","False","0","False"
"ba2af146-0d84-47c8-bc8c-26f21b5c00ab","MANIFEST_BOUND","hmail-perf-pair-100k-20260901","DE4DA2CDCDA01B1BE6D8C9BC98A377167205E940722D2BBCEE98A15A16ACB23A","net10","hmail_perf_pair_net10_20260831_213833","C:\hmail-perf-pair-100k-20260901\net10\Data","EBBF2395E8933C7BACE46AD51D451033745819B4B168934194C43B3B5121FAED","100","15","one TCP client and one sequential IMAP session per sample","0","PASS","E92ED927F40EA825DD551A4BA512B278123451CFAC76F908716AF84199904862","6FDC539CD1D13C7514886E7F7595F7A2A7107313E145AA44C7F0F223DA7B40B8","2","18","True","False","11.035",,"False","0","False","False","0","False"
"ba2af146-0d84-47c8-bc8c-26f21b5c00ab","MANIFEST_BOUND","hmail-perf-pair-100k-20260901","DE4DA2CDCDA01B1BE6D8C9BC98A377167205E940722D2BBCEE98A15A16ACB23A","net10","hmail_perf_pair_net10_20260831_213833","C:\hmail-perf-pair-100k-20260901\net10\Data","EBBF2395E8933C7BACE46AD51D451033745819B4B168934194C43B3B5121FAED","100","15","one TCP client and one sequential IMAP session per sample","0","PASS","E92ED927F40EA825DD551A4BA512B278123451CFAC76F908716AF84199904862","6FDC539CD1D13C7514886E7F7595F7A2A7107313E145AA44C7F0F223DA7B40B8","2","19","True","False","9.101",,"False","0","False","False","0","False"
"ba2af146-0d84-47c8-bc8c-26f21b5c00ab","MANIFEST_BOUND","hmail-perf-pair-100k-20260901","DE4DA2CDCDA01B1BE6D8C9BC98A377167205E940722D2BBCEE98A15A16ACB23A","net10","hmail_perf_pair_net10_20260831_213833","C:\hmail-perf-pair-100k-20260901\net10\Data","EBBF2395E8933C7BACE46AD51D451033745819B4B168934194C43B3B5121FAED","100","15","one TCP client and one sequential IMAP session per sample","0","PASS","E92ED927F40EA825DD551A4BA512B278123451CFAC76F908716AF84199904862","6FDC539CD1D13C7514886E7F7595F7A2A7107313E145AA44C7F0F223DA7B40B8","2","20","True","False","12.292",,"False","0","False","False","0","False"
"ba2af146-0d84-47c8-bc8c-26f21b5c00ab","MANIFEST_BOUND","hmail-perf-pair-100k-20260901","DE4DA2CDCDA01B1BE6D8C9BC98A377167205E940722D2BBCEE98A15A16ACB23A","net10","hmail_perf_pair_net10_20260831_213833","C:\hmail-perf-pair-100k-20260901\net10\Data","EBBF2395E8933C7BACE46AD51D451033745819B4B168934194C43B3B5121FAED","100","15","one TCP client and one sequential IMAP session per sample","0","PASS","E92ED927F40EA825DD551A4BA512B278123451CFAC76F908716AF84199904862","6FDC539CD1D13C7514886E7F7595F7A2A7107313E145AA44C7F0F223DA7B40B8","2","21","True","False","10.495",,"False","0","False","False","0","False"
"ba2af146-0d84-47c8-bc8c-26f21b5c00ab","MANIFEST_BOUND","hmail-perf-pair-100k-20260901","DE4DA2CDCDA01B1BE6D8C9BC98A377167205E940722D2BBCEE98A15A16ACB23A","net10","hmail_perf_pair_net10_20260831_213833","C:\hmail-perf-pair-100k-20260901\net10\Data","EBBF2395E8933C7BACE46AD51D451033745819B4B168934194C43B3B5121FAED","100","15","one TCP client and one sequential IMAP session per sample","0","PASS","E92ED927F40EA825DD551A4BA512B278123451CFAC76F908716AF84199904862","6FDC539CD1D13C7514886E7F7595F7A2A7107313E145AA44C7F0F223DA7B40B8","2","22","True","False","8.662",,"False","0","False","False","0","False"
"ba2af146-0d84-47c8-bc8c-26f21b5c00ab","MANIFEST_BOUND","hmail-perf-pair-100k-20260901","DE4DA2CDCDA01B1BE6D8C9BC98A377167205E940722D2BBCEE98A15A16ACB23A","net10","hmail_perf_pair_net10_20260831_213833","C:\hmail-perf-pair-100k-20260901\net10\Data","EBBF2395E8933C7BACE46AD51D451033745819B4B168934194C43B3B5121FAED","100","15","one TCP client and one sequential IMAP session per sample","0","PASS","E92ED927F40EA825DD551A4BA512B278123451CFAC76F908716AF84199904862","6FDC539CD1D13C7514886E7F7595F7A2A7107313E145AA44C7F0F223DA7B40B8","2","23","True","False","13.275",,"False","0","False","False","0","False"
"ba2af146-0d84-47c8-bc8c-26f21b5c00ab","MANIFEST_BOUND","hmail-perf-pair-100k-20260901","DE4DA2CDCDA01B1BE6D8C9BC98A377167205E940722D2BBCEE98A15A16ACB23A","net10","hmail_perf_pair_net10_20260831_213833","C:\hmail-perf-pair-100k-20260901\net10\Data","EBBF2395E8933C7BACE46AD51D451033745819B4B168934194C43B3B5121FAED","100","15","one TCP client and one sequential IMAP session per sample","0","PASS","E92ED927F40EA825DD551A4BA512B278123451CFAC76F908716AF84199904862","6FDC539CD1D13C7514886E7F7595F7A2A7107313E145AA44C7F0F223DA7B40B8","2","24","True","False","10.269",,"False","0","False","False","0","False"
"ba2af146-0d84-47c8-bc8c-26f21b5c00ab","MANIFEST_BOUND","hmail-perf-pair-100k-20260901","DE4DA2CDCDA01B1BE6D8C9BC98A377167205E940722D2BBCEE98A15A16ACB23A","net10","hmail_perf_pair_net10_20260831_213833","C:\hmail-perf-pair-100k-20260901\net10\Data","EBBF2395E8933C7BACE46AD51D451033745819B4B168934194C43B3B5121FAED","100","15","one TCP client and one sequential IMAP session per sample","0","PASS","E92ED927F40EA825DD551A4BA512B278123451CFAC76F908716AF84199904862","6FDC539CD1D13C7514886E7F7595F7A2A7107313E145AA44C7F0F223DA7B40B8","2","25","True","False","11.762",,"False","0","False","False","0","False"
"ba2af146-0d84-47c8-bc8c-26f21b5c00ab","MANIFEST_BOUND","hmail-perf-pair-100k-20260901","DE4DA2CDCDA01B1BE6D8C9BC98A377167205E940722D2BBCEE98A15A16ACB23A","net10","hmail_perf_pair_net10_20260831_213833","C:\hmail-perf-pair-100k-20260901\net10\Data","EBBF2395E8933C7BACE46AD51D451033745819B4B168934194C43B3B5121FAED","100","15","one TCP client and one sequential IMAP session per sample","0","PASS","E92ED927F40EA825DD551A4BA512B278123451CFAC76F908716AF84199904862","6FDC539CD1D13C7514886E7F7595F7A2A7107313E145AA44C7F0F223DA7B40B8","2","26","True","False","11.271",,"False","0","False","False","0","False"
"ba2af146-0d84-47c8-bc8c-26f21b5c00ab","MANIFEST_BOUND","hmail-perf-pair-100k-20260901","DE4DA2CDCDA01B1BE6D8C9BC98A377167205E940722D2BBCEE98A15A16ACB23A","net10","hmail_perf_pair_net10_20260831_213833","C:\hmail-perf-pair-100k-20260901\net10\Data","EBBF2395E8933C7BACE46AD51D451033745819B4B168934194C43B3B5121FAED","100","15","one TCP client and one sequential IMAP session per sample","0","PASS","E92ED927F40EA825DD551A4BA512B278123451CFAC76F908716AF84199904862","6FDC539CD1D13C7514886E7F7595F7A2A7107313E145AA44C7F0F223DA7B40B8","2","27","True","False","11.567",,"False","0","False","False","0","False"
"ba2af146-0d84-47c8-bc8c-26f21b5c00ab","MANIFEST_BOUND","hmail-perf-pair-100k-20260901","DE4DA2CDCDA01B1BE6D8C9BC98A377167205E940722D2BBCEE98A15A16ACB23A","net10","hmail_perf_pair_net10_20260831_213833","C:\hmail-perf-pair-100k-20260901\net10\Data","EBBF2395E8933C7BACE46AD51D451033745819B4B168934194C43B3B5121FAED","100","15","one TCP client and one sequential IMAP session per sample","0","PASS","E92ED927F40EA825DD551A4BA512B278123451CFAC76F908716AF84199904862","6FDC539CD1D13C7514886E7F7595F7A2A7107313E145AA44C7F0F223DA7B40B8","2","28","True","False","10.304",,"False","0","False","False","0","False"
"ba2af146-0d84-47c8-bc8c-26f21b5c00ab","MANIFEST_BOUND","hmail-perf-pair-100k-20260901","DE4DA2CDCDA01B1BE6D8C9BC98A377167205E940722D2BBCEE98A15A16ACB23A","net10","hmail_perf_pair_net10_20260831_213833","C:\hmail-perf-pair-100k-20260901\net10\Data","EBBF2395E8933C7BACE46AD51D451033745819B4B168934194C43B3B5121FAED","100","15","one TCP client and one sequential IMAP session per sample","0","PASS","E92ED927F40EA825DD551A4BA512B278123451CFAC76F908716AF84199904862","6FDC539CD1D13C7514886E7F7595F7A2A7107313E145AA44C7F0F223DA7B40B8","2","29","True","False","11.944",,"False","0","False","False","0","False"
"ba2af146-0d84-47c8-bc8c-26f21b5c00ab","MANIFEST_BOUND","hmail-perf-pair-100k-20260901","DE4DA2CDCDA01B1BE6D8C9BC98A377167205E940722D2BBCEE98A15A16ACB23A","net10","hmail_perf_pair_net10_20260831_213833","C:\hmail-perf-pair-100k-20260901\net10\Data","EBBF2395E8933C7BACE46AD51D451033745819B4B168934194C43B3B5121FAED","100","15","one TCP client and one sequential IMAP session per sample","0","PASS","E92ED927F40EA825DD551A4BA512B278123451CFAC76F908716AF84199904862","6FDC539CD1D13C7514886E7F7595F7A2A7107313E145AA44C7F0F223DA7B40B8","2","30","True","False","9.678",,"False","0","False","False","0","False"
"ba2af146-0d84-47c8-bc8c-26f21b5c00ab","MANIFEST_BOUND","hmail-perf-pair-100k-20260901","DE4DA2CDCDA01B1BE6D8C9BC98A377167205E940722D2BBCEE98A15A16ACB23A","net10","hmail_perf_pair_net10_20260831_213833","C:\hmail-perf-pair-100k-20260901\net10\Data","EBBF2395E8933C7BACE46AD51D451033745819B4B168934194C43B3B5121FAED","100","15","one TCP client and one sequential IMAP session per sample","0","PASS","E92ED927F40EA825DD551A4BA512B278123451CFAC76F908716AF84199904862","6FDC539CD1D13C7514886E7F7595F7A2A7107313E145AA44C7F0F223DA7B40B8","2","31","True","False","9.314",,"False","0","False","False","0","False"
"ba2af146-0d84-47c8-bc8c-26f21b5c00ab","MANIFEST_BOUND","hmail-perf-pair-100k-20260901","DE4DA2CDCDA01B1BE6D8C9BC98A377167205E940722D2BBCEE98A15A16ACB23A","net10","hmail_perf_pair_net10_20260831_213833","C:\hmail-perf-pair-100k-20260901\net10\Data","EBBF2395E8933C7BACE46AD51D451033745819B4B168934194C43B3B5121FAED","100","15","one TCP client and one sequential IMAP session per sample","0","PASS","E92ED927F40EA825DD551A4BA512B278123451CFAC76F908716AF84199904862","6FDC539CD1D13C7514886E7F7595F7A2A7107313E145AA44C7F0F223DA7B40B8","2","32","True","False","12.996",,"False","0","False","False","0","False"
"ba2af146-0d84-47c8-bc8c-26f21b5c00ab","MANIFEST_BOUND","hmail-perf-pair-100k-20260901","DE4DA2CDCDA01B1BE6D8C9BC98A377167205E940722D2BBCEE98A15A16ACB23A","net10","hmail_perf_pair_net10_20260831_213833","C:\hmail-perf-pair-100k-20260901\net10\Data","EBBF2395E8933C7BACE46AD51D451033745819B4B168934194C43B3B5121FAED","100","15","one TCP client and one sequential IMAP session per sample","0","PASS","E92ED927F40EA825DD551A4BA512B278123451CFAC76F908716AF84199904862","6FDC539CD1D13C7514886E7F7595F7A2A7107313E145AA44C7F0F223DA7B40B8","2","33","True","False","11.731",,"False","0","False","False","0","False"
"ba2af146-0d84-47c8-bc8c-26f21b5c00ab","MANIFEST_BOUND","hmail-perf-pair-100k-20260901","DE4DA2CDCDA01B1BE6D8C9BC98A377167205E940722D2BBCEE98A15A16ACB23A","net10","hmail_perf_pair_net10_20260831_213833","C:\hmail-perf-pair-100k-20260901\net10\Data","EBBF2395E8933C7BACE46AD51D451033745819B4B168934194C43B3B5121FAED","100","15","one TCP client and one sequential IMAP session per sample","0","PASS","E92ED927F40EA825DD551A4BA512B278123451CFAC76F908716AF84199904862","6FDC539CD1D13C7514886E7F7595F7A2A7107313E145AA44C7F0F223DA7B40B8","2","34","True","False","9.015",,"False","0","False","False","0","False"
"ba2af146-0d84-47c8-bc8c-26f21b5c00ab","MANIFEST_BOUND","hmail-perf-pair-100k-20260901","DE4DA2CDCDA01B1BE6D8C9BC98A377167205E940722D2BBCEE98A15A16ACB23A","net10","hmail_perf_pair_net10_20260831_213833","C:\hmail-perf-pair-100k-20260901\net10\Data","EBBF2395E8933C7BACE46AD51D451033745819B4B168934194C43B3B5121FAED","100","15","one TCP client and one sequential IMAP session per sample","0","PASS","E92ED927F40EA825DD551A4BA512B278123451CFAC76F908716AF84199904862","6FDC539CD1D13C7514886E7F7595F7A2A7107313E145AA44C7F0F223DA7B40B8","2","35","True","False","12.251",,"False","0","False","False","0","False"
"ba2af146-0d84-47c8-bc8c-26f21b5c00ab","MANIFEST_BOUND","hmail-perf-pair-100k-20260901","DE4DA2CDCDA01B1BE6D8C9BC98A377167205E940722D2BBCEE98A15A16ACB23A","net10","hmail_perf_pair_net10_20260831_213833","C:\hmail-perf-pair-100k-20260901\net10\Data","EBBF2395E8933C7BACE46AD51D451033745819B4B168934194C43B3B5121FAED","100","15","one TCP client and one sequential IMAP session per sample","0","PASS","E92ED927F40EA825DD551A4BA512B278123451CFAC76F908716AF84199904862","6FDC539CD1D13C7514886E7F7595F7A2A7107313E145AA44C7F0F223DA7B40B8","2","36","True","False","12.986",,"False","0","False","False","0","False"
"ba2af146-0d84-47c8-bc8c-26f21b5c00ab","MANIFEST_BOUND","hmail-perf-pair-100k-20260901","DE4DA2CDCDA01B1BE6D8C9BC98A377167205E940722D2BBCEE98A15A16ACB23A","net10","hmail_perf_pair_net10_20260831_213833","C:\hmail-perf-pair-100k-20260901\net10\Data","EBBF2395E8933C7BACE46AD51D451033745819B4B168934194C43B3B5121FAED","100","15","one TCP client and one sequential IMAP session per sample","0","PASS","E92ED927F40EA825DD551A4BA512B278123451CFAC76F908716AF84199904862","6FDC539CD1D13C7514886E7F7595F7A2A7107313E145AA44C7F0F223DA7B40B8","2","37","True","False","10.829",,"False","0","False","False","0","False"
"ba2af146-0d84-47c8-bc8c-26f21b5c00ab","MANIFEST_BOUND","hmail-perf-pair-100k-20260901","DE4DA2CDCDA01B1BE6D8C9BC98A377167205E940722D2BBCEE98A15A16ACB23A","net10","hmail_perf_pair_net10_20260831_213833","C:\hmail-perf-pair-100k-20260901\net10\Data","EBBF2395E8933C7BACE46AD51D451033745819B4B168934194C43B3B5121FAED","100","15","one TCP client and one sequential IMAP session per sample","0","PASS","E92ED927F40EA825DD551A4BA512B278123451CFAC76F908716AF84199904862","6FDC539CD1D13C7514886E7F7595F7A2A7107313E145AA44C7F0F223DA7B40B8","2","38","True","False","12.848",,"False","0","False","False","0","False"
"ba2af146-0d84-47c8-bc8c-26f21b5c00ab","MANIFEST_BOUND","hmail-perf-pair-100k-20260901","DE4DA2CDCDA01B1BE6D8C9BC98A377167205E940722D2BBCEE98A15A16ACB23A","net10","hmail_perf_pair_net10_20260831_213833","C:\hmail-perf-pair-100k-20260901\net10\Data","EBBF2395E8933C7BACE46AD51D451033745819B4B168934194C43B3B5121FAED","100","15","one TCP client and one sequential IMAP session per sample","0","PASS","E92ED927F40EA825DD551A4BA512B278123451CFAC76F908716AF84199904862","6FDC539CD1D13C7514886E7F7595F7A2A7107313E145AA44C7F0F223DA7B40B8","2","39","True","False","12.651",,"False","0","False","False","0","False"
"ba2af146-0d84-47c8-bc8c-26f21b5c00ab","MANIFEST_BOUND","hmail-perf-pair-100k-20260901","DE4DA2CDCDA01B1BE6D8C9BC98A377167205E940722D2BBCEE98A15A16ACB23A","net10","hmail_perf_pair_net10_20260831_213833","C:\hmail-perf-pair-100k-20260901\net10\Data","EBBF2395E8933C7BACE46AD51D451033745819B4B168934194C43B3B5121FAED","100","15","one TCP client and one sequential IMAP session per sample","0","PASS","E92ED927F40EA825DD551A4BA512B278123451CFAC76F908716AF84199904862","6FDC539CD1D13C7514886E7F7595F7A2A7107313E145AA44C7F0F223DA7B40B8","2","40","True","False","11.48",,"False","0","False","False","0","False"
"ba2af146-0d84-47c8-bc8c-26f21b5c00ab","MANIFEST_BOUND","hmail-perf-pair-100k-20260901","DE4DA2CDCDA01B1BE6D8C9BC98A377167205E940722D2BBCEE98A15A16ACB23A","net10","hmail_perf_pair_net10_20260831_213833","C:\hmail-perf-pair-100k-20260901\net10\Data","EBBF2395E8933C7BACE46AD51D451033745819B4B168934194C43B3B5121FAED","100","15","one TCP client and one sequential IMAP session per sample","0","PASS","E92ED927F40EA825DD551A4BA512B278123451CFAC76F908716AF84199904862","6FDC539CD1D13C7514886E7F7595F7A2A7107313E145AA44C7F0F223DA7B40B8","2","41","True","False","12.455",,"False","0","False","False","0","False"
"ba2af146-0d84-47c8-bc8c-26f21b5c00ab","MANIFEST_BOUND","hmail-perf-pair-100k-20260901","DE4DA2CDCDA01B1BE6D8C9BC98A377167205E940722D2BBCEE98A15A16ACB23A","net10","hmail_perf_pair_net10_20260831_213833","C:\hmail-perf-pair-100k-20260901\net10\Data","EBBF2395E8933C7BACE46AD51D451033745819B4B168934194C43B3B5121FAED","100","15","one TCP client and one sequential IMAP session per sample","0","PASS","E92ED927F40EA825DD551A4BA512B278123451CFAC76F908716AF84199904862","6FDC539CD1D13C7514886E7F7595F7A2A7107313E145AA44C7F0F223DA7B40B8","2","42","True","False","13.225",,"False","0","False","False","0","False"
"ba2af146-0d84-47c8-bc8c-26f21b5c00ab","MANIFEST_BOUND","hmail-perf-pair-100k-20260901","DE4DA2CDCDA01B1BE6D8C9BC98A377167205E940722D2BBCEE98A15A16ACB23A","net10","hmail_perf_pair_net10_20260831_213833","C:\hmail-perf-pair-100k-20260901\net10\Data","EBBF2395E8933C7BACE46AD51D451033745819B4B168934194C43B3B5121FAED","100","15","one TCP client and one sequential IMAP session per sample","0","PASS","E92ED927F40EA825DD551A4BA512B278123451CFAC76F908716AF84199904862","6FDC539CD1D13C7514886E7F7595F7A2A7107313E145AA44C7F0F223DA7B40B8","2","43","True","False","11.779",,"False","0","False","False","0","False"
"ba2af146-0d84-47c8-bc8c-26f21b5c00ab","MANIFEST_BOUND","hmail-perf-pair-100k-20260901","DE4DA2CDCDA01B1BE6D8C9BC98A377167205E940722D2BBCEE98A15A16ACB23A","net10","hmail_perf_pair_net10_20260831_213833","C:\hmail-perf-pair-100k-20260901\net10\Data","EBBF2395E8933C7BACE46AD51D451033745819B4B168934194C43B3B5121FAED","100","15","one TCP client and one sequential IMAP session per sample","0","PASS","E92ED927F40EA825DD551A4BA512B278123451CFAC76F908716AF84199904862","6FDC539CD1D13C7514886E7F7595F7A2A7107313E145AA44C7F0F223DA7B40B8","2","44","True","False","11.676",,"False","0","False","False","0","False"
"ba2af146-0d84-47c8-bc8c-26f21b5c00ab","MANIFEST_BOUND","hmail-perf-pair-100k-20260901","DE4DA2CDCDA01B1BE6D8C9BC98A377167205E940722D2BBCEE98A15A16ACB23A","net10","hmail_perf_pair_net10_20260831_213833","C:\hmail-perf-pair-100k-20260901\net10\Data","EBBF2395E8933C7BACE46AD51D451033745819B4B168934194C43B3B5121FAED","100","15","one TCP client and one sequential IMAP session per sample","0","PASS","E92ED927F40EA825DD551A4BA512B278123451CFAC76F908716AF84199904862","6FDC539CD1D13C7514886E7F7595F7A2A7107313E145AA44C7F0F223DA7B40B8","2","45","True","False","13.037",,"False","0","False","False","0","False"
"ba2af146-0d84-47c8-bc8c-26f21b5c00ab","MANIFEST_BOUND","hmail-perf-pair-100k-20260901","DE4DA2CDCDA01B1BE6D8C9BC98A377167205E940722D2BBCEE98A15A16ACB23A","net10","hmail_perf_pair_net10_20260831_213833","C:\hmail-perf-pair-100k-20260901\net10\Data","EBBF2395E8933C7BACE46AD51D451033745819B4B168934194C43B3B5121FAED","100","15","one TCP client and one sequential IMAP session per sample","0","PASS","E92ED927F40EA825DD551A4BA512B278123451CFAC76F908716AF84199904862","6FDC539CD1D13C7514886E7F7595F7A2A7107313E145AA44C7F0F223DA7B40B8","2","46","True","False","12.716",,"False","0","False","False","0","False"
"ba2af146-0d84-47c8-bc8c-26f21b5c00ab","MANIFEST_BOUND","hmail-perf-pair-100k-20260901","DE4DA2CDCDA01B1BE6D8C9BC98A377167205E940722D2BBCEE98A15A16ACB23A","net10","hmail_perf_pair_net10_20260831_213833","C:\hmail-perf-pair-100k-20260901\net10\Data","EBBF2395E8933C7BACE46AD51D451033745819B4B168934194C43B3B5121FAED","100","15","one TCP client and one sequential IMAP session per sample","0","PASS","E92ED927F40EA825DD551A4BA512B278123451CFAC76F908716AF84199904862","6FDC539CD1D13C7514886E7F7595F7A2A7107313E145AA44C7F0F223DA7B40B8","2","47","True","False","10.574",,"False","0","False","False","0","False"
"ba2af146-0d84-47c8-bc8c-26f21b5c00ab","MANIFEST_BOUND","hmail-perf-pair-100k-20260901","DE4DA2CDCDA01B1BE6D8C9BC98A377167205E940722D2BBCEE98A15A16ACB23A","net10","hmail_perf_pair_net10_20260831_213833","C:\hmail-perf-pair-100k-20260901\net10\Data","EBBF2395E8933C7BACE46AD51D451033745819B4B168934194C43B3B5121FAED","100","15","one TCP client and one sequential IMAP session per sample","0","PASS","E92ED927F40EA825DD551A4BA512B278123451CFAC76F908716AF84199904862","6FDC539CD1D13C7514886E7F7595F7A2A7107313E145AA44C7F0F223DA7B40B8","2","48","True","False","13.487",,"False","0","False","False","0","False"
"ba2af146-0d84-47c8-bc8c-26f21b5c00ab","MANIFEST_BOUND","hmail-perf-pair-100k-20260901","DE4DA2CDCDA01B1BE6D8C9BC98A377167205E940722D2BBCEE98A15A16ACB23A","net10","hmail_perf_pair_net10_20260831_213833","C:\hmail-perf-pair-100k-20260901\net10\Data","EBBF2395E8933C7BACE46AD51D451033745819B4B168934194C43B3B5121FAED","100","15","one TCP client and one sequential IMAP session per sample","0","PASS","E92ED927F40EA825DD551A4BA512B278123451CFAC76F908716AF84199904862","6FDC539CD1D13C7514886E7F7595F7A2A7107313E145AA44C7F0F223DA7B40B8","2","49","True","False","12.406",,"False","0","False","False","0","False"
"ba2af146-0d84-47c8-bc8c-26f21b5c00ab","MANIFEST_BOUND","hmail-perf-pair-100k-20260901","DE4DA2CDCDA01B1BE6D8C9BC98A377167205E940722D2BBCEE98A15A16ACB23A","net10","hmail_perf_pair_net10_20260831_213833","C:\hmail-perf-pair-100k-20260901\net10\Data","EBBF2395E8933C7BACE46AD51D451033745819B4B168934194C43B3B5121FAED","100","15","one TCP client and one sequential IMAP session per sample","0","PASS","E92ED927F40EA825DD551A4BA512B278123451CFAC76F908716AF84199904862","6FDC539CD1D13C7514886E7F7595F7A2A7107313E145AA44C7F0F223DA7B40B8","2","50","True","False","12.364",,"False","0","False","False","0","False"
"ba2af146-0d84-47c8-bc8c-26f21b5c00ab","MANIFEST_BOUND","hmail-perf-pair-100k-20260901","DE4DA2CDCDA01B1BE6D8C9BC98A377167205E940722D2BBCEE98A15A16ACB23A","net10","hmail_perf_pair_net10_20260831_213833","C:\hmail-perf-pair-100k-20260901\net10\Data","EBBF2395E8933C7BACE46AD51D451033745819B4B168934194C43B3B5121FAED","100","15","one TCP client and one sequential IMAP session per sample","0","PASS","E92ED927F40EA825DD551A4BA512B278123451CFAC76F908716AF84199904862","6FDC539CD1D13C7514886E7F7595F7A2A7107313E145AA44C7F0F223DA7B40B8","2","51","True","False","8.133",,"False","0","False","False","0","False"
"ba2af146-0d84-47c8-bc8c-26f21b5c00ab","MANIFEST_BOUND","hmail-perf-pair-100k-20260901","DE4DA2CDCDA01B1BE6D8C9BC98A377167205E940722D2BBCEE98A15A16ACB23A","net10","hmail_perf_pair_net10_20260831_213833","C:\hmail-perf-pair-100k-20260901\net10\Data","EBBF2395E8933C7BACE46AD51D451033745819B4B168934194C43B3B5121FAED","100","15","one TCP client and one sequential IMAP session per sample","0","PASS","E92ED927F40EA825DD551A4BA512B278123451CFAC76F908716AF84199904862","6FDC539CD1D13C7514886E7F7595F7A2A7107313E145AA44C7F0F223DA7B40B8","2","52","True","False","8.514",,"False","0","False","False","0","False"
"ba2af146-0d84-47c8-bc8c-26f21b5c00ab","MANIFEST_BOUND","hmail-perf-pair-100k-20260901","DE4DA2CDCDA01B1BE6D8C9BC98A377167205E940722D2BBCEE98A15A16ACB23A","net10","hmail_perf_pair_net10_20260831_213833","C:\hmail-perf-pair-100k-20260901\net10\Data","EBBF2395E8933C7BACE46AD51D451033745819B4B168934194C43B3B5121FAED","100","15","one TCP client and one sequential IMAP session per sample","0","PASS","E92ED927F40EA825DD551A4BA512B278123451CFAC76F908716AF84199904862","6FDC539CD1D13C7514886E7F7595F7A2A7107313E145AA44C7F0F223DA7B40B8","2","53","True","False","10.005",,"False","0","False","False","0","False"
"ba2af146-0d84-47c8-bc8c-26f21b5c00ab","MANIFEST_BOUND","hmail-perf-pair-100k-20260901","DE4DA2CDCDA01B1BE6D8C9BC98A377167205E940722D2BBCEE98A15A16ACB23A","net10","hmail_perf_pair_net10_20260831_213833","C:\hmail-perf-pair-100k-20260901\net10\Data","EBBF2395E8933C7BACE46AD51D451033745819B4B168934194C43B3B5121FAED","100","15","one TCP client and one sequential IMAP session per sample","0","PASS","E92ED927F40EA825DD551A4BA512B278123451CFAC76F908716AF84199904862","6FDC539CD1D13C7514886E7F7595F7A2A7107313E145AA44C7F0F223DA7B40B8","2","54","True","False","5.848",,"False","0","False","False","0","False"
"ba2af146-0d84-47c8-bc8c-26f21b5c00ab","MANIFEST_BOUND","hmail-perf-pair-100k-20260901","DE4DA2CDCDA01B1BE6D8C9BC98A377167205E940722D2BBCEE98A15A16ACB23A","net10","hmail_perf_pair_net10_20260831_213833","C:\hmail-perf-pair-100k-20260901\net10\Data","EBBF2395E8933C7BACE46AD51D451033745819B4B168934194C43B3B5121FAED","100","15","one TCP client and one sequential IMAP session per sample","0","PASS","E92ED927F40EA825DD551A4BA512B278123451CFAC76F908716AF84199904862","6FDC539CD1D13C7514886E7F7595F7A2A7107313E145AA44C7F0F223DA7B40B8","2","55","True","False","7.429",,"False","0","False","False","0","False"
"ba2af146-0d84-47c8-bc8c-26f21b5c00ab","MANIFEST_BOUND","hmail-perf-pair-100k-20260901","DE4DA2CDCDA01B1BE6D8C9BC98A377167205E940722D2BBCEE98A15A16ACB23A","net10","hmail_perf_pair_net10_20260831_213833","C:\hmail-perf-pair-100k-20260901\net10\Data","EBBF2395E8933C7BACE46AD51D451033745819B4B168934194C43B3B5121FAED","100","15","one TCP client and one sequential IMAP session per sample","0","PASS","E92ED927F40EA825DD551A4BA512B278123451CFAC76F908716AF84199904862","6FDC539CD1D13C7514886E7F7595F7A2A7107313E145AA44C7F0F223DA7B40B8","2","56","True","False","6.336",,"False","0","False","False","0","False"
"ba2af146-0d84-47c8-bc8c-26f21b5c00ab","MANIFEST_BOUND","hmail-perf-pair-100k-20260901","DE4DA2CDCDA01B1BE6D8C9BC98A377167205E940722D2BBCEE98A15A16ACB23A","net10","hmail_perf_pair_net10_20260831_213833","C:\hmail-perf-pair-100k-20260901\net10\Data","EBBF2395E8933C7BACE46AD51D451033745819B4B168934194C43B3B5121FAED","100","15","one TCP client and one sequential IMAP session per sample","0","PASS","E92ED927F40EA825DD551A4BA512B278123451CFAC76F908716AF84199904862","6FDC539CD1D13C7514886E7F7595F7A2A7107313E145AA44C7F0F223DA7B40B8","2","57","True","False","6.556",,"False","0","False","False","0","False"
"ba2af146-0d84-47c8-bc8c-26f21b5c00ab","MANIFEST_BOUND","hmail-perf-pair-100k-20260901","DE4DA2CDCDA01B1BE6D8C9BC98A377167205E940722D2BBCEE98A15A16ACB23A","net10","hmail_perf_pair_net10_20260831_213833","C:\hmail-perf-pair-100k-20260901\net10\Data","EBBF2395E8933C7BACE46AD51D451033745819B4B168934194C43B3B5121FAED","100","15","one TCP client and one sequential IMAP session per sample","0","PASS","E92ED927F40EA825DD551A4BA512B278123451CFAC76F908716AF84199904862","6FDC539CD1D13C7514886E7F7595F7A2A7107313E145AA44C7F0F223DA7B40B8","2","58","True","False","13.42",,"False","0","False","False","0","False"
"ba2af146-0d84-47c8-bc8c-26f21b5c00ab","MANIFEST_BOUND","hmail-perf-pair-100k-20260901","DE4DA2CDCDA01B1BE6D8C9BC98A377167205E940722D2BBCEE98A15A16ACB23A","net10","hmail_perf_pair_net10_20260831_213833","C:\hmail-perf-pair-100k-20260901\net10\Data","EBBF2395E8933C7BACE46AD51D451033745819B4B168934194C43B3B5121FAED","100","15","one TCP client and one sequential IMAP session per sample","0","PASS","E92ED927F40EA825DD551A4BA512B278123451CFAC76F908716AF84199904862","6FDC539CD1D13C7514886E7F7595F7A2A7107313E145AA44C7F0F223DA7B40B8","2","59","True","False","5.505",,"False","0","False","False","0","False"
"ba2af146-0d84-47c8-bc8c-26f21b5c00ab","MANIFEST_BOUND","hmail-perf-pair-100k-20260901","DE4DA2CDCDA01B1BE6D8C9BC98A377167205E940722D2BBCEE98A15A16ACB23A","net10","hmail_perf_pair_net10_20260831_213833","C:\hmail-perf-pair-100k-20260901\net10\Data","EBBF2395E8933C7BACE46AD51D451033745819B4B168934194C43B3B5121FAED","100","15","one TCP client and one sequential IMAP session per sample","0","PASS","E92ED927F40EA825DD551A4BA512B278123451CFAC76F908716AF84199904862","6FDC539CD1D13C7514886E7F7595F7A2A7107313E145AA44C7F0F223DA7B40B8","2","60","True","False","13.237",,"False","0","False","False","0","False"
"ba2af146-0d84-47c8-bc8c-26f21b5c00ab","MANIFEST_BOUND","hmail-perf-pair-100k-20260901","DE4DA2CDCDA01B1BE6D8C9BC98A377167205E940722D2BBCEE98A15A16ACB23A","net10","hmail_perf_pair_net10_20260831_213833","C:\hmail-perf-pair-100k-20260901\net10\Data","EBBF2395E8933C7BACE46AD51D451033745819B4B168934194C43B3B5121FAED","100","15","one TCP client and one sequential IMAP session per sample","0","PASS","E92ED927F40EA825DD551A4BA512B278123451CFAC76F908716AF84199904862","6FDC539CD1D13C7514886E7F7595F7A2A7107313E145AA44C7F0F223DA7B40B8","2","61","True","False","13.035",,"False","0","False","False","0","False"
"ba2af146-0d84-47c8-bc8c-26f21b5c00ab","MANIFEST_BOUND","hmail-perf-pair-100k-20260901","DE4DA2CDCDA01B1BE6D8C9BC98A377167205E940722D2BBCEE98A15A16ACB23A","net10","hmail_perf_pair_net10_20260831_213833","C:\hmail-perf-pair-100k-20260901\net10\Data","EBBF2395E8933C7BACE46AD51D451033745819B4B168934194C43B3B5121FAED","100","15","one TCP client and one sequential IMAP session per sample","0","PASS","E92ED927F40EA825DD551A4BA512B278123451CFAC76F908716AF84199904862","6FDC539CD1D13C7514886E7F7595F7A2A7107313E145AA44C7F0F223DA7B40B8","2","62","True","False","12.566",,"False","0","False","False","0","False"
"ba2af146-0d84-47c8-bc8c-26f21b5c00ab","MANIFEST_BOUND","hmail-perf-pair-100k-20260901","DE4DA2CDCDA01B1BE6D8C9BC98A377167205E940722D2BBCEE98A15A16ACB23A","net10","hmail_perf_pair_net10_20260831_213833","C:\hmail-perf-pair-100k-20260901\net10\Data","EBBF2395E8933C7BACE46AD51D451033745819B4B168934194C43B3B5121FAED","100","15","one TCP client and one sequential IMAP session per sample","0","PASS","E92ED927F40EA825DD551A4BA512B278123451CFAC76F908716AF84199904862","6FDC539CD1D13C7514886E7F7595F7A2A7107313E145AA44C7F0F223DA7B40B8","2","63","True","False","13.114",,"False","0","False","False","0","False"
"ba2af146-0d84-47c8-bc8c-26f21b5c00ab","MANIFEST_BOUND","hmail-perf-pair-100k-20260901","DE4DA2CDCDA01B1BE6D8C9BC98A377167205E940722D2BBCEE98A15A16ACB23A","net10","hmail_perf_pair_net10_20260831_213833","C:\hmail-perf-pair-100k-20260901\net10\Data","EBBF2395E8933C7BACE46AD51D451033745819B4B168934194C43B3B5121FAED","100","15","one TCP client and one sequential IMAP session per sample","0","PASS","E92ED927F40EA825DD551A4BA512B278123451CFAC76F908716AF84199904862","6FDC539CD1D13C7514886E7F7595F7A2A7107313E145AA44C7F0F223DA7B40B8","2","64","True","False","33.544",,"False","0","False","False","0","False"
"ba2af146-0d84-47c8-bc8c-26f21b5c00ab","MANIFEST_BOUND","hmail-perf-pair-100k-20260901","DE4DA2CDCDA01B1BE6D8C9BC98A377167205E940722D2BBCEE98A15A16ACB23A","net10","hmail_perf_pair_net10_20260831_213833","C:\hmail-perf-pair-100k-20260901\net10\Data","EBBF2395E8933C7BACE46AD51D451033745819B4B168934194C43B3B5121FAED","100","15","one TCP client and one sequential IMAP session per sample","0","PASS","E92ED927F40EA825DD551A4BA512B278123451CFAC76F908716AF84199904862","6FDC539CD1D13C7514886E7F7595F7A2A7107313E145AA44C7F0F223DA7B40B8","2","65","True","False","41.092",,"False","0","False","False","0","False"
"ba2af146-0d84-47c8-bc8c-26f21b5c00ab","MANIFEST_BOUND","hmail-perf-pair-100k-20260901","DE4DA2CDCDA01B1BE6D8C9BC98A377167205E940722D2BBCEE98A15A16ACB23A","net10","hmail_perf_pair_net10_20260831_213833","C:\hmail-perf-pair-100k-20260901\net10\Data","EBBF2395E8933C7BACE46AD51D451033745819B4B168934194C43B3B5121FAED","100","15","one TCP client and one sequential IMAP session per sample","0","PASS","E92ED927F40EA825DD551A4BA512B278123451CFAC76F908716AF84199904862","6FDC539CD1D13C7514886E7F7595F7A2A7107313E145AA44C7F0F223DA7B40B8","2","66","True","False","39.056",,"False","0","False","False","0","False"
"ba2af146-0d84-47c8-bc8c-26f21b5c00ab","MANIFEST_BOUND","hmail-perf-pair-100k-20260901","DE4DA2CDCDA01B1BE6D8C9BC98A377167205E940722D2BBCEE98A15A16ACB23A","net10","hmail_perf_pair_net10_20260831_213833","C:\hmail-perf-pair-100k-20260901\net10\Data","EBBF2395E8933C7BACE46AD51D451033745819B4B168934194C43B3B5121FAED","100","15","one TCP client and one sequential IMAP session per sample","0","PASS","E92ED927F40EA825DD551A4BA512B278123451CFAC76F908716AF84199904862","6FDC539CD1D13C7514886E7F7595F7A2A7107313E145AA44C7F0F223DA7B40B8","2","67","True","False","40.667",,"False","0","False","False","0","False"
"ba2af146-0d84-47c8-bc8c-26f21b5c00ab","MANIFEST_BOUND","hmail-perf-pair-100k-20260901","DE4DA2CDCDA01B1BE6D8C9BC98A377167205E940722D2BBCEE98A15A16ACB23A","net10","hmail_perf_pair_net10_20260831_213833","C:\hmail-perf-pair-100k-20260901\net10\Data","EBBF2395E8933C7BACE46AD51D451033745819B4B168934194C43B3B5121FAED","100","15","one TCP client and one sequential IMAP session per sample","0","PASS","E92ED927F40EA825DD551A4BA512B278123451CFAC76F908716AF84199904862","6FDC539CD1D13C7514886E7F7595F7A2A7107313E145AA44C7F0F223DA7B40B8","2","68","True","False","39.172",,"False","0","False","False","0","False"
"ba2af146-0d84-47c8-bc8c-26f21b5c00ab","MANIFEST_BOUND","hmail-perf-pair-100k-20260901","DE4DA2CDCDA01B1BE6D8C9BC98A377167205E940722D2BBCEE98A15A16ACB23A","net10","hmail_perf_pair_net10_20260831_213833","C:\hmail-perf-pair-100k-20260901\net10\Data","EBBF2395E8933C7BACE46AD51D451033745819B4B168934194C43B3B5121FAED","100","15","one TCP client and one sequential IMAP session per sample","0","PASS","E92ED927F40EA825DD551A4BA512B278123451CFAC76F908716AF84199904862","6FDC539CD1D13C7514886E7F7595F7A2A7107313E145AA44C7F0F223DA7B40B8","2","69","True","False","8.699",,"False","0","False","False","0","False"
"ba2af146-0d84-47c8-bc8c-26f21b5c00ab","MANIFEST_BOUND","hmail-perf-pair-100k-20260901","DE4DA2CDCDA01B1BE6D8C9BC98A377167205E940722D2BBCEE98A15A16ACB23A","net10","hmail_perf_pair_net10_20260831_213833","C:\hmail-perf-pair-100k-20260901\net10\Data","EBBF2395E8933C7BACE46AD51D451033745819B4B168934194C43B3B5121FAED","100","15","one TCP client and one sequential IMAP session per sample","0","PASS","E92ED927F40EA825DD551A4BA512B278123451CFAC76F908716AF84199904862","6FDC539CD1D13C7514886E7F7595F7A2A7107313E145AA44C7F0F223DA7B40B8","2","70","True","False","8.56",,"False","0","False","False","0","False"
"ba2af146-0d84-47c8-bc8c-26f21b5c00ab","MANIFEST_BOUND","hmail-perf-pair-100k-20260901","DE4DA2CDCDA01B1BE6D8C9BC98A377167205E940722D2BBCEE98A15A16ACB23A","net10","hmail_perf_pair_net10_20260831_213833","C:\hmail-perf-pair-100k-20260901\net10\Data","EBBF2395E8933C7BACE46AD51D451033745819B4B168934194C43B3B5121FAED","100","15","one TCP client and one sequential IMAP session per sample","0","PASS","E92ED927F40EA825DD551A4BA512B278123451CFAC76F908716AF84199904862","6FDC539CD1D13C7514886E7F7595F7A2A7107313E145AA44C7F0F223DA7B40B8","2","71","True","False","38.71",,"False","0","False","False","0","False"
"ba2af146-0d84-47c8-bc8c-26f21b5c00ab","MANIFEST_BOUND","hmail-perf-pair-100k-20260901","DE4DA2CDCDA01B1BE6D8C9BC98A377167205E940722D2BBCEE98A15A16ACB23A","net10","hmail_perf_pair_net10_20260831_213833","C:\hmail-perf-pair-100k-20260901\net10\Data","EBBF2395E8933C7BACE46AD51D451033745819B4B168934194C43B3B5121FAED","100","15","one TCP client and one sequential IMAP session per sample","0","PASS","E92ED927F40EA825DD551A4BA512B278123451CFAC76F908716AF84199904862","6FDC539CD1D13C7514886E7F7595F7A2A7107313E145AA44C7F0F223DA7B40B8","2","72","True","False","31.57",,"False","0","False","False","0","False"
"ba2af146-0d84-47c8-bc8c-26f21b5c00ab","MANIFEST_BOUND","hmail-perf-pair-100k-20260901","DE4DA2CDCDA01B1BE6D8C9BC98A377167205E940722D2BBCEE98A15A16ACB23A","net10","hmail_perf_pair_net10_20260831_213833","C:\hmail-perf-pair-100k-20260901\net10\Data","EBBF2395E8933C7BACE46AD51D451033745819B4B168934194C43B3B5121FAED","100","15","one TCP client and one sequential IMAP session per sample","0","PASS","E92ED927F40EA825DD551A4BA512B278123451CFAC76F908716AF84199904862","6FDC539CD1D13C7514886E7F7595F7A2A7107313E145AA44C7F0F223DA7B40B8","2","73","True","False","3.867",,"False","0","False","False","0","False"
"ba2af146-0d84-47c8-bc8c-26f21b5c00ab","MANIFEST_BOUND","hmail-perf-pair-100k-20260901","DE4DA2CDCDA01B1BE6D8C9BC98A377167205E940722D2BBCEE98A15A16ACB23A","net10","hmail_perf_pair_net10_20260831_213833","C:\hmail-perf-pair-100k-20260901\net10\Data","EBBF2395E8933C7BACE46AD51D451033745819B4B168934194C43B3B5121FAED","100","15","one TCP client and one sequential IMAP session per sample","0","PASS","E92ED927F40EA825DD551A4BA512B278123451CFAC76F908716AF84199904862","6FDC539CD1D13C7514886E7F7595F7A2A7107313E145AA44C7F0F223DA7B40B8","2","74","True","False","11.087",,"False","0","False","False","0","False"
"ba2af146-0d84-47c8-bc8c-26f21b5c00ab","MANIFEST_BOUND","hmail-perf-pair-100k-20260901","DE4DA2CDCDA01B1BE6D8C9BC98A377167205E940722D2BBCEE98A15A16ACB23A","net10","hmail_perf_pair_net10_20260831_213833","C:\hmail-perf-pair-100k-20260901\net10\Data","EBBF2395E8933C7BACE46AD51D451033745819B4B168934194C43B3B5121FAED","100","15","one TCP client and one sequential IMAP session per sample","0","PASS","E92ED927F40EA825DD551A4BA512B278123451CFAC76F908716AF84199904862","6FDC539CD1D13C7514886E7F7595F7A2A7107313E145AA44C7F0F223DA7B40B8","2","75","True","False","8.308",,"False","0","False","False","0","False"
"ba2af146-0d84-47c8-bc8c-26f21b5c00ab","MANIFEST_BOUND","hmail-perf-pair-100k-20260901","DE4DA2CDCDA01B1BE6D8C9BC98A377167205E940722D2BBCEE98A15A16ACB23A","net10","hmail_perf_pair_net10_20260831_213833","C:\hmail-perf-pair-100k-20260901\net10\Data","EBBF2395E8933C7BACE46AD51D451033745819B4B168934194C43B3B5121FAED","100","15","one TCP client and one sequential IMAP session per sample","0","PASS","E92ED927F40EA825DD551A4BA512B278123451CFAC76F908716AF84199904862","6FDC539CD1D13C7514886E7F7595F7A2A7107313E145AA44C7F0F223DA7B40B8","2","76","True","False","6.862",,"False","0","False","False","0","False"
"ba2af146-0d84-47c8-bc8c-26f21b5c00ab","MANIFEST_BOUND","hmail-perf-pair-100k-20260901","DE4DA2CDCDA01B1BE6D8C9BC98A377167205E940722D2BBCEE98A15A16ACB23A","net10","hmail_perf_pair_net10_20260831_213833","C:\hmail-perf-pair-100k-20260901\net10\Data","EBBF2395E8933C7BACE46AD51D451033745819B4B168934194C43B3B5121FAED","100","15","one TCP client and one sequential IMAP session per sample","0","PASS","E92ED927F40EA825DD551A4BA512B278123451CFAC76F908716AF84199904862","6FDC539CD1D13C7514886E7F7595F7A2A7107313E145AA44C7F0F223DA7B40B8","2","77","True","False","7.44",,"False","0","False","False","0","False"
"ba2af146-0d84-47c8-bc8c-26f21b5c00ab","MANIFEST_BOUND","hmail-perf-pair-100k-20260901","DE4DA2CDCDA01B1BE6D8C9BC98A377167205E940722D2BBCEE98A15A16ACB23A","net10","hmail_perf_pair_net10_20260831_213833","C:\hmail-perf-pair-100k-20260901\net10\Data","EBBF2395E8933C7BACE46AD51D451033745819B4B168934194C43B3B5121FAED","100","15","one TCP client and one sequential IMAP session per sample","0","PASS","E92ED927F40EA825DD551A4BA512B278123451CFAC76F908716AF84199904862","6FDC539CD1D13C7514886E7F7595F7A2A7107313E145AA44C7F0F223DA7B40B8","2","78","True","False","12.684",,"False","0","False","False","0","False"
"ba2af146-0d84-47c8-bc8c-26f21b5c00ab","MANIFEST_BOUND","hmail-perf-pair-100k-20260901","DE4DA2CDCDA01B1BE6D8C9BC98A377167205E940722D2BBCEE98A15A16ACB23A","net10","hmail_perf_pair_net10_20260831_213833","C:\hmail-perf-pair-100k-20260901\net10\Data","EBBF2395E8933C7BACE46AD51D451033745819B4B168934194C43B3B5121FAED","100","15","one TCP client and one sequential IMAP session per sample","0","PASS","E92ED927F40EA825DD551A4BA512B278123451CFAC76F908716AF84199904862","6FDC539CD1D13C7514886E7F7595F7A2A7107313E145AA44C7F0F223DA7B40B8","2","79","True","False","13.377",,"False","0","False","False","0","False"
"ba2af146-0d84-47c8-bc8c-26f21b5c00ab","MANIFEST_BOUND","hmail-perf-pair-100k-20260901","DE4DA2CDCDA01B1BE6D8C9BC98A377167205E940722D2BBCEE98A15A16ACB23A","net10","hmail_perf_pair_net10_20260831_213833","C:\hmail-perf-pair-100k-20260901\net10\Data","EBBF2395E8933C7BACE46AD51D451033745819B4B168934194C43B3B5121FAED","100","15","one TCP client and one sequential IMAP session per sample","0","PASS","E92ED927F40EA825DD551A4BA512B278123451CFAC76F908716AF84199904862","6FDC539CD1D13C7514886E7F7595F7A2A7107313E145AA44C7F0F223DA7B40B8","2","80","True","False","15.275",,"False","0","False","False","0","False"
"ba2af146-0d84-47c8-bc8c-26f21b5c00ab","MANIFEST_BOUND","hmail-perf-pair-100k-20260901","DE4DA2CDCDA01B1BE6D8C9BC98A377167205E940722D2BBCEE98A15A16ACB23A","net10","hmail_perf_pair_net10_20260831_213833","C:\hmail-perf-pair-100k-20260901\net10\Data","EBBF2395E8933C7BACE46AD51D451033745819B4B168934194C43B3B5121FAED","100","15","one TCP client and one sequential IMAP session per sample","0","PASS","E92ED927F40EA825DD551A4BA512B278123451CFAC76F908716AF84199904862","6FDC539CD1D13C7514886E7F7595F7A2A7107313E145AA44C7F0F223DA7B40B8","2","81","True","False","7.909",,"False","0","False","False","0","False"
"ba2af146-0d84-47c8-bc8c-26f21b5c00ab","MANIFEST_BOUND","hmail-perf-pair-100k-20260901","DE4DA2CDCDA01B1BE6D8C9BC98A377167205E940722D2BBCEE98A15A16ACB23A","net10","hmail_perf_pair_net10_20260831_213833","C:\hmail-perf-pair-100k-20260901\net10\Data","EBBF2395E8933C7BACE46AD51D451033745819B4B168934194C43B3B5121FAED","100","15","one TCP client and one sequential IMAP session per sample","0","PASS","E92ED927F40EA825DD551A4BA512B278123451CFAC76F908716AF84199904862","6FDC539CD1D13C7514886E7F7595F7A2A7107313E145AA44C7F0F223DA7B40B8","2","82","True","False","6.959",,"False","0","False","False","0","False"
"ba2af146-0d84-47c8-bc8c-26f21b5c00ab","MANIFEST_BOUND","hmail-perf-pair-100k-20260901","DE4DA2CDCDA01B1BE6D8C9BC98A377167205E940722D2BBCEE98A15A16ACB23A","net10","hmail_perf_pair_net10_20260831_213833","C:\hmail-perf-pair-100k-20260901\net10\Data","EBBF2395E8933C7BACE46AD51D451033745819B4B168934194C43B3B5121FAED","100","15","one TCP client and one sequential IMAP session per sample","0","PASS","E92ED927F40EA825DD551A4BA512B278123451CFAC76F908716AF84199904862","6FDC539CD1D13C7514886E7F7595F7A2A7107313E145AA44C7F0F223DA7B40B8","2","83","True","False","6.157",,"False","0","False","False","0","False"
"ba2af146-0d84-47c8-bc8c-26f21b5c00ab","MANIFEST_BOUND","hmail-perf-pair-100k-20260901","DE4DA2CDCDA01B1BE6D8C9BC98A377167205E940722D2BBCEE98A15A16ACB23A","net10","hmail_perf_pair_net10_20260831_213833","C:\hmail-perf-pair-100k-20260901\net10\Data","EBBF2395E8933C7BACE46AD51D451033745819B4B168934194C43B3B5121FAED","100","15","one TCP client and one sequential IMAP session per sample","0","PASS","E92ED927F40EA825DD551A4BA512B278123451CFAC76F908716AF84199904862","6FDC539CD1D13C7514886E7F7595F7A2A7107313E145AA44C7F0F223DA7B40B8","2","84","True","False","4.408",,"False","0","False","False","0","False"
"ba2af146-0d84-47c8-bc8c-26f21b5c00ab","MANIFEST_BOUND","hmail-perf-pair-100k-20260901","DE4DA2CDCDA01B1BE6D8C9BC98A377167205E940722D2BBCEE98A15A16ACB23A","net10","hmail_perf_pair_net10_20260831_213833","C:\hmail-perf-pair-100k-20260901\net10\Data","EBBF2395E8933C7BACE46AD51D451033745819B4B168934194C43B3B5121FAED","100","15","one TCP client and one sequential IMAP session per sample","0","PASS","E92ED927F40EA825DD551A4BA512B278123451CFAC76F908716AF84199904862","6FDC539CD1D13C7514886E7F7595F7A2A7107313E145AA44C7F0F223DA7B40B8","2","85","True","False","4.099",,"False","0","False","False","0","False"
"ba2af146-0d84-47c8-bc8c-26f21b5c00ab","MANIFEST_BOUND","hmail-perf-pair-100k-20260901","DE4DA2CDCDA01B1BE6D8C9BC98A377167205E940722D2BBCEE98A15A16ACB23A","net10","hmail_perf_pair_net10_20260831_213833","C:\hmail-perf-pair-100k-20260901\net10\Data","EBBF2395E8933C7BACE46AD51D451033745819B4B168934194C43B3B5121FAED","100","15","one TCP client and one sequential IMAP session per sample","0","PASS","E92ED927F40EA825DD551A4BA512B278123451CFAC76F908716AF84199904862","6FDC539CD1D13C7514886E7F7595F7A2A7107313E145AA44C7F0F223DA7B40B8","2","86","True","False","34.153",,"False","0","False","False","0","False"
"ba2af146-0d84-47c8-bc8c-26f21b5c00ab","MANIFEST_BOUND","hmail-perf-pair-100k-20260901","DE4DA2CDCDA01B1BE6D8C9BC98A377167205E940722D2BBCEE98A15A16ACB23A","net10","hmail_perf_pair_net10_20260831_213833","C:\hmail-perf-pair-100k-20260901\net10\Data","EBBF2395E8933C7BACE46AD51D451033745819B4B168934194C43B3B5121FAED","100","15","one TCP client and one sequential IMAP session per sample","0","PASS","E92ED927F40EA825DD551A4BA512B278123451CFAC76F908716AF84199904862","6FDC539CD1D13C7514886E7F7595F7A2A7107313E145AA44C7F0F223DA7B40B8","2","87","True","False","6.542",,"False","0","False","False","0","False"
"ba2af146-0d84-47c8-bc8c-26f21b5c00ab","MANIFEST_BOUND","hmail-perf-pair-100k-20260901","DE4DA2CDCDA01B1BE6D8C9BC98A377167205E940722D2BBCEE98A15A16ACB23A","net10","hmail_perf_pair_net10_20260831_213833","C:\hmail-perf-pair-100k-20260901\net10\Data","EBBF2395E8933C7BACE46AD51D451033745819B4B168934194C43B3B5121FAED","100","15","one TCP client and one sequential IMAP session per sample","0","PASS","E92ED927F40EA825DD551A4BA512B278123451CFAC76F908716AF84199904862","6FDC539CD1D13C7514886E7F7595F7A2A7107313E145AA44C7F0F223DA7B40B8","2","88","True","False","5.948",,"False","0","False","False","0","False"
"ba2af146-0d84-47c8-bc8c-26f21b5c00ab","MANIFEST_BOUND","hmail-perf-pair-100k-20260901","DE4DA2CDCDA01B1BE6D8C9BC98A377167205E940722D2BBCEE98A15A16ACB23A","net10","hmail_perf_pair_net10_20260831_213833","C:\hmail-perf-pair-100k-20260901\net10\Data","EBBF2395E8933C7BACE46AD51D451033745819B4B168934194C43B3B5121FAED","100","15","one TCP client and one sequential IMAP session per sample","0","PASS","E92ED927F40EA825DD551A4BA512B278123451CFAC76F908716AF84199904862","6FDC539CD1D13C7514886E7F7595F7A2A7107313E145AA44C7F0F223DA7B40B8","2","89","True","False","11.821",,"False","0","False","False","0","False"
"ba2af146-0d84-47c8-bc8c-26f21b5c00ab","MANIFEST_BOUND","hmail-perf-pair-100k-20260901","DE4DA2CDCDA01B1BE6D8C9BC98A377167205E940722D2BBCEE98A15A16ACB23A","net10","hmail_perf_pair_net10_20260831_213833","C:\hmail-perf-pair-100k-20260901\net10\Data","EBBF2395E8933C7BACE46AD51D451033745819B4B168934194C43B3B5121FAED","100","15","one TCP client and one sequential IMAP session per sample","0","PASS","E92ED927F40EA825DD551A4BA512B278123451CFAC76F908716AF84199904862","6FDC539CD1D13C7514886E7F7595F7A2A7107313E145AA44C7F0F223DA7B40B8","2","90","True","False","10.673",,"False","0","False","False","0","False"
"ba2af146-0d84-47c8-bc8c-26f21b5c00ab","MANIFEST_BOUND","hmail-perf-pair-100k-20260901","DE4DA2CDCDA01B1BE6D8C9BC98A377167205E940722D2BBCEE98A15A16ACB23A","net10","hmail_perf_pair_net10_20260831_213833","C:\hmail-perf-pair-100k-20260901\net10\Data","EBBF2395E8933C7BACE46AD51D451033745819B4B168934194C43B3B5121FAED","100","15","one TCP client and one sequential IMAP session per sample","0","PASS","E92ED927F40EA825DD551A4BA512B278123451CFAC76F908716AF84199904862","6FDC539CD1D13C7514886E7F7595F7A2A7107313E145AA44C7F0F223DA7B40B8","2","91","True","False","11.213",,"False","0","False","False","0","False"
"ba2af146-0d84-47c8-bc8c-26f21b5c00ab","MANIFEST_BOUND","hmail-perf-pair-100k-20260901","DE4DA2CDCDA01B1BE6D8C9BC98A377167205E940722D2BBCEE98A15A16ACB23A","net10","hmail_perf_pair_net10_20260831_213833","C:\hmail-perf-pair-100k-20260901\net10\Data","EBBF2395E8933C7BACE46AD51D451033745819B4B168934194C43B3B5121FAED","100","15","one TCP client and one sequential IMAP session per sample","0","PASS","E92ED927F40EA825DD551A4BA512B278123451CFAC76F908716AF84199904862","6FDC539CD1D13C7514886E7F7595F7A2A7107313E145AA44C7F0F223DA7B40B8","2","92","True","False","35.218",,"False","0","False","False","0","False"
"ba2af146-0d84-47c8-bc8c-26f21b5c00ab","MANIFEST_BOUND","hmail-perf-pair-100k-20260901","DE4DA2CDCDA01B1BE6D8C9BC98A377167205E940722D2BBCEE98A15A16ACB23A","net10","hmail_perf_pair_net10_20260831_213833","C:\hmail-perf-pair-100k-20260901\net10\Data","EBBF2395E8933C7BACE46AD51D451033745819B4B168934194C43B3B5121FAED","100","15","one TCP client and one sequential IMAP session per sample","0","PASS","E92ED927F40EA825DD551A4BA512B278123451CFAC76F908716AF84199904862","6FDC539CD1D13C7514886E7F7595F7A2A7107313E145AA44C7F0F223DA7B40B8","2","93","True","False","11.276",,"False","0","False","False","0","False"
"ba2af146-0d84-47c8-bc8c-26f21b5c00ab","MANIFEST_BOUND","hmail-perf-pair-100k-20260901","DE4DA2CDCDA01B1BE6D8C9BC98A377167205E940722D2BBCEE98A15A16ACB23A","net10","hmail_perf_pair_net10_20260831_213833","C:\hmail-perf-pair-100k-20260901\net10\Data","EBBF2395E8933C7BACE46AD51D451033745819B4B168934194C43B3B5121FAED","100","15","one TCP client and one sequential IMAP session per sample","0","PASS","E92ED927F40EA825DD551A4BA512B278123451CFAC76F908716AF84199904862","6FDC539CD1D13C7514886E7F7595F7A2A7107313E145AA44C7F0F223DA7B40B8","2","94","True","False","4.589",,"False","0","False","False","0","False"
"ba2af146-0d84-47c8-bc8c-26f21b5c00ab","MANIFEST_BOUND","hmail-perf-pair-100k-20260901","DE4DA2CDCDA01B1BE6D8C9BC98A377167205E940722D2BBCEE98A15A16ACB23A","net10","hmail_perf_pair_net10_20260831_213833","C:\hmail-perf-pair-100k-20260901\net10\Data","EBBF2395E8933C7BACE46AD51D451033745819B4B168934194C43B3B5121FAED","100","15","one TCP client and one sequential IMAP session per sample","0","PASS","E92ED927F40EA825DD551A4BA512B278123451CFAC76F908716AF84199904862","6FDC539CD1D13C7514886E7F7595F7A2A7107313E145AA44C7F0F223DA7B40B8","2","95","True","False","35.231",,"False","0","False","False","0","False"
"ba2af146-0d84-47c8-bc8c-26f21b5c00ab","MANIFEST_BOUND","hmail-perf-pair-100k-20260901","DE4DA2CDCDA01B1BE6D8C9BC98A377167205E940722D2BBCEE98A15A16ACB23A","net10","hmail_perf_pair_net10_20260831_213833","C:\hmail-perf-pair-100k-20260901\net10\Data","EBBF2395E8933C7BACE46AD51D451033745819B4B168934194C43B3B5121FAED","100","15","one TCP client and one sequential IMAP session per sample","0","PASS","E92ED927F40EA825DD551A4BA512B278123451CFAC76F908716AF84199904862","6FDC539CD1D13C7514886E7F7595F7A2A7107313E145AA44C7F0F223DA7B40B8","2","96","True","False","8.332",,"False","0","False","False","0","False"
"ba2af146-0d84-47c8-bc8c-26f21b5c00ab","MANIFEST_BOUND","hmail-perf-pair-100k-20260901","DE4DA2CDCDA01B1BE6D8C9BC98A377167205E940722D2BBCEE98A15A16ACB23A","net10","hmail_perf_pair_net10_20260831_213833","C:\hmail-perf-pair-100k-20260901\net10\Data","EBBF2395E8933C7BACE46AD51D451033745819B4B168934194C43B3B5121FAED","100","15","one TCP client and one sequential IMAP session per sample","0","PASS","E92ED927F40EA825DD551A4BA512B278123451CFAC76F908716AF84199904862","6FDC539CD1D13C7514886E7F7595F7A2A7107313E145AA44C7F0F223DA7B40B8","2","97","True","False","10.814",,"False","0","False","False","0","False"
"ba2af146-0d84-47c8-bc8c-26f21b5c00ab","MANIFEST_BOUND","hmail-perf-pair-100k-20260901","DE4DA2CDCDA01B1BE6D8C9BC98A377167205E940722D2BBCEE98A15A16ACB23A","net10","hmail_perf_pair_net10_20260831_213833","C:\hmail-perf-pair-100k-20260901\net10\Data","EBBF2395E8933C7BACE46AD51D451033745819B4B168934194C43B3B5121FAED","100","15","one TCP client and one sequential IMAP session per sample","0","PASS","E92ED927F40EA825DD551A4BA512B278123451CFAC76F908716AF84199904862","6FDC539CD1D13C7514886E7F7595F7A2A7107313E145AA44C7F0F223DA7B40B8","2","98","True","False","3.677",,"False","0","False","False","0","False"
"ba2af146-0d84-47c8-bc8c-26f21b5c00ab","MANIFEST_BOUND","hmail-perf-pair-100k-20260901","DE4DA2CDCDA01B1BE6D8C9BC98A377167205E940722D2BBCEE98A15A16ACB23A","net10","hmail_perf_pair_net10_20260831_213833","C:\hmail-perf-pair-100k-20260901\net10\Data","EBBF2395E8933C7BACE46AD51D451033745819B4B168934194C43B3B5121FAED","100","15","one TCP client and one sequential IMAP session per sample","0","PASS","E92ED927F40EA825DD551A4BA512B278123451CFAC76F908716AF84199904862","6FDC539CD1D13C7514886E7F7595F7A2A7107313E145AA44C7F0F223DA7B40B8","2","99","True","False","5.496",,"False","0","False","False","0","False"
"ba2af146-0d84-47c8-bc8c-26f21b5c00ab","MANIFEST_BOUND","hmail-perf-pair-100k-20260901","DE4DA2CDCDA01B1BE6D8C9BC98A377167205E940722D2BBCEE98A15A16ACB23A","net10","hmail_perf_pair_net10_20260831_213833","C:\hmail-perf-pair-100k-20260901\net10\Data","EBBF2395E8933C7BACE46AD51D451033745819B4B168934194C43B3B5121FAED","100","15","one TCP client and one sequential IMAP session per sample","0","PASS","E92ED927F40EA825DD551A4BA512B278123451CFAC76F908716AF84199904862","6FDC539CD1D13C7514886E7F7595F7A2A7107313E145AA44C7F0F223DA7B40B8","2","100","True","False","31.671",,"False","0","False","False","0","False"
"ba2af146-0d84-47c8-bc8c-26f21b5c00ab","MANIFEST_BOUND","hmail-perf-pair-100k-20260901","DE4DA2CDCDA01B1BE6D8C9BC98A377167205E940722D2BBCEE98A15A16ACB23A","net10","hmail_perf_pair_net10_20260831_213833","C:\hmail-perf-pair-100k-20260901\net10\Data","EBBF2395E8933C7BACE46AD51D451033745819B4B168934194C43B3B5121FAED","100","15","one TCP client and one sequential IMAP session per sample","0","PASS","E92ED927F40EA825DD551A4BA512B278123451CFAC76F908716AF84199904862","6FDC539CD1D13C7514886E7F7595F7A2A7107313E145AA44C7F0F223DA7B40B8","3","1","True","False","4.9",,"False","0","False","False","0","False"
"ba2af146-0d84-47c8-bc8c-26f21b5c00ab","MANIFEST_BOUND","hmail-perf-pair-100k-20260901","DE4DA2CDCDA01B1BE6D8C9BC98A377167205E940722D2BBCEE98A15A16ACB23A","net10","hmail_perf_pair_net10_20260831_213833","C:\hmail-perf-pair-100k-20260901\net10\Data","EBBF2395E8933C7BACE46AD51D451033745819B4B168934194C43B3B5121FAED","100","15","one TCP client and one sequential IMAP session per sample","0","PASS","E92ED927F40EA825DD551A4BA512B278123451CFAC76F908716AF84199904862","6FDC539CD1D13C7514886E7F7595F7A2A7107313E145AA44C7F0F223DA7B40B8","3","2","True","False","6.308",,"False","0","False","False","0","False"
"ba2af146-0d84-47c8-bc8c-26f21b5c00ab","MANIFEST_BOUND","hmail-perf-pair-100k-20260901","DE4DA2CDCDA01B1BE6D8C9BC98A377167205E940722D2BBCEE98A15A16ACB23A","net10","hmail_perf_pair_net10_20260831_213833","C:\hmail-perf-pair-100k-20260901\net10\Data","EBBF2395E8933C7BACE46AD51D451033745819B4B168934194C43B3B5121FAED","100","15","one TCP client and one sequential IMAP session per sample","0","PASS","E92ED927F40EA825DD551A4BA512B278123451CFAC76F908716AF84199904862","6FDC539CD1D13C7514886E7F7595F7A2A7107313E145AA44C7F0F223DA7B40B8","3","3","True","False","5.968",,"False","0","False","False","0","False"
"ba2af146-0d84-47c8-bc8c-26f21b5c00ab","MANIFEST_BOUND","hmail-perf-pair-100k-20260901","DE4DA2CDCDA01B1BE6D8C9BC98A377167205E940722D2BBCEE98A15A16ACB23A","net10","hmail_perf_pair_net10_20260831_213833","C:\hmail-perf-pair-100k-20260901\net10\Data","EBBF2395E8933C7BACE46AD51D451033745819B4B168934194C43B3B5121FAED","100","15","one TCP client and one sequential IMAP session per sample","0","PASS","E92ED927F40EA825DD551A4BA512B278123451CFAC76F908716AF84199904862","6FDC539CD1D13C7514886E7F7595F7A2A7107313E145AA44C7F0F223DA7B40B8","3","4","True","False","7.209",,"False","0","False","False","0","False"
"ba2af146-0d84-47c8-bc8c-26f21b5c00ab","MANIFEST_BOUND","hmail-perf-pair-100k-20260901","DE4DA2CDCDA01B1BE6D8C9BC98A377167205E940722D2BBCEE98A15A16ACB23A","net10","hmail_perf_pair_net10_20260831_213833","C:\hmail-perf-pair-100k-20260901\net10\Data","EBBF2395E8933C7BACE46AD51D451033745819B4B168934194C43B3B5121FAED","100","15","one TCP client and one sequential IMAP session per sample","0","PASS","E92ED927F40EA825DD551A4BA512B278123451CFAC76F908716AF84199904862","6FDC539CD1D13C7514886E7F7595F7A2A7107313E145AA44C7F0F223DA7B40B8","3","5","True","False","7.841",,"False","0","False","False","0","False"
"ba2af146-0d84-47c8-bc8c-26f21b5c00ab","MANIFEST_BOUND","hmail-perf-pair-100k-20260901","DE4DA2CDCDA01B1BE6D8C9BC98A377167205E940722D2BBCEE98A15A16ACB23A","net10","hmail_perf_pair_net10_20260831_213833","C:\hmail-perf-pair-100k-20260901\net10\Data","EBBF2395E8933C7BACE46AD51D451033745819B4B168934194C43B3B5121FAED","100","15","one TCP client and one sequential IMAP session per sample","0","PASS","E92ED927F40EA825DD551A4BA512B278123451CFAC76F908716AF84199904862","6FDC539CD1D13C7514886E7F7595F7A2A7107313E145AA44C7F0F223DA7B40B8","3","6","True","False","6.726",,"False","0","False","False","0","False"
"ba2af146-0d84-47c8-bc8c-26f21b5c00ab","MANIFEST_BOUND","hmail-perf-pair-100k-20260901","DE4DA2CDCDA01B1BE6D8C9BC98A377167205E940722D2BBCEE98A15A16ACB23A","net10","hmail_perf_pair_net10_20260831_213833","C:\hmail-perf-pair-100k-20260901\net10\Data","EBBF2395E8933C7BACE46AD51D451033745819B4B168934194C43B3B5121FAED","100","15","one TCP client and one sequential IMAP session per sample","0","PASS","E92ED927F40EA825DD551A4BA512B278123451CFAC76F908716AF84199904862","6FDC539CD1D13C7514886E7F7595F7A2A7107313E145AA44C7F0F223DA7B40B8","3","7","True","False","7.574",,"False","0","False","False","0","False"
"ba2af146-0d84-47c8-bc8c-26f21b5c00ab","MANIFEST_BOUND","hmail-perf-pair-100k-20260901","DE4DA2CDCDA01B1BE6D8C9BC98A377167205E940722D2BBCEE98A15A16ACB23A","net10","hmail_perf_pair_net10_20260831_213833","C:\hmail-perf-pair-100k-20260901\net10\Data","EBBF2395E8933C7BACE46AD51D451033745819B4B168934194C43B3B5121FAED","100","15","one TCP client and one sequential IMAP session per sample","0","PASS","E92ED927F40EA825DD551A4BA512B278123451CFAC76F908716AF84199904862","6FDC539CD1D13C7514886E7F7595F7A2A7107313E145AA44C7F0F223DA7B40B8","3","8","True","False","6.827",,"False","0","False","False","0","False"
"ba2af146-0d84-47c8-bc8c-26f21b5c00ab","MANIFEST_BOUND","hmail-perf-pair-100k-20260901","DE4DA2CDCDA01B1BE6D8C9BC98A377167205E940722D2BBCEE98A15A16ACB23A","net10","hmail_perf_pair_net10_20260831_213833","C:\hmail-perf-pair-100k-20260901\net10\Data","EBBF2395E8933C7BACE46AD51D451033745819B4B168934194C43B3B5121FAED","100","15","one TCP client and one sequential IMAP session per sample","0","PASS","E92ED927F40EA825DD551A4BA512B278123451CFAC76F908716AF84199904862","6FDC539CD1D13C7514886E7F7595F7A2A7107313E145AA44C7F0F223DA7B40B8","3","9","True","False","6.074",,"False","0","False","False","0","False"
"ba2af146-0d84-47c8-bc8c-26f21b5c00ab","MANIFEST_BOUND","hmail-perf-pair-100k-20260901","DE4DA2CDCDA01B1BE6D8C9BC98A377167205E940722D2BBCEE98A15A16ACB23A","net10","hmail_perf_pair_net10_20260831_213833","C:\hmail-perf-pair-100k-20260901\net10\Data","EBBF2395E8933C7BACE46AD51D451033745819B4B168934194C43B3B5121FAED","100","15","one TCP client and one sequential IMAP session per sample","0","PASS","E92ED927F40EA825DD551A4BA512B278123451CFAC76F908716AF84199904862","6FDC539CD1D13C7514886E7F7595F7A2A7107313E145AA44C7F0F223DA7B40B8","3","10","True","False","15.279",,"False","0","False","False","0","False"
"ba2af146-0d84-47c8-bc8c-26f21b5c00ab","MANIFEST_BOUND","hmail-perf-pair-100k-20260901","DE4DA2CDCDA01B1BE6D8C9BC98A377167205E940722D2BBCEE98A15A16ACB23A","net10","hmail_perf_pair_net10_20260831_213833","C:\hmail-perf-pair-100k-20260901\net10\Data","EBBF2395E8933C7BACE46AD51D451033745819B4B168934194C43B3B5121FAED","100","15","one TCP client and one sequential IMAP session per sample","0","PASS","E92ED927F40EA825DD551A4BA512B278123451CFAC76F908716AF84199904862","6FDC539CD1D13C7514886E7F7595F7A2A7107313E145AA44C7F0F223DA7B40B8","3","11","True","False","11.619",,"False","0","False","False","0","False"
"ba2af146-0d84-47c8-bc8c-26f21b5c00ab","MANIFEST_BOUND","hmail-perf-pair-100k-20260901","DE4DA2CDCDA01B1BE6D8C9BC98A377167205E940722D2BBCEE98A15A16ACB23A","net10","hmail_perf_pair_net10_20260831_213833","C:\hmail-perf-pair-100k-20260901\net10\Data","EBBF2395E8933C7BACE46AD51D451033745819B4B168934194C43B3B5121FAED","100","15","one TCP client and one sequential IMAP session per sample","0","PASS","E92ED927F40EA825DD551A4BA512B278123451CFAC76F908716AF84199904862","6FDC539CD1D13C7514886E7F7595F7A2A7107313E145AA44C7F0F223DA7B40B8","3","12","True","False","14.828",,"False","0","False","False","0","False"
"ba2af146-0d84-47c8-bc8c-26f21b5c00ab","MANIFEST_BOUND","hmail-perf-pair-100k-20260901","DE4DA2CDCDA01B1BE6D8C9BC98A377167205E940722D2BBCEE98A15A16ACB23A","net10","hmail_perf_pair_net10_20260831_213833","C:\hmail-perf-pair-100k-20260901\net10\Data","EBBF2395E8933C7BACE46AD51D451033745819B4B168934194C43B3B5121FAED","100","15","one TCP client and one sequential IMAP session per sample","0","PASS","E92ED927F40EA825DD551A4BA512B278123451CFAC76F908716AF84199904862","6FDC539CD1D13C7514886E7F7595F7A2A7107313E145AA44C7F0F223DA7B40B8","3","13","True","False","11.19",,"False","0","False","False","0","False"
"ba2af146-0d84-47c8-bc8c-26f21b5c00ab","MANIFEST_BOUND","hmail-perf-pair-100k-20260901","DE4DA2CDCDA01B1BE6D8C9BC98A377167205E940722D2BBCEE98A15A16ACB23A","net10","hmail_perf_pair_net10_20260831_213833","C:\hmail-perf-pair-100k-20260901\net10\Data","EBBF2395E8933C7BACE46AD51D451033745819B4B168934194C43B3B5121FAED","100","15","one TCP client and one sequential IMAP session per sample","0","PASS","E92ED927F40EA825DD551A4BA512B278123451CFAC76F908716AF84199904862","6FDC539CD1D13C7514886E7F7595F7A2A7107313E145AA44C7F0F223DA7B40B8","3","14","True","False","15.078",,"False","0","False","False","0","False"
"ba2af146-0d84-47c8-bc8c-26f21b5c00ab","MANIFEST_BOUND","hmail-perf-pair-100k-20260901","DE4DA2CDCDA01B1BE6D8C9BC98A377167205E940722D2BBCEE98A15A16ACB23A","net10","hmail_perf_pair_net10_20260831_213833","C:\hmail-perf-pair-100k-20260901\net10\Data","EBBF2395E8933C7BACE46AD51D451033745819B4B168934194C43B3B5121FAED","100","15","one TCP client and one sequential IMAP session per sample","0","PASS","E92ED927F40EA825DD551A4BA512B278123451CFAC76F908716AF84199904862","6FDC539CD1D13C7514886E7F7595F7A2A7107313E145AA44C7F0F223DA7B40B8","3","15","True","False","8.086",,"False","0","False","False","0","False"
"ba2af146-0d84-47c8-bc8c-26f21b5c00ab","MANIFEST_BOUND","hmail-perf-pair-100k-20260901","DE4DA2CDCDA01B1BE6D8C9BC98A377167205E940722D2BBCEE98A15A16ACB23A","net10","hmail_perf_pair_net10_20260831_213833","C:\hmail-perf-pair-100k-20260901\net10\Data","EBBF2395E8933C7BACE46AD51D451033745819B4B168934194C43B3B5121FAED","100","15","one TCP client and one sequential IMAP session per sample","0","PASS","E92ED927F40EA825DD551A4BA512B278123451CFAC76F908716AF84199904862","6FDC539CD1D13C7514886E7F7595F7A2A7107313E145AA44C7F0F223DA7B40B8","3","16","True","False","13.227",,"False","0","False","False","0","False"
"ba2af146-0d84-47c8-bc8c-26f21b5c00ab","MANIFEST_BOUND","hmail-perf-pair-100k-20260901","DE4DA2CDCDA01B1BE6D8C9BC98A377167205E940722D2BBCEE98A15A16ACB23A","net10","hmail_perf_pair_net10_20260831_213833","C:\hmail-perf-pair-100k-20260901\net10\Data","EBBF2395E8933C7BACE46AD51D451033745819B4B168934194C43B3B5121FAED","100","15","one TCP client and one sequential IMAP session per sample","0","PASS","E92ED927F40EA825DD551A4BA512B278123451CFAC76F908716AF84199904862","6FDC539CD1D13C7514886E7F7595F7A2A7107313E145AA44C7F0F223DA7B40B8","3","17","True","False","14.747",,"False","0","False","False","0","False"
"ba2af146-0d84-47c8-bc8c-26f21b5c00ab","MANIFEST_BOUND","hmail-perf-pair-100k-20260901","DE4DA2CDCDA01B1BE6D8C9BC98A377167205E940722D2BBCEE98A15A16ACB23A","net10","hmail_perf_pair_net10_20260831_213833","C:\hmail-perf-pair-100k-20260901\net10\Data","EBBF2395E8933C7BACE46AD51D451033745819B4B168934194C43B3B5121FAED","100","15","one TCP client and one sequential IMAP session per sample","0","PASS","E92ED927F40EA825DD551A4BA512B278123451CFAC76F908716AF84199904862","6FDC539CD1D13C7514886E7F7595F7A2A7107313E145AA44C7F0F223DA7B40B8","3","18","True","False","8.654",,"False","0","False","False","0","False"
"ba2af146-0d84-47c8-bc8c-26f21b5c00ab","MANIFEST_BOUND","hmail-perf-pair-100k-20260901","DE4DA2CDCDA01B1BE6D8C9BC98A377167205E940722D2BBCEE98A15A16ACB23A","net10","hmail_perf_pair_net10_20260831_213833","C:\hmail-perf-pair-100k-20260901\net10\Data","EBBF2395E8933C7BACE46AD51D451033745819B4B168934194C43B3B5121FAED","100","15","one TCP client and one sequential IMAP session per sample","0","PASS","E92ED927F40EA825DD551A4BA512B278123451CFAC76F908716AF84199904862","6FDC539CD1D13C7514886E7F7595F7A2A7107313E145AA44C7F0F223DA7B40B8","3","19","True","False","13.67",,"False","0","False","False","0","False"
"ba2af146-0d84-47c8-bc8c-26f21b5c00ab","MANIFEST_BOUND","hmail-perf-pair-100k-20260901","DE4DA2CDCDA01B1BE6D8C9BC98A377167205E940722D2BBCEE98A15A16ACB23A","net10","hmail_perf_pair_net10_20260831_213833","C:\hmail-perf-pair-100k-20260901\net10\Data","EBBF2395E8933C7BACE46AD51D451033745819B4B168934194C43B3B5121FAED","100","15","one TCP client and one sequential IMAP session per sample","0","PASS","E92ED927F40EA825DD551A4BA512B278123451CFAC76F908716AF84199904862","6FDC539CD1D13C7514886E7F7595F7A2A7107313E145AA44C7F0F223DA7B40B8","3","20","True","False","9.911",,"False","0","False","False","0","False"
"ba2af146-0d84-47c8-bc8c-26f21b5c00ab","MANIFEST_BOUND","hmail-perf-pair-100k-20260901","DE4DA2CDCDA01B1BE6D8C9BC98A377167205E940722D2BBCEE98A15A16ACB23A","net10","hmail_perf_pair_net10_20260831_213833","C:\hmail-perf-pair-100k-20260901\net10\Data","EBBF2395E8933C7BACE46AD51D451033745819B4B168934194C43B3B5121FAED","100","15","one TCP client and one sequential IMAP session per sample","0","PASS","E92ED927F40EA825DD551A4BA512B278123451CFAC76F908716AF84199904862","6FDC539CD1D13C7514886E7F7595F7A2A7107313E145AA44C7F0F223DA7B40B8","3","21","True","False","9.807",,"False","0","False","False","0","False"
"ba2af146-0d84-47c8-bc8c-26f21b5c00ab","MANIFEST_BOUND","hmail-perf-pair-100k-20260901","DE4DA2CDCDA01B1BE6D8C9BC98A377167205E940722D2BBCEE98A15A16ACB23A","net10","hmail_perf_pair_net10_20260831_213833","C:\hmail-perf-pair-100k-20260901\net10\Data","EBBF2395E8933C7BACE46AD51D451033745819B4B168934194C43B3B5121FAED","100","15","one TCP client and one sequential IMAP session per sample","0","PASS","E92ED927F40EA825DD551A4BA512B278123451CFAC76F908716AF84199904862","6FDC539CD1D13C7514886E7F7595F7A2A7107313E145AA44C7F0F223DA7B40B8","3","22","True","False","6.213",,"False","0","False","False","0","False"
"ba2af146-0d84-47c8-bc8c-26f21b5c00ab","MANIFEST_BOUND","hmail-perf-pair-100k-20260901","DE4DA2CDCDA01B1BE6D8C9BC98A377167205E940722D2BBCEE98A15A16ACB23A","net10","hmail_perf_pair_net10_20260831_213833","C:\hmail-perf-pair-100k-20260901\net10\Data","EBBF2395E8933C7BACE46AD51D451033745819B4B168934194C43B3B5121FAED","100","15","one TCP client and one sequential IMAP session per sample","0","PASS","E92ED927F40EA825DD551A4BA512B278123451CFAC76F908716AF84199904862","6FDC539CD1D13C7514886E7F7595F7A2A7107313E145AA44C7F0F223DA7B40B8","3","23","True","False","2.008",,"False","0","False","False","0","False"
"ba2af146-0d84-47c8-bc8c-26f21b5c00ab","MANIFEST_BOUND","hmail-perf-pair-100k-20260901","DE4DA2CDCDA01B1BE6D8C9BC98A377167205E940722D2BBCEE98A15A16ACB23A","net10","hmail_perf_pair_net10_20260831_213833","C:\hmail-perf-pair-100k-20260901\net10\Data","EBBF2395E8933C7BACE46AD51D451033745819B4B168934194C43B3B5121FAED","100","15","one TCP client and one sequential IMAP session per sample","0","PASS","E92ED927F40EA825DD551A4BA512B278123451CFAC76F908716AF84199904862","6FDC539CD1D13C7514886E7F7595F7A2A7107313E145AA44C7F0F223DA7B40B8","3","24","True","False","13.943",,"False","0","False","False","0","False"
"ba2af146-0d84-47c8-bc8c-26f21b5c00ab","MANIFEST_BOUND","hmail-perf-pair-100k-20260901","DE4DA2CDCDA01B1BE6D8C9BC98A377167205E940722D2BBCEE98A15A16ACB23A","net10","hmail_perf_pair_net10_20260831_213833","C:\hmail-perf-pair-100k-20260901\net10\Data","EBBF2395E8933C7BACE46AD51D451033745819B4B168934194C43B3B5121FAED","100","15","one TCP client and one sequential IMAP session per sample","0","PASS","E92ED927F40EA825DD551A4BA512B278123451CFAC76F908716AF84199904862","6FDC539CD1D13C7514886E7F7595F7A2A7107313E145AA44C7F0F223DA7B40B8","3","25","True","False","3.771",,"False","0","False","False","0","False"
"ba2af146-0d84-47c8-bc8c-26f21b5c00ab","MANIFEST_BOUND","hmail-perf-pair-100k-20260901","DE4DA2CDCDA01B1BE6D8C9BC98A377167205E940722D2BBCEE98A15A16ACB23A","net10","hmail_perf_pair_net10_20260831_213833","C:\hmail-perf-pair-100k-20260901\net10\Data","EBBF2395E8933C7BACE46AD51D451033745819B4B168934194C43B3B5121FAED","100","15","one TCP client and one sequential IMAP session per sample","0","PASS","E92ED927F40EA825DD551A4BA512B278123451CFAC76F908716AF84199904862","6FDC539CD1D13C7514886E7F7595F7A2A7107313E145AA44C7F0F223DA7B40B8","3","26","True","False","11.343",,"False","0","False","False","0","False"
"ba2af146-0d84-47c8-bc8c-26f21b5c00ab","MANIFEST_BOUND","hmail-perf-pair-100k-20260901","DE4DA2CDCDA01B1BE6D8C9BC98A377167205E940722D2BBCEE98A15A16ACB23A","net10","hmail_perf_pair_net10_20260831_213833","C:\hmail-perf-pair-100k-20260901\net10\Data","EBBF2395E8933C7BACE46AD51D451033745819B4B168934194C43B3B5121FAED","100","15","one TCP client and one sequential IMAP session per sample","0","PASS","E92ED927F40EA825DD551A4BA512B278123451CFAC76F908716AF84199904862","6FDC539CD1D13C7514886E7F7595F7A2A7107313E145AA44C7F0F223DA7B40B8","3","27","True","False","5.443",,"False","0","False","False","0","False"
"ba2af146-0d84-47c8-bc8c-26f21b5c00ab","MANIFEST_BOUND","hmail-perf-pair-100k-20260901","DE4DA2CDCDA01B1BE6D8C9BC98A377167205E940722D2BBCEE98A15A16ACB23A","net10","hmail_perf_pair_net10_20260831_213833","C:\hmail-perf-pair-100k-20260901\net10\Data","EBBF2395E8933C7BACE46AD51D451033745819B4B168934194C43B3B5121FAED","100","15","one TCP client and one sequential IMAP session per sample","0","PASS","E92ED927F40EA825DD551A4BA512B278123451CFAC76F908716AF84199904862","6FDC539CD1D13C7514886E7F7595F7A2A7107313E145AA44C7F0F223DA7B40B8","3","28","True","False","12.919",,"False","0","False","False","0","False"
"ba2af146-0d84-47c8-bc8c-26f21b5c00ab","MANIFEST_BOUND","hmail-perf-pair-100k-20260901","DE4DA2CDCDA01B1BE6D8C9BC98A377167205E940722D2BBCEE98A15A16ACB23A","net10","hmail_perf_pair_net10_20260831_213833","C:\hmail-perf-pair-100k-20260901\net10\Data","EBBF2395E8933C7BACE46AD51D451033745819B4B168934194C43B3B5121FAED","100","15","one TCP client and one sequential IMAP session per sample","0","PASS","E92ED927F40EA825DD551A4BA512B278123451CFAC76F908716AF84199904862","6FDC539CD1D13C7514886E7F7595F7A2A7107313E145AA44C7F0F223DA7B40B8","3","29","True","False","15.459",,"False","0","False","False","0","False"
"ba2af146-0d84-47c8-bc8c-26f21b5c00ab","MANIFEST_BOUND","hmail-perf-pair-100k-20260901","DE4DA2CDCDA01B1BE6D8C9BC98A377167205E940722D2BBCEE98A15A16ACB23A","net10","hmail_perf_pair_net10_20260831_213833","C:\hmail-perf-pair-100k-20260901\net10\Data","EBBF2395E8933C7BACE46AD51D451033745819B4B168934194C43B3B5121FAED","100","15","one TCP client and one sequential IMAP session per sample","0","PASS","E92ED927F40EA825DD551A4BA512B278123451CFAC76F908716AF84199904862","6FDC539CD1D13C7514886E7F7595F7A2A7107313E145AA44C7F0F223DA7B40B8","3","30","True","False","13.402",,"False","0","False","False","0","False"
"ba2af146-0d84-47c8-bc8c-26f21b5c00ab","MANIFEST_BOUND","hmail-perf-pair-100k-20260901","DE4DA2CDCDA01B1BE6D8C9BC98A377167205E940722D2BBCEE98A15A16ACB23A","net10","hmail_perf_pair_net10_20260831_213833","C:\hmail-perf-pair-100k-20260901\net10\Data","EBBF2395E8933C7BACE46AD51D451033745819B4B168934194C43B3B5121FAED","100","15","one TCP client and one sequential IMAP session per sample","0","PASS","E92ED927F40EA825DD551A4BA512B278123451CFAC76F908716AF84199904862","6FDC539CD1D13C7514886E7F7595F7A2A7107313E145AA44C7F0F223DA7B40B8","3","31","True","False","12.365",,"False","0","False","False","0","False"
"ba2af146-0d84-47c8-bc8c-26f21b5c00ab","MANIFEST_BOUND","hmail-perf-pair-100k-20260901","DE4DA2CDCDA01B1BE6D8C9BC98A377167205E940722D2BBCEE98A15A16ACB23A","net10","hmail_perf_pair_net10_20260831_213833","C:\hmail-perf-pair-100k-20260901\net10\Data","EBBF2395E8933C7BACE46AD51D451033745819B4B168934194C43B3B5121FAED","100","15","one TCP client and one sequential IMAP session per sample","0","PASS","E92ED927F40EA825DD551A4BA512B278123451CFAC76F908716AF84199904862","6FDC539CD1D13C7514886E7F7595F7A2A7107313E145AA44C7F0F223DA7B40B8","3","32","True","False","11.661",,"False","0","False","False","0","False"
"ba2af146-0d84-47c8-bc8c-26f21b5c00ab","MANIFEST_BOUND","hmail-perf-pair-100k-20260901","DE4DA2CDCDA01B1BE6D8C9BC98A377167205E940722D2BBCEE98A15A16ACB23A","net10","hmail_perf_pair_net10_20260831_213833","C:\hmail-perf-pair-100k-20260901\net10\Data","EBBF2395E8933C7BACE46AD51D451033745819B4B168934194C43B3B5121FAED","100","15","one TCP client and one sequential IMAP session per sample","0","PASS","E92ED927F40EA825DD551A4BA512B278123451CFAC76F908716AF84199904862","6FDC539CD1D13C7514886E7F7595F7A2A7107313E145AA44C7F0F223DA7B40B8","3","33","True","False","14.17",,"False","0","False","False","0","False"
"ba2af146-0d84-47c8-bc8c-26f21b5c00ab","MANIFEST_BOUND","hmail-perf-pair-100k-20260901","DE4DA2CDCDA01B1BE6D8C9BC98A377167205E940722D2BBCEE98A15A16ACB23A","net10","hmail_perf_pair_net10_20260831_213833","C:\hmail-perf-pair-100k-20260901\net10\Data","EBBF2395E8933C7BACE46AD51D451033745819B4B168934194C43B3B5121FAED","100","15","one TCP client and one sequential IMAP session per sample","0","PASS","E92ED927F40EA825DD551A4BA512B278123451CFAC76F908716AF84199904862","6FDC539CD1D13C7514886E7F7595F7A2A7107313E145AA44C7F0F223DA7B40B8","3","34","True","False","15.29",,"False","0","False","False","0","False"
"ba2af146-0d84-47c8-bc8c-26f21b5c00ab","MANIFEST_BOUND","hmail-perf-pair-100k-20260901","DE4DA2CDCDA01B1BE6D8C9BC98A377167205E940722D2BBCEE98A15A16ACB23A","net10","hmail_perf_pair_net10_20260831_213833","C:\hmail-perf-pair-100k-20260901\net10\Data","EBBF2395E8933C7BACE46AD51D451033745819B4B168934194C43B3B5121FAED","100","15","one TCP client and one sequential IMAP session per sample","0","PASS","E92ED927F40EA825DD551A4BA512B278123451CFAC76F908716AF84199904862","6FDC539CD1D13C7514886E7F7595F7A2A7107313E145AA44C7F0F223DA7B40B8","3","35","True","False","5.1",,"False","0","False","False","0","False"
"ba2af146-0d84-47c8-bc8c-26f21b5c00ab","MANIFEST_BOUND","hmail-perf-pair-100k-20260901","DE4DA2CDCDA01B1BE6D8C9BC98A377167205E940722D2BBCEE98A15A16ACB23A","net10","hmail_perf_pair_net10_20260831_213833","C:\hmail-perf-pair-100k-20260901\net10\Data","EBBF2395E8933C7BACE46AD51D451033745819B4B168934194C43B3B5121FAED","100","15","one TCP client and one sequential IMAP session per sample","0","PASS","E92ED927F40EA825DD551A4BA512B278123451CFAC76F908716AF84199904862","6FDC539CD1D13C7514886E7F7595F7A2A7107313E145AA44C7F0F223DA7B40B8","3","36","True","False","6.601",,"False","0","False","False","0","False"
"ba2af146-0d84-47c8-bc8c-26f21b5c00ab","MANIFEST_BOUND","hmail-perf-pair-100k-20260901","DE4DA2CDCDA01B1BE6D8C9BC98A377167205E940722D2BBCEE98A15A16ACB23A","net10","hmail_perf_pair_net10_20260831_213833","C:\hmail-perf-pair-100k-20260901\net10\Data","EBBF2395E8933C7BACE46AD51D451033745819B4B168934194C43B3B5121FAED","100","15","one TCP client and one sequential IMAP session per sample","0","PASS","E92ED927F40EA825DD551A4BA512B278123451CFAC76F908716AF84199904862","6FDC539CD1D13C7514886E7F7595F7A2A7107313E145AA44C7F0F223DA7B40B8","3","37","True","False","10.191",,"False","0","False","False","0","False"
"ba2af146-0d84-47c8-bc8c-26f21b5c00ab","MANIFEST_BOUND","hmail-perf-pair-100k-20260901","DE4DA2CDCDA01B1BE6D8C9BC98A377167205E940722D2BBCEE98A15A16ACB23A","net10","hmail_perf_pair_net10_20260831_213833","C:\hmail-perf-pair-100k-20260901\net10\Data","EBBF2395E8933C7BACE46AD51D451033745819B4B168934194C43B3B5121FAED","100","15","one TCP client and one sequential IMAP session per sample","0","PASS","E92ED927F40EA825DD551A4BA512B278123451CFAC76F908716AF84199904862","6FDC539CD1D13C7514886E7F7595F7A2A7107313E145AA44C7F0F223DA7B40B8","3","38","True","False","12.709",,"False","0","False","False","0","False"
"ba2af146-0d84-47c8-bc8c-26f21b5c00ab","MANIFEST_BOUND","hmail-perf-pair-100k-20260901","DE4DA2CDCDA01B1BE6D8C9BC98A377167205E940722D2BBCEE98A15A16ACB23A","net10","hmail_perf_pair_net10_20260831_213833","C:\hmail-perf-pair-100k-20260901\net10\Data","EBBF2395E8933C7BACE46AD51D451033745819B4B168934194C43B3B5121FAED","100","15","one TCP client and one sequential IMAP session per sample","0","PASS","E92ED927F40EA825DD551A4BA512B278123451CFAC76F908716AF84199904862","6FDC539CD1D13C7514886E7F7595F7A2A7107313E145AA44C7F0F223DA7B40B8","3","39","True","False","4.479",,"False","0","False","False","0","False"
"ba2af146-0d84-47c8-bc8c-26f21b5c00ab","MANIFEST_BOUND","hmail-perf-pair-100k-20260901","DE4DA2CDCDA01B1BE6D8C9BC98A377167205E940722D2BBCEE98A15A16ACB23A","net10","hmail_perf_pair_net10_20260831_213833","C:\hmail-perf-pair-100k-20260901\net10\Data","EBBF2395E8933C7BACE46AD51D451033745819B4B168934194C43B3B5121FAED","100","15","one TCP client and one sequential IMAP session per sample","0","PASS","E92ED927F40EA825DD551A4BA512B278123451CFAC76F908716AF84199904862","6FDC539CD1D13C7514886E7F7595F7A2A7107313E145AA44C7F0F223DA7B40B8","3","40","True","False","10.811",,"False","0","False","False","0","False"
"ba2af146-0d84-47c8-bc8c-26f21b5c00ab","MANIFEST_BOUND","hmail-perf-pair-100k-20260901","DE4DA2CDCDA01B1BE6D8C9BC98A377167205E940722D2BBCEE98A15A16ACB23A","net10","hmail_perf_pair_net10_20260831_213833","C:\hmail-perf-pair-100k-20260901\net10\Data","EBBF2395E8933C7BACE46AD51D451033745819B4B168934194C43B3B5121FAED","100","15","one TCP client and one sequential IMAP session per sample","0","PASS","E92ED927F40EA825DD551A4BA512B278123451CFAC76F908716AF84199904862","6FDC539CD1D13C7514886E7F7595F7A2A7107313E145AA44C7F0F223DA7B40B8","3","41","True","False","9.072",,"False","0","False","False","0","False"
"ba2af146-0d84-47c8-bc8c-26f21b5c00ab","MANIFEST_BOUND","hmail-perf-pair-100k-20260901","DE4DA2CDCDA01B1BE6D8C9BC98A377167205E940722D2BBCEE98A15A16ACB23A","net10","hmail_perf_pair_net10_20260831_213833","C:\hmail-perf-pair-100k-20260901\net10\Data","EBBF2395E8933C7BACE46AD51D451033745819B4B168934194C43B3B5121FAED","100","15","one TCP client and one sequential IMAP session per sample","0","PASS","E92ED927F40EA825DD551A4BA512B278123451CFAC76F908716AF84199904862","6FDC539CD1D13C7514886E7F7595F7A2A7107313E145AA44C7F0F223DA7B40B8","3","42","True","False","11.194",,"False","0","False","False","0","False"
"ba2af146-0d84-47c8-bc8c-26f21b5c00ab","MANIFEST_BOUND","hmail-perf-pair-100k-20260901","DE4DA2CDCDA01B1BE6D8C9BC98A377167205E940722D2BBCEE98A15A16ACB23A","net10","hmail_perf_pair_net10_20260831_213833","C:\hmail-perf-pair-100k-20260901\net10\Data","EBBF2395E8933C7BACE46AD51D451033745819B4B168934194C43B3B5121FAED","100","15","one TCP client and one sequential IMAP session per sample","0","PASS","E92ED927F40EA825DD551A4BA512B278123451CFAC76F908716AF84199904862","6FDC539CD1D13C7514886E7F7595F7A2A7107313E145AA44C7F0F223DA7B40B8","3","43","True","False","4.792",,"False","0","False","False","0","False"
"ba2af146-0d84-47c8-bc8c-26f21b5c00ab","MANIFEST_BOUND","hmail-perf-pair-100k-20260901","DE4DA2CDCDA01B1BE6D8C9BC98A377167205E940722D2BBCEE98A15A16ACB23A","net10","hmail_perf_pair_net10_20260831_213833","C:\hmail-perf-pair-100k-20260901\net10\Data","EBBF2395E8933C7BACE46AD51D451033745819B4B168934194C43B3B5121FAED","100","15","one TCP client and one sequential IMAP session per sample","0","PASS","E92ED927F40EA825DD551A4BA512B278123451CFAC76F908716AF84199904862","6FDC539CD1D13C7514886E7F7595F7A2A7107313E145AA44C7F0F223DA7B40B8","3","44","True","False","6.511",,"False","0","False","False","0","False"
"ba2af146-0d84-47c8-bc8c-26f21b5c00ab","MANIFEST_BOUND","hmail-perf-pair-100k-20260901","DE4DA2CDCDA01B1BE6D8C9BC98A377167205E940722D2BBCEE98A15A16ACB23A","net10","hmail_perf_pair_net10_20260831_213833","C:\hmail-perf-pair-100k-20260901\net10\Data","EBBF2395E8933C7BACE46AD51D451033745819B4B168934194C43B3B5121FAED","100","15","one TCP client and one sequential IMAP session per sample","0","PASS","E92ED927F40EA825DD551A4BA512B278123451CFAC76F908716AF84199904862","6FDC539CD1D13C7514886E7F7595F7A2A7107313E145AA44C7F0F223DA7B40B8","3","45","True","False","6.958",,"False","0","False","False","0","False"
"ba2af146-0d84-47c8-bc8c-26f21b5c00ab","MANIFEST_BOUND","hmail-perf-pair-100k-20260901","DE4DA2CDCDA01B1BE6D8C9BC98A377167205E940722D2BBCEE98A15A16ACB23A","net10","hmail_perf_pair_net10_20260831_213833","C:\hmail-perf-pair-100k-20260901\net10\Data","EBBF2395E8933C7BACE46AD51D451033745819B4B168934194C43B3B5121FAED","100","15","one TCP client and one sequential IMAP session per sample","0","PASS","E92ED927F40EA825DD551A4BA512B278123451CFAC76F908716AF84199904862","6FDC539CD1D13C7514886E7F7595F7A2A7107313E145AA44C7F0F223DA7B40B8","3","46","True","False","13.116",,"False","0","False","False","0","False"
"ba2af146-0d84-47c8-bc8c-26f21b5c00ab","MANIFEST_BOUND","hmail-perf-pair-100k-20260901","DE4DA2CDCDA01B1BE6D8C9BC98A377167205E940722D2BBCEE98A15A16ACB23A","net10","hmail_perf_pair_net10_20260831_213833","C:\hmail-perf-pair-100k-20260901\net10\Data","EBBF2395E8933C7BACE46AD51D451033745819B4B168934194C43B3B5121FAED","100","15","one TCP client and one sequential IMAP session per sample","0","PASS","E92ED927F40EA825DD551A4BA512B278123451CFAC76F908716AF84199904862","6FDC539CD1D13C7514886E7F7595F7A2A7107313E145AA44C7F0F223DA7B40B8","3","47","True","False","5.596",,"False","0","False","False","0","False"
"ba2af146-0d84-47c8-bc8c-26f21b5c00ab","MANIFEST_BOUND","hmail-perf-pair-100k-20260901","DE4DA2CDCDA01B1BE6D8C9BC98A377167205E940722D2BBCEE98A15A16ACB23A","net10","hmail_perf_pair_net10_20260831_213833","C:\hmail-perf-pair-100k-20260901\net10\Data","EBBF2395E8933C7BACE46AD51D451033745819B4B168934194C43B3B5121FAED","100","15","one TCP client and one sequential IMAP session per sample","0","PASS","E92ED927F40EA825DD551A4BA512B278123451CFAC76F908716AF84199904862","6FDC539CD1D13C7514886E7F7595F7A2A7107313E145AA44C7F0F223DA7B40B8","3","48","True","False","11.39",,"False","0","False","False","0","False"
"ba2af146-0d84-47c8-bc8c-26f21b5c00ab","MANIFEST_BOUND","hmail-perf-pair-100k-20260901","DE4DA2CDCDA01B1BE6D8C9BC98A377167205E940722D2BBCEE98A15A16ACB23A","net10","hmail_perf_pair_net10_20260831_213833","C:\hmail-perf-pair-100k-20260901\net10\Data","EBBF2395E8933C7BACE46AD51D451033745819B4B168934194C43B3B5121FAED","100","15","one TCP client and one sequential IMAP session per sample","0","PASS","E92ED927F40EA825DD551A4BA512B278123451CFAC76F908716AF84199904862","6FDC539CD1D13C7514886E7F7595F7A2A7107313E145AA44C7F0F223DA7B40B8","3","49","True","False","10.194",,"False","0","False","False","0","False"
"ba2af146-0d84-47c8-bc8c-26f21b5c00ab","MANIFEST_BOUND","hmail-perf-pair-100k-20260901","DE4DA2CDCDA01B1BE6D8C9BC98A377167205E940722D2BBCEE98A15A16ACB23A","net10","hmail_perf_pair_net10_20260831_213833","C:\hmail-perf-pair-100k-20260901\net10\Data","EBBF2395E8933C7BACE46AD51D451033745819B4B168934194C43B3B5121FAED","100","15","one TCP client and one sequential IMAP session per sample","0","PASS","E92ED927F40EA825DD551A4BA512B278123451CFAC76F908716AF84199904862","6FDC539CD1D13C7514886E7F7595F7A2A7107313E145AA44C7F0F223DA7B40B8","3","50","True","False","11.049",,"False","0","False","False","0","False"
"ba2af146-0d84-47c8-bc8c-26f21b5c00ab","MANIFEST_BOUND","hmail-perf-pair-100k-20260901","DE4DA2CDCDA01B1BE6D8C9BC98A377167205E940722D2BBCEE98A15A16ACB23A","net10","hmail_perf_pair_net10_20260831_213833","C:\hmail-perf-pair-100k-20260901\net10\Data","EBBF2395E8933C7BACE46AD51D451033745819B4B168934194C43B3B5121FAED","100","15","one TCP client and one sequential IMAP session per sample","0","PASS","E92ED927F40EA825DD551A4BA512B278123451CFAC76F908716AF84199904862","6FDC539CD1D13C7514886E7F7595F7A2A7107313E145AA44C7F0F223DA7B40B8","3","51","True","False","9.736",,"False","0","False","False","0","False"
"ba2af146-0d84-47c8-bc8c-26f21b5c00ab","MANIFEST_BOUND","hmail-perf-pair-100k-20260901","DE4DA2CDCDA01B1BE6D8C9BC98A377167205E940722D2BBCEE98A15A16ACB23A","net10","hmail_perf_pair_net10_20260831_213833","C:\hmail-perf-pair-100k-20260901\net10\Data","EBBF2395E8933C7BACE46AD51D451033745819B4B168934194C43B3B5121FAED","100","15","one TCP client and one sequential IMAP session per sample","0","PASS","E92ED927F40EA825DD551A4BA512B278123451CFAC76F908716AF84199904862","6FDC539CD1D13C7514886E7F7595F7A2A7107313E145AA44C7F0F223DA7B40B8","3","52","True","False","15.609",,"False","0","False","False","0","False"
"ba2af146-0d84-47c8-bc8c-26f21b5c00ab","MANIFEST_BOUND","hmail-perf-pair-100k-20260901","DE4DA2CDCDA01B1BE6D8C9BC98A377167205E940722D2BBCEE98A15A16ACB23A","net10","hmail_perf_pair_net10_20260831_213833","C:\hmail-perf-pair-100k-20260901\net10\Data","EBBF2395E8933C7BACE46AD51D451033745819B4B168934194C43B3B5121FAED","100","15","one TCP client and one sequential IMAP session per sample","0","PASS","E92ED927F40EA825DD551A4BA512B278123451CFAC76F908716AF84199904862","6FDC539CD1D13C7514886E7F7595F7A2A7107313E145AA44C7F0F223DA7B40B8","3","53","True","False","7.516",,"False","0","False","False","0","False"
"ba2af146-0d84-47c8-bc8c-26f21b5c00ab","MANIFEST_BOUND","hmail-perf-pair-100k-20260901","DE4DA2CDCDA01B1BE6D8C9BC98A377167205E940722D2BBCEE98A15A16ACB23A","net10","hmail_perf_pair_net10_20260831_213833","C:\hmail-perf-pair-100k-20260901\net10\Data","EBBF2395E8933C7BACE46AD51D451033745819B4B168934194C43B3B5121FAED","100","15","one TCP client and one sequential IMAP session per sample","0","PASS","E92ED927F40EA825DD551A4BA512B278123451CFAC76F908716AF84199904862","6FDC539CD1D13C7514886E7F7595F7A2A7107313E145AA44C7F0F223DA7B40B8","3","54","True","False","9.599",,"False","0","False","False","0","False"
"ba2af146-0d84-47c8-bc8c-26f21b5c00ab","MANIFEST_BOUND","hmail-perf-pair-100k-20260901","DE4DA2CDCDA01B1BE6D8C9BC98A377167205E940722D2BBCEE98A15A16ACB23A","net10","hmail_perf_pair_net10_20260831_213833","C:\hmail-perf-pair-100k-20260901\net10\Data","EBBF2395E8933C7BACE46AD51D451033745819B4B168934194C43B3B5121FAED","100","15","one TCP client and one sequential IMAP session per sample","0","PASS","E92ED927F40EA825DD551A4BA512B278123451CFAC76F908716AF84199904862","6FDC539CD1D13C7514886E7F7595F7A2A7107313E145AA44C7F0F223DA7B40B8","3","55","True","False","8.471",,"False","0","False","False","0","False"
"ba2af146-0d84-47c8-bc8c-26f21b5c00ab","MANIFEST_BOUND","hmail-perf-pair-100k-20260901","DE4DA2CDCDA01B1BE6D8C9BC98A377167205E940722D2BBCEE98A15A16ACB23A","net10","hmail_perf_pair_net10_20260831_213833","C:\hmail-perf-pair-100k-20260901\net10\Data","EBBF2395E8933C7BACE46AD51D451033745819B4B168934194C43B3B5121FAED","100","15","one TCP client and one sequential IMAP session per sample","0","PASS","E92ED927F40EA825DD551A4BA512B278123451CFAC76F908716AF84199904862","6FDC539CD1D13C7514886E7F7595F7A2A7107313E145AA44C7F0F223DA7B40B8","3","56","True","False","12.024",,"False","0","False","False","0","False"
"ba2af146-0d84-47c8-bc8c-26f21b5c00ab","MANIFEST_BOUND","hmail-perf-pair-100k-20260901","DE4DA2CDCDA01B1BE6D8C9BC98A377167205E940722D2BBCEE98A15A16ACB23A","net10","hmail_perf_pair_net10_20260831_213833","C:\hmail-perf-pair-100k-20260901\net10\Data","EBBF2395E8933C7BACE46AD51D451033745819B4B168934194C43B3B5121FAED","100","15","one TCP client and one sequential IMAP session per sample","0","PASS","E92ED927F40EA825DD551A4BA512B278123451CFAC76F908716AF84199904862","6FDC539CD1D13C7514886E7F7595F7A2A7107313E145AA44C7F0F223DA7B40B8","3","57","True","False","11.979",,"False","0","False","False","0","False"
"ba2af146-0d84-47c8-bc8c-26f21b5c00ab","MANIFEST_BOUND","hmail-perf-pair-100k-20260901","DE4DA2CDCDA01B1BE6D8C9BC98A377167205E940722D2BBCEE98A15A16ACB23A","net10","hmail_perf_pair_net10_20260831_213833","C:\hmail-perf-pair-100k-20260901\net10\Data","EBBF2395E8933C7BACE46AD51D451033745819B4B168934194C43B3B5121FAED","100","15","one TCP client and one sequential IMAP session per sample","0","PASS","E92ED927F40EA825DD551A4BA512B278123451CFAC76F908716AF84199904862","6FDC539CD1D13C7514886E7F7595F7A2A7107313E145AA44C7F0F223DA7B40B8","3","58","True","False","7.777",,"False","0","False","False","0","False"
"ba2af146-0d84-47c8-bc8c-26f21b5c00ab","MANIFEST_BOUND","hmail-perf-pair-100k-20260901","DE4DA2CDCDA01B1BE6D8C9BC98A377167205E940722D2BBCEE98A15A16ACB23A","net10","hmail_perf_pair_net10_20260831_213833","C:\hmail-perf-pair-100k-20260901\net10\Data","EBBF2395E8933C7BACE46AD51D451033745819B4B168934194C43B3B5121FAED","100","15","one TCP client and one sequential IMAP session per sample","0","PASS","E92ED927F40EA825DD551A4BA512B278123451CFAC76F908716AF84199904862","6FDC539CD1D13C7514886E7F7595F7A2A7107313E145AA44C7F0F223DA7B40B8","3","59","True","False","9.274",,"False","0","False","False","0","False"
"ba2af146-0d84-47c8-bc8c-26f21b5c00ab","MANIFEST_BOUND","hmail-perf-pair-100k-20260901","DE4DA2CDCDA01B1BE6D8C9BC98A377167205E940722D2BBCEE98A15A16ACB23A","net10","hmail_perf_pair_net10_20260831_213833","C:\hmail-perf-pair-100k-20260901\net10\Data","EBBF2395E8933C7BACE46AD51D451033745819B4B168934194C43B3B5121FAED","100","15","one TCP client and one sequential IMAP session per sample","0","PASS","E92ED927F40EA825DD551A4BA512B278123451CFAC76F908716AF84199904862","6FDC539CD1D13C7514886E7F7595F7A2A7107313E145AA44C7F0F223DA7B40B8","3","60","True","False","13.65",,"False","0","False","False","0","False"
"ba2af146-0d84-47c8-bc8c-26f21b5c00ab","MANIFEST_BOUND","hmail-perf-pair-100k-20260901","DE4DA2CDCDA01B1BE6D8C9BC98A377167205E940722D2BBCEE98A15A16ACB23A","net10","hmail_perf_pair_net10_20260831_213833","C:\hmail-perf-pair-100k-20260901\net10\Data","EBBF2395E8933C7BACE46AD51D451033745819B4B168934194C43B3B5121FAED","100","15","one TCP client and one sequential IMAP session per sample","0","PASS","E92ED927F40EA825DD551A4BA512B278123451CFAC76F908716AF84199904862","6FDC539CD1D13C7514886E7F7595F7A2A7107313E145AA44C7F0F223DA7B40B8","3","61","True","False","7.115",,"False","0","False","False","0","False"
"ba2af146-0d84-47c8-bc8c-26f21b5c00ab","MANIFEST_BOUND","hmail-perf-pair-100k-20260901","DE4DA2CDCDA01B1BE6D8C9BC98A377167205E940722D2BBCEE98A15A16ACB23A","net10","hmail_perf_pair_net10_20260831_213833","C:\hmail-perf-pair-100k-20260901\net10\Data","EBBF2395E8933C7BACE46AD51D451033745819B4B168934194C43B3B5121FAED","100","15","one TCP client and one sequential IMAP session per sample","0","PASS","E92ED927F40EA825DD551A4BA512B278123451CFAC76F908716AF84199904862","6FDC539CD1D13C7514886E7F7595F7A2A7107313E145AA44C7F0F223DA7B40B8","3","62","True","False","12.312",,"False","0","False","False","0","False"
"ba2af146-0d84-47c8-bc8c-26f21b5c00ab","MANIFEST_BOUND","hmail-perf-pair-100k-20260901","DE4DA2CDCDA01B1BE6D8C9BC98A377167205E940722D2BBCEE98A15A16ACB23A","net10","hmail_perf_pair_net10_20260831_213833","C:\hmail-perf-pair-100k-20260901\net10\Data","EBBF2395E8933C7BACE46AD51D451033745819B4B168934194C43B3B5121FAED","100","15","one TCP client and one sequential IMAP session per sample","0","PASS","E92ED927F40EA825DD551A4BA512B278123451CFAC76F908716AF84199904862","6FDC539CD1D13C7514886E7F7595F7A2A7107313E145AA44C7F0F223DA7B40B8","3","63","True","False","10.023",,"False","0","False","False","0","False"
"ba2af146-0d84-47c8-bc8c-26f21b5c00ab","MANIFEST_BOUND","hmail-perf-pair-100k-20260901","DE4DA2CDCDA01B1BE6D8C9BC98A377167205E940722D2BBCEE98A15A16ACB23A","net10","hmail_perf_pair_net10_20260831_213833","C:\hmail-perf-pair-100k-20260901\net10\Data","EBBF2395E8933C7BACE46AD51D451033745819B4B168934194C43B3B5121FAED","100","15","one TCP client and one sequential IMAP session per sample","0","PASS","E92ED927F40EA825DD551A4BA512B278123451CFAC76F908716AF84199904862","6FDC539CD1D13C7514886E7F7595F7A2A7107313E145AA44C7F0F223DA7B40B8","3","64","True","False","10.433",,"False","0","False","False","0","False"
"ba2af146-0d84-47c8-bc8c-26f21b5c00ab","MANIFEST_BOUND","hmail-perf-pair-100k-20260901","DE4DA2CDCDA01B1BE6D8C9BC98A377167205E940722D2BBCEE98A15A16ACB23A","net10","hmail_perf_pair_net10_20260831_213833","C:\hmail-perf-pair-100k-20260901\net10\Data","EBBF2395E8933C7BACE46AD51D451033745819B4B168934194C43B3B5121FAED","100","15","one TCP client and one sequential IMAP session per sample","0","PASS","E92ED927F40EA825DD551A4BA512B278123451CFAC76F908716AF84199904862","6FDC539CD1D13C7514886E7F7595F7A2A7107313E145AA44C7F0F223DA7B40B8","3","65","True","False","13.865",,"False","0","False","False","0","False"
"ba2af146-0d84-47c8-bc8c-26f21b5c00ab","MANIFEST_BOUND","hmail-perf-pair-100k-20260901","DE4DA2CDCDA01B1BE6D8C9BC98A377167205E940722D2BBCEE98A15A16ACB23A","net10","hmail_perf_pair_net10_20260831_213833","C:\hmail-perf-pair-100k-20260901\net10\Data","EBBF2395E8933C7BACE46AD51D451033745819B4B168934194C43B3B5121FAED","100","15","one TCP client and one sequential IMAP session per sample","0","PASS","E92ED927F40EA825DD551A4BA512B278123451CFAC76F908716AF84199904862","6FDC539CD1D13C7514886E7F7595F7A2A7107313E145AA44C7F0F223DA7B40B8","3","66","True","False","13.353",,"False","0","False","False","0","False"
"ba2af146-0d84-47c8-bc8c-26f21b5c00ab","MANIFEST_BOUND","hmail-perf-pair-100k-20260901","DE4DA2CDCDA01B1BE6D8C9BC98A377167205E940722D2BBCEE98A15A16ACB23A","net10","hmail_perf_pair_net10_20260831_213833","C:\hmail-perf-pair-100k-20260901\net10\Data","EBBF2395E8933C7BACE46AD51D451033745819B4B168934194C43B3B5121FAED","100","15","one TCP client and one sequential IMAP session per sample","0","PASS","E92ED927F40EA825DD551A4BA512B278123451CFAC76F908716AF84199904862","6FDC539CD1D13C7514886E7F7595F7A2A7107313E145AA44C7F0F223DA7B40B8","3","67","True","False","11.687",,"False","0","False","False","0","False"
"ba2af146-0d84-47c8-bc8c-26f21b5c00ab","MANIFEST_BOUND","hmail-perf-pair-100k-20260901","DE4DA2CDCDA01B1BE6D8C9BC98A377167205E940722D2BBCEE98A15A16ACB23A","net10","hmail_perf_pair_net10_20260831_213833","C:\hmail-perf-pair-100k-20260901\net10\Data","EBBF2395E8933C7BACE46AD51D451033745819B4B168934194C43B3B5121FAED","100","15","one TCP client and one sequential IMAP session per sample","0","PASS","E92ED927F40EA825DD551A4BA512B278123451CFAC76F908716AF84199904862","6FDC539CD1D13C7514886E7F7595F7A2A7107313E145AA44C7F0F223DA7B40B8","3","68","True","False","7.974",,"False","0","False","False","0","False"
"ba2af146-0d84-47c8-bc8c-26f21b5c00ab","MANIFEST_BOUND","hmail-perf-pair-100k-20260901","DE4DA2CDCDA01B1BE6D8C9BC98A377167205E940722D2BBCEE98A15A16ACB23A","net10","hmail_perf_pair_net10_20260831_213833","C:\hmail-perf-pair-100k-20260901\net10\Data","EBBF2395E8933C7BACE46AD51D451033745819B4B168934194C43B3B5121FAED","100","15","one TCP client and one sequential IMAP session per sample","0","PASS","E92ED927F40EA825DD551A4BA512B278123451CFAC76F908716AF84199904862","6FDC539CD1D13C7514886E7F7595F7A2A7107313E145AA44C7F0F223DA7B40B8","3","69","True","False","5.301",,"False","0","False","False","0","False"
"ba2af146-0d84-47c8-bc8c-26f21b5c00ab","MANIFEST_BOUND","hmail-perf-pair-100k-20260901","DE4DA2CDCDA01B1BE6D8C9BC98A377167205E940722D2BBCEE98A15A16ACB23A","net10","hmail_perf_pair_net10_20260831_213833","C:\hmail-perf-pair-100k-20260901\net10\Data","EBBF2395E8933C7BACE46AD51D451033745819B4B168934194C43B3B5121FAED","100","15","one TCP client and one sequential IMAP session per sample","0","PASS","E92ED927F40EA825DD551A4BA512B278123451CFAC76F908716AF84199904862","6FDC539CD1D13C7514886E7F7595F7A2A7107313E145AA44C7F0F223DA7B40B8","3","70","True","False","10.563",,"False","0","False","False","0","False"
"ba2af146-0d84-47c8-bc8c-26f21b5c00ab","MANIFEST_BOUND","hmail-perf-pair-100k-20260901","DE4DA2CDCDA01B1BE6D8C9BC98A377167205E940722D2BBCEE98A15A16ACB23A","net10","hmail_perf_pair_net10_20260831_213833","C:\hmail-perf-pair-100k-20260901\net10\Data","EBBF2395E8933C7BACE46AD51D451033745819B4B168934194C43B3B5121FAED","100","15","one TCP client and one sequential IMAP session per sample","0","PASS","E92ED927F40EA825DD551A4BA512B278123451CFAC76F908716AF84199904862","6FDC539CD1D13C7514886E7F7595F7A2A7107313E145AA44C7F0F223DA7B40B8","3","71","True","False","9.363",,"False","0","False","False","0","False"
"ba2af146-0d84-47c8-bc8c-26f21b5c00ab","MANIFEST_BOUND","hmail-perf-pair-100k-20260901","DE4DA2CDCDA01B1BE6D8C9BC98A377167205E940722D2BBCEE98A15A16ACB23A","net10","hmail_perf_pair_net10_20260831_213833","C:\hmail-perf-pair-100k-20260901\net10\Data","EBBF2395E8933C7BACE46AD51D451033745819B4B168934194C43B3B5121FAED","100","15","one TCP client and one sequential IMAP session per sample","0","PASS","E92ED927F40EA825DD551A4BA512B278123451CFAC76F908716AF84199904862","6FDC539CD1D13C7514886E7F7595F7A2A7107313E145AA44C7F0F223DA7B40B8","3","72","True","False","10.86",,"False","0","False","False","0","False"
"ba2af146-0d84-47c8-bc8c-26f21b5c00ab","MANIFEST_BOUND","hmail-perf-pair-100k-20260901","DE4DA2CDCDA01B1BE6D8C9BC98A377167205E940722D2BBCEE98A15A16ACB23A","net10","hmail_perf_pair_net10_20260831_213833","C:\hmail-perf-pair-100k-20260901\net10\Data","EBBF2395E8933C7BACE46AD51D451033745819B4B168934194C43B3B5121FAED","100","15","one TCP client and one sequential IMAP session per sample","0","PASS","E92ED927F40EA825DD551A4BA512B278123451CFAC76F908716AF84199904862","6FDC539CD1D13C7514886E7F7595F7A2A7107313E145AA44C7F0F223DA7B40B8","3","73","True","False","11.476",,"False","0","False","False","0","False"
"ba2af146-0d84-47c8-bc8c-26f21b5c00ab","MANIFEST_BOUND","hmail-perf-pair-100k-20260901","DE4DA2CDCDA01B1BE6D8C9BC98A377167205E940722D2BBCEE98A15A16ACB23A","net10","hmail_perf_pair_net10_20260831_213833","C:\hmail-perf-pair-100k-20260901\net10\Data","EBBF2395E8933C7BACE46AD51D451033745819B4B168934194C43B3B5121FAED","100","15","one TCP client and one sequential IMAP session per sample","0","PASS","E92ED927F40EA825DD551A4BA512B278123451CFAC76F908716AF84199904862","6FDC539CD1D13C7514886E7F7595F7A2A7107313E145AA44C7F0F223DA7B40B8","3","74","True","False","8.873",,"False","0","False","False","0","False"
"ba2af146-0d84-47c8-bc8c-26f21b5c00ab","MANIFEST_BOUND","hmail-perf-pair-100k-20260901","DE4DA2CDCDA01B1BE6D8C9BC98A377167205E940722D2BBCEE98A15A16ACB23A","net10","hmail_perf_pair_net10_20260831_213833","C:\hmail-perf-pair-100k-20260901\net10\Data","EBBF2395E8933C7BACE46AD51D451033745819B4B168934194C43B3B5121FAED","100","15","one TCP client and one sequential IMAP session per sample","0","PASS","E92ED927F40EA825DD551A4BA512B278123451CFAC76F908716AF84199904862","6FDC539CD1D13C7514886E7F7595F7A2A7107313E145AA44C7F0F223DA7B40B8","3","75","True","False","11.91",,"False","0","False","False","0","False"
"ba2af146-0d84-47c8-bc8c-26f21b5c00ab","MANIFEST_BOUND","hmail-perf-pair-100k-20260901","DE4DA2CDCDA01B1BE6D8C9BC98A377167205E940722D2BBCEE98A15A16ACB23A","net10","hmail_perf_pair_net10_20260831_213833","C:\hmail-perf-pair-100k-20260901\net10\Data","EBBF2395E8933C7BACE46AD51D451033745819B4B168934194C43B3B5121FAED","100","15","one TCP client and one sequential IMAP session per sample","0","PASS","E92ED927F40EA825DD551A4BA512B278123451CFAC76F908716AF84199904862","6FDC539CD1D13C7514886E7F7595F7A2A7107313E145AA44C7F0F223DA7B40B8","3","76","True","False","14.972",,"False","0","False","False","0","False"
"ba2af146-0d84-47c8-bc8c-26f21b5c00ab","MANIFEST_BOUND","hmail-perf-pair-100k-20260901","DE4DA2CDCDA01B1BE6D8C9BC98A377167205E940722D2BBCEE98A15A16ACB23A","net10","hmail_perf_pair_net10_20260831_213833","C:\hmail-perf-pair-100k-20260901\net10\Data","EBBF2395E8933C7BACE46AD51D451033745819B4B168934194C43B3B5121FAED","100","15","one TCP client and one sequential IMAP session per sample","0","PASS","E92ED927F40EA825DD551A4BA512B278123451CFAC76F908716AF84199904862","6FDC539CD1D13C7514886E7F7595F7A2A7107313E145AA44C7F0F223DA7B40B8","3","77","True","False","14.079",,"False","0","False","False","0","False"
"ba2af146-0d84-47c8-bc8c-26f21b5c00ab","MANIFEST_BOUND","hmail-perf-pair-100k-20260901","DE4DA2CDCDA01B1BE6D8C9BC98A377167205E940722D2BBCEE98A15A16ACB23A","net10","hmail_perf_pair_net10_20260831_213833","C:\hmail-perf-pair-100k-20260901\net10\Data","EBBF2395E8933C7BACE46AD51D451033745819B4B168934194C43B3B5121FAED","100","15","one TCP client and one sequential IMAP session per sample","0","PASS","E92ED927F40EA825DD551A4BA512B278123451CFAC76F908716AF84199904862","6FDC539CD1D13C7514886E7F7595F7A2A7107313E145AA44C7F0F223DA7B40B8","3","78","True","False","14.037",,"False","0","False","False","0","False"
"ba2af146-0d84-47c8-bc8c-26f21b5c00ab","MANIFEST_BOUND","hmail-perf-pair-100k-20260901","DE4DA2CDCDA01B1BE6D8C9BC98A377167205E940722D2BBCEE98A15A16ACB23A","net10","hmail_perf_pair_net10_20260831_213833","C:\hmail-perf-pair-100k-20260901\net10\Data","EBBF2395E8933C7BACE46AD51D451033745819B4B168934194C43B3B5121FAED","100","15","one TCP client and one sequential IMAP session per sample","0","PASS","E92ED927F40EA825DD551A4BA512B278123451CFAC76F908716AF84199904862","6FDC539CD1D13C7514886E7F7595F7A2A7107313E145AA44C7F0F223DA7B40B8","3","79","True","False","5.785",,"False","0","False","False","0","False"
"ba2af146-0d84-47c8-bc8c-26f21b5c00ab","MANIFEST_BOUND","hmail-perf-pair-100k-20260901","DE4DA2CDCDA01B1BE6D8C9BC98A377167205E940722D2BBCEE98A15A16ACB23A","net10","hmail_perf_pair_net10_20260831_213833","C:\hmail-perf-pair-100k-20260901\net10\Data","EBBF2395E8933C7BACE46AD51D451033745819B4B168934194C43B3B5121FAED","100","15","one TCP client and one sequential IMAP session per sample","0","PASS","E92ED927F40EA825DD551A4BA512B278123451CFAC76F908716AF84199904862","6FDC539CD1D13C7514886E7F7595F7A2A7107313E145AA44C7F0F223DA7B40B8","3","80","True","False","12.109",,"False","0","False","False","0","False"
"ba2af146-0d84-47c8-bc8c-26f21b5c00ab","MANIFEST_BOUND","hmail-perf-pair-100k-20260901","DE4DA2CDCDA01B1BE6D8C9BC98A377167205E940722D2BBCEE98A15A16ACB23A","net10","hmail_perf_pair_net10_20260831_213833","C:\hmail-perf-pair-100k-20260901\net10\Data","EBBF2395E8933C7BACE46AD51D451033745819B4B168934194C43B3B5121FAED","100","15","one TCP client and one sequential IMAP session per sample","0","PASS","E92ED927F40EA825DD551A4BA512B278123451CFAC76F908716AF84199904862","6FDC539CD1D13C7514886E7F7595F7A2A7107313E145AA44C7F0F223DA7B40B8","3","81","True","False","14.766",,"False","0","False","False","0","False"
"ba2af146-0d84-47c8-bc8c-26f21b5c00ab","MANIFEST_BOUND","hmail-perf-pair-100k-20260901","DE4DA2CDCDA01B1BE6D8C9BC98A377167205E940722D2BBCEE98A15A16ACB23A","net10","hmail_perf_pair_net10_20260831_213833","C:\hmail-perf-pair-100k-20260901\net10\Data","EBBF2395E8933C7BACE46AD51D451033745819B4B168934194C43B3B5121FAED","100","15","one TCP client and one sequential IMAP session per sample","0","PASS","E92ED927F40EA825DD551A4BA512B278123451CFAC76F908716AF84199904862","6FDC539CD1D13C7514886E7F7595F7A2A7107313E145AA44C7F0F223DA7B40B8","3","82","True","False","12.346",,"False","0","False","False","0","False"
"ba2af146-0d84-47c8-bc8c-26f21b5c00ab","MANIFEST_BOUND","hmail-perf-pair-100k-20260901","DE4DA2CDCDA01B1BE6D8C9BC98A377167205E940722D2BBCEE98A15A16ACB23A","net10","hmail_perf_pair_net10_20260831_213833","C:\hmail-perf-pair-100k-20260901\net10\Data","EBBF2395E8933C7BACE46AD51D451033745819B4B168934194C43B3B5121FAED","100","15","one TCP client and one sequential IMAP session per sample","0","PASS","E92ED927F40EA825DD551A4BA512B278123451CFAC76F908716AF84199904862","6FDC539CD1D13C7514886E7F7595F7A2A7107313E145AA44C7F0F223DA7B40B8","3","83","True","False","12.643",,"False","0","False","False","0","False"
"ba2af146-0d84-47c8-bc8c-26f21b5c00ab","MANIFEST_BOUND","hmail-perf-pair-100k-20260901","DE4DA2CDCDA01B1BE6D8C9BC98A377167205E940722D2BBCEE98A15A16ACB23A","net10","hmail_perf_pair_net10_20260831_213833","C:\hmail-perf-pair-100k-20260901\net10\Data","EBBF2395E8933C7BACE46AD51D451033745819B4B168934194C43B3B5121FAED","100","15","one TCP client and one sequential IMAP session per sample","0","PASS","E92ED927F40EA825DD551A4BA512B278123451CFAC76F908716AF84199904862","6FDC539CD1D13C7514886E7F7595F7A2A7107313E145AA44C7F0F223DA7B40B8","3","84","True","False","7.332",,"False","0","False","False","0","False"
"ba2af146-0d84-47c8-bc8c-26f21b5c00ab","MANIFEST_BOUND","hmail-perf-pair-100k-20260901","DE4DA2CDCDA01B1BE6D8C9BC98A377167205E940722D2BBCEE98A15A16ACB23A","net10","hmail_perf_pair_net10_20260831_213833","C:\hmail-perf-pair-100k-20260901\net10\Data","EBBF2395E8933C7BACE46AD51D451033745819B4B168934194C43B3B5121FAED","100","15","one TCP client and one sequential IMAP session per sample","0","PASS","E92ED927F40EA825DD551A4BA512B278123451CFAC76F908716AF84199904862","6FDC539CD1D13C7514886E7F7595F7A2A7107313E145AA44C7F0F223DA7B40B8","3","85","True","False","9.142",,"False","0","False","False","0","False"
"ba2af146-0d84-47c8-bc8c-26f21b5c00ab","MANIFEST_BOUND","hmail-perf-pair-100k-20260901","DE4DA2CDCDA01B1BE6D8C9BC98A377167205E940722D2BBCEE98A15A16ACB23A","net10","hmail_perf_pair_net10_20260831_213833","C:\hmail-perf-pair-100k-20260901\net10\Data","EBBF2395E8933C7BACE46AD51D451033745819B4B168934194C43B3B5121FAED","100","15","one TCP client and one sequential IMAP session per sample","0","PASS","E92ED927F40EA825DD551A4BA512B278123451CFAC76F908716AF84199904862","6FDC539CD1D13C7514886E7F7595F7A2A7107313E145AA44C7F0F223DA7B40B8","3","86","True","False","9.497",,"False","0","False","False","0","False"
"ba2af146-0d84-47c8-bc8c-26f21b5c00ab","MANIFEST_BOUND","hmail-perf-pair-100k-20260901","DE4DA2CDCDA01B1BE6D8C9BC98A377167205E940722D2BBCEE98A15A16ACB23A","net10","hmail_perf_pair_net10_20260831_213833","C:\hmail-perf-pair-100k-20260901\net10\Data","EBBF2395E8933C7BACE46AD51D451033745819B4B168934194C43B3B5121FAED","100","15","one TCP client and one sequential IMAP session per sample","0","PASS","E92ED927F40EA825DD551A4BA512B278123451CFAC76F908716AF84199904862","6FDC539CD1D13C7514886E7F7595F7A2A7107313E145AA44C7F0F223DA7B40B8","3","87","True","False","12.517",,"False","0","False","False","0","False"
"ba2af146-0d84-47c8-bc8c-26f21b5c00ab","MANIFEST_BOUND","hmail-perf-pair-100k-20260901","DE4DA2CDCDA01B1BE6D8C9BC98A377167205E940722D2BBCEE98A15A16ACB23A","net10","hmail_perf_pair_net10_20260831_213833","C:\hmail-perf-pair-100k-20260901\net10\Data","EBBF2395E8933C7BACE46AD51D451033745819B4B168934194C43B3B5121FAED","100","15","one TCP client and one sequential IMAP session per sample","0","PASS","E92ED927F40EA825DD551A4BA512B278123451CFAC76F908716AF84199904862","6FDC539CD1D13C7514886E7F7595F7A2A7107313E145AA44C7F0F223DA7B40B8","3","88","True","False","8.22",,"False","0","False","False","0","False"
"ba2af146-0d84-47c8-bc8c-26f21b5c00ab","MANIFEST_BOUND","hmail-perf-pair-100k-20260901","DE4DA2CDCDA01B1BE6D8C9BC98A377167205E940722D2BBCEE98A15A16ACB23A","net10","hmail_perf_pair_net10_20260831_213833","C:\hmail-perf-pair-100k-20260901\net10\Data","EBBF2395E8933C7BACE46AD51D451033745819B4B168934194C43B3B5121FAED","100","15","one TCP client and one sequential IMAP session per sample","0","PASS","E92ED927F40EA825DD551A4BA512B278123451CFAC76F908716AF84199904862","6FDC539CD1D13C7514886E7F7595F7A2A7107313E145AA44C7F0F223DA7B40B8","3","89","True","False","8.771",,"False","0","False","False","0","False"
"ba2af146-0d84-47c8-bc8c-26f21b5c00ab","MANIFEST_BOUND","hmail-perf-pair-100k-20260901","DE4DA2CDCDA01B1BE6D8C9BC98A377167205E940722D2BBCEE98A15A16ACB23A","net10","hmail_perf_pair_net10_20260831_213833","C:\hmail-perf-pair-100k-20260901\net10\Data","EBBF2395E8933C7BACE46AD51D451033745819B4B168934194C43B3B5121FAED","100","15","one TCP client and one sequential IMAP session per sample","0","PASS","E92ED927F40EA825DD551A4BA512B278123451CFAC76F908716AF84199904862","6FDC539CD1D13C7514886E7F7595F7A2A7107313E145AA44C7F0F223DA7B40B8","3","90","True","False","14.453",,"False","0","False","False","0","False"
"ba2af146-0d84-47c8-bc8c-26f21b5c00ab","MANIFEST_BOUND","hmail-perf-pair-100k-20260901","DE4DA2CDCDA01B1BE6D8C9BC98A377167205E940722D2BBCEE98A15A16ACB23A","net10","hmail_perf_pair_net10_20260831_213833","C:\hmail-perf-pair-100k-20260901\net10\Data","EBBF2395E8933C7BACE46AD51D451033745819B4B168934194C43B3B5121FAED","100","15","one TCP client and one sequential IMAP session per sample","0","PASS","E92ED927F40EA825DD551A4BA512B278123451CFAC76F908716AF84199904862","6FDC539CD1D13C7514886E7F7595F7A2A7107313E145AA44C7F0F223DA7B40B8","3","91","True","False","12.87",,"False","0","False","False","0","False"
"ba2af146-0d84-47c8-bc8c-26f21b5c00ab","MANIFEST_BOUND","hmail-perf-pair-100k-20260901","DE4DA2CDCDA01B1BE6D8C9BC98A377167205E940722D2BBCEE98A15A16ACB23A","net10","hmail_perf_pair_net10_20260831_213833","C:\hmail-perf-pair-100k-20260901\net10\Data","EBBF2395E8933C7BACE46AD51D451033745819B4B168934194C43B3B5121FAED","100","15","one TCP client and one sequential IMAP session per sample","0","PASS","E92ED927F40EA825DD551A4BA512B278123451CFAC76F908716AF84199904862","6FDC539CD1D13C7514886E7F7595F7A2A7107313E145AA44C7F0F223DA7B40B8","3","92","True","False","13.135",,"False","0","False","False","0","False"
"ba2af146-0d84-47c8-bc8c-26f21b5c00ab","MANIFEST_BOUND","hmail-perf-pair-100k-20260901","DE4DA2CDCDA01B1BE6D8C9BC98A377167205E940722D2BBCEE98A15A16ACB23A","net10","hmail_perf_pair_net10_20260831_213833","C:\hmail-perf-pair-100k-20260901\net10\Data","EBBF2395E8933C7BACE46AD51D451033745819B4B168934194C43B3B5121FAED","100","15","one TCP client and one sequential IMAP session per sample","0","PASS","E92ED927F40EA825DD551A4BA512B278123451CFAC76F908716AF84199904862","6FDC539CD1D13C7514886E7F7595F7A2A7107313E145AA44C7F0F223DA7B40B8","3","93","True","False","14.782",,"False","0","False","False","0","False"
"ba2af146-0d84-47c8-bc8c-26f21b5c00ab","MANIFEST_BOUND","hmail-perf-pair-100k-20260901","DE4DA2CDCDA01B1BE6D8C9BC98A377167205E940722D2BBCEE98A15A16ACB23A","net10","hmail_perf_pair_net10_20260831_213833","C:\hmail-perf-pair-100k-20260901\net10\Data","EBBF2395E8933C7BACE46AD51D451033745819B4B168934194C43B3B5121FAED","100","15","one TCP client and one sequential IMAP session per sample","0","PASS","E92ED927F40EA825DD551A4BA512B278123451CFAC76F908716AF84199904862","6FDC539CD1D13C7514886E7F7595F7A2A7107313E145AA44C7F0F223DA7B40B8","3","94","True","False","10.317",,"False","0","False","False","0","False"
"ba2af146-0d84-47c8-bc8c-26f21b5c00ab","MANIFEST_BOUND","hmail-perf-pair-100k-20260901","DE4DA2CDCDA01B1BE6D8C9BC98A377167205E940722D2BBCEE98A15A16ACB23A","net10","hmail_perf_pair_net10_20260831_213833","C:\hmail-perf-pair-100k-20260901\net10\Data","EBBF2395E8933C7BACE46AD51D451033745819B4B168934194C43B3B5121FAED","100","15","one TCP client and one sequential IMAP session per sample","0","PASS","E92ED927F40EA825DD551A4BA512B278123451CFAC76F908716AF84199904862","6FDC539CD1D13C7514886E7F7595F7A2A7107313E145AA44C7F0F223DA7B40B8","3","95","True","False","14.364",,"False","0","False","False","0","False"
"ba2af146-0d84-47c8-bc8c-26f21b5c00ab","MANIFEST_BOUND","hmail-perf-pair-100k-20260901","DE4DA2CDCDA01B1BE6D8C9BC98A377167205E940722D2BBCEE98A15A16ACB23A","net10","hmail_perf_pair_net10_20260831_213833","C:\hmail-perf-pair-100k-20260901\net10\Data","EBBF2395E8933C7BACE46AD51D451033745819B4B168934194C43B3B5121FAED","100","15","one TCP client and one sequential IMAP session per sample","0","PASS","E92ED927F40EA825DD551A4BA512B278123451CFAC76F908716AF84199904862","6FDC539CD1D13C7514886E7F7595F7A2A7107313E145AA44C7F0F223DA7B40B8","3","96","True","False","12.885",,"False","0","False","False","0","False"
"ba2af146-0d84-47c8-bc8c-26f21b5c00ab","MANIFEST_BOUND","hmail-perf-pair-100k-20260901","DE4DA2CDCDA01B1BE6D8C9BC98A377167205E940722D2BBCEE98A15A16ACB23A","net10","hmail_perf_pair_net10_20260831_213833","C:\hmail-perf-pair-100k-20260901\net10\Data","EBBF2395E8933C7BACE46AD51D451033745819B4B168934194C43B3B5121FAED","100","15","one TCP client and one sequential IMAP session per sample","0","PASS","E92ED927F40EA825DD551A4BA512B278123451CFAC76F908716AF84199904862","6FDC539CD1D13C7514886E7F7595F7A2A7107313E145AA44C7F0F223DA7B40B8","3","97","True","False","15.322",,"False","0","False","False","0","False"
"ba2af146-0d84-47c8-bc8c-26f21b5c00ab","MANIFEST_BOUND","hmail-perf-pair-100k-20260901","DE4DA2CDCDA01B1BE6D8C9BC98A377167205E940722D2BBCEE98A15A16ACB23A","net10","hmail_perf_pair_net10_20260831_213833","C:\hmail-perf-pair-100k-20260901\net10\Data","EBBF2395E8933C7BACE46AD51D451033745819B4B168934194C43B3B5121FAED","100","15","one TCP client and one sequential IMAP session per sample","0","PASS","E92ED927F40EA825DD551A4BA512B278123451CFAC76F908716AF84199904862","6FDC539CD1D13C7514886E7F7595F7A2A7107313E145AA44C7F0F223DA7B40B8","3","98","True","False","10.268",,"False","0","False","False","0","False"
"ba2af146-0d84-47c8-bc8c-26f21b5c00ab","MANIFEST_BOUND","hmail-perf-pair-100k-20260901","DE4DA2CDCDA01B1BE6D8C9BC98A377167205E940722D2BBCEE98A15A16ACB23A","net10","hmail_perf_pair_net10_20260831_213833","C:\hmail-perf-pair-100k-20260901\net10\Data","EBBF2395E8933C7BACE46AD51D451033745819B4B168934194C43B3B5121FAED","100","15","one TCP client and one sequential IMAP session per sample","0","PASS","E92ED927F40EA825DD551A4BA512B278123451CFAC76F908716AF84199904862","6FDC539CD1D13C7514886E7F7595F7A2A7107313E145AA44C7F0F223DA7B40B8","3","99","True","False","13.854",,"False","0","False","False","0","False"
"ba2af146-0d84-47c8-bc8c-26f21b5c00ab","MANIFEST_BOUND","hmail-perf-pair-100k-20260901","DE4DA2CDCDA01B1BE6D8C9BC98A377167205E940722D2BBCEE98A15A16ACB23A","net10","hmail_perf_pair_net10_20260831_213833","C:\hmail-perf-pair-100k-20260901\net10\Data","EBBF2395E8933C7BACE46AD51D451033745819B4B168934194C43B3B5121FAED","100","15","one TCP client and one sequential IMAP session per sample","0","PASS","E92ED927F40EA825DD551A4BA512B278123451CFAC76F908716AF84199904862","6FDC539CD1D13C7514886E7F7595F7A2A7107313E145AA44C7F0F223DA7B40B8","3","100","True","False","14.41",,"False","0","False","False","0","False"
"ba2af146-0d84-47c8-bc8c-26f21b5c00ab","MANIFEST_BOUND","hmail-perf-pair-100k-20260901","DE4DA2CDCDA01B1BE6D8C9BC98A377167205E940722D2BBCEE98A15A16ACB23A","net10","hmail_perf_pair_net10_20260831_213833","C:\hmail-perf-pair-100k-20260901\net10\Data","EBBF2395E8933C7BACE46AD51D451033745819B4B168934194C43B3B5121FAED","100","15","one TCP client and one sequential IMAP session per sample","0","PASS","E92ED927F40EA825DD551A4BA512B278123451CFAC76F908716AF84199904862","6FDC539CD1D13C7514886E7F7595F7A2A7107313E145AA44C7F0F223DA7B40B8","4","1","True","False","13.609",,"False","0","False","False","0","False"
"ba2af146-0d84-47c8-bc8c-26f21b5c00ab","MANIFEST_BOUND","hmail-perf-pair-100k-20260901","DE4DA2CDCDA01B1BE6D8C9BC98A377167205E940722D2BBCEE98A15A16ACB23A","net10","hmail_perf_pair_net10_20260831_213833","C:\hmail-perf-pair-100k-20260901\net10\Data","EBBF2395E8933C7BACE46AD51D451033745819B4B168934194C43B3B5121FAED","100","15","one TCP client and one sequential IMAP session per sample","0","PASS","E92ED927F40EA825DD551A4BA512B278123451CFAC76F908716AF84199904862","6FDC539CD1D13C7514886E7F7595F7A2A7107313E145AA44C7F0F223DA7B40B8","4","2","True","False","2.887",,"False","0","False","False","0","False"
"ba2af146-0d84-47c8-bc8c-26f21b5c00ab","MANIFEST_BOUND","hmail-perf-pair-100k-20260901","DE4DA2CDCDA01B1BE6D8C9BC98A377167205E940722D2BBCEE98A15A16ACB23A","net10","hmail_perf_pair_net10_20260831_213833","C:\hmail-perf-pair-100k-20260901\net10\Data","EBBF2395E8933C7BACE46AD51D451033745819B4B168934194C43B3B5121FAED","100","15","one TCP client and one sequential IMAP session per sample","0","PASS","E92ED927F40EA825DD551A4BA512B278123451CFAC76F908716AF84199904862","6FDC539CD1D13C7514886E7F7595F7A2A7107313E145AA44C7F0F223DA7B40B8","4","3","True","False","6.575",,"False","0","False","False","0","False"
"ba2af146-0d84-47c8-bc8c-26f21b5c00ab","MANIFEST_BOUND","hmail-perf-pair-100k-20260901","DE4DA2CDCDA01B1BE6D8C9BC98A377167205E940722D2BBCEE98A15A16ACB23A","net10","hmail_perf_pair_net10_20260831_213833","C:\hmail-perf-pair-100k-20260901\net10\Data","EBBF2395E8933C7BACE46AD51D451033745819B4B168934194C43B3B5121FAED","100","15","one TCP client and one sequential IMAP session per sample","0","PASS","E92ED927F40EA825DD551A4BA512B278123451CFAC76F908716AF84199904862","6FDC539CD1D13C7514886E7F7595F7A2A7107313E145AA44C7F0F223DA7B40B8","4","4","True","False","5.37",,"False","0","False","False","0","False"
"ba2af146-0d84-47c8-bc8c-26f21b5c00ab","MANIFEST_BOUND","hmail-perf-pair-100k-20260901","DE4DA2CDCDA01B1BE6D8C9BC98A377167205E940722D2BBCEE98A15A16ACB23A","net10","hmail_perf_pair_net10_20260831_213833","C:\hmail-perf-pair-100k-20260901\net10\Data","EBBF2395E8933C7BACE46AD51D451033745819B4B168934194C43B3B5121FAED","100","15","one TCP client and one sequential IMAP session per sample","0","PASS","E92ED927F40EA825DD551A4BA512B278123451CFAC76F908716AF84199904862","6FDC539CD1D13C7514886E7F7595F7A2A7107313E145AA44C7F0F223DA7B40B8","4","5","True","False","11.259",,"False","0","False","False","0","False"
"ba2af146-0d84-47c8-bc8c-26f21b5c00ab","MANIFEST_BOUND","hmail-perf-pair-100k-20260901","DE4DA2CDCDA01B1BE6D8C9BC98A377167205E940722D2BBCEE98A15A16ACB23A","net10","hmail_perf_pair_net10_20260831_213833","C:\hmail-perf-pair-100k-20260901\net10\Data","EBBF2395E8933C7BACE46AD51D451033745819B4B168934194C43B3B5121FAED","100","15","one TCP client and one sequential IMAP session per sample","0","PASS","E92ED927F40EA825DD551A4BA512B278123451CFAC76F908716AF84199904862","6FDC539CD1D13C7514886E7F7595F7A2A7107313E145AA44C7F0F223DA7B40B8","4","6","True","False","5.661",,"False","0","False","False","0","False"
"ba2af146-0d84-47c8-bc8c-26f21b5c00ab","MANIFEST_BOUND","hmail-perf-pair-100k-20260901","DE4DA2CDCDA01B1BE6D8C9BC98A377167205E940722D2BBCEE98A15A16ACB23A","net10","hmail_perf_pair_net10_20260831_213833","C:\hmail-perf-pair-100k-20260901\net10\Data","EBBF2395E8933C7BACE46AD51D451033745819B4B168934194C43B3B5121FAED","100","15","one TCP client and one sequential IMAP session per sample","0","PASS","E92ED927F40EA825DD551A4BA512B278123451CFAC76F908716AF84199904862","6FDC539CD1D13C7514886E7F7595F7A2A7107313E145AA44C7F0F223DA7B40B8","4","7","True","False","6.661",,"False","0","False","False","0","False"
"ba2af146-0d84-47c8-bc8c-26f21b5c00ab","MANIFEST_BOUND","hmail-perf-pair-100k-20260901","DE4DA2CDCDA01B1BE6D8C9BC98A377167205E940722D2BBCEE98A15A16ACB23A","net10","hmail_perf_pair_net10_20260831_213833","C:\hmail-perf-pair-100k-20260901\net10\Data","EBBF2395E8933C7BACE46AD51D451033745819B4B168934194C43B3B5121FAED","100","15","one TCP client and one sequential IMAP session per sample","0","PASS","E92ED927F40EA825DD551A4BA512B278123451CFAC76F908716AF84199904862","6FDC539CD1D13C7514886E7F7595F7A2A7107313E145AA44C7F0F223DA7B40B8","4","8","True","False","7.655",,"False","0","False","False","0","False"
"ba2af146-0d84-47c8-bc8c-26f21b5c00ab","MANIFEST_BOUND","hmail-perf-pair-100k-20260901","DE4DA2CDCDA01B1BE6D8C9BC98A377167205E940722D2BBCEE98A15A16ACB23A","net10","hmail_perf_pair_net10_20260831_213833","C:\hmail-perf-pair-100k-20260901\net10\Data","EBBF2395E8933C7BACE46AD51D451033745819B4B168934194C43B3B5121FAED","100","15","one TCP client and one sequential IMAP session per sample","0","PASS","E92ED927F40EA825DD551A4BA512B278123451CFAC76F908716AF84199904862","6FDC539CD1D13C7514886E7F7595F7A2A7107313E145AA44C7F0F223DA7B40B8","4","9","True","False","7.841",,"False","0","False","False","0","False"
"ba2af146-0d84-47c8-bc8c-26f21b5c00ab","MANIFEST_BOUND","hmail-perf-pair-100k-20260901","DE4DA2CDCDA01B1BE6D8C9BC98A377167205E940722D2BBCEE98A15A16ACB23A","net10","hmail_perf_pair_net10_20260831_213833","C:\hmail-perf-pair-100k-20260901\net10\Data","EBBF2395E8933C7BACE46AD51D451033745819B4B168934194C43B3B5121FAED","100","15","one TCP client and one sequential IMAP session per sample","0","PASS","E92ED927F40EA825DD551A4BA512B278123451CFAC76F908716AF84199904862","6FDC539CD1D13C7514886E7F7595F7A2A7107313E145AA44C7F0F223DA7B40B8","4","10","True","False","6.438",,"False","0","False","False","0","False"
"ba2af146-0d84-47c8-bc8c-26f21b5c00ab","MANIFEST_BOUND","hmail-perf-pair-100k-20260901","DE4DA2CDCDA01B1BE6D8C9BC98A377167205E940722D2BBCEE98A15A16ACB23A","net10","hmail_perf_pair_net10_20260831_213833","C:\hmail-perf-pair-100k-20260901\net10\Data","EBBF2395E8933C7BACE46AD51D451033745819B4B168934194C43B3B5121FAED","100","15","one TCP client and one sequential IMAP session per sample","0","PASS","E92ED927F40EA825DD551A4BA512B278123451CFAC76F908716AF84199904862","6FDC539CD1D13C7514886E7F7595F7A2A7107313E145AA44C7F0F223DA7B40B8","4","11","True","False","11.682",,"False","0","False","False","0","False"
"ba2af146-0d84-47c8-bc8c-26f21b5c00ab","MANIFEST_BOUND","hmail-perf-pair-100k-20260901","DE4DA2CDCDA01B1BE6D8C9BC98A377167205E940722D2BBCEE98A15A16ACB23A","net10","hmail_perf_pair_net10_20260831_213833","C:\hmail-perf-pair-100k-20260901\net10\Data","EBBF2395E8933C7BACE46AD51D451033745819B4B168934194C43B3B5121FAED","100","15","one TCP client and one sequential IMAP session per sample","0","PASS","E92ED927F40EA825DD551A4BA512B278123451CFAC76F908716AF84199904862","6FDC539CD1D13C7514886E7F7595F7A2A7107313E145AA44C7F0F223DA7B40B8","4","12","True","False","6.315",,"False","0","False","False","0","False"
"ba2af146-0d84-47c8-bc8c-26f21b5c00ab","MANIFEST_BOUND","hmail-perf-pair-100k-20260901","DE4DA2CDCDA01B1BE6D8C9BC98A377167205E940722D2BBCEE98A15A16ACB23A","net10","hmail_perf_pair_net10_20260831_213833","C:\hmail-perf-pair-100k-20260901\net10\Data","EBBF2395E8933C7BACE46AD51D451033745819B4B168934194C43B3B5121FAED","100","15","one TCP client and one sequential IMAP session per sample","0","PASS","E92ED927F40EA825DD551A4BA512B278123451CFAC76F908716AF84199904862","6FDC539CD1D13C7514886E7F7595F7A2A7107313E145AA44C7F0F223DA7B40B8","4","13","True","False","7.942",,"False","0","False","False","0","False"
"ba2af146-0d84-47c8-bc8c-26f21b5c00ab","MANIFEST_BOUND","hmail-perf-pair-100k-20260901","DE4DA2CDCDA01B1BE6D8C9BC98A377167205E940722D2BBCEE98A15A16ACB23A","net10","hmail_perf_pair_net10_20260831_213833","C:\hmail-perf-pair-100k-20260901\net10\Data","EBBF2395E8933C7BACE46AD51D451033745819B4B168934194C43B3B5121FAED","100","15","one TCP client and one sequential IMAP session per sample","0","PASS","E92ED927F40EA825DD551A4BA512B278123451CFAC76F908716AF84199904862","6FDC539CD1D13C7514886E7F7595F7A2A7107313E145AA44C7F0F223DA7B40B8","4","14","True","False","7.179",,"False","0","False","False","0","False"
"ba2af146-0d84-47c8-bc8c-26f21b5c00ab","MANIFEST_BOUND","hmail-perf-pair-100k-20260901","DE4DA2CDCDA01B1BE6D8C9BC98A377167205E940722D2BBCEE98A15A16ACB23A","net10","hmail_perf_pair_net10_20260831_213833","C:\hmail-perf-pair-100k-20260901\net10\Data","EBBF2395E8933C7BACE46AD51D451033745819B4B168934194C43B3B5121FAED","100","15","one TCP client and one sequential IMAP session per sample","0","PASS","E92ED927F40EA825DD551A4BA512B278123451CFAC76F908716AF84199904862","6FDC539CD1D13C7514886E7F7595F7A2A7107313E145AA44C7F0F223DA7B40B8","4","15","True","False","11.243",,"False","0","False","False","0","False"
"ba2af146-0d84-47c8-bc8c-26f21b5c00ab","MANIFEST_BOUND","hmail-perf-pair-100k-20260901","DE4DA2CDCDA01B1BE6D8C9BC98A377167205E940722D2BBCEE98A15A16ACB23A","net10","hmail_perf_pair_net10_20260831_213833","C:\hmail-perf-pair-100k-20260901\net10\Data","EBBF2395E8933C7BACE46AD51D451033745819B4B168934194C43B3B5121FAED","100","15","one TCP client and one sequential IMAP session per sample","0","PASS","E92ED927F40EA825DD551A4BA512B278123451CFAC76F908716AF84199904862","6FDC539CD1D13C7514886E7F7595F7A2A7107313E145AA44C7F0F223DA7B40B8","4","16","True","False","8.136",,"False","0","False","False","0","False"
"ba2af146-0d84-47c8-bc8c-26f21b5c00ab","MANIFEST_BOUND","hmail-perf-pair-100k-20260901","DE4DA2CDCDA01B1BE6D8C9BC98A377167205E940722D2BBCEE98A15A16ACB23A","net10","hmail_perf_pair_net10_20260831_213833","C:\hmail-perf-pair-100k-20260901\net10\Data","EBBF2395E8933C7BACE46AD51D451033745819B4B168934194C43B3B5121FAED","100","15","one TCP client and one sequential IMAP session per sample","0","PASS","E92ED927F40EA825DD551A4BA512B278123451CFAC76F908716AF84199904862","6FDC539CD1D13C7514886E7F7595F7A2A7107313E145AA44C7F0F223DA7B40B8","4","17","True","False","11.338",,"False","0","False","False","0","False"
"ba2af146-0d84-47c8-bc8c-26f21b5c00ab","MANIFEST_BOUND","hmail-perf-pair-100k-20260901","DE4DA2CDCDA01B1BE6D8C9BC98A377167205E940722D2BBCEE98A15A16ACB23A","net10","hmail_perf_pair_net10_20260831_213833","C:\hmail-perf-pair-100k-20260901\net10\Data","EBBF2395E8933C7BACE46AD51D451033745819B4B168934194C43B3B5121FAED","100","15","one TCP client and one sequential IMAP session per sample","0","PASS","E92ED927F40EA825DD551A4BA512B278123451CFAC76F908716AF84199904862","6FDC539CD1D13C7514886E7F7595F7A2A7107313E145AA44C7F0F223DA7B40B8","4","18","True","False","8.461",,"False","0","False","False","0","False"
"ba2af146-0d84-47c8-bc8c-26f21b5c00ab","MANIFEST_BOUND","hmail-perf-pair-100k-20260901","DE4DA2CDCDA01B1BE6D8C9BC98A377167205E940722D2BBCEE98A15A16ACB23A","net10","hmail_perf_pair_net10_20260831_213833","C:\hmail-perf-pair-100k-20260901\net10\Data","EBBF2395E8933C7BACE46AD51D451033745819B4B168934194C43B3B5121FAED","100","15","one TCP client and one sequential IMAP session per sample","0","PASS","E92ED927F40EA825DD551A4BA512B278123451CFAC76F908716AF84199904862","6FDC539CD1D13C7514886E7F7595F7A2A7107313E145AA44C7F0F223DA7B40B8","4","19","True","False","13.027",,"False","0","False","False","0","False"
"ba2af146-0d84-47c8-bc8c-26f21b5c00ab","MANIFEST_BOUND","hmail-perf-pair-100k-20260901","DE4DA2CDCDA01B1BE6D8C9BC98A377167205E940722D2BBCEE98A15A16ACB23A","net10","hmail_perf_pair_net10_20260831_213833","C:\hmail-perf-pair-100k-20260901\net10\Data","EBBF2395E8933C7BACE46AD51D451033745819B4B168934194C43B3B5121FAED","100","15","one TCP client and one sequential IMAP session per sample","0","PASS","E92ED927F40EA825DD551A4BA512B278123451CFAC76F908716AF84199904862","6FDC539CD1D13C7514886E7F7595F7A2A7107313E145AA44C7F0F223DA7B40B8","4","20","True","False","8.626",,"False","0","False","False","0","False"
"ba2af146-0d84-47c8-bc8c-26f21b5c00ab","MANIFEST_BOUND","hmail-perf-pair-100k-20260901","DE4DA2CDCDA01B1BE6D8C9BC98A377167205E940722D2BBCEE98A15A16ACB23A","net10","hmail_perf_pair_net10_20260831_213833","C:\hmail-perf-pair-100k-20260901\net10\Data","EBBF2395E8933C7BACE46AD51D451033745819B4B168934194C43B3B5121FAED","100","15","one TCP client and one sequential IMAP session per sample","0","PASS","E92ED927F40EA825DD551A4BA512B278123451CFAC76F908716AF84199904862","6FDC539CD1D13C7514886E7F7595F7A2A7107313E145AA44C7F0F223DA7B40B8","4","21","True","False","13.181",,"False","0","False","False","0","False"
"ba2af146-0d84-47c8-bc8c-26f21b5c00ab","MANIFEST_BOUND","hmail-perf-pair-100k-20260901","DE4DA2CDCDA01B1BE6D8C9BC98A377167205E940722D2BBCEE98A15A16ACB23A","net10","hmail_perf_pair_net10_20260831_213833","C:\hmail-perf-pair-100k-20260901\net10\Data","EBBF2395E8933C7BACE46AD51D451033745819B4B168934194C43B3B5121FAED","100","15","one TCP client and one sequential IMAP session per sample","0","PASS","E92ED927F40EA825DD551A4BA512B278123451CFAC76F908716AF84199904862","6FDC539CD1D13C7514886E7F7595F7A2A7107313E145AA44C7F0F223DA7B40B8","4","22","True","False","11.583",,"False","0","False","False","0","False"
"ba2af146-0d84-47c8-bc8c-26f21b5c00ab","MANIFEST_BOUND","hmail-perf-pair-100k-20260901","DE4DA2CDCDA01B1BE6D8C9BC98A377167205E940722D2BBCEE98A15A16ACB23A","net10","hmail_perf_pair_net10_20260831_213833","C:\hmail-perf-pair-100k-20260901\net10\Data","EBBF2395E8933C7BACE46AD51D451033745819B4B168934194C43B3B5121FAED","100","15","one TCP client and one sequential IMAP session per sample","0","PASS","E92ED927F40EA825DD551A4BA512B278123451CFAC76F908716AF84199904862","6FDC539CD1D13C7514886E7F7595F7A2A7107313E145AA44C7F0F223DA7B40B8","4","23","True","False","5.827",,"False","0","False","False","0","False"
"ba2af146-0d84-47c8-bc8c-26f21b5c00ab","MANIFEST_BOUND","hmail-perf-pair-100k-20260901","DE4DA2CDCDA01B1BE6D8C9BC98A377167205E940722D2BBCEE98A15A16ACB23A","net10","hmail_perf_pair_net10_20260831_213833","C:\hmail-perf-pair-100k-20260901\net10\Data","EBBF2395E8933C7BACE46AD51D451033745819B4B168934194C43B3B5121FAED","100","15","one TCP client and one sequential IMAP session per sample","0","PASS","E92ED927F40EA825DD551A4BA512B278123451CFAC76F908716AF84199904862","6FDC539CD1D13C7514886E7F7595F7A2A7107313E145AA44C7F0F223DA7B40B8","4","24","True","False","8.527",,"False","0","False","False","0","False"
"ba2af146-0d84-47c8-bc8c-26f21b5c00ab","MANIFEST_BOUND","hmail-perf-pair-100k-20260901","DE4DA2CDCDA01B1BE6D8C9BC98A377167205E940722D2BBCEE98A15A16ACB23A","net10","hmail_perf_pair_net10_20260831_213833","C:\hmail-perf-pair-100k-20260901\net10\Data","EBBF2395E8933C7BACE46AD51D451033745819B4B168934194C43B3B5121FAED","100","15","one TCP client and one sequential IMAP session per sample","0","PASS","E92ED927F40EA825DD551A4BA512B278123451CFAC76F908716AF84199904862","6FDC539CD1D13C7514886E7F7595F7A2A7107313E145AA44C7F0F223DA7B40B8","4","25","True","False","11.973",,"False","0","False","False","0","False"
"ba2af146-0d84-47c8-bc8c-26f21b5c00ab","MANIFEST_BOUND","hmail-perf-pair-100k-20260901","DE4DA2CDCDA01B1BE6D8C9BC98A377167205E940722D2BBCEE98A15A16ACB23A","net10","hmail_perf_pair_net10_20260831_213833","C:\hmail-perf-pair-100k-20260901\net10\Data","EBBF2395E8933C7BACE46AD51D451033745819B4B168934194C43B3B5121FAED","100","15","one TCP client and one sequential IMAP session per sample","0","PASS","E92ED927F40EA825DD551A4BA512B278123451CFAC76F908716AF84199904862","6FDC539CD1D13C7514886E7F7595F7A2A7107313E145AA44C7F0F223DA7B40B8","4","26","True","False","8.735",,"False","0","False","False","0","False"
"ba2af146-0d84-47c8-bc8c-26f21b5c00ab","MANIFEST_BOUND","hmail-perf-pair-100k-20260901","DE4DA2CDCDA01B1BE6D8C9BC98A377167205E940722D2BBCEE98A15A16ACB23A","net10","hmail_perf_pair_net10_20260831_213833","C:\hmail-perf-pair-100k-20260901\net10\Data","EBBF2395E8933C7BACE46AD51D451033745819B4B168934194C43B3B5121FAED","100","15","one TCP client and one sequential IMAP session per sample","0","PASS","E92ED927F40EA825DD551A4BA512B278123451CFAC76F908716AF84199904862","6FDC539CD1D13C7514886E7F7595F7A2A7107313E145AA44C7F0F223DA7B40B8","4","27","True","False","9.774",,"False","0","False","False","0","False"
"ba2af146-0d84-47c8-bc8c-26f21b5c00ab","MANIFEST_BOUND","hmail-perf-pair-100k-20260901","DE4DA2CDCDA01B1BE6D8C9BC98A377167205E940722D2BBCEE98A15A16ACB23A","net10","hmail_perf_pair_net10_20260831_213833","C:\hmail-perf-pair-100k-20260901\net10\Data","EBBF2395E8933C7BACE46AD51D451033745819B4B168934194C43B3B5121FAED","100","15","one TCP client and one sequential IMAP session per sample","0","PASS","E92ED927F40EA825DD551A4BA512B278123451CFAC76F908716AF84199904862","6FDC539CD1D13C7514886E7F7595F7A2A7107313E145AA44C7F0F223DA7B40B8","4","28","True","False","10.805",,"False","0","False","False","0","False"
"ba2af146-0d84-47c8-bc8c-26f21b5c00ab","MANIFEST_BOUND","hmail-perf-pair-100k-20260901","DE4DA2CDCDA01B1BE6D8C9BC98A377167205E940722D2BBCEE98A15A16ACB23A","net10","hmail_perf_pair_net10_20260831_213833","C:\hmail-perf-pair-100k-20260901\net10\Data","EBBF2395E8933C7BACE46AD51D451033745819B4B168934194C43B3B5121FAED","100","15","one TCP client and one sequential IMAP session per sample","0","PASS","E92ED927F40EA825DD551A4BA512B278123451CFAC76F908716AF84199904862","6FDC539CD1D13C7514886E7F7595F7A2A7107313E145AA44C7F0F223DA7B40B8","4","29","True","False","8.992",,"False","0","False","False","0","False"
"ba2af146-0d84-47c8-bc8c-26f21b5c00ab","MANIFEST_BOUND","hmail-perf-pair-100k-20260901","DE4DA2CDCDA01B1BE6D8C9BC98A377167205E940722D2BBCEE98A15A16ACB23A","net10","hmail_perf_pair_net10_20260831_213833","C:\hmail-perf-pair-100k-20260901\net10\Data","EBBF2395E8933C7BACE46AD51D451033745819B4B168934194C43B3B5121FAED","100","15","one TCP client and one sequential IMAP session per sample","0","PASS","E92ED927F40EA825DD551A4BA512B278123451CFAC76F908716AF84199904862","6FDC539CD1D13C7514886E7F7595F7A2A7107313E145AA44C7F0F223DA7B40B8","4","30","True","False","10.868",,"False","0","False","False","0","False"
"ba2af146-0d84-47c8-bc8c-26f21b5c00ab","MANIFEST_BOUND","hmail-perf-pair-100k-20260901","DE4DA2CDCDA01B1BE6D8C9BC98A377167205E940722D2BBCEE98A15A16ACB23A","net10","hmail_perf_pair_net10_20260831_213833","C:\hmail-perf-pair-100k-20260901\net10\Data","EBBF2395E8933C7BACE46AD51D451033745819B4B168934194C43B3B5121FAED","100","15","one TCP client and one sequential IMAP session per sample","0","PASS","E92ED927F40EA825DD551A4BA512B278123451CFAC76F908716AF84199904862","6FDC539CD1D13C7514886E7F7595F7A2A7107313E145AA44C7F0F223DA7B40B8","4","31","True","False","6.845",,"False","0","False","False","0","False"
"ba2af146-0d84-47c8-bc8c-26f21b5c00ab","MANIFEST_BOUND","hmail-perf-pair-100k-20260901","DE4DA2CDCDA01B1BE6D8C9BC98A377167205E940722D2BBCEE98A15A16ACB23A","net10","hmail_perf_pair_net10_20260831_213833","C:\hmail-perf-pair-100k-20260901\net10\Data","EBBF2395E8933C7BACE46AD51D451033745819B4B168934194C43B3B5121FAED","100","15","one TCP client and one sequential IMAP session per sample","0","PASS","E92ED927F40EA825DD551A4BA512B278123451CFAC76F908716AF84199904862","6FDC539CD1D13C7514886E7F7595F7A2A7107313E145AA44C7F0F223DA7B40B8","4","32","True","False","8.92",,"False","0","False","False","0","False"
"ba2af146-0d84-47c8-bc8c-26f21b5c00ab","MANIFEST_BOUND","hmail-perf-pair-100k-20260901","DE4DA2CDCDA01B1BE6D8C9BC98A377167205E940722D2BBCEE98A15A16ACB23A","net10","hmail_perf_pair_net10_20260831_213833","C:\hmail-perf-pair-100k-20260901\net10\Data","EBBF2395E8933C7BACE46AD51D451033745819B4B168934194C43B3B5121FAED","100","15","one TCP client and one sequential IMAP session per sample","0","PASS","E92ED927F40EA825DD551A4BA512B278123451CFAC76F908716AF84199904862","6FDC539CD1D13C7514886E7F7595F7A2A7107313E145AA44C7F0F223DA7B40B8","4","33","True","False","6.202",,"False","0","False","False","0","False"
"ba2af146-0d84-47c8-bc8c-26f21b5c00ab","MANIFEST_BOUND","hmail-perf-pair-100k-20260901","DE4DA2CDCDA01B1BE6D8C9BC98A377167205E940722D2BBCEE98A15A16ACB23A","net10","hmail_perf_pair_net10_20260831_213833","C:\hmail-perf-pair-100k-20260901\net10\Data","EBBF2395E8933C7BACE46AD51D451033745819B4B168934194C43B3B5121FAED","100","15","one TCP client and one sequential IMAP session per sample","0","PASS","E92ED927F40EA825DD551A4BA512B278123451CFAC76F908716AF84199904862","6FDC539CD1D13C7514886E7F7595F7A2A7107313E145AA44C7F0F223DA7B40B8","4","34","True","False","10.416",,"False","0","False","False","0","False"
"ba2af146-0d84-47c8-bc8c-26f21b5c00ab","MANIFEST_BOUND","hmail-perf-pair-100k-20260901","DE4DA2CDCDA01B1BE6D8C9BC98A377167205E940722D2BBCEE98A15A16ACB23A","net10","hmail_perf_pair_net10_20260831_213833","C:\hmail-perf-pair-100k-20260901\net10\Data","EBBF2395E8933C7BACE46AD51D451033745819B4B168934194C43B3B5121FAED","100","15","one TCP client and one sequential IMAP session per sample","0","PASS","E92ED927F40EA825DD551A4BA512B278123451CFAC76F908716AF84199904862","6FDC539CD1D13C7514886E7F7595F7A2A7107313E145AA44C7F0F223DA7B40B8","4","35","True","False","13.881",,"False","0","False","False","0","False"
"ba2af146-0d84-47c8-bc8c-26f21b5c00ab","MANIFEST_BOUND","hmail-perf-pair-100k-20260901","DE4DA2CDCDA01B1BE6D8C9BC98A377167205E940722D2BBCEE98A15A16ACB23A","net10","hmail_perf_pair_net10_20260831_213833","C:\hmail-perf-pair-100k-20260901\net10\Data","EBBF2395E8933C7BACE46AD51D451033745819B4B168934194C43B3B5121FAED","100","15","one TCP client and one sequential IMAP session per sample","0","PASS","E92ED927F40EA825DD551A4BA512B278123451CFAC76F908716AF84199904862","6FDC539CD1D13C7514886E7F7595F7A2A7107313E145AA44C7F0F223DA7B40B8","4","36","True","False","6.947",,"False","0","False","False","0","False"
"ba2af146-0d84-47c8-bc8c-26f21b5c00ab","MANIFEST_BOUND","hmail-perf-pair-100k-20260901","DE4DA2CDCDA01B1BE6D8C9BC98A377167205E940722D2BBCEE98A15A16ACB23A","net10","hmail_perf_pair_net10_20260831_213833","C:\hmail-perf-pair-100k-20260901\net10\Data","EBBF2395E8933C7BACE46AD51D451033745819B4B168934194C43B3B5121FAED","100","15","one TCP client and one sequential IMAP session per sample","0","PASS","E92ED927F40EA825DD551A4BA512B278123451CFAC76F908716AF84199904862","6FDC539CD1D13C7514886E7F7595F7A2A7107313E145AA44C7F0F223DA7B40B8","4","37","True","False","5.568",,"False","0","False","False","0","False"
"ba2af146-0d84-47c8-bc8c-26f21b5c00ab","MANIFEST_BOUND","hmail-perf-pair-100k-20260901","DE4DA2CDCDA01B1BE6D8C9BC98A377167205E940722D2BBCEE98A15A16ACB23A","net10","hmail_perf_pair_net10_20260831_213833","C:\hmail-perf-pair-100k-20260901\net10\Data","EBBF2395E8933C7BACE46AD51D451033745819B4B168934194C43B3B5121FAED","100","15","one TCP client and one sequential IMAP session per sample","0","PASS","E92ED927F40EA825DD551A4BA512B278123451CFAC76F908716AF84199904862","6FDC539CD1D13C7514886E7F7595F7A2A7107313E145AA44C7F0F223DA7B40B8","4","38","True","False","11.574",,"False","0","False","False","0","False"
"ba2af146-0d84-47c8-bc8c-26f21b5c00ab","MANIFEST_BOUND","hmail-perf-pair-100k-20260901","DE4DA2CDCDA01B1BE6D8C9BC98A377167205E940722D2BBCEE98A15A16ACB23A","net10","hmail_perf_pair_net10_20260831_213833","C:\hmail-perf-pair-100k-20260901\net10\Data","EBBF2395E8933C7BACE46AD51D451033745819B4B168934194C43B3B5121FAED","100","15","one TCP client and one sequential IMAP session per sample","0","PASS","E92ED927F40EA825DD551A4BA512B278123451CFAC76F908716AF84199904862","6FDC539CD1D13C7514886E7F7595F7A2A7107313E145AA44C7F0F223DA7B40B8","4","39","True","False","6.054",,"False","0","False","False","0","False"
"ba2af146-0d84-47c8-bc8c-26f21b5c00ab","MANIFEST_BOUND","hmail-perf-pair-100k-20260901","DE4DA2CDCDA01B1BE6D8C9BC98A377167205E940722D2BBCEE98A15A16ACB23A","net10","hmail_perf_pair_net10_20260831_213833","C:\hmail-perf-pair-100k-20260901\net10\Data","EBBF2395E8933C7BACE46AD51D451033745819B4B168934194C43B3B5121FAED","100","15","one TCP client and one sequential IMAP session per sample","0","PASS","E92ED927F40EA825DD551A4BA512B278123451CFAC76F908716AF84199904862","6FDC539CD1D13C7514886E7F7595F7A2A7107313E145AA44C7F0F223DA7B40B8","4","40","True","False","13.776",,"False","0","False","False","0","False"
"ba2af146-0d84-47c8-bc8c-26f21b5c00ab","MANIFEST_BOUND","hmail-perf-pair-100k-20260901","DE4DA2CDCDA01B1BE6D8C9BC98A377167205E940722D2BBCEE98A15A16ACB23A","net10","hmail_perf_pair_net10_20260831_213833","C:\hmail-perf-pair-100k-20260901\net10\Data","EBBF2395E8933C7BACE46AD51D451033745819B4B168934194C43B3B5121FAED","100","15","one TCP client and one sequential IMAP session per sample","0","PASS","E92ED927F40EA825DD551A4BA512B278123451CFAC76F908716AF84199904862","6FDC539CD1D13C7514886E7F7595F7A2A7107313E145AA44C7F0F223DA7B40B8","4","41","True","False","5.264",,"False","0","False","False","0","False"
"ba2af146-0d84-47c8-bc8c-26f21b5c00ab","MANIFEST_BOUND","hmail-perf-pair-100k-20260901","DE4DA2CDCDA01B1BE6D8C9BC98A377167205E940722D2BBCEE98A15A16ACB23A","net10","hmail_perf_pair_net10_20260831_213833","C:\hmail-perf-pair-100k-20260901\net10\Data","EBBF2395E8933C7BACE46AD51D451033745819B4B168934194C43B3B5121FAED","100","15","one TCP client and one sequential IMAP session per sample","0","PASS","E92ED927F40EA825DD551A4BA512B278123451CFAC76F908716AF84199904862","6FDC539CD1D13C7514886E7F7595F7A2A7107313E145AA44C7F0F223DA7B40B8","4","42","True","False","3.28",,"False","0","False","False","0","False"
"ba2af146-0d84-47c8-bc8c-26f21b5c00ab","MANIFEST_BOUND","hmail-perf-pair-100k-20260901","DE4DA2CDCDA01B1BE6D8C9BC98A377167205E940722D2BBCEE98A15A16ACB23A","net10","hmail_perf_pair_net10_20260831_213833","C:\hmail-perf-pair-100k-20260901\net10\Data","EBBF2395E8933C7BACE46AD51D451033745819B4B168934194C43B3B5121FAED","100","15","one TCP client and one sequential IMAP session per sample","0","PASS","E92ED927F40EA825DD551A4BA512B278123451CFAC76F908716AF84199904862","6FDC539CD1D13C7514886E7F7595F7A2A7107313E145AA44C7F0F223DA7B40B8","4","43","True","False","10.929",,"False","0","False","False","0","False"
"ba2af146-0d84-47c8-bc8c-26f21b5c00ab","MANIFEST_BOUND","hmail-perf-pair-100k-20260901","DE4DA2CDCDA01B1BE6D8C9BC98A377167205E940722D2BBCEE98A15A16ACB23A","net10","hmail_perf_pair_net10_20260831_213833","C:\hmail-perf-pair-100k-20260901\net10\Data","EBBF2395E8933C7BACE46AD51D451033745819B4B168934194C43B3B5121FAED","100","15","one TCP client and one sequential IMAP session per sample","0","PASS","E92ED927F40EA825DD551A4BA512B278123451CFAC76F908716AF84199904862","6FDC539CD1D13C7514886E7F7595F7A2A7107313E145AA44C7F0F223DA7B40B8","4","44","True","False","7.567",,"False","0","False","False","0","False"
"ba2af146-0d84-47c8-bc8c-26f21b5c00ab","MANIFEST_BOUND","hmail-perf-pair-100k-20260901","DE4DA2CDCDA01B1BE6D8C9BC98A377167205E940722D2BBCEE98A15A16ACB23A","net10","hmail_perf_pair_net10_20260831_213833","C:\hmail-perf-pair-100k-20260901\net10\Data","EBBF2395E8933C7BACE46AD51D451033745819B4B168934194C43B3B5121FAED","100","15","one TCP client and one sequential IMAP session per sample","0","PASS","E92ED927F40EA825DD551A4BA512B278123451CFAC76F908716AF84199904862","6FDC539CD1D13C7514886E7F7595F7A2A7107313E145AA44C7F0F223DA7B40B8","4","45","True","False","7.073",,"False","0","False","False","0","False"
"ba2af146-0d84-47c8-bc8c-26f21b5c00ab","MANIFEST_BOUND","hmail-perf-pair-100k-20260901","DE4DA2CDCDA01B1BE6D8C9BC98A377167205E940722D2BBCEE98A15A16ACB23A","net10","hmail_perf_pair_net10_20260831_213833","C:\hmail-perf-pair-100k-20260901\net10\Data","EBBF2395E8933C7BACE46AD51D451033745819B4B168934194C43B3B5121FAED","100","15","one TCP client and one sequential IMAP session per sample","0","PASS","E92ED927F40EA825DD551A4BA512B278123451CFAC76F908716AF84199904862","6FDC539CD1D13C7514886E7F7595F7A2A7107313E145AA44C7F0F223DA7B40B8","4","46","True","False","8.324",,"False","0","False","False","0","False"
"ba2af146-0d84-47c8-bc8c-26f21b5c00ab","MANIFEST_BOUND","hmail-perf-pair-100k-20260901","DE4DA2CDCDA01B1BE6D8C9BC98A377167205E940722D2BBCEE98A15A16ACB23A","net10","hmail_perf_pair_net10_20260831_213833","C:\hmail-perf-pair-100k-20260901\net10\Data","EBBF2395E8933C7BACE46AD51D451033745819B4B168934194C43B3B5121FAED","100","15","one TCP client and one sequential IMAP session per sample","0","PASS","E92ED927F40EA825DD551A4BA512B278123451CFAC76F908716AF84199904862","6FDC539CD1D13C7514886E7F7595F7A2A7107313E145AA44C7F0F223DA7B40B8","4","47","True","False","9.211",,"False","0","False","False","0","False"
"ba2af146-0d84-47c8-bc8c-26f21b5c00ab","MANIFEST_BOUND","hmail-perf-pair-100k-20260901","DE4DA2CDCDA01B1BE6D8C9BC98A377167205E940722D2BBCEE98A15A16ACB23A","net10","hmail_perf_pair_net10_20260831_213833","C:\hmail-perf-pair-100k-20260901\net10\Data","EBBF2395E8933C7BACE46AD51D451033745819B4B168934194C43B3B5121FAED","100","15","one TCP client and one sequential IMAP session per sample","0","PASS","E92ED927F40EA825DD551A4BA512B278123451CFAC76F908716AF84199904862","6FDC539CD1D13C7514886E7F7595F7A2A7107313E145AA44C7F0F223DA7B40B8","4","48","True","False","11.538",,"False","0","False","False","0","False"
"ba2af146-0d84-47c8-bc8c-26f21b5c00ab","MANIFEST_BOUND","hmail-perf-pair-100k-20260901","DE4DA2CDCDA01B1BE6D8C9BC98A377167205E940722D2BBCEE98A15A16ACB23A","net10","hmail_perf_pair_net10_20260831_213833","C:\hmail-perf-pair-100k-20260901\net10\Data","EBBF2395E8933C7BACE46AD51D451033745819B4B168934194C43B3B5121FAED","100","15","one TCP client and one sequential IMAP session per sample","0","PASS","E92ED927F40EA825DD551A4BA512B278123451CFAC76F908716AF84199904862","6FDC539CD1D13C7514886E7F7595F7A2A7107313E145AA44C7F0F223DA7B40B8","4","49","True","False","9.444",,"False","0","False","False","0","False"
"ba2af146-0d84-47c8-bc8c-26f21b5c00ab","MANIFEST_BOUND","hmail-perf-pair-100k-20260901","DE4DA2CDCDA01B1BE6D8C9BC98A377167205E940722D2BBCEE98A15A16ACB23A","net10","hmail_perf_pair_net10_20260831_213833","C:\hmail-perf-pair-100k-20260901\net10\Data","EBBF2395E8933C7BACE46AD51D451033745819B4B168934194C43B3B5121FAED","100","15","one TCP client and one sequential IMAP session per sample","0","PASS","E92ED927F40EA825DD551A4BA512B278123451CFAC76F908716AF84199904862","6FDC539CD1D13C7514886E7F7595F7A2A7107313E145AA44C7F0F223DA7B40B8","4","50","True","False","13.196",,"False","0","False","False","0","False"
"ba2af146-0d84-47c8-bc8c-26f21b5c00ab","MANIFEST_BOUND","hmail-perf-pair-100k-20260901","DE4DA2CDCDA01B1BE6D8C9BC98A377167205E940722D2BBCEE98A15A16ACB23A","net10","hmail_perf_pair_net10_20260831_213833","C:\hmail-perf-pair-100k-20260901\net10\Data","EBBF2395E8933C7BACE46AD51D451033745819B4B168934194C43B3B5121FAED","100","15","one TCP client and one sequential IMAP session per sample","0","PASS","E92ED927F40EA825DD551A4BA512B278123451CFAC76F908716AF84199904862","6FDC539CD1D13C7514886E7F7595F7A2A7107313E145AA44C7F0F223DA7B40B8","4","51","True","False","7.422",,"False","0","False","False","0","False"
"ba2af146-0d84-47c8-bc8c-26f21b5c00ab","MANIFEST_BOUND","hmail-perf-pair-100k-20260901","DE4DA2CDCDA01B1BE6D8C9BC98A377167205E940722D2BBCEE98A15A16ACB23A","net10","hmail_perf_pair_net10_20260831_213833","C:\hmail-perf-pair-100k-20260901\net10\Data","EBBF2395E8933C7BACE46AD51D451033745819B4B168934194C43B3B5121FAED","100","15","one TCP client and one sequential IMAP session per sample","0","PASS","E92ED927F40EA825DD551A4BA512B278123451CFAC76F908716AF84199904862","6FDC539CD1D13C7514886E7F7595F7A2A7107313E145AA44C7F0F223DA7B40B8","4","52","True","False","11.141",,"False","0","False","False","0","False"
"ba2af146-0d84-47c8-bc8c-26f21b5c00ab","MANIFEST_BOUND","hmail-perf-pair-100k-20260901","DE4DA2CDCDA01B1BE6D8C9BC98A377167205E940722D2BBCEE98A15A16ACB23A","net10","hmail_perf_pair_net10_20260831_213833","C:\hmail-perf-pair-100k-20260901\net10\Data","EBBF2395E8933C7BACE46AD51D451033745819B4B168934194C43B3B5121FAED","100","15","one TCP client and one sequential IMAP session per sample","0","PASS","E92ED927F40EA825DD551A4BA512B278123451CFAC76F908716AF84199904862","6FDC539CD1D13C7514886E7F7595F7A2A7107313E145AA44C7F0F223DA7B40B8","4","53","True","False","12.649",,"False","0","False","False","0","False"
"ba2af146-0d84-47c8-bc8c-26f21b5c00ab","MANIFEST_BOUND","hmail-perf-pair-100k-20260901","DE4DA2CDCDA01B1BE6D8C9BC98A377167205E940722D2BBCEE98A15A16ACB23A","net10","hmail_perf_pair_net10_20260831_213833","C:\hmail-perf-pair-100k-20260901\net10\Data","EBBF2395E8933C7BACE46AD51D451033745819B4B168934194C43B3B5121FAED","100","15","one TCP client and one sequential IMAP session per sample","0","PASS","E92ED927F40EA825DD551A4BA512B278123451CFAC76F908716AF84199904862","6FDC539CD1D13C7514886E7F7595F7A2A7107313E145AA44C7F0F223DA7B40B8","4","54","True","False","7.03",,"False","0","False","False","0","False"
"ba2af146-0d84-47c8-bc8c-26f21b5c00ab","MANIFEST_BOUND","hmail-perf-pair-100k-20260901","DE4DA2CDCDA01B1BE6D8C9BC98A377167205E940722D2BBCEE98A15A16ACB23A","net10","hmail_perf_pair_net10_20260831_213833","C:\hmail-perf-pair-100k-20260901\net10\Data","EBBF2395E8933C7BACE46AD51D451033745819B4B168934194C43B3B5121FAED","100","15","one TCP client and one sequential IMAP session per sample","0","PASS","E92ED927F40EA825DD551A4BA512B278123451CFAC76F908716AF84199904862","6FDC539CD1D13C7514886E7F7595F7A2A7107313E145AA44C7F0F223DA7B40B8","4","55","True","False","11.884",,"False","0","False","False","0","False"
"ba2af146-0d84-47c8-bc8c-26f21b5c00ab","MANIFEST_BOUND","hmail-perf-pair-100k-20260901","DE4DA2CDCDA01B1BE6D8C9BC98A377167205E940722D2BBCEE98A15A16ACB23A","net10","hmail_perf_pair_net10_20260831_213833","C:\hmail-perf-pair-100k-20260901\net10\Data","EBBF2395E8933C7BACE46AD51D451033745819B4B168934194C43B3B5121FAED","100","15","one TCP client and one sequential IMAP session per sample","0","PASS","E92ED927F40EA825DD551A4BA512B278123451CFAC76F908716AF84199904862","6FDC539CD1D13C7514886E7F7595F7A2A7107313E145AA44C7F0F223DA7B40B8","4","56","True","False","7.226",,"False","0","False","False","0","False"
"ba2af146-0d84-47c8-bc8c-26f21b5c00ab","MANIFEST_BOUND","hmail-perf-pair-100k-20260901","DE4DA2CDCDA01B1BE6D8C9BC98A377167205E940722D2BBCEE98A15A16ACB23A","net10","hmail_perf_pair_net10_20260831_213833","C:\hmail-perf-pair-100k-20260901\net10\Data","EBBF2395E8933C7BACE46AD51D451033745819B4B168934194C43B3B5121FAED","100","15","one TCP client and one sequential IMAP session per sample","0","PASS","E92ED927F40EA825DD551A4BA512B278123451CFAC76F908716AF84199904862","6FDC539CD1D13C7514886E7F7595F7A2A7107313E145AA44C7F0F223DA7B40B8","4","57","True","False","9.878",,"False","0","False","False","0","False"
"ba2af146-0d84-47c8-bc8c-26f21b5c00ab","MANIFEST_BOUND","hmail-perf-pair-100k-20260901","DE4DA2CDCDA01B1BE6D8C9BC98A377167205E940722D2BBCEE98A15A16ACB23A","net10","hmail_perf_pair_net10_20260831_213833","C:\hmail-perf-pair-100k-20260901\net10\Data","EBBF2395E8933C7BACE46AD51D451033745819B4B168934194C43B3B5121FAED","100","15","one TCP client and one sequential IMAP session per sample","0","PASS","E92ED927F40EA825DD551A4BA512B278123451CFAC76F908716AF84199904862","6FDC539CD1D13C7514886E7F7595F7A2A7107313E145AA44C7F0F223DA7B40B8","4","58","True","False","10.167",,"False","0","False","False","0","False"
"ba2af146-0d84-47c8-bc8c-26f21b5c00ab","MANIFEST_BOUND","hmail-perf-pair-100k-20260901","DE4DA2CDCDA01B1BE6D8C9BC98A377167205E940722D2BBCEE98A15A16ACB23A","net10","hmail_perf_pair_net10_20260831_213833","C:\hmail-perf-pair-100k-20260901\net10\Data","EBBF2395E8933C7BACE46AD51D451033745819B4B168934194C43B3B5121FAED","100","15","one TCP client and one sequential IMAP session per sample","0","PASS","E92ED927F40EA825DD551A4BA512B278123451CFAC76F908716AF84199904862","6FDC539CD1D13C7514886E7F7595F7A2A7107313E145AA44C7F0F223DA7B40B8","4","59","True","False","11.575",,"False","0","False","False","0","False"
"ba2af146-0d84-47c8-bc8c-26f21b5c00ab","MANIFEST_BOUND","hmail-perf-pair-100k-20260901","DE4DA2CDCDA01B1BE6D8C9BC98A377167205E940722D2BBCEE98A15A16ACB23A","net10","hmail_perf_pair_net10_20260831_213833","C:\hmail-perf-pair-100k-20260901\net10\Data","EBBF2395E8933C7BACE46AD51D451033745819B4B168934194C43B3B5121FAED","100","15","one TCP client and one sequential IMAP session per sample","0","PASS","E92ED927F40EA825DD551A4BA512B278123451CFAC76F908716AF84199904862","6FDC539CD1D13C7514886E7F7595F7A2A7107313E145AA44C7F0F223DA7B40B8","4","60","True","False","14.497",,"False","0","False","False","0","False"
"ba2af146-0d84-47c8-bc8c-26f21b5c00ab","MANIFEST_BOUND","hmail-perf-pair-100k-20260901","DE4DA2CDCDA01B1BE6D8C9BC98A377167205E940722D2BBCEE98A15A16ACB23A","net10","hmail_perf_pair_net10_20260831_213833","C:\hmail-perf-pair-100k-20260901\net10\Data","EBBF2395E8933C7BACE46AD51D451033745819B4B168934194C43B3B5121FAED","100","15","one TCP client and one sequential IMAP session per sample","0","PASS","E92ED927F40EA825DD551A4BA512B278123451CFAC76F908716AF84199904862","6FDC539CD1D13C7514886E7F7595F7A2A7107313E145AA44C7F0F223DA7B40B8","4","61","True","False","9.39",,"False","0","False","False","0","False"
"ba2af146-0d84-47c8-bc8c-26f21b5c00ab","MANIFEST_BOUND","hmail-perf-pair-100k-20260901","DE4DA2CDCDA01B1BE6D8C9BC98A377167205E940722D2BBCEE98A15A16ACB23A","net10","hmail_perf_pair_net10_20260831_213833","C:\hmail-perf-pair-100k-20260901\net10\Data","EBBF2395E8933C7BACE46AD51D451033745819B4B168934194C43B3B5121FAED","100","15","one TCP client and one sequential IMAP session per sample","0","PASS","E92ED927F40EA825DD551A4BA512B278123451CFAC76F908716AF84199904862","6FDC539CD1D13C7514886E7F7595F7A2A7107313E145AA44C7F0F223DA7B40B8","4","62","True","False","10.984",,"False","0","False","False","0","False"
"ba2af146-0d84-47c8-bc8c-26f21b5c00ab","MANIFEST_BOUND","hmail-perf-pair-100k-20260901","DE4DA2CDCDA01B1BE6D8C9BC98A377167205E940722D2BBCEE98A15A16ACB23A","net10","hmail_perf_pair_net10_20260831_213833","C:\hmail-perf-pair-100k-20260901\net10\Data","EBBF2395E8933C7BACE46AD51D451033745819B4B168934194C43B3B5121FAED","100","15","one TCP client and one sequential IMAP session per sample","0","PASS","E92ED927F40EA825DD551A4BA512B278123451CFAC76F908716AF84199904862","6FDC539CD1D13C7514886E7F7595F7A2A7107313E145AA44C7F0F223DA7B40B8","4","63","True","False","9.741",,"False","0","False","False","0","False"
"ba2af146-0d84-47c8-bc8c-26f21b5c00ab","MANIFEST_BOUND","hmail-perf-pair-100k-20260901","DE4DA2CDCDA01B1BE6D8C9BC98A377167205E940722D2BBCEE98A15A16ACB23A","net10","hmail_perf_pair_net10_20260831_213833","C:\hmail-perf-pair-100k-20260901\net10\Data","EBBF2395E8933C7BACE46AD51D451033745819B4B168934194C43B3B5121FAED","100","15","one TCP client and one sequential IMAP session per sample","0","PASS","E92ED927F40EA825DD551A4BA512B278123451CFAC76F908716AF84199904862","6FDC539CD1D13C7514886E7F7595F7A2A7107313E145AA44C7F0F223DA7B40B8","4","64","True","False","14.085",,"False","0","False","False","0","False"
"ba2af146-0d84-47c8-bc8c-26f21b5c00ab","MANIFEST_BOUND","hmail-perf-pair-100k-20260901","DE4DA2CDCDA01B1BE6D8C9BC98A377167205E940722D2BBCEE98A15A16ACB23A","net10","hmail_perf_pair_net10_20260831_213833","C:\hmail-perf-pair-100k-20260901\net10\Data","EBBF2395E8933C7BACE46AD51D451033745819B4B168934194C43B3B5121FAED","100","15","one TCP client and one sequential IMAP session per sample","0","PASS","E92ED927F40EA825DD551A4BA512B278123451CFAC76F908716AF84199904862","6FDC539CD1D13C7514886E7F7595F7A2A7107313E145AA44C7F0F223DA7B40B8","4","65","True","False","15.172",,"False","0","False","False","0","False"
"ba2af146-0d84-47c8-bc8c-26f21b5c00ab","MANIFEST_BOUND","hmail-perf-pair-100k-20260901","DE4DA2CDCDA01B1BE6D8C9BC98A377167205E940722D2BBCEE98A15A16ACB23A","net10","hmail_perf_pair_net10_20260831_213833","C:\hmail-perf-pair-100k-20260901\net10\Data","EBBF2395E8933C7BACE46AD51D451033745819B4B168934194C43B3B5121FAED","100","15","one TCP client and one sequential IMAP session per sample","0","PASS","E92ED927F40EA825DD551A4BA512B278123451CFAC76F908716AF84199904862","6FDC539CD1D13C7514886E7F7595F7A2A7107313E145AA44C7F0F223DA7B40B8","4","66","True","False","12.2",,"False","0","False","False","0","False"
"ba2af146-0d84-47c8-bc8c-26f21b5c00ab","MANIFEST_BOUND","hmail-perf-pair-100k-20260901","DE4DA2CDCDA01B1BE6D8C9BC98A377167205E940722D2BBCEE98A15A16ACB23A","net10","hmail_perf_pair_net10_20260831_213833","C:\hmail-perf-pair-100k-20260901\net10\Data","EBBF2395E8933C7BACE46AD51D451033745819B4B168934194C43B3B5121FAED","100","15","one TCP client and one sequential IMAP session per sample","0","PASS","E92ED927F40EA825DD551A4BA512B278123451CFAC76F908716AF84199904862","6FDC539CD1D13C7514886E7F7595F7A2A7107313E145AA44C7F0F223DA7B40B8","4","67","True","False","11.532",,"False","0","False","False","0","False"
"ba2af146-0d84-47c8-bc8c-26f21b5c00ab","MANIFEST_BOUND","hmail-perf-pair-100k-20260901","DE4DA2CDCDA01B1BE6D8C9BC98A377167205E940722D2BBCEE98A15A16ACB23A","net10","hmail_perf_pair_net10_20260831_213833","C:\hmail-perf-pair-100k-20260901\net10\Data","EBBF2395E8933C7BACE46AD51D451033745819B4B168934194C43B3B5121FAED","100","15","one TCP client and one sequential IMAP session per sample","0","PASS","E92ED927F40EA825DD551A4BA512B278123451CFAC76F908716AF84199904862","6FDC539CD1D13C7514886E7F7595F7A2A7107313E145AA44C7F0F223DA7B40B8","4","68","True","False","15.403",,"False","0","False","False","0","False"
"ba2af146-0d84-47c8-bc8c-26f21b5c00ab","MANIFEST_BOUND","hmail-perf-pair-100k-20260901","DE4DA2CDCDA01B1BE6D8C9BC98A377167205E940722D2BBCEE98A15A16ACB23A","net10","hmail_perf_pair_net10_20260831_213833","C:\hmail-perf-pair-100k-20260901\net10\Data","EBBF2395E8933C7BACE46AD51D451033745819B4B168934194C43B3B5121FAED","100","15","one TCP client and one sequential IMAP session per sample","0","PASS","E92ED927F40EA825DD551A4BA512B278123451CFAC76F908716AF84199904862","6FDC539CD1D13C7514886E7F7595F7A2A7107313E145AA44C7F0F223DA7B40B8","4","69","True","False","10.51",,"False","0","False","False","0","False"
"ba2af146-0d84-47c8-bc8c-26f21b5c00ab","MANIFEST_BOUND","hmail-perf-pair-100k-20260901","DE4DA2CDCDA01B1BE6D8C9BC98A377167205E940722D2BBCEE98A15A16ACB23A","net10","hmail_perf_pair_net10_20260831_213833","C:\hmail-perf-pair-100k-20260901\net10\Data","EBBF2395E8933C7BACE46AD51D451033745819B4B168934194C43B3B5121FAED","100","15","one TCP client and one sequential IMAP session per sample","0","PASS","E92ED927F40EA825DD551A4BA512B278123451CFAC76F908716AF84199904862","6FDC539CD1D13C7514886E7F7595F7A2A7107313E145AA44C7F0F223DA7B40B8","4","70","True","False","12.888",,"False","0","False","False","0","False"
"ba2af146-0d84-47c8-bc8c-26f21b5c00ab","MANIFEST_BOUND","hmail-perf-pair-100k-20260901","DE4DA2CDCDA01B1BE6D8C9BC98A377167205E940722D2BBCEE98A15A16ACB23A","net10","hmail_perf_pair_net10_20260831_213833","C:\hmail-perf-pair-100k-20260901\net10\Data","EBBF2395E8933C7BACE46AD51D451033745819B4B168934194C43B3B5121FAED","100","15","one TCP client and one sequential IMAP session per sample","0","PASS","E92ED927F40EA825DD551A4BA512B278123451CFAC76F908716AF84199904862","6FDC539CD1D13C7514886E7F7595F7A2A7107313E145AA44C7F0F223DA7B40B8","4","71","True","False","13.95",,"False","0","False","False","0","False"
"ba2af146-0d84-47c8-bc8c-26f21b5c00ab","MANIFEST_BOUND","hmail-perf-pair-100k-20260901","DE4DA2CDCDA01B1BE6D8C9BC98A377167205E940722D2BBCEE98A15A16ACB23A","net10","hmail_perf_pair_net10_20260831_213833","C:\hmail-perf-pair-100k-20260901\net10\Data","EBBF2395E8933C7BACE46AD51D451033745819B4B168934194C43B3B5121FAED","100","15","one TCP client and one sequential IMAP session per sample","0","PASS","E92ED927F40EA825DD551A4BA512B278123451CFAC76F908716AF84199904862","6FDC539CD1D13C7514886E7F7595F7A2A7107313E145AA44C7F0F223DA7B40B8","4","72","True","False","7.747",,"False","0","False","False","0","False"
"ba2af146-0d84-47c8-bc8c-26f21b5c00ab","MANIFEST_BOUND","hmail-perf-pair-100k-20260901","DE4DA2CDCDA01B1BE6D8C9BC98A377167205E940722D2BBCEE98A15A16ACB23A","net10","hmail_perf_pair_net10_20260831_213833","C:\hmail-perf-pair-100k-20260901\net10\Data","EBBF2395E8933C7BACE46AD51D451033745819B4B168934194C43B3B5121FAED","100","15","one TCP client and one sequential IMAP session per sample","0","PASS","E92ED927F40EA825DD551A4BA512B278123451CFAC76F908716AF84199904862","6FDC539CD1D13C7514886E7F7595F7A2A7107313E145AA44C7F0F223DA7B40B8","4","73","True","False","14.465",,"False","0","False","False","0","False"
"ba2af146-0d84-47c8-bc8c-26f21b5c00ab","MANIFEST_BOUND","hmail-perf-pair-100k-20260901","DE4DA2CDCDA01B1BE6D8C9BC98A377167205E940722D2BBCEE98A15A16ACB23A","net10","hmail_perf_pair_net10_20260831_213833","C:\hmail-perf-pair-100k-20260901\net10\Data","EBBF2395E8933C7BACE46AD51D451033745819B4B168934194C43B3B5121FAED","100","15","one TCP client and one sequential IMAP session per sample","0","PASS","E92ED927F40EA825DD551A4BA512B278123451CFAC76F908716AF84199904862","6FDC539CD1D13C7514886E7F7595F7A2A7107313E145AA44C7F0F223DA7B40B8","4","74","True","False","12.277",,"False","0","False","False","0","False"
"ba2af146-0d84-47c8-bc8c-26f21b5c00ab","MANIFEST_BOUND","hmail-perf-pair-100k-20260901","DE4DA2CDCDA01B1BE6D8C9BC98A377167205E940722D2BBCEE98A15A16ACB23A","net10","hmail_perf_pair_net10_20260831_213833","C:\hmail-perf-pair-100k-20260901\net10\Data","EBBF2395E8933C7BACE46AD51D451033745819B4B168934194C43B3B5121FAED","100","15","one TCP client and one sequential IMAP session per sample","0","PASS","E92ED927F40EA825DD551A4BA512B278123451CFAC76F908716AF84199904862","6FDC539CD1D13C7514886E7F7595F7A2A7107313E145AA44C7F0F223DA7B40B8","4","75","True","False","14.831",,"False","0","False","False","0","False"
"ba2af146-0d84-47c8-bc8c-26f21b5c00ab","MANIFEST_BOUND","hmail-perf-pair-100k-20260901","DE4DA2CDCDA01B1BE6D8C9BC98A377167205E940722D2BBCEE98A15A16ACB23A","net10","hmail_perf_pair_net10_20260831_213833","C:\hmail-perf-pair-100k-20260901\net10\Data","EBBF2395E8933C7BACE46AD51D451033745819B4B168934194C43B3B5121FAED","100","15","one TCP client and one sequential IMAP session per sample","0","PASS","E92ED927F40EA825DD551A4BA512B278123451CFAC76F908716AF84199904862","6FDC539CD1D13C7514886E7F7595F7A2A7107313E145AA44C7F0F223DA7B40B8","4","76","True","False","12.461",,"False","0","False","False","0","False"
"ba2af146-0d84-47c8-bc8c-26f21b5c00ab","MANIFEST_BOUND","hmail-perf-pair-100k-20260901","DE4DA2CDCDA01B1BE6D8C9BC98A377167205E940722D2BBCEE98A15A16ACB23A","net10","hmail_perf_pair_net10_20260831_213833","C:\hmail-perf-pair-100k-20260901\net10\Data","EBBF2395E8933C7BACE46AD51D451033745819B4B168934194C43B3B5121FAED","100","15","one TCP client and one sequential IMAP session per sample","0","PASS","E92ED927F40EA825DD551A4BA512B278123451CFAC76F908716AF84199904862","6FDC539CD1D13C7514886E7F7595F7A2A7107313E145AA44C7F0F223DA7B40B8","4","77","True","False","14.352",,"False","0","False","False","0","False"
"ba2af146-0d84-47c8-bc8c-26f21b5c00ab","MANIFEST_BOUND","hmail-perf-pair-100k-20260901","DE4DA2CDCDA01B1BE6D8C9BC98A377167205E940722D2BBCEE98A15A16ACB23A","net10","hmail_perf_pair_net10_20260831_213833","C:\hmail-perf-pair-100k-20260901\net10\Data","EBBF2395E8933C7BACE46AD51D451033745819B4B168934194C43B3B5121FAED","100","15","one TCP client and one sequential IMAP session per sample","0","PASS","E92ED927F40EA825DD551A4BA512B278123451CFAC76F908716AF84199904862","6FDC539CD1D13C7514886E7F7595F7A2A7107313E145AA44C7F0F223DA7B40B8","4","78","True","False","14.915",,"False","0","False","False","0","False"
"ba2af146-0d84-47c8-bc8c-26f21b5c00ab","MANIFEST_BOUND","hmail-perf-pair-100k-20260901","DE4DA2CDCDA01B1BE6D8C9BC98A377167205E940722D2BBCEE98A15A16ACB23A","net10","hmail_perf_pair_net10_20260831_213833","C:\hmail-perf-pair-100k-20260901\net10\Data","EBBF2395E8933C7BACE46AD51D451033745819B4B168934194C43B3B5121FAED","100","15","one TCP client and one sequential IMAP session per sample","0","PASS","E92ED927F40EA825DD551A4BA512B278123451CFAC76F908716AF84199904862","6FDC539CD1D13C7514886E7F7595F7A2A7107313E145AA44C7F0F223DA7B40B8","4","79","True","False","13.638",,"False","0","False","False","0","False"
"ba2af146-0d84-47c8-bc8c-26f21b5c00ab","MANIFEST_BOUND","hmail-perf-pair-100k-20260901","DE4DA2CDCDA01B1BE6D8C9BC98A377167205E940722D2BBCEE98A15A16ACB23A","net10","hmail_perf_pair_net10_20260831_213833","C:\hmail-perf-pair-100k-20260901\net10\Data","EBBF2395E8933C7BACE46AD51D451033745819B4B168934194C43B3B5121FAED","100","15","one TCP client and one sequential IMAP session per sample","0","PASS","E92ED927F40EA825DD551A4BA512B278123451CFAC76F908716AF84199904862","6FDC539CD1D13C7514886E7F7595F7A2A7107313E145AA44C7F0F223DA7B40B8","4","80","True","False","12.373",,"False","0","False","False","0","False"
"ba2af146-0d84-47c8-bc8c-26f21b5c00ab","MANIFEST_BOUND","hmail-perf-pair-100k-20260901","DE4DA2CDCDA01B1BE6D8C9BC98A377167205E940722D2BBCEE98A15A16ACB23A","net10","hmail_perf_pair_net10_20260831_213833","C:\hmail-perf-pair-100k-20260901\net10\Data","EBBF2395E8933C7BACE46AD51D451033745819B4B168934194C43B3B5121FAED","100","15","one TCP client and one sequential IMAP session per sample","0","PASS","E92ED927F40EA825DD551A4BA512B278123451CFAC76F908716AF84199904862","6FDC539CD1D13C7514886E7F7595F7A2A7107313E145AA44C7F0F223DA7B40B8","4","81","True","False","14.688",,"False","0","False","False","0","False"
"ba2af146-0d84-47c8-bc8c-26f21b5c00ab","MANIFEST_BOUND","hmail-perf-pair-100k-20260901","DE4DA2CDCDA01B1BE6D8C9BC98A377167205E940722D2BBCEE98A15A16ACB23A","net10","hmail_perf_pair_net10_20260831_213833","C:\hmail-perf-pair-100k-20260901\net10\Data","EBBF2395E8933C7BACE46AD51D451033745819B4B168934194C43B3B5121FAED","100","15","one TCP client and one sequential IMAP session per sample","0","PASS","E92ED927F40EA825DD551A4BA512B278123451CFAC76F908716AF84199904862","6FDC539CD1D13C7514886E7F7595F7A2A7107313E145AA44C7F0F223DA7B40B8","4","82","True","False","14.24",,"False","0","False","False","0","False"
"ba2af146-0d84-47c8-bc8c-26f21b5c00ab","MANIFEST_BOUND","hmail-perf-pair-100k-20260901","DE4DA2CDCDA01B1BE6D8C9BC98A377167205E940722D2BBCEE98A15A16ACB23A","net10","hmail_perf_pair_net10_20260831_213833","C:\hmail-perf-pair-100k-20260901\net10\Data","EBBF2395E8933C7BACE46AD51D451033745819B4B168934194C43B3B5121FAED","100","15","one TCP client and one sequential IMAP session per sample","0","PASS","E92ED927F40EA825DD551A4BA512B278123451CFAC76F908716AF84199904862","6FDC539CD1D13C7514886E7F7595F7A2A7107313E145AA44C7F0F223DA7B40B8","4","83","True","False","9.23",,"False","0","False","False","0","False"
"ba2af146-0d84-47c8-bc8c-26f21b5c00ab","MANIFEST_BOUND","hmail-perf-pair-100k-20260901","DE4DA2CDCDA01B1BE6D8C9BC98A377167205E940722D2BBCEE98A15A16ACB23A","net10","hmail_perf_pair_net10_20260831_213833","C:\hmail-perf-pair-100k-20260901\net10\Data","EBBF2395E8933C7BACE46AD51D451033745819B4B168934194C43B3B5121FAED","100","15","one TCP client and one sequential IMAP session per sample","0","PASS","E92ED927F40EA825DD551A4BA512B278123451CFAC76F908716AF84199904862","6FDC539CD1D13C7514886E7F7595F7A2A7107313E145AA44C7F0F223DA7B40B8","4","84","True","False","8.808",,"False","0","False","False","0","False"
"ba2af146-0d84-47c8-bc8c-26f21b5c00ab","MANIFEST_BOUND","hmail-perf-pair-100k-20260901","DE4DA2CDCDA01B1BE6D8C9BC98A377167205E940722D2BBCEE98A15A16ACB23A","net10","hmail_perf_pair_net10_20260831_213833","C:\hmail-perf-pair-100k-20260901\net10\Data","EBBF2395E8933C7BACE46AD51D451033745819B4B168934194C43B3B5121FAED","100","15","one TCP client and one sequential IMAP session per sample","0","PASS","E92ED927F40EA825DD551A4BA512B278123451CFAC76F908716AF84199904862","6FDC539CD1D13C7514886E7F7595F7A2A7107313E145AA44C7F0F223DA7B40B8","4","85","True","False","13.046",,"False","0","False","False","0","False"
"ba2af146-0d84-47c8-bc8c-26f21b5c00ab","MANIFEST_BOUND","hmail-perf-pair-100k-20260901","DE4DA2CDCDA01B1BE6D8C9BC98A377167205E940722D2BBCEE98A15A16ACB23A","net10","hmail_perf_pair_net10_20260831_213833","C:\hmail-perf-pair-100k-20260901\net10\Data","EBBF2395E8933C7BACE46AD51D451033745819B4B168934194C43B3B5121FAED","100","15","one TCP client and one sequential IMAP session per sample","0","PASS","E92ED927F40EA825DD551A4BA512B278123451CFAC76F908716AF84199904862","6FDC539CD1D13C7514886E7F7595F7A2A7107313E145AA44C7F0F223DA7B40B8","4","86","True","False","13.339",,"False","0","False","False","0","False"
"ba2af146-0d84-47c8-bc8c-26f21b5c00ab","MANIFEST_BOUND","hmail-perf-pair-100k-20260901","DE4DA2CDCDA01B1BE6D8C9BC98A377167205E940722D2BBCEE98A15A16ACB23A","net10","hmail_perf_pair_net10_20260831_213833","C:\hmail-perf-pair-100k-20260901\net10\Data","EBBF2395E8933C7BACE46AD51D451033745819B4B168934194C43B3B5121FAED","100","15","one TCP client and one sequential IMAP session per sample","0","PASS","E92ED927F40EA825DD551A4BA512B278123451CFAC76F908716AF84199904862","6FDC539CD1D13C7514886E7F7595F7A2A7107313E145AA44C7F0F223DA7B40B8","4","87","True","False","10.353",,"False","0","False","False","0","False"
"ba2af146-0d84-47c8-bc8c-26f21b5c00ab","MANIFEST_BOUND","hmail-perf-pair-100k-20260901","DE4DA2CDCDA01B1BE6D8C9BC98A377167205E940722D2BBCEE98A15A16ACB23A","net10","hmail_perf_pair_net10_20260831_213833","C:\hmail-perf-pair-100k-20260901\net10\Data","EBBF2395E8933C7BACE46AD51D451033745819B4B168934194C43B3B5121FAED","100","15","one TCP client and one sequential IMAP session per sample","0","PASS","E92ED927F40EA825DD551A4BA512B278123451CFAC76F908716AF84199904862","6FDC539CD1D13C7514886E7F7595F7A2A7107313E145AA44C7F0F223DA7B40B8","4","88","True","False","14.992",,"False","0","False","False","0","False"
"ba2af146-0d84-47c8-bc8c-26f21b5c00ab","MANIFEST_BOUND","hmail-perf-pair-100k-20260901","DE4DA2CDCDA01B1BE6D8C9BC98A377167205E940722D2BBCEE98A15A16ACB23A","net10","hmail_perf_pair_net10_20260831_213833","C:\hmail-perf-pair-100k-20260901\net10\Data","EBBF2395E8933C7BACE46AD51D451033745819B4B168934194C43B3B5121FAED","100","15","one TCP client and one sequential IMAP session per sample","0","PASS","E92ED927F40EA825DD551A4BA512B278123451CFAC76F908716AF84199904862","6FDC539CD1D13C7514886E7F7595F7A2A7107313E145AA44C7F0F223DA7B40B8","4","89","True","False","12.202",,"False","0","False","False","0","False"
"ba2af146-0d84-47c8-bc8c-26f21b5c00ab","MANIFEST_BOUND","hmail-perf-pair-100k-20260901","DE4DA2CDCDA01B1BE6D8C9BC98A377167205E940722D2BBCEE98A15A16ACB23A","net10","hmail_perf_pair_net10_20260831_213833","C:\hmail-perf-pair-100k-20260901\net10\Data","EBBF2395E8933C7BACE46AD51D451033745819B4B168934194C43B3B5121FAED","100","15","one TCP client and one sequential IMAP session per sample","0","PASS","E92ED927F40EA825DD551A4BA512B278123451CFAC76F908716AF84199904862","6FDC539CD1D13C7514886E7F7595F7A2A7107313E145AA44C7F0F223DA7B40B8","4","90","True","False","4.953",,"False","0","False","False","0","False"
"ba2af146-0d84-47c8-bc8c-26f21b5c00ab","MANIFEST_BOUND","hmail-perf-pair-100k-20260901","DE4DA2CDCDA01B1BE6D8C9BC98A377167205E940722D2BBCEE98A15A16ACB23A","net10","hmail_perf_pair_net10_20260831_213833","C:\hmail-perf-pair-100k-20260901\net10\Data","EBBF2395E8933C7BACE46AD51D451033745819B4B168934194C43B3B5121FAED","100","15","one TCP client and one sequential IMAP session per sample","0","PASS","E92ED927F40EA825DD551A4BA512B278123451CFAC76F908716AF84199904862","6FDC539CD1D13C7514886E7F7595F7A2A7107313E145AA44C7F0F223DA7B40B8","4","91","True","False","5.103",,"False","0","False","False","0","False"
"ba2af146-0d84-47c8-bc8c-26f21b5c00ab","MANIFEST_BOUND","hmail-perf-pair-100k-20260901","DE4DA2CDCDA01B1BE6D8C9BC98A377167205E940722D2BBCEE98A15A16ACB23A","net10","hmail_perf_pair_net10_20260831_213833","C:\hmail-perf-pair-100k-20260901\net10\Data","EBBF2395E8933C7BACE46AD51D451033745819B4B168934194C43B3B5121FAED","100","15","one TCP client and one sequential IMAP session per sample","0","PASS","E92ED927F40EA825DD551A4BA512B278123451CFAC76F908716AF84199904862","6FDC539CD1D13C7514886E7F7595F7A2A7107313E145AA44C7F0F223DA7B40B8","4","92","True","False","8.624",,"False","0","False","False","0","False"
"ba2af146-0d84-47c8-bc8c-26f21b5c00ab","MANIFEST_BOUND","hmail-perf-pair-100k-20260901","DE4DA2CDCDA01B1BE6D8C9BC98A377167205E940722D2BBCEE98A15A16ACB23A","net10","hmail_perf_pair_net10_20260831_213833","C:\hmail-perf-pair-100k-20260901\net10\Data","EBBF2395E8933C7BACE46AD51D451033745819B4B168934194C43B3B5121FAED","100","15","one TCP client and one sequential IMAP session per sample","0","PASS","E92ED927F40EA825DD551A4BA512B278123451CFAC76F908716AF84199904862","6FDC539CD1D13C7514886E7F7595F7A2A7107313E145AA44C7F0F223DA7B40B8","4","93","True","False","13.304",,"False","0","False","False","0","False"
"ba2af146-0d84-47c8-bc8c-26f21b5c00ab","MANIFEST_BOUND","hmail-perf-pair-100k-20260901","DE4DA2CDCDA01B1BE6D8C9BC98A377167205E940722D2BBCEE98A15A16ACB23A","net10","hmail_perf_pair_net10_20260831_213833","C:\hmail-perf-pair-100k-20260901\net10\Data","EBBF2395E8933C7BACE46AD51D451033745819B4B168934194C43B3B5121FAED","100","15","one TCP client and one sequential IMAP session per sample","0","PASS","E92ED927F40EA825DD551A4BA512B278123451CFAC76F908716AF84199904862","6FDC539CD1D13C7514886E7F7595F7A2A7107313E145AA44C7F0F223DA7B40B8","4","94","True","False","12.094",,"False","0","False","False","0","False"
"ba2af146-0d84-47c8-bc8c-26f21b5c00ab","MANIFEST_BOUND","hmail-perf-pair-100k-20260901","DE4DA2CDCDA01B1BE6D8C9BC98A377167205E940722D2BBCEE98A15A16ACB23A","net10","hmail_perf_pair_net10_20260831_213833","C:\hmail-perf-pair-100k-20260901\net10\Data","EBBF2395E8933C7BACE46AD51D451033745819B4B168934194C43B3B5121FAED","100","15","one TCP client and one sequential IMAP session per sample","0","PASS","E92ED927F40EA825DD551A4BA512B278123451CFAC76F908716AF84199904862","6FDC539CD1D13C7514886E7F7595F7A2A7107313E145AA44C7F0F223DA7B40B8","4","95","True","False","8.016",,"False","0","False","False","0","False"
"ba2af146-0d84-47c8-bc8c-26f21b5c00ab","MANIFEST_BOUND","hmail-perf-pair-100k-20260901","DE4DA2CDCDA01B1BE6D8C9BC98A377167205E940722D2BBCEE98A15A16ACB23A","net10","hmail_perf_pair_net10_20260831_213833","C:\hmail-perf-pair-100k-20260901\net10\Data","EBBF2395E8933C7BACE46AD51D451033745819B4B168934194C43B3B5121FAED","100","15","one TCP client and one sequential IMAP session per sample","0","PASS","E92ED927F40EA825DD551A4BA512B278123451CFAC76F908716AF84199904862","6FDC539CD1D13C7514886E7F7595F7A2A7107313E145AA44C7F0F223DA7B40B8","4","96","True","False","12.622",,"False","0","False","False","0","False"
"ba2af146-0d84-47c8-bc8c-26f21b5c00ab","MANIFEST_BOUND","hmail-perf-pair-100k-20260901","DE4DA2CDCDA01B1BE6D8C9BC98A377167205E940722D2BBCEE98A15A16ACB23A","net10","hmail_perf_pair_net10_20260831_213833","C:\hmail-perf-pair-100k-20260901\net10\Data","EBBF2395E8933C7BACE46AD51D451033745819B4B168934194C43B3B5121FAED","100","15","one TCP client and one sequential IMAP session per sample","0","PASS","E92ED927F40EA825DD551A4BA512B278123451CFAC76F908716AF84199904862","6FDC539CD1D13C7514886E7F7595F7A2A7107313E145AA44C7F0F223DA7B40B8","4","97","True","False","13.543",,"False","0","False","False","0","False"
"ba2af146-0d84-47c8-bc8c-26f21b5c00ab","MANIFEST_BOUND","hmail-perf-pair-100k-20260901","DE4DA2CDCDA01B1BE6D8C9BC98A377167205E940722D2BBCEE98A15A16ACB23A","net10","hmail_perf_pair_net10_20260831_213833","C:\hmail-perf-pair-100k-20260901\net10\Data","EBBF2395E8933C7BACE46AD51D451033745819B4B168934194C43B3B5121FAED","100","15","one TCP client and one sequential IMAP session per sample","0","PASS","E92ED927F40EA825DD551A4BA512B278123451CFAC76F908716AF84199904862","6FDC539CD1D13C7514886E7F7595F7A2A7107313E145AA44C7F0F223DA7B40B8","4","98","True","False","13.344",,"False","0","False","False","0","False"
"ba2af146-0d84-47c8-bc8c-26f21b5c00ab","MANIFEST_BOUND","hmail-perf-pair-100k-20260901","DE4DA2CDCDA01B1BE6D8C9BC98A377167205E940722D2BBCEE98A15A16ACB23A","net10","hmail_perf_pair_net10_20260831_213833","C:\hmail-perf-pair-100k-20260901\net10\Data","EBBF2395E8933C7BACE46AD51D451033745819B4B168934194C43B3B5121FAED","100","15","one TCP client and one sequential IMAP session per sample","0","PASS","E92ED927F40EA825DD551A4BA512B278123451CFAC76F908716AF84199904862","6FDC539CD1D13C7514886E7F7595F7A2A7107313E145AA44C7F0F223DA7B40B8","4","99","True","False","15.127",,"False","0","False","False","0","False"
"ba2af146-0d84-47c8-bc8c-26f21b5c00ab","MANIFEST_BOUND","hmail-perf-pair-100k-20260901","DE4DA2CDCDA01B1BE6D8C9BC98A377167205E940722D2BBCEE98A15A16ACB23A","net10","hmail_perf_pair_net10_20260831_213833","C:\hmail-perf-pair-100k-20260901\net10\Data","EBBF2395E8933C7BACE46AD51D451033745819B4B168934194C43B3B5121FAED","100","15","one TCP client and one sequential IMAP session per sample","0","PASS","E92ED927F40EA825DD551A4BA512B278123451CFAC76F908716AF84199904862","6FDC539CD1D13C7514886E7F7595F7A2A7107313E145AA44C7F0F223DA7B40B8","4","100","True","False","12.923",,"False","0","False","False","0","False"
"ba2af146-0d84-47c8-bc8c-26f21b5c00ab","MANIFEST_BOUND","hmail-perf-pair-100k-20260901","DE4DA2CDCDA01B1BE6D8C9BC98A377167205E940722D2BBCEE98A15A16ACB23A","net10","hmail_perf_pair_net10_20260831_213833","C:\hmail-perf-pair-100k-20260901\net10\Data","EBBF2395E8933C7BACE46AD51D451033745819B4B168934194C43B3B5121FAED","100","15","one TCP client and one sequential IMAP session per sample","0","PASS","E92ED927F40EA825DD551A4BA512B278123451CFAC76F908716AF84199904862","6FDC539CD1D13C7514886E7F7595F7A2A7107313E145AA44C7F0F223DA7B40B8","5","1","True","False","3.345",,"False","0","False","False","0","False"
"ba2af146-0d84-47c8-bc8c-26f21b5c00ab","MANIFEST_BOUND","hmail-perf-pair-100k-20260901","DE4DA2CDCDA01B1BE6D8C9BC98A377167205E940722D2BBCEE98A15A16ACB23A","net10","hmail_perf_pair_net10_20260831_213833","C:\hmail-perf-pair-100k-20260901\net10\Data","EBBF2395E8933C7BACE46AD51D451033745819B4B168934194C43B3B5121FAED","100","15","one TCP client and one sequential IMAP session per sample","0","PASS","E92ED927F40EA825DD551A4BA512B278123451CFAC76F908716AF84199904862","6FDC539CD1D13C7514886E7F7595F7A2A7107313E145AA44C7F0F223DA7B40B8","5","2","True","False","1.674",,"False","0","False","False","0","False"
"ba2af146-0d84-47c8-bc8c-26f21b5c00ab","MANIFEST_BOUND","hmail-perf-pair-100k-20260901","DE4DA2CDCDA01B1BE6D8C9BC98A377167205E940722D2BBCEE98A15A16ACB23A","net10","hmail_perf_pair_net10_20260831_213833","C:\hmail-perf-pair-100k-20260901\net10\Data","EBBF2395E8933C7BACE46AD51D451033745819B4B168934194C43B3B5121FAED","100","15","one TCP client and one sequential IMAP session per sample","0","PASS","E92ED927F40EA825DD551A4BA512B278123451CFAC76F908716AF84199904862","6FDC539CD1D13C7514886E7F7595F7A2A7107313E145AA44C7F0F223DA7B40B8","5","3","True","False","3.591",,"False","0","False","False","0","False"
"ba2af146-0d84-47c8-bc8c-26f21b5c00ab","MANIFEST_BOUND","hmail-perf-pair-100k-20260901","DE4DA2CDCDA01B1BE6D8C9BC98A377167205E940722D2BBCEE98A15A16ACB23A","net10","hmail_perf_pair_net10_20260831_213833","C:\hmail-perf-pair-100k-20260901\net10\Data","EBBF2395E8933C7BACE46AD51D451033745819B4B168934194C43B3B5121FAED","100","15","one TCP client and one sequential IMAP session per sample","0","PASS","E92ED927F40EA825DD551A4BA512B278123451CFAC76F908716AF84199904862","6FDC539CD1D13C7514886E7F7595F7A2A7107313E145AA44C7F0F223DA7B40B8","5","4","True","False","3.824",,"False","0","False","False","0","False"
"ba2af146-0d84-47c8-bc8c-26f21b5c00ab","MANIFEST_BOUND","hmail-perf-pair-100k-20260901","DE4DA2CDCDA01B1BE6D8C9BC98A377167205E940722D2BBCEE98A15A16ACB23A","net10","hmail_perf_pair_net10_20260831_213833","C:\hmail-perf-pair-100k-20260901\net10\Data","EBBF2395E8933C7BACE46AD51D451033745819B4B168934194C43B3B5121FAED","100","15","one TCP client and one sequential IMAP session per sample","0","PASS","E92ED927F40EA825DD551A4BA512B278123451CFAC76F908716AF84199904862","6FDC539CD1D13C7514886E7F7595F7A2A7107313E145AA44C7F0F223DA7B40B8","5","5","True","False","4.188",,"False","0","False","False","0","False"
"ba2af146-0d84-47c8-bc8c-26f21b5c00ab","MANIFEST_BOUND","hmail-perf-pair-100k-20260901","DE4DA2CDCDA01B1BE6D8C9BC98A377167205E940722D2BBCEE98A15A16ACB23A","net10","hmail_perf_pair_net10_20260831_213833","C:\hmail-perf-pair-100k-20260901\net10\Data","EBBF2395E8933C7BACE46AD51D451033745819B4B168934194C43B3B5121FAED","100","15","one TCP client and one sequential IMAP session per sample","0","PASS","E92ED927F40EA825DD551A4BA512B278123451CFAC76F908716AF84199904862","6FDC539CD1D13C7514886E7F7595F7A2A7107313E145AA44C7F0F223DA7B40B8","5","6","True","False","5.945",,"False","0","False","False","0","False"
"ba2af146-0d84-47c8-bc8c-26f21b5c00ab","MANIFEST_BOUND","hmail-perf-pair-100k-20260901","DE4DA2CDCDA01B1BE6D8C9BC98A377167205E940722D2BBCEE98A15A16ACB23A","net10","hmail_perf_pair_net10_20260831_213833","C:\hmail-perf-pair-100k-20260901\net10\Data","EBBF2395E8933C7BACE46AD51D451033745819B4B168934194C43B3B5121FAED","100","15","one TCP client and one sequential IMAP session per sample","0","PASS","E92ED927F40EA825DD551A4BA512B278123451CFAC76F908716AF84199904862","6FDC539CD1D13C7514886E7F7595F7A2A7107313E145AA44C7F0F223DA7B40B8","5","7","True","False","10.083",,"False","0","False","False","0","False"
"ba2af146-0d84-47c8-bc8c-26f21b5c00ab","MANIFEST_BOUND","hmail-perf-pair-100k-20260901","DE4DA2CDCDA01B1BE6D8C9BC98A377167205E940722D2BBCEE98A15A16ACB23A","net10","hmail_perf_pair_net10_20260831_213833","C:\hmail-perf-pair-100k-20260901\net10\Data","EBBF2395E8933C7BACE46AD51D451033745819B4B168934194C43B3B5121FAED","100","15","one TCP client and one sequential IMAP session per sample","0","PASS","E92ED927F40EA825DD551A4BA512B278123451CFAC76F908716AF84199904862","6FDC539CD1D13C7514886E7F7595F7A2A7107313E145AA44C7F0F223DA7B40B8","5","8","True","False","10.419",,"False","0","False","False","0","False"
"ba2af146-0d84-47c8-bc8c-26f21b5c00ab","MANIFEST_BOUND","hmail-perf-pair-100k-20260901","DE4DA2CDCDA01B1BE6D8C9BC98A377167205E940722D2BBCEE98A15A16ACB23A","net10","hmail_perf_pair_net10_20260831_213833","C:\hmail-perf-pair-100k-20260901\net10\Data","EBBF2395E8933C7BACE46AD51D451033745819B4B168934194C43B3B5121FAED","100","15","one TCP client and one sequential IMAP session per sample","0","PASS","E92ED927F40EA825DD551A4BA512B278123451CFAC76F908716AF84199904862","6FDC539CD1D13C7514886E7F7595F7A2A7107313E145AA44C7F0F223DA7B40B8","5","9","True","False","5.014",,"False","0","False","False","0","False"
"ba2af146-0d84-47c8-bc8c-26f21b5c00ab","MANIFEST_BOUND","hmail-perf-pair-100k-20260901","DE4DA2CDCDA01B1BE6D8C9BC98A377167205E940722D2BBCEE98A15A16ACB23A","net10","hmail_perf_pair_net10_20260831_213833","C:\hmail-perf-pair-100k-20260901\net10\Data","EBBF2395E8933C7BACE46AD51D451033745819B4B168934194C43B3B5121FAED","100","15","one TCP client and one sequential IMAP session per sample","0","PASS","E92ED927F40EA825DD551A4BA512B278123451CFAC76F908716AF84199904862","6FDC539CD1D13C7514886E7F7595F7A2A7107313E145AA44C7F0F223DA7B40B8","5","10","True","False","7.4",,"False","0","False","False","0","False"
"ba2af146-0d84-47c8-bc8c-26f21b5c00ab","MANIFEST_BOUND","hmail-perf-pair-100k-20260901","DE4DA2CDCDA01B1BE6D8C9BC98A377167205E940722D2BBCEE98A15A16ACB23A","net10","hmail_perf_pair_net10_20260831_213833","C:\hmail-perf-pair-100k-20260901\net10\Data","EBBF2395E8933C7BACE46AD51D451033745819B4B168934194C43B3B5121FAED","100","15","one TCP client and one sequential IMAP session per sample","0","PASS","E92ED927F40EA825DD551A4BA512B278123451CFAC76F908716AF84199904862","6FDC539CD1D13C7514886E7F7595F7A2A7107313E145AA44C7F0F223DA7B40B8","5","11","True","False","7.291",,"False","0","False","False","0","False"
"ba2af146-0d84-47c8-bc8c-26f21b5c00ab","MANIFEST_BOUND","hmail-perf-pair-100k-20260901","DE4DA2CDCDA01B1BE6D8C9BC98A377167205E940722D2BBCEE98A15A16ACB23A","net10","hmail_perf_pair_net10_20260831_213833","C:\hmail-perf-pair-100k-20260901\net10\Data","EBBF2395E8933C7BACE46AD51D451033745819B4B168934194C43B3B5121FAED","100","15","one TCP client and one sequential IMAP session per sample","0","PASS","E92ED927F40EA825DD551A4BA512B278123451CFAC76F908716AF84199904862","6FDC539CD1D13C7514886E7F7595F7A2A7107313E145AA44C7F0F223DA7B40B8","5","12","True","False","4.65",,"False","0","False","False","0","False"
"ba2af146-0d84-47c8-bc8c-26f21b5c00ab","MANIFEST_BOUND","hmail-perf-pair-100k-20260901","DE4DA2CDCDA01B1BE6D8C9BC98A377167205E940722D2BBCEE98A15A16ACB23A","net10","hmail_perf_pair_net10_20260831_213833","C:\hmail-perf-pair-100k-20260901\net10\Data","EBBF2395E8933C7BACE46AD51D451033745819B4B168934194C43B3B5121FAED","100","15","one TCP client and one sequential IMAP session per sample","0","PASS","E92ED927F40EA825DD551A4BA512B278123451CFAC76F908716AF84199904862","6FDC539CD1D13C7514886E7F7595F7A2A7107313E145AA44C7F0F223DA7B40B8","5","13","True","False","6.003",,"False","0","False","False","0","False"
"ba2af146-0d84-47c8-bc8c-26f21b5c00ab","MANIFEST_BOUND","hmail-perf-pair-100k-20260901","DE4DA2CDCDA01B1BE6D8C9BC98A377167205E940722D2BBCEE98A15A16ACB23A","net10","hmail_perf_pair_net10_20260831_213833","C:\hmail-perf-pair-100k-20260901\net10\Data","EBBF2395E8933C7BACE46AD51D451033745819B4B168934194C43B3B5121FAED","100","15","one TCP client and one sequential IMAP session per sample","0","PASS","E92ED927F40EA825DD551A4BA512B278123451CFAC76F908716AF84199904862","6FDC539CD1D13C7514886E7F7595F7A2A7107313E145AA44C7F0F223DA7B40B8","5","14","True","False","5.14",,"False","0","False","False","0","False"
"ba2af146-0d84-47c8-bc8c-26f21b5c00ab","MANIFEST_BOUND","hmail-perf-pair-100k-20260901","DE4DA2CDCDA01B1BE6D8C9BC98A377167205E940722D2BBCEE98A15A16ACB23A","net10","hmail_perf_pair_net10_20260831_213833","C:\hmail-perf-pair-100k-20260901\net10\Data","EBBF2395E8933C7BACE46AD51D451033745819B4B168934194C43B3B5121FAED","100","15","one TCP client and one sequential IMAP session per sample","0","PASS","E92ED927F40EA825DD551A4BA512B278123451CFAC76F908716AF84199904862","6FDC539CD1D13C7514886E7F7595F7A2A7107313E145AA44C7F0F223DA7B40B8","5","15","True","False","4.913",,"False","0","False","False","0","False"
"ba2af146-0d84-47c8-bc8c-26f21b5c00ab","MANIFEST_BOUND","hmail-perf-pair-100k-20260901","DE4DA2CDCDA01B1BE6D8C9BC98A377167205E940722D2BBCEE98A15A16ACB23A","net10","hmail_perf_pair_net10_20260831_213833","C:\hmail-perf-pair-100k-20260901\net10\Data","EBBF2395E8933C7BACE46AD51D451033745819B4B168934194C43B3B5121FAED","100","15","one TCP client and one sequential IMAP session per sample","0","PASS","E92ED927F40EA825DD551A4BA512B278123451CFAC76F908716AF84199904862","6FDC539CD1D13C7514886E7F7595F7A2A7107313E145AA44C7F0F223DA7B40B8","5","16","True","False","6.585",,"False","0","False","False","0","False"
"ba2af146-0d84-47c8-bc8c-26f21b5c00ab","MANIFEST_BOUND","hmail-perf-pair-100k-20260901","DE4DA2CDCDA01B1BE6D8C9BC98A377167205E940722D2BBCEE98A15A16ACB23A","net10","hmail_perf_pair_net10_20260831_213833","C:\hmail-perf-pair-100k-20260901\net10\Data","EBBF2395E8933C7BACE46AD51D451033745819B4B168934194C43B3B5121FAED","100","15","one TCP client and one sequential IMAP session per sample","0","PASS","E92ED927F40EA825DD551A4BA512B278123451CFAC76F908716AF84199904862","6FDC539CD1D13C7514886E7F7595F7A2A7107313E145AA44C7F0F223DA7B40B8","5","17","True","False","5.417",,"False","0","False","False","0","False"
"ba2af146-0d84-47c8-bc8c-26f21b5c00ab","MANIFEST_BOUND","hmail-perf-pair-100k-20260901","DE4DA2CDCDA01B1BE6D8C9BC98A377167205E940722D2BBCEE98A15A16ACB23A","net10","hmail_perf_pair_net10_20260831_213833","C:\hmail-perf-pair-100k-20260901\net10\Data","EBBF2395E8933C7BACE46AD51D451033745819B4B168934194C43B3B5121FAED","100","15","one TCP client and one sequential IMAP session per sample","0","PASS","E92ED927F40EA825DD551A4BA512B278123451CFAC76F908716AF84199904862","6FDC539CD1D13C7514886E7F7595F7A2A7107313E145AA44C7F0F223DA7B40B8","5","18","True","False","6.387",,"False","0","False","False","0","False"
"ba2af146-0d84-47c8-bc8c-26f21b5c00ab","MANIFEST_BOUND","hmail-perf-pair-100k-20260901","DE4DA2CDCDA01B1BE6D8C9BC98A377167205E940722D2BBCEE98A15A16ACB23A","net10","hmail_perf_pair_net10_20260831_213833","C:\hmail-perf-pair-100k-20260901\net10\Data","EBBF2395E8933C7BACE46AD51D451033745819B4B168934194C43B3B5121FAED","100","15","one TCP client and one sequential IMAP session per sample","0","PASS","E92ED927F40EA825DD551A4BA512B278123451CFAC76F908716AF84199904862","6FDC539CD1D13C7514886E7F7595F7A2A7107313E145AA44C7F0F223DA7B40B8","5","19","True","False","5.713",,"False","0","False","False","0","False"
"ba2af146-0d84-47c8-bc8c-26f21b5c00ab","MANIFEST_BOUND","hmail-perf-pair-100k-20260901","DE4DA2CDCDA01B1BE6D8C9BC98A377167205E940722D2BBCEE98A15A16ACB23A","net10","hmail_perf_pair_net10_20260831_213833","C:\hmail-perf-pair-100k-20260901\net10\Data","EBBF2395E8933C7BACE46AD51D451033745819B4B168934194C43B3B5121FAED","100","15","one TCP client and one sequential IMAP session per sample","0","PASS","E92ED927F40EA825DD551A4BA512B278123451CFAC76F908716AF84199904862","6FDC539CD1D13C7514886E7F7595F7A2A7107313E145AA44C7F0F223DA7B40B8","5","20","True","False","5.664",,"False","0","False","False","0","False"
"ba2af146-0d84-47c8-bc8c-26f21b5c00ab","MANIFEST_BOUND","hmail-perf-pair-100k-20260901","DE4DA2CDCDA01B1BE6D8C9BC98A377167205E940722D2BBCEE98A15A16ACB23A","net10","hmail_perf_pair_net10_20260831_213833","C:\hmail-perf-pair-100k-20260901\net10\Data","EBBF2395E8933C7BACE46AD51D451033745819B4B168934194C43B3B5121FAED","100","15","one TCP client and one sequential IMAP session per sample","0","PASS","E92ED927F40EA825DD551A4BA512B278123451CFAC76F908716AF84199904862","6FDC539CD1D13C7514886E7F7595F7A2A7107313E145AA44C7F0F223DA7B40B8","5","21","True","False","5.778",,"False","0","False","False","0","False"
"ba2af146-0d84-47c8-bc8c-26f21b5c00ab","MANIFEST_BOUND","hmail-perf-pair-100k-20260901","DE4DA2CDCDA01B1BE6D8C9BC98A377167205E940722D2BBCEE98A15A16ACB23A","net10","hmail_perf_pair_net10_20260831_213833","C:\hmail-perf-pair-100k-20260901\net10\Data","EBBF2395E8933C7BACE46AD51D451033745819B4B168934194C43B3B5121FAED","100","15","one TCP client and one sequential IMAP session per sample","0","PASS","E92ED927F40EA825DD551A4BA512B278123451CFAC76F908716AF84199904862","6FDC539CD1D13C7514886E7F7595F7A2A7107313E145AA44C7F0F223DA7B40B8","5","22","True","False","7.64",,"False","0","False","False","0","False"
"ba2af146-0d84-47c8-bc8c-26f21b5c00ab","MANIFEST_BOUND","hmail-perf-pair-100k-20260901","DE4DA2CDCDA01B1BE6D8C9BC98A377167205E940722D2BBCEE98A15A16ACB23A","net10","hmail_perf_pair_net10_20260831_213833","C:\hmail-perf-pair-100k-20260901\net10\Data","EBBF2395E8933C7BACE46AD51D451033745819B4B168934194C43B3B5121FAED","100","15","one TCP client and one sequential IMAP session per sample","0","PASS","E92ED927F40EA825DD551A4BA512B278123451CFAC76F908716AF84199904862","6FDC539CD1D13C7514886E7F7595F7A2A7107313E145AA44C7F0F223DA7B40B8","5","23","True","False","6.314",,"False","0","False","False","0","False"
"ba2af146-0d84-47c8-bc8c-26f21b5c00ab","MANIFEST_BOUND","hmail-perf-pair-100k-20260901","DE4DA2CDCDA01B1BE6D8C9BC98A377167205E940722D2BBCEE98A15A16ACB23A","net10","hmail_perf_pair_net10_20260831_213833","C:\hmail-perf-pair-100k-20260901\net10\Data","EBBF2395E8933C7BACE46AD51D451033745819B4B168934194C43B3B5121FAED","100","15","one TCP client and one sequential IMAP session per sample","0","PASS","E92ED927F40EA825DD551A4BA512B278123451CFAC76F908716AF84199904862","6FDC539CD1D13C7514886E7F7595F7A2A7107313E145AA44C7F0F223DA7B40B8","5","24","True","False","5.215",,"False","0","False","False","0","False"
"ba2af146-0d84-47c8-bc8c-26f21b5c00ab","MANIFEST_BOUND","hmail-perf-pair-100k-20260901","DE4DA2CDCDA01B1BE6D8C9BC98A377167205E940722D2BBCEE98A15A16ACB23A","net10","hmail_perf_pair_net10_20260831_213833","C:\hmail-perf-pair-100k-20260901\net10\Data","EBBF2395E8933C7BACE46AD51D451033745819B4B168934194C43B3B5121FAED","100","15","one TCP client and one sequential IMAP session per sample","0","PASS","E92ED927F40EA825DD551A4BA512B278123451CFAC76F908716AF84199904862","6FDC539CD1D13C7514886E7F7595F7A2A7107313E145AA44C7F0F223DA7B40B8","5","25","True","False","11.907",,"False","0","False","False","0","False"
"ba2af146-0d84-47c8-bc8c-26f21b5c00ab","MANIFEST_BOUND","hmail-perf-pair-100k-20260901","DE4DA2CDCDA01B1BE6D8C9BC98A377167205E940722D2BBCEE98A15A16ACB23A","net10","hmail_perf_pair_net10_20260831_213833","C:\hmail-perf-pair-100k-20260901\net10\Data","EBBF2395E8933C7BACE46AD51D451033745819B4B168934194C43B3B5121FAED","100","15","one TCP client and one sequential IMAP session per sample","0","PASS","E92ED927F40EA825DD551A4BA512B278123451CFAC76F908716AF84199904862","6FDC539CD1D13C7514886E7F7595F7A2A7107313E145AA44C7F0F223DA7B40B8","5","26","True","False","10.357",,"False","0","False","False","0","False"
"ba2af146-0d84-47c8-bc8c-26f21b5c00ab","MANIFEST_BOUND","hmail-perf-pair-100k-20260901","DE4DA2CDCDA01B1BE6D8C9BC98A377167205E940722D2BBCEE98A15A16ACB23A","net10","hmail_perf_pair_net10_20260831_213833","C:\hmail-perf-pair-100k-20260901\net10\Data","EBBF2395E8933C7BACE46AD51D451033745819B4B168934194C43B3B5121FAED","100","15","one TCP client and one sequential IMAP session per sample","0","PASS","E92ED927F40EA825DD551A4BA512B278123451CFAC76F908716AF84199904862","6FDC539CD1D13C7514886E7F7595F7A2A7107313E145AA44C7F0F223DA7B40B8","5","27","True","False","5.479",,"False","0","False","False","0","False"
"ba2af146-0d84-47c8-bc8c-26f21b5c00ab","MANIFEST_BOUND","hmail-perf-pair-100k-20260901","DE4DA2CDCDA01B1BE6D8C9BC98A377167205E940722D2BBCEE98A15A16ACB23A","net10","hmail_perf_pair_net10_20260831_213833","C:\hmail-perf-pair-100k-20260901\net10\Data","EBBF2395E8933C7BACE46AD51D451033745819B4B168934194C43B3B5121FAED","100","15","one TCP client and one sequential IMAP session per sample","0","PASS","E92ED927F40EA825DD551A4BA512B278123451CFAC76F908716AF84199904862","6FDC539CD1D13C7514886E7F7595F7A2A7107313E145AA44C7F0F223DA7B40B8","5","28","True","False","4.618",,"False","0","False","False","0","False"
"ba2af146-0d84-47c8-bc8c-26f21b5c00ab","MANIFEST_BOUND","hmail-perf-pair-100k-20260901","DE4DA2CDCDA01B1BE6D8C9BC98A377167205E940722D2BBCEE98A15A16ACB23A","net10","hmail_perf_pair_net10_20260831_213833","C:\hmail-perf-pair-100k-20260901\net10\Data","EBBF2395E8933C7BACE46AD51D451033745819B4B168934194C43B3B5121FAED","100","15","one TCP client and one sequential IMAP session per sample","0","PASS","E92ED927F40EA825DD551A4BA512B278123451CFAC76F908716AF84199904862","6FDC539CD1D13C7514886E7F7595F7A2A7107313E145AA44C7F0F223DA7B40B8","5","29","True","False","6.752",,"False","0","False","False","0","False"
"ba2af146-0d84-47c8-bc8c-26f21b5c00ab","MANIFEST_BOUND","hmail-perf-pair-100k-20260901","DE4DA2CDCDA01B1BE6D8C9BC98A377167205E940722D2BBCEE98A15A16ACB23A","net10","hmail_perf_pair_net10_20260831_213833","C:\hmail-perf-pair-100k-20260901\net10\Data","EBBF2395E8933C7BACE46AD51D451033745819B4B168934194C43B3B5121FAED","100","15","one TCP client and one sequential IMAP session per sample","0","PASS","E92ED927F40EA825DD551A4BA512B278123451CFAC76F908716AF84199904862","6FDC539CD1D13C7514886E7F7595F7A2A7107313E145AA44C7F0F223DA7B40B8","5","30","True","False","12.235",,"False","0","False","False","0","False"
"ba2af146-0d84-47c8-bc8c-26f21b5c00ab","MANIFEST_BOUND","hmail-perf-pair-100k-20260901","DE4DA2CDCDA01B1BE6D8C9BC98A377167205E940722D2BBCEE98A15A16ACB23A","net10","hmail_perf_pair_net10_20260831_213833","C:\hmail-perf-pair-100k-20260901\net10\Data","EBBF2395E8933C7BACE46AD51D451033745819B4B168934194C43B3B5121FAED","100","15","one TCP client and one sequential IMAP session per sample","0","PASS","E92ED927F40EA825DD551A4BA512B278123451CFAC76F908716AF84199904862","6FDC539CD1D13C7514886E7F7595F7A2A7107313E145AA44C7F0F223DA7B40B8","5","31","True","False","6.455",,"False","0","False","False","0","False"
"ba2af146-0d84-47c8-bc8c-26f21b5c00ab","MANIFEST_BOUND","hmail-perf-pair-100k-20260901","DE4DA2CDCDA01B1BE6D8C9BC98A377167205E940722D2BBCEE98A15A16ACB23A","net10","hmail_perf_pair_net10_20260831_213833","C:\hmail-perf-pair-100k-20260901\net10\Data","EBBF2395E8933C7BACE46AD51D451033745819B4B168934194C43B3B5121FAED","100","15","one TCP client and one sequential IMAP session per sample","0","PASS","E92ED927F40EA825DD551A4BA512B278123451CFAC76F908716AF84199904862","6FDC539CD1D13C7514886E7F7595F7A2A7107313E145AA44C7F0F223DA7B40B8","5","32","True","False","6.474",,"False","0","False","False","0","False"
"ba2af146-0d84-47c8-bc8c-26f21b5c00ab","MANIFEST_BOUND","hmail-perf-pair-100k-20260901","DE4DA2CDCDA01B1BE6D8C9BC98A377167205E940722D2BBCEE98A15A16ACB23A","net10","hmail_perf_pair_net10_20260831_213833","C:\hmail-perf-pair-100k-20260901\net10\Data","EBBF2395E8933C7BACE46AD51D451033745819B4B168934194C43B3B5121FAED","100","15","one TCP client and one sequential IMAP session per sample","0","PASS","E92ED927F40EA825DD551A4BA512B278123451CFAC76F908716AF84199904862","6FDC539CD1D13C7514886E7F7595F7A2A7107313E145AA44C7F0F223DA7B40B8","5","33","True","False","9.91",,"False","0","False","False","0","False"
"ba2af146-0d84-47c8-bc8c-26f21b5c00ab","MANIFEST_BOUND","hmail-perf-pair-100k-20260901","DE4DA2CDCDA01B1BE6D8C9BC98A377167205E940722D2BBCEE98A15A16ACB23A","net10","hmail_perf_pair_net10_20260831_213833","C:\hmail-perf-pair-100k-20260901\net10\Data","EBBF2395E8933C7BACE46AD51D451033745819B4B168934194C43B3B5121FAED","100","15","one TCP client and one sequential IMAP session per sample","0","PASS","E92ED927F40EA825DD551A4BA512B278123451CFAC76F908716AF84199904862","6FDC539CD1D13C7514886E7F7595F7A2A7107313E145AA44C7F0F223DA7B40B8","5","34","True","False","6.42",,"False","0","False","False","0","False"
"ba2af146-0d84-47c8-bc8c-26f21b5c00ab","MANIFEST_BOUND","hmail-perf-pair-100k-20260901","DE4DA2CDCDA01B1BE6D8C9BC98A377167205E940722D2BBCEE98A15A16ACB23A","net10","hmail_perf_pair_net10_20260831_213833","C:\hmail-perf-pair-100k-20260901\net10\Data","EBBF2395E8933C7BACE46AD51D451033745819B4B168934194C43B3B5121FAED","100","15","one TCP client and one sequential IMAP session per sample","0","PASS","E92ED927F40EA825DD551A4BA512B278123451CFAC76F908716AF84199904862","6FDC539CD1D13C7514886E7F7595F7A2A7107313E145AA44C7F0F223DA7B40B8","5","35","True","False","6.879",,"False","0","False","False","0","False"
"ba2af146-0d84-47c8-bc8c-26f21b5c00ab","MANIFEST_BOUND","hmail-perf-pair-100k-20260901","DE4DA2CDCDA01B1BE6D8C9BC98A377167205E940722D2BBCEE98A15A16ACB23A","net10","hmail_perf_pair_net10_20260831_213833","C:\hmail-perf-pair-100k-20260901\net10\Data","EBBF2395E8933C7BACE46AD51D451033745819B4B168934194C43B3B5121FAED","100","15","one TCP client and one sequential IMAP session per sample","0","PASS","E92ED927F40EA825DD551A4BA512B278123451CFAC76F908716AF84199904862","6FDC539CD1D13C7514886E7F7595F7A2A7107313E145AA44C7F0F223DA7B40B8","5","36","True","False","8.359",,"False","0","False","False","0","False"
"ba2af146-0d84-47c8-bc8c-26f21b5c00ab","MANIFEST_BOUND","hmail-perf-pair-100k-20260901","DE4DA2CDCDA01B1BE6D8C9BC98A377167205E940722D2BBCEE98A15A16ACB23A","net10","hmail_perf_pair_net10_20260831_213833","C:\hmail-perf-pair-100k-20260901\net10\Data","EBBF2395E8933C7BACE46AD51D451033745819B4B168934194C43B3B5121FAED","100","15","one TCP client and one sequential IMAP session per sample","0","PASS","E92ED927F40EA825DD551A4BA512B278123451CFAC76F908716AF84199904862","6FDC539CD1D13C7514886E7F7595F7A2A7107313E145AA44C7F0F223DA7B40B8","5","37","True","False","7.823",,"False","0","False","False","0","False"
"ba2af146-0d84-47c8-bc8c-26f21b5c00ab","MANIFEST_BOUND","hmail-perf-pair-100k-20260901","DE4DA2CDCDA01B1BE6D8C9BC98A377167205E940722D2BBCEE98A15A16ACB23A","net10","hmail_perf_pair_net10_20260831_213833","C:\hmail-perf-pair-100k-20260901\net10\Data","EBBF2395E8933C7BACE46AD51D451033745819B4B168934194C43B3B5121FAED","100","15","one TCP client and one sequential IMAP session per sample","0","PASS","E92ED927F40EA825DD551A4BA512B278123451CFAC76F908716AF84199904862","6FDC539CD1D13C7514886E7F7595F7A2A7107313E145AA44C7F0F223DA7B40B8","5","38","True","False","7.288",,"False","0","False","False","0","False"
"ba2af146-0d84-47c8-bc8c-26f21b5c00ab","MANIFEST_BOUND","hmail-perf-pair-100k-20260901","DE4DA2CDCDA01B1BE6D8C9BC98A377167205E940722D2BBCEE98A15A16ACB23A","net10","hmail_perf_pair_net10_20260831_213833","C:\hmail-perf-pair-100k-20260901\net10\Data","EBBF2395E8933C7BACE46AD51D451033745819B4B168934194C43B3B5121FAED","100","15","one TCP client and one sequential IMAP session per sample","0","PASS","E92ED927F40EA825DD551A4BA512B278123451CFAC76F908716AF84199904862","6FDC539CD1D13C7514886E7F7595F7A2A7107313E145AA44C7F0F223DA7B40B8","5","39","True","False","9.79",,"False","0","False","False","0","False"
"ba2af146-0d84-47c8-bc8c-26f21b5c00ab","MANIFEST_BOUND","hmail-perf-pair-100k-20260901","DE4DA2CDCDA01B1BE6D8C9BC98A377167205E940722D2BBCEE98A15A16ACB23A","net10","hmail_perf_pair_net10_20260831_213833","C:\hmail-perf-pair-100k-20260901\net10\Data","EBBF2395E8933C7BACE46AD51D451033745819B4B168934194C43B3B5121FAED","100","15","one TCP client and one sequential IMAP session per sample","0","PASS","E92ED927F40EA825DD551A4BA512B278123451CFAC76F908716AF84199904862","6FDC539CD1D13C7514886E7F7595F7A2A7107313E145AA44C7F0F223DA7B40B8","5","40","True","False","6.348",,"False","0","False","False","0","False"
"ba2af146-0d84-47c8-bc8c-26f21b5c00ab","MANIFEST_BOUND","hmail-perf-pair-100k-20260901","DE4DA2CDCDA01B1BE6D8C9BC98A377167205E940722D2BBCEE98A15A16ACB23A","net10","hmail_perf_pair_net10_20260831_213833","C:\hmail-perf-pair-100k-20260901\net10\Data","EBBF2395E8933C7BACE46AD51D451033745819B4B168934194C43B3B5121FAED","100","15","one TCP client and one sequential IMAP session per sample","0","PASS","E92ED927F40EA825DD551A4BA512B278123451CFAC76F908716AF84199904862","6FDC539CD1D13C7514886E7F7595F7A2A7107313E145AA44C7F0F223DA7B40B8","5","41","True","False","7.152",,"False","0","False","False","0","False"
"ba2af146-0d84-47c8-bc8c-26f21b5c00ab","MANIFEST_BOUND","hmail-perf-pair-100k-20260901","DE4DA2CDCDA01B1BE6D8C9BC98A377167205E940722D2BBCEE98A15A16ACB23A","net10","hmail_perf_pair_net10_20260831_213833","C:\hmail-perf-pair-100k-20260901\net10\Data","EBBF2395E8933C7BACE46AD51D451033745819B4B168934194C43B3B5121FAED","100","15","one TCP client and one sequential IMAP session per sample","0","PASS","E92ED927F40EA825DD551A4BA512B278123451CFAC76F908716AF84199904862","6FDC539CD1D13C7514886E7F7595F7A2A7107313E145AA44C7F0F223DA7B40B8","5","42","True","False","7.207",,"False","0","False","False","0","False"
"ba2af146-0d84-47c8-bc8c-26f21b5c00ab","MANIFEST_BOUND","hmail-perf-pair-100k-20260901","DE4DA2CDCDA01B1BE6D8C9BC98A377167205E940722D2BBCEE98A15A16ACB23A","net10","hmail_perf_pair_net10_20260831_213833","C:\hmail-perf-pair-100k-20260901\net10\Data","EBBF2395E8933C7BACE46AD51D451033745819B4B168934194C43B3B5121FAED","100","15","one TCP client and one sequential IMAP session per sample","0","PASS","E92ED927F40EA825DD551A4BA512B278123451CFAC76F908716AF84199904862","6FDC539CD1D13C7514886E7F7595F7A2A7107313E145AA44C7F0F223DA7B40B8","5","43","True","False","9.432",,"False","0","False","False","0","False"
"ba2af146-0d84-47c8-bc8c-26f21b5c00ab","MANIFEST_BOUND","hmail-perf-pair-100k-20260901","DE4DA2CDCDA01B1BE6D8C9BC98A377167205E940722D2BBCEE98A15A16ACB23A","net10","hmail_perf_pair_net10_20260831_213833","C:\hmail-perf-pair-100k-20260901\net10\Data","EBBF2395E8933C7BACE46AD51D451033745819B4B168934194C43B3B5121FAED","100","15","one TCP client and one sequential IMAP session per sample","0","PASS","E92ED927F40EA825DD551A4BA512B278123451CFAC76F908716AF84199904862","6FDC539CD1D13C7514886E7F7595F7A2A7107313E145AA44C7F0F223DA7B40B8","5","44","True","False","7.161",,"False","0","False","False","0","False"
"ba2af146-0d84-47c8-bc8c-26f21b5c00ab","MANIFEST_BOUND","hmail-perf-pair-100k-20260901","DE4DA2CDCDA01B1BE6D8C9BC98A377167205E940722D2BBCEE98A15A16ACB23A","net10","hmail_perf_pair_net10_20260831_213833","C:\hmail-perf-pair-100k-20260901\net10\Data","EBBF2395E8933C7BACE46AD51D451033745819B4B168934194C43B3B5121FAED","100","15","one TCP client and one sequential IMAP session per sample","0","PASS","E92ED927F40EA825DD551A4BA512B278123451CFAC76F908716AF84199904862","6FDC539CD1D13C7514886E7F7595F7A2A7107313E145AA44C7F0F223DA7B40B8","5","45","True","False","7.987",,"False","0","False","False","0","False"
"ba2af146-0d84-47c8-bc8c-26f21b5c00ab","MANIFEST_BOUND","hmail-perf-pair-100k-20260901","DE4DA2CDCDA01B1BE6D8C9BC98A377167205E940722D2BBCEE98A15A16ACB23A","net10","hmail_perf_pair_net10_20260831_213833","C:\hmail-perf-pair-100k-20260901\net10\Data","EBBF2395E8933C7BACE46AD51D451033745819B4B168934194C43B3B5121FAED","100","15","one TCP client and one sequential IMAP session per sample","0","PASS","E92ED927F40EA825DD551A4BA512B278123451CFAC76F908716AF84199904862","6FDC539CD1D13C7514886E7F7595F7A2A7107313E145AA44C7F0F223DA7B40B8","5","46","True","False","10.314",,"False","0","False","False","0","False"
"ba2af146-0d84-47c8-bc8c-26f21b5c00ab","MANIFEST_BOUND","hmail-perf-pair-100k-20260901","DE4DA2CDCDA01B1BE6D8C9BC98A377167205E940722D2BBCEE98A15A16ACB23A","net10","hmail_perf_pair_net10_20260831_213833","C:\hmail-perf-pair-100k-20260901\net10\Data","EBBF2395E8933C7BACE46AD51D451033745819B4B168934194C43B3B5121FAED","100","15","one TCP client and one sequential IMAP session per sample","0","PASS","E92ED927F40EA825DD551A4BA512B278123451CFAC76F908716AF84199904862","6FDC539CD1D13C7514886E7F7595F7A2A7107313E145AA44C7F0F223DA7B40B8","5","47","True","False","8.23",,"False","0","False","False","0","False"
"ba2af146-0d84-47c8-bc8c-26f21b5c00ab","MANIFEST_BOUND","hmail-perf-pair-100k-20260901","DE4DA2CDCDA01B1BE6D8C9BC98A377167205E940722D2BBCEE98A15A16ACB23A","net10","hmail_perf_pair_net10_20260831_213833","C:\hmail-perf-pair-100k-20260901\net10\Data","EBBF2395E8933C7BACE46AD51D451033745819B4B168934194C43B3B5121FAED","100","15","one TCP client and one sequential IMAP session per sample","0","PASS","E92ED927F40EA825DD551A4BA512B278123451CFAC76F908716AF84199904862","6FDC539CD1D13C7514886E7F7595F7A2A7107313E145AA44C7F0F223DA7B40B8","5","48","True","False","9.144",,"False","0","False","False","0","False"
"ba2af146-0d84-47c8-bc8c-26f21b5c00ab","MANIFEST_BOUND","hmail-perf-pair-100k-20260901","DE4DA2CDCDA01B1BE6D8C9BC98A377167205E940722D2BBCEE98A15A16ACB23A","net10","hmail_perf_pair_net10_20260831_213833","C:\hmail-perf-pair-100k-20260901\net10\Data","EBBF2395E8933C7BACE46AD51D451033745819B4B168934194C43B3B5121FAED","100","15","one TCP client and one sequential IMAP session per sample","0","PASS","E92ED927F40EA825DD551A4BA512B278123451CFAC76F908716AF84199904862","6FDC539CD1D13C7514886E7F7595F7A2A7107313E145AA44C7F0F223DA7B40B8","5","49","True","False","7.45",,"False","0","False","False","0","False"
"ba2af146-0d84-47c8-bc8c-26f21b5c00ab","MANIFEST_BOUND","hmail-perf-pair-100k-20260901","DE4DA2CDCDA01B1BE6D8C9BC98A377167205E940722D2BBCEE98A15A16ACB23A","net10","hmail_perf_pair_net10_20260831_213833","C:\hmail-perf-pair-100k-20260901\net10\Data","EBBF2395E8933C7BACE46AD51D451033745819B4B168934194C43B3B5121FAED","100","15","one TCP client and one sequential IMAP session per sample","0","PASS","E92ED927F40EA825DD551A4BA512B278123451CFAC76F908716AF84199904862","6FDC539CD1D13C7514886E7F7595F7A2A7107313E145AA44C7F0F223DA7B40B8","5","50","True","False","7.386",,"False","0","False","False","0","False"
"ba2af146-0d84-47c8-bc8c-26f21b5c00ab","MANIFEST_BOUND","hmail-perf-pair-100k-20260901","DE4DA2CDCDA01B1BE6D8C9BC98A377167205E940722D2BBCEE98A15A16ACB23A","net10","hmail_perf_pair_net10_20260831_213833","C:\hmail-perf-pair-100k-20260901\net10\Data","EBBF2395E8933C7BACE46AD51D451033745819B4B168934194C43B3B5121FAED","100","15","one TCP client and one sequential IMAP session per sample","0","PASS","E92ED927F40EA825DD551A4BA512B278123451CFAC76F908716AF84199904862","6FDC539CD1D13C7514886E7F7595F7A2A7107313E145AA44C7F0F223DA7B40B8","5","51","True","False","8.576",,"False","0","False","False","0","False"
"ba2af146-0d84-47c8-bc8c-26f21b5c00ab","MANIFEST_BOUND","hmail-perf-pair-100k-20260901","DE4DA2CDCDA01B1BE6D8C9BC98A377167205E940722D2BBCEE98A15A16ACB23A","net10","hmail_perf_pair_net10_20260831_213833","C:\hmail-perf-pair-100k-20260901\net10\Data","EBBF2395E8933C7BACE46AD51D451033745819B4B168934194C43B3B5121FAED","100","15","one TCP client and one sequential IMAP session per sample","0","PASS","E92ED927F40EA825DD551A4BA512B278123451CFAC76F908716AF84199904862","6FDC539CD1D13C7514886E7F7595F7A2A7107313E145AA44C7F0F223DA7B40B8","5","52","True","False","7.58",,"False","0","False","False","0","False"
"ba2af146-0d84-47c8-bc8c-26f21b5c00ab","MANIFEST_BOUND","hmail-perf-pair-100k-20260901","DE4DA2CDCDA01B1BE6D8C9BC98A377167205E940722D2BBCEE98A15A16ACB23A","net10","hmail_perf_pair_net10_20260831_213833","C:\hmail-perf-pair-100k-20260901\net10\Data","EBBF2395E8933C7BACE46AD51D451033745819B4B168934194C43B3B5121FAED","100","15","one TCP client and one sequential IMAP session per sample","0","PASS","E92ED927F40EA825DD551A4BA512B278123451CFAC76F908716AF84199904862","6FDC539CD1D13C7514886E7F7595F7A2A7107313E145AA44C7F0F223DA7B40B8","5","53","True","False","7.356",,"False","0","False","False","0","False"
"ba2af146-0d84-47c8-bc8c-26f21b5c00ab","MANIFEST_BOUND","hmail-perf-pair-100k-20260901","DE4DA2CDCDA01B1BE6D8C9BC98A377167205E940722D2BBCEE98A15A16ACB23A","net10","hmail_perf_pair_net10_20260831_213833","C:\hmail-perf-pair-100k-20260901\net10\Data","EBBF2395E8933C7BACE46AD51D451033745819B4B168934194C43B3B5121FAED","100","15","one TCP client and one sequential IMAP session per sample","0","PASS","E92ED927F40EA825DD551A4BA512B278123451CFAC76F908716AF84199904862","6FDC539CD1D13C7514886E7F7595F7A2A7107313E145AA44C7F0F223DA7B40B8","5","54","True","False","8.856",,"False","0","False","False","0","False"
"ba2af146-0d84-47c8-bc8c-26f21b5c00ab","MANIFEST_BOUND","hmail-perf-pair-100k-20260901","DE4DA2CDCDA01B1BE6D8C9BC98A377167205E940722D2BBCEE98A15A16ACB23A","net10","hmail_perf_pair_net10_20260831_213833","C:\hmail-perf-pair-100k-20260901\net10\Data","EBBF2395E8933C7BACE46AD51D451033745819B4B168934194C43B3B5121FAED","100","15","one TCP client and one sequential IMAP session per sample","0","PASS","E92ED927F40EA825DD551A4BA512B278123451CFAC76F908716AF84199904862","6FDC539CD1D13C7514886E7F7595F7A2A7107313E145AA44C7F0F223DA7B40B8","5","55","True","False","9.416",,"False","0","False","False","0","False"
"ba2af146-0d84-47c8-bc8c-26f21b5c00ab","MANIFEST_BOUND","hmail-perf-pair-100k-20260901","DE4DA2CDCDA01B1BE6D8C9BC98A377167205E940722D2BBCEE98A15A16ACB23A","net10","hmail_perf_pair_net10_20260831_213833","C:\hmail-perf-pair-100k-20260901\net10\Data","EBBF2395E8933C7BACE46AD51D451033745819B4B168934194C43B3B5121FAED","100","15","one TCP client and one sequential IMAP session per sample","0","PASS","E92ED927F40EA825DD551A4BA512B278123451CFAC76F908716AF84199904862","6FDC539CD1D13C7514886E7F7595F7A2A7107313E145AA44C7F0F223DA7B40B8","5","56","True","False","8.99",,"False","0","False","False","0","False"
"ba2af146-0d84-47c8-bc8c-26f21b5c00ab","MANIFEST_BOUND","hmail-perf-pair-100k-20260901","DE4DA2CDCDA01B1BE6D8C9BC98A377167205E940722D2BBCEE98A15A16ACB23A","net10","hmail_perf_pair_net10_20260831_213833","C:\hmail-perf-pair-100k-20260901\net10\Data","EBBF2395E8933C7BACE46AD51D451033745819B4B168934194C43B3B5121FAED","100","15","one TCP client and one sequential IMAP session per sample","0","PASS","E92ED927F40EA825DD551A4BA512B278123451CFAC76F908716AF84199904862","6FDC539CD1D13C7514886E7F7595F7A2A7107313E145AA44C7F0F223DA7B40B8","5","57","True","False","7.499",,"False","0","False","False","0","False"
"ba2af146-0d84-47c8-bc8c-26f21b5c00ab","MANIFEST_BOUND","hmail-perf-pair-100k-20260901","DE4DA2CDCDA01B1BE6D8C9BC98A377167205E940722D2BBCEE98A15A16ACB23A","net10","hmail_perf_pair_net10_20260831_213833","C:\hmail-perf-pair-100k-20260901\net10\Data","EBBF2395E8933C7BACE46AD51D451033745819B4B168934194C43B3B5121FAED","100","15","one TCP client and one sequential IMAP session per sample","0","PASS","E92ED927F40EA825DD551A4BA512B278123451CFAC76F908716AF84199904862","6FDC539CD1D13C7514886E7F7595F7A2A7107313E145AA44C7F0F223DA7B40B8","5","58","True","False","7.111",,"False","0","False","False","0","False"
"ba2af146-0d84-47c8-bc8c-26f21b5c00ab","MANIFEST_BOUND","hmail-perf-pair-100k-20260901","DE4DA2CDCDA01B1BE6D8C9BC98A377167205E940722D2BBCEE98A15A16ACB23A","net10","hmail_perf_pair_net10_20260831_213833","C:\hmail-perf-pair-100k-20260901\net10\Data","EBBF2395E8933C7BACE46AD51D451033745819B4B168934194C43B3B5121FAED","100","15","one TCP client and one sequential IMAP session per sample","0","PASS","E92ED927F40EA825DD551A4BA512B278123451CFAC76F908716AF84199904862","6FDC539CD1D13C7514886E7F7595F7A2A7107313E145AA44C7F0F223DA7B40B8","5","59","True","False","9.285",,"False","0","False","False","0","False"
"ba2af146-0d84-47c8-bc8c-26f21b5c00ab","MANIFEST_BOUND","hmail-perf-pair-100k-20260901","DE4DA2CDCDA01B1BE6D8C9BC98A377167205E940722D2BBCEE98A15A16ACB23A","net10","hmail_perf_pair_net10_20260831_213833","C:\hmail-perf-pair-100k-20260901\net10\Data","EBBF2395E8933C7BACE46AD51D451033745819B4B168934194C43B3B5121FAED","100","15","one TCP client and one sequential IMAP session per sample","0","PASS","E92ED927F40EA825DD551A4BA512B278123451CFAC76F908716AF84199904862","6FDC539CD1D13C7514886E7F7595F7A2A7107313E145AA44C7F0F223DA7B40B8","5","60","True","False","9.366",,"False","0","False","False","0","False"
"ba2af146-0d84-47c8-bc8c-26f21b5c00ab","MANIFEST_BOUND","hmail-perf-pair-100k-20260901","DE4DA2CDCDA01B1BE6D8C9BC98A377167205E940722D2BBCEE98A15A16ACB23A","net10","hmail_perf_pair_net10_20260831_213833","C:\hmail-perf-pair-100k-20260901\net10\Data","EBBF2395E8933C7BACE46AD51D451033745819B4B168934194C43B3B5121FAED","100","15","one TCP client and one sequential IMAP session per sample","0","PASS","E92ED927F40EA825DD551A4BA512B278123451CFAC76F908716AF84199904862","6FDC539CD1D13C7514886E7F7595F7A2A7107313E145AA44C7F0F223DA7B40B8","5","61","True","False","9.681",,"False","0","False","False","0","False"
"ba2af146-0d84-47c8-bc8c-26f21b5c00ab","MANIFEST_BOUND","hmail-perf-pair-100k-20260901","DE4DA2CDCDA01B1BE6D8C9BC98A377167205E940722D2BBCEE98A15A16ACB23A","net10","hmail_perf_pair_net10_20260831_213833","C:\hmail-perf-pair-100k-20260901\net10\Data","EBBF2395E8933C7BACE46AD51D451033745819B4B168934194C43B3B5121FAED","100","15","one TCP client and one sequential IMAP session per sample","0","PASS","E92ED927F40EA825DD551A4BA512B278123451CFAC76F908716AF84199904862","6FDC539CD1D13C7514886E7F7595F7A2A7107313E145AA44C7F0F223DA7B40B8","5","62","True","False","10.338",,"False","0","False","False","0","False"
"ba2af146-0d84-47c8-bc8c-26f21b5c00ab","MANIFEST_BOUND","hmail-perf-pair-100k-20260901","DE4DA2CDCDA01B1BE6D8C9BC98A377167205E940722D2BBCEE98A15A16ACB23A","net10","hmail_perf_pair_net10_20260831_213833","C:\hmail-perf-pair-100k-20260901\net10\Data","EBBF2395E8933C7BACE46AD51D451033745819B4B168934194C43B3B5121FAED","100","15","one TCP client and one sequential IMAP session per sample","0","PASS","E92ED927F40EA825DD551A4BA512B278123451CFAC76F908716AF84199904862","6FDC539CD1D13C7514886E7F7595F7A2A7107313E145AA44C7F0F223DA7B40B8","5","63","True","False","7.902",,"False","0","False","False","0","False"
"ba2af146-0d84-47c8-bc8c-26f21b5c00ab","MANIFEST_BOUND","hmail-perf-pair-100k-20260901","DE4DA2CDCDA01B1BE6D8C9BC98A377167205E940722D2BBCEE98A15A16ACB23A","net10","hmail_perf_pair_net10_20260831_213833","C:\hmail-perf-pair-100k-20260901\net10\Data","EBBF2395E8933C7BACE46AD51D451033745819B4B168934194C43B3B5121FAED","100","15","one TCP client and one sequential IMAP session per sample","0","PASS","E92ED927F40EA825DD551A4BA512B278123451CFAC76F908716AF84199904862","6FDC539CD1D13C7514886E7F7595F7A2A7107313E145AA44C7F0F223DA7B40B8","5","64","True","False","7.772",,"False","0","False","False","0","False"
"ba2af146-0d84-47c8-bc8c-26f21b5c00ab","MANIFEST_BOUND","hmail-perf-pair-100k-20260901","DE4DA2CDCDA01B1BE6D8C9BC98A377167205E940722D2BBCEE98A15A16ACB23A","net10","hmail_perf_pair_net10_20260831_213833","C:\hmail-perf-pair-100k-20260901\net10\Data","EBBF2395E8933C7BACE46AD51D451033745819B4B168934194C43B3B5121FAED","100","15","one TCP client and one sequential IMAP session per sample","0","PASS","E92ED927F40EA825DD551A4BA512B278123451CFAC76F908716AF84199904862","6FDC539CD1D13C7514886E7F7595F7A2A7107313E145AA44C7F0F223DA7B40B8","5","65","True","False","11.116",,"False","0","False","False","0","False"
"ba2af146-0d84-47c8-bc8c-26f21b5c00ab","MANIFEST_BOUND","hmail-perf-pair-100k-20260901","DE4DA2CDCDA01B1BE6D8C9BC98A377167205E940722D2BBCEE98A15A16ACB23A","net10","hmail_perf_pair_net10_20260831_213833","C:\hmail-perf-pair-100k-20260901\net10\Data","EBBF2395E8933C7BACE46AD51D451033745819B4B168934194C43B3B5121FAED","100","15","one TCP client and one sequential IMAP session per sample","0","PASS","E92ED927F40EA825DD551A4BA512B278123451CFAC76F908716AF84199904862","6FDC539CD1D13C7514886E7F7595F7A2A7107313E145AA44C7F0F223DA7B40B8","5","66","True","False","8.088",,"False","0","False","False","0","False"
"ba2af146-0d84-47c8-bc8c-26f21b5c00ab","MANIFEST_BOUND","hmail-perf-pair-100k-20260901","DE4DA2CDCDA01B1BE6D8C9BC98A377167205E940722D2BBCEE98A15A16ACB23A","net10","hmail_perf_pair_net10_20260831_213833","C:\hmail-perf-pair-100k-20260901\net10\Data","EBBF2395E8933C7BACE46AD51D451033745819B4B168934194C43B3B5121FAED","100","15","one TCP client and one sequential IMAP session per sample","0","PASS","E92ED927F40EA825DD551A4BA512B278123451CFAC76F908716AF84199904862","6FDC539CD1D13C7514886E7F7595F7A2A7107313E145AA44C7F0F223DA7B40B8","5","67","True","False","9.894",,"False","0","False","False","0","False"
"ba2af146-0d84-47c8-bc8c-26f21b5c00ab","MANIFEST_BOUND","hmail-perf-pair-100k-20260901","DE4DA2CDCDA01B1BE6D8C9BC98A377167205E940722D2BBCEE98A15A16ACB23A","net10","hmail_perf_pair_net10_20260831_213833","C:\hmail-perf-pair-100k-20260901\net10\Data","EBBF2395E8933C7BACE46AD51D451033745819B4B168934194C43B3B5121FAED","100","15","one TCP client and one sequential IMAP session per sample","0","PASS","E92ED927F40EA825DD551A4BA512B278123451CFAC76F908716AF84199904862","6FDC539CD1D13C7514886E7F7595F7A2A7107313E145AA44C7F0F223DA7B40B8","5","68","True","False","10.277",,"False","0","False","False","0","False"
"ba2af146-0d84-47c8-bc8c-26f21b5c00ab","MANIFEST_BOUND","hmail-perf-pair-100k-20260901","DE4DA2CDCDA01B1BE6D8C9BC98A377167205E940722D2BBCEE98A15A16ACB23A","net10","hmail_perf_pair_net10_20260831_213833","C:\hmail-perf-pair-100k-20260901\net10\Data","EBBF2395E8933C7BACE46AD51D451033745819B4B168934194C43B3B5121FAED","100","15","one TCP client and one sequential IMAP session per sample","0","PASS","E92ED927F40EA825DD551A4BA512B278123451CFAC76F908716AF84199904862","6FDC539CD1D13C7514886E7F7595F7A2A7107313E145AA44C7F0F223DA7B40B8","5","69","True","False","9.576",,"False","0","False","False","0","False"
"ba2af146-0d84-47c8-bc8c-26f21b5c00ab","MANIFEST_BOUND","hmail-perf-pair-100k-20260901","DE4DA2CDCDA01B1BE6D8C9BC98A377167205E940722D2BBCEE98A15A16ACB23A","net10","hmail_perf_pair_net10_20260831_213833","C:\hmail-perf-pair-100k-20260901\net10\Data","EBBF2395E8933C7BACE46AD51D451033745819B4B168934194C43B3B5121FAED","100","15","one TCP client and one sequential IMAP session per sample","0","PASS","E92ED927F40EA825DD551A4BA512B278123451CFAC76F908716AF84199904862","6FDC539CD1D13C7514886E7F7595F7A2A7107313E145AA44C7F0F223DA7B40B8","5","70","True","False","10.413",,"False","0","False","False","0","False"
"ba2af146-0d84-47c8-bc8c-26f21b5c00ab","MANIFEST_BOUND","hmail-perf-pair-100k-20260901","DE4DA2CDCDA01B1BE6D8C9BC98A377167205E940722D2BBCEE98A15A16ACB23A","net10","hmail_perf_pair_net10_20260831_213833","C:\hmail-perf-pair-100k-20260901\net10\Data","EBBF2395E8933C7BACE46AD51D451033745819B4B168934194C43B3B5121FAED","100","15","one TCP client and one sequential IMAP session per sample","0","PASS","E92ED927F40EA825DD551A4BA512B278123451CFAC76F908716AF84199904862","6FDC539CD1D13C7514886E7F7595F7A2A7107313E145AA44C7F0F223DA7B40B8","5","71","True","False","8.521",,"False","0","False","False","0","False"
"ba2af146-0d84-47c8-bc8c-26f21b5c00ab","MANIFEST_BOUND","hmail-perf-pair-100k-20260901","DE4DA2CDCDA01B1BE6D8C9BC98A377167205E940722D2BBCEE98A15A16ACB23A","net10","hmail_perf_pair_net10_20260831_213833","C:\hmail-perf-pair-100k-20260901\net10\Data","EBBF2395E8933C7BACE46AD51D451033745819B4B168934194C43B3B5121FAED","100","15","one TCP client and one sequential IMAP session per sample","0","PASS","E92ED927F40EA825DD551A4BA512B278123451CFAC76F908716AF84199904862","6FDC539CD1D13C7514886E7F7595F7A2A7107313E145AA44C7F0F223DA7B40B8","5","72","True","False","10.026",,"False","0","False","False","0","False"
"ba2af146-0d84-47c8-bc8c-26f21b5c00ab","MANIFEST_BOUND","hmail-perf-pair-100k-20260901","DE4DA2CDCDA01B1BE6D8C9BC98A377167205E940722D2BBCEE98A15A16ACB23A","net10","hmail_perf_pair_net10_20260831_213833","C:\hmail-perf-pair-100k-20260901\net10\Data","EBBF2395E8933C7BACE46AD51D451033745819B4B168934194C43B3B5121FAED","100","15","one TCP client and one sequential IMAP session per sample","0","PASS","E92ED927F40EA825DD551A4BA512B278123451CFAC76F908716AF84199904862","6FDC539CD1D13C7514886E7F7595F7A2A7107313E145AA44C7F0F223DA7B40B8","5","73","True","False","8.991",,"False","0","False","False","0","False"
"ba2af146-0d84-47c8-bc8c-26f21b5c00ab","MANIFEST_BOUND","hmail-perf-pair-100k-20260901","DE4DA2CDCDA01B1BE6D8C9BC98A377167205E940722D2BBCEE98A15A16ACB23A","net10","hmail_perf_pair_net10_20260831_213833","C:\hmail-perf-pair-100k-20260901\net10\Data","EBBF2395E8933C7BACE46AD51D451033745819B4B168934194C43B3B5121FAED","100","15","one TCP client and one sequential IMAP session per sample","0","PASS","E92ED927F40EA825DD551A4BA512B278123451CFAC76F908716AF84199904862","6FDC539CD1D13C7514886E7F7595F7A2A7107313E145AA44C7F0F223DA7B40B8","5","74","True","False","8.164",,"False","0","False","False","0","False"
"ba2af146-0d84-47c8-bc8c-26f21b5c00ab","MANIFEST_BOUND","hmail-perf-pair-100k-20260901","DE4DA2CDCDA01B1BE6D8C9BC98A377167205E940722D2BBCEE98A15A16ACB23A","net10","hmail_perf_pair_net10_20260831_213833","C:\hmail-perf-pair-100k-20260901\net10\Data","EBBF2395E8933C7BACE46AD51D451033745819B4B168934194C43B3B5121FAED","100","15","one TCP client and one sequential IMAP session per sample","0","PASS","E92ED927F40EA825DD551A4BA512B278123451CFAC76F908716AF84199904862","6FDC539CD1D13C7514886E7F7595F7A2A7107313E145AA44C7F0F223DA7B40B8","5","75","True","False","10.499",,"False","0","False","False","0","False"
"ba2af146-0d84-47c8-bc8c-26f21b5c00ab","MANIFEST_BOUND","hmail-perf-pair-100k-20260901","DE4DA2CDCDA01B1BE6D8C9BC98A377167205E940722D2BBCEE98A15A16ACB23A","net10","hmail_perf_pair_net10_20260831_213833","C:\hmail-perf-pair-100k-20260901\net10\Data","EBBF2395E8933C7BACE46AD51D451033745819B4B168934194C43B3B5121FAED","100","15","one TCP client and one sequential IMAP session per sample","0","PASS","E92ED927F40EA825DD551A4BA512B278123451CFAC76F908716AF84199904862","6FDC539CD1D13C7514886E7F7595F7A2A7107313E145AA44C7F0F223DA7B40B8","5","76","True","False","10.593",,"False","0","False","False","0","False"
"ba2af146-0d84-47c8-bc8c-26f21b5c00ab","MANIFEST_BOUND","hmail-perf-pair-100k-20260901","DE4DA2CDCDA01B1BE6D8C9BC98A377167205E940722D2BBCEE98A15A16ACB23A","net10","hmail_perf_pair_net10_20260831_213833","C:\hmail-perf-pair-100k-20260901\net10\Data","EBBF2395E8933C7BACE46AD51D451033745819B4B168934194C43B3B5121FAED","100","15","one TCP client and one sequential IMAP session per sample","0","PASS","E92ED927F40EA825DD551A4BA512B278123451CFAC76F908716AF84199904862","6FDC539CD1D13C7514886E7F7595F7A2A7107313E145AA44C7F0F223DA7B40B8","5","77","True","False","10.861",,"False","0","False","False","0","False"
"ba2af146-0d84-47c8-bc8c-26f21b5c00ab","MANIFEST_BOUND","hmail-perf-pair-100k-20260901","DE4DA2CDCDA01B1BE6D8C9BC98A377167205E940722D2BBCEE98A15A16ACB23A","net10","hmail_perf_pair_net10_20260831_213833","C:\hmail-perf-pair-100k-20260901\net10\Data","EBBF2395E8933C7BACE46AD51D451033745819B4B168934194C43B3B5121FAED","100","15","one TCP client and one sequential IMAP session per sample","0","PASS","E92ED927F40EA825DD551A4BA512B278123451CFAC76F908716AF84199904862","6FDC539CD1D13C7514886E7F7595F7A2A7107313E145AA44C7F0F223DA7B40B8","5","78","True","False","8.285",,"False","0","False","False","0","False"
"ba2af146-0d84-47c8-bc8c-26f21b5c00ab","MANIFEST_BOUND","hmail-perf-pair-100k-20260901","DE4DA2CDCDA01B1BE6D8C9BC98A377167205E940722D2BBCEE98A15A16ACB23A","net10","hmail_perf_pair_net10_20260831_213833","C:\hmail-perf-pair-100k-20260901\net10\Data","EBBF2395E8933C7BACE46AD51D451033745819B4B168934194C43B3B5121FAED","100","15","one TCP client and one sequential IMAP session per sample","0","PASS","E92ED927F40EA825DD551A4BA512B278123451CFAC76F908716AF84199904862","6FDC539CD1D13C7514886E7F7595F7A2A7107313E145AA44C7F0F223DA7B40B8","5","79","True","False","10.142",,"False","0","False","False","0","False"
"ba2af146-0d84-47c8-bc8c-26f21b5c00ab","MANIFEST_BOUND","hmail-perf-pair-100k-20260901","DE4DA2CDCDA01B1BE6D8C9BC98A377167205E940722D2BBCEE98A15A16ACB23A","net10","hmail_perf_pair_net10_20260831_213833","C:\hmail-perf-pair-100k-20260901\net10\Data","EBBF2395E8933C7BACE46AD51D451033745819B4B168934194C43B3B5121FAED","100","15","one TCP client and one sequential IMAP session per sample","0","PASS","E92ED927F40EA825DD551A4BA512B278123451CFAC76F908716AF84199904862","6FDC539CD1D13C7514886E7F7595F7A2A7107313E145AA44C7F0F223DA7B40B8","5","80","True","False","9.118",,"False","0","False","False","0","False"
"ba2af146-0d84-47c8-bc8c-26f21b5c00ab","MANIFEST_BOUND","hmail-perf-pair-100k-20260901","DE4DA2CDCDA01B1BE6D8C9BC98A377167205E940722D2BBCEE98A15A16ACB23A","net10","hmail_perf_pair_net10_20260831_213833","C:\hmail-perf-pair-100k-20260901\net10\Data","EBBF2395E8933C7BACE46AD51D451033745819B4B168934194C43B3B5121FAED","100","15","one TCP client and one sequential IMAP session per sample","0","PASS","E92ED927F40EA825DD551A4BA512B278123451CFAC76F908716AF84199904862","6FDC539CD1D13C7514886E7F7595F7A2A7107313E145AA44C7F0F223DA7B40B8","5","81","True","False","3.184",,"False","0","False","False","0","False"
"ba2af146-0d84-47c8-bc8c-26f21b5c00ab","MANIFEST_BOUND","hmail-perf-pair-100k-20260901","DE4DA2CDCDA01B1BE6D8C9BC98A377167205E940722D2BBCEE98A15A16ACB23A","net10","hmail_perf_pair_net10_20260831_213833","C:\hmail-perf-pair-100k-20260901\net10\Data","EBBF2395E8933C7BACE46AD51D451033745819B4B168934194C43B3B5121FAED","100","15","one TCP client and one sequential IMAP session per sample","0","PASS","E92ED927F40EA825DD551A4BA512B278123451CFAC76F908716AF84199904862","6FDC539CD1D13C7514886E7F7595F7A2A7107313E145AA44C7F0F223DA7B40B8","5","82","True","False","4.265",,"False","0","False","False","0","False"
"ba2af146-0d84-47c8-bc8c-26f21b5c00ab","MANIFEST_BOUND","hmail-perf-pair-100k-20260901","DE4DA2CDCDA01B1BE6D8C9BC98A377167205E940722D2BBCEE98A15A16ACB23A","net10","hmail_perf_pair_net10_20260831_213833","C:\hmail-perf-pair-100k-20260901\net10\Data","EBBF2395E8933C7BACE46AD51D451033745819B4B168934194C43B3B5121FAED","100","15","one TCP client and one sequential IMAP session per sample","0","PASS","E92ED927F40EA825DD551A4BA512B278123451CFAC76F908716AF84199904862","6FDC539CD1D13C7514886E7F7595F7A2A7107313E145AA44C7F0F223DA7B40B8","5","83","True","False","5.659",,"False","0","False","False","0","False"
"ba2af146-0d84-47c8-bc8c-26f21b5c00ab","MANIFEST_BOUND","hmail-perf-pair-100k-20260901","DE4DA2CDCDA01B1BE6D8C9BC98A377167205E940722D2BBCEE98A15A16ACB23A","net10","hmail_perf_pair_net10_20260831_213833","C:\hmail-perf-pair-100k-20260901\net10\Data","EBBF2395E8933C7BACE46AD51D451033745819B4B168934194C43B3B5121FAED","100","15","one TCP client and one sequential IMAP session per sample","0","PASS","E92ED927F40EA825DD551A4BA512B278123451CFAC76F908716AF84199904862","6FDC539CD1D13C7514886E7F7595F7A2A7107313E145AA44C7F0F223DA7B40B8","5","84","True","False","5.473",,"False","0","False","False","0","False"
"ba2af146-0d84-47c8-bc8c-26f21b5c00ab","MANIFEST_BOUND","hmail-perf-pair-100k-20260901","DE4DA2CDCDA01B1BE6D8C9BC98A377167205E940722D2BBCEE98A15A16ACB23A","net10","hmail_perf_pair_net10_20260831_213833","C:\hmail-perf-pair-100k-20260901\net10\Data","EBBF2395E8933C7BACE46AD51D451033745819B4B168934194C43B3B5121FAED","100","15","one TCP client and one sequential IMAP session per sample","0","PASS","E92ED927F40EA825DD551A4BA512B278123451CFAC76F908716AF84199904862","6FDC539CD1D13C7514886E7F7595F7A2A7107313E145AA44C7F0F223DA7B40B8","5","85","True","False","5.029",,"False","0","False","False","0","False"
"ba2af146-0d84-47c8-bc8c-26f21b5c00ab","MANIFEST_BOUND","hmail-perf-pair-100k-20260901","DE4DA2CDCDA01B1BE6D8C9BC98A377167205E940722D2BBCEE98A15A16ACB23A","net10","hmail_perf_pair_net10_20260831_213833","C:\hmail-perf-pair-100k-20260901\net10\Data","EBBF2395E8933C7BACE46AD51D451033745819B4B168934194C43B3B5121FAED","100","15","one TCP client and one sequential IMAP session per sample","0","PASS","E92ED927F40EA825DD551A4BA512B278123451CFAC76F908716AF84199904862","6FDC539CD1D13C7514886E7F7595F7A2A7107313E145AA44C7F0F223DA7B40B8","5","86","True","False","10.497",,"False","0","False","False","0","False"
"ba2af146-0d84-47c8-bc8c-26f21b5c00ab","MANIFEST_BOUND","hmail-perf-pair-100k-20260901","DE4DA2CDCDA01B1BE6D8C9BC98A377167205E940722D2BBCEE98A15A16ACB23A","net10","hmail_perf_pair_net10_20260831_213833","C:\hmail-perf-pair-100k-20260901\net10\Data","EBBF2395E8933C7BACE46AD51D451033745819B4B168934194C43B3B5121FAED","100","15","one TCP client and one sequential IMAP session per sample","0","PASS","E92ED927F40EA825DD551A4BA512B278123451CFAC76F908716AF84199904862","6FDC539CD1D13C7514886E7F7595F7A2A7107313E145AA44C7F0F223DA7B40B8","5","87","True","False","11.281",,"False","0","False","False","0","False"
"ba2af146-0d84-47c8-bc8c-26f21b5c00ab","MANIFEST_BOUND","hmail-perf-pair-100k-20260901","DE4DA2CDCDA01B1BE6D8C9BC98A377167205E940722D2BBCEE98A15A16ACB23A","net10","hmail_perf_pair_net10_20260831_213833","C:\hmail-perf-pair-100k-20260901\net10\Data","EBBF2395E8933C7BACE46AD51D451033745819B4B168934194C43B3B5121FAED","100","15","one TCP client and one sequential IMAP session per sample","0","PASS","E92ED927F40EA825DD551A4BA512B278123451CFAC76F908716AF84199904862","6FDC539CD1D13C7514886E7F7595F7A2A7107313E145AA44C7F0F223DA7B40B8","5","88","True","False","8.934",,"False","0","False","False","0","False"
"ba2af146-0d84-47c8-bc8c-26f21b5c00ab","MANIFEST_BOUND","hmail-perf-pair-100k-20260901","DE4DA2CDCDA01B1BE6D8C9BC98A377167205E940722D2BBCEE98A15A16ACB23A","net10","hmail_perf_pair_net10_20260831_213833","C:\hmail-perf-pair-100k-20260901\net10\Data","EBBF2395E8933C7BACE46AD51D451033745819B4B168934194C43B3B5121FAED","100","15","one TCP client and one sequential IMAP session per sample","0","PASS","E92ED927F40EA825DD551A4BA512B278123451CFAC76F908716AF84199904862","6FDC539CD1D13C7514886E7F7595F7A2A7107313E145AA44C7F0F223DA7B40B8","5","89","True","False","9.187",,"False","0","False","False","0","False"
"ba2af146-0d84-47c8-bc8c-26f21b5c00ab","MANIFEST_BOUND","hmail-perf-pair-100k-20260901","DE4DA2CDCDA01B1BE6D8C9BC98A377167205E940722D2BBCEE98A15A16ACB23A","net10","hmail_perf_pair_net10_20260831_213833","C:\hmail-perf-pair-100k-20260901\net10\Data","EBBF2395E8933C7BACE46AD51D451033745819B4B168934194C43B3B5121FAED","100","15","one TCP client and one sequential IMAP session per sample","0","PASS","E92ED927F40EA825DD551A4BA512B278123451CFAC76F908716AF84199904862","6FDC539CD1D13C7514886E7F7595F7A2A7107313E145AA44C7F0F223DA7B40B8","5","90","True","False","9.596",,"False","0","False","False","0","False"
"ba2af146-0d84-47c8-bc8c-26f21b5c00ab","MANIFEST_BOUND","hmail-perf-pair-100k-20260901","DE4DA2CDCDA01B1BE6D8C9BC98A377167205E940722D2BBCEE98A15A16ACB23A","net10","hmail_perf_pair_net10_20260831_213833","C:\hmail-perf-pair-100k-20260901\net10\Data","EBBF2395E8933C7BACE46AD51D451033745819B4B168934194C43B3B5121FAED","100","15","one TCP client and one sequential IMAP session per sample","0","PASS","E92ED927F40EA825DD551A4BA512B278123451CFAC76F908716AF84199904862","6FDC539CD1D13C7514886E7F7595F7A2A7107313E145AA44C7F0F223DA7B40B8","5","91","True","False","10.241",,"False","0","False","False","0","False"
"ba2af146-0d84-47c8-bc8c-26f21b5c00ab","MANIFEST_BOUND","hmail-perf-pair-100k-20260901","DE4DA2CDCDA01B1BE6D8C9BC98A377167205E940722D2BBCEE98A15A16ACB23A","net10","hmail_perf_pair_net10_20260831_213833","C:\hmail-perf-pair-100k-20260901\net10\Data","EBBF2395E8933C7BACE46AD51D451033745819B4B168934194C43B3B5121FAED","100","15","one TCP client and one sequential IMAP session per sample","0","PASS","E92ED927F40EA825DD551A4BA512B278123451CFAC76F908716AF84199904862","6FDC539CD1D13C7514886E7F7595F7A2A7107313E145AA44C7F0F223DA7B40B8","5","92","True","False","2.276",,"False","0","False","False","0","False"
"ba2af146-0d84-47c8-bc8c-26f21b5c00ab","MANIFEST_BOUND","hmail-perf-pair-100k-20260901","DE4DA2CDCDA01B1BE6D8C9BC98A377167205E940722D2BBCEE98A15A16ACB23A","net10","hmail_perf_pair_net10_20260831_213833","C:\hmail-perf-pair-100k-20260901\net10\Data","EBBF2395E8933C7BACE46AD51D451033745819B4B168934194C43B3B5121FAED","100","15","one TCP client and one sequential IMAP session per sample","0","PASS","E92ED927F40EA825DD551A4BA512B278123451CFAC76F908716AF84199904862","6FDC539CD1D13C7514886E7F7595F7A2A7107313E145AA44C7F0F223DA7B40B8","5","93","True","False","10.376",,"False","0","False","False","0","False"
"ba2af146-0d84-47c8-bc8c-26f21b5c00ab","MANIFEST_BOUND","hmail-perf-pair-100k-20260901","DE4DA2CDCDA01B1BE6D8C9BC98A377167205E940722D2BBCEE98A15A16ACB23A","net10","hmail_perf_pair_net10_20260831_213833","C:\hmail-perf-pair-100k-20260901\net10\Data","EBBF2395E8933C7BACE46AD51D451033745819B4B168934194C43B3B5121FAED","100","15","one TCP client and one sequential IMAP session per sample","0","PASS","E92ED927F40EA825DD551A4BA512B278123451CFAC76F908716AF84199904862","6FDC539CD1D13C7514886E7F7595F7A2A7107313E145AA44C7F0F223DA7B40B8","5","94","True","False","4.997",,"False","0","False","False","0","False"
"ba2af146-0d84-47c8-bc8c-26f21b5c00ab","MANIFEST_BOUND","hmail-perf-pair-100k-20260901","DE4DA2CDCDA01B1BE6D8C9BC98A377167205E940722D2BBCEE98A15A16ACB23A","net10","hmail_perf_pair_net10_20260831_213833","C:\hmail-perf-pair-100k-20260901\net10\Data","EBBF2395E8933C7BACE46AD51D451033745819B4B168934194C43B3B5121FAED","100","15","one TCP client and one sequential IMAP session per sample","0","PASS","E92ED927F40EA825DD551A4BA512B278123451CFAC76F908716AF84199904862","6FDC539CD1D13C7514886E7F7595F7A2A7107313E145AA44C7F0F223DA7B40B8","5","95","True","False","2.079",,"False","0","False","False","0","False"
"ba2af146-0d84-47c8-bc8c-26f21b5c00ab","MANIFEST_BOUND","hmail-perf-pair-100k-20260901","DE4DA2CDCDA01B1BE6D8C9BC98A377167205E940722D2BBCEE98A15A16ACB23A","net10","hmail_perf_pair_net10_20260831_213833","C:\hmail-perf-pair-100k-20260901\net10\Data","EBBF2395E8933C7BACE46AD51D451033745819B4B168934194C43B3B5121FAED","100","15","one TCP client and one sequential IMAP session per sample","0","PASS","E92ED927F40EA825DD551A4BA512B278123451CFAC76F908716AF84199904862","6FDC539CD1D13C7514886E7F7595F7A2A7107313E145AA44C7F0F223DA7B40B8","5","96","True","False","5.09",,"False","0","False","False","0","False"
"ba2af146-0d84-47c8-bc8c-26f21b5c00ab","MANIFEST_BOUND","hmail-perf-pair-100k-20260901","DE4DA2CDCDA01B1BE6D8C9BC98A377167205E940722D2BBCEE98A15A16ACB23A","net10","hmail_perf_pair_net10_20260831_213833","C:\hmail-perf-pair-100k-20260901\net10\Data","EBBF2395E8933C7BACE46AD51D451033745819B4B168934194C43B3B5121FAED","100","15","one TCP client and one sequential IMAP session per sample","0","PASS","E92ED927F40EA825DD551A4BA512B278123451CFAC76F908716AF84199904862","6FDC539CD1D13C7514886E7F7595F7A2A7107313E145AA44C7F0F223DA7B40B8","5","97","True","False","4.614",,"False","0","False","False","0","False"
"ba2af146-0d84-47c8-bc8c-26f21b5c00ab","MANIFEST_BOUND","hmail-perf-pair-100k-20260901","DE4DA2CDCDA01B1BE6D8C9BC98A377167205E940722D2BBCEE98A15A16ACB23A","net10","hmail_perf_pair_net10_20260831_213833","C:\hmail-perf-pair-100k-20260901\net10\Data","EBBF2395E8933C7BACE46AD51D451033745819B4B168934194C43B3B5121FAED","100","15","one TCP client and one sequential IMAP session per sample","0","PASS","E92ED927F40EA825DD551A4BA512B278123451CFAC76F908716AF84199904862","6FDC539CD1D13C7514886E7F7595F7A2A7107313E145AA44C7F0F223DA7B40B8","5","98","True","False","6.22",,"False","0","False","False","0","False"
"ba2af146-0d84-47c8-bc8c-26f21b5c00ab","MANIFEST_BOUND","hmail-perf-pair-100k-20260901","DE4DA2CDCDA01B1BE6D8C9BC98A377167205E940722D2BBCEE98A15A16ACB23A","net10","hmail_perf_pair_net10_20260831_213833","C:\hmail-perf-pair-100k-20260901\net10\Data","EBBF2395E8933C7BACE46AD51D451033745819B4B168934194C43B3B5121FAED","100","15","one TCP client and one sequential IMAP session per sample","0","PASS","E92ED927F40EA825DD551A4BA512B278123451CFAC76F908716AF84199904862","6FDC539CD1D13C7514886E7F7595F7A2A7107313E145AA44C7F0F223DA7B40B8","5","99","True","False","9.285",,"False","0","False","False","0","False"
"ba2af146-0d84-47c8-bc8c-26f21b5c00ab","MANIFEST_BOUND","hmail-perf-pair-100k-20260901","DE4DA2CDCDA01B1BE6D8C9BC98A377167205E940722D2BBCEE98A15A16ACB23A","net10","hmail_perf_pair_net10_20260831_213833","C:\hmail-perf-pair-100k-20260901\net10\Data","EBBF2395E8933C7BACE46AD51D451033745819B4B168934194C43B3B5121FAED","100","15","one TCP client and one sequential IMAP session per sample","0","PASS","E92ED927F40EA825DD551A4BA512B278123451CFAC76F908716AF84199904862","6FDC539CD1D13C7514886E7F7595F7A2A7107313E145AA44C7F0F223DA7B40B8","5","100","True","False","6.621",,"False","0","False","False","0","False"
