"runId","provenanceStatus","fixtureId","manifestSha256","implementation","database","dataRoot","executableSha256","sqlMaxPoolSize","sqlConnectionTimeoutSeconds","probeFanOut","launchStaggerMilliseconds","runStartAttestationStatus","runStartDataSha256","runStartMessageSha256","wave","session","ok","timedOut","ms","error","searchResultValid","searchResultCount","searchExactSequence","sortResultValid","sortResultCount","sortExactSequence"
"5bd22377-9d1c-498f-825a-9cf230340a9e","MANIFEST_BOUND","hmail-perf-pair-100k-20260901","DE4DA2CDCDA01B1BE6D8C9BC98A377167205E940722D2BBCEE98A15A16ACB23A","net10","hmail_perf_pair_net10_20260831_213833","C:\hmail-perf-pair-100k-20260901\net10\Data","EBBF2395E8933C7BACE46AD51D451033745819B4B168934194C43B3B5121FAED","100","15","one TCP client and one sequential IMAP session per sample","0","PASS","E92ED927F40EA825DD551A4BA512B278123451CFAC76F908716AF84199904862","6FDC539CD1D13C7514886E7F7595F7A2A7107313E145AA44C7F0F223DA7B40B8","1","1","False","False","11191.492","Aktarma ba?lant?s?ndan veriler okunamad?: Ba?lan?lan uygun olarak belli bir s?re i?inde yan?t vermedi?inden veya kurulan
ba?lant? ba?lan?lan ana bilgisayar yan?t vermedi?inden bir ba?lant? kurulamad?.","False","0","False","False","0","False"
"5bd22377-9d1c-498f-825a-9cf230340a9e","MANIFEST_BOUND","hmail-perf-pair-100k-20260901","DE4DA2CDCDA01B1BE6D8C9BC98A377167205E940722D2BBCEE98A15A16ACB23A","net10","hmail_perf_pair_net10_20260831_213833","C:\hmail-perf-pair-100k-20260901\net10\Data","EBBF2395E8933C7BACE46AD51D451033745819B4B168934194C43B3B5121FAED","100","15","one TCP client and one sequential IMAP session per sample","0","PASS","E92ED927F40EA825DD551A4BA512B278123451CFAC76F908716AF84199904862","6FDC539CD1D13C7514886E7F7595F7A2A7107313E145AA44C7F0F223DA7B40B8","1","2","False","False","11235.623","Aktarma ba?lant?s?ndan veriler okunamad?: Ba?lan?lan uygun olarak belli bir s?re i?inde yan?t vermedi?inden veya kurulan
ba?lant? ba?lan?lan ana bilgisayar yan?t vermedi?inden bir ba?lant? kurulamad?.","False","0","False","False","0","False"
"5bd22377-9d1c-498f-825a-9cf230340a9e","MANIFEST_BOUND","hmail-perf-pair-100k-20260901","DE4DA2CDCDA01B1BE6D8C9BC98A377167205E940722D2BBCEE98A15A16ACB23A","net10","hmail_perf_pair_net10_20260831_213833","C:\hmail-perf-pair-100k-20260901\net10\Data","EBBF2395E8933C7BACE46AD51D451033745819B4B168934194C43B3B5121FAED","100","15","one TCP client and one sequential IMAP session per sample","0","PASS","E92ED927F40EA825DD551A4BA512B278123451CFAC76F908716AF84199904862","6FDC539CD1D13C7514886E7F7595F7A2A7107313E145AA44C7F0F223DA7B40B8","1","3","True","False","16900.727",,"True","100000","True","True","100000","True"
"5bd22377-9d1c-498f-825a-9cf230340a9e","MANIFEST_BOUND","hmail-perf-pair-100k-20260901","DE4DA2CDCDA01B1BE6D8C9BC98A377167205E940722D2BBCEE98A15A16ACB23A","net10","hmail_perf_pair_net10_20260831_213833","C:\hmail-perf-pair-100k-20260901\net10\Data","EBBF2395E8933C7BACE46AD51D451033745819B4B168934194C43B3B5121FAED","100","15","one TCP client and one sequential IMAP session per sample","0","PASS","E92ED927F40EA825DD551A4BA512B278123451CFAC76F908716AF84199904862","6FDC539CD1D13C7514886E7F7595F7A2A7107313E145AA44C7F0F223DA7B40B8","1","4","True","False","17624.716",,"True","100000","True","True","100000","True"
"5bd22377-9d1c-498f-825a-9cf230340a9e","MANIFEST_BOUND","hmail-perf-pair-100k-20260901","DE4DA2CDCDA01B1BE6D8C9BC98A377167205E940722D2BBCEE98A15A16ACB23A","net10","hmail_perf_pair_net10_20260831_213833","C:\hmail-perf-pair-100k-20260901\net10\Data","EBBF2395E8933C7BACE46AD51D451033745819B4B168934194C43B3B5121FAED","100","15","one TCP client and one sequential IMAP session per sample","0","PASS","E92ED927F40EA825DD551A4BA512B278123451CFAC76F908716AF84199904862","6FDC539CD1D13C7514886E7F7595F7A2A7107313E145AA44C7F0F223DA7B40B8","1","5","False","False","18037.882","Aktarma ba?lant?s?ndan veriler okunamad?: Ba?lan?lan uygun olarak belli bir s?re i?inde yan?t vermedi?inden veya kurulan
ba?lant? ba?lan?lan ana bilgisayar yan?t vermedi?inden bir ba?lant? kurulamad?.","False","0","False","False","0","False"
"5bd22377-9d1c-498f-825a-9cf230340a9e","MANIFEST_BOUND","hmail-perf-pair-100k-20260901","DE4DA2CDCDA01B1BE6D8C9BC98A377167205E940722D2BBCEE98A15A16ACB23A","net10","hmail_perf_pair_net10_20260831_213833","C:\hmail-perf-pair-100k-20260901\net10\Data","EBBF2395E8933C7BACE46AD51D451033745819B4B168934194C43B3B5121FAED","100","15","one TCP client and one sequential IMAP session per sample","0","PASS","E92ED927F40EA825DD551A4BA512B278123451CFAC76F908716AF84199904862","6FDC539CD1D13C7514886E7F7595F7A2A7107313E145AA44C7F0F223DA7B40B8","1","6","True","False","15117.27",,"True","100000","True","True","100000","True"
"5bd22377-9d1c-498f-825a-9cf230340a9e","MANIFEST_BOUND","hmail-perf-pair-100k-20260901","DE4DA2CDCDA01B1BE6D8C9BC98A377167205E940722D2BBCEE98A15A16ACB23A","net10","hmail_perf_pair_net10_20260831_213833","C:\hmail-perf-pair-100k-20260901\net10\Data","EBBF2395E8933C7BACE46AD51D451033745819B4B168934194C43B3B5121FAED","100","15","one TCP client and one sequential IMAP session per sample","0","PASS","E92ED927F40EA825DD551A4BA512B278123451CFAC76F908716AF84199904862","6FDC539CD1D13C7514886E7F7595F7A2A7107313E145AA44C7F0F223DA7B40B8","1","7","True","False","18638.125",,"True","100000","True","True","100000","True"
"5bd22377-9d1c-498f-825a-9cf230340a9e","MANIFEST_BOUND","hmail-perf-pair-100k-20260901","DE4DA2CDCDA01B1BE6D8C9BC98A377167205E940722D2BBCEE98A15A16ACB23A","net10","hmail_perf_pair_net10_20260831_213833","C:\hmail-perf-pair-100k-20260901\net10\Data","EBBF2395E8933C7BACE46AD51D451033745819B4B168934194C43B3B5121FAED","100","15","one TCP client and one sequential IMAP session per sample","0","PASS","E92ED927F40EA825DD551A4BA512B278123451CFAC76F908716AF84199904862","6FDC539CD1D13C7514886E7F7595F7A2A7107313E145AA44C7F0F223DA7B40B8","1","8","True","False","18747.033",,"True","100000","True","True","100000","True"
"5bd22377-9d1c-498f-825a-9cf230340a9e","MANIFEST_BOUND","hmail-perf-pair-100k-20260901","DE4DA2CDCDA01B1BE6D8C9BC98A377167205E940722D2BBCEE98A15A16ACB23A","net10","hmail_perf_pair_net10_20260831_213833","C:\hmail-perf-pair-100k-20260901\net10\Data","EBBF2395E8933C7BACE46AD51D451033745819B4B168934194C43B3B5121FAED","100","15","one TCP client and one sequential IMAP session per sample","0","PASS","E92ED927F40EA825DD551A4BA512B278123451CFAC76F908716AF84199904862","6FDC539CD1D13C7514886E7F7595F7A2A7107313E145AA44C7F0F223DA7B40B8","1","9","True","False","18034.42",,"True","100000","True","True","100000","True"
"5bd22377-9d1c-498f-825a-9cf230340a9e","MANIFEST_BOUND","hmail-perf-pair-100k-20260901","DE4DA2CDCDA01B1BE6D8C9BC98A377167205E940722D2BBCEE98A15A16ACB23A","net10","hmail_perf_pair_net10_20260831_213833","C:\hmail-perf-pair-100k-20260901\net10\Data","EBBF2395E8933C7BACE46AD51D451033745819B4B168934194C43B3B5121FAED","100","15","one TCP client and one sequential IMAP session per sample","0","PASS","E92ED927F40EA825DD551A4BA512B278123451CFAC76F908716AF84199904862","6FDC539CD1D13C7514886E7F7595F7A2A7107313E145AA44C7F0F223DA7B40B8","1","10","False","False","10882.271","Aktarma ba?lant?s?ndan veriler okunamad?: Ba?lan?lan uygun olarak belli bir s?re i?inde yan?t vermedi?inden veya kurulan
ba?lant? ba?lan?lan ana bilgisayar yan?t vermedi?inden bir ba?lant? kurulamad?.","False","0","False","False","0","False"
"5bd22377-9d1c-498f-825a-9cf230340a9e","MANIFEST_BOUND","hmail-perf-pair-100k-20260901","DE4DA2CDCDA01B1BE6D8C9BC98A377167205E940722D2BBCEE98A15A16ACB23A","net10","hmail_perf_pair_net10_20260831_213833","C:\hmail-perf-pair-100k-20260901\net10\Data","EBBF2395E8933C7BACE46AD51D451033745819B4B168934194C43B3B5121FAED","100","15","one TCP client and one sequential IMAP session per sample","0","PASS","E92ED927F40EA825DD551A4BA512B278123451CFAC76F908716AF84199904862","6FDC539CD1D13C7514886E7F7595F7A2A7107313E145AA44C7F0F223DA7B40B8","1","11","True","False","17504.47",,"True","100000","True","True","100000","True"
"5bd22377-9d1c-498f-825a-9cf230340a9e","MANIFEST_BOUND","hmail-perf-pair-100k-20260901","DE4DA2CDCDA01B1BE6D8C9BC98A377167205E940722D2BBCEE98A15A16ACB23A","net10","hmail_perf_pair_net10_20260831_213833","C:\hmail-perf-pair-100k-20260901\net10\Data","EBBF2395E8933C7BACE46AD51D451033745819B4B168934194C43B3B5121FAED","100","15","one TCP client and one sequential IMAP session per sample","0","PASS","E92ED927F40EA825DD551A4BA512B278123451CFAC76F908716AF84199904862","6FDC539CD1D13C7514886E7F7595F7A2A7107313E145AA44C7F0F223DA7B40B8","1","12","True","False","14788.462",,"True","100000","True","True","100000","True"
"5bd22377-9d1c-498f-825a-9cf230340a9e","MANIFEST_BOUND","hmail-perf-pair-100k-20260901","DE4DA2CDCDA01B1BE6D8C9BC98A377167205E940722D2BBCEE98A15A16ACB23A","net10","hmail_perf_pair_net10_20260831_213833","C:\hmail-perf-pair-100k-20260901\net10\Data","EBBF2395E8933C7BACE46AD51D451033745819B4B168934194C43B3B5121FAED","100","15","one TCP client and one sequential IMAP session per sample","0","PASS","E92ED927F40EA825DD551A4BA512B278123451CFAC76F908716AF84199904862","6FDC539CD1D13C7514886E7F7595F7A2A7107313E145AA44C7F0F223DA7B40B8","1","13","True","False","18605.057",,"True","100000","True","True","100000","True"
"5bd22377-9d1c-498f-825a-9cf230340a9e","MANIFEST_BOUND","hmail-perf-pair-100k-20260901","DE4DA2CDCDA01B1BE6D8C9BC98A377167205E940722D2BBCEE98A15A16ACB23A","net10","hmail_perf_pair_net10_20260831_213833","C:\hmail-perf-pair-100k-20260901\net10\Data","EBBF2395E8933C7BACE46AD51D451033745819B4B168934194C43B3B5121FAED","100","15","one TCP client and one sequential IMAP session per sample","0","PASS","E92ED927F40EA825DD551A4BA512B278123451CFAC76F908716AF84199904862","6FDC539CD1D13C7514886E7F7595F7A2A7107313E145AA44C7F0F223DA7B40B8","1","14","True","False","16763.278",,"True","100000","True","True","100000","True"
"5bd22377-9d1c-498f-825a-9cf230340a9e","MANIFEST_BOUND","hmail-perf-pair-100k-20260901","DE4DA2CDCDA01B1BE6D8C9BC98A377167205E940722D2BBCEE98A15A16ACB23A","net10","hmail_perf_pair_net10_20260831_213833","C:\hmail-perf-pair-100k-20260901\net10\Data","EBBF2395E8933C7BACE46AD51D451033745819B4B168934194C43B3B5121FAED","100","15","one TCP client and one sequential IMAP session per sample","0","PASS","E92ED927F40EA825DD551A4BA512B278123451CFAC76F908716AF84199904862","6FDC539CD1D13C7514886E7F7595F7A2A7107313E145AA44C7F0F223DA7B40B8","1","15","True","False","18030.785",,"True","100000","True","True","100000","True"
"5bd22377-9d1c-498f-825a-9cf230340a9e","MANIFEST_BOUND","hmail-perf-pair-100k-20260901","DE4DA2CDCDA01B1BE6D8C9BC98A377167205E940722D2BBCEE98A15A16ACB23A","net10","hmail_perf_pair_net10_20260831_213833","C:\hmail-perf-pair-100k-20260901\net10\Data","EBBF2395E8933C7BACE46AD51D451033745819B4B168934194C43B3B5121FAED","100","15","one TCP client and one sequential IMAP session per sample","0","PASS","E92ED927F40EA825DD551A4BA512B278123451CFAC76F908716AF84199904862","6FDC539CD1D13C7514886E7F7595F7A2A7107313E145AA44C7F0F223DA7B40B8","1","16","False","False","11068.69","Aktarma ba?lant?s?ndan veriler okunamad?: Ba?lan?lan uygun olarak belli bir s?re i?inde yan?t vermedi?inden veya kurulan
ba?lant? ba?lan?lan ana bilgisayar yan?t vermedi?inden bir ba?lant? kurulamad?.","False","0","False","False","0","False"
"5bd22377-9d1c-498f-825a-9cf230340a9e","MANIFEST_BOUND","hmail-perf-pair-100k-20260901","DE4DA2CDCDA01B1BE6D8C9BC98A377167205E940722D2BBCEE98A15A16ACB23A","net10","hmail_perf_pair_net10_20260831_213833","C:\hmail-perf-pair-100k-20260901\net10\Data","EBBF2395E8933C7BACE46AD51D451033745819B4B168934194C43B3B5121FAED","100","15","one TCP client and one sequential IMAP session per sample","0","PASS","E92ED927F40EA825DD551A4BA512B278123451CFAC76F908716AF84199904862","6FDC539CD1D13C7514886E7F7595F7A2A7107313E145AA44C7F0F223DA7B40B8","1","17","False","False","10439.007","Aktarma ba?lant?s?ndan veriler okunamad?: Ba?lan?lan uygun olarak belli bir s?re i?inde yan?t vermedi?inden veya kurulan
ba?lant? ba?lan?lan ana bilgisayar yan?t vermedi?inden bir ba?lant? kurulamad?.","False","0","False","False","0","False"
"5bd22377-9d1c-498f-825a-9cf230340a9e","MANIFEST_BOUND","hmail-perf-pair-100k-20260901","DE4DA2CDCDA01B1BE6D8C9BC98A377167205E940722D2BBCEE98A15A16ACB23A","net10","hmail_perf_pair_net10_20260831_213833","C:\hmail-perf-pair-100k-20260901\net10\Data","EBBF2395E8933C7BACE46AD51D451033745819B4B168934194C43B3B5121FAED","100","15","one TCP client and one sequential IMAP session per sample","0","PASS","E92ED927F40EA825DD551A4BA512B278123451CFAC76F908716AF84199904862","6FDC539CD1D13C7514886E7F7595F7A2A7107313E145AA44C7F0F223DA7B40B8","1","18","True","False","17162.412",,"True","100000","True","True","100000","True"
"5bd22377-9d1c-498f-825a-9cf230340a9e","MANIFEST_BOUND","hmail-perf-pair-100k-20260901","DE4DA2CDCDA01B1BE6D8C9BC98A377167205E940722D2BBCEE98A15A16ACB23A","net10","hmail_perf_pair_net10_20260831_213833","C:\hmail-perf-pair-100k-20260901\net10\Data","EBBF2395E8933C7BACE46AD51D451033745819B4B168934194C43B3B5121FAED","100","15","one TCP client and one sequential IMAP session per sample","0","PASS","E92ED927F40EA825DD551A4BA512B278123451CFAC76F908716AF84199904862","6FDC539CD1D13C7514886E7F7595F7A2A7107313E145AA44C7F0F223DA7B40B8","1","19","False","False","10268.951","Aktarma ba?lant?s?ndan veriler okunamad?: Ba?lan?lan uygun olarak belli bir s?re i?inde yan?t vermedi?inden veya kurulan
ba?lant? ba?lan?lan ana bilgisayar yan?t vermedi?inden bir ba?lant? kurulamad?.","False","0","False","False","0","False"
"5bd22377-9d1c-498f-825a-9cf230340a9e","MANIFEST_BOUND","hmail-perf-pair-100k-20260901","DE4DA2CDCDA01B1BE6D8C9BC98A377167205E940722D2BBCEE98A15A16ACB23A","net10","hmail_perf_pair_net10_20260831_213833","C:\hmail-perf-pair-100k-20260901\net10\Data","EBBF2395E8933C7BACE46AD51D451033745819B4B168934194C43B3B5121FAED","100","15","one TCP client and one sequential IMAP session per sample","0","PASS","E92ED927F40EA825DD551A4BA512B278123451CFAC76F908716AF84199904862","6FDC539CD1D13C7514886E7F7595F7A2A7107313E145AA44C7F0F223DA7B40B8","1","20","False","False","16898.843","Aktarma ba?lant?s?ndan veriler okunamad?: Ba?lan?lan uygun olarak belli bir s?re i?inde yan?t vermedi?inden veya kurulan
ba?lant? ba?lan?lan ana bilgisayar yan?t vermedi?inden bir ba?lant? kurulamad?.","False","0","False","False","0","False"
"5bd22377-9d1c-498f-825a-9cf230340a9e","MANIFEST_BOUND","hmail-perf-pair-100k-20260901","DE4DA2CDCDA01B1BE6D8C9BC98A377167205E940722D2BBCEE98A15A16ACB23A","net10","hmail_perf_pair_net10_20260831_213833","C:\hmail-perf-pair-100k-20260901\net10\Data","EBBF2395E8933C7BACE46AD51D451033745819B4B168934194C43B3B5121FAED","100","15","one TCP client and one sequential IMAP session per sample","0","PASS","E92ED927F40EA825DD551A4BA512B278123451CFAC76F908716AF84199904862","6FDC539CD1D13C7514886E7F7595F7A2A7107313E145AA44C7F0F223DA7B40B8","1","21","False","False","11391.092","Aktarma ba?lant?s?ndan veriler okunamad?: Ba?lan?lan uygun olarak belli bir s?re i?inde yan?t vermedi?inden veya kurulan
ba?lant? ba?lan?lan ana bilgisayar yan?t vermedi?inden bir ba?lant? kurulamad?.","False","0","False","False","0","False"
"5bd22377-9d1c-498f-825a-9cf230340a9e","MANIFEST_BOUND","hmail-perf-pair-100k-20260901","DE4DA2CDCDA01B1BE6D8C9BC98A377167205E940722D2BBCEE98A15A16ACB23A","net10","hmail_perf_pair_net10_20260831_213833","C:\hmail-perf-pair-100k-20260901\net10\Data","EBBF2395E8933C7BACE46AD51D451033745819B4B168934194C43B3B5121FAED","100","15","one TCP client and one sequential IMAP session per sample","0","PASS","E92ED927F40EA825DD551A4BA512B278123451CFAC76F908716AF84199904862","6FDC539CD1D13C7514886E7F7595F7A2A7107313E145AA44C7F0F223DA7B40B8","1","22","False","False","15282.834","Aktarma ba?lant?s?ndan veriler okunamad?: Ba?lan?lan uygun olarak belli bir s?re i?inde yan?t vermedi?inden veya kurulan
ba?lant? ba?lan?lan ana bilgisayar yan?t vermedi?inden bir ba?lant? kurulamad?.","False","0","False","False","0","False"
"5bd22377-9d1c-498f-825a-9cf230340a9e","MANIFEST_BOUND","hmail-perf-pair-100k-20260901","DE4DA2CDCDA01B1BE6D8C9BC98A377167205E940722D2BBCEE98A15A16ACB23A","net10","hmail_perf_pair_net10_20260831_213833","C:\hmail-perf-pair-100k-20260901\net10\Data","EBBF2395E8933C7BACE46AD51D451033745819B4B168934194C43B3B5121FAED","100","15","one TCP client and one sequential IMAP session per sample","0","PASS","E92ED927F40EA825DD551A4BA512B278123451CFAC76F908716AF84199904862","6FDC539CD1D13C7514886E7F7595F7A2A7107313E145AA44C7F0F223DA7B40B8","1","23","True","False","17313.982",,"True","100000","True","True","100000","True"
"5bd22377-9d1c-498f-825a-9cf230340a9e","MANIFEST_BOUND","hmail-perf-pair-100k-20260901","DE4DA2CDCDA01B1BE6D8C9BC98A377167205E940722D2BBCEE98A15A16ACB23A","net10","hmail_perf_pair_net10_20260831_213833","C:\hmail-perf-pair-100k-20260901\net10\Data","EBBF2395E8933C7BACE46AD51D451033745819B4B168934194C43B3B5121FAED","100","15","one TCP client and one sequential IMAP session per sample","0","PASS","E92ED927F40EA825DD551A4BA512B278123451CFAC76F908716AF84199904862","6FDC539CD1D13C7514886E7F7595F7A2A7107313E145AA44C7F0F223DA7B40B8","1","24","False","False","11875.937","Aktarma ba?lant?s?ndan veriler okunamad?: Ba?lan?lan uygun olarak belli bir s?re i?inde yan?t vermedi?inden veya kurulan
ba?lant? ba?lan?lan ana bilgisayar yan?t vermedi?inden bir ba?lant? kurulamad?.","False","0","False","False","0","False"
"5bd22377-9d1c-498f-825a-9cf230340a9e","MANIFEST_BOUND","hmail-perf-pair-100k-20260901","DE4DA2CDCDA01B1BE6D8C9BC98A377167205E940722D2BBCEE98A15A16ACB23A","net10","hmail_perf_pair_net10_20260831_213833","C:\hmail-perf-pair-100k-20260901\net10\Data","EBBF2395E8933C7BACE46AD51D451033745819B4B168934194C43B3B5121FAED","100","15","one TCP client and one sequential IMAP session per sample","0","PASS","E92ED927F40EA825DD551A4BA512B278123451CFAC76F908716AF84199904862","6FDC539CD1D13C7514886E7F7595F7A2A7107313E145AA44C7F0F223DA7B40B8","1","25","True","False","13483.689",,"True","100000","True","True","100000","True"
"5bd22377-9d1c-498f-825a-9cf230340a9e","MANIFEST_BOUND","hmail-perf-pair-100k-20260901","DE4DA2CDCDA01B1BE6D8C9BC98A377167205E940722D2BBCEE98A15A16ACB23A","net10","hmail_perf_pair_net10_20260831_213833","C:\hmail-perf-pair-100k-20260901\net10\Data","EBBF2395E8933C7BACE46AD51D451033745819B4B168934194C43B3B5121FAED","100","15","one TCP client and one sequential IMAP session per sample","0","PASS","E92ED927F40EA825DD551A4BA512B278123451CFAC76F908716AF84199904862","6FDC539CD1D13C7514886E7F7595F7A2A7107313E145AA44C7F0F223DA7B40B8","1","26","True","False","16406.25",,"True","100000","True","True","100000","True"
"5bd22377-9d1c-498f-825a-9cf230340a9e","MANIFEST_BOUND","hmail-perf-pair-100k-20260901","DE4DA2CDCDA01B1BE6D8C9BC98A377167205E940722D2BBCEE98A15A16ACB23A","net10","hmail_perf_pair_net10_20260831_213833","C:\hmail-perf-pair-100k-20260901\net10\Data","EBBF2395E8933C7BACE46AD51D451033745819B4B168934194C43B3B5121FAED","100","15","one TCP client and one sequential IMAP session per sample","0","PASS","E92ED927F40EA825DD551A4BA512B278123451CFAC76F908716AF84199904862","6FDC539CD1D13C7514886E7F7595F7A2A7107313E145AA44C7F0F223DA7B40B8","1","27","False","False","10987.041","Aktarma ba?lant?s?ndan veriler okunamad?: Ba?lan?lan uygun olarak belli bir s?re i?inde yan?t vermedi?inden veya kurulan
ba?lant? ba?lan?lan ana bilgisayar yan?t vermedi?inden bir ba?lant? kurulamad?.","False","0","False","False","0","False"
"5bd22377-9d1c-498f-825a-9cf230340a9e","MANIFEST_BOUND","hmail-perf-pair-100k-20260901","DE4DA2CDCDA01B1BE6D8C9BC98A377167205E940722D2BBCEE98A15A16ACB23A","net10","hmail_perf_pair_net10_20260831_213833","C:\hmail-perf-pair-100k-20260901\net10\Data","EBBF2395E8933C7BACE46AD51D451033745819B4B168934194C43B3B5121FAED","100","15","one TCP client and one sequential IMAP session per sample","0","PASS","E92ED927F40EA825DD551A4BA512B278123451CFAC76F908716AF84199904862","6FDC539CD1D13C7514886E7F7595F7A2A7107313E145AA44C7F0F223DA7B40B8","1","28","False","False","10347.096","Aktarma ba?lant?s?ndan veriler okunamad?: Ba?lan?lan uygun olarak belli bir s?re i?inde yan?t vermedi?inden veya kurulan
ba?lant? ba?lan?lan ana bilgisayar yan?t vermedi?inden bir ba?lant? kurulamad?.","False","0","False","False","0","False"
"5bd22377-9d1c-498f-825a-9cf230340a9e","MANIFEST_BOUND","hmail-perf-pair-100k-20260901","DE4DA2CDCDA01B1BE6D8C9BC98A377167205E940722D2BBCEE98A15A16ACB23A","net10","hmail_perf_pair_net10_20260831_213833","C:\hmail-perf-pair-100k-20260901\net10\Data","EBBF2395E8933C7BACE46AD51D451033745819B4B168934194C43B3B5121FAED","100","15","one TCP client and one sequential IMAP session per sample","0","PASS","E92ED927F40EA825DD551A4BA512B278123451CFAC76F908716AF84199904862","6FDC539CD1D13C7514886E7F7595F7A2A7107313E145AA44C7F0F223DA7B40B8","1","29","False","False","17742.07","Aktarma ba?lant?s?ndan veriler okunamad?: Ba?lan?lan uygun olarak belli bir s?re i?inde yan?t vermedi?inden veya kurulan
ba?lant? ba?lan?lan ana bilgisayar yan?t vermedi?inden bir ba?lant? kurulamad?.","False","0","False","False","0","False"
"5bd22377-9d1c-498f-825a-9cf230340a9e","MANIFEST_BOUND","hmail-perf-pair-100k-20260901","DE4DA2CDCDA01B1BE6D8C9BC98A377167205E940722D2BBCEE98A15A16ACB23A","net10","hmail_perf_pair_net10_20260831_213833","C:\hmail-perf-pair-100k-20260901\net10\Data","EBBF2395E8933C7BACE46AD51D451033745819B4B168934194C43B3B5121FAED","100","15","one TCP client and one sequential IMAP session per sample","0","PASS","E92ED927F40EA825DD551A4BA512B278123451CFAC76F908716AF84199904862","6FDC539CD1D13C7514886E7F7595F7A2A7107313E145AA44C7F0F223DA7B40B8","1","30","False","False","11344.852","Aktarma ba?lant?s?ndan veriler okunamad?: Ba?lan?lan uygun olarak belli bir s?re i?inde yan?t vermedi?inden veya kurulan
ba?lant? ba?lan?lan ana bilgisayar yan?t vermedi?inden bir ba?lant? kurulamad?.","False","0","False","False","0","False"
"5bd22377-9d1c-498f-825a-9cf230340a9e","MANIFEST_BOUND","hmail-perf-pair-100k-20260901","DE4DA2CDCDA01B1BE6D8C9BC98A377167205E940722D2BBCEE98A15A16ACB23A","net10","hmail_perf_pair_net10_20260831_213833","C:\hmail-perf-pair-100k-20260901\net10\Data","EBBF2395E8933C7BACE46AD51D451033745819B4B168934194C43B3B5121FAED","100","15","one TCP client and one sequential IMAP session per sample","0","PASS","E92ED927F40EA825DD551A4BA512B278123451CFAC76F908716AF84199904862","6FDC539CD1D13C7514886E7F7595F7A2A7107313E145AA44C7F0F223DA7B40B8","1","31","True","False","18373.836",,"True","100000","True","True","100000","True"
"5bd22377-9d1c-498f-825a-9cf230340a9e","MANIFEST_BOUND","hmail-perf-pair-100k-20260901","DE4DA2CDCDA01B1BE6D8C9BC98A377167205E940722D2BBCEE98A15A16ACB23A","net10","hmail_perf_pair_net10_20260831_213833","C:\hmail-perf-pair-100k-20260901\net10\Data","EBBF2395E8933C7BACE46AD51D451033745819B4B168934194C43B3B5121FAED","100","15","one TCP client and one sequential IMAP session per sample","0","PASS","E92ED927F40EA825DD551A4BA512B278123451CFAC76F908716AF84199904862","6FDC539CD1D13C7514886E7F7595F7A2A7107313E145AA44C7F0F223DA7B40B8","1","32","True","False","17434.094",,"True","100000","True","True","100000","True"
"5bd22377-9d1c-498f-825a-9cf230340a9e","MANIFEST_BOUND","hmail-perf-pair-100k-20260901","DE4DA2CDCDA01B1BE6D8C9BC98A377167205E940722D2BBCEE98A15A16ACB23A","net10","hmail_perf_pair_net10_20260831_213833","C:\hmail-perf-pair-100k-20260901\net10\Data","EBBF2395E8933C7BACE46AD51D451033745819B4B168934194C43B3B5121FAED","100","15","one TCP client and one sequential IMAP session per sample","0","PASS","E92ED927F40EA825DD551A4BA512B278123451CFAC76F908716AF84199904862","6FDC539CD1D13C7514886E7F7595F7A2A7107313E145AA44C7F0F223DA7B40B8","1","33","False","False","11564.069","Aktarma ba?lant?s?ndan veriler okunamad?: Ba?lan?lan uygun olarak belli bir s?re i?inde yan?t vermedi?inden veya kurulan
ba?lant? ba?lan?lan ana bilgisayar yan?t vermedi?inden bir ba?lant? kurulamad?.","False","0","False","False","0","False"
"5bd22377-9d1c-498f-825a-9cf230340a9e","MANIFEST_BOUND","hmail-perf-pair-100k-20260901","DE4DA2CDCDA01B1BE6D8C9BC98A377167205E940722D2BBCEE98A15A16ACB23A","net10","hmail_perf_pair_net10_20260831_213833","C:\hmail-perf-pair-100k-20260901\net10\Data","EBBF2395E8933C7BACE46AD51D451033745819B4B168934194C43B3B5121FAED","100","15","one TCP client and one sequential IMAP session per sample","0","PASS","E92ED927F40EA825DD551A4BA512B278123451CFAC76F908716AF84199904862","6FDC539CD1D13C7514886E7F7595F7A2A7107313E145AA44C7F0F223DA7B40B8","1","34","False","False","10393.171","Aktarma ba?lant?s?ndan veriler okunamad?: Ba?lan?lan uygun olarak belli bir s?re i?inde yan?t vermedi?inden veya kurulan
ba?lant? ba?lan?lan ana bilgisayar yan?t vermedi?inden bir ba?lant? kurulamad?.","False","0","False","False","0","False"
"5bd22377-9d1c-498f-825a-9cf230340a9e","MANIFEST_BOUND","hmail-perf-pair-100k-20260901","DE4DA2CDCDA01B1BE6D8C9BC98A377167205E940722D2BBCEE98A15A16ACB23A","net10","hmail_perf_pair_net10_20260831_213833","C:\hmail-perf-pair-100k-20260901\net10\Data","EBBF2395E8933C7BACE46AD51D451033745819B4B168934194C43B3B5121FAED","100","15","one TCP client and one sequential IMAP session per sample","0","PASS","E92ED927F40EA825DD551A4BA512B278123451CFAC76F908716AF84199904862","6FDC539CD1D13C7514886E7F7595F7A2A7107313E145AA44C7F0F223DA7B40B8","1","35","True","False","19051.568",,"True","100000","True","True","100000","True"
"5bd22377-9d1c-498f-825a-9cf230340a9e","MANIFEST_BOUND","hmail-perf-pair-100k-20260901","DE4DA2CDCDA01B1BE6D8C9BC98A377167205E940722D2BBCEE98A15A16ACB23A","net10","hmail_perf_pair_net10_20260831_213833","C:\hmail-perf-pair-100k-20260901\net10\Data","EBBF2395E8933C7BACE46AD51D451033745819B4B168934194C43B3B5121FAED","100","15","one TCP client and one sequential IMAP session per sample","0","PASS","E92ED927F40EA825DD551A4BA512B278123451CFAC76F908716AF84199904862","6FDC539CD1D13C7514886E7F7595F7A2A7107313E145AA44C7F0F223DA7B40B8","1","36","True","False","14231.168",,"True","100000","True","True","100000","True"
"5bd22377-9d1c-498f-825a-9cf230340a9e","MANIFEST_BOUND","hmail-perf-pair-100k-20260901","DE4DA2CDCDA01B1BE6D8C9BC98A377167205E940722D2BBCEE98A15A16ACB23A","net10","hmail_perf_pair_net10_20260831_213833","C:\hmail-perf-pair-100k-20260901\net10\Data","EBBF2395E8933C7BACE46AD51D451033745819B4B168934194C43B3B5121FAED","100","15","one TCP client and one sequential IMAP session per sample","0","PASS","E92ED927F40EA825DD551A4BA512B278123451CFAC76F908716AF84199904862","6FDC539CD1D13C7514886E7F7595F7A2A7107313E145AA44C7F0F223DA7B40B8","1","37","True","False","17061.899",,"True","100000","True","True","100000","True"
"5bd22377-9d1c-498f-825a-9cf230340a9e","MANIFEST_BOUND","hmail-perf-pair-100k-20260901","DE4DA2CDCDA01B1BE6D8C9BC98A377167205E940722D2BBCEE98A15A16ACB23A","net10","hmail_perf_pair_net10_20260831_213833","C:\hmail-perf-pair-100k-20260901\net10\Data","EBBF2395E8933C7BACE46AD51D451033745819B4B168934194C43B3B5121FAED","100","15","one TCP client and one sequential IMAP session per sample","0","PASS","E92ED927F40EA825DD551A4BA512B278123451CFAC76F908716AF84199904862","6FDC539CD1D13C7514886E7F7595F7A2A7107313E145AA44C7F0F223DA7B40B8","1","38","False","False","18015.814","Aktarma ba?lant?s?ndan veriler okunamad?: Ba?lan?lan uygun olarak belli bir s?re i?inde yan?t vermedi?inden veya kurulan
ba?lant? ba?lan?lan ana bilgisayar yan?t vermedi?inden bir ba?lant? kurulamad?.","False","0","False","False","0","False"
"5bd22377-9d1c-498f-825a-9cf230340a9e","MANIFEST_BOUND","hmail-perf-pair-100k-20260901","DE4DA2CDCDA01B1BE6D8C9BC98A377167205E940722D2BBCEE98A15A16ACB23A","net10","hmail_perf_pair_net10_20260831_213833","C:\hmail-perf-pair-100k-20260901\net10\Data","EBBF2395E8933C7BACE46AD51D451033745819B4B168934194C43B3B5121FAED","100","15","one TCP client and one sequential IMAP session per sample","0","PASS","E92ED927F40EA825DD551A4BA512B278123451CFAC76F908716AF84199904862","6FDC539CD1D13C7514886E7F7595F7A2A7107313E145AA44C7F0F223DA7B40B8","1","39","True","False","17520.616",,"True","100000","True","True","100000","True"
"5bd22377-9d1c-498f-825a-9cf230340a9e","MANIFEST_BOUND","hmail-perf-pair-100k-20260901","DE4DA2CDCDA01B1BE6D8C9BC98A377167205E940722D2BBCEE98A15A16ACB23A","net10","hmail_perf_pair_net10_20260831_213833","C:\hmail-perf-pair-100k-20260901\net10\Data","EBBF2395E8933C7BACE46AD51D451033745819B4B168934194C43B3B5121FAED","100","15","one TCP client and one sequential IMAP session per sample","0","PASS","E92ED927F40EA825DD551A4BA512B278123451CFAC76F908716AF84199904862","6FDC539CD1D13C7514886E7F7595F7A2A7107313E145AA44C7F0F223DA7B40B8","1","40","False","False","10923.934","Aktarma ba?lant?s?ndan veriler okunamad?: Ba?lan?lan uygun olarak belli bir s?re i?inde yan?t vermedi?inden veya kurulan
ba?lant? ba?lan?lan ana bilgisayar yan?t vermedi?inden bir ba?lant? kurulamad?.","False","0","False","False","0","False"
"5bd22377-9d1c-498f-825a-9cf230340a9e","MANIFEST_BOUND","hmail-perf-pair-100k-20260901","DE4DA2CDCDA01B1BE6D8C9BC98A377167205E940722D2BBCEE98A15A16ACB23A","net10","hmail_perf_pair_net10_20260831_213833","C:\hmail-perf-pair-100k-20260901\net10\Data","EBBF2395E8933C7BACE46AD51D451033745819B4B168934194C43B3B5121FAED","100","15","one TCP client and one sequential IMAP session per sample","0","PASS","E92ED927F40EA825DD551A4BA512B278123451CFAC76F908716AF84199904862","6FDC539CD1D13C7514886E7F7595F7A2A7107313E145AA44C7F0F223DA7B40B8","1","41","False","False","11359.517","Aktarma ba?lant?s?ndan veriler okunamad?: Ba?lan?lan uygun olarak belli bir s?re i?inde yan?t vermedi?inden veya kurulan
ba?lant? ba?lan?lan ana bilgisayar yan?t vermedi?inden bir ba?lant? kurulamad?.","False","0","False","False","0","False"
"5bd22377-9d1c-498f-825a-9cf230340a9e","MANIFEST_BOUND","hmail-perf-pair-100k-20260901","DE4DA2CDCDA01B1BE6D8C9BC98A377167205E940722D2BBCEE98A15A16ACB23A","net10","hmail_perf_pair_net10_20260831_213833","C:\hmail-perf-pair-100k-20260901\net10\Data","EBBF2395E8933C7BACE46AD51D451033745819B4B168934194C43B3B5121FAED","100","15","one TCP client and one sequential IMAP session per sample","0","PASS","E92ED927F40EA825DD551A4BA512B278123451CFAC76F908716AF84199904862","6FDC539CD1D13C7514886E7F7595F7A2A7107313E145AA44C7F0F223DA7B40B8","1","42","False","False","11594.816","Aktarma ba?lant?s?ndan veriler okunamad?: Ba?lan?lan uygun olarak belli bir s?re i?inde yan?t vermedi?inden veya kurulan
ba?lant? ba?lan?lan ana bilgisayar yan?t vermedi?inden bir ba?lant? kurulamad?.","False","0","False","False","0","False"
"5bd22377-9d1c-498f-825a-9cf230340a9e","MANIFEST_BOUND","hmail-perf-pair-100k-20260901","DE4DA2CDCDA01B1BE6D8C9BC98A377167205E940722D2BBCEE98A15A16ACB23A","net10","hmail_perf_pair_net10_20260831_213833","C:\hmail-perf-pair-100k-20260901\net10\Data","EBBF2395E8933C7BACE46AD51D451033745819B4B168934194C43B3B5121FAED","100","15","one TCP client and one sequential IMAP session per sample","0","PASS","E92ED927F40EA825DD551A4BA512B278123451CFAC76F908716AF84199904862","6FDC539CD1D13C7514886E7F7595F7A2A7107313E145AA44C7F0F223DA7B40B8","1","43","True","False","18849.598",,"True","100000","True","True","100000","True"
"5bd22377-9d1c-498f-825a-9cf230340a9e","MANIFEST_BOUND","hmail-perf-pair-100k-20260901","DE4DA2CDCDA01B1BE6D8C9BC98A377167205E940722D2BBCEE98A15A16ACB23A","net10","hmail_perf_pair_net10_20260831_213833","C:\hmail-perf-pair-100k-20260901\net10\Data","EBBF2395E8933C7BACE46AD51D451033745819B4B168934194C43B3B5121FAED","100","15","one TCP client and one sequential IMAP session per sample","0","PASS","E92ED927F40EA825DD551A4BA512B278123451CFAC76F908716AF84199904862","6FDC539CD1D13C7514886E7F7595F7A2A7107313E145AA44C7F0F223DA7B40B8","1","44","True","False","15665.845",,"True","100000","True","True","100000","True"
"5bd22377-9d1c-498f-825a-9cf230340a9e","MANIFEST_BOUND","hmail-perf-pair-100k-20260901","DE4DA2CDCDA01B1BE6D8C9BC98A377167205E940722D2BBCEE98A15A16ACB23A","net10","hmail_perf_pair_net10_20260831_213833","C:\hmail-perf-pair-100k-20260901\net10\Data","EBBF2395E8933C7BACE46AD51D451033745819B4B168934194C43B3B5121FAED","100","15","one TCP client and one sequential IMAP session per sample","0","PASS","E92ED927F40EA825DD551A4BA512B278123451CFAC76F908716AF84199904862","6FDC539CD1D13C7514886E7F7595F7A2A7107313E145AA44C7F0F223DA7B40B8","1","45","False","False","10227.148","Aktarma ba?lant?s?ndan veriler okunamad?: Ba?lan?lan uygun olarak belli bir s?re i?inde yan?t vermedi?inden veya kurulan
ba?lant? ba?lan?lan ana bilgisayar yan?t vermedi?inden bir ba?lant? kurulamad?.","False","0","False","False","0","False"
"5bd22377-9d1c-498f-825a-9cf230340a9e","MANIFEST_BOUND","hmail-perf-pair-100k-20260901","DE4DA2CDCDA01B1BE6D8C9BC98A377167205E940722D2BBCEE98A15A16ACB23A","net10","hmail_perf_pair_net10_20260831_213833","C:\hmail-perf-pair-100k-20260901\net10\Data","EBBF2395E8933C7BACE46AD51D451033745819B4B168934194C43B3B5121FAED","100","15","one TCP client and one sequential IMAP session per sample","0","PASS","E92ED927F40EA825DD551A4BA512B278123451CFAC76F908716AF84199904862","6FDC539CD1D13C7514886E7F7595F7A2A7107313E145AA44C7F0F223DA7B40B8","1","46","False","False","17098.337","Aktarma ba?lant?s?ndan veriler okunamad?: Ba?lan?lan uygun olarak belli bir s?re i?inde yan?t vermedi?inden veya kurulan
ba?lant? ba?lan?lan ana bilgisayar yan?t vermedi?inden bir ba?lant? kurulamad?.","False","0","False","False","0","False"
"5bd22377-9d1c-498f-825a-9cf230340a9e","MANIFEST_BOUND","hmail-perf-pair-100k-20260901","DE4DA2CDCDA01B1BE6D8C9BC98A377167205E940722D2BBCEE98A15A16ACB23A","net10","hmail_perf_pair_net10_20260831_213833","C:\hmail-perf-pair-100k-20260901\net10\Data","EBBF2395E8933C7BACE46AD51D451033745819B4B168934194C43B3B5121FAED","100","15","one TCP client and one sequential IMAP session per sample","0","PASS","E92ED927F40EA825DD551A4BA512B278123451CFAC76F908716AF84199904862","6FDC539CD1D13C7514886E7F7595F7A2A7107313E145AA44C7F0F223DA7B40B8","1","47","True","False","15230.528",,"True","100000","True","True","100000","True"
"5bd22377-9d1c-498f-825a-9cf230340a9e","MANIFEST_BOUND","hmail-perf-pair-100k-20260901","DE4DA2CDCDA01B1BE6D8C9BC98A377167205E940722D2BBCEE98A15A16ACB23A","net10","hmail_perf_pair_net10_20260831_213833","C:\hmail-perf-pair-100k-20260901\net10\Data","EBBF2395E8933C7BACE46AD51D451033745819B4B168934194C43B3B5121FAED","100","15","one TCP client and one sequential IMAP session per sample","0","PASS","E92ED927F40EA825DD551A4BA512B278123451CFAC76F908716AF84199904862","6FDC539CD1D13C7514886E7F7595F7A2A7107313E145AA44C7F0F223DA7B40B8","1","48","True","False","19051.362",,"True","100000","True","True","100000","True"
"5bd22377-9d1c-498f-825a-9cf230340a9e","MANIFEST_BOUND","hmail-perf-pair-100k-20260901","DE4DA2CDCDA01B1BE6D8C9BC98A377167205E940722D2BBCEE98A15A16ACB23A","net10","hmail_perf_pair_net10_20260831_213833","C:\hmail-perf-pair-100k-20260901\net10\Data","EBBF2395E8933C7BACE46AD51D451033745819B4B168934194C43B3B5121FAED","100","15","one TCP client and one sequential IMAP session per sample","0","PASS","E92ED927F40EA825DD551A4BA512B278123451CFAC76F908716AF84199904862","6FDC539CD1D13C7514886E7F7595F7A2A7107313E145AA44C7F0F223DA7B40B8","1","49","False","False","14896.515","Aktarma ba?lant?s?ndan veriler okunamad?: Ba?lan?lan uygun olarak belli bir s?re i?inde yan?t vermedi?inden veya kurulan
ba?lant? ba?lan?lan ana bilgisayar yan?t vermedi?inden bir ba?lant? kurulamad?.","False","0","False","False","0","False"
"5bd22377-9d1c-498f-825a-9cf230340a9e","MANIFEST_BOUND","hmail-perf-pair-100k-20260901","DE4DA2CDCDA01B1BE6D8C9BC98A377167205E940722D2BBCEE98A15A16ACB23A","net10","hmail_perf_pair_net10_20260831_213833","C:\hmail-perf-pair-100k-20260901\net10\Data","EBBF2395E8933C7BACE46AD51D451033745819B4B168934194C43B3B5121FAED","100","15","one TCP client and one sequential IMAP session per sample","0","PASS","E92ED927F40EA825DD551A4BA512B278123451CFAC76F908716AF84199904862","6FDC539CD1D13C7514886E7F7595F7A2A7107313E145AA44C7F0F223DA7B40B8","1","50","True","False","17034.831",,"True","100000","True","True","100000","True"
"5bd22377-9d1c-498f-825a-9cf230340a9e","MANIFEST_BOUND","hmail-perf-pair-100k-20260901","DE4DA2CDCDA01B1BE6D8C9BC98A377167205E940722D2BBCEE98A15A16ACB23A","net10","hmail_perf_pair_net10_20260831_213833","C:\hmail-perf-pair-100k-20260901\net10\Data","EBBF2395E8933C7BACE46AD51D451033745819B4B168934194C43B3B5121FAED","100","15","one TCP client and one sequential IMAP session per sample","0","PASS","E92ED927F40EA825DD551A4BA512B278123451CFAC76F908716AF84199904862","6FDC539CD1D13C7514886E7F7595F7A2A7107313E145AA44C7F0F223DA7B40B8","1","51","True","False","18367.918",,"True","100000","True","True","100000","True"
"5bd22377-9d1c-498f-825a-9cf230340a9e","MANIFEST_BOUND","hmail-perf-pair-100k-20260901","DE4DA2CDCDA01B1BE6D8C9BC98A377167205E940722D2BBCEE98A15A16ACB23A","net10","hmail_perf_pair_net10_20260831_213833","C:\hmail-perf-pair-100k-20260901\net10\Data","EBBF2395E8933C7BACE46AD51D451033745819B4B168934194C43B3B5121FAED","100","15","one TCP client and one sequential IMAP session per sample","0","PASS","E92ED927F40EA825DD551A4BA512B278123451CFAC76F908716AF84199904862","6FDC539CD1D13C7514886E7F7595F7A2A7107313E145AA44C7F0F223DA7B40B8","1","52","True","False","19048.541",,"True","100000","True","True","100000","True"
"5bd22377-9d1c-498f-825a-9cf230340a9e","MANIFEST_BOUND","hmail-perf-pair-100k-20260901","DE4DA2CDCDA01B1BE6D8C9BC98A377167205E940722D2BBCEE98A15A16ACB23A","net10","hmail_perf_pair_net10_20260831_213833","C:\hmail-perf-pair-100k-20260901\net10\Data","EBBF2395E8933C7BACE46AD51D451033745819B4B168934194C43B3B5121FAED","100","15","one TCP client and one sequential IMAP session per sample","0","PASS","E92ED927F40EA825DD551A4BA512B278123451CFAC76F908716AF84199904862","6FDC539CD1D13C7514886E7F7595F7A2A7107313E145AA44C7F0F223DA7B40B8","1","53","False","False","10877.726","Aktarma ba?lant?s?ndan veriler okunamad?: Ba?lan?lan uygun olarak belli bir s?re i?inde yan?t vermedi?inden veya kurulan
ba?lant? ba?lan?lan ana bilgisayar yan?t vermedi?inden bir ba?lant? kurulamad?.","False","0","False","False","0","False"
"5bd22377-9d1c-498f-825a-9cf230340a9e","MANIFEST_BOUND","hmail-perf-pair-100k-20260901","DE4DA2CDCDA01B1BE6D8C9BC98A377167205E940722D2BBCEE98A15A16ACB23A","net10","hmail_perf_pair_net10_20260831_213833","C:\hmail-perf-pair-100k-20260901\net10\Data","EBBF2395E8933C7BACE46AD51D451033745819B4B168934194C43B3B5121FAED","100","15","one TCP client and one sequential IMAP session per sample","0","PASS","E92ED927F40EA825DD551A4BA512B278123451CFAC76F908716AF84199904862","6FDC539CD1D13C7514886E7F7595F7A2A7107313E145AA44C7F0F223DA7B40B8","1","54","True","False","15189.376",,"True","100000","True","True","100000","True"
"5bd22377-9d1c-498f-825a-9cf230340a9e","MANIFEST_BOUND","hmail-perf-pair-100k-20260901","DE4DA2CDCDA01B1BE6D8C9BC98A377167205E940722D2BBCEE98A15A16ACB23A","net10","hmail_perf_pair_net10_20260831_213833","C:\hmail-perf-pair-100k-20260901\net10\Data","EBBF2395E8933C7BACE46AD51D451033745819B4B168934194C43B3B5121FAED","100","15","one TCP client and one sequential IMAP session per sample","0","PASS","E92ED927F40EA825DD551A4BA512B278123451CFAC76F908716AF84199904862","6FDC539CD1D13C7514886E7F7595F7A2A7107313E145AA44C7F0F223DA7B40B8","1","55","True","False","18234.147",,"True","100000","True","True","100000","True"
"5bd22377-9d1c-498f-825a-9cf230340a9e","MANIFEST_BOUND","hmail-perf-pair-100k-20260901","DE4DA2CDCDA01B1BE6D8C9BC98A377167205E940722D2BBCEE98A15A16ACB23A","net10","hmail_perf_pair_net10_20260831_213833","C:\hmail-perf-pair-100k-20260901\net10\Data","EBBF2395E8933C7BACE46AD51D451033745819B4B168934194C43B3B5121FAED","100","15","one TCP client and one sequential IMAP session per sample","0","PASS","E92ED927F40EA825DD551A4BA512B278123451CFAC76F908716AF84199904862","6FDC539CD1D13C7514886E7F7595F7A2A7107313E145AA44C7F0F223DA7B40B8","1","56","True","False","17608.084",,"True","100000","True","True","100000","True"
"5bd22377-9d1c-498f-825a-9cf230340a9e","MANIFEST_BOUND","hmail-perf-pair-100k-20260901","DE4DA2CDCDA01B1BE6D8C9BC98A377167205E940722D2BBCEE98A15A16ACB23A","net10","hmail_perf_pair_net10_20260831_213833","C:\hmail-perf-pair-100k-20260901\net10\Data","EBBF2395E8933C7BACE46AD51D451033745819B4B168934194C43B3B5121FAED","100","15","one TCP client and one sequential IMAP session per sample","0","PASS","E92ED927F40EA825DD551A4BA512B278123451CFAC76F908716AF84199904862","6FDC539CD1D13C7514886E7F7595F7A2A7107313E145AA44C7F0F223DA7B40B8","1","57","False","False","11187.963","Aktarma ba?lant?s?ndan veriler okunamad?: Ba?lan?lan uygun olarak belli bir s?re i?inde yan?t vermedi?inden veya kurulan
ba?lant? ba?lan?lan ana bilgisayar yan?t vermedi?inden bir ba?lant? kurulamad?.","False","0","False","False","0","False"
"5bd22377-9d1c-498f-825a-9cf230340a9e","MANIFEST_BOUND","hmail-perf-pair-100k-20260901","DE4DA2CDCDA01B1BE6D8C9BC98A377167205E940722D2BBCEE98A15A16ACB23A","net10","hmail_perf_pair_net10_20260831_213833","C:\hmail-perf-pair-100k-20260901\net10\Data","EBBF2395E8933C7BACE46AD51D451033745819B4B168934194C43B3B5121FAED","100","15","one TCP client and one sequential IMAP session per sample","0","PASS","E92ED927F40EA825DD551A4BA512B278123451CFAC76F908716AF84199904862","6FDC539CD1D13C7514886E7F7595F7A2A7107313E145AA44C7F0F223DA7B40B8","1","58","False","False","17425.003","Aktarma ba?lant?s?ndan veriler okunamad?: Ba?lan?lan uygun olarak belli bir s?re i?inde yan?t vermedi?inden veya kurulan
ba?lant? ba?lan?lan ana bilgisayar yan?t vermedi?inden bir ba?lant? kurulamad?.","False","0","False","False","0","False"
"5bd22377-9d1c-498f-825a-9cf230340a9e","MANIFEST_BOUND","hmail-perf-pair-100k-20260901","DE4DA2CDCDA01B1BE6D8C9BC98A377167205E940722D2BBCEE98A15A16ACB23A","net10","hmail_perf_pair_net10_20260831_213833","C:\hmail-perf-pair-100k-20260901\net10\Data","EBBF2395E8933C7BACE46AD51D451033745819B4B168934194C43B3B5121FAED","100","15","one TCP client and one sequential IMAP session per sample","0","PASS","E92ED927F40EA825DD551A4BA512B278123451CFAC76F908716AF84199904862","6FDC539CD1D13C7514886E7F7595F7A2A7107313E145AA44C7F0F223DA7B40B8","1","59","True","False","18899.217",,"True","100000","True","True","100000","True"
"5bd22377-9d1c-498f-825a-9cf230340a9e","MANIFEST_BOUND","hmail-perf-pair-100k-20260901","DE4DA2CDCDA01B1BE6D8C9BC98A377167205E940722D2BBCEE98A15A16ACB23A","net10","hmail_perf_pair_net10_20260831_213833","C:\hmail-perf-pair-100k-20260901\net10\Data","EBBF2395E8933C7BACE46AD51D451033745819B4B168934194C43B3B5121FAED","100","15","one TCP client and one sequential IMAP session per sample","0","PASS","E92ED927F40EA825DD551A4BA512B278123451CFAC76F908716AF84199904862","6FDC539CD1D13C7514886E7F7595F7A2A7107313E145AA44C7F0F223DA7B40B8","1","60","True","False","19050.567",,"True","100000","True","True","100000","True"
"5bd22377-9d1c-498f-825a-9cf230340a9e","MANIFEST_BOUND","hmail-perf-pair-100k-20260901","DE4DA2CDCDA01B1BE6D8C9BC98A377167205E940722D2BBCEE98A15A16ACB23A","net10","hmail_perf_pair_net10_20260831_213833","C:\hmail-perf-pair-100k-20260901\net10\Data","EBBF2395E8933C7BACE46AD51D451033745819B4B168934194C43B3B5121FAED","100","15","one TCP client and one sequential IMAP session per sample","0","PASS","E92ED927F40EA825DD551A4BA512B278123451CFAC76F908716AF84199904862","6FDC539CD1D13C7514886E7F7595F7A2A7107313E145AA44C7F0F223DA7B40B8","1","61","True","False","19026.039",,"True","100000","True","True","100000","True"
"5bd22377-9d1c-498f-825a-9cf230340a9e","MANIFEST_BOUND","hmail-perf-pair-100k-20260901","DE4DA2CDCDA01B1BE6D8C9BC98A377167205E940722D2BBCEE98A15A16ACB23A","net10","hmail_perf_pair_net10_20260831_213833","C:\hmail-perf-pair-100k-20260901\net10\Data","EBBF2395E8933C7BACE46AD51D451033745819B4B168934194C43B3B5121FAED","100","15","one TCP client and one sequential IMAP session per sample","0","PASS","E92ED927F40EA825DD551A4BA512B278123451CFAC76F908716AF84199904862","6FDC539CD1D13C7514886E7F7595F7A2A7107313E145AA44C7F0F223DA7B40B8","1","62","False","False","11266.658","Aktarma ba?lant?s?ndan veriler okunamad?: Ba?lan?lan uygun olarak belli bir s?re i?inde yan?t vermedi?inden veya kurulan
ba?lant? ba?lan?lan ana bilgisayar yan?t vermedi?inden bir ba?lant? kurulamad?.","False","0","False","False","0","False"
"5bd22377-9d1c-498f-825a-9cf230340a9e","MANIFEST_BOUND","hmail-perf-pair-100k-20260901","DE4DA2CDCDA01B1BE6D8C9BC98A377167205E940722D2BBCEE98A15A16ACB23A","net10","hmail_perf_pair_net10_20260831_213833","C:\hmail-perf-pair-100k-20260901\net10\Data","EBBF2395E8933C7BACE46AD51D451033745819B4B168934194C43B3B5121FAED","100","15","one TCP client and one sequential IMAP session per sample","0","PASS","E92ED927F40EA825DD551A4BA512B278123451CFAC76F908716AF84199904862","6FDC539CD1D13C7514886E7F7595F7A2A7107313E145AA44C7F0F223DA7B40B8","1","63","True","False","15954.472",,"True","100000","True","True","100000","True"
"5bd22377-9d1c-498f-825a-9cf230340a9e","MANIFEST_BOUND","hmail-perf-pair-100k-20260901","DE4DA2CDCDA01B1BE6D8C9BC98A377167205E940722D2BBCEE98A15A16ACB23A","net10","hmail_perf_pair_net10_20260831_213833","C:\hmail-perf-pair-100k-20260901\net10\Data","EBBF2395E8933C7BACE46AD51D451033745819B4B168934194C43B3B5121FAED","100","15","one TCP client and one sequential IMAP session per sample","0","PASS","E92ED927F40EA825DD551A4BA512B278123451CFAC76F908716AF84199904862","6FDC539CD1D13C7514886E7F7595F7A2A7107313E145AA44C7F0F223DA7B40B8","1","64","False","False","11703.553","Aktarma ba?lant?s?ndan veriler okunamad?: Ba?lan?lan uygun olarak belli bir s?re i?inde yan?t vermedi?inden veya kurulan
ba?lant? ba?lan?lan ana bilgisayar yan?t vermedi?inden bir ba?lant? kurulamad?.","False","0","False","False","0","False"
"5bd22377-9d1c-498f-825a-9cf230340a9e","MANIFEST_BOUND","hmail-perf-pair-100k-20260901","DE4DA2CDCDA01B1BE6D8C9BC98A377167205E940722D2BBCEE98A15A16ACB23A","net10","hmail_perf_pair_net10_20260831_213833","C:\hmail-perf-pair-100k-20260901\net10\Data","EBBF2395E8933C7BACE46AD51D451033745819B4B168934194C43B3B5121FAED","100","15","one TCP client and one sequential IMAP session per sample","0","PASS","E92ED927F40EA825DD551A4BA512B278123451CFAC76F908716AF84199904862","6FDC539CD1D13C7514886E7F7595F7A2A7107313E145AA44C7F0F223DA7B40B8","1","65","True","False","16785.585",,"True","100000","True","True","100000","True"
"5bd22377-9d1c-498f-825a-9cf230340a9e","MANIFEST_BOUND","hmail-perf-pair-100k-20260901","DE4DA2CDCDA01B1BE6D8C9BC98A377167205E940722D2BBCEE98A15A16ACB23A","net10","hmail_perf_pair_net10_20260831_213833","C:\hmail-perf-pair-100k-20260901\net10\Data","EBBF2395E8933C7BACE46AD51D451033745819B4B168934194C43B3B5121FAED","100","15","one TCP client and one sequential IMAP session per sample","0","PASS","E92ED927F40EA825DD551A4BA512B278123451CFAC76F908716AF84199904862","6FDC539CD1D13C7514886E7F7595F7A2A7107313E145AA44C7F0F223DA7B40B8","1","66","False","False","10346.659","Aktarma ba?lant?s?ndan veriler okunamad?: Ba?lan?lan uygun olarak belli bir s?re i?inde yan?t vermedi?inden veya kurulan
ba?lant? ba?lan?lan ana bilgisayar yan?t vermedi?inden bir ba?lant? kurulamad?.","False","0","False","False","0","False"
"5bd22377-9d1c-498f-825a-9cf230340a9e","MANIFEST_BOUND","hmail-perf-pair-100k-20260901","DE4DA2CDCDA01B1BE6D8C9BC98A377167205E940722D2BBCEE98A15A16ACB23A","net10","hmail_perf_pair_net10_20260831_213833","C:\hmail-perf-pair-100k-20260901\net10\Data","EBBF2395E8933C7BACE46AD51D451033745819B4B168934194C43B3B5121FAED","100","15","one TCP client and one sequential IMAP session per sample","0","PASS","E92ED927F40EA825DD551A4BA512B278123451CFAC76F908716AF84199904862","6FDC539CD1D13C7514886E7F7595F7A2A7107313E145AA44C7F0F223DA7B40B8","1","67","True","False","18491.42",,"True","100000","True","True","100000","True"
"5bd22377-9d1c-498f-825a-9cf230340a9e","MANIFEST_BOUND","hmail-perf-pair-100k-20260901","DE4DA2CDCDA01B1BE6D8C9BC98A377167205E940722D2BBCEE98A15A16ACB23A","net10","hmail_perf_pair_net10_20260831_213833","C:\hmail-perf-pair-100k-20260901\net10\Data","EBBF2395E8933C7BACE46AD51D451033745819B4B168934194C43B3B5121FAED","100","15","one TCP client and one sequential IMAP session per sample","0","PASS","E92ED927F40EA825DD551A4BA512B278123451CFAC76F908716AF84199904862","6FDC539CD1D13C7514886E7F7595F7A2A7107313E145AA44C7F0F223DA7B40B8","1","68","True","False","19047.463",,"True","100000","True","True","100000","True"
"5bd22377-9d1c-498f-825a-9cf230340a9e","MANIFEST_BOUND","hmail-perf-pair-100k-20260901","DE4DA2CDCDA01B1BE6D8C9BC98A377167205E940722D2BBCEE98A15A16ACB23A","net10","hmail_perf_pair_net10_20260831_213833","C:\hmail-perf-pair-100k-20260901\net10\Data","EBBF2395E8933C7BACE46AD51D451033745819B4B168934194C43B3B5121FAED","100","15","one TCP client and one sequential IMAP session per sample","0","PASS","E92ED927F40EA825DD551A4BA512B278123451CFAC76F908716AF84199904862","6FDC539CD1D13C7514886E7F7595F7A2A7107313E145AA44C7F0F223DA7B40B8","1","69","True","False","16084.933",,"True","100000","True","True","100000","True"
"5bd22377-9d1c-498f-825a-9cf230340a9e","MANIFEST_BOUND","hmail-perf-pair-100k-20260901","DE4DA2CDCDA01B1BE6D8C9BC98A377167205E940722D2BBCEE98A15A16ACB23A","net10","hmail_perf_pair_net10_20260831_213833","C:\hmail-perf-pair-100k-20260901\net10\Data","EBBF2395E8933C7BACE46AD51D451033745819B4B168934194C43B3B5121FAED","100","15","one TCP client and one sequential IMAP session per sample","0","PASS","E92ED927F40EA825DD551A4BA512B278123451CFAC76F908716AF84199904862","6FDC539CD1D13C7514886E7F7595F7A2A7107313E145AA44C7F0F223DA7B40B8","1","70","False","False","18156.496","Aktarma ba?lant?s?ndan veriler okunamad?: Ba?lan?lan uygun olarak belli bir s?re i?inde yan?t vermedi?inden veya kurulan
ba?lant? ba?lan?lan ana bilgisayar yan?t vermedi?inden bir ba?lant? kurulamad?.","False","0","False","False","0","False"
"5bd22377-9d1c-498f-825a-9cf230340a9e","MANIFEST_BOUND","hmail-perf-pair-100k-20260901","DE4DA2CDCDA01B1BE6D8C9BC98A377167205E940722D2BBCEE98A15A16ACB23A","net10","hmail_perf_pair_net10_20260831_213833","C:\hmail-perf-pair-100k-20260901\net10\Data","EBBF2395E8933C7BACE46AD51D451033745819B4B168934194C43B3B5121FAED","100","15","one TCP client and one sequential IMAP session per sample","0","PASS","E92ED927F40EA825DD551A4BA512B278123451CFAC76F908716AF84199904862","6FDC539CD1D13C7514886E7F7595F7A2A7107313E145AA44C7F0F223DA7B40B8","1","71","True","False","18330.687",,"True","100000","True","True","100000","True"
"5bd22377-9d1c-498f-825a-9cf230340a9e","MANIFEST_BOUND","hmail-perf-pair-100k-20260901","DE4DA2CDCDA01B1BE6D8C9BC98A377167205E940722D2BBCEE98A15A16ACB23A","net10","hmail_perf_pair_net10_20260831_213833","C:\hmail-perf-pair-100k-20260901\net10\Data","EBBF2395E8933C7BACE46AD51D451033745819B4B168934194C43B3B5121FAED","100","15","one TCP client and one sequential IMAP session per sample","0","PASS","E92ED927F40EA825DD551A4BA512B278123451CFAC76F908716AF84199904862","6FDC539CD1D13C7514886E7F7595F7A2A7107313E145AA44C7F0F223DA7B40B8","1","72","False","False","11547.781","Aktarma ba?lant?s?ndan veriler okunamad?: Ba?lan?lan uygun olarak belli bir s?re i?inde yan?t vermedi?inden veya kurulan
ba?lant? ba?lan?lan ana bilgisayar yan?t vermedi?inden bir ba?lant? kurulamad?.","False","0","False","False","0","False"
"5bd22377-9d1c-498f-825a-9cf230340a9e","MANIFEST_BOUND","hmail-perf-pair-100k-20260901","DE4DA2CDCDA01B1BE6D8C9BC98A377167205E940722D2BBCEE98A15A16ACB23A","net10","hmail_perf_pair_net10_20260831_213833","C:\hmail-perf-pair-100k-20260901\net10\Data","EBBF2395E8933C7BACE46AD51D451033745819B4B168934194C43B3B5121FAED","100","15","one TCP client and one sequential IMAP session per sample","0","PASS","E92ED927F40EA825DD551A4BA512B278123451CFAC76F908716AF84199904862","6FDC539CD1D13C7514886E7F7595F7A2A7107313E145AA44C7F0F223DA7B40B8","1","73","True","False","18534.606",,"True","100000","True","True","100000","True"
"5bd22377-9d1c-498f-825a-9cf230340a9e","MANIFEST_BOUND","hmail-perf-pair-100k-20260901","DE4DA2CDCDA01B1BE6D8C9BC98A377167205E940722D2BBCEE98A15A16ACB23A","net10","hmail_perf_pair_net10_20260831_213833","C:\hmail-perf-pair-100k-20260901\net10\Data","EBBF2395E8933C7BACE46AD51D451033745819B4B168934194C43B3B5121FAED","100","15","one TCP client and one sequential IMAP session per sample","0","PASS","E92ED927F40EA825DD551A4BA512B278123451CFAC76F908716AF84199904862","6FDC539CD1D13C7514886E7F7595F7A2A7107313E145AA44C7F0F223DA7B40B8","1","74","True","False","18755.266",,"True","100000","True","True","100000","True"
"5bd22377-9d1c-498f-825a-9cf230340a9e","MANIFEST_BOUND","hmail-perf-pair-100k-20260901","DE4DA2CDCDA01B1BE6D8C9BC98A377167205E940722D2BBCEE98A15A16ACB23A","net10","hmail_perf_pair_net10_20260831_213833","C:\hmail-perf-pair-100k-20260901\net10\Data","EBBF2395E8933C7BACE46AD51D451033745819B4B168934194C43B3B5121FAED","100","15","one TCP client and one sequential IMAP session per sample","0","PASS","E92ED927F40EA825DD551A4BA512B278123451CFAC76F908716AF84199904862","6FDC539CD1D13C7514886E7F7595F7A2A7107313E145AA44C7F0F223DA7B40B8","1","75","False","False","10376.831","Aktarma ba?lant?s?ndan veriler okunamad?: Ba?lan?lan uygun olarak belli bir s?re i?inde yan?t vermedi?inden veya kurulan
ba?lant? ba?lan?lan ana bilgisayar yan?t vermedi?inden bir ba?lant? kurulamad?.","False","0","False","False","0","False"
"5bd22377-9d1c-498f-825a-9cf230340a9e","MANIFEST_BOUND","hmail-perf-pair-100k-20260901","DE4DA2CDCDA01B1BE6D8C9BC98A377167205E940722D2BBCEE98A15A16ACB23A","net10","hmail_perf_pair_net10_20260831_213833","C:\hmail-perf-pair-100k-20260901\net10\Data","EBBF2395E8933C7BACE46AD51D451033745819B4B168934194C43B3B5121FAED","100","15","one TCP client and one sequential IMAP session per sample","0","PASS","E92ED927F40EA825DD551A4BA512B278123451CFAC76F908716AF84199904862","6FDC539CD1D13C7514886E7F7595F7A2A7107313E145AA44C7F0F223DA7B40B8","1","76","False","False","13265.902","Aktarma ba?lant?s?ndan veriler okunamad?: Ba?lan?lan uygun olarak belli bir s?re i?inde yan?t vermedi?inden veya kurulan
ba?lant? ba?lan?lan ana bilgisayar yan?t vermedi?inden bir ba?lant? kurulamad?.","False","0","False","False","0","False"
"5bd22377-9d1c-498f-825a-9cf230340a9e","MANIFEST_BOUND","hmail-perf-pair-100k-20260901","DE4DA2CDCDA01B1BE6D8C9BC98A377167205E940722D2BBCEE98A15A16ACB23A","net10","hmail_perf_pair_net10_20260831_213833","C:\hmail-perf-pair-100k-20260901\net10\Data","EBBF2395E8933C7BACE46AD51D451033745819B4B168934194C43B3B5121FAED","100","15","one TCP client and one sequential IMAP session per sample","0","PASS","E92ED927F40EA825DD551A4BA512B278123451CFAC76F908716AF84199904862","6FDC539CD1D13C7514886E7F7595F7A2A7107313E145AA44C7F0F223DA7B40B8","1","77","True","False","18641.065",,"True","100000","True","True","100000","True"
"5bd22377-9d1c-498f-825a-9cf230340a9e","MANIFEST_BOUND","hmail-perf-pair-100k-20260901","DE4DA2CDCDA01B1BE6D8C9BC98A377167205E940722D2BBCEE98A15A16ACB23A","net10","hmail_perf_pair_net10_20260831_213833","C:\hmail-perf-pair-100k-20260901\net10\Data","EBBF2395E8933C7BACE46AD51D451033745819B4B168934194C43B3B5121FAED","100","15","one TCP client and one sequential IMAP session per sample","0","PASS","E92ED927F40EA825DD551A4BA512B278123451CFAC76F908716AF84199904862","6FDC539CD1D13C7514886E7F7595F7A2A7107313E145AA44C7F0F223DA7B40B8","1","78","True","False","16685.825",,"True","100000","True","True","100000","True"
"5bd22377-9d1c-498f-825a-9cf230340a9e","MANIFEST_BOUND","hmail-perf-pair-100k-20260901","DE4DA2CDCDA01B1BE6D8C9BC98A377167205E940722D2BBCEE98A15A16ACB23A","net10","hmail_perf_pair_net10_20260831_213833","C:\hmail-perf-pair-100k-20260901\net10\Data","EBBF2395E8933C7BACE46AD51D451033745819B4B168934194C43B3B5121FAED","100","15","one TCP client and one sequential IMAP session per sample","0","PASS","E92ED927F40EA825DD551A4BA512B278123451CFAC76F908716AF84199904862","6FDC539CD1D13C7514886E7F7595F7A2A7107313E145AA44C7F0F223DA7B40B8","1","79","True","False","16699.77",,"True","100000","True","True","100000","True"
"5bd22377-9d1c-498f-825a-9cf230340a9e","MANIFEST_BOUND","hmail-perf-pair-100k-20260901","DE4DA2CDCDA01B1BE6D8C9BC98A377167205E940722D2BBCEE98A15A16ACB23A","net10","hmail_perf_pair_net10_20260831_213833","C:\hmail-perf-pair-100k-20260901\net10\Data","EBBF2395E8933C7BACE46AD51D451033745819B4B168934194C43B3B5121FAED","100","15","one TCP client and one sequential IMAP session per sample","0","PASS","E92ED927F40EA825DD551A4BA512B278123451CFAC76F908716AF84199904862","6FDC539CD1D13C7514886E7F7595F7A2A7107313E145AA44C7F0F223DA7B40B8","1","80","True","False","17641.989",,"True","100000","True","True","100000","True"
"5bd22377-9d1c-498f-825a-9cf230340a9e","MANIFEST_BOUND","hmail-perf-pair-100k-20260901","DE4DA2CDCDA01B1BE6D8C9BC98A377167205E940722D2BBCEE98A15A16ACB23A","net10","hmail_perf_pair_net10_20260831_213833","C:\hmail-perf-pair-100k-20260901\net10\Data","EBBF2395E8933C7BACE46AD51D451033745819B4B168934194C43B3B5121FAED","100","15","one TCP client and one sequential IMAP session per sample","0","PASS","E92ED927F40EA825DD551A4BA512B278123451CFAC76F908716AF84199904862","6FDC539CD1D13C7514886E7F7595F7A2A7107313E145AA44C7F0F223DA7B40B8","1","81","False","False","10908.275","Aktarma ba?lant?s?ndan veriler okunamad?: Ba?lan?lan uygun olarak belli bir s?re i?inde yan?t vermedi?inden veya kurulan
ba?lant? ba?lan?lan ana bilgisayar yan?t vermedi?inden bir ba?lant? kurulamad?.","False","0","False","False","0","False"
"5bd22377-9d1c-498f-825a-9cf230340a9e","MANIFEST_BOUND","hmail-perf-pair-100k-20260901","DE4DA2CDCDA01B1BE6D8C9BC98A377167205E940722D2BBCEE98A15A16ACB23A","net10","hmail_perf_pair_net10_20260831_213833","C:\hmail-perf-pair-100k-20260901\net10\Data","EBBF2395E8933C7BACE46AD51D451033745819B4B168934194C43B3B5121FAED","100","15","one TCP client and one sequential IMAP session per sample","0","PASS","E92ED927F40EA825DD551A4BA512B278123451CFAC76F908716AF84199904862","6FDC539CD1D13C7514886E7F7595F7A2A7107313E145AA44C7F0F223DA7B40B8","1","82","True","False","14661.721",,"True","100000","True","True","100000","True"
"5bd22377-9d1c-498f-825a-9cf230340a9e","MANIFEST_BOUND","hmail-perf-pair-100k-20260901","DE4DA2CDCDA01B1BE6D8C9BC98A377167205E940722D2BBCEE98A15A16ACB23A","net10","hmail_perf_pair_net10_20260831_213833","C:\hmail-perf-pair-100k-20260901\net10\Data","EBBF2395E8933C7BACE46AD51D451033745819B4B168934194C43B3B5121FAED","100","15","one TCP client and one sequential IMAP session per sample","0","PASS","E92ED927F40EA825DD551A4BA512B278123451CFAC76F908716AF84199904862","6FDC539CD1D13C7514886E7F7595F7A2A7107313E145AA44C7F0F223DA7B40B8","1","83","False","False","10408.268","Aktarma ba?lant?s?ndan veriler okunamad?: Ba?lan?lan uygun olarak belli bir s?re i?inde yan?t vermedi?inden veya kurulan
ba?lant? ba?lan?lan ana bilgisayar yan?t vermedi?inden bir ba?lant? kurulamad?.","False","0","False","False","0","False"
"5bd22377-9d1c-498f-825a-9cf230340a9e","MANIFEST_BOUND","hmail-perf-pair-100k-20260901","DE4DA2CDCDA01B1BE6D8C9BC98A377167205E940722D2BBCEE98A15A16ACB23A","net10","hmail_perf_pair_net10_20260831_213833","C:\hmail-perf-pair-100k-20260901\net10\Data","EBBF2395E8933C7BACE46AD51D451033745819B4B168934194C43B3B5121FAED","100","15","one TCP client and one sequential IMAP session per sample","0","PASS","E92ED927F40EA825DD551A4BA512B278123451CFAC76F908716AF84199904862","6FDC539CD1D13C7514886E7F7595F7A2A7107313E145AA44C7F0F223DA7B40B8","1","84","True","False","14689.908",,"True","100000","True","True","100000","True"
"5bd22377-9d1c-498f-825a-9cf230340a9e","MANIFEST_BOUND","hmail-perf-pair-100k-20260901","DE4DA2CDCDA01B1BE6D8C9BC98A377167205E940722D2BBCEE98A15A16ACB23A","net10","hmail_perf_pair_net10_20260831_213833","C:\hmail-perf-pair-100k-20260901\net10\Data","EBBF2395E8933C7BACE46AD51D451033745819B4B168934194C43B3B5121FAED","100","15","one TCP client and one sequential IMAP session per sample","0","PASS","E92ED927F40EA825DD551A4BA512B278123451CFAC76F908716AF84199904862","6FDC539CD1D13C7514886E7F7595F7A2A7107313E145AA44C7F0F223DA7B40B8","1","85","True","False","16046.193",,"True","100000","True","True","100000","True"
"5bd22377-9d1c-498f-825a-9cf230340a9e","MANIFEST_BOUND","hmail-perf-pair-100k-20260901","DE4DA2CDCDA01B1BE6D8C9BC98A377167205E940722D2BBCEE98A15A16ACB23A","net10","hmail_perf_pair_net10_20260831_213833","C:\hmail-perf-pair-100k-20260901\net10\Data","EBBF2395E8933C7BACE46AD51D451033745819B4B168934194C43B3B5121FAED","100","15","one TCP client and one sequential IMAP session per sample","0","PASS","E92ED927F40EA825DD551A4BA512B278123451CFAC76F908716AF84199904862","6FDC539CD1D13C7514886E7F7595F7A2A7107313E145AA44C7F0F223DA7B40B8","1","86","False","False","11203.122","Aktarma ba?lant?s?ndan veriler okunamad?: Ba?lan?lan uygun olarak belli bir s?re i?inde yan?t vermedi?inden veya kurulan
ba?lant? ba?lan?lan ana bilgisayar yan?t vermedi?inden bir ba?lant? kurulamad?.","False","0","False","False","0","False"
"5bd22377-9d1c-498f-825a-9cf230340a9e","MANIFEST_BOUND","hmail-perf-pair-100k-20260901","DE4DA2CDCDA01B1BE6D8C9BC98A377167205E940722D2BBCEE98A15A16ACB23A","net10","hmail_perf_pair_net10_20260831_213833","C:\hmail-perf-pair-100k-20260901\net10\Data","EBBF2395E8933C7BACE46AD51D451033745819B4B168934194C43B3B5121FAED","100","15","one TCP client and one sequential IMAP session per sample","0","PASS","E92ED927F40EA825DD551A4BA512B278123451CFAC76F908716AF84199904862","6FDC539CD1D13C7514886E7F7595F7A2A7107313E145AA44C7F0F223DA7B40B8","1","87","True","False","18464.295",,"True","100000","True","True","100000","True"
"5bd22377-9d1c-498f-825a-9cf230340a9e","MANIFEST_BOUND","hmail-perf-pair-100k-20260901","DE4DA2CDCDA01B1BE6D8C9BC98A377167205E940722D2BBCEE98A15A16ACB23A","net10","hmail_perf_pair_net10_20260831_213833","C:\hmail-perf-pair-100k-20260901\net10\Data","EBBF2395E8933C7BACE46AD51D451033745819B4B168934194C43B3B5121FAED","100","15","one TCP client and one sequential IMAP session per sample","0","PASS","E92ED927F40EA825DD551A4BA512B278123451CFAC76F908716AF84199904862","6FDC539CD1D13C7514886E7F7595F7A2A7107313E145AA44C7F0F223DA7B40B8","1","88","False","False","11296.803","Aktarma ba?lant?s?ndan veriler okunamad?: Ba?lan?lan uygun olarak belli bir s?re i?inde yan?t vermedi?inden veya kurulan
ba?lant? ba?lan?lan ana bilgisayar yan?t vermedi?inden bir ba?lant? kurulamad?.","False","0","False","False","0","False"
"5bd22377-9d1c-498f-825a-9cf230340a9e","MANIFEST_BOUND","hmail-perf-pair-100k-20260901","DE4DA2CDCDA01B1BE6D8C9BC98A377167205E940722D2BBCEE98A15A16ACB23A","net10","hmail_perf_pair_net10_20260831_213833","C:\hmail-perf-pair-100k-20260901\net10\Data","EBBF2395E8933C7BACE46AD51D451033745819B4B168934194C43B3B5121FAED","100","15","one TCP client and one sequential IMAP session per sample","0","PASS","E92ED927F40EA825DD551A4BA512B278123451CFAC76F908716AF84199904862","6FDC539CD1D13C7514886E7F7595F7A2A7107313E145AA44C7F0F223DA7B40B8","1","89","False","False","10815.927","Aktarma ba?lant?s?ndan veriler okunamad?: Ba?lan?lan uygun olarak belli bir s?re i?inde yan?t vermedi?inden veya kurulan
ba?lant? ba?lan?lan ana bilgisayar yan?t vermedi?inden bir ba?lant? kurulamad?.","False","0","False","False","0","False"
"5bd22377-9d1c-498f-825a-9cf230340a9e","MANIFEST_BOUND","hmail-perf-pair-100k-20260901","DE4DA2CDCDA01B1BE6D8C9BC98A377167205E940722D2BBCEE98A15A16ACB23A","net10","hmail_perf_pair_net10_20260831_213833","C:\hmail-perf-pair-100k-20260901\net10\Data","EBBF2395E8933C7BACE46AD51D451033745819B4B168934194C43B3B5121FAED","100","15","one TCP client and one sequential IMAP session per sample","0","PASS","E92ED927F40EA825DD551A4BA512B278123451CFAC76F908716AF84199904862","6FDC539CD1D13C7514886E7F7595F7A2A7107313E145AA44C7F0F223DA7B40B8","1","90","True","False","16517.893",,"True","100000","True","True","100000","True"
"5bd22377-9d1c-498f-825a-9cf230340a9e","MANIFEST_BOUND","hmail-perf-pair-100k-20260901","DE4DA2CDCDA01B1BE6D8C9BC98A377167205E940722D2BBCEE98A15A16ACB23A","net10","hmail_perf_pair_net10_20260831_213833","C:\hmail-perf-pair-100k-20260901\net10\Data","EBBF2395E8933C7BACE46AD51D451033745819B4B168934194C43B3B5121FAED","100","15","one TCP client and one sequential IMAP session per sample","0","PASS","E92ED927F40EA825DD551A4BA512B278123451CFAC76F908716AF84199904862","6FDC539CD1D13C7514886E7F7595F7A2A7107313E145AA44C7F0F223DA7B40B8","1","91","True","False","13095.749",,"True","100000","True","True","100000","True"
"5bd22377-9d1c-498f-825a-9cf230340a9e","MANIFEST_BOUND","hmail-perf-pair-100k-20260901","DE4DA2CDCDA01B1BE6D8C9BC98A377167205E940722D2BBCEE98A15A16ACB23A","net10","hmail_perf_pair_net10_20260831_213833","C:\hmail-perf-pair-100k-20260901\net10\Data","EBBF2395E8933C7BACE46AD51D451033745819B4B168934194C43B3B5121FAED","100","15","one TCP client and one sequential IMAP session per sample","0","PASS","E92ED927F40EA825DD551A4BA512B278123451CFAC76F908716AF84199904862","6FDC539CD1D13C7514886E7F7595F7A2A7107313E145AA44C7F0F223DA7B40B8","1","92","True","False","17516.954",,"True","100000","True","True","100000","True"
"5bd22377-9d1c-498f-825a-9cf230340a9e","MANIFEST_BOUND","hmail-perf-pair-100k-20260901","DE4DA2CDCDA01B1BE6D8C9BC98A377167205E940722D2BBCEE98A15A16ACB23A","net10","hmail_perf_pair_net10_20260831_213833","C:\hmail-perf-pair-100k-20260901\net10\Data","EBBF2395E8933C7BACE46AD51D451033745819B4B168934194C43B3B5121FAED","100","15","one TCP client and one sequential IMAP session per sample","0","PASS","E92ED927F40EA825DD551A4BA512B278123451CFAC76F908716AF84199904862","6FDC539CD1D13C7514886E7F7595F7A2A7107313E145AA44C7F0F223DA7B40B8","1","93","True","False","18802.728",,"True","100000","True","True","100000","True"
"5bd22377-9d1c-498f-825a-9cf230340a9e","MANIFEST_BOUND","hmail-perf-pair-100k-20260901","DE4DA2CDCDA01B1BE6D8C9BC98A377167205E940722D2BBCEE98A15A16ACB23A","net10","hmail_perf_pair_net10_20260831_213833","C:\hmail-perf-pair-100k-20260901\net10\Data","EBBF2395E8933C7BACE46AD51D451033745819B4B168934194C43B3B5121FAED","100","15","one TCP client and one sequential IMAP session per sample","0","PASS","E92ED927F40EA825DD551A4BA512B278123451CFAC76F908716AF84199904862","6FDC539CD1D13C7514886E7F7595F7A2A7107313E145AA44C7F0F223DA7B40B8","1","94","True","False","17640.224",,"True","100000","True","True","100000","True"
"5bd22377-9d1c-498f-825a-9cf230340a9e","MANIFEST_BOUND","hmail-perf-pair-100k-20260901","DE4DA2CDCDA01B1BE6D8C9BC98A377167205E940722D2BBCEE98A15A16ACB23A","net10","hmail_perf_pair_net10_20260831_213833","C:\hmail-perf-pair-100k-20260901\net10\Data","EBBF2395E8933C7BACE46AD51D451033745819B4B168934194C43B3B5121FAED","100","15","one TCP client and one sequential IMAP session per sample","0","PASS","E92ED927F40EA825DD551A4BA512B278123451CFAC76F908716AF84199904862","6FDC539CD1D13C7514886E7F7595F7A2A7107313E145AA44C7F0F223DA7B40B8","1","95","False","False","10922.958","Aktarma ba?lant?s?ndan veriler okunamad?: Ba?lan?lan uygun olarak belli bir s?re i?inde yan?t vermedi?inden veya kurulan
ba?lant? ba?lan?lan ana bilgisayar yan?t vermedi?inden bir ba?lant? kurulamad?.","False","0","False","False","0","False"
"5bd22377-9d1c-498f-825a-9cf230340a9e","MANIFEST_BOUND","hmail-perf-pair-100k-20260901","DE4DA2CDCDA01B1BE6D8C9BC98A377167205E940722D2BBCEE98A15A16ACB23A","net10","hmail_perf_pair_net10_20260831_213833","C:\hmail-perf-pair-100k-20260901\net10\Data","EBBF2395E8933C7BACE46AD51D451033745819B4B168934194C43B3B5121FAED","100","15","one TCP client and one sequential IMAP session per sample","0","PASS","E92ED927F40EA825DD551A4BA512B278123451CFAC76F908716AF84199904862","6FDC539CD1D13C7514886E7F7595F7A2A7107313E145AA44C7F0F223DA7B40B8","1","96","True","False","17868.257",,"True","100000","True","True","100000","True"
"5bd22377-9d1c-498f-825a-9cf230340a9e","MANIFEST_BOUND","hmail-perf-pair-100k-20260901","DE4DA2CDCDA01B1BE6D8C9BC98A377167205E940722D2BBCEE98A15A16ACB23A","net10","hmail_perf_pair_net10_20260831_213833","C:\hmail-perf-pair-100k-20260901\net10\Data","EBBF2395E8933C7BACE46AD51D451033745819B4B168934194C43B3B5121FAED","100","15","one TCP client and one sequential IMAP session per sample","0","PASS","E92ED927F40EA825DD551A4BA512B278123451CFAC76F908716AF84199904862","6FDC539CD1D13C7514886E7F7595F7A2A7107313E145AA44C7F0F223DA7B40B8","1","97","True","False","16082.851",,"True","100000","True","True","100000","True"
"5bd22377-9d1c-498f-825a-9cf230340a9e","MANIFEST_BOUND","hmail-perf-pair-100k-20260901","DE4DA2CDCDA01B1BE6D8C9BC98A377167205E940722D2BBCEE98A15A16ACB23A","net10","hmail_perf_pair_net10_20260831_213833","C:\hmail-perf-pair-100k-20260901\net10\Data","EBBF2395E8933C7BACE46AD51D451033745819B4B168934194C43B3B5121FAED","100","15","one TCP client and one sequential IMAP session per sample","0","PASS","E92ED927F40EA825DD551A4BA512B278123451CFAC76F908716AF84199904862","6FDC539CD1D13C7514886E7F7595F7A2A7107313E145AA44C7F0F223DA7B40B8","1","98","True","False","18859.145",,"True","100000","True","True","100000","True"
"5bd22377-9d1c-498f-825a-9cf230340a9e","MANIFEST_BOUND","hmail-perf-pair-100k-20260901","DE4DA2CDCDA01B1BE6D8C9BC98A377167205E940722D2BBCEE98A15A16ACB23A","net10","hmail_perf_pair_net10_20260831_213833","C:\hmail-perf-pair-100k-20260901\net10\Data","EBBF2395E8933C7BACE46AD51D451033745819B4B168934194C43B3B5121FAED","100","15","one TCP client and one sequential IMAP session per sample","0","PASS","E92ED927F40EA825DD551A4BA512B278123451CFAC76F908716AF84199904862","6FDC539CD1D13C7514886E7F7595F7A2A7107313E145AA44C7F0F223DA7B40B8","1","99","False","False","10938.272","Aktarma ba?lant?s?ndan veriler okunamad?: Ba?lan?lan uygun olarak belli bir s?re i?inde yan?t vermedi?inden veya kurulan
ba?lant? ba?lan?lan ana bilgisayar yan?t vermedi?inden bir ba?lant? kurulamad?.","False","0","False","False","0","False"
"5bd22377-9d1c-498f-825a-9cf230340a9e","MANIFEST_BOUND","hmail-perf-pair-100k-20260901","DE4DA2CDCDA01B1BE6D8C9BC98A377167205E940722D2BBCEE98A15A16ACB23A","net10","hmail_perf_pair_net10_20260831_213833","C:\hmail-perf-pair-100k-20260901\net10\Data","EBBF2395E8933C7BACE46AD51D451033745819B4B168934194C43B3B5121FAED","100","15","one TCP client and one sequential IMAP session per sample","0","PASS","E92ED927F40EA825DD551A4BA512B278123451CFAC76F908716AF84199904862","6FDC539CD1D13C7514886E7F7595F7A2A7107313E145AA44C7F0F223DA7B40B8","1","100","True","False","18287.994",,"True","100000","True","True","100000","True"
"5bd22377-9d1c-498f-825a-9cf230340a9e","MANIFEST_BOUND","hmail-perf-pair-100k-20260901","DE4DA2CDCDA01B1BE6D8C9BC98A377167205E940722D2BBCEE98A15A16ACB23A","net10","hmail_perf_pair_net10_20260831_213833","C:\hmail-perf-pair-100k-20260901\net10\Data","EBBF2395E8933C7BACE46AD51D451033745819B4B168934194C43B3B5121FAED","100","15","one TCP client and one sequential IMAP session per sample","0","PASS","E92ED927F40EA825DD551A4BA512B278123451CFAC76F908716AF84199904862","6FDC539CD1D13C7514886E7F7595F7A2A7107313E145AA44C7F0F223DA7B40B8","2","1","True","False","15485.522",,"True","100000","True","True","100000","True"
"5bd22377-9d1c-498f-825a-9cf230340a9e","MANIFEST_BOUND","hmail-perf-pair-100k-20260901","DE4DA2CDCDA01B1BE6D8C9BC98A377167205E940722D2BBCEE98A15A16ACB23A","net10","hmail_perf_pair_net10_20260831_213833","C:\hmail-perf-pair-100k-20260901\net10\Data","EBBF2395E8933C7BACE46AD51D451033745819B4B168934194C43B3B5121FAED","100","15","one TCP client and one sequential IMAP session per sample","0","PASS","E92ED927F40EA825DD551A4BA512B278123451CFAC76F908716AF84199904862","6FDC539CD1D13C7514886E7F7595F7A2A7107313E145AA44C7F0F223DA7B40B8","2","2","True","False","17296.284",,"True","100000","True","True","100000","True"
"5bd22377-9d1c-498f-825a-9cf230340a9e","MANIFEST_BOUND","hmail-perf-pair-100k-20260901","DE4DA2CDCDA01B1BE6D8C9BC98A377167205E940722D2BBCEE98A15A16ACB23A","net10","hmail_perf_pair_net10_20260831_213833","C:\hmail-perf-pair-100k-20260901\net10\Data","EBBF2395E8933C7BACE46AD51D451033745819B4B168934194C43B3B5121FAED","100","15","one TCP client and one sequential IMAP session per sample","0","PASS","E92ED927F40EA825DD551A4BA512B278123451CFAC76F908716AF84199904862","6FDC539CD1D13C7514886E7F7595F7A2A7107313E145AA44C7F0F223DA7B40B8","2","3","False","False","15986.635","Aktarma ba?lant?s?ndan veriler okunamad?: Ba?lan?lan uygun olarak belli bir s?re i?inde yan?t vermedi?inden veya kurulan
ba?lant? ba?lan?lan ana bilgisayar yan?t vermedi?inden bir ba?lant? kurulamad?.","False","0","False","False","0","False"
"5bd22377-9d1c-498f-825a-9cf230340a9e","MANIFEST_BOUND","hmail-perf-pair-100k-20260901","DE4DA2CDCDA01B1BE6D8C9BC98A377167205E940722D2BBCEE98A15A16ACB23A","net10","hmail_perf_pair_net10_20260831_213833","C:\hmail-perf-pair-100k-20260901\net10\Data","EBBF2395E8933C7BACE46AD51D451033745819B4B168934194C43B3B5121FAED","100","15","one TCP client and one sequential IMAP session per sample","0","PASS","E92ED927F40EA825DD551A4BA512B278123451CFAC76F908716AF84199904862","6FDC539CD1D13C7514886E7F7595F7A2A7107313E145AA44C7F0F223DA7B40B8","2","4","False","False","20901.547","Aktarma ba?lant?s?ndan veriler okunamad?: Ba?lan?lan uygun olarak belli bir s?re i?inde yan?t vermedi?inden veya kurulan
ba?lant? ba?lan?lan ana bilgisayar yan?t vermedi?inden bir ba?lant? kurulamad?.","False","0","False","False","0","False"
"5bd22377-9d1c-498f-825a-9cf230340a9e","MANIFEST_BOUND","hmail-perf-pair-100k-20260901","DE4DA2CDCDA01B1BE6D8C9BC98A377167205E940722D2BBCEE98A15A16ACB23A","net10","hmail_perf_pair_net10_20260831_213833","C:\hmail-perf-pair-100k-20260901\net10\Data","EBBF2395E8933C7BACE46AD51D451033745819B4B168934194C43B3B5121FAED","100","15","one TCP client and one sequential IMAP session per sample","0","PASS","E92ED927F40EA825DD551A4BA512B278123451CFAC76F908716AF84199904862","6FDC539CD1D13C7514886E7F7595F7A2A7107313E145AA44C7F0F223DA7B40B8","2","5","True","False","21173.012",,"True","100000","True","True","100000","True"
"5bd22377-9d1c-498f-825a-9cf230340a9e","MANIFEST_BOUND","hmail-perf-pair-100k-20260901","DE4DA2CDCDA01B1BE6D8C9BC98A377167205E940722D2BBCEE98A15A16ACB23A","net10","hmail_perf_pair_net10_20260831_213833","C:\hmail-perf-pair-100k-20260901\net10\Data","EBBF2395E8933C7BACE46AD51D451033745819B4B168934194C43B3B5121FAED","100","15","one TCP client and one sequential IMAP session per sample","0","PASS","E92ED927F40EA825DD551A4BA512B278123451CFAC76F908716AF84199904862","6FDC539CD1D13C7514886E7F7595F7A2A7107313E145AA44C7F0F223DA7B40B8","2","6","True","False","18091.144",,"True","100000","True","True","100000","True"
"5bd22377-9d1c-498f-825a-9cf230340a9e","MANIFEST_BOUND","hmail-perf-pair-100k-20260901","DE4DA2CDCDA01B1BE6D8C9BC98A377167205E940722D2BBCEE98A15A16ACB23A","net10","hmail_perf_pair_net10_20260831_213833","C:\hmail-perf-pair-100k-20260901\net10\Data","EBBF2395E8933C7BACE46AD51D451033745819B4B168934194C43B3B5121FAED","100","15","one TCP client and one sequential IMAP session per sample","0","PASS","E92ED927F40EA825DD551A4BA512B278123451CFAC76F908716AF84199904862","6FDC539CD1D13C7514886E7F7595F7A2A7107313E145AA44C7F0F223DA7B40B8","2","7","False","False","20741.8","Aktarma ba?lant?s?ndan veriler okunamad?: Ba?lan?lan uygun olarak belli bir s?re i?inde yan?t vermedi?inden veya kurulan
ba?lant? ba?lan?lan ana bilgisayar yan?t vermedi?inden bir ba?lant? kurulamad?.","False","0","False","False","0","False"
"5bd22377-9d1c-498f-825a-9cf230340a9e","MANIFEST_BOUND","hmail-perf-pair-100k-20260901","DE4DA2CDCDA01B1BE6D8C9BC98A377167205E940722D2BBCEE98A15A16ACB23A","net10","hmail_perf_pair_net10_20260831_213833","C:\hmail-perf-pair-100k-20260901\net10\Data","EBBF2395E8933C7BACE46AD51D451033745819B4B168934194C43B3B5121FAED","100","15","one TCP client and one sequential IMAP session per sample","0","PASS","E92ED927F40EA825DD551A4BA512B278123451CFAC76F908716AF84199904862","6FDC539CD1D13C7514886E7F7595F7A2A7107313E145AA44C7F0F223DA7B40B8","2","8","False","False","19218.759","Aktarma ba?lant?s?ndan veriler okunamad?: Ba?lan?lan uygun olarak belli bir s?re i?inde yan?t vermedi?inden veya kurulan
ba?lant? ba?lan?lan ana bilgisayar yan?t vermedi?inden bir ba?lant? kurulamad?.","False","0","False","False","0","False"
"5bd22377-9d1c-498f-825a-9cf230340a9e","MANIFEST_BOUND","hmail-perf-pair-100k-20260901","DE4DA2CDCDA01B1BE6D8C9BC98A377167205E940722D2BBCEE98A15A16ACB23A","net10","hmail_perf_pair_net10_20260831_213833","C:\hmail-perf-pair-100k-20260901\net10\Data","EBBF2395E8933C7BACE46AD51D451033745819B4B168934194C43B3B5121FAED","100","15","one TCP client and one sequential IMAP session per sample","0","PASS","E92ED927F40EA825DD551A4BA512B278123451CFAC76F908716AF84199904862","6FDC539CD1D13C7514886E7F7595F7A2A7107313E145AA44C7F0F223DA7B40B8","2","9","True","False","14539.424",,"True","100000","True","True","100000","True"
"5bd22377-9d1c-498f-825a-9cf230340a9e","MANIFEST_BOUND","hmail-perf-pair-100k-20260901","DE4DA2CDCDA01B1BE6D8C9BC98A377167205E940722D2BBCEE98A15A16ACB23A","net10","hmail_perf_pair_net10_20260831_213833","C:\hmail-perf-pair-100k-20260901\net10\Data","EBBF2395E8933C7BACE46AD51D451033745819B4B168934194C43B3B5121FAED","100","15","one TCP client and one sequential IMAP session per sample","0","PASS","E92ED927F40EA825DD551A4BA512B278123451CFAC76F908716AF84199904862","6FDC539CD1D13C7514886E7F7595F7A2A7107313E145AA44C7F0F223DA7B40B8","2","10","False","False","21028.003","Aktarma ba?lant?s?ndan veriler okunamad?: Ba?lan?lan uygun olarak belli bir s?re i?inde yan?t vermedi?inden veya kurulan
ba?lant? ba?lan?lan ana bilgisayar yan?t vermedi?inden bir ba?lant? kurulamad?.","False","0","False","False","0","False"
"5bd22377-9d1c-498f-825a-9cf230340a9e","MANIFEST_BOUND","hmail-perf-pair-100k-20260901","DE4DA2CDCDA01B1BE6D8C9BC98A377167205E940722D2BBCEE98A15A16ACB23A","net10","hmail_perf_pair_net10_20260831_213833","C:\hmail-perf-pair-100k-20260901\net10\Data","EBBF2395E8933C7BACE46AD51D451033745819B4B168934194C43B3B5121FAED","100","15","one TCP client and one sequential IMAP session per sample","0","PASS","E92ED927F40EA825DD551A4BA512B278123451CFAC76F908716AF84199904862","6FDC539CD1D13C7514886E7F7595F7A2A7107313E145AA44C7F0F223DA7B40B8","2","11","False","False","15566.991","Aktarma ba?lant?s?ndan veriler okunamad?: Ba?lan?lan uygun olarak belli bir s?re i?inde yan?t vermedi?inden veya kurulan
ba?lant? ba?lan?lan ana bilgisayar yan?t vermedi?inden bir ba?lant? kurulamad?.","False","0","False","False","0","False"
"5bd22377-9d1c-498f-825a-9cf230340a9e","MANIFEST_BOUND","hmail-perf-pair-100k-20260901","DE4DA2CDCDA01B1BE6D8C9BC98A377167205E940722D2BBCEE98A15A16ACB23A","net10","hmail_perf_pair_net10_20260831_213833","C:\hmail-perf-pair-100k-20260901\net10\Data","EBBF2395E8933C7BACE46AD51D451033745819B4B168934194C43B3B5121FAED","100","15","one TCP client and one sequential IMAP session per sample","0","PASS","E92ED927F40EA825DD551A4BA512B278123451CFAC76F908716AF84199904862","6FDC539CD1D13C7514886E7F7595F7A2A7107313E145AA44C7F0F223DA7B40B8","2","12","False","False","19889.765","Aktarma ba?lant?s?ndan veriler okunamad?: Ba?lan?lan uygun olarak belli bir s?re i?inde yan?t vermedi?inden veya kurulan
ba?lant? ba?lan?lan ana bilgisayar yan?t vermedi?inden bir ba?lant? kurulamad?.","False","0","False","False","0","False"
"5bd22377-9d1c-498f-825a-9cf230340a9e","MANIFEST_BOUND","hmail-perf-pair-100k-20260901","DE4DA2CDCDA01B1BE6D8C9BC98A377167205E940722D2BBCEE98A15A16ACB23A","net10","hmail_perf_pair_net10_20260831_213833","C:\hmail-perf-pair-100k-20260901\net10\Data","EBBF2395E8933C7BACE46AD51D451033745819B4B168934194C43B3B5121FAED","100","15","one TCP client and one sequential IMAP session per sample","0","PASS","E92ED927F40EA825DD551A4BA512B278123451CFAC76F908716AF84199904862","6FDC539CD1D13C7514886E7F7595F7A2A7107313E145AA44C7F0F223DA7B40B8","2","13","True","False","16620.835",,"True","100000","True","True","100000","True"
"5bd22377-9d1c-498f-825a-9cf230340a9e","MANIFEST_BOUND","hmail-perf-pair-100k-20260901","DE4DA2CDCDA01B1BE6D8C9BC98A377167205E940722D2BBCEE98A15A16ACB23A","net10","hmail_perf_pair_net10_20260831_213833","C:\hmail-perf-pair-100k-20260901\net10\Data","EBBF2395E8933C7BACE46AD51D451033745819B4B168934194C43B3B5121FAED","100","15","one TCP client and one sequential IMAP session per sample","0","PASS","E92ED927F40EA825DD551A4BA512B278123451CFAC76F908716AF84199904862","6FDC539CD1D13C7514886E7F7595F7A2A7107313E145AA44C7F0F223DA7B40B8","2","14","True","False","14315.688",,"True","100000","True","True","100000","True"
"5bd22377-9d1c-498f-825a-9cf230340a9e","MANIFEST_BOUND","hmail-perf-pair-100k-20260901","DE4DA2CDCDA01B1BE6D8C9BC98A377167205E940722D2BBCEE98A15A16ACB23A","net10","hmail_perf_pair_net10_20260831_213833","C:\hmail-perf-pair-100k-20260901\net10\Data","EBBF2395E8933C7BACE46AD51D451033745819B4B168934194C43B3B5121FAED","100","15","one TCP client and one sequential IMAP session per sample","0","PASS","E92ED927F40EA825DD551A4BA512B278123451CFAC76F908716AF84199904862","6FDC539CD1D13C7514886E7F7595F7A2A7107313E145AA44C7F0F223DA7B40B8","2","15","True","False","18079.973",,"True","100000","True","True","100000","True"
"5bd22377-9d1c-498f-825a-9cf230340a9e","MANIFEST_BOUND","hmail-perf-pair-100k-20260901","DE4DA2CDCDA01B1BE6D8C9BC98A377167205E940722D2BBCEE98A15A16ACB23A","net10","hmail_perf_pair_net10_20260831_213833","C:\hmail-perf-pair-100k-20260901\net10\Data","EBBF2395E8933C7BACE46AD51D451033745819B4B168934194C43B3B5121FAED","100","15","one TCP client and one sequential IMAP session per sample","0","PASS","E92ED927F40EA825DD551A4BA512B278123451CFAC76F908716AF84199904862","6FDC539CD1D13C7514886E7F7595F7A2A7107313E145AA44C7F0F223DA7B40B8","2","16","True","False","14735.118",,"True","100000","True","True","100000","True"
"5bd22377-9d1c-498f-825a-9cf230340a9e","MANIFEST_BOUND","hmail-perf-pair-100k-20260901","DE4DA2CDCDA01B1BE6D8C9BC98A377167205E940722D2BBCEE98A15A16ACB23A","net10","hmail_perf_pair_net10_20260831_213833","C:\hmail-perf-pair-100k-20260901\net10\Data","EBBF2395E8933C7BACE46AD51D451033745819B4B168934194C43B3B5121FAED","100","15","one TCP client and one sequential IMAP session per sample","0","PASS","E92ED927F40EA825DD551A4BA512B278123451CFAC76F908716AF84199904862","6FDC539CD1D13C7514886E7F7595F7A2A7107313E145AA44C7F0F223DA7B40B8","2","17","True","False","21248.526",,"True","100000","True","True","100000","True"
"5bd22377-9d1c-498f-825a-9cf230340a9e","MANIFEST_BOUND","hmail-perf-pair-100k-20260901","DE4DA2CDCDA01B1BE6D8C9BC98A377167205E940722D2BBCEE98A15A16ACB23A","net10","hmail_perf_pair_net10_20260831_213833","C:\hmail-perf-pair-100k-20260901\net10\Data","EBBF2395E8933C7BACE46AD51D451033745819B4B168934194C43B3B5121FAED","100","15","one TCP client and one sequential IMAP session per sample","0","PASS","E92ED927F40EA825DD551A4BA512B278123451CFAC76F908716AF84199904862","6FDC539CD1D13C7514886E7F7595F7A2A7107313E145AA44C7F0F223DA7B40B8","2","18","True","False","20912.649",,"True","100000","True","True","100000","True"
"5bd22377-9d1c-498f-825a-9cf230340a9e","MANIFEST_BOUND","hmail-perf-pair-100k-20260901","DE4DA2CDCDA01B1BE6D8C9BC98A377167205E940722D2BBCEE98A15A16ACB23A","net10","hmail_perf_pair_net10_20260831_213833","C:\hmail-perf-pair-100k-20260901\net10\Data","EBBF2395E8933C7BACE46AD51D451033745819B4B168934194C43B3B5121FAED","100","15","one TCP client and one sequential IMAP session per sample","0","PASS","E92ED927F40EA825DD551A4BA512B278123451CFAC76F908716AF84199904862","6FDC539CD1D13C7514886E7F7595F7A2A7107313E145AA44C7F0F223DA7B40B8","2","19","True","False","19712.895",,"True","100000","True","True","100000","True"
"5bd22377-9d1c-498f-825a-9cf230340a9e","MANIFEST_BOUND","hmail-perf-pair-100k-20260901","DE4DA2CDCDA01B1BE6D8C9BC98A377167205E940722D2BBCEE98A15A16ACB23A","net10","hmail_perf_pair_net10_20260831_213833","C:\hmail-perf-pair-100k-20260901\net10\Data","EBBF2395E8933C7BACE46AD51D451033745819B4B168934194C43B3B5121FAED","100","15","one TCP client and one sequential IMAP session per sample","0","PASS","E92ED927F40EA825DD551A4BA512B278123451CFAC76F908716AF84199904862","6FDC539CD1D13C7514886E7F7595F7A2A7107313E145AA44C7F0F223DA7B40B8","2","20","True","False","14628.702",,"True","100000","True","True","100000","True"
"5bd22377-9d1c-498f-825a-9cf230340a9e","MANIFEST_BOUND","hmail-perf-pair-100k-20260901","DE4DA2CDCDA01B1BE6D8C9BC98A377167205E940722D2BBCEE98A15A16ACB23A","net10","hmail_perf_pair_net10_20260831_213833","C:\hmail-perf-pair-100k-20260901\net10\Data","EBBF2395E8933C7BACE46AD51D451033745819B4B168934194C43B3B5121FAED","100","15","one TCP client and one sequential IMAP session per sample","0","PASS","E92ED927F40EA825DD551A4BA512B278123451CFAC76F908716AF84199904862","6FDC539CD1D13C7514886E7F7595F7A2A7107313E145AA44C7F0F223DA7B40B8","2","21","False","False","18221.002","Aktarma ba?lant?s?ndan veriler okunamad?: Ba?lan?lan uygun olarak belli bir s?re i?inde yan?t vermedi?inden veya kurulan
ba?lant? ba?lan?lan ana bilgisayar yan?t vermedi?inden bir ba?lant? kurulamad?.","False","0","False","False","0","False"
"5bd22377-9d1c-498f-825a-9cf230340a9e","MANIFEST_BOUND","hmail-perf-pair-100k-20260901","DE4DA2CDCDA01B1BE6D8C9BC98A377167205E940722D2BBCEE98A15A16ACB23A","net10","hmail_perf_pair_net10_20260831_213833","C:\hmail-perf-pair-100k-20260901\net10\Data","EBBF2395E8933C7BACE46AD51D451033745819B4B168934194C43B3B5121FAED","100","15","one TCP client and one sequential IMAP session per sample","0","PASS","E92ED927F40EA825DD551A4BA512B278123451CFAC76F908716AF84199904862","6FDC539CD1D13C7514886E7F7595F7A2A7107313E145AA44C7F0F223DA7B40B8","2","22","False","False","19796.573","Aktarma ba?lant?s?ndan veriler okunamad?: Ba?lan?lan uygun olarak belli bir s?re i?inde yan?t vermedi?inden veya kurulan
ba?lant? ba?lan?lan ana bilgisayar yan?t vermedi?inden bir ba?lant? kurulamad?.","False","0","False","False","0","False"
"5bd22377-9d1c-498f-825a-9cf230340a9e","MANIFEST_BOUND","hmail-perf-pair-100k-20260901","DE4DA2CDCDA01B1BE6D8C9BC98A377167205E940722D2BBCEE98A15A16ACB23A","net10","hmail_perf_pair_net10_20260831_213833","C:\hmail-perf-pair-100k-20260901\net10\Data","EBBF2395E8933C7BACE46AD51D451033745819B4B168934194C43B3B5121FAED","100","15","one TCP client and one sequential IMAP session per sample","0","PASS","E92ED927F40EA825DD551A4BA512B278123451CFAC76F908716AF84199904862","6FDC539CD1D13C7514886E7F7595F7A2A7107313E145AA44C7F0F223DA7B40B8","2","23","True","False","15308.396",,"True","100000","True","True","100000","True"
"5bd22377-9d1c-498f-825a-9cf230340a9e","MANIFEST_BOUND","hmail-perf-pair-100k-20260901","DE4DA2CDCDA01B1BE6D8C9BC98A377167205E940722D2BBCEE98A15A16ACB23A","net10","hmail_perf_pair_net10_20260831_213833","C:\hmail-perf-pair-100k-20260901\net10\Data","EBBF2395E8933C7BACE46AD51D451033745819B4B168934194C43B3B5121FAED","100","15","one TCP client and one sequential IMAP session per sample","0","PASS","E92ED927F40EA825DD551A4BA512B278123451CFAC76F908716AF84199904862","6FDC539CD1D13C7514886E7F7595F7A2A7107313E145AA44C7F0F223DA7B40B8","2","24","False","False","18548.315","Aktarma ba?lant?s?ndan veriler okunamad?: Ba?lan?lan uygun olarak belli bir s?re i?inde yan?t vermedi?inden veya kurulan
ba?lant? ba?lan?lan ana bilgisayar yan?t vermedi?inden bir ba?lant? kurulamad?.","False","0","False","False","0","False"
"5bd22377-9d1c-498f-825a-9cf230340a9e","MANIFEST_BOUND","hmail-perf-pair-100k-20260901","DE4DA2CDCDA01B1BE6D8C9BC98A377167205E940722D2BBCEE98A15A16ACB23A","net10","hmail_perf_pair_net10_20260831_213833","C:\hmail-perf-pair-100k-20260901\net10\Data","EBBF2395E8933C7BACE46AD51D451033745819B4B168934194C43B3B5121FAED","100","15","one TCP client and one sequential IMAP session per sample","0","PASS","E92ED927F40EA825DD551A4BA512B278123451CFAC76F908716AF84199904862","6FDC539CD1D13C7514886E7F7595F7A2A7107313E145AA44C7F0F223DA7B40B8","2","25","True","False","18087.612",,"True","100000","True","True","100000","True"
"5bd22377-9d1c-498f-825a-9cf230340a9e","MANIFEST_BOUND","hmail-perf-pair-100k-20260901","DE4DA2CDCDA01B1BE6D8C9BC98A377167205E940722D2BBCEE98A15A16ACB23A","net10","hmail_perf_pair_net10_20260831_213833","C:\hmail-perf-pair-100k-20260901\net10\Data","EBBF2395E8933C7BACE46AD51D451033745819B4B168934194C43B3B5121FAED","100","15","one TCP client and one sequential IMAP session per sample","0","PASS","E92ED927F40EA825DD551A4BA512B278123451CFAC76F908716AF84199904862","6FDC539CD1D13C7514886E7F7595F7A2A7107313E145AA44C7F0F223DA7B40B8","2","26","True","False","16328.338",,"True","100000","True","True","100000","True"
"5bd22377-9d1c-498f-825a-9cf230340a9e","MANIFEST_BOUND","hmail-perf-pair-100k-20260901","DE4DA2CDCDA01B1BE6D8C9BC98A377167205E940722D2BBCEE98A15A16ACB23A","net10","hmail_perf_pair_net10_20260831_213833","C:\hmail-perf-pair-100k-20260901\net10\Data","EBBF2395E8933C7BACE46AD51D451033745819B4B168934194C43B3B5121FAED","100","15","one TCP client and one sequential IMAP session per sample","0","PASS","E92ED927F40EA825DD551A4BA512B278123451CFAC76F908716AF84199904862","6FDC539CD1D13C7514886E7F7595F7A2A7107313E145AA44C7F0F223DA7B40B8","2","27","True","False","16808.255",,"True","100000","True","True","100000","True"
"5bd22377-9d1c-498f-825a-9cf230340a9e","MANIFEST_BOUND","hmail-perf-pair-100k-20260901","DE4DA2CDCDA01B1BE6D8C9BC98A377167205E940722D2BBCEE98A15A16ACB23A","net10","hmail_perf_pair_net10_20260831_213833","C:\hmail-perf-pair-100k-20260901\net10\Data","EBBF2395E8933C7BACE46AD51D451033745819B4B168934194C43B3B5121FAED","100","15","one TCP client and one sequential IMAP session per sample","0","PASS","E92ED927F40EA825DD551A4BA512B278123451CFAC76F908716AF84199904862","6FDC539CD1D13C7514886E7F7595F7A2A7107313E145AA44C7F0F223DA7B40B8","2","28","True","False","18087.207",,"True","100000","True","True","100000","True"
"5bd22377-9d1c-498f-825a-9cf230340a9e","MANIFEST_BOUND","hmail-perf-pair-100k-20260901","DE4DA2CDCDA01B1BE6D8C9BC98A377167205E940722D2BBCEE98A15A16ACB23A","net10","hmail_perf_pair_net10_20260831_213833","C:\hmail-perf-pair-100k-20260901\net10\Data","EBBF2395E8933C7BACE46AD51D451033745819B4B168934194C43B3B5121FAED","100","15","one TCP client and one sequential IMAP session per sample","0","PASS","E92ED927F40EA825DD551A4BA512B278123451CFAC76F908716AF84199904862","6FDC539CD1D13C7514886E7F7595F7A2A7107313E145AA44C7F0F223DA7B40B8","2","29","True","False","19462.608",,"True","100000","True","True","100000","True"
"5bd22377-9d1c-498f-825a-9cf230340a9e","MANIFEST_BOUND","hmail-perf-pair-100k-20260901","DE4DA2CDCDA01B1BE6D8C9BC98A377167205E940722D2BBCEE98A15A16ACB23A","net10","hmail_perf_pair_net10_20260831_213833","C:\hmail-perf-pair-100k-20260901\net10\Data","EBBF2395E8933C7BACE46AD51D451033745819B4B168934194C43B3B5121FAED","100","15","one TCP client and one sequential IMAP session per sample","0","PASS","E92ED927F40EA825DD551A4BA512B278123451CFAC76F908716AF84199904862","6FDC539CD1D13C7514886E7F7595F7A2A7107313E145AA44C7F0F223DA7B40B8","2","30","False","False","19827.236","Aktarma ba?lant?s?ndan veriler okunamad?: Ba?lan?lan uygun olarak belli bir s?re i?inde yan?t vermedi?inden veya kurulan
ba?lant? ba?lan?lan ana bilgisayar yan?t vermedi?inden bir ba?lant? kurulamad?.","False","0","False","False","0","False"
"5bd22377-9d1c-498f-825a-9cf230340a9e","MANIFEST_BOUND","hmail-perf-pair-100k-20260901","DE4DA2CDCDA01B1BE6D8C9BC98A377167205E940722D2BBCEE98A15A16ACB23A","net10","hmail_perf_pair_net10_20260831_213833","C:\hmail-perf-pair-100k-20260901\net10\Data","EBBF2395E8933C7BACE46AD51D451033745819B4B168934194C43B3B5121FAED","100","15","one TCP client and one sequential IMAP session per sample","0","PASS","E92ED927F40EA825DD551A4BA512B278123451CFAC76F908716AF84199904862","6FDC539CD1D13C7514886E7F7595F7A2A7107313E145AA44C7F0F223DA7B40B8","2","31","True","False","18089.166",,"True","100000","True","True","100000","True"
"5bd22377-9d1c-498f-825a-9cf230340a9e","MANIFEST_BOUND","hmail-perf-pair-100k-20260901","DE4DA2CDCDA01B1BE6D8C9BC98A377167205E940722D2BBCEE98A15A16ACB23A","net10","hmail_perf_pair_net10_20260831_213833","C:\hmail-perf-pair-100k-20260901\net10\Data","EBBF2395E8933C7BACE46AD51D451033745819B4B168934194C43B3B5121FAED","100","15","one TCP client and one sequential IMAP session per sample","0","PASS","E92ED927F40EA825DD551A4BA512B278123451CFAC76F908716AF84199904862","6FDC539CD1D13C7514886E7F7595F7A2A7107313E145AA44C7F0F223DA7B40B8","2","32","True","False","20681.401",,"True","100000","True","True","100000","True"
"5bd22377-9d1c-498f-825a-9cf230340a9e","MANIFEST_BOUND","hmail-perf-pair-100k-20260901","DE4DA2CDCDA01B1BE6D8C9BC98A377167205E940722D2BBCEE98A15A16ACB23A","net10","hmail_perf_pair_net10_20260831_213833","C:\hmail-perf-pair-100k-20260901\net10\Data","EBBF2395E8933C7BACE46AD51D451033745819B4B168934194C43B3B5121FAED","100","15","one TCP client and one sequential IMAP session per sample","0","PASS","E92ED927F40EA825DD551A4BA512B278123451CFAC76F908716AF84199904862","6FDC539CD1D13C7514886E7F7595F7A2A7107313E145AA44C7F0F223DA7B40B8","2","33","False","False","15427.968","Aktarma ba?lant?s?ndan veriler okunamad?: Ba?lan?lan uygun olarak belli bir s?re i?inde yan?t vermedi?inden veya kurulan
ba?lant? ba?lan?lan ana bilgisayar yan?t vermedi?inden bir ba?lant? kurulamad?.","False","0","False","False","0","False"
"5bd22377-9d1c-498f-825a-9cf230340a9e","MANIFEST_BOUND","hmail-perf-pair-100k-20260901","DE4DA2CDCDA01B1BE6D8C9BC98A377167205E940722D2BBCEE98A15A16ACB23A","net10","hmail_perf_pair_net10_20260831_213833","C:\hmail-perf-pair-100k-20260901\net10\Data","EBBF2395E8933C7BACE46AD51D451033745819B4B168934194C43B3B5121FAED","100","15","one TCP client and one sequential IMAP session per sample","0","PASS","E92ED927F40EA825DD551A4BA512B278123451CFAC76F908716AF84199904862","6FDC539CD1D13C7514886E7F7595F7A2A7107313E145AA44C7F0F223DA7B40B8","2","34","True","False","15636.378",,"True","100000","True","True","100000","True"
"5bd22377-9d1c-498f-825a-9cf230340a9e","MANIFEST_BOUND","hmail-perf-pair-100k-20260901","DE4DA2CDCDA01B1BE6D8C9BC98A377167205E940722D2BBCEE98A15A16ACB23A","net10","hmail_perf_pair_net10_20260831_213833","C:\hmail-perf-pair-100k-20260901\net10\Data","EBBF2395E8933C7BACE46AD51D451033745819B4B168934194C43B3B5121FAED","100","15","one TCP client and one sequential IMAP session per sample","0","PASS","E92ED927F40EA825DD551A4BA512B278123451CFAC76F908716AF84199904862","6FDC539CD1D13C7514886E7F7595F7A2A7107313E145AA44C7F0F223DA7B40B8","2","35","True","False","17450.667",,"True","100000","True","True","100000","True"
"5bd22377-9d1c-498f-825a-9cf230340a9e","MANIFEST_BOUND","hmail-perf-pair-100k-20260901","DE4DA2CDCDA01B1BE6D8C9BC98A377167205E940722D2BBCEE98A15A16ACB23A","net10","hmail_perf_pair_net10_20260831_213833","C:\hmail-perf-pair-100k-20260901\net10\Data","EBBF2395E8933C7BACE46AD51D451033745819B4B168934194C43B3B5121FAED","100","15","one TCP client and one sequential IMAP session per sample","0","PASS","E92ED927F40EA825DD551A4BA512B278123451CFAC76F908716AF84199904862","6FDC539CD1D13C7514886E7F7595F7A2A7107313E145AA44C7F0F223DA7B40B8","2","36","False","False","19889.65","Aktarma ba?lant?s?ndan veriler okunamad?: Ba?lan?lan uygun olarak belli bir s?re i?inde yan?t vermedi?inden veya kurulan
ba?lant? ba?lan?lan ana bilgisayar yan?t vermedi?inden bir ba?lant? kurulamad?.","False","0","False","False","0","False"
"5bd22377-9d1c-498f-825a-9cf230340a9e","MANIFEST_BOUND","hmail-perf-pair-100k-20260901","DE4DA2CDCDA01B1BE6D8C9BC98A377167205E940722D2BBCEE98A15A16ACB23A","net10","hmail_perf_pair_net10_20260831_213833","C:\hmail-perf-pair-100k-20260901\net10\Data","EBBF2395E8933C7BACE46AD51D451033745819B4B168934194C43B3B5121FAED","100","15","one TCP client and one sequential IMAP session per sample","0","PASS","E92ED927F40EA825DD551A4BA512B278123451CFAC76F908716AF84199904862","6FDC539CD1D13C7514886E7F7595F7A2A7107313E145AA44C7F0F223DA7B40B8","2","37","True","False","17167.76",,"True","100000","True","True","100000","True"
"5bd22377-9d1c-498f-825a-9cf230340a9e","MANIFEST_BOUND","hmail-perf-pair-100k-20260901","DE4DA2CDCDA01B1BE6D8C9BC98A377167205E940722D2BBCEE98A15A16ACB23A","net10","hmail_perf_pair_net10_20260831_213833","C:\hmail-perf-pair-100k-20260901\net10\Data","EBBF2395E8933C7BACE46AD51D451033745819B4B168934194C43B3B5121FAED","100","15","one TCP client and one sequential IMAP session per sample","0","PASS","E92ED927F40EA825DD551A4BA512B278123451CFAC76F908716AF84199904862","6FDC539CD1D13C7514886E7F7595F7A2A7107313E145AA44C7F0F223DA7B40B8","2","38","True","False","20944.943",,"True","100000","True","True","100000","True"
"5bd22377-9d1c-498f-825a-9cf230340a9e","MANIFEST_BOUND","hmail-perf-pair-100k-20260901","DE4DA2CDCDA01B1BE6D8C9BC98A377167205E940722D2BBCEE98A15A16ACB23A","net10","hmail_perf_pair_net10_20260831_213833","C:\hmail-perf-pair-100k-20260901\net10\Data","EBBF2395E8933C7BACE46AD51D451033745819B4B168934194C43B3B5121FAED","100","15","one TCP client and one sequential IMAP session per sample","0","PASS","E92ED927F40EA825DD551A4BA512B278123451CFAC76F908716AF84199904862","6FDC539CD1D13C7514886E7F7595F7A2A7107313E145AA44C7F0F223DA7B40B8","2","39","True","False","15952.044",,"True","100000","True","True","100000","True"
"5bd22377-9d1c-498f-825a-9cf230340a9e","MANIFEST_BOUND","hmail-perf-pair-100k-20260901","DE4DA2CDCDA01B1BE6D8C9BC98A377167205E940722D2BBCEE98A15A16ACB23A","net10","hmail_perf_pair_net10_20260831_213833","C:\hmail-perf-pair-100k-20260901\net10\Data","EBBF2395E8933C7BACE46AD51D451033745819B4B168934194C43B3B5121FAED","100","15","one TCP client and one sequential IMAP session per sample","0","PASS","E92ED927F40EA825DD551A4BA512B278123451CFAC76F908716AF84199904862","6FDC539CD1D13C7514886E7F7595F7A2A7107313E145AA44C7F0F223DA7B40B8","2","40","False","False","11418.934","Aktarma ba?lant?s?ndan veriler okunamad?: Ba?lan?lan uygun olarak belli bir s?re i?inde yan?t vermedi?inden veya kurulan
ba?lant? ba?lan?lan ana bilgisayar yan?t vermedi?inden bir ba?lant? kurulamad?.","False","0","False","False","0","False"
"5bd22377-9d1c-498f-825a-9cf230340a9e","MANIFEST_BOUND","hmail-perf-pair-100k-20260901","DE4DA2CDCDA01B1BE6D8C9BC98A377167205E940722D2BBCEE98A15A16ACB23A","net10","hmail_perf_pair_net10_20260831_213833","C:\hmail-perf-pair-100k-20260901\net10\Data","EBBF2395E8933C7BACE46AD51D451033745819B4B168934194C43B3B5121FAED","100","15","one TCP client and one sequential IMAP session per sample","0","PASS","E92ED927F40EA825DD551A4BA512B278123451CFAC76F908716AF84199904862","6FDC539CD1D13C7514886E7F7595F7A2A7107313E145AA44C7F0F223DA7B40B8","2","41","True","False","20990.733",,"True","100000","True","True","100000","True"
"5bd22377-9d1c-498f-825a-9cf230340a9e","MANIFEST_BOUND","hmail-perf-pair-100k-20260901","DE4DA2CDCDA01B1BE6D8C9BC98A377167205E940722D2BBCEE98A15A16ACB23A","net10","hmail_perf_pair_net10_20260831_213833","C:\hmail-perf-pair-100k-20260901\net10\Data","EBBF2395E8933C7BACE46AD51D451033745819B4B168934194C43B3B5121FAED","100","15","one TCP client and one sequential IMAP session per sample","0","PASS","E92ED927F40EA825DD551A4BA512B278123451CFAC76F908716AF84199904862","6FDC539CD1D13C7514886E7F7595F7A2A7107313E145AA44C7F0F223DA7B40B8","2","42","False","False","11387.808","Aktarma ba?lant?s?ndan veriler okunamad?: Ba?lan?lan uygun olarak belli bir s?re i?inde yan?t vermedi?inden veya kurulan
ba?lant? ba?lan?lan ana bilgisayar yan?t vermedi?inden bir ba?lant? kurulamad?.","False","0","False","False","0","False"
"5bd22377-9d1c-498f-825a-9cf230340a9e","MANIFEST_BOUND","hmail-perf-pair-100k-20260901","DE4DA2CDCDA01B1BE6D8C9BC98A377167205E940722D2BBCEE98A15A16ACB23A","net10","hmail_perf_pair_net10_20260831_213833","C:\hmail-perf-pair-100k-20260901\net10\Data","EBBF2395E8933C7BACE46AD51D451033745819B4B168934194C43B3B5121FAED","100","15","one TCP client and one sequential IMAP session per sample","0","PASS","E92ED927F40EA825DD551A4BA512B278123451CFAC76F908716AF84199904862","6FDC539CD1D13C7514886E7F7595F7A2A7107313E145AA44C7F0F223DA7B40B8","2","43","True","False","18491.194",,"True","100000","True","True","100000","True"
"5bd22377-9d1c-498f-825a-9cf230340a9e","MANIFEST_BOUND","hmail-perf-pair-100k-20260901","DE4DA2CDCDA01B1BE6D8C9BC98A377167205E940722D2BBCEE98A15A16ACB23A","net10","hmail_perf_pair_net10_20260831_213833","C:\hmail-perf-pair-100k-20260901\net10\Data","EBBF2395E8933C7BACE46AD51D451033745819B4B168934194C43B3B5121FAED","100","15","one TCP client and one sequential IMAP session per sample","0","PASS","E92ED927F40EA825DD551A4BA512B278123451CFAC76F908716AF84199904862","6FDC539CD1D13C7514886E7F7595F7A2A7107313E145AA44C7F0F223DA7B40B8","2","44","False","False","18010.258","Aktarma ba?lant?s?ndan veriler okunamad?: Ba?lan?lan uygun olarak belli bir s?re i?inde yan?t vermedi?inden veya kurulan
ba?lant? ba?lan?lan ana bilgisayar yan?t vermedi?inden bir ba?lant? kurulamad?.","False","0","False","False","0","False"
"5bd22377-9d1c-498f-825a-9cf230340a9e","MANIFEST_BOUND","hmail-perf-pair-100k-20260901","DE4DA2CDCDA01B1BE6D8C9BC98A377167205E940722D2BBCEE98A15A16ACB23A","net10","hmail_perf_pair_net10_20260831_213833","C:\hmail-perf-pair-100k-20260901\net10\Data","EBBF2395E8933C7BACE46AD51D451033745819B4B168934194C43B3B5121FAED","100","15","one TCP client and one sequential IMAP session per sample","0","PASS","E92ED927F40EA825DD551A4BA512B278123451CFAC76F908716AF84199904862","6FDC539CD1D13C7514886E7F7595F7A2A7107313E145AA44C7F0F223DA7B40B8","2","45","False","False","15504.901","Aktarma ba?lant?s?ndan veriler okunamad?: Ba?lan?lan uygun olarak belli bir s?re i?inde yan?t vermedi?inden veya kurulan
ba?lant? ba?lan?lan ana bilgisayar yan?t vermedi?inden bir ba?lant? kurulamad?.","False","0","False","False","0","False"
"5bd22377-9d1c-498f-825a-9cf230340a9e","MANIFEST_BOUND","hmail-perf-pair-100k-20260901","DE4DA2CDCDA01B1BE6D8C9BC98A377167205E940722D2BBCEE98A15A16ACB23A","net10","hmail_perf_pair_net10_20260831_213833","C:\hmail-perf-pair-100k-20260901\net10\Data","EBBF2395E8933C7BACE46AD51D451033745819B4B168934194C43B3B5121FAED","100","15","one TCP client and one sequential IMAP session per sample","0","PASS","E92ED927F40EA825DD551A4BA512B278123451CFAC76F908716AF84199904862","6FDC539CD1D13C7514886E7F7595F7A2A7107313E145AA44C7F0F223DA7B40B8","2","46","True","False","14054.235",,"True","100000","True","True","100000","True"
"5bd22377-9d1c-498f-825a-9cf230340a9e","MANIFEST_BOUND","hmail-perf-pair-100k-20260901","DE4DA2CDCDA01B1BE6D8C9BC98A377167205E940722D2BBCEE98A15A16ACB23A","net10","hmail_perf_pair_net10_20260831_213833","C:\hmail-perf-pair-100k-20260901\net10\Data","EBBF2395E8933C7BACE46AD51D451033745819B4B168934194C43B3B5121FAED","100","15","one TCP client and one sequential IMAP session per sample","0","PASS","E92ED927F40EA825DD551A4BA512B278123451CFAC76F908716AF84199904862","6FDC539CD1D13C7514886E7F7595F7A2A7107313E145AA44C7F0F223DA7B40B8","2","47","True","False","16865.743",,"True","100000","True","True","100000","True"
"5bd22377-9d1c-498f-825a-9cf230340a9e","MANIFEST_BOUND","hmail-perf-pair-100k-20260901","DE4DA2CDCDA01B1BE6D8C9BC98A377167205E940722D2BBCEE98A15A16ACB23A","net10","hmail_perf_pair_net10_20260831_213833","C:\hmail-perf-pair-100k-20260901\net10\Data","EBBF2395E8933C7BACE46AD51D451033745819B4B168934194C43B3B5121FAED","100","15","one TCP client and one sequential IMAP session per sample","0","PASS","E92ED927F40EA825DD551A4BA512B278123451CFAC76F908716AF84199904862","6FDC539CD1D13C7514886E7F7595F7A2A7107313E145AA44C7F0F223DA7B40B8","2","48","True","False","18471.818",,"True","100000","True","True","100000","True"
"5bd22377-9d1c-498f-825a-9cf230340a9e","MANIFEST_BOUND","hmail-perf-pair-100k-20260901","DE4DA2CDCDA01B1BE6D8C9BC98A377167205E940722D2BBCEE98A15A16ACB23A","net10","hmail_perf_pair_net10_20260831_213833","C:\hmail-perf-pair-100k-20260901\net10\Data","EBBF2395E8933C7BACE46AD51D451033745819B4B168934194C43B3B5121FAED","100","15","one TCP client and one sequential IMAP session per sample","0","PASS","E92ED927F40EA825DD551A4BA512B278123451CFAC76F908716AF84199904862","6FDC539CD1D13C7514886E7F7595F7A2A7107313E145AA44C7F0F223DA7B40B8","2","49","False","False","19358.901","Aktarma ba?lant?s?ndan veriler okunamad?: Ba?lan?lan uygun olarak belli bir s?re i?inde yan?t vermedi?inden veya kurulan
ba?lant? ba?lan?lan ana bilgisayar yan?t vermedi?inden bir ba?lant? kurulamad?.","False","0","False","False","0","False"
"5bd22377-9d1c-498f-825a-9cf230340a9e","MANIFEST_BOUND","hmail-perf-pair-100k-20260901","DE4DA2CDCDA01B1BE6D8C9BC98A377167205E940722D2BBCEE98A15A16ACB23A","net10","hmail_perf_pair_net10_20260831_213833","C:\hmail-perf-pair-100k-20260901\net10\Data","EBBF2395E8933C7BACE46AD51D451033745819B4B168934194C43B3B5121FAED","100","15","one TCP client and one sequential IMAP session per sample","0","PASS","E92ED927F40EA825DD551A4BA512B278123451CFAC76F908716AF84199904862","6FDC539CD1D13C7514886E7F7595F7A2A7107313E145AA44C7F0F223DA7B40B8","2","50","True","False","18507.825",,"True","100000","True","True","100000","True"
"5bd22377-9d1c-498f-825a-9cf230340a9e","MANIFEST_BOUND","hmail-perf-pair-100k-20260901","DE4DA2CDCDA01B1BE6D8C9BC98A377167205E940722D2BBCEE98A15A16ACB23A","net10","hmail_perf_pair_net10_20260831_213833","C:\hmail-perf-pair-100k-20260901\net10\Data","EBBF2395E8933C7BACE46AD51D451033745819B4B168934194C43B3B5121FAED","100","15","one TCP client and one sequential IMAP session per sample","0","PASS","E92ED927F40EA825DD551A4BA512B278123451CFAC76F908716AF84199904862","6FDC539CD1D13C7514886E7F7595F7A2A7107313E145AA44C7F0F223DA7B40B8","2","51","False","False","18010.182","Aktarma ba?lant?s?ndan veriler okunamad?: Ba?lan?lan uygun olarak belli bir s?re i?inde yan?t vermedi?inden veya kurulan
ba?lant? ba?lan?lan ana bilgisayar yan?t vermedi?inden bir ba?lant? kurulamad?.","False","0","False","False","0","False"
"5bd22377-9d1c-498f-825a-9cf230340a9e","MANIFEST_BOUND","hmail-perf-pair-100k-20260901","DE4DA2CDCDA01B1BE6D8C9BC98A377167205E940722D2BBCEE98A15A16ACB23A","net10","hmail_perf_pair_net10_20260831_213833","C:\hmail-perf-pair-100k-20260901\net10\Data","EBBF2395E8933C7BACE46AD51D451033745819B4B168934194C43B3B5121FAED","100","15","one TCP client and one sequential IMAP session per sample","0","PASS","E92ED927F40EA825DD551A4BA512B278123451CFAC76F908716AF84199904862","6FDC539CD1D13C7514886E7F7595F7A2A7107313E145AA44C7F0F223DA7B40B8","2","52","False","False","11232.091","Aktarma ba?lant?s?ndan veriler okunamad?: Ba?lan?lan uygun olarak belli bir s?re i?inde yan?t vermedi?inden veya kurulan
ba?lant? ba?lan?lan ana bilgisayar yan?t vermedi?inden bir ba?lant? kurulamad?.","False","0","False","False","0","False"
"5bd22377-9d1c-498f-825a-9cf230340a9e","MANIFEST_BOUND","hmail-perf-pair-100k-20260901","DE4DA2CDCDA01B1BE6D8C9BC98A377167205E940722D2BBCEE98A15A16ACB23A","net10","hmail_perf_pair_net10_20260831_213833","C:\hmail-perf-pair-100k-20260901\net10\Data","EBBF2395E8933C7BACE46AD51D451033745819B4B168934194C43B3B5121FAED","100","15","one TCP client and one sequential IMAP session per sample","0","PASS","E92ED927F40EA825DD551A4BA512B278123451CFAC76F908716AF84199904862","6FDC539CD1D13C7514886E7F7595F7A2A7107313E145AA44C7F0F223DA7B40B8","2","53","False","False","20885.986","Aktarma ba?lant?s?ndan veriler okunamad?: Ba?lan?lan uygun olarak belli bir s?re i?inde yan?t vermedi?inden veya kurulan
ba?lant? ba?lan?lan ana bilgisayar yan?t vermedi?inden bir ba?lant? kurulamad?.","False","0","False","False","0","False"
"5bd22377-9d1c-498f-825a-9cf230340a9e","MANIFEST_BOUND","hmail-perf-pair-100k-20260901","DE4DA2CDCDA01B1BE6D8C9BC98A377167205E940722D2BBCEE98A15A16ACB23A","net10","hmail_perf_pair_net10_20260831_213833","C:\hmail-perf-pair-100k-20260901\net10\Data","EBBF2395E8933C7BACE46AD51D451033745819B4B168934194C43B3B5121FAED","100","15","one TCP client and one sequential IMAP session per sample","0","PASS","E92ED927F40EA825DD551A4BA512B278123451CFAC76F908716AF84199904862","6FDC539CD1D13C7514886E7F7595F7A2A7107313E145AA44C7F0F223DA7B40B8","2","54","False","False","16720.081","Aktarma ba?lant?s?ndan veriler okunamad?: Ba?lan?lan uygun olarak belli bir s?re i?inde yan?t vermedi?inden veya kurulan
ba?lant? ba?lan?lan ana bilgisayar yan?t vermedi?inden bir ba?lant? kurulamad?.","False","0","False","False","0","False"
"5bd22377-9d1c-498f-825a-9cf230340a9e","MANIFEST_BOUND","hmail-perf-pair-100k-20260901","DE4DA2CDCDA01B1BE6D8C9BC98A377167205E940722D2BBCEE98A15A16ACB23A","net10","hmail_perf_pair_net10_20260831_213833","C:\hmail-perf-pair-100k-20260901\net10\Data","EBBF2395E8933C7BACE46AD51D451033745819B4B168934194C43B3B5121FAED","100","15","one TCP client and one sequential IMAP session per sample","0","PASS","E92ED927F40EA825DD551A4BA512B278123451CFAC76F908716AF84199904862","6FDC539CD1D13C7514886E7F7595F7A2A7107313E145AA44C7F0F223DA7B40B8","2","55","True","False","20818.117",,"True","100000","True","True","100000","True"
"5bd22377-9d1c-498f-825a-9cf230340a9e","MANIFEST_BOUND","hmail-perf-pair-100k-20260901","DE4DA2CDCDA01B1BE6D8C9BC98A377167205E940722D2BBCEE98A15A16ACB23A","net10","hmail_perf_pair_net10_20260831_213833","C:\hmail-perf-pair-100k-20260901\net10\Data","EBBF2395E8933C7BACE46AD51D451033745819B4B168934194C43B3B5121FAED","100","15","one TCP client and one sequential IMAP session per sample","0","PASS","E92ED927F40EA825DD551A4BA512B278123451CFAC76F908716AF84199904862","6FDC539CD1D13C7514886E7F7595F7A2A7107313E145AA44C7F0F223DA7B40B8","2","56","False","False","20742.026","Aktarma ba?lant?s?ndan veriler okunamad?: Ba?lan?lan uygun olarak belli bir s?re i?inde yan?t vermedi?inden veya kurulan
ba?lant? ba?lan?lan ana bilgisayar yan?t vermedi?inden bir ba?lant? kurulamad?.","False","0","False","False","0","False"
"5bd22377-9d1c-498f-825a-9cf230340a9e","MANIFEST_BOUND","hmail-perf-pair-100k-20260901","DE4DA2CDCDA01B1BE6D8C9BC98A377167205E940722D2BBCEE98A15A16ACB23A","net10","hmail_perf_pair_net10_20260831_213833","C:\hmail-perf-pair-100k-20260901\net10\Data","EBBF2395E8933C7BACE46AD51D451033745819B4B168934194C43B3B5121FAED","100","15","one TCP client and one sequential IMAP session per sample","0","PASS","E92ED927F40EA825DD551A4BA512B278123451CFAC76F908716AF84199904862","6FDC539CD1D13C7514886E7F7595F7A2A7107313E145AA44C7F0F223DA7B40B8","2","57","False","False","18189.41","Aktarma ba?lant?s?ndan veriler okunamad?: Ba?lan?lan uygun olarak belli bir s?re i?inde yan?t vermedi?inden veya kurulan
ba?lant? ba?lan?lan ana bilgisayar yan?t vermedi?inden bir ba?lant? kurulamad?.","False","0","False","False","0","False"
"5bd22377-9d1c-498f-825a-9cf230340a9e","MANIFEST_BOUND","hmail-perf-pair-100k-20260901","DE4DA2CDCDA01B1BE6D8C9BC98A377167205E940722D2BBCEE98A15A16ACB23A","net10","hmail_perf_pair_net10_20260831_213833","C:\hmail-perf-pair-100k-20260901\net10\Data","EBBF2395E8933C7BACE46AD51D451033745819B4B168934194C43B3B5121FAED","100","15","one TCP client and one sequential IMAP session per sample","0","PASS","E92ED927F40EA825DD551A4BA512B278123451CFAC76F908716AF84199904862","6FDC539CD1D13C7514886E7F7595F7A2A7107313E145AA44C7F0F223DA7B40B8","2","58","True","False","21167.497",,"True","100000","True","True","100000","True"
"5bd22377-9d1c-498f-825a-9cf230340a9e","MANIFEST_BOUND","hmail-perf-pair-100k-20260901","DE4DA2CDCDA01B1BE6D8C9BC98A377167205E940722D2BBCEE98A15A16ACB23A","net10","hmail_perf_pair_net10_20260831_213833","C:\hmail-perf-pair-100k-20260901\net10\Data","EBBF2395E8933C7BACE46AD51D451033745819B4B168934194C43B3B5121FAED","100","15","one TCP client and one sequential IMAP session per sample","0","PASS","E92ED927F40EA825DD551A4BA512B278123451CFAC76F908716AF84199904862","6FDC539CD1D13C7514886E7F7595F7A2A7107313E145AA44C7F0F223DA7B40B8","2","59","True","False","18089.673",,"True","100000","True","True","100000","True"
"5bd22377-9d1c-498f-825a-9cf230340a9e","MANIFEST_BOUND","hmail-perf-pair-100k-20260901","DE4DA2CDCDA01B1BE6D8C9BC98A377167205E940722D2BBCEE98A15A16ACB23A","net10","hmail_perf_pair_net10_20260831_213833","C:\hmail-perf-pair-100k-20260901\net10\Data","EBBF2395E8933C7BACE46AD51D451033745819B4B168934194C43B3B5121FAED","100","15","one TCP client and one sequential IMAP session per sample","0","PASS","E92ED927F40EA825DD551A4BA512B278123451CFAC76F908716AF84199904862","6FDC539CD1D13C7514886E7F7595F7A2A7107313E145AA44C7F0F223DA7B40B8","2","60","True","False","19156.122",,"True","100000","True","True","100000","True"
"5bd22377-9d1c-498f-825a-9cf230340a9e","MANIFEST_BOUND","hmail-perf-pair-100k-20260901","DE4DA2CDCDA01B1BE6D8C9BC98A377167205E940722D2BBCEE98A15A16ACB23A","net10","hmail_perf_pair_net10_20260831_213833","C:\hmail-perf-pair-100k-20260901\net10\Data","EBBF2395E8933C7BACE46AD51D451033745819B4B168934194C43B3B5121FAED","100","15","one TCP client and one sequential IMAP session per sample","0","PASS","E92ED927F40EA825DD551A4BA512B278123451CFAC76F908716AF84199904862","6FDC539CD1D13C7514886E7F7595F7A2A7107313E145AA44C7F0F223DA7B40B8","2","61","True","False","20025.948",,"True","100000","True","True","100000","True"
"5bd22377-9d1c-498f-825a-9cf230340a9e","MANIFEST_BOUND","hmail-perf-pair-100k-20260901","DE4DA2CDCDA01B1BE6D8C9BC98A377167205E940722D2BBCEE98A15A16ACB23A","net10","hmail_perf_pair_net10_20260831_213833","C:\hmail-perf-pair-100k-20260901\net10\Data","EBBF2395E8933C7BACE46AD51D451033745819B4B168934194C43B3B5121FAED","100","15","one TCP client and one sequential IMAP session per sample","0","PASS","E92ED927F40EA825DD551A4BA512B278123451CFAC76F908716AF84199904862","6FDC539CD1D13C7514886E7F7595F7A2A7107313E145AA44C7F0F223DA7B40B8","2","62","False","False","19031.8","Aktarma ba?lant?s?ndan veriler okunamad?: Ba?lan?lan uygun olarak belli bir s?re i?inde yan?t vermedi?inden veya kurulan
ba?lant? ba?lan?lan ana bilgisayar yan?t vermedi?inden bir ba?lant? kurulamad?.","False","0","False","False","0","False"
"5bd22377-9d1c-498f-825a-9cf230340a9e","MANIFEST_BOUND","hmail-perf-pair-100k-20260901","DE4DA2CDCDA01B1BE6D8C9BC98A377167205E940722D2BBCEE98A15A16ACB23A","net10","hmail_perf_pair_net10_20260831_213833","C:\hmail-perf-pair-100k-20260901\net10\Data","EBBF2395E8933C7BACE46AD51D451033745819B4B168934194C43B3B5121FAED","100","15","one TCP client and one sequential IMAP session per sample","0","PASS","E92ED927F40EA825DD551A4BA512B278123451CFAC76F908716AF84199904862","6FDC539CD1D13C7514886E7F7595F7A2A7107313E145AA44C7F0F223DA7B40B8","2","63","True","False","18735.69",,"True","100000","True","True","100000","True"
"5bd22377-9d1c-498f-825a-9cf230340a9e","MANIFEST_BOUND","hmail-perf-pair-100k-20260901","DE4DA2CDCDA01B1BE6D8C9BC98A377167205E940722D2BBCEE98A15A16ACB23A","net10","hmail_perf_pair_net10_20260831_213833","C:\hmail-perf-pair-100k-20260901\net10\Data","EBBF2395E8933C7BACE46AD51D451033745819B4B168934194C43B3B5121FAED","100","15","one TCP client and one sequential IMAP session per sample","0","PASS","E92ED927F40EA825DD551A4BA512B278123451CFAC76F908716AF84199904862","6FDC539CD1D13C7514886E7F7595F7A2A7107313E145AA44C7F0F223DA7B40B8","2","64","False","False","18010.354","Aktarma ba?lant?s?ndan veriler okunamad?: Ba?lan?lan uygun olarak belli bir s?re i?inde yan?t vermedi?inden veya kurulan
ba?lant? ba?lan?lan ana bilgisayar yan?t vermedi?inden bir ba?lant? kurulamad?.","False","0","False","False","0","False"
"5bd22377-9d1c-498f-825a-9cf230340a9e","MANIFEST_BOUND","hmail-perf-pair-100k-20260901","DE4DA2CDCDA01B1BE6D8C9BC98A377167205E940722D2BBCEE98A15A16ACB23A","net10","hmail_perf_pair_net10_20260831_213833","C:\hmail-perf-pair-100k-20260901\net10\Data","EBBF2395E8933C7BACE46AD51D451033745819B4B168934194C43B3B5121FAED","100","15","one TCP client and one sequential IMAP session per sample","0","PASS","E92ED927F40EA825DD551A4BA512B278123451CFAC76F908716AF84199904862","6FDC539CD1D13C7514886E7F7595F7A2A7107313E145AA44C7F0F223DA7B40B8","2","65","True","False","17691.332",,"True","100000","True","True","100000","True"
"5bd22377-9d1c-498f-825a-9cf230340a9e","MANIFEST_BOUND","hmail-perf-pair-100k-20260901","DE4DA2CDCDA01B1BE6D8C9BC98A377167205E940722D2BBCEE98A15A16ACB23A","net10","hmail_perf_pair_net10_20260831_213833","C:\hmail-perf-pair-100k-20260901\net10\Data","EBBF2395E8933C7BACE46AD51D451033745819B4B168934194C43B3B5121FAED","100","15","one TCP client and one sequential IMAP session per sample","0","PASS","E92ED927F40EA825DD551A4BA512B278123451CFAC76F908716AF84199904862","6FDC539CD1D13C7514886E7F7595F7A2A7107313E145AA44C7F0F223DA7B40B8","2","66","False","False","20964.876","Aktarma ba?lant?s?ndan veriler okunamad?: Ba?lan?lan uygun olarak belli bir s?re i?inde yan?t vermedi?inden veya kurulan
ba?lant? ba?lan?lan ana bilgisayar yan?t vermedi?inden bir ba?lant? kurulamad?.","False","0","False","False","0","False"
"5bd22377-9d1c-498f-825a-9cf230340a9e","MANIFEST_BOUND","hmail-perf-pair-100k-20260901","DE4DA2CDCDA01B1BE6D8C9BC98A377167205E940722D2BBCEE98A15A16ACB23A","net10","hmail_perf_pair_net10_20260831_213833","C:\hmail-perf-pair-100k-20260901\net10\Data","EBBF2395E8933C7BACE46AD51D451033745819B4B168934194C43B3B5121FAED","100","15","one TCP client and one sequential IMAP session per sample","0","PASS","E92ED927F40EA825DD551A4BA512B278123451CFAC76F908716AF84199904862","6FDC539CD1D13C7514886E7F7595F7A2A7107313E145AA44C7F0F223DA7B40B8","2","67","False","False","19374.342","Aktarma ba?lant?s?ndan veriler okunamad?: Ba?lan?lan uygun olarak belli bir s?re i?inde yan?t vermedi?inden veya kurulan
ba?lant? ba?lan?lan ana bilgisayar yan?t vermedi?inden bir ba?lant? kurulamad?.","False","0","False","False","0","False"
"5bd22377-9d1c-498f-825a-9cf230340a9e","MANIFEST_BOUND","hmail-perf-pair-100k-20260901","DE4DA2CDCDA01B1BE6D8C9BC98A377167205E940722D2BBCEE98A15A16ACB23A","net10","hmail_perf_pair_net10_20260831_213833","C:\hmail-perf-pair-100k-20260901\net10\Data","EBBF2395E8933C7BACE46AD51D451033745819B4B168934194C43B3B5121FAED","100","15","one TCP client and one sequential IMAP session per sample","0","PASS","E92ED927F40EA825DD551A4BA512B278123451CFAC76F908716AF84199904862","6FDC539CD1D13C7514886E7F7595F7A2A7107313E145AA44C7F0F223DA7B40B8","2","68","True","False","14584.412",,"True","100000","True","True","100000","True"
"5bd22377-9d1c-498f-825a-9cf230340a9e","MANIFEST_BOUND","hmail-perf-pair-100k-20260901","DE4DA2CDCDA01B1BE6D8C9BC98A377167205E940722D2BBCEE98A15A16ACB23A","net10","hmail_perf_pair_net10_20260831_213833","C:\hmail-perf-pair-100k-20260901\net10\Data","EBBF2395E8933C7BACE46AD51D451033745819B4B168934194C43B3B5121FAED","100","15","one TCP client and one sequential IMAP session per sample","0","PASS","E92ED927F40EA825DD551A4BA512B278123451CFAC76F908716AF84199904862","6FDC539CD1D13C7514886E7F7595F7A2A7107313E145AA44C7F0F223DA7B40B8","2","69","False","False","10220.694","Aktarma ba?lant?s?ndan veriler okunamad?: Ba?lan?lan uygun olarak belli bir s?re i?inde yan?t vermedi?inden veya kurulan
ba?lant? ba?lan?lan ana bilgisayar yan?t vermedi?inden bir ba?lant? kurulamad?.","False","0","False","False","0","False"
"5bd22377-9d1c-498f-825a-9cf230340a9e","MANIFEST_BOUND","hmail-perf-pair-100k-20260901","DE4DA2CDCDA01B1BE6D8C9BC98A377167205E940722D2BBCEE98A15A16ACB23A","net10","hmail_perf_pair_net10_20260831_213833","C:\hmail-perf-pair-100k-20260901\net10\Data","EBBF2395E8933C7BACE46AD51D451033745819B4B168934194C43B3B5121FAED","100","15","one TCP client and one sequential IMAP session per sample","0","PASS","E92ED927F40EA825DD551A4BA512B278123451CFAC76F908716AF84199904862","6FDC539CD1D13C7514886E7F7595F7A2A7107313E145AA44C7F0F223DA7B40B8","2","70","True","False","18539.595",,"True","100000","True","True","100000","True"
"5bd22377-9d1c-498f-825a-9cf230340a9e","MANIFEST_BOUND","hmail-perf-pair-100k-20260901","DE4DA2CDCDA01B1BE6D8C9BC98A377167205E940722D2BBCEE98A15A16ACB23A","net10","hmail_perf_pair_net10_20260831_213833","C:\hmail-perf-pair-100k-20260901\net10\Data","EBBF2395E8933C7BACE46AD51D451033745819B4B168934194C43B3B5121FAED","100","15","one TCP client and one sequential IMAP session per sample","0","PASS","E92ED927F40EA825DD551A4BA512B278123451CFAC76F908716AF84199904862","6FDC539CD1D13C7514886E7F7595F7A2A7107313E145AA44C7F0F223DA7B40B8","2","71","True","False","20818.179",,"True","100000","True","True","100000","True"
"5bd22377-9d1c-498f-825a-9cf230340a9e","MANIFEST_BOUND","hmail-perf-pair-100k-20260901","DE4DA2CDCDA01B1BE6D8C9BC98A377167205E940722D2BBCEE98A15A16ACB23A","net10","hmail_perf_pair_net10_20260831_213833","C:\hmail-perf-pair-100k-20260901\net10\Data","EBBF2395E8933C7BACE46AD51D451033745819B4B168934194C43B3B5121FAED","100","15","one TCP client and one sequential IMAP session per sample","0","PASS","E92ED927F40EA825DD551A4BA512B278123451CFAC76F908716AF84199904862","6FDC539CD1D13C7514886E7F7595F7A2A7107313E145AA44C7F0F223DA7B40B8","2","72","False","False","17686.676","Aktarma ba?lant?s?ndan veriler okunamad?: Ba?lan?lan uygun olarak belli bir s?re i?inde yan?t vermedi?inden veya kurulan
ba?lant? ba?lan?lan ana bilgisayar yan?t vermedi?inden bir ba?lant? kurulamad?.","False","0","False","False","0","False"
"5bd22377-9d1c-498f-825a-9cf230340a9e","MANIFEST_BOUND","hmail-perf-pair-100k-20260901","DE4DA2CDCDA01B1BE6D8C9BC98A377167205E940722D2BBCEE98A15A16ACB23A","net10","hmail_perf_pair_net10_20260831_213833","C:\hmail-perf-pair-100k-20260901\net10\Data","EBBF2395E8933C7BACE46AD51D451033745819B4B168934194C43B3B5121FAED","100","15","one TCP client and one sequential IMAP session per sample","0","PASS","E92ED927F40EA825DD551A4BA512B278123451CFAC76F908716AF84199904862","6FDC539CD1D13C7514886E7F7595F7A2A7107313E145AA44C7F0F223DA7B40B8","2","73","False","False","18053.287","Aktarma ba?lant?s?ndan veriler okunamad?: Ba?lan?lan uygun olarak belli bir s?re i?inde yan?t vermedi?inden veya kurulan
ba?lant? ba?lan?lan ana bilgisayar yan?t vermedi?inden bir ba?lant? kurulamad?.","False","0","False","False","0","False"
"5bd22377-9d1c-498f-825a-9cf230340a9e","MANIFEST_BOUND","hmail-perf-pair-100k-20260901","DE4DA2CDCDA01B1BE6D8C9BC98A377167205E940722D2BBCEE98A15A16ACB23A","net10","hmail_perf_pair_net10_20260831_213833","C:\hmail-perf-pair-100k-20260901\net10\Data","EBBF2395E8933C7BACE46AD51D451033745819B4B168934194C43B3B5121FAED","100","15","one TCP client and one sequential IMAP session per sample","0","PASS","E92ED927F40EA825DD551A4BA512B278123451CFAC76F908716AF84199904862","6FDC539CD1D13C7514886E7F7595F7A2A7107313E145AA44C7F0F223DA7B40B8","2","74","False","False","17016.003","Aktarma ba?lant?s?ndan veriler okunamad?: Ba?lan?lan uygun olarak belli bir s?re i?inde yan?t vermedi?inden veya kurulan
ba?lant? ba?lan?lan ana bilgisayar yan?t vermedi?inden bir ba?lant? kurulamad?.","False","0","False","False","0","False"
"5bd22377-9d1c-498f-825a-9cf230340a9e","MANIFEST_BOUND","hmail-perf-pair-100k-20260901","DE4DA2CDCDA01B1BE6D8C9BC98A377167205E940722D2BBCEE98A15A16ACB23A","net10","hmail_perf_pair_net10_20260831_213833","C:\hmail-perf-pair-100k-20260901\net10\Data","EBBF2395E8933C7BACE46AD51D451033745819B4B168934194C43B3B5121FAED","100","15","one TCP client and one sequential IMAP session per sample","0","PASS","E92ED927F40EA825DD551A4BA512B278123451CFAC76F908716AF84199904862","6FDC539CD1D13C7514886E7F7595F7A2A7107313E145AA44C7F0F223DA7B40B8","2","75","True","False","20858.3",,"True","100000","True","True","100000","True"
"5bd22377-9d1c-498f-825a-9cf230340a9e","MANIFEST_BOUND","hmail-perf-pair-100k-20260901","DE4DA2CDCDA01B1BE6D8C9BC98A377167205E940722D2BBCEE98A15A16ACB23A","net10","hmail_perf_pair_net10_20260831_213833","C:\hmail-perf-pair-100k-20260901\net10\Data","EBBF2395E8933C7BACE46AD51D451033745819B4B168934194C43B3B5121FAED","100","15","one TCP client and one sequential IMAP session per sample","0","PASS","E92ED927F40EA825DD551A4BA512B278123451CFAC76F908716AF84199904862","6FDC539CD1D13C7514886E7F7595F7A2A7107313E145AA44C7F0F223DA7B40B8","2","76","True","False","19057.151",,"True","100000","True","True","100000","True"
"5bd22377-9d1c-498f-825a-9cf230340a9e","MANIFEST_BOUND","hmail-perf-pair-100k-20260901","DE4DA2CDCDA01B1BE6D8C9BC98A377167205E940722D2BBCEE98A15A16ACB23A","net10","hmail_perf_pair_net10_20260831_213833","C:\hmail-perf-pair-100k-20260901\net10\Data","EBBF2395E8933C7BACE46AD51D451033745819B4B168934194C43B3B5121FAED","100","15","one TCP client and one sequential IMAP session per sample","0","PASS","E92ED927F40EA825DD551A4BA512B278123451CFAC76F908716AF84199904862","6FDC539CD1D13C7514886E7F7595F7A2A7107313E145AA44C7F0F223DA7B40B8","2","77","True","False","16971.463",,"True","100000","True","True","100000","True"
"5bd22377-9d1c-498f-825a-9cf230340a9e","MANIFEST_BOUND","hmail-perf-pair-100k-20260901","DE4DA2CDCDA01B1BE6D8C9BC98A377167205E940722D2BBCEE98A15A16ACB23A","net10","hmail_perf_pair_net10_20260831_213833","C:\hmail-perf-pair-100k-20260901\net10\Data","EBBF2395E8933C7BACE46AD51D451033745819B4B168934194C43B3B5121FAED","100","15","one TCP client and one sequential IMAP session per sample","0","PASS","E92ED927F40EA825DD551A4BA512B278123451CFAC76F908716AF84199904862","6FDC539CD1D13C7514886E7F7595F7A2A7107313E145AA44C7F0F223DA7B40B8","2","78","True","False","17507.62",,"True","100000","True","True","100000","True"
"5bd22377-9d1c-498f-825a-9cf230340a9e","MANIFEST_BOUND","hmail-perf-pair-100k-20260901","DE4DA2CDCDA01B1BE6D8C9BC98A377167205E940722D2BBCEE98A15A16ACB23A","net10","hmail_perf_pair_net10_20260831_213833","C:\hmail-perf-pair-100k-20260901\net10\Data","EBBF2395E8933C7BACE46AD51D451033745819B4B168934194C43B3B5121FAED","100","15","one TCP client and one sequential IMAP session per sample","0","PASS","E92ED927F40EA825DD551A4BA512B278123451CFAC76F908716AF84199904862","6FDC539CD1D13C7514886E7F7595F7A2A7107313E145AA44C7F0F223DA7B40B8","2","79","False","False","10982.008","Aktarma ba?lant?s?ndan veriler okunamad?: Ba?lan?lan uygun olarak belli bir s?re i?inde yan?t vermedi?inden veya kurulan
ba?lant? ba?lan?lan ana bilgisayar yan?t vermedi?inden bir ba?lant? kurulamad?.","False","0","False","False","0","False"
"5bd22377-9d1c-498f-825a-9cf230340a9e","MANIFEST_BOUND","hmail-perf-pair-100k-20260901","DE4DA2CDCDA01B1BE6D8C9BC98A377167205E940722D2BBCEE98A15A16ACB23A","net10","hmail_perf_pair_net10_20260831_213833","C:\hmail-perf-pair-100k-20260901\net10\Data","EBBF2395E8933C7BACE46AD51D451033745819B4B168934194C43B3B5121FAED","100","15","one TCP client and one sequential IMAP session per sample","0","PASS","E92ED927F40EA825DD551A4BA512B278123451CFAC76F908716AF84199904862","6FDC539CD1D13C7514886E7F7595F7A2A7107313E145AA44C7F0F223DA7B40B8","2","80","False","False","13591.778","Aktarma ba?lant?s?ndan veriler okunamad?: Ba?lan?lan uygun olarak belli bir s?re i?inde yan?t vermedi?inden veya kurulan
ba?lant? ba?lan?lan ana bilgisayar yan?t vermedi?inden bir ba?lant? kurulamad?.","False","0","False","False","0","False"
"5bd22377-9d1c-498f-825a-9cf230340a9e","MANIFEST_BOUND","hmail-perf-pair-100k-20260901","DE4DA2CDCDA01B1BE6D8C9BC98A377167205E940722D2BBCEE98A15A16ACB23A","net10","hmail_perf_pair_net10_20260831_213833","C:\hmail-perf-pair-100k-20260901\net10\Data","EBBF2395E8933C7BACE46AD51D451033745819B4B168934194C43B3B5121FAED","100","15","one TCP client and one sequential IMAP session per sample","0","PASS","E92ED927F40EA825DD551A4BA512B278123451CFAC76F908716AF84199904862","6FDC539CD1D13C7514886E7F7595F7A2A7107313E145AA44C7F0F223DA7B40B8","2","81","False","False","20527.657","Aktarma ba?lant?s?ndan veriler okunamad?: Ba?lan?lan uygun olarak belli bir s?re i?inde yan?t vermedi?inden veya kurulan
ba?lant? ba?lan?lan ana bilgisayar yan?t vermedi?inden bir ba?lant? kurulamad?.","False","0","False","False","0","False"
"5bd22377-9d1c-498f-825a-9cf230340a9e","MANIFEST_BOUND","hmail-perf-pair-100k-20260901","DE4DA2CDCDA01B1BE6D8C9BC98A377167205E940722D2BBCEE98A15A16ACB23A","net10","hmail_perf_pair_net10_20260831_213833","C:\hmail-perf-pair-100k-20260901\net10\Data","EBBF2395E8933C7BACE46AD51D451033745819B4B168934194C43B3B5121FAED","100","15","one TCP client and one sequential IMAP session per sample","0","PASS","E92ED927F40EA825DD551A4BA512B278123451CFAC76F908716AF84199904862","6FDC539CD1D13C7514886E7F7595F7A2A7107313E145AA44C7F0F223DA7B40B8","2","82","False","False","16766.67","Aktarma ba?lant?s?ndan veriler okunamad?: Ba?lan?lan uygun olarak belli bir s?re i?inde yan?t vermedi?inden veya kurulan
ba?lant? ba?lan?lan ana bilgisayar yan?t vermedi?inden bir ba?lant? kurulamad?.","False","0","False","False","0","False"
"5bd22377-9d1c-498f-825a-9cf230340a9e","MANIFEST_BOUND","hmail-perf-pair-100k-20260901","DE4DA2CDCDA01B1BE6D8C9BC98A377167205E940722D2BBCEE98A15A16ACB23A","net10","hmail_perf_pair_net10_20260831_213833","C:\hmail-perf-pair-100k-20260901\net10\Data","EBBF2395E8933C7BACE46AD51D451033745819B4B168934194C43B3B5121FAED","100","15","one TCP client and one sequential IMAP session per sample","0","PASS","E92ED927F40EA825DD551A4BA512B278123451CFAC76F908716AF84199904862","6FDC539CD1D13C7514886E7F7595F7A2A7107313E145AA44C7F0F223DA7B40B8","2","83","True","False","20668.287",,"True","100000","True","True","100000","True"
"5bd22377-9d1c-498f-825a-9cf230340a9e","MANIFEST_BOUND","hmail-perf-pair-100k-20260901","DE4DA2CDCDA01B1BE6D8C9BC98A377167205E940722D2BBCEE98A15A16ACB23A","net10","hmail_perf_pair_net10_20260831_213833","C:\hmail-perf-pair-100k-20260901\net10\Data","EBBF2395E8933C7BACE46AD51D451033745819B4B168934194C43B3B5121FAED","100","15","one TCP client and one sequential IMAP session per sample","0","PASS","E92ED927F40EA825DD551A4BA512B278123451CFAC76F908716AF84199904862","6FDC539CD1D13C7514886E7F7595F7A2A7107313E145AA44C7F0F223DA7B40B8","2","84","True","False","20843.7",,"True","100000","True","True","100000","True"
"5bd22377-9d1c-498f-825a-9cf230340a9e","MANIFEST_BOUND","hmail-perf-pair-100k-20260901","DE4DA2CDCDA01B1BE6D8C9BC98A377167205E940722D2BBCEE98A15A16ACB23A","net10","hmail_perf_pair_net10_20260831_213833","C:\hmail-perf-pair-100k-20260901\net10\Data","EBBF2395E8933C7BACE46AD51D451033745819B4B168934194C43B3B5121FAED","100","15","one TCP client and one sequential IMAP session per sample","0","PASS","E92ED927F40EA825DD551A4BA512B278123451CFAC76F908716AF84199904862","6FDC539CD1D13C7514886E7F7595F7A2A7107313E145AA44C7F0F223DA7B40B8","2","85","True","False","16060.172",,"True","100000","True","True","100000","True"
"5bd22377-9d1c-498f-825a-9cf230340a9e","MANIFEST_BOUND","hmail-perf-pair-100k-20260901","DE4DA2CDCDA01B1BE6D8C9BC98A377167205E940722D2BBCEE98A15A16ACB23A","net10","hmail_perf_pair_net10_20260831_213833","C:\hmail-perf-pair-100k-20260901\net10\Data","EBBF2395E8933C7BACE46AD51D451033745819B4B168934194C43B3B5121FAED","100","15","one TCP client and one sequential IMAP session per sample","0","PASS","E92ED927F40EA825DD551A4BA512B278123451CFAC76F908716AF84199904862","6FDC539CD1D13C7514886E7F7595F7A2A7107313E145AA44C7F0F223DA7B40B8","2","86","True","False","14758.247",,"True","100000","True","True","100000","True"
"5bd22377-9d1c-498f-825a-9cf230340a9e","MANIFEST_BOUND","hmail-perf-pair-100k-20260901","DE4DA2CDCDA01B1BE6D8C9BC98A377167205E940722D2BBCEE98A15A16ACB23A","net10","hmail_perf_pair_net10_20260831_213833","C:\hmail-perf-pair-100k-20260901\net10\Data","EBBF2395E8933C7BACE46AD51D451033745819B4B168934194C43B3B5121FAED","100","15","one TCP client and one sequential IMAP session per sample","0","PASS","E92ED927F40EA825DD551A4BA512B278123451CFAC76F908716AF84199904862","6FDC539CD1D13C7514886E7F7595F7A2A7107313E145AA44C7F0F223DA7B40B8","2","87","True","False","15380.788",,"True","100000","True","True","100000","True"
"5bd22377-9d1c-498f-825a-9cf230340a9e","MANIFEST_BOUND","hmail-perf-pair-100k-20260901","DE4DA2CDCDA01B1BE6D8C9BC98A377167205E940722D2BBCEE98A15A16ACB23A","net10","hmail_perf_pair_net10_20260831_213833","C:\hmail-perf-pair-100k-20260901\net10\Data","EBBF2395E8933C7BACE46AD51D451033745819B4B168934194C43B3B5121FAED","100","15","one TCP client and one sequential IMAP session per sample","0","PASS","E92ED927F40EA825DD551A4BA512B278123451CFAC76F908716AF84199904862","6FDC539CD1D13C7514886E7F7595F7A2A7107313E145AA44C7F0F223DA7B40B8","2","88","True","False","15192.693",,"True","100000","True","True","100000","True"
"5bd22377-9d1c-498f-825a-9cf230340a9e","MANIFEST_BOUND","hmail-perf-pair-100k-20260901","DE4DA2CDCDA01B1BE6D8C9BC98A377167205E940722D2BBCEE98A15A16ACB23A","net10","hmail_perf_pair_net10_20260831_213833","C:\hmail-perf-pair-100k-20260901\net10\Data","EBBF2395E8933C7BACE46AD51D451033745819B4B168934194C43B3B5121FAED","100","15","one TCP client and one sequential IMAP session per sample","0","PASS","E92ED927F40EA825DD551A4BA512B278123451CFAC76F908716AF84199904862","6FDC539CD1D13C7514886E7F7595F7A2A7107313E145AA44C7F0F223DA7B40B8","2","89","False","False","20512.354","Aktarma ba?lant?s?ndan veriler okunamad?: Ba?lan?lan uygun olarak belli bir s?re i?inde yan?t vermedi?inden veya kurulan
ba?lant? ba?lan?lan ana bilgisayar yan?t vermedi?inden bir ba?lant? kurulamad?.","False","0","False","False","0","False"
"5bd22377-9d1c-498f-825a-9cf230340a9e","MANIFEST_BOUND","hmail-perf-pair-100k-20260901","DE4DA2CDCDA01B1BE6D8C9BC98A377167205E940722D2BBCEE98A15A16ACB23A","net10","hmail_perf_pair_net10_20260831_213833","C:\hmail-perf-pair-100k-20260901\net10\Data","EBBF2395E8933C7BACE46AD51D451033745819B4B168934194C43B3B5121FAED","100","15","one TCP client and one sequential IMAP session per sample","0","PASS","E92ED927F40EA825DD551A4BA512B278123451CFAC76F908716AF84199904862","6FDC539CD1D13C7514886E7F7595F7A2A7107313E145AA44C7F0F223DA7B40B8","2","90","True","False","15407.268",,"True","100000","True","True","100000","True"
"5bd22377-9d1c-498f-825a-9cf230340a9e","MANIFEST_BOUND","hmail-perf-pair-100k-20260901","DE4DA2CDCDA01B1BE6D8C9BC98A377167205E940722D2BBCEE98A15A16ACB23A","net10","hmail_perf_pair_net10_20260831_213833","C:\hmail-perf-pair-100k-20260901\net10\Data","EBBF2395E8933C7BACE46AD51D451033745819B4B168934194C43B3B5121FAED","100","15","one TCP client and one sequential IMAP session per sample","0","PASS","E92ED927F40EA825DD551A4BA512B278123451CFAC76F908716AF84199904862","6FDC539CD1D13C7514886E7F7595F7A2A7107313E145AA44C7F0F223DA7B40B8","2","91","False","False","18750.727","Aktarma ba?lant?s?ndan veriler okunamad?: Ba?lan?lan uygun olarak belli bir s?re i?inde yan?t vermedi?inden veya kurulan
ba?lant? ba?lan?lan ana bilgisayar yan?t vermedi?inden bir ba?lant? kurulamad?.","False","0","False","False","0","False"
"5bd22377-9d1c-498f-825a-9cf230340a9e","MANIFEST_BOUND","hmail-perf-pair-100k-20260901","DE4DA2CDCDA01B1BE6D8C9BC98A377167205E940722D2BBCEE98A15A16ACB23A","net10","hmail_perf_pair_net10_20260831_213833","C:\hmail-perf-pair-100k-20260901\net10\Data","EBBF2395E8933C7BACE46AD51D451033745819B4B168934194C43B3B5121FAED","100","15","one TCP client and one sequential IMAP session per sample","0","PASS","E92ED927F40EA825DD551A4BA512B278123451CFAC76F908716AF84199904862","6FDC539CD1D13C7514886E7F7595F7A2A7107313E145AA44C7F0F223DA7B40B8","2","92","False","False","11356.964","Aktarma ba?lant?s?ndan veriler okunamad?: Ba?lan?lan uygun olarak belli bir s?re i?inde yan?t vermedi?inden veya kurulan
ba?lant? ba?lan?lan ana bilgisayar yan?t vermedi?inden bir ba?lant? kurulamad?.","False","0","False","False","0","False"
"5bd22377-9d1c-498f-825a-9cf230340a9e","MANIFEST_BOUND","hmail-perf-pair-100k-20260901","DE4DA2CDCDA01B1BE6D8C9BC98A377167205E940722D2BBCEE98A15A16ACB23A","net10","hmail_perf_pair_net10_20260831_213833","C:\hmail-perf-pair-100k-20260901\net10\Data","EBBF2395E8933C7BACE46AD51D451033745819B4B168934194C43B3B5121FAED","100","15","one TCP client and one sequential IMAP session per sample","0","PASS","E92ED927F40EA825DD551A4BA512B278123451CFAC76F908716AF84199904862","6FDC539CD1D13C7514886E7F7595F7A2A7107313E145AA44C7F0F223DA7B40B8","2","93","False","False","18860.915","Aktarma ba?lant?s?ndan veriler okunamad?: Ba?lan?lan uygun olarak belli bir s?re i?inde yan?t vermedi?inden veya kurulan
ba?lant? ba?lan?lan ana bilgisayar yan?t vermedi?inden bir ba?lant? kurulamad?.","False","0","False","False","0","False"
"5bd22377-9d1c-498f-825a-9cf230340a9e","MANIFEST_BOUND","hmail-perf-pair-100k-20260901","DE4DA2CDCDA01B1BE6D8C9BC98A377167205E940722D2BBCEE98A15A16ACB23A","net10","hmail_perf_pair_net10_20260831_213833","C:\hmail-perf-pair-100k-20260901\net10\Data","EBBF2395E8933C7BACE46AD51D451033745819B4B168934194C43B3B5121FAED","100","15","one TCP client and one sequential IMAP session per sample","0","PASS","E92ED927F40EA825DD551A4BA512B278123451CFAC76F908716AF84199904862","6FDC539CD1D13C7514886E7F7595F7A2A7107313E145AA44C7F0F223DA7B40B8","2","94","True","False","16091.674",,"True","100000","True","True","100000","True"
"5bd22377-9d1c-498f-825a-9cf230340a9e","MANIFEST_BOUND","hmail-perf-pair-100k-20260901","DE4DA2CDCDA01B1BE6D8C9BC98A377167205E940722D2BBCEE98A15A16ACB23A","net10","hmail_perf_pair_net10_20260831_213833","C:\hmail-perf-pair-100k-20260901\net10\Data","EBBF2395E8933C7BACE46AD51D451033745819B4B168934194C43B3B5121FAED","100","15","one TCP client and one sequential IMAP session per sample","0","PASS","E92ED927F40EA825DD551A4BA512B278123451CFAC76F908716AF84199904862","6FDC539CD1D13C7514886E7F7595F7A2A7107313E145AA44C7F0F223DA7B40B8","2","95","False","False","17266.847","Aktarma ba?lant?s?ndan veriler okunamad?: Ba?lan?lan uygun olarak belli bir s?re i?inde yan?t vermedi?inden veya kurulan
ba?lant? ba?lan?lan ana bilgisayar yan?t vermedi?inden bir ba?lant? kurulamad?.","False","0","False","False","0","False"
"5bd22377-9d1c-498f-825a-9cf230340a9e","MANIFEST_BOUND","hmail-perf-pair-100k-20260901","DE4DA2CDCDA01B1BE6D8C9BC98A377167205E940722D2BBCEE98A15A16ACB23A","net10","hmail_perf_pair_net10_20260831_213833","C:\hmail-perf-pair-100k-20260901\net10\Data","EBBF2395E8933C7BACE46AD51D451033745819B4B168934194C43B3B5121FAED","100","15","one TCP client and one sequential IMAP session per sample","0","PASS","E92ED927F40EA825DD551A4BA512B278123451CFAC76F908716AF84199904862","6FDC539CD1D13C7514886E7F7595F7A2A7107313E145AA44C7F0F223DA7B40B8","2","96","True","False","21168.854",,"True","100000","True","True","100000","True"
"5bd22377-9d1c-498f-825a-9cf230340a9e","MANIFEST_BOUND","hmail-perf-pair-100k-20260901","DE4DA2CDCDA01B1BE6D8C9BC98A377167205E940722D2BBCEE98A15A16ACB23A","net10","hmail_perf_pair_net10_20260831_213833","C:\hmail-perf-pair-100k-20260901\net10\Data","EBBF2395E8933C7BACE46AD51D451033745819B4B168934194C43B3B5121FAED","100","15","one TCP client and one sequential IMAP session per sample","0","PASS","E92ED927F40EA825DD551A4BA512B278123451CFAC76F908716AF84199904862","6FDC539CD1D13C7514886E7F7595F7A2A7107313E145AA44C7F0F223DA7B40B8","2","97","False","False","11170.329","Aktarma ba?lant?s?ndan veriler okunamad?: Ba?lan?lan uygun olarak belli bir s?re i?inde yan?t vermedi?inden veya kurulan
ba?lant? ba?lan?lan ana bilgisayar yan?t vermedi?inden bir ba?lant? kurulamad?.","False","0","False","False","0","False"
"5bd22377-9d1c-498f-825a-9cf230340a9e","MANIFEST_BOUND","hmail-perf-pair-100k-20260901","DE4DA2CDCDA01B1BE6D8C9BC98A377167205E940722D2BBCEE98A15A16ACB23A","net10","hmail_perf_pair_net10_20260831_213833","C:\hmail-perf-pair-100k-20260901\net10\Data","EBBF2395E8933C7BACE46AD51D451033745819B4B168934194C43B3B5121FAED","100","15","one TCP client and one sequential IMAP session per sample","0","PASS","E92ED927F40EA825DD551A4BA512B278123451CFAC76F908716AF84199904862","6FDC539CD1D13C7514886E7F7595F7A2A7107313E145AA44C7F0F223DA7B40B8","2","98","True","False","21179.268",,"True","100000","True","True","100000","True"
"5bd22377-9d1c-498f-825a-9cf230340a9e","MANIFEST_BOUND","hmail-perf-pair-100k-20260901","DE4DA2CDCDA01B1BE6D8C9BC98A377167205E940722D2BBCEE98A15A16ACB23A","net10","hmail_perf_pair_net10_20260831_213833","C:\hmail-perf-pair-100k-20260901\net10\Data","EBBF2395E8933C7BACE46AD51D451033745819B4B168934194C43B3B5121FAED","100","15","one TCP client and one sequential IMAP session per sample","0","PASS","E92ED927F40EA825DD551A4BA512B278123451CFAC76F908716AF84199904862","6FDC539CD1D13C7514886E7F7595F7A2A7107313E145AA44C7F0F223DA7B40B8","2","99","True","False","21175.877",,"True","100000","True","True","100000","True"
"5bd22377-9d1c-498f-825a-9cf230340a9e","MANIFEST_BOUND","hmail-perf-pair-100k-20260901","DE4DA2CDCDA01B1BE6D8C9BC98A377167205E940722D2BBCEE98A15A16ACB23A","net10","hmail_perf_pair_net10_20260831_213833","C:\hmail-perf-pair-100k-20260901\net10\Data","EBBF2395E8933C7BACE46AD51D451033745819B4B168934194C43B3B5121FAED","100","15","one TCP client and one sequential IMAP session per sample","0","PASS","E92ED927F40EA825DD551A4BA512B278123451CFAC76F908716AF84199904862","6FDC539CD1D13C7514886E7F7595F7A2A7107313E145AA44C7F0F223DA7B40B8","2","100","False","False","19764.364","Aktarma ba?lant?s?ndan veriler okunamad?: Ba?lan?lan uygun olarak belli bir s?re i?inde yan?t vermedi?inden veya kurulan
ba?lant? ba?lan?lan ana bilgisayar yan?t vermedi?inden bir ba?lant? kurulamad?.","False","0","False","False","0","False"
"5bd22377-9d1c-498f-825a-9cf230340a9e","MANIFEST_BOUND","hmail-perf-pair-100k-20260901","DE4DA2CDCDA01B1BE6D8C9BC98A377167205E940722D2BBCEE98A15A16ACB23A","net10","hmail_perf_pair_net10_20260831_213833","C:\hmail-perf-pair-100k-20260901\net10\Data","EBBF2395E8933C7BACE46AD51D451033745819B4B168934194C43B3B5121FAED","100","15","one TCP client and one sequential IMAP session per sample","0","PASS","E92ED927F40EA825DD551A4BA512B278123451CFAC76F908716AF84199904862","6FDC539CD1D13C7514886E7F7595F7A2A7107313E145AA44C7F0F223DA7B40B8","3","1","True","False","17008.286",,"True","100000","True","True","100000","True"
"5bd22377-9d1c-498f-825a-9cf230340a9e","MANIFEST_BOUND","hmail-perf-pair-100k-20260901","DE4DA2CDCDA01B1BE6D8C9BC98A377167205E940722D2BBCEE98A15A16ACB23A","net10","hmail_perf_pair_net10_20260831_213833","C:\hmail-perf-pair-100k-20260901\net10\Data","EBBF2395E8933C7BACE46AD51D451033745819B4B168934194C43B3B5121FAED","100","15","one TCP client and one sequential IMAP session per sample","0","PASS","E92ED927F40EA825DD551A4BA512B278123451CFAC76F908716AF84199904862","6FDC539CD1D13C7514886E7F7595F7A2A7107313E145AA44C7F0F223DA7B40B8","3","2","True","False","15150.376",,"True","100000","True","True","100000","True"
"5bd22377-9d1c-498f-825a-9cf230340a9e","MANIFEST_BOUND","hmail-perf-pair-100k-20260901","DE4DA2CDCDA01B1BE6D8C9BC98A377167205E940722D2BBCEE98A15A16ACB23A","net10","hmail_perf_pair_net10_20260831_213833","C:\hmail-perf-pair-100k-20260901\net10\Data","EBBF2395E8933C7BACE46AD51D451033745819B4B168934194C43B3B5121FAED","100","15","one TCP client and one sequential IMAP session per sample","0","PASS","E92ED927F40EA825DD551A4BA512B278123451CFAC76F908716AF84199904862","6FDC539CD1D13C7514886E7F7595F7A2A7107313E145AA44C7F0F223DA7B40B8","3","3","False","False","10888.775","Aktarma ba?lant?s?ndan veriler okunamad?: Ba?lan?lan uygun olarak belli bir s?re i?inde yan?t vermedi?inden veya kurulan
ba?lant? ba?lan?lan ana bilgisayar yan?t vermedi?inden bir ba?lant? kurulamad?.","False","0","False","False","0","False"
"5bd22377-9d1c-498f-825a-9cf230340a9e","MANIFEST_BOUND","hmail-perf-pair-100k-20260901","DE4DA2CDCDA01B1BE6D8C9BC98A377167205E940722D2BBCEE98A15A16ACB23A","net10","hmail_perf_pair_net10_20260831_213833","C:\hmail-perf-pair-100k-20260901\net10\Data","EBBF2395E8933C7BACE46AD51D451033745819B4B168934194C43B3B5121FAED","100","15","one TCP client and one sequential IMAP session per sample","0","PASS","E92ED927F40EA825DD551A4BA512B278123451CFAC76F908716AF84199904862","6FDC539CD1D13C7514886E7F7595F7A2A7107313E145AA44C7F0F223DA7B40B8","3","4","False","False","17116.962","Aktarma ba?lant?s?ndan veriler okunamad?: Ba?lan?lan uygun olarak belli bir s?re i?inde yan?t vermedi?inden veya kurulan
ba?lant? ba?lan?lan ana bilgisayar yan?t vermedi?inden bir ba?lant? kurulamad?.","False","0","False","False","0","False"
"5bd22377-9d1c-498f-825a-9cf230340a9e","MANIFEST_BOUND","hmail-perf-pair-100k-20260901","DE4DA2CDCDA01B1BE6D8C9BC98A377167205E940722D2BBCEE98A15A16ACB23A","net10","hmail_perf_pair_net10_20260831_213833","C:\hmail-perf-pair-100k-20260901\net10\Data","EBBF2395E8933C7BACE46AD51D451033745819B4B168934194C43B3B5121FAED","100","15","one TCP client and one sequential IMAP session per sample","0","PASS","E92ED927F40EA825DD551A4BA512B278123451CFAC76F908716AF84199904862","6FDC539CD1D13C7514886E7F7595F7A2A7107313E145AA44C7F0F223DA7B40B8","3","5","False","False","16015.673","Aktarma ba?lant?s?ndan veriler okunamad?: Ba?lan?lan uygun olarak belli bir s?re i?inde yan?t vermedi?inden veya kurulan
ba?lant? ba?lan?lan ana bilgisayar yan?t vermedi?inden bir ba?lant? kurulamad?.","False","0","False","False","0","False"
"5bd22377-9d1c-498f-825a-9cf230340a9e","MANIFEST_BOUND","hmail-perf-pair-100k-20260901","DE4DA2CDCDA01B1BE6D8C9BC98A377167205E940722D2BBCEE98A15A16ACB23A","net10","hmail_perf_pair_net10_20260831_213833","C:\hmail-perf-pair-100k-20260901\net10\Data","EBBF2395E8933C7BACE46AD51D451033745819B4B168934194C43B3B5121FAED","100","15","one TCP client and one sequential IMAP session per sample","0","PASS","E92ED927F40EA825DD551A4BA512B278123451CFAC76F908716AF84199904862","6FDC539CD1D13C7514886E7F7595F7A2A7107313E145AA44C7F0F223DA7B40B8","3","6","False","False","18208.858","Aktarma ba?lant?s?ndan veriler okunamad?: Ba?lan?lan uygun olarak belli bir s?re i?inde yan?t vermedi?inden veya kurulan
ba?lant? ba?lan?lan ana bilgisayar yan?t vermedi?inden bir ba?lant? kurulamad?.","False","0","False","False","0","False"
"5bd22377-9d1c-498f-825a-9cf230340a9e","MANIFEST_BOUND","hmail-perf-pair-100k-20260901","DE4DA2CDCDA01B1BE6D8C9BC98A377167205E940722D2BBCEE98A15A16ACB23A","net10","hmail_perf_pair_net10_20260831_213833","C:\hmail-perf-pair-100k-20260901\net10\Data","EBBF2395E8933C7BACE46AD51D451033745819B4B168934194C43B3B5121FAED","100","15","one TCP client and one sequential IMAP session per sample","0","PASS","E92ED927F40EA825DD551A4BA512B278123451CFAC76F908716AF84199904862","6FDC539CD1D13C7514886E7F7595F7A2A7107313E145AA44C7F0F223DA7B40B8","3","7","True","False","17404.783",,"True","100000","True","True","100000","True"
"5bd22377-9d1c-498f-825a-9cf230340a9e","MANIFEST_BOUND","hmail-perf-pair-100k-20260901","DE4DA2CDCDA01B1BE6D8C9BC98A377167205E940722D2BBCEE98A15A16ACB23A","net10","hmail_perf_pair_net10_20260831_213833","C:\hmail-perf-pair-100k-20260901\net10\Data","EBBF2395E8933C7BACE46AD51D451033745819B4B168934194C43B3B5121FAED","100","15","one TCP client and one sequential IMAP session per sample","0","PASS","E92ED927F40EA825DD551A4BA512B278123451CFAC76F908716AF84199904862","6FDC539CD1D13C7514886E7F7595F7A2A7107313E145AA44C7F0F223DA7B40B8","3","8","False","False","16571.466","Aktarma ba?lant?s?ndan veriler okunamad?: Ba?lan?lan uygun olarak belli bir s?re i?inde yan?t vermedi?inden veya kurulan
ba?lant? ba?lan?lan ana bilgisayar yan?t vermedi?inden bir ba?lant? kurulamad?.","False","0","False","False","0","False"
"5bd22377-9d1c-498f-825a-9cf230340a9e","MANIFEST_BOUND","hmail-perf-pair-100k-20260901","DE4DA2CDCDA01B1BE6D8C9BC98A377167205E940722D2BBCEE98A15A16ACB23A","net10","hmail_perf_pair_net10_20260831_213833","C:\hmail-perf-pair-100k-20260901\net10\Data","EBBF2395E8933C7BACE46AD51D451033745819B4B168934194C43B3B5121FAED","100","15","one TCP client and one sequential IMAP session per sample","0","PASS","E92ED927F40EA825DD551A4BA512B278123451CFAC76F908716AF84199904862","6FDC539CD1D13C7514886E7F7595F7A2A7107313E145AA44C7F0F223DA7B40B8","3","9","False","False","15829.108","Aktarma ba?lant?s?ndan veriler okunamad?: Ba?lan?lan uygun olarak belli bir s?re i?inde yan?t vermedi?inden veya kurulan
ba?lant? ba?lan?lan ana bilgisayar yan?t vermedi?inden bir ba?lant? kurulamad?.","False","0","False","False","0","False"
"5bd22377-9d1c-498f-825a-9cf230340a9e","MANIFEST_BOUND","hmail-perf-pair-100k-20260901","DE4DA2CDCDA01B1BE6D8C9BC98A377167205E940722D2BBCEE98A15A16ACB23A","net10","hmail_perf_pair_net10_20260831_213833","C:\hmail-perf-pair-100k-20260901\net10\Data","EBBF2395E8933C7BACE46AD51D451033745819B4B168934194C43B3B5121FAED","100","15","one TCP client and one sequential IMAP session per sample","0","PASS","E92ED927F40EA825DD551A4BA512B278123451CFAC76F908716AF84199904862","6FDC539CD1D13C7514886E7F7595F7A2A7107313E145AA44C7F0F223DA7B40B8","3","10","True","False","16532.202",,"True","100000","True","True","100000","True"
"5bd22377-9d1c-498f-825a-9cf230340a9e","MANIFEST_BOUND","hmail-perf-pair-100k-20260901","DE4DA2CDCDA01B1BE6D8C9BC98A377167205E940722D2BBCEE98A15A16ACB23A","net10","hmail_perf_pair_net10_20260831_213833","C:\hmail-perf-pair-100k-20260901\net10\Data","EBBF2395E8933C7BACE46AD51D451033745819B4B168934194C43B3B5121FAED","100","15","one TCP client and one sequential IMAP session per sample","0","PASS","E92ED927F40EA825DD551A4BA512B278123451CFAC76F908716AF84199904862","6FDC539CD1D13C7514886E7F7595F7A2A7107313E145AA44C7F0F223DA7B40B8","3","11","True","False","17737.442",,"True","100000","True","True","100000","True"
"5bd22377-9d1c-498f-825a-9cf230340a9e","MANIFEST_BOUND","hmail-perf-pair-100k-20260901","DE4DA2CDCDA01B1BE6D8C9BC98A377167205E940722D2BBCEE98A15A16ACB23A","net10","hmail_perf_pair_net10_20260831_213833","C:\hmail-perf-pair-100k-20260901\net10\Data","EBBF2395E8933C7BACE46AD51D451033745819B4B168934194C43B3B5121FAED","100","15","one TCP client and one sequential IMAP session per sample","0","PASS","E92ED927F40EA825DD551A4BA512B278123451CFAC76F908716AF84199904862","6FDC539CD1D13C7514886E7F7595F7A2A7107313E145AA44C7F0F223DA7B40B8","3","12","True","False","15929.826",,"True","100000","True","True","100000","True"
"5bd22377-9d1c-498f-825a-9cf230340a9e","MANIFEST_BOUND","hmail-perf-pair-100k-20260901","DE4DA2CDCDA01B1BE6D8C9BC98A377167205E940722D2BBCEE98A15A16ACB23A","net10","hmail_perf_pair_net10_20260831_213833","C:\hmail-perf-pair-100k-20260901\net10\Data","EBBF2395E8933C7BACE46AD51D451033745819B4B168934194C43B3B5121FAED","100","15","one TCP client and one sequential IMAP session per sample","0","PASS","E92ED927F40EA825DD551A4BA512B278123451CFAC76F908716AF84199904862","6FDC539CD1D13C7514886E7F7595F7A2A7107313E145AA44C7F0F223DA7B40B8","3","13","True","False","18886.316",,"True","100000","True","True","100000","True"
"5bd22377-9d1c-498f-825a-9cf230340a9e","MANIFEST_BOUND","hmail-perf-pair-100k-20260901","DE4DA2CDCDA01B1BE6D8C9BC98A377167205E940722D2BBCEE98A15A16ACB23A","net10","hmail_perf_pair_net10_20260831_213833","C:\hmail-perf-pair-100k-20260901\net10\Data","EBBF2395E8933C7BACE46AD51D451033745819B4B168934194C43B3B5121FAED","100","15","one TCP client and one sequential IMAP session per sample","0","PASS","E92ED927F40EA825DD551A4BA512B278123451CFAC76F908716AF84199904862","6FDC539CD1D13C7514886E7F7595F7A2A7107313E145AA44C7F0F223DA7B40B8","3","14","False","False","13331.172","Aktarma ba?lant?s?ndan veriler okunamad?: Ba?lan?lan uygun olarak belli bir s?re i?inde yan?t vermedi?inden veya kurulan
ba?lant? ba?lan?lan ana bilgisayar yan?t vermedi?inden bir ba?lant? kurulamad?.","False","0","False","False","0","False"
"5bd22377-9d1c-498f-825a-9cf230340a9e","MANIFEST_BOUND","hmail-perf-pair-100k-20260901","DE4DA2CDCDA01B1BE6D8C9BC98A377167205E940722D2BBCEE98A15A16ACB23A","net10","hmail_perf_pair_net10_20260831_213833","C:\hmail-perf-pair-100k-20260901\net10\Data","EBBF2395E8933C7BACE46AD51D451033745819B4B168934194C43B3B5121FAED","100","15","one TCP client and one sequential IMAP session per sample","0","PASS","E92ED927F40EA825DD551A4BA512B278123451CFAC76F908716AF84199904862","6FDC539CD1D13C7514886E7F7595F7A2A7107313E145AA44C7F0F223DA7B40B8","3","15","True","False","19553.131",,"True","100000","True","True","100000","True"
"5bd22377-9d1c-498f-825a-9cf230340a9e","MANIFEST_BOUND","hmail-perf-pair-100k-20260901","DE4DA2CDCDA01B1BE6D8C9BC98A377167205E940722D2BBCEE98A15A16ACB23A","net10","hmail_perf_pair_net10_20260831_213833","C:\hmail-perf-pair-100k-20260901\net10\Data","EBBF2395E8933C7BACE46AD51D451033745819B4B168934194C43B3B5121FAED","100","15","one TCP client and one sequential IMAP session per sample","0","PASS","E92ED927F40EA825DD551A4BA512B278123451CFAC76F908716AF84199904862","6FDC539CD1D13C7514886E7F7595F7A2A7107313E145AA44C7F0F223DA7B40B8","3","16","False","False","19264.191","Aktarma ba?lant?s?ndan veriler okunamad?: Ba?lan?lan uygun olarak belli bir s?re i?inde yan?t vermedi?inden veya kurulan
ba?lant? ba?lan?lan ana bilgisayar yan?t vermedi?inden bir ba?lant? kurulamad?.","False","0","False","False","0","False"
"5bd22377-9d1c-498f-825a-9cf230340a9e","MANIFEST_BOUND","hmail-perf-pair-100k-20260901","DE4DA2CDCDA01B1BE6D8C9BC98A377167205E940722D2BBCEE98A15A16ACB23A","net10","hmail_perf_pair_net10_20260831_213833","C:\hmail-perf-pair-100k-20260901\net10\Data","EBBF2395E8933C7BACE46AD51D451033745819B4B168934194C43B3B5121FAED","100","15","one TCP client and one sequential IMAP session per sample","0","PASS","E92ED927F40EA825DD551A4BA512B278123451CFAC76F908716AF84199904862","6FDC539CD1D13C7514886E7F7595F7A2A7107313E145AA44C7F0F223DA7B40B8","3","17","False","False","18954.986","Aktarma ba?lant?s?ndan veriler okunamad?: Ba?lan?lan uygun olarak belli bir s?re i?inde yan?t vermedi?inden veya kurulan
ba?lant? ba?lan?lan ana bilgisayar yan?t vermedi?inden bir ba?lant? kurulamad?.","False","0","False","False","0","False"
"5bd22377-9d1c-498f-825a-9cf230340a9e","MANIFEST_BOUND","hmail-perf-pair-100k-20260901","DE4DA2CDCDA01B1BE6D8C9BC98A377167205E940722D2BBCEE98A15A16ACB23A","net10","hmail_perf_pair_net10_20260831_213833","C:\hmail-perf-pair-100k-20260901\net10\Data","EBBF2395E8933C7BACE46AD51D451033745819B4B168934194C43B3B5121FAED","100","15","one TCP client and one sequential IMAP session per sample","0","PASS","E92ED927F40EA825DD551A4BA512B278123451CFAC76F908716AF84199904862","6FDC539CD1D13C7514886E7F7595F7A2A7107313E145AA44C7F0F223DA7B40B8","3","18","True","False","18920.918",,"True","100000","True","True","100000","True"
"5bd22377-9d1c-498f-825a-9cf230340a9e","MANIFEST_BOUND","hmail-perf-pair-100k-20260901","DE4DA2CDCDA01B1BE6D8C9BC98A377167205E940722D2BBCEE98A15A16ACB23A","net10","hmail_perf_pair_net10_20260831_213833","C:\hmail-perf-pair-100k-20260901\net10\Data","EBBF2395E8933C7BACE46AD51D451033745819B4B168934194C43B3B5121FAED","100","15","one TCP client and one sequential IMAP session per sample","0","PASS","E92ED927F40EA825DD551A4BA512B278123451CFAC76F908716AF84199904862","6FDC539CD1D13C7514886E7F7595F7A2A7107313E145AA44C7F0F223DA7B40B8","3","19","True","False","14435.866",,"True","100000","True","True","100000","True"
"5bd22377-9d1c-498f-825a-9cf230340a9e","MANIFEST_BOUND","hmail-perf-pair-100k-20260901","DE4DA2CDCDA01B1BE6D8C9BC98A377167205E940722D2BBCEE98A15A16ACB23A","net10","hmail_perf_pair_net10_20260831_213833","C:\hmail-perf-pair-100k-20260901\net10\Data","EBBF2395E8933C7BACE46AD51D451033745819B4B168934194C43B3B5121FAED","100","15","one TCP client and one sequential IMAP session per sample","0","PASS","E92ED927F40EA825DD551A4BA512B278123451CFAC76F908716AF84199904862","6FDC539CD1D13C7514886E7F7595F7A2A7107313E145AA44C7F0F223DA7B40B8","3","20","False","False","10853.368","Aktarma ba?lant?s?ndan veriler okunamad?: Ba?lan?lan uygun olarak belli bir s?re i?inde yan?t vermedi?inden veya kurulan
ba?lant? ba?lan?lan ana bilgisayar yan?t vermedi?inden bir ba?lant? kurulamad?.","False","0","False","False","0","False"
"5bd22377-9d1c-498f-825a-9cf230340a9e","MANIFEST_BOUND","hmail-perf-pair-100k-20260901","DE4DA2CDCDA01B1BE6D8C9BC98A377167205E940722D2BBCEE98A15A16ACB23A","net10","hmail_perf_pair_net10_20260831_213833","C:\hmail-perf-pair-100k-20260901\net10\Data","EBBF2395E8933C7BACE46AD51D451033745819B4B168934194C43B3B5121FAED","100","15","one TCP client and one sequential IMAP session per sample","0","PASS","E92ED927F40EA825DD551A4BA512B278123451CFAC76F908716AF84199904862","6FDC539CD1D13C7514886E7F7595F7A2A7107313E145AA44C7F0F223DA7B40B8","3","21","True","False","15064.197",,"True","100000","True","True","100000","True"
"5bd22377-9d1c-498f-825a-9cf230340a9e","MANIFEST_BOUND","hmail-perf-pair-100k-20260901","DE4DA2CDCDA01B1BE6D8C9BC98A377167205E940722D2BBCEE98A15A16ACB23A","net10","hmail_perf_pair_net10_20260831_213833","C:\hmail-perf-pair-100k-20260901\net10\Data","EBBF2395E8933C7BACE46AD51D451033745819B4B168934194C43B3B5121FAED","100","15","one TCP client and one sequential IMAP session per sample","0","PASS","E92ED927F40EA825DD551A4BA512B278123451CFAC76F908716AF84199904862","6FDC539CD1D13C7514886E7F7595F7A2A7107313E145AA44C7F0F223DA7B40B8","3","22","False","False","13333.206","Aktarma ba?lant?s?ndan veriler okunamad?: Ba?lan?lan uygun olarak belli bir s?re i?inde yan?t vermedi?inden veya kurulan
ba?lant? ba?lan?lan ana bilgisayar yan?t vermedi?inden bir ba?lant? kurulamad?.","False","0","False","False","0","False"
"5bd22377-9d1c-498f-825a-9cf230340a9e","MANIFEST_BOUND","hmail-perf-pair-100k-20260901","DE4DA2CDCDA01B1BE6D8C9BC98A377167205E940722D2BBCEE98A15A16ACB23A","net10","hmail_perf_pair_net10_20260831_213833","C:\hmail-perf-pair-100k-20260901\net10\Data","EBBF2395E8933C7BACE46AD51D451033745819B4B168934194C43B3B5121FAED","100","15","one TCP client and one sequential IMAP session per sample","0","PASS","E92ED927F40EA825DD551A4BA512B278123451CFAC76F908716AF84199904862","6FDC539CD1D13C7514886E7F7595F7A2A7107313E145AA44C7F0F223DA7B40B8","3","23","True","False","17526.323",,"True","100000","True","True","100000","True"
"5bd22377-9d1c-498f-825a-9cf230340a9e","MANIFEST_BOUND","hmail-perf-pair-100k-20260901","DE4DA2CDCDA01B1BE6D8C9BC98A377167205E940722D2BBCEE98A15A16ACB23A","net10","hmail_perf_pair_net10_20260831_213833","C:\hmail-perf-pair-100k-20260901\net10\Data","EBBF2395E8933C7BACE46AD51D451033745819B4B168934194C43B3B5121FAED","100","15","one TCP client and one sequential IMAP session per sample","0","PASS","E92ED927F40EA825DD551A4BA512B278123451CFAC76F908716AF84199904862","6FDC539CD1D13C7514886E7F7595F7A2A7107313E145AA44C7F0F223DA7B40B8","3","24","False","False","16881.974","Aktarma ba?lant?s?ndan veriler okunamad?: Ba?lan?lan uygun olarak belli bir s?re i?inde yan?t vermedi?inden veya kurulan
ba?lant? ba?lan?lan ana bilgisayar yan?t vermedi?inden bir ba?lant? kurulamad?.","False","0","False","False","0","False"
"5bd22377-9d1c-498f-825a-9cf230340a9e","MANIFEST_BOUND","hmail-perf-pair-100k-20260901","DE4DA2CDCDA01B1BE6D8C9BC98A377167205E940722D2BBCEE98A15A16ACB23A","net10","hmail_perf_pair_net10_20260831_213833","C:\hmail-perf-pair-100k-20260901\net10\Data","EBBF2395E8933C7BACE46AD51D451033745819B4B168934194C43B3B5121FAED","100","15","one TCP client and one sequential IMAP session per sample","0","PASS","E92ED927F40EA825DD551A4BA512B278123451CFAC76F908716AF84199904862","6FDC539CD1D13C7514886E7F7595F7A2A7107313E145AA44C7F0F223DA7B40B8","3","25","True","False","19197.491",,"True","100000","True","True","100000","True"
"5bd22377-9d1c-498f-825a-9cf230340a9e","MANIFEST_BOUND","hmail-perf-pair-100k-20260901","DE4DA2CDCDA01B1BE6D8C9BC98A377167205E940722D2BBCEE98A15A16ACB23A","net10","hmail_perf_pair_net10_20260831_213833","C:\hmail-perf-pair-100k-20260901\net10\Data","EBBF2395E8933C7BACE46AD51D451033745819B4B168934194C43B3B5121FAED","100","15","one TCP client and one sequential IMAP session per sample","0","PASS","E92ED927F40EA825DD551A4BA512B278123451CFAC76F908716AF84199904862","6FDC539CD1D13C7514886E7F7595F7A2A7107313E145AA44C7F0F223DA7B40B8","3","26","False","False","15458.162","Aktarma ba?lant?s?ndan veriler okunamad?: Ba?lan?lan uygun olarak belli bir s?re i?inde yan?t vermedi?inden veya kurulan
ba?lant? ba?lan?lan ana bilgisayar yan?t vermedi?inden bir ba?lant? kurulamad?.","False","0","False","False","0","False"
"5bd22377-9d1c-498f-825a-9cf230340a9e","MANIFEST_BOUND","hmail-perf-pair-100k-20260901","DE4DA2CDCDA01B1BE6D8C9BC98A377167205E940722D2BBCEE98A15A16ACB23A","net10","hmail_perf_pair_net10_20260831_213833","C:\hmail-perf-pair-100k-20260901\net10\Data","EBBF2395E8933C7BACE46AD51D451033745819B4B168934194C43B3B5121FAED","100","15","one TCP client and one sequential IMAP session per sample","0","PASS","E92ED927F40EA825DD551A4BA512B278123451CFAC76F908716AF84199904862","6FDC539CD1D13C7514886E7F7595F7A2A7107313E145AA44C7F0F223DA7B40B8","3","27","True","False","19059.131",,"True","100000","True","True","100000","True"
"5bd22377-9d1c-498f-825a-9cf230340a9e","MANIFEST_BOUND","hmail-perf-pair-100k-20260901","DE4DA2CDCDA01B1BE6D8C9BC98A377167205E940722D2BBCEE98A15A16ACB23A","net10","hmail_perf_pair_net10_20260831_213833","C:\hmail-perf-pair-100k-20260901\net10\Data","EBBF2395E8933C7BACE46AD51D451033745819B4B168934194C43B3B5121FAED","100","15","one TCP client and one sequential IMAP session per sample","0","PASS","E92ED927F40EA825DD551A4BA512B278123451CFAC76F908716AF84199904862","6FDC539CD1D13C7514886E7F7595F7A2A7107313E145AA44C7F0F223DA7B40B8","3","28","True","False","18671.318",,"True","100000","True","True","100000","True"
"5bd22377-9d1c-498f-825a-9cf230340a9e","MANIFEST_BOUND","hmail-perf-pair-100k-20260901","DE4DA2CDCDA01B1BE6D8C9BC98A377167205E940722D2BBCEE98A15A16ACB23A","net10","hmail_perf_pair_net10_20260831_213833","C:\hmail-perf-pair-100k-20260901\net10\Data","EBBF2395E8933C7BACE46AD51D451033745819B4B168934194C43B3B5121FAED","100","15","one TCP client and one sequential IMAP session per sample","0","PASS","E92ED927F40EA825DD551A4BA512B278123451CFAC76F908716AF84199904862","6FDC539CD1D13C7514886E7F7595F7A2A7107313E145AA44C7F0F223DA7B40B8","3","29","True","False","16222.727",,"True","100000","True","True","100000","True"
"5bd22377-9d1c-498f-825a-9cf230340a9e","MANIFEST_BOUND","hmail-perf-pair-100k-20260901","DE4DA2CDCDA01B1BE6D8C9BC98A377167205E940722D2BBCEE98A15A16ACB23A","net10","hmail_perf_pair_net10_20260831_213833","C:\hmail-perf-pair-100k-20260901\net10\Data","EBBF2395E8933C7BACE46AD51D451033745819B4B168934194C43B3B5121FAED","100","15","one TCP client and one sequential IMAP session per sample","0","PASS","E92ED927F40EA825DD551A4BA512B278123451CFAC76F908716AF84199904862","6FDC539CD1D13C7514886E7F7595F7A2A7107313E145AA44C7F0F223DA7B40B8","3","30","False","False","13348.247","Aktarma ba?lant?s?ndan veriler okunamad?: Ba?lan?lan uygun olarak belli bir s?re i?inde yan?t vermedi?inden veya kurulan
ba?lant? ba?lan?lan ana bilgisayar yan?t vermedi?inden bir ba?lant? kurulamad?.","False","0","False","False","0","False"
"5bd22377-9d1c-498f-825a-9cf230340a9e","MANIFEST_BOUND","hmail-perf-pair-100k-20260901","DE4DA2CDCDA01B1BE6D8C9BC98A377167205E940722D2BBCEE98A15A16ACB23A","net10","hmail_perf_pair_net10_20260831_213833","C:\hmail-perf-pair-100k-20260901\net10\Data","EBBF2395E8933C7BACE46AD51D451033745819B4B168934194C43B3B5121FAED","100","15","one TCP client and one sequential IMAP session per sample","0","PASS","E92ED927F40EA825DD551A4BA512B278123451CFAC76F908716AF84199904862","6FDC539CD1D13C7514886E7F7595F7A2A7107313E145AA44C7F0F223DA7B40B8","3","31","True","False","14656.788",,"True","100000","True","True","100000","True"
"5bd22377-9d1c-498f-825a-9cf230340a9e","MANIFEST_BOUND","hmail-perf-pair-100k-20260901","DE4DA2CDCDA01B1BE6D8C9BC98A377167205E940722D2BBCEE98A15A16ACB23A","net10","hmail_perf_pair_net10_20260831_213833","C:\hmail-perf-pair-100k-20260901\net10\Data","EBBF2395E8933C7BACE46AD51D451033745819B4B168934194C43B3B5121FAED","100","15","one TCP client and one sequential IMAP session per sample","0","PASS","E92ED927F40EA825DD551A4BA512B278123451CFAC76F908716AF84199904862","6FDC539CD1D13C7514886E7F7595F7A2A7107313E145AA44C7F0F223DA7B40B8","3","32","True","False","18984.231",,"True","100000","True","True","100000","True"
"5bd22377-9d1c-498f-825a-9cf230340a9e","MANIFEST_BOUND","hmail-perf-pair-100k-20260901","DE4DA2CDCDA01B1BE6D8C9BC98A377167205E940722D2BBCEE98A15A16ACB23A","net10","hmail_perf_pair_net10_20260831_213833","C:\hmail-perf-pair-100k-20260901\net10\Data","EBBF2395E8933C7BACE46AD51D451033745819B4B168934194C43B3B5121FAED","100","15","one TCP client and one sequential IMAP session per sample","0","PASS","E92ED927F40EA825DD551A4BA512B278123451CFAC76F908716AF84199904862","6FDC539CD1D13C7514886E7F7595F7A2A7107313E145AA44C7F0F223DA7B40B8","3","33","True","False","19546.233",,"True","100000","True","True","100000","True"
"5bd22377-9d1c-498f-825a-9cf230340a9e","MANIFEST_BOUND","hmail-perf-pair-100k-20260901","DE4DA2CDCDA01B1BE6D8C9BC98A377167205E940722D2BBCEE98A15A16ACB23A","net10","hmail_perf_pair_net10_20260831_213833","C:\hmail-perf-pair-100k-20260901\net10\Data","EBBF2395E8933C7BACE46AD51D451033745819B4B168934194C43B3B5121FAED","100","15","one TCP client and one sequential IMAP session per sample","0","PASS","E92ED927F40EA825DD551A4BA512B278123451CFAC76F908716AF84199904862","6FDC539CD1D13C7514886E7F7595F7A2A7107313E145AA44C7F0F223DA7B40B8","3","34","False","False","16540.797","Aktarma ba?lant?s?ndan veriler okunamad?: Ba?lan?lan uygun olarak belli bir s?re i?inde yan?t vermedi?inden veya kurulan
ba?lant? ba?lan?lan ana bilgisayar yan?t vermedi?inden bir ba?lant? kurulamad?.","False","0","False","False","0","False"
"5bd22377-9d1c-498f-825a-9cf230340a9e","MANIFEST_BOUND","hmail-perf-pair-100k-20260901","DE4DA2CDCDA01B1BE6D8C9BC98A377167205E940722D2BBCEE98A15A16ACB23A","net10","hmail_perf_pair_net10_20260831_213833","C:\hmail-perf-pair-100k-20260901\net10\Data","EBBF2395E8933C7BACE46AD51D451033745819B4B168934194C43B3B5121FAED","100","15","one TCP client and one sequential IMAP session per sample","0","PASS","E92ED927F40EA825DD551A4BA512B278123451CFAC76F908716AF84199904862","6FDC539CD1D13C7514886E7F7595F7A2A7107313E145AA44C7F0F223DA7B40B8","3","35","True","False","17739.41",,"True","100000","True","True","100000","True"
"5bd22377-9d1c-498f-825a-9cf230340a9e","MANIFEST_BOUND","hmail-perf-pair-100k-20260901","DE4DA2CDCDA01B1BE6D8C9BC98A377167205E940722D2BBCEE98A15A16ACB23A","net10","hmail_perf_pair_net10_20260831_213833","C:\hmail-perf-pair-100k-20260901\net10\Data","EBBF2395E8933C7BACE46AD51D451033745819B4B168934194C43B3B5121FAED","100","15","one TCP client and one sequential IMAP session per sample","0","PASS","E92ED927F40EA825DD551A4BA512B278123451CFAC76F908716AF84199904862","6FDC539CD1D13C7514886E7F7595F7A2A7107313E145AA44C7F0F223DA7B40B8","3","36","False","False","13115.634","Aktarma ba?lant?s?ndan veriler okunamad?: Ba?lan?lan uygun olarak belli bir s?re i?inde yan?t vermedi?inden veya kurulan
ba?lant? ba?lan?lan ana bilgisayar yan?t vermedi?inden bir ba?lant? kurulamad?.","False","0","False","False","0","False"
"5bd22377-9d1c-498f-825a-9cf230340a9e","MANIFEST_BOUND","hmail-perf-pair-100k-20260901","DE4DA2CDCDA01B1BE6D8C9BC98A377167205E940722D2BBCEE98A15A16ACB23A","net10","hmail_perf_pair_net10_20260831_213833","C:\hmail-perf-pair-100k-20260901\net10\Data","EBBF2395E8933C7BACE46AD51D451033745819B4B168934194C43B3B5121FAED","100","15","one TCP client and one sequential IMAP session per sample","0","PASS","E92ED927F40EA825DD551A4BA512B278123451CFAC76F908716AF84199904862","6FDC539CD1D13C7514886E7F7595F7A2A7107313E145AA44C7F0F223DA7B40B8","3","37","False","False","10866.677","Aktarma ba?lant?s?ndan veriler okunamad?: Ba?lan?lan uygun olarak belli bir s?re i?inde yan?t vermedi?inden veya kurulan
ba?lant? ba?lan?lan ana bilgisayar yan?t vermedi?inden bir ba?lant? kurulamad?.","False","0","False","False","0","False"
"5bd22377-9d1c-498f-825a-9cf230340a9e","MANIFEST_BOUND","hmail-perf-pair-100k-20260901","DE4DA2CDCDA01B1BE6D8C9BC98A377167205E940722D2BBCEE98A15A16ACB23A","net10","hmail_perf_pair_net10_20260831_213833","C:\hmail-perf-pair-100k-20260901\net10\Data","EBBF2395E8933C7BACE46AD51D451033745819B4B168934194C43B3B5121FAED","100","15","one TCP client and one sequential IMAP session per sample","0","PASS","E92ED927F40EA825DD551A4BA512B278123451CFAC76F908716AF84199904862","6FDC539CD1D13C7514886E7F7595F7A2A7107313E145AA44C7F0F223DA7B40B8","3","38","False","False","10833.704","Aktarma ba?lant?s?ndan veriler okunamad?: Ba?lan?lan uygun olarak belli bir s?re i?inde yan?t vermedi?inden veya kurulan
ba?lant? ba?lan?lan ana bilgisayar yan?t vermedi?inden bir ba?lant? kurulamad?.","False","0","False","False","0","False"
"5bd22377-9d1c-498f-825a-9cf230340a9e","MANIFEST_BOUND","hmail-perf-pair-100k-20260901","DE4DA2CDCDA01B1BE6D8C9BC98A377167205E940722D2BBCEE98A15A16ACB23A","net10","hmail_perf_pair_net10_20260831_213833","C:\hmail-perf-pair-100k-20260901\net10\Data","EBBF2395E8933C7BACE46AD51D451033745819B4B168934194C43B3B5121FAED","100","15","one TCP client and one sequential IMAP session per sample","0","PASS","E92ED927F40EA825DD551A4BA512B278123451CFAC76F908716AF84199904862","6FDC539CD1D13C7514886E7F7595F7A2A7107313E145AA44C7F0F223DA7B40B8","3","39","True","False","16497.235",,"True","100000","True","True","100000","True"
"5bd22377-9d1c-498f-825a-9cf230340a9e","MANIFEST_BOUND","hmail-perf-pair-100k-20260901","DE4DA2CDCDA01B1BE6D8C9BC98A377167205E940722D2BBCEE98A15A16ACB23A","net10","hmail_perf_pair_net10_20260831_213833","C:\hmail-perf-pair-100k-20260901\net10\Data","EBBF2395E8933C7BACE46AD51D451033745819B4B168934194C43B3B5121FAED","100","15","one TCP client and one sequential IMAP session per sample","0","PASS","E92ED927F40EA825DD551A4BA512B278123451CFAC76F908716AF84199904862","6FDC539CD1D13C7514886E7F7595F7A2A7107313E145AA44C7F0F223DA7B40B8","3","40","True","False","19408.53",,"True","100000","True","True","100000","True"
"5bd22377-9d1c-498f-825a-9cf230340a9e","MANIFEST_BOUND","hmail-perf-pair-100k-20260901","DE4DA2CDCDA01B1BE6D8C9BC98A377167205E940722D2BBCEE98A15A16ACB23A","net10","hmail_perf_pair_net10_20260831_213833","C:\hmail-perf-pair-100k-20260901\net10\Data","EBBF2395E8933C7BACE46AD51D451033745819B4B168934194C43B3B5121FAED","100","15","one TCP client and one sequential IMAP session per sample","0","PASS","E92ED927F40EA825DD551A4BA512B278123451CFAC76F908716AF84199904862","6FDC539CD1D13C7514886E7F7595F7A2A7107313E145AA44C7F0F223DA7B40B8","3","41","True","False","19547.3",,"True","100000","True","True","100000","True"
"5bd22377-9d1c-498f-825a-9cf230340a9e","MANIFEST_BOUND","hmail-perf-pair-100k-20260901","DE4DA2CDCDA01B1BE6D8C9BC98A377167205E940722D2BBCEE98A15A16ACB23A","net10","hmail_perf_pair_net10_20260831_213833","C:\hmail-perf-pair-100k-20260901\net10\Data","EBBF2395E8933C7BACE46AD51D451033745819B4B168934194C43B3B5121FAED","100","15","one TCP client and one sequential IMAP session per sample","0","PASS","E92ED927F40EA825DD551A4BA512B278123451CFAC76F908716AF84199904862","6FDC539CD1D13C7514886E7F7595F7A2A7107313E145AA44C7F0F223DA7B40B8","3","42","False","False","10868.809","Aktarma ba?lant?s?ndan veriler okunamad?: Ba?lan?lan uygun olarak belli bir s?re i?inde yan?t vermedi?inden veya kurulan
ba?lant? ba?lan?lan ana bilgisayar yan?t vermedi?inden bir ba?lant? kurulamad?.","False","0","False","False","0","False"
"5bd22377-9d1c-498f-825a-9cf230340a9e","MANIFEST_BOUND","hmail-perf-pair-100k-20260901","DE4DA2CDCDA01B1BE6D8C9BC98A377167205E940722D2BBCEE98A15A16ACB23A","net10","hmail_perf_pair_net10_20260831_213833","C:\hmail-perf-pair-100k-20260901\net10\Data","EBBF2395E8933C7BACE46AD51D451033745819B4B168934194C43B3B5121FAED","100","15","one TCP client and one sequential IMAP session per sample","0","PASS","E92ED927F40EA825DD551A4BA512B278123451CFAC76F908716AF84199904862","6FDC539CD1D13C7514886E7F7595F7A2A7107313E145AA44C7F0F223DA7B40B8","3","43","True","False","17634.426",,"True","100000","True","True","100000","True"
"5bd22377-9d1c-498f-825a-9cf230340a9e","MANIFEST_BOUND","hmail-perf-pair-100k-20260901","DE4DA2CDCDA01B1BE6D8C9BC98A377167205E940722D2BBCEE98A15A16ACB23A","net10","hmail_perf_pair_net10_20260831_213833","C:\hmail-perf-pair-100k-20260901\net10\Data","EBBF2395E8933C7BACE46AD51D451033745819B4B168934194C43B3B5121FAED","100","15","one TCP client and one sequential IMAP session per sample","0","PASS","E92ED927F40EA825DD551A4BA512B278123451CFAC76F908716AF84199904862","6FDC539CD1D13C7514886E7F7595F7A2A7107313E145AA44C7F0F223DA7B40B8","3","44","True","False","17493.967",,"True","100000","True","True","100000","True"
"5bd22377-9d1c-498f-825a-9cf230340a9e","MANIFEST_BOUND","hmail-perf-pair-100k-20260901","DE4DA2CDCDA01B1BE6D8C9BC98A377167205E940722D2BBCEE98A15A16ACB23A","net10","hmail_perf_pair_net10_20260831_213833","C:\hmail-perf-pair-100k-20260901\net10\Data","EBBF2395E8933C7BACE46AD51D451033745819B4B168934194C43B3B5121FAED","100","15","one TCP client and one sequential IMAP session per sample","0","PASS","E92ED927F40EA825DD551A4BA512B278123451CFAC76F908716AF84199904862","6FDC539CD1D13C7514886E7F7595F7A2A7107313E145AA44C7F0F223DA7B40B8","3","45","True","False","17471.533",,"True","100000","True","True","100000","True"
"5bd22377-9d1c-498f-825a-9cf230340a9e","MANIFEST_BOUND","hmail-perf-pair-100k-20260901","DE4DA2CDCDA01B1BE6D8C9BC98A377167205E940722D2BBCEE98A15A16ACB23A","net10","hmail_perf_pair_net10_20260831_213833","C:\hmail-perf-pair-100k-20260901\net10\Data","EBBF2395E8933C7BACE46AD51D451033745819B4B168934194C43B3B5121FAED","100","15","one TCP client and one sequential IMAP session per sample","0","PASS","E92ED927F40EA825DD551A4BA512B278123451CFAC76F908716AF84199904862","6FDC539CD1D13C7514886E7F7595F7A2A7107313E145AA44C7F0F223DA7B40B8","3","46","True","False","17880.92",,"True","100000","True","True","100000","True"
"5bd22377-9d1c-498f-825a-9cf230340a9e","MANIFEST_BOUND","hmail-perf-pair-100k-20260901","DE4DA2CDCDA01B1BE6D8C9BC98A377167205E940722D2BBCEE98A15A16ACB23A","net10","hmail_perf_pair_net10_20260831_213833","C:\hmail-perf-pair-100k-20260901\net10\Data","EBBF2395E8933C7BACE46AD51D451033745819B4B168934194C43B3B5121FAED","100","15","one TCP client and one sequential IMAP session per sample","0","PASS","E92ED927F40EA825DD551A4BA512B278123451CFAC76F908716AF84199904862","6FDC539CD1D13C7514886E7F7595F7A2A7107313E145AA44C7F0F223DA7B40B8","3","47","True","False","15913.247",,"True","100000","True","True","100000","True"
"5bd22377-9d1c-498f-825a-9cf230340a9e","MANIFEST_BOUND","hmail-perf-pair-100k-20260901","DE4DA2CDCDA01B1BE6D8C9BC98A377167205E940722D2BBCEE98A15A16ACB23A","net10","hmail_perf_pair_net10_20260831_213833","C:\hmail-perf-pair-100k-20260901\net10\Data","EBBF2395E8933C7BACE46AD51D451033745819B4B168934194C43B3B5121FAED","100","15","one TCP client and one sequential IMAP session per sample","0","PASS","E92ED927F40EA825DD551A4BA512B278123451CFAC76F908716AF84199904862","6FDC539CD1D13C7514886E7F7595F7A2A7107313E145AA44C7F0F223DA7B40B8","3","48","True","False","17481.828",,"True","100000","True","True","100000","True"
"5bd22377-9d1c-498f-825a-9cf230340a9e","MANIFEST_BOUND","hmail-perf-pair-100k-20260901","DE4DA2CDCDA01B1BE6D8C9BC98A377167205E940722D2BBCEE98A15A16ACB23A","net10","hmail_perf_pair_net10_20260831_213833","C:\hmail-perf-pair-100k-20260901\net10\Data","EBBF2395E8933C7BACE46AD51D451033745819B4B168934194C43B3B5121FAED","100","15","one TCP client and one sequential IMAP session per sample","0","PASS","E92ED927F40EA825DD551A4BA512B278123451CFAC76F908716AF84199904862","6FDC539CD1D13C7514886E7F7595F7A2A7107313E145AA44C7F0F223DA7B40B8","3","49","True","False","19411.276",,"True","100000","True","True","100000","True"
"5bd22377-9d1c-498f-825a-9cf230340a9e","MANIFEST_BOUND","hmail-perf-pair-100k-20260901","DE4DA2CDCDA01B1BE6D8C9BC98A377167205E940722D2BBCEE98A15A16ACB23A","net10","hmail_perf_pair_net10_20260831_213833","C:\hmail-perf-pair-100k-20260901\net10\Data","EBBF2395E8933C7BACE46AD51D451033745819B4B168934194C43B3B5121FAED","100","15","one TCP client and one sequential IMAP session per sample","0","PASS","E92ED927F40EA825DD551A4BA512B278123451CFAC76F908716AF84199904862","6FDC539CD1D13C7514886E7F7595F7A2A7107313E145AA44C7F0F223DA7B40B8","3","50","True","False","19552.992",,"True","100000","True","True","100000","True"
"5bd22377-9d1c-498f-825a-9cf230340a9e","MANIFEST_BOUND","hmail-perf-pair-100k-20260901","DE4DA2CDCDA01B1BE6D8C9BC98A377167205E940722D2BBCEE98A15A16ACB23A","net10","hmail_perf_pair_net10_20260831_213833","C:\hmail-perf-pair-100k-20260901\net10\Data","EBBF2395E8933C7BACE46AD51D451033745819B4B168934194C43B3B5121FAED","100","15","one TCP client and one sequential IMAP session per sample","0","PASS","E92ED927F40EA825DD551A4BA512B278123451CFAC76F908716AF84199904862","6FDC539CD1D13C7514886E7F7595F7A2A7107313E145AA44C7F0F223DA7B40B8","3","51","False","False","18904.375","Aktarma ba?lant?s?ndan veriler okunamad?: Ba?lan?lan uygun olarak belli bir s?re i?inde yan?t vermedi?inden veya kurulan
ba?lant? ba?lan?lan ana bilgisayar yan?t vermedi?inden bir ba?lant? kurulamad?.","False","0","False","False","0","False"
"5bd22377-9d1c-498f-825a-9cf230340a9e","MANIFEST_BOUND","hmail-perf-pair-100k-20260901","DE4DA2CDCDA01B1BE6D8C9BC98A377167205E940722D2BBCEE98A15A16ACB23A","net10","hmail_perf_pair_net10_20260831_213833","C:\hmail-perf-pair-100k-20260901\net10\Data","EBBF2395E8933C7BACE46AD51D451033745819B4B168934194C43B3B5121FAED","100","15","one TCP client and one sequential IMAP session per sample","0","PASS","E92ED927F40EA825DD551A4BA512B278123451CFAC76F908716AF84199904862","6FDC539CD1D13C7514886E7F7595F7A2A7107313E145AA44C7F0F223DA7B40B8","3","52","False","False","13087.234","Aktarma ba?lant?s?ndan veriler okunamad?: Ba?lan?lan uygun olarak belli bir s?re i?inde yan?t vermedi?inden veya kurulan
ba?lant? ba?lan?lan ana bilgisayar yan?t vermedi?inden bir ba?lant? kurulamad?.","False","0","False","False","0","False"
"5bd22377-9d1c-498f-825a-9cf230340a9e","MANIFEST_BOUND","hmail-perf-pair-100k-20260901","DE4DA2CDCDA01B1BE6D8C9BC98A377167205E940722D2BBCEE98A15A16ACB23A","net10","hmail_perf_pair_net10_20260831_213833","C:\hmail-perf-pair-100k-20260901\net10\Data","EBBF2395E8933C7BACE46AD51D451033745819B4B168934194C43B3B5121FAED","100","15","one TCP client and one sequential IMAP session per sample","0","PASS","E92ED927F40EA825DD551A4BA512B278123451CFAC76F908716AF84199904862","6FDC539CD1D13C7514886E7F7595F7A2A7107313E145AA44C7F0F223DA7B40B8","3","53","True","False","15470.668",,"True","100000","True","True","100000","True"
"5bd22377-9d1c-498f-825a-9cf230340a9e","MANIFEST_BOUND","hmail-perf-pair-100k-20260901","DE4DA2CDCDA01B1BE6D8C9BC98A377167205E940722D2BBCEE98A15A16ACB23A","net10","hmail_perf_pair_net10_20260831_213833","C:\hmail-perf-pair-100k-20260901\net10\Data","EBBF2395E8933C7BACE46AD51D451033745819B4B168934194C43B3B5121FAED","100","15","one TCP client and one sequential IMAP session per sample","0","PASS","E92ED927F40EA825DD551A4BA512B278123451CFAC76F908716AF84199904862","6FDC539CD1D13C7514886E7F7595F7A2A7107313E145AA44C7F0F223DA7B40B8","3","54","False","False","18769.462","Aktarma ba?lant?s?ndan veriler okunamad?: Ba?lan?lan uygun olarak belli bir s?re i?inde yan?t vermedi?inden veya kurulan
ba?lant? ba?lan?lan ana bilgisayar yan?t vermedi?inden bir ba?lant? kurulamad?.","False","0","False","False","0","False"
"5bd22377-9d1c-498f-825a-9cf230340a9e","MANIFEST_BOUND","hmail-perf-pair-100k-20260901","DE4DA2CDCDA01B1BE6D8C9BC98A377167205E940722D2BBCEE98A15A16ACB23A","net10","hmail_perf_pair_net10_20260831_213833","C:\hmail-perf-pair-100k-20260901\net10\Data","EBBF2395E8933C7BACE46AD51D451033745819B4B168934194C43B3B5121FAED","100","15","one TCP client and one sequential IMAP session per sample","0","PASS","E92ED927F40EA825DD551A4BA512B278123451CFAC76F908716AF84199904862","6FDC539CD1D13C7514886E7F7595F7A2A7107313E145AA44C7F0F223DA7B40B8","3","55","True","False","15636.658",,"True","100000","True","True","100000","True"
"5bd22377-9d1c-498f-825a-9cf230340a9e","MANIFEST_BOUND","hmail-perf-pair-100k-20260901","DE4DA2CDCDA01B1BE6D8C9BC98A377167205E940722D2BBCEE98A15A16ACB23A","net10","hmail_perf_pair_net10_20260831_213833","C:\hmail-perf-pair-100k-20260901\net10\Data","EBBF2395E8933C7BACE46AD51D451033745819B4B168934194C43B3B5121FAED","100","15","one TCP client and one sequential IMAP session per sample","0","PASS","E92ED927F40EA825DD551A4BA512B278123451CFAC76F908716AF84199904862","6FDC539CD1D13C7514886E7F7595F7A2A7107313E145AA44C7F0F223DA7B40B8","3","56","True","False","19377.087",,"True","100000","True","True","100000","True"
"5bd22377-9d1c-498f-825a-9cf230340a9e","MANIFEST_BOUND","hmail-perf-pair-100k-20260901","DE4DA2CDCDA01B1BE6D8C9BC98A377167205E940722D2BBCEE98A15A16ACB23A","net10","hmail_perf_pair_net10_20260831_213833","C:\hmail-perf-pair-100k-20260901\net10\Data","EBBF2395E8933C7BACE46AD51D451033745819B4B168934194C43B3B5121FAED","100","15","one TCP client and one sequential IMAP session per sample","0","PASS","E92ED927F40EA825DD551A4BA512B278123451CFAC76F908716AF84199904862","6FDC539CD1D13C7514886E7F7595F7A2A7107313E145AA44C7F0F223DA7B40B8","3","57","False","False","13085.012","Aktarma ba?lant?s?ndan veriler okunamad?: Ba?lan?lan uygun olarak belli bir s?re i?inde yan?t vermedi?inden veya kurulan
ba?lant? ba?lan?lan ana bilgisayar yan?t vermedi?inden bir ba?lant? kurulamad?.","False","0","False","False","0","False"
"5bd22377-9d1c-498f-825a-9cf230340a9e","MANIFEST_BOUND","hmail-perf-pair-100k-20260901","DE4DA2CDCDA01B1BE6D8C9BC98A377167205E940722D2BBCEE98A15A16ACB23A","net10","hmail_perf_pair_net10_20260831_213833","C:\hmail-perf-pair-100k-20260901\net10\Data","EBBF2395E8933C7BACE46AD51D451033745819B4B168934194C43B3B5121FAED","100","15","one TCP client and one sequential IMAP session per sample","0","PASS","E92ED927F40EA825DD551A4BA512B278123451CFAC76F908716AF84199904862","6FDC539CD1D13C7514886E7F7595F7A2A7107313E145AA44C7F0F223DA7B40B8","3","58","False","False","16991.13","Aktarma ba?lant?s?ndan veriler okunamad?: Ba?lan?lan uygun olarak belli bir s?re i?inde yan?t vermedi?inden veya kurulan
ba?lant? ba?lan?lan ana bilgisayar yan?t vermedi?inden bir ba?lant? kurulamad?.","False","0","False","False","0","False"
"5bd22377-9d1c-498f-825a-9cf230340a9e","MANIFEST_BOUND","hmail-perf-pair-100k-20260901","DE4DA2CDCDA01B1BE6D8C9BC98A377167205E940722D2BBCEE98A15A16ACB23A","net10","hmail_perf_pair_net10_20260831_213833","C:\hmail-perf-pair-100k-20260901\net10\Data","EBBF2395E8933C7BACE46AD51D451033745819B4B168934194C43B3B5121FAED","100","15","one TCP client and one sequential IMAP session per sample","0","PASS","E92ED927F40EA825DD551A4BA512B278123451CFAC76F908716AF84199904862","6FDC539CD1D13C7514886E7F7595F7A2A7107313E145AA44C7F0F223DA7B40B8","3","59","True","False","19543.936",,"True","100000","True","True","100000","True"
"5bd22377-9d1c-498f-825a-9cf230340a9e","MANIFEST_BOUND","hmail-perf-pair-100k-20260901","DE4DA2CDCDA01B1BE6D8C9BC98A377167205E940722D2BBCEE98A15A16ACB23A","net10","hmail_perf_pair_net10_20260831_213833","C:\hmail-perf-pair-100k-20260901\net10\Data","EBBF2395E8933C7BACE46AD51D451033745819B4B168934194C43B3B5121FAED","100","15","one TCP client and one sequential IMAP session per sample","0","PASS","E92ED927F40EA825DD551A4BA512B278123451CFAC76F908716AF84199904862","6FDC539CD1D13C7514886E7F7595F7A2A7107313E145AA44C7F0F223DA7B40B8","3","60","False","False","12031.379","Aktarma ba?lant?s?ndan veriler okunamad?: Ba?lan?lan uygun olarak belli bir s?re i?inde yan?t vermedi?inden veya kurulan
ba?lant? ba?lan?lan ana bilgisayar yan?t vermedi?inden bir ba?lant? kurulamad?.","False","0","False","False","0","False"
"5bd22377-9d1c-498f-825a-9cf230340a9e","MANIFEST_BOUND","hmail-perf-pair-100k-20260901","DE4DA2CDCDA01B1BE6D8C9BC98A377167205E940722D2BBCEE98A15A16ACB23A","net10","hmail_perf_pair_net10_20260831_213833","C:\hmail-perf-pair-100k-20260901\net10\Data","EBBF2395E8933C7BACE46AD51D451033745819B4B168934194C43B3B5121FAED","100","15","one TCP client and one sequential IMAP session per sample","0","PASS","E92ED927F40EA825DD551A4BA512B278123451CFAC76F908716AF84199904862","6FDC539CD1D13C7514886E7F7595F7A2A7107313E145AA44C7F0F223DA7B40B8","3","61","False","False","18160.339","Aktarma ba?lant?s?ndan veriler okunamad?: Ba?lan?lan uygun olarak belli bir s?re i?inde yan?t vermedi?inden veya kurulan
ba?lant? ba?lan?lan ana bilgisayar yan?t vermedi?inden bir ba?lant? kurulamad?.","False","0","False","False","0","False"
"5bd22377-9d1c-498f-825a-9cf230340a9e","MANIFEST_BOUND","hmail-perf-pair-100k-20260901","DE4DA2CDCDA01B1BE6D8C9BC98A377167205E940722D2BBCEE98A15A16ACB23A","net10","hmail_perf_pair_net10_20260831_213833","C:\hmail-perf-pair-100k-20260901\net10\Data","EBBF2395E8933C7BACE46AD51D451033745819B4B168934194C43B3B5121FAED","100","15","one TCP client and one sequential IMAP session per sample","0","PASS","E92ED927F40EA825DD551A4BA512B278123451CFAC76F908716AF84199904862","6FDC539CD1D13C7514886E7F7595F7A2A7107313E145AA44C7F0F223DA7B40B8","3","62","True","False","19290.893",,"True","100000","True","True","100000","True"
"5bd22377-9d1c-498f-825a-9cf230340a9e","MANIFEST_BOUND","hmail-perf-pair-100k-20260901","DE4DA2CDCDA01B1BE6D8C9BC98A377167205E940722D2BBCEE98A15A16ACB23A","net10","hmail_perf_pair_net10_20260831_213833","C:\hmail-perf-pair-100k-20260901\net10\Data","EBBF2395E8933C7BACE46AD51D451033745819B4B168934194C43B3B5121FAED","100","15","one TCP client and one sequential IMAP session per sample","0","PASS","E92ED927F40EA825DD551A4BA512B278123451CFAC76F908716AF84199904862","6FDC539CD1D13C7514886E7F7595F7A2A7107313E145AA44C7F0F223DA7B40B8","3","63","True","False","14653.626",,"True","100000","True","True","100000","True"
"5bd22377-9d1c-498f-825a-9cf230340a9e","MANIFEST_BOUND","hmail-perf-pair-100k-20260901","DE4DA2CDCDA01B1BE6D8C9BC98A377167205E940722D2BBCEE98A15A16ACB23A","net10","hmail_perf_pair_net10_20260831_213833","C:\hmail-perf-pair-100k-20260901\net10\Data","EBBF2395E8933C7BACE46AD51D451033745819B4B168934194C43B3B5121FAED","100","15","one TCP client and one sequential IMAP session per sample","0","PASS","E92ED927F40EA825DD551A4BA512B278123451CFAC76F908716AF84199904862","6FDC539CD1D13C7514886E7F7595F7A2A7107313E145AA44C7F0F223DA7B40B8","3","64","False","False","17161.161","Aktarma ba?lant?s?ndan veriler okunamad?: Ba?lan?lan uygun olarak belli bir s?re i?inde yan?t vermedi?inden veya kurulan
ba?lant? ba?lan?lan ana bilgisayar yan?t vermedi?inden bir ba?lant? kurulamad?.","False","0","False","False","0","False"
"5bd22377-9d1c-498f-825a-9cf230340a9e","MANIFEST_BOUND","hmail-perf-pair-100k-20260901","DE4DA2CDCDA01B1BE6D8C9BC98A377167205E940722D2BBCEE98A15A16ACB23A","net10","hmail_perf_pair_net10_20260831_213833","C:\hmail-perf-pair-100k-20260901\net10\Data","EBBF2395E8933C7BACE46AD51D451033745819B4B168934194C43B3B5121FAED","100","15","one TCP client and one sequential IMAP session per sample","0","PASS","E92ED927F40EA825DD551A4BA512B278123451CFAC76F908716AF84199904862","6FDC539CD1D13C7514886E7F7595F7A2A7107313E145AA44C7F0F223DA7B40B8","3","65","False","False","18955.314","Aktarma ba?lant?s?ndan veriler okunamad?: Ba?lan?lan uygun olarak belli bir s?re i?inde yan?t vermedi?inden veya kurulan
ba?lant? ba?lan?lan ana bilgisayar yan?t vermedi?inden bir ba?lant? kurulamad?.","False","0","False","False","0","False"
"5bd22377-9d1c-498f-825a-9cf230340a9e","MANIFEST_BOUND","hmail-perf-pair-100k-20260901","DE4DA2CDCDA01B1BE6D8C9BC98A377167205E940722D2BBCEE98A15A16ACB23A","net10","hmail_perf_pair_net10_20260831_213833","C:\hmail-perf-pair-100k-20260901\net10\Data","EBBF2395E8933C7BACE46AD51D451033745819B4B168934194C43B3B5121FAED","100","15","one TCP client and one sequential IMAP session per sample","0","PASS","E92ED927F40EA825DD551A4BA512B278123451CFAC76F908716AF84199904862","6FDC539CD1D13C7514886E7F7595F7A2A7107313E145AA44C7F0F223DA7B40B8","3","66","True","False","15828.216",,"True","100000","True","True","100000","True"
"5bd22377-9d1c-498f-825a-9cf230340a9e","MANIFEST_BOUND","hmail-perf-pair-100k-20260901","DE4DA2CDCDA01B1BE6D8C9BC98A377167205E940722D2BBCEE98A15A16ACB23A","net10","hmail_perf_pair_net10_20260831_213833","C:\hmail-perf-pair-100k-20260901\net10\Data","EBBF2395E8933C7BACE46AD51D451033745819B4B168934194C43B3B5121FAED","100","15","one TCP client and one sequential IMAP session per sample","0","PASS","E92ED927F40EA825DD551A4BA512B278123451CFAC76F908716AF84199904862","6FDC539CD1D13C7514886E7F7595F7A2A7107313E145AA44C7F0F223DA7B40B8","3","67","False","False","11470.032","Aktarma ba?lant?s?ndan veriler okunamad?: Ba?lan?lan uygun olarak belli bir s?re i?inde yan?t vermedi?inden veya kurulan
ba?lant? ba?lan?lan ana bilgisayar yan?t vermedi?inden bir ba?lant? kurulamad?.","False","0","False","False","0","False"
"5bd22377-9d1c-498f-825a-9cf230340a9e","MANIFEST_BOUND","hmail-perf-pair-100k-20260901","DE4DA2CDCDA01B1BE6D8C9BC98A377167205E940722D2BBCEE98A15A16ACB23A","net10","hmail_perf_pair_net10_20260831_213833","C:\hmail-perf-pair-100k-20260901\net10\Data","EBBF2395E8933C7BACE46AD51D451033745819B4B168934194C43B3B5121FAED","100","15","one TCP client and one sequential IMAP session per sample","0","PASS","E92ED927F40EA825DD551A4BA512B278123451CFAC76F908716AF84199904862","6FDC539CD1D13C7514886E7F7595F7A2A7107313E145AA44C7F0F223DA7B40B8","3","68","False","False","14852.974","Aktarma ba?lant?s?ndan veriler okunamad?: Ba?lan?lan uygun olarak belli bir s?re i?inde yan?t vermedi?inden veya kurulan
ba?lant? ba?lan?lan ana bilgisayar yan?t vermedi?inden bir ba?lant? kurulamad?.","False","0","False","False","0","False"
"5bd22377-9d1c-498f-825a-9cf230340a9e","MANIFEST_BOUND","hmail-perf-pair-100k-20260901","DE4DA2CDCDA01B1BE6D8C9BC98A377167205E940722D2BBCEE98A15A16ACB23A","net10","hmail_perf_pair_net10_20260831_213833","C:\hmail-perf-pair-100k-20260901\net10\Data","EBBF2395E8933C7BACE46AD51D451033745819B4B168934194C43B3B5121FAED","100","15","one TCP client and one sequential IMAP session per sample","0","PASS","E92ED927F40EA825DD551A4BA512B278123451CFAC76F908716AF84199904862","6FDC539CD1D13C7514886E7F7595F7A2A7107313E145AA44C7F0F223DA7B40B8","3","69","False","False","16060.47","Aktarma ba?lant?s?ndan veriler okunamad?: Ba?lan?lan uygun olarak belli bir s?re i?inde yan?t vermedi?inden veya kurulan
ba?lant? ba?lan?lan ana bilgisayar yan?t vermedi?inden bir ba?lant? kurulamad?.","False","0","False","False","0","False"
"5bd22377-9d1c-498f-825a-9cf230340a9e","MANIFEST_BOUND","hmail-perf-pair-100k-20260901","DE4DA2CDCDA01B1BE6D8C9BC98A377167205E940722D2BBCEE98A15A16ACB23A","net10","hmail_perf_pair_net10_20260831_213833","C:\hmail-perf-pair-100k-20260901\net10\Data","EBBF2395E8933C7BACE46AD51D451033745819B4B168934194C43B3B5121FAED","100","15","one TCP client and one sequential IMAP session per sample","0","PASS","E92ED927F40EA825DD551A4BA512B278123451CFAC76F908716AF84199904862","6FDC539CD1D13C7514886E7F7595F7A2A7107313E145AA44C7F0F223DA7B40B8","3","70","True","False","17664.789",,"True","100000","True","True","100000","True"
"5bd22377-9d1c-498f-825a-9cf230340a9e","MANIFEST_BOUND","hmail-perf-pair-100k-20260901","DE4DA2CDCDA01B1BE6D8C9BC98A377167205E940722D2BBCEE98A15A16ACB23A","net10","hmail_perf_pair_net10_20260831_213833","C:\hmail-perf-pair-100k-20260901\net10\Data","EBBF2395E8933C7BACE46AD51D451033745819B4B168934194C43B3B5121FAED","100","15","one TCP client and one sequential IMAP session per sample","0","PASS","E92ED927F40EA825DD551A4BA512B278123451CFAC76F908716AF84199904862","6FDC539CD1D13C7514886E7F7595F7A2A7107313E145AA44C7F0F223DA7B40B8","3","71","True","False","14413.407",,"True","100000","True","True","100000","True"
"5bd22377-9d1c-498f-825a-9cf230340a9e","MANIFEST_BOUND","hmail-perf-pair-100k-20260901","DE4DA2CDCDA01B1BE6D8C9BC98A377167205E940722D2BBCEE98A15A16ACB23A","net10","hmail_perf_pair_net10_20260831_213833","C:\hmail-perf-pair-100k-20260901\net10\Data","EBBF2395E8933C7BACE46AD51D451033745819B4B168934194C43B3B5121FAED","100","15","one TCP client and one sequential IMAP session per sample","0","PASS","E92ED927F40EA825DD551A4BA512B278123451CFAC76F908716AF84199904862","6FDC539CD1D13C7514886E7F7595F7A2A7107313E145AA44C7F0F223DA7B40B8","3","72","False","False","17644.074","Aktarma ba?lant?s?ndan veriler okunamad?: Ba?lan?lan uygun olarak belli bir s?re i?inde yan?t vermedi?inden veya kurulan
ba?lant? ba?lan?lan ana bilgisayar yan?t vermedi?inden bir ba?lant? kurulamad?.","False","0","False","False","0","False"
"5bd22377-9d1c-498f-825a-9cf230340a9e","MANIFEST_BOUND","hmail-perf-pair-100k-20260901","DE4DA2CDCDA01B1BE6D8C9BC98A377167205E940722D2BBCEE98A15A16ACB23A","net10","hmail_perf_pair_net10_20260831_213833","C:\hmail-perf-pair-100k-20260901\net10\Data","EBBF2395E8933C7BACE46AD51D451033745819B4B168934194C43B3B5121FAED","100","15","one TCP client and one sequential IMAP session per sample","0","PASS","E92ED927F40EA825DD551A4BA512B278123451CFAC76F908716AF84199904862","6FDC539CD1D13C7514886E7F7595F7A2A7107313E145AA44C7F0F223DA7B40B8","3","73","False","False","18782.123","Aktarma ba?lant?s?ndan veriler okunamad?: Ba?lan?lan uygun olarak belli bir s?re i?inde yan?t vermedi?inden veya kurulan
ba?lant? ba?lan?lan ana bilgisayar yan?t vermedi?inden bir ba?lant? kurulamad?.","False","0","False","False","0","False"
"5bd22377-9d1c-498f-825a-9cf230340a9e","MANIFEST_BOUND","hmail-perf-pair-100k-20260901","DE4DA2CDCDA01B1BE6D8C9BC98A377167205E940722D2BBCEE98A15A16ACB23A","net10","hmail_perf_pair_net10_20260831_213833","C:\hmail-perf-pair-100k-20260901\net10\Data","EBBF2395E8933C7BACE46AD51D451033745819B4B168934194C43B3B5121FAED","100","15","one TCP client and one sequential IMAP session per sample","0","PASS","E92ED927F40EA825DD551A4BA512B278123451CFAC76F908716AF84199904862","6FDC539CD1D13C7514886E7F7595F7A2A7107313E145AA44C7F0F223DA7B40B8","3","74","False","False","15039.325","Aktarma ba?lant?s?ndan veriler okunamad?: Ba?lan?lan uygun olarak belli bir s?re i?inde yan?t vermedi?inden veya kurulan
ba?lant? ba?lan?lan ana bilgisayar yan?t vermedi?inden bir ba?lant? kurulamad?.","False","0","False","False","0","False"
"5bd22377-9d1c-498f-825a-9cf230340a9e","MANIFEST_BOUND","hmail-perf-pair-100k-20260901","DE4DA2CDCDA01B1BE6D8C9BC98A377167205E940722D2BBCEE98A15A16ACB23A","net10","hmail_perf_pair_net10_20260831_213833","C:\hmail-perf-pair-100k-20260901\net10\Data","EBBF2395E8933C7BACE46AD51D451033745819B4B168934194C43B3B5121FAED","100","15","one TCP client and one sequential IMAP session per sample","0","PASS","E92ED927F40EA825DD551A4BA512B278123451CFAC76F908716AF84199904862","6FDC539CD1D13C7514886E7F7595F7A2A7107313E145AA44C7F0F223DA7B40B8","3","75","False","False","15364.778","Aktarma ba?lant?s?ndan veriler okunamad?: Ba?lan?lan uygun olarak belli bir s?re i?inde yan?t vermedi?inden veya kurulan
ba?lant? ba?lan?lan ana bilgisayar yan?t vermedi?inden bir ba?lant? kurulamad?.","False","0","False","False","0","False"
"5bd22377-9d1c-498f-825a-9cf230340a9e","MANIFEST_BOUND","hmail-perf-pair-100k-20260901","DE4DA2CDCDA01B1BE6D8C9BC98A377167205E940722D2BBCEE98A15A16ACB23A","net10","hmail_perf_pair_net10_20260831_213833","C:\hmail-perf-pair-100k-20260901\net10\Data","EBBF2395E8933C7BACE46AD51D451033745819B4B168934194C43B3B5121FAED","100","15","one TCP client and one sequential IMAP session per sample","0","PASS","E92ED927F40EA825DD551A4BA512B278123451CFAC76F908716AF84199904862","6FDC539CD1D13C7514886E7F7595F7A2A7107313E145AA44C7F0F223DA7B40B8","3","76","True","False","18893.276",,"True","100000","True","True","100000","True"
"5bd22377-9d1c-498f-825a-9cf230340a9e","MANIFEST_BOUND","hmail-perf-pair-100k-20260901","DE4DA2CDCDA01B1BE6D8C9BC98A377167205E940722D2BBCEE98A15A16ACB23A","net10","hmail_perf_pair_net10_20260831_213833","C:\hmail-perf-pair-100k-20260901\net10\Data","EBBF2395E8933C7BACE46AD51D451033745819B4B168934194C43B3B5121FAED","100","15","one TCP client and one sequential IMAP session per sample","0","PASS","E92ED927F40EA825DD551A4BA512B278123451CFAC76F908716AF84199904862","6FDC539CD1D13C7514886E7F7595F7A2A7107313E145AA44C7F0F223DA7B40B8","3","77","False","False","10912.447","Aktarma ba?lant?s?ndan veriler okunamad?: Ba?lan?lan uygun olarak belli bir s?re i?inde yan?t vermedi?inden veya kurulan
ba?lant? ba?lan?lan ana bilgisayar yan?t vermedi?inden bir ba?lant? kurulamad?.","False","0","False","False","0","False"
"5bd22377-9d1c-498f-825a-9cf230340a9e","MANIFEST_BOUND","hmail-perf-pair-100k-20260901","DE4DA2CDCDA01B1BE6D8C9BC98A377167205E940722D2BBCEE98A15A16ACB23A","net10","hmail_perf_pair_net10_20260831_213833","C:\hmail-perf-pair-100k-20260901\net10\Data","EBBF2395E8933C7BACE46AD51D451033745819B4B168934194C43B3B5121FAED","100","15","one TCP client and one sequential IMAP session per sample","0","PASS","E92ED927F40EA825DD551A4BA512B278123451CFAC76F908716AF84199904862","6FDC539CD1D13C7514886E7F7595F7A2A7107313E145AA44C7F0F223DA7B40B8","3","78","True","False","19271.015",,"True","100000","True","True","100000","True"
"5bd22377-9d1c-498f-825a-9cf230340a9e","MANIFEST_BOUND","hmail-perf-pair-100k-20260901","DE4DA2CDCDA01B1BE6D8C9BC98A377167205E940722D2BBCEE98A15A16ACB23A","net10","hmail_perf_pair_net10_20260831_213833","C:\hmail-perf-pair-100k-20260901\net10\Data","EBBF2395E8933C7BACE46AD51D451033745819B4B168934194C43B3B5121FAED","100","15","one TCP client and one sequential IMAP session per sample","0","PASS","E92ED927F40EA825DD551A4BA512B278123451CFAC76F908716AF84199904862","6FDC539CD1D13C7514886E7F7595F7A2A7107313E145AA44C7F0F223DA7B40B8","3","79","False","False","14852.395","Aktarma ba?lant?s?ndan veriler okunamad?: Ba?lan?lan uygun olarak belli bir s?re i?inde yan?t vermedi?inden veya kurulan
ba?lant? ba?lan?lan ana bilgisayar yan?t vermedi?inden bir ba?lant? kurulamad?.","False","0","False","False","0","False"
"5bd22377-9d1c-498f-825a-9cf230340a9e","MANIFEST_BOUND","hmail-perf-pair-100k-20260901","DE4DA2CDCDA01B1BE6D8C9BC98A377167205E940722D2BBCEE98A15A16ACB23A","net10","hmail_perf_pair_net10_20260831_213833","C:\hmail-perf-pair-100k-20260901\net10\Data","EBBF2395E8933C7BACE46AD51D451033745819B4B168934194C43B3B5121FAED","100","15","one TCP client and one sequential IMAP session per sample","0","PASS","E92ED927F40EA825DD551A4BA512B278123451CFAC76F908716AF84199904862","6FDC539CD1D13C7514886E7F7595F7A2A7107313E145AA44C7F0F223DA7B40B8","3","80","False","False","10852.317","Aktarma ba?lant?s?ndan veriler okunamad?: Ba?lan?lan uygun olarak belli bir s?re i?inde yan?t vermedi?inden veya kurulan
ba?lant? ba?lan?lan ana bilgisayar yan?t vermedi?inden bir ba?lant? kurulamad?.","False","0","False","False","0","False"
"5bd22377-9d1c-498f-825a-9cf230340a9e","MANIFEST_BOUND","hmail-perf-pair-100k-20260901","DE4DA2CDCDA01B1BE6D8C9BC98A377167205E940722D2BBCEE98A15A16ACB23A","net10","hmail_perf_pair_net10_20260831_213833","C:\hmail-perf-pair-100k-20260901\net10\Data","EBBF2395E8933C7BACE46AD51D451033745819B4B168934194C43B3B5121FAED","100","15","one TCP client and one sequential IMAP session per sample","0","PASS","E92ED927F40EA825DD551A4BA512B278123451CFAC76F908716AF84199904862","6FDC539CD1D13C7514886E7F7595F7A2A7107313E145AA44C7F0F223DA7B40B8","3","81","True","False","15266.449",,"True","100000","True","True","100000","True"
"5bd22377-9d1c-498f-825a-9cf230340a9e","MANIFEST_BOUND","hmail-perf-pair-100k-20260901","DE4DA2CDCDA01B1BE6D8C9BC98A377167205E940722D2BBCEE98A15A16ACB23A","net10","hmail_perf_pair_net10_20260831_213833","C:\hmail-perf-pair-100k-20260901\net10\Data","EBBF2395E8933C7BACE46AD51D451033745819B4B168934194C43B3B5121FAED","100","15","one TCP client and one sequential IMAP session per sample","0","PASS","E92ED927F40EA825DD551A4BA512B278123451CFAC76F908716AF84199904862","6FDC539CD1D13C7514886E7F7595F7A2A7107313E145AA44C7F0F223DA7B40B8","3","82","True","False","19552.181",,"True","100000","True","True","100000","True"
"5bd22377-9d1c-498f-825a-9cf230340a9e","MANIFEST_BOUND","hmail-perf-pair-100k-20260901","DE4DA2CDCDA01B1BE6D8C9BC98A377167205E940722D2BBCEE98A15A16ACB23A","net10","hmail_perf_pair_net10_20260831_213833","C:\hmail-perf-pair-100k-20260901\net10\Data","EBBF2395E8933C7BACE46AD51D451033745819B4B168934194C43B3B5121FAED","100","15","one TCP client and one sequential IMAP session per sample","0","PASS","E92ED927F40EA825DD551A4BA512B278123451CFAC76F908716AF84199904862","6FDC539CD1D13C7514886E7F7595F7A2A7107313E145AA44C7F0F223DA7B40B8","3","83","True","False","16190.688",,"True","100000","True","True","100000","True"
"5bd22377-9d1c-498f-825a-9cf230340a9e","MANIFEST_BOUND","hmail-perf-pair-100k-20260901","DE4DA2CDCDA01B1BE6D8C9BC98A377167205E940722D2BBCEE98A15A16ACB23A","net10","hmail_perf_pair_net10_20260831_213833","C:\hmail-perf-pair-100k-20260901\net10\Data","EBBF2395E8933C7BACE46AD51D451033745819B4B168934194C43B3B5121FAED","100","15","one TCP client and one sequential IMAP session per sample","0","PASS","E92ED927F40EA825DD551A4BA512B278123451CFAC76F908716AF84199904862","6FDC539CD1D13C7514886E7F7595F7A2A7107313E145AA44C7F0F223DA7B40B8","3","84","False","False","16508.7","Aktarma ba?lant?s?ndan veriler okunamad?: Ba?lan?lan uygun olarak belli bir s?re i?inde yan?t vermedi?inden veya kurulan
ba?lant? ba?lan?lan ana bilgisayar yan?t vermedi?inden bir ba?lant? kurulamad?.","False","0","False","False","0","False"
"5bd22377-9d1c-498f-825a-9cf230340a9e","MANIFEST_BOUND","hmail-perf-pair-100k-20260901","DE4DA2CDCDA01B1BE6D8C9BC98A377167205E940722D2BBCEE98A15A16ACB23A","net10","hmail_perf_pair_net10_20260831_213833","C:\hmail-perf-pair-100k-20260901\net10\Data","EBBF2395E8933C7BACE46AD51D451033745819B4B168934194C43B3B5121FAED","100","15","one TCP client and one sequential IMAP session per sample","0","PASS","E92ED927F40EA825DD551A4BA512B278123451CFAC76F908716AF84199904862","6FDC539CD1D13C7514886E7F7595F7A2A7107313E145AA44C7F0F223DA7B40B8","3","85","False","False","10774.123","Aktarma ba?lant?s?ndan veriler okunamad?: Ba?lan?lan uygun olarak belli bir s?re i?inde yan?t vermedi?inden veya kurulan
ba?lant? ba?lan?lan ana bilgisayar yan?t vermedi?inden bir ba?lant? kurulamad?.","False","0","False","False","0","False"
"5bd22377-9d1c-498f-825a-9cf230340a9e","MANIFEST_BOUND","hmail-perf-pair-100k-20260901","DE4DA2CDCDA01B1BE6D8C9BC98A377167205E940722D2BBCEE98A15A16ACB23A","net10","hmail_perf_pair_net10_20260831_213833","C:\hmail-perf-pair-100k-20260901\net10\Data","EBBF2395E8933C7BACE46AD51D451033745819B4B168934194C43B3B5121FAED","100","15","one TCP client and one sequential IMAP session per sample","0","PASS","E92ED927F40EA825DD551A4BA512B278123451CFAC76F908716AF84199904862","6FDC539CD1D13C7514886E7F7595F7A2A7107313E145AA44C7F0F223DA7B40B8","3","86","False","False","13332.571","Aktarma ba?lant?s?ndan veriler okunamad?: Ba?lan?lan uygun olarak belli bir s?re i?inde yan?t vermedi?inden veya kurulan
ba?lant? ba?lan?lan ana bilgisayar yan?t vermedi?inden bir ba?lant? kurulamad?.","False","0","False","False","0","False"
"5bd22377-9d1c-498f-825a-9cf230340a9e","MANIFEST_BOUND","hmail-perf-pair-100k-20260901","DE4DA2CDCDA01B1BE6D8C9BC98A377167205E940722D2BBCEE98A15A16ACB23A","net10","hmail_perf_pair_net10_20260831_213833","C:\hmail-perf-pair-100k-20260901\net10\Data","EBBF2395E8933C7BACE46AD51D451033745819B4B168934194C43B3B5121FAED","100","15","one TCP client and one sequential IMAP session per sample","0","PASS","E92ED927F40EA825DD551A4BA512B278123451CFAC76F908716AF84199904862","6FDC539CD1D13C7514886E7F7595F7A2A7107313E145AA44C7F0F223DA7B40B8","3","87","False","False","18360.563","Aktarma ba?lant?s?ndan veriler okunamad?: Ba?lan?lan uygun olarak belli bir s?re i?inde yan?t vermedi?inden veya kurulan
ba?lant? ba?lan?lan ana bilgisayar yan?t vermedi?inden bir ba?lant? kurulamad?.","False","0","False","False","0","False"
"5bd22377-9d1c-498f-825a-9cf230340a9e","MANIFEST_BOUND","hmail-perf-pair-100k-20260901","DE4DA2CDCDA01B1BE6D8C9BC98A377167205E940722D2BBCEE98A15A16ACB23A","net10","hmail_perf_pair_net10_20260831_213833","C:\hmail-perf-pair-100k-20260901\net10\Data","EBBF2395E8933C7BACE46AD51D451033745819B4B168934194C43B3B5121FAED","100","15","one TCP client and one sequential IMAP session per sample","0","PASS","E92ED927F40EA825DD551A4BA512B278123451CFAC76F908716AF84199904862","6FDC539CD1D13C7514886E7F7595F7A2A7107313E145AA44C7F0F223DA7B40B8","3","88","True","False","19164.612",,"True","100000","True","True","100000","True"
"5bd22377-9d1c-498f-825a-9cf230340a9e","MANIFEST_BOUND","hmail-perf-pair-100k-20260901","DE4DA2CDCDA01B1BE6D8C9BC98A377167205E940722D2BBCEE98A15A16ACB23A","net10","hmail_perf_pair_net10_20260831_213833","C:\hmail-perf-pair-100k-20260901\net10\Data","EBBF2395E8933C7BACE46AD51D451033745819B4B168934194C43B3B5121FAED","100","15","one TCP client and one sequential IMAP session per sample","0","PASS","E92ED927F40EA825DD551A4BA512B278123451CFAC76F908716AF84199904862","6FDC539CD1D13C7514886E7F7595F7A2A7107313E145AA44C7F0F223DA7B40B8","3","89","True","False","17333.986",,"True","100000","True","True","100000","True"
"5bd22377-9d1c-498f-825a-9cf230340a9e","MANIFEST_BOUND","hmail-perf-pair-100k-20260901","DE4DA2CDCDA01B1BE6D8C9BC98A377167205E940722D2BBCEE98A15A16ACB23A","net10","hmail_perf_pair_net10_20260831_213833","C:\hmail-perf-pair-100k-20260901\net10\Data","EBBF2395E8933C7BACE46AD51D451033745819B4B168934194C43B3B5121FAED","100","15","one TCP client and one sequential IMAP session per sample","0","PASS","E92ED927F40EA825DD551A4BA512B278123451CFAC76F908716AF84199904862","6FDC539CD1D13C7514886E7F7595F7A2A7107313E145AA44C7F0F223DA7B40B8","3","90","False","False","10886.697","Aktarma ba?lant?s?ndan veriler okunamad?: Ba?lan?lan uygun olarak belli bir s?re i?inde yan?t vermedi?inden veya kurulan
ba?lant? ba?lan?lan ana bilgisayar yan?t vermedi?inden bir ba?lant? kurulamad?.","False","0","False","False","0","False"
"5bd22377-9d1c-498f-825a-9cf230340a9e","MANIFEST_BOUND","hmail-perf-pair-100k-20260901","DE4DA2CDCDA01B1BE6D8C9BC98A377167205E940722D2BBCEE98A15A16ACB23A","net10","hmail_perf_pair_net10_20260831_213833","C:\hmail-perf-pair-100k-20260901\net10\Data","EBBF2395E8933C7BACE46AD51D451033745819B4B168934194C43B3B5121FAED","100","15","one TCP client and one sequential IMAP session per sample","0","PASS","E92ED927F40EA825DD551A4BA512B278123451CFAC76F908716AF84199904862","6FDC539CD1D13C7514886E7F7595F7A2A7107313E145AA44C7F0F223DA7B40B8","3","91","True","False","17654.103",,"True","100000","True","True","100000","True"
"5bd22377-9d1c-498f-825a-9cf230340a9e","MANIFEST_BOUND","hmail-perf-pair-100k-20260901","DE4DA2CDCDA01B1BE6D8C9BC98A377167205E940722D2BBCEE98A15A16ACB23A","net10","hmail_perf_pair_net10_20260831_213833","C:\hmail-perf-pair-100k-20260901\net10\Data","EBBF2395E8933C7BACE46AD51D451033745819B4B168934194C43B3B5121FAED","100","15","one TCP client and one sequential IMAP session per sample","0","PASS","E92ED927F40EA825DD551A4BA512B278123451CFAC76F908716AF84199904862","6FDC539CD1D13C7514886E7F7595F7A2A7107313E145AA44C7F0F223DA7B40B8","3","92","False","False","11453.778","Aktarma ba?lant?s?ndan veriler okunamad?: Ba?lan?lan uygun olarak belli bir s?re i?inde yan?t vermedi?inden veya kurulan
ba?lant? ba?lan?lan ana bilgisayar yan?t vermedi?inden bir ba?lant? kurulamad?.","False","0","False","False","0","False"
"5bd22377-9d1c-498f-825a-9cf230340a9e","MANIFEST_BOUND","hmail-perf-pair-100k-20260901","DE4DA2CDCDA01B1BE6D8C9BC98A377167205E940722D2BBCEE98A15A16ACB23A","net10","hmail_perf_pair_net10_20260831_213833","C:\hmail-perf-pair-100k-20260901\net10\Data","EBBF2395E8933C7BACE46AD51D451033745819B4B168934194C43B3B5121FAED","100","15","one TCP client and one sequential IMAP session per sample","0","PASS","E92ED927F40EA825DD551A4BA512B278123451CFAC76F908716AF84199904862","6FDC539CD1D13C7514886E7F7595F7A2A7107313E145AA44C7F0F223DA7B40B8","3","93","True","False","15066.519",,"True","100000","True","True","100000","True"
"5bd22377-9d1c-498f-825a-9cf230340a9e","MANIFEST_BOUND","hmail-perf-pair-100k-20260901","DE4DA2CDCDA01B1BE6D8C9BC98A377167205E940722D2BBCEE98A15A16ACB23A","net10","hmail_perf_pair_net10_20260831_213833","C:\hmail-perf-pair-100k-20260901\net10\Data","EBBF2395E8933C7BACE46AD51D451033745819B4B168934194C43B3B5121FAED","100","15","one TCP client and one sequential IMAP session per sample","0","PASS","E92ED927F40EA825DD551A4BA512B278123451CFAC76F908716AF84199904862","6FDC539CD1D13C7514886E7F7595F7A2A7107313E145AA44C7F0F223DA7B40B8","3","94","False","False","13085.119","Aktarma ba?lant?s?ndan veriler okunamad?: Ba?lan?lan uygun olarak belli bir s?re i?inde yan?t vermedi?inden veya kurulan
ba?lant? ba?lan?lan ana bilgisayar yan?t vermedi?inden bir ba?lant? kurulamad?.","False","0","False","False","0","False"
"5bd22377-9d1c-498f-825a-9cf230340a9e","MANIFEST_BOUND","hmail-perf-pair-100k-20260901","DE4DA2CDCDA01B1BE6D8C9BC98A377167205E940722D2BBCEE98A15A16ACB23A","net10","hmail_perf_pair_net10_20260831_213833","C:\hmail-perf-pair-100k-20260901\net10\Data","EBBF2395E8933C7BACE46AD51D451033745819B4B168934194C43B3B5121FAED","100","15","one TCP client and one sequential IMAP session per sample","0","PASS","E92ED927F40EA825DD551A4BA512B278123451CFAC76F908716AF84199904862","6FDC539CD1D13C7514886E7F7595F7A2A7107313E145AA44C7F0F223DA7B40B8","3","95","False","False","17629.253","Aktarma ba?lant?s?ndan veriler okunamad?: Ba?lan?lan uygun olarak belli bir s?re i?inde yan?t vermedi?inden veya kurulan
ba?lant? ba?lan?lan ana bilgisayar yan?t vermedi?inden bir ba?lant? kurulamad?.","False","0","False","False","0","False"
"5bd22377-9d1c-498f-825a-9cf230340a9e","MANIFEST_BOUND","hmail-perf-pair-100k-20260901","DE4DA2CDCDA01B1BE6D8C9BC98A377167205E940722D2BBCEE98A15A16ACB23A","net10","hmail_perf_pair_net10_20260831_213833","C:\hmail-perf-pair-100k-20260901\net10\Data","EBBF2395E8933C7BACE46AD51D451033745819B4B168934194C43B3B5121FAED","100","15","one TCP client and one sequential IMAP session per sample","0","PASS","E92ED927F40EA825DD551A4BA512B278123451CFAC76F908716AF84199904862","6FDC539CD1D13C7514886E7F7595F7A2A7107313E145AA44C7F0F223DA7B40B8","3","96","True","False","19544.319",,"True","100000","True","True","100000","True"
"5bd22377-9d1c-498f-825a-9cf230340a9e","MANIFEST_BOUND","hmail-perf-pair-100k-20260901","DE4DA2CDCDA01B1BE6D8C9BC98A377167205E940722D2BBCEE98A15A16ACB23A","net10","hmail_perf_pair_net10_20260831_213833","C:\hmail-perf-pair-100k-20260901\net10\Data","EBBF2395E8933C7BACE46AD51D451033745819B4B168934194C43B3B5121FAED","100","15","one TCP client and one sequential IMAP session per sample","0","PASS","E92ED927F40EA825DD551A4BA512B278123451CFAC76F908716AF84199904862","6FDC539CD1D13C7514886E7F7595F7A2A7107313E145AA44C7F0F223DA7B40B8","3","97","True","False","19039.113",,"True","100000","True","True","100000","True"
"5bd22377-9d1c-498f-825a-9cf230340a9e","MANIFEST_BOUND","hmail-perf-pair-100k-20260901","DE4DA2CDCDA01B1BE6D8C9BC98A377167205E940722D2BBCEE98A15A16ACB23A","net10","hmail_perf_pair_net10_20260831_213833","C:\hmail-perf-pair-100k-20260901\net10\Data","EBBF2395E8933C7BACE46AD51D451033745819B4B168934194C43B3B5121FAED","100","15","one TCP client and one sequential IMAP session per sample","0","PASS","E92ED927F40EA825DD551A4BA512B278123451CFAC76F908716AF84199904862","6FDC539CD1D13C7514886E7F7595F7A2A7107313E145AA44C7F0F223DA7B40B8","3","98","False","False","19032.208","Aktarma ba?lant?s?ndan veriler okunamad?: Ba?lan?lan uygun olarak belli bir s?re i?inde yan?t vermedi?inden veya kurulan
ba?lant? ba?lan?lan ana bilgisayar yan?t vermedi?inden bir ba?lant? kurulamad?.","False","0","False","False","0","False"
"5bd22377-9d1c-498f-825a-9cf230340a9e","MANIFEST_BOUND","hmail-perf-pair-100k-20260901","DE4DA2CDCDA01B1BE6D8C9BC98A377167205E940722D2BBCEE98A15A16ACB23A","net10","hmail_perf_pair_net10_20260831_213833","C:\hmail-perf-pair-100k-20260901\net10\Data","EBBF2395E8933C7BACE46AD51D451033745819B4B168934194C43B3B5121FAED","100","15","one TCP client and one sequential IMAP session per sample","0","PASS","E92ED927F40EA825DD551A4BA512B278123451CFAC76F908716AF84199904862","6FDC539CD1D13C7514886E7F7595F7A2A7107313E145AA44C7F0F223DA7B40B8","3","99","False","False","17396.427","Aktarma ba?lant?s?ndan veriler okunamad?: Ba?lan?lan uygun olarak belli bir s?re i?inde yan?t vermedi?inden veya kurulan
ba?lant? ba?lan?lan ana bilgisayar yan?t vermedi?inden bir ba?lant? kurulamad?.","False","0","False","False","0","False"
"5bd22377-9d1c-498f-825a-9cf230340a9e","MANIFEST_BOUND","hmail-perf-pair-100k-20260901","DE4DA2CDCDA01B1BE6D8C9BC98A377167205E940722D2BBCEE98A15A16ACB23A","net10","hmail_perf_pair_net10_20260831_213833","C:\hmail-perf-pair-100k-20260901\net10\Data","EBBF2395E8933C7BACE46AD51D451033745819B4B168934194C43B3B5121FAED","100","15","one TCP client and one sequential IMAP session per sample","0","PASS","E92ED927F40EA825DD551A4BA512B278123451CFAC76F908716AF84199904862","6FDC539CD1D13C7514886E7F7595F7A2A7107313E145AA44C7F0F223DA7B40B8","3","100","False","False","16789.412","Aktarma ba?lant?s?ndan veriler okunamad?: Ba?lan?lan uygun olarak belli bir s?re i?inde yan?t vermedi?inden veya kurulan
ba?lant? ba?lan?lan ana bilgisayar yan?t vermedi?inden bir ba?lant? kurulamad?.","False","0","False","False","0","False"
"5bd22377-9d1c-498f-825a-9cf230340a9e","MANIFEST_BOUND","hmail-perf-pair-100k-20260901","DE4DA2CDCDA01B1BE6D8C9BC98A377167205E940722D2BBCEE98A15A16ACB23A","net10","hmail_perf_pair_net10_20260831_213833","C:\hmail-perf-pair-100k-20260901\net10\Data","EBBF2395E8933C7BACE46AD51D451033745819B4B168934194C43B3B5121FAED","100","15","one TCP client and one sequential IMAP session per sample","0","PASS","E92ED927F40EA825DD551A4BA512B278123451CFAC76F908716AF84199904862","6FDC539CD1D13C7514886E7F7595F7A2A7107313E145AA44C7F0F223DA7B40B8","4","1","False","False","15073.006","Aktarma ba?lant?s?ndan veriler okunamad?: Ba?lan?lan uygun olarak belli bir s?re i?inde yan?t vermedi?inden veya kurulan
ba?lant? ba?lan?lan ana bilgisayar yan?t vermedi?inden bir ba?lant? kurulamad?.","False","0","False","False","0","False"
"5bd22377-9d1c-498f-825a-9cf230340a9e","MANIFEST_BOUND","hmail-perf-pair-100k-20260901","DE4DA2CDCDA01B1BE6D8C9BC98A377167205E940722D2BBCEE98A15A16ACB23A","net10","hmail_perf_pair_net10_20260831_213833","C:\hmail-perf-pair-100k-20260901\net10\Data","EBBF2395E8933C7BACE46AD51D451033745819B4B168934194C43B3B5121FAED","100","15","one TCP client and one sequential IMAP session per sample","0","PASS","E92ED927F40EA825DD551A4BA512B278123451CFAC76F908716AF84199904862","6FDC539CD1D13C7514886E7F7595F7A2A7107313E145AA44C7F0F223DA7B40B8","4","2","True","False","17136.139",,"True","100000","True","True","100000","True"
"5bd22377-9d1c-498f-825a-9cf230340a9e","MANIFEST_BOUND","hmail-perf-pair-100k-20260901","DE4DA2CDCDA01B1BE6D8C9BC98A377167205E940722D2BBCEE98A15A16ACB23A","net10","hmail_perf_pair_net10_20260831_213833","C:\hmail-perf-pair-100k-20260901\net10\Data","EBBF2395E8933C7BACE46AD51D451033745819B4B168934194C43B3B5121FAED","100","15","one TCP client and one sequential IMAP session per sample","0","PASS","E92ED927F40EA825DD551A4BA512B278123451CFAC76F908716AF84199904862","6FDC539CD1D13C7514886E7F7595F7A2A7107313E145AA44C7F0F223DA7B40B8","4","3","False","False","14867.7","Aktarma ba?lant?s?ndan veriler okunamad?: Ba?lan?lan uygun olarak belli bir s?re i?inde yan?t vermedi?inden veya kurulan
ba?lant? ba?lan?lan ana bilgisayar yan?t vermedi?inden bir ba?lant? kurulamad?.","False","0","False","False","0","False"
"5bd22377-9d1c-498f-825a-9cf230340a9e","MANIFEST_BOUND","hmail-perf-pair-100k-20260901","DE4DA2CDCDA01B1BE6D8C9BC98A377167205E940722D2BBCEE98A15A16ACB23A","net10","hmail_perf_pair_net10_20260831_213833","C:\hmail-perf-pair-100k-20260901\net10\Data","EBBF2395E8933C7BACE46AD51D451033745819B4B168934194C43B3B5121FAED","100","15","one TCP client and one sequential IMAP session per sample","0","PASS","E92ED927F40EA825DD551A4BA512B278123451CFAC76F908716AF84199904862","6FDC539CD1D13C7514886E7F7595F7A2A7107313E145AA44C7F0F223DA7B40B8","4","4","True","False","18459.475",,"True","100000","True","True","100000","True"
"5bd22377-9d1c-498f-825a-9cf230340a9e","MANIFEST_BOUND","hmail-perf-pair-100k-20260901","DE4DA2CDCDA01B1BE6D8C9BC98A377167205E940722D2BBCEE98A15A16ACB23A","net10","hmail_perf_pair_net10_20260831_213833","C:\hmail-perf-pair-100k-20260901\net10\Data","EBBF2395E8933C7BACE46AD51D451033745819B4B168934194C43B3B5121FAED","100","15","one TCP client and one sequential IMAP session per sample","0","PASS","E92ED927F40EA825DD551A4BA512B278123451CFAC76F908716AF84199904862","6FDC539CD1D13C7514886E7F7595F7A2A7107313E145AA44C7F0F223DA7B40B8","4","5","False","False","18572.952","Aktarma ba?lant?s?ndan veriler okunamad?: Ba?lan?lan uygun olarak belli bir s?re i?inde yan?t vermedi?inden veya kurulan
ba?lant? ba?lan?lan ana bilgisayar yan?t vermedi?inden bir ba?lant? kurulamad?.","False","0","False","False","0","False"
"5bd22377-9d1c-498f-825a-9cf230340a9e","MANIFEST_BOUND","hmail-perf-pair-100k-20260901","DE4DA2CDCDA01B1BE6D8C9BC98A377167205E940722D2BBCEE98A15A16ACB23A","net10","hmail_perf_pair_net10_20260831_213833","C:\hmail-perf-pair-100k-20260901\net10\Data","EBBF2395E8933C7BACE46AD51D451033745819B4B168934194C43B3B5121FAED","100","15","one TCP client and one sequential IMAP session per sample","0","PASS","E92ED927F40EA825DD551A4BA512B278123451CFAC76F908716AF84199904862","6FDC539CD1D13C7514886E7F7595F7A2A7107313E145AA44C7F0F223DA7B40B8","4","6","False","False","15354.077","Aktarma ba?lant?s?ndan veriler okunamad?: Ba?lan?lan uygun olarak belli bir s?re i?inde yan?t vermedi?inden veya kurulan
ba?lant? ba?lan?lan ana bilgisayar yan?t vermedi?inden bir ba?lant? kurulamad?.","False","0","False","False","0","False"
"5bd22377-9d1c-498f-825a-9cf230340a9e","MANIFEST_BOUND","hmail-perf-pair-100k-20260901","DE4DA2CDCDA01B1BE6D8C9BC98A377167205E940722D2BBCEE98A15A16ACB23A","net10","hmail_perf_pair_net10_20260831_213833","C:\hmail-perf-pair-100k-20260901\net10\Data","EBBF2395E8933C7BACE46AD51D451033745819B4B168934194C43B3B5121FAED","100","15","one TCP client and one sequential IMAP session per sample","0","PASS","E92ED927F40EA825DD551A4BA512B278123451CFAC76F908716AF84199904862","6FDC539CD1D13C7514886E7F7595F7A2A7107313E145AA44C7F0F223DA7B40B8","4","7","True","False","19675.527",,"True","100000","True","True","100000","True"
"5bd22377-9d1c-498f-825a-9cf230340a9e","MANIFEST_BOUND","hmail-perf-pair-100k-20260901","DE4DA2CDCDA01B1BE6D8C9BC98A377167205E940722D2BBCEE98A15A16ACB23A","net10","hmail_perf_pair_net10_20260831_213833","C:\hmail-perf-pair-100k-20260901\net10\Data","EBBF2395E8933C7BACE46AD51D451033745819B4B168934194C43B3B5121FAED","100","15","one TCP client and one sequential IMAP session per sample","0","PASS","E92ED927F40EA825DD551A4BA512B278123451CFAC76F908716AF84199904862","6FDC539CD1D13C7514886E7F7595F7A2A7107313E145AA44C7F0F223DA7B40B8","4","8","True","False","14984.049",,"True","100000","True","True","100000","True"
"5bd22377-9d1c-498f-825a-9cf230340a9e","MANIFEST_BOUND","hmail-perf-pair-100k-20260901","DE4DA2CDCDA01B1BE6D8C9BC98A377167205E940722D2BBCEE98A15A16ACB23A","net10","hmail_perf_pair_net10_20260831_213833","C:\hmail-perf-pair-100k-20260901\net10\Data","EBBF2395E8933C7BACE46AD51D451033745819B4B168934194C43B3B5121FAED","100","15","one TCP client and one sequential IMAP session per sample","0","PASS","E92ED927F40EA825DD551A4BA512B278123451CFAC76F908716AF84199904862","6FDC539CD1D13C7514886E7F7595F7A2A7107313E145AA44C7F0F223DA7B40B8","4","9","True","False","14891.652",,"True","100000","True","True","100000","True"
"5bd22377-9d1c-498f-825a-9cf230340a9e","MANIFEST_BOUND","hmail-perf-pair-100k-20260901","DE4DA2CDCDA01B1BE6D8C9BC98A377167205E940722D2BBCEE98A15A16ACB23A","net10","hmail_perf_pair_net10_20260831_213833","C:\hmail-perf-pair-100k-20260901\net10\Data","EBBF2395E8933C7BACE46AD51D451033745819B4B168934194C43B3B5121FAED","100","15","one TCP client and one sequential IMAP session per sample","0","PASS","E92ED927F40EA825DD551A4BA512B278123451CFAC76F908716AF84199904862","6FDC539CD1D13C7514886E7F7595F7A2A7107313E145AA44C7F0F223DA7B40B8","4","10","True","False","16917.492",,"True","100000","True","True","100000","True"
"5bd22377-9d1c-498f-825a-9cf230340a9e","MANIFEST_BOUND","hmail-perf-pair-100k-20260901","DE4DA2CDCDA01B1BE6D8C9BC98A377167205E940722D2BBCEE98A15A16ACB23A","net10","hmail_perf_pair_net10_20260831_213833","C:\hmail-perf-pair-100k-20260901\net10\Data","EBBF2395E8933C7BACE46AD51D451033745819B4B168934194C43B3B5121FAED","100","15","one TCP client and one sequential IMAP session per sample","0","PASS","E92ED927F40EA825DD551A4BA512B278123451CFAC76F908716AF84199904862","6FDC539CD1D13C7514886E7F7595F7A2A7107313E145AA44C7F0F223DA7B40B8","4","11","False","False","14292.07","Aktarma ba?lant?s?ndan veriler okunamad?: Ba?lan?lan uygun olarak belli bir s?re i?inde yan?t vermedi?inden veya kurulan
ba?lant? ba?lan?lan ana bilgisayar yan?t vermedi?inden bir ba?lant? kurulamad?.","False","0","False","False","0","False"
"5bd22377-9d1c-498f-825a-9cf230340a9e","MANIFEST_BOUND","hmail-perf-pair-100k-20260901","DE4DA2CDCDA01B1BE6D8C9BC98A377167205E940722D2BBCEE98A15A16ACB23A","net10","hmail_perf_pair_net10_20260831_213833","C:\hmail-perf-pair-100k-20260901\net10\Data","EBBF2395E8933C7BACE46AD51D451033745819B4B168934194C43B3B5121FAED","100","15","one TCP client and one sequential IMAP session per sample","0","PASS","E92ED927F40EA825DD551A4BA512B278123451CFAC76F908716AF84199904862","6FDC539CD1D13C7514886E7F7595F7A2A7107313E145AA44C7F0F223DA7B40B8","4","12","False","False","12512.394","Aktarma ba?lant?s?ndan veriler okunamad?: Ba?lan?lan uygun olarak belli bir s?re i?inde yan?t vermedi?inden veya kurulan
ba?lant? ba?lan?lan ana bilgisayar yan?t vermedi?inden bir ba?lant? kurulamad?.","False","0","False","False","0","False"
"5bd22377-9d1c-498f-825a-9cf230340a9e","MANIFEST_BOUND","hmail-perf-pair-100k-20260901","DE4DA2CDCDA01B1BE6D8C9BC98A377167205E940722D2BBCEE98A15A16ACB23A","net10","hmail_perf_pair_net10_20260831_213833","C:\hmail-perf-pair-100k-20260901\net10\Data","EBBF2395E8933C7BACE46AD51D451033745819B4B168934194C43B3B5121FAED","100","15","one TCP client and one sequential IMAP session per sample","0","PASS","E92ED927F40EA825DD551A4BA512B278123451CFAC76F908716AF84199904862","6FDC539CD1D13C7514886E7F7595F7A2A7107313E145AA44C7F0F223DA7B40B8","4","13","True","False","16537.267",,"True","100000","True","True","100000","True"
"5bd22377-9d1c-498f-825a-9cf230340a9e","MANIFEST_BOUND","hmail-perf-pair-100k-20260901","DE4DA2CDCDA01B1BE6D8C9BC98A377167205E940722D2BBCEE98A15A16ACB23A","net10","hmail_perf_pair_net10_20260831_213833","C:\hmail-perf-pair-100k-20260901\net10\Data","EBBF2395E8933C7BACE46AD51D451033745819B4B168934194C43B3B5121FAED","100","15","one TCP client and one sequential IMAP session per sample","0","PASS","E92ED927F40EA825DD551A4BA512B278123451CFAC76F908716AF84199904862","6FDC539CD1D13C7514886E7F7595F7A2A7107313E145AA44C7F0F223DA7B40B8","4","14","True","False","19432.54",,"True","100000","True","True","100000","True"
"5bd22377-9d1c-498f-825a-9cf230340a9e","MANIFEST_BOUND","hmail-perf-pair-100k-20260901","DE4DA2CDCDA01B1BE6D8C9BC98A377167205E940722D2BBCEE98A15A16ACB23A","net10","hmail_perf_pair_net10_20260831_213833","C:\hmail-perf-pair-100k-20260901\net10\Data","EBBF2395E8933C7BACE46AD51D451033745819B4B168934194C43B3B5121FAED","100","15","one TCP client and one sequential IMAP session per sample","0","PASS","E92ED927F40EA825DD551A4BA512B278123451CFAC76F908716AF84199904862","6FDC539CD1D13C7514886E7F7595F7A2A7107313E145AA44C7F0F223DA7B40B8","4","15","True","False","19718.777",,"True","100000","True","True","100000","True"
"5bd22377-9d1c-498f-825a-9cf230340a9e","MANIFEST_BOUND","hmail-perf-pair-100k-20260901","DE4DA2CDCDA01B1BE6D8C9BC98A377167205E940722D2BBCEE98A15A16ACB23A","net10","hmail_perf_pair_net10_20260831_213833","C:\hmail-perf-pair-100k-20260901\net10\Data","EBBF2395E8933C7BACE46AD51D451033745819B4B168934194C43B3B5121FAED","100","15","one TCP client and one sequential IMAP session per sample","0","PASS","E92ED927F40EA825DD551A4BA512B278123451CFAC76F908716AF84199904862","6FDC539CD1D13C7514886E7F7595F7A2A7107313E145AA44C7F0F223DA7B40B8","4","16","True","False","16505.109",,"True","100000","True","True","100000","True"
"5bd22377-9d1c-498f-825a-9cf230340a9e","MANIFEST_BOUND","hmail-perf-pair-100k-20260901","DE4DA2CDCDA01B1BE6D8C9BC98A377167205E940722D2BBCEE98A15A16ACB23A","net10","hmail_perf_pair_net10_20260831_213833","C:\hmail-perf-pair-100k-20260901\net10\Data","EBBF2395E8933C7BACE46AD51D451033745819B4B168934194C43B3B5121FAED","100","15","one TCP client and one sequential IMAP session per sample","0","PASS","E92ED927F40EA825DD551A4BA512B278123451CFAC76F908716AF84199904862","6FDC539CD1D13C7514886E7F7595F7A2A7107313E145AA44C7F0F223DA7B40B8","4","17","True","False","16275.875",,"True","100000","True","True","100000","True"
"5bd22377-9d1c-498f-825a-9cf230340a9e","MANIFEST_BOUND","hmail-perf-pair-100k-20260901","DE4DA2CDCDA01B1BE6D8C9BC98A377167205E940722D2BBCEE98A15A16ACB23A","net10","hmail_perf_pair_net10_20260831_213833","C:\hmail-perf-pair-100k-20260901\net10\Data","EBBF2395E8933C7BACE46AD51D451033745819B4B168934194C43B3B5121FAED","100","15","one TCP client and one sequential IMAP session per sample","0","PASS","E92ED927F40EA825DD551A4BA512B278123451CFAC76F908716AF84199904862","6FDC539CD1D13C7514886E7F7595F7A2A7107313E145AA44C7F0F223DA7B40B8","4","18","False","False","18997.004","Aktarma ba?lant?s?ndan veriler okunamad?: Ba?lan?lan uygun olarak belli bir s?re i?inde yan?t vermedi?inden veya kurulan
ba?lant? ba?lan?lan ana bilgisayar yan?t vermedi?inden bir ba?lant? kurulamad?.","False","0","False","False","0","False"
"5bd22377-9d1c-498f-825a-9cf230340a9e","MANIFEST_BOUND","hmail-perf-pair-100k-20260901","DE4DA2CDCDA01B1BE6D8C9BC98A377167205E940722D2BBCEE98A15A16ACB23A","net10","hmail_perf_pair_net10_20260831_213833","C:\hmail-perf-pair-100k-20260901\net10\Data","EBBF2395E8933C7BACE46AD51D451033745819B4B168934194C43B3B5121FAED","100","15","one TCP client and one sequential IMAP session per sample","0","PASS","E92ED927F40EA825DD551A4BA512B278123451CFAC76F908716AF84199904862","6FDC539CD1D13C7514886E7F7595F7A2A7107313E145AA44C7F0F223DA7B40B8","4","19","True","False","15711.194",,"True","100000","True","True","100000","True"
"5bd22377-9d1c-498f-825a-9cf230340a9e","MANIFEST_BOUND","hmail-perf-pair-100k-20260901","DE4DA2CDCDA01B1BE6D8C9BC98A377167205E940722D2BBCEE98A15A16ACB23A","net10","hmail_perf_pair_net10_20260831_213833","C:\hmail-perf-pair-100k-20260901\net10\Data","EBBF2395E8933C7BACE46AD51D451033745819B4B168934194C43B3B5121FAED","100","15","one TCP client and one sequential IMAP session per sample","0","PASS","E92ED927F40EA825DD551A4BA512B278123451CFAC76F908716AF84199904862","6FDC539CD1D13C7514886E7F7595F7A2A7107313E145AA44C7F0F223DA7B40B8","4","20","True","False","17971.126",,"True","100000","True","True","100000","True"
"5bd22377-9d1c-498f-825a-9cf230340a9e","MANIFEST_BOUND","hmail-perf-pair-100k-20260901","DE4DA2CDCDA01B1BE6D8C9BC98A377167205E940722D2BBCEE98A15A16ACB23A","net10","hmail_perf_pair_net10_20260831_213833","C:\hmail-perf-pair-100k-20260901\net10\Data","EBBF2395E8933C7BACE46AD51D451033745819B4B168934194C43B3B5121FAED","100","15","one TCP client and one sequential IMAP session per sample","0","PASS","E92ED927F40EA825DD551A4BA512B278123451CFAC76F908716AF84199904862","6FDC539CD1D13C7514886E7F7595F7A2A7107313E145AA44C7F0F223DA7B40B8","4","21","True","False","14398.767",,"True","100000","True","True","100000","True"
"5bd22377-9d1c-498f-825a-9cf230340a9e","MANIFEST_BOUND","hmail-perf-pair-100k-20260901","DE4DA2CDCDA01B1BE6D8C9BC98A377167205E940722D2BBCEE98A15A16ACB23A","net10","hmail_perf_pair_net10_20260831_213833","C:\hmail-perf-pair-100k-20260901\net10\Data","EBBF2395E8933C7BACE46AD51D451033745819B4B168934194C43B3B5121FAED","100","15","one TCP client and one sequential IMAP session per sample","0","PASS","E92ED927F40EA825DD551A4BA512B278123451CFAC76F908716AF84199904862","6FDC539CD1D13C7514886E7F7595F7A2A7107313E145AA44C7F0F223DA7B40B8","4","22","True","False","14469.193",,"True","100000","True","True","100000","True"
"5bd22377-9d1c-498f-825a-9cf230340a9e","MANIFEST_BOUND","hmail-perf-pair-100k-20260901","DE4DA2CDCDA01B1BE6D8C9BC98A377167205E940722D2BBCEE98A15A16ACB23A","net10","hmail_perf_pair_net10_20260831_213833","C:\hmail-perf-pair-100k-20260901\net10\Data","EBBF2395E8933C7BACE46AD51D451033745819B4B168934194C43B3B5121FAED","100","15","one TCP client and one sequential IMAP session per sample","0","PASS","E92ED927F40EA825DD551A4BA512B278123451CFAC76F908716AF84199904862","6FDC539CD1D13C7514886E7F7595F7A2A7107313E145AA44C7F0F223DA7B40B8","4","23","False","False","14544.141","Aktarma ba?lant?s?ndan veriler okunamad?: Ba?lan?lan uygun olarak belli bir s?re i?inde yan?t vermedi?inden veya kurulan
ba?lant? ba?lan?lan ana bilgisayar yan?t vermedi?inden bir ba?lant? kurulamad?.","False","0","False","False","0","False"
"5bd22377-9d1c-498f-825a-9cf230340a9e","MANIFEST_BOUND","hmail-perf-pair-100k-20260901","DE4DA2CDCDA01B1BE6D8C9BC98A377167205E940722D2BBCEE98A15A16ACB23A","net10","hmail_perf_pair_net10_20260831_213833","C:\hmail-perf-pair-100k-20260901\net10\Data","EBBF2395E8933C7BACE46AD51D451033745819B4B168934194C43B3B5121FAED","100","15","one TCP client and one sequential IMAP session per sample","0","PASS","E92ED927F40EA825DD551A4BA512B278123451CFAC76F908716AF84199904862","6FDC539CD1D13C7514886E7F7595F7A2A7107313E145AA44C7F0F223DA7B40B8","4","24","False","False","10979.065","Aktarma ba?lant?s?ndan veriler okunamad?: Ba?lan?lan uygun olarak belli bir s?re i?inde yan?t vermedi?inden veya kurulan
ba?lant? ba?lan?lan ana bilgisayar yan?t vermedi?inden bir ba?lant? kurulamad?.","False","0","False","False","0","False"
"5bd22377-9d1c-498f-825a-9cf230340a9e","MANIFEST_BOUND","hmail-perf-pair-100k-20260901","DE4DA2CDCDA01B1BE6D8C9BC98A377167205E940722D2BBCEE98A15A16ACB23A","net10","hmail_perf_pair_net10_20260831_213833","C:\hmail-perf-pair-100k-20260901\net10\Data","EBBF2395E8933C7BACE46AD51D451033745819B4B168934194C43B3B5121FAED","100","15","one TCP client and one sequential IMAP session per sample","0","PASS","E92ED927F40EA825DD551A4BA512B278123451CFAC76F908716AF84199904862","6FDC539CD1D13C7514886E7F7595F7A2A7107313E145AA44C7F0F223DA7B40B8","4","25","False","False","10979.062","Aktarma ba?lant?s?ndan veriler okunamad?: Ba?lan?lan uygun olarak belli bir s?re i?inde yan?t vermedi?inden veya kurulan
ba?lant? ba?lan?lan ana bilgisayar yan?t vermedi?inden bir ba?lant? kurulamad?.","False","0","False","False","0","False"
"5bd22377-9d1c-498f-825a-9cf230340a9e","MANIFEST_BOUND","hmail-perf-pair-100k-20260901","DE4DA2CDCDA01B1BE6D8C9BC98A377167205E940722D2BBCEE98A15A16ACB23A","net10","hmail_perf_pair_net10_20260831_213833","C:\hmail-perf-pair-100k-20260901\net10\Data","EBBF2395E8933C7BACE46AD51D451033745819B4B168934194C43B3B5121FAED","100","15","one TCP client and one sequential IMAP session per sample","0","PASS","E92ED927F40EA825DD551A4BA512B278123451CFAC76F908716AF84199904862","6FDC539CD1D13C7514886E7F7595F7A2A7107313E145AA44C7F0F223DA7B40B8","4","26","True","False","17227.082",,"True","100000","True","True","100000","True"
"5bd22377-9d1c-498f-825a-9cf230340a9e","MANIFEST_BOUND","hmail-perf-pair-100k-20260901","DE4DA2CDCDA01B1BE6D8C9BC98A377167205E940722D2BBCEE98A15A16ACB23A","net10","hmail_perf_pair_net10_20260831_213833","C:\hmail-perf-pair-100k-20260901\net10\Data","EBBF2395E8933C7BACE46AD51D451033745819B4B168934194C43B3B5121FAED","100","15","one TCP client and one sequential IMAP session per sample","0","PASS","E92ED927F40EA825DD551A4BA512B278123451CFAC76F908716AF84199904862","6FDC539CD1D13C7514886E7F7595F7A2A7107313E145AA44C7F0F223DA7B40B8","4","27","False","False","14544.219","Aktarma ba?lant?s?ndan veriler okunamad?: Ba?lan?lan uygun olarak belli bir s?re i?inde yan?t vermedi?inden veya kurulan
ba?lant? ba?lan?lan ana bilgisayar yan?t vermedi?inden bir ba?lant? kurulamad?.","False","0","False","False","0","False"
"5bd22377-9d1c-498f-825a-9cf230340a9e","MANIFEST_BOUND","hmail-perf-pair-100k-20260901","DE4DA2CDCDA01B1BE6D8C9BC98A377167205E940722D2BBCEE98A15A16ACB23A","net10","hmail_perf_pair_net10_20260831_213833","C:\hmail-perf-pair-100k-20260901\net10\Data","EBBF2395E8933C7BACE46AD51D451033745819B4B168934194C43B3B5121FAED","100","15","one TCP client and one sequential IMAP session per sample","0","PASS","E92ED927F40EA825DD551A4BA512B278123451CFAC76F908716AF84199904862","6FDC539CD1D13C7514886E7F7595F7A2A7107313E145AA44C7F0F223DA7B40B8","4","28","True","False","13799.962",,"True","100000","True","True","100000","True"
"5bd22377-9d1c-498f-825a-9cf230340a9e","MANIFEST_BOUND","hmail-perf-pair-100k-20260901","DE4DA2CDCDA01B1BE6D8C9BC98A377167205E940722D2BBCEE98A15A16ACB23A","net10","hmail_perf_pair_net10_20260831_213833","C:\hmail-perf-pair-100k-20260901\net10\Data","EBBF2395E8933C7BACE46AD51D451033745819B4B168934194C43B3B5121FAED","100","15","one TCP client and one sequential IMAP session per sample","0","PASS","E92ED927F40EA825DD551A4BA512B278123451CFAC76F908716AF84199904862","6FDC539CD1D13C7514886E7F7595F7A2A7107313E145AA44C7F0F223DA7B40B8","4","29","True","False","18616.626",,"True","100000","True","True","100000","True"
"5bd22377-9d1c-498f-825a-9cf230340a9e","MANIFEST_BOUND","hmail-perf-pair-100k-20260901","DE4DA2CDCDA01B1BE6D8C9BC98A377167205E940722D2BBCEE98A15A16ACB23A","net10","hmail_perf_pair_net10_20260831_213833","C:\hmail-perf-pair-100k-20260901\net10\Data","EBBF2395E8933C7BACE46AD51D451033745819B4B168934194C43B3B5121FAED","100","15","one TCP client and one sequential IMAP session per sample","0","PASS","E92ED927F40EA825DD551A4BA512B278123451CFAC76F908716AF84199904862","6FDC539CD1D13C7514886E7F7595F7A2A7107313E145AA44C7F0F223DA7B40B8","4","30","True","False","15213.149",,"True","100000","True","True","100000","True"
"5bd22377-9d1c-498f-825a-9cf230340a9e","MANIFEST_BOUND","hmail-perf-pair-100k-20260901","DE4DA2CDCDA01B1BE6D8C9BC98A377167205E940722D2BBCEE98A15A16ACB23A","net10","hmail_perf_pair_net10_20260831_213833","C:\hmail-perf-pair-100k-20260901\net10\Data","EBBF2395E8933C7BACE46AD51D451033745819B4B168934194C43B3B5121FAED","100","15","one TCP client and one sequential IMAP session per sample","0","PASS","E92ED927F40EA825DD551A4BA512B278123451CFAC76F908716AF84199904862","6FDC539CD1D13C7514886E7F7595F7A2A7107313E145AA44C7F0F223DA7B40B8","4","31","True","False","14016.659",,"True","100000","True","True","100000","True"
"5bd22377-9d1c-498f-825a-9cf230340a9e","MANIFEST_BOUND","hmail-perf-pair-100k-20260901","DE4DA2CDCDA01B1BE6D8C9BC98A377167205E940722D2BBCEE98A15A16ACB23A","net10","hmail_perf_pair_net10_20260831_213833","C:\hmail-perf-pair-100k-20260901\net10\Data","EBBF2395E8933C7BACE46AD51D451033745819B4B168934194C43B3B5121FAED","100","15","one TCP client and one sequential IMAP session per sample","0","PASS","E92ED927F40EA825DD551A4BA512B278123451CFAC76F908716AF84199904862","6FDC539CD1D13C7514886E7F7595F7A2A7107313E145AA44C7F0F223DA7B40B8","4","32","False","False","18051.022","Aktarma ba?lant?s?ndan veriler okunamad?: Ba?lan?lan uygun olarak belli bir s?re i?inde yan?t vermedi?inden veya kurulan
ba?lant? ba?lan?lan ana bilgisayar yan?t vermedi?inden bir ba?lant? kurulamad?.","False","0","False","False","0","False"
"5bd22377-9d1c-498f-825a-9cf230340a9e","MANIFEST_BOUND","hmail-perf-pair-100k-20260901","DE4DA2CDCDA01B1BE6D8C9BC98A377167205E940722D2BBCEE98A15A16ACB23A","net10","hmail_perf_pair_net10_20260831_213833","C:\hmail-perf-pair-100k-20260901\net10\Data","EBBF2395E8933C7BACE46AD51D451033745819B4B168934194C43B3B5121FAED","100","15","one TCP client and one sequential IMAP session per sample","0","PASS","E92ED927F40EA825DD551A4BA512B278123451CFAC76F908716AF84199904862","6FDC539CD1D13C7514886E7F7595F7A2A7107313E145AA44C7F0F223DA7B40B8","4","33","True","False","19158.662",,"True","100000","True","True","100000","True"
"5bd22377-9d1c-498f-825a-9cf230340a9e","MANIFEST_BOUND","hmail-perf-pair-100k-20260901","DE4DA2CDCDA01B1BE6D8C9BC98A377167205E940722D2BBCEE98A15A16ACB23A","net10","hmail_perf_pair_net10_20260831_213833","C:\hmail-perf-pair-100k-20260901\net10\Data","EBBF2395E8933C7BACE46AD51D451033745819B4B168934194C43B3B5121FAED","100","15","one TCP client and one sequential IMAP session per sample","0","PASS","E92ED927F40EA825DD551A4BA512B278123451CFAC76F908716AF84199904862","6FDC539CD1D13C7514886E7F7595F7A2A7107313E145AA44C7F0F223DA7B40B8","4","34","True","False","16720.457",,"True","100000","True","True","100000","True"
"5bd22377-9d1c-498f-825a-9cf230340a9e","MANIFEST_BOUND","hmail-perf-pair-100k-20260901","DE4DA2CDCDA01B1BE6D8C9BC98A377167205E940722D2BBCEE98A15A16ACB23A","net10","hmail_perf_pair_net10_20260831_213833","C:\hmail-perf-pair-100k-20260901\net10\Data","EBBF2395E8933C7BACE46AD51D451033745819B4B168934194C43B3B5121FAED","100","15","one TCP client and one sequential IMAP session per sample","0","PASS","E92ED927F40EA825DD551A4BA512B278123451CFAC76F908716AF84199904862","6FDC539CD1D13C7514886E7F7595F7A2A7107313E145AA44C7F0F223DA7B40B8","4","35","True","False","15976.078",,"True","100000","True","True","100000","True"
"5bd22377-9d1c-498f-825a-9cf230340a9e","MANIFEST_BOUND","hmail-perf-pair-100k-20260901","DE4DA2CDCDA01B1BE6D8C9BC98A377167205E940722D2BBCEE98A15A16ACB23A","net10","hmail_perf_pair_net10_20260831_213833","C:\hmail-perf-pair-100k-20260901\net10\Data","EBBF2395E8933C7BACE46AD51D451033745819B4B168934194C43B3B5121FAED","100","15","one TCP client and one sequential IMAP session per sample","0","PASS","E92ED927F40EA825DD551A4BA512B278123451CFAC76F908716AF84199904862","6FDC539CD1D13C7514886E7F7595F7A2A7107313E145AA44C7F0F223DA7B40B8","4","36","True","False","14602.552",,"True","100000","True","True","100000","True"
"5bd22377-9d1c-498f-825a-9cf230340a9e","MANIFEST_BOUND","hmail-perf-pair-100k-20260901","DE4DA2CDCDA01B1BE6D8C9BC98A377167205E940722D2BBCEE98A15A16ACB23A","net10","hmail_perf_pair_net10_20260831_213833","C:\hmail-perf-pair-100k-20260901\net10\Data","EBBF2395E8933C7BACE46AD51D451033745819B4B168934194C43B3B5121FAED","100","15","one TCP client and one sequential IMAP session per sample","0","PASS","E92ED927F40EA825DD551A4BA512B278123451CFAC76F908716AF84199904862","6FDC539CD1D13C7514886E7F7595F7A2A7107313E145AA44C7F0F223DA7B40B8","4","37","False","False","10820.419","Aktarma ba?lant?s?ndan veriler okunamad?: Ba?lan?lan uygun olarak belli bir s?re i?inde yan?t vermedi?inden veya kurulan
ba?lant? ba?lan?lan ana bilgisayar yan?t vermedi?inden bir ba?lant? kurulamad?.","False","0","False","False","0","False"
"5bd22377-9d1c-498f-825a-9cf230340a9e","MANIFEST_BOUND","hmail-perf-pair-100k-20260901","DE4DA2CDCDA01B1BE6D8C9BC98A377167205E940722D2BBCEE98A15A16ACB23A","net10","hmail_perf_pair_net10_20260831_213833","C:\hmail-perf-pair-100k-20260901\net10\Data","EBBF2395E8933C7BACE46AD51D451033745819B4B168934194C43B3B5121FAED","100","15","one TCP client and one sequential IMAP session per sample","0","PASS","E92ED927F40EA825DD551A4BA512B278123451CFAC76F908716AF84199904862","6FDC539CD1D13C7514886E7F7595F7A2A7107313E145AA44C7F0F223DA7B40B8","4","38","True","False","18118.886",,"True","100000","True","True","100000","True"
"5bd22377-9d1c-498f-825a-9cf230340a9e","MANIFEST_BOUND","hmail-perf-pair-100k-20260901","DE4DA2CDCDA01B1BE6D8C9BC98A377167205E940722D2BBCEE98A15A16ACB23A","net10","hmail_perf_pair_net10_20260831_213833","C:\hmail-perf-pair-100k-20260901\net10\Data","EBBF2395E8933C7BACE46AD51D451033745819B4B168934194C43B3B5121FAED","100","15","one TCP client and one sequential IMAP session per sample","0","PASS","E92ED927F40EA825DD551A4BA512B278123451CFAC76F908716AF84199904862","6FDC539CD1D13C7514886E7F7595F7A2A7107313E145AA44C7F0F223DA7B40B8","4","39","True","False","19777.953",,"True","100000","True","True","100000","True"
"5bd22377-9d1c-498f-825a-9cf230340a9e","MANIFEST_BOUND","hmail-perf-pair-100k-20260901","DE4DA2CDCDA01B1BE6D8C9BC98A377167205E940722D2BBCEE98A15A16ACB23A","net10","hmail_perf_pair_net10_20260831_213833","C:\hmail-perf-pair-100k-20260901\net10\Data","EBBF2395E8933C7BACE46AD51D451033745819B4B168934194C43B3B5121FAED","100","15","one TCP client and one sequential IMAP session per sample","0","PASS","E92ED927F40EA825DD551A4BA512B278123451CFAC76F908716AF84199904862","6FDC539CD1D13C7514886E7F7595F7A2A7107313E145AA44C7F0F223DA7B40B8","4","40","True","False","19147.882",,"True","100000","True","True","100000","True"
"5bd22377-9d1c-498f-825a-9cf230340a9e","MANIFEST_BOUND","hmail-perf-pair-100k-20260901","DE4DA2CDCDA01B1BE6D8C9BC98A377167205E940722D2BBCEE98A15A16ACB23A","net10","hmail_perf_pair_net10_20260831_213833","C:\hmail-perf-pair-100k-20260901\net10\Data","EBBF2395E8933C7BACE46AD51D451033745819B4B168934194C43B3B5121FAED","100","15","one TCP client and one sequential IMAP session per sample","0","PASS","E92ED927F40EA825DD551A4BA512B278123451CFAC76F908716AF84199904862","6FDC539CD1D13C7514886E7F7595F7A2A7107313E145AA44C7F0F223DA7B40B8","4","41","False","False","15901.623","Aktarma ba?lant?s?ndan veriler okunamad?: Ba?lan?lan uygun olarak belli bir s?re i?inde yan?t vermedi?inden veya kurulan
ba?lant? ba?lan?lan ana bilgisayar yan?t vermedi?inden bir ba?lant? kurulamad?.","False","0","False","False","0","False"
"5bd22377-9d1c-498f-825a-9cf230340a9e","MANIFEST_BOUND","hmail-perf-pair-100k-20260901","DE4DA2CDCDA01B1BE6D8C9BC98A377167205E940722D2BBCEE98A15A16ACB23A","net10","hmail_perf_pair_net10_20260831_213833","C:\hmail-perf-pair-100k-20260901\net10\Data","EBBF2395E8933C7BACE46AD51D451033745819B4B168934194C43B3B5121FAED","100","15","one TCP client and one sequential IMAP session per sample","0","PASS","E92ED927F40EA825DD551A4BA512B278123451CFAC76F908716AF84199904862","6FDC539CD1D13C7514886E7F7595F7A2A7107313E145AA44C7F0F223DA7B40B8","4","42","True","False","18827.946",,"True","100000","True","True","100000","True"
"5bd22377-9d1c-498f-825a-9cf230340a9e","MANIFEST_BOUND","hmail-perf-pair-100k-20260901","DE4DA2CDCDA01B1BE6D8C9BC98A377167205E940722D2BBCEE98A15A16ACB23A","net10","hmail_perf_pair_net10_20260831_213833","C:\hmail-perf-pair-100k-20260901\net10\Data","EBBF2395E8933C7BACE46AD51D451033745819B4B168934194C43B3B5121FAED","100","15","one TCP client and one sequential IMAP session per sample","0","PASS","E92ED927F40EA825DD551A4BA512B278123451CFAC76F908716AF84199904862","6FDC539CD1D13C7514886E7F7595F7A2A7107313E145AA44C7F0F223DA7B40B8","4","43","True","False","18123.894",,"True","100000","True","True","100000","True"
"5bd22377-9d1c-498f-825a-9cf230340a9e","MANIFEST_BOUND","hmail-perf-pair-100k-20260901","DE4DA2CDCDA01B1BE6D8C9BC98A377167205E940722D2BBCEE98A15A16ACB23A","net10","hmail_perf_pair_net10_20260831_213833","C:\hmail-perf-pair-100k-20260901\net10\Data","EBBF2395E8933C7BACE46AD51D451033745819B4B168934194C43B3B5121FAED","100","15","one TCP client and one sequential IMAP session per sample","0","PASS","E92ED927F40EA825DD551A4BA512B278123451CFAC76F908716AF84199904862","6FDC539CD1D13C7514886E7F7595F7A2A7107313E145AA44C7F0F223DA7B40B8","4","44","False","False","18996.876","Aktarma ba?lant?s?ndan veriler okunamad?: Ba?lan?lan uygun olarak belli bir s?re i?inde yan?t vermedi?inden veya kurulan
ba?lant? ba?lan?lan ana bilgisayar yan?t vermedi?inden bir ba?lant? kurulamad?.","False","0","False","False","0","False"
"5bd22377-9d1c-498f-825a-9cf230340a9e","MANIFEST_BOUND","hmail-perf-pair-100k-20260901","DE4DA2CDCDA01B1BE6D8C9BC98A377167205E940722D2BBCEE98A15A16ACB23A","net10","hmail_perf_pair_net10_20260831_213833","C:\hmail-perf-pair-100k-20260901\net10\Data","EBBF2395E8933C7BACE46AD51D451033745819B4B168934194C43B3B5121FAED","100","15","one TCP client and one sequential IMAP session per sample","0","PASS","E92ED927F40EA825DD551A4BA512B278123451CFAC76F908716AF84199904862","6FDC539CD1D13C7514886E7F7595F7A2A7107313E145AA44C7F0F223DA7B40B8","4","45","False","False","16521.848","Aktarma ba?lant?s?ndan veriler okunamad?: Ba?lan?lan uygun olarak belli bir s?re i?inde yan?t vermedi?inden veya kurulan
ba?lant? ba?lan?lan ana bilgisayar yan?t vermedi?inden bir ba?lant? kurulamad?.","False","0","False","False","0","False"
"5bd22377-9d1c-498f-825a-9cf230340a9e","MANIFEST_BOUND","hmail-perf-pair-100k-20260901","DE4DA2CDCDA01B1BE6D8C9BC98A377167205E940722D2BBCEE98A15A16ACB23A","net10","hmail_perf_pair_net10_20260831_213833","C:\hmail-perf-pair-100k-20260901\net10\Data","EBBF2395E8933C7BACE46AD51D451033745819B4B168934194C43B3B5121FAED","100","15","one TCP client and one sequential IMAP session per sample","0","PASS","E92ED927F40EA825DD551A4BA512B278123451CFAC76F908716AF84199904862","6FDC539CD1D13C7514886E7F7595F7A2A7107313E145AA44C7F0F223DA7B40B8","4","46","True","False","16043.774",,"True","100000","True","True","100000","True"
"5bd22377-9d1c-498f-825a-9cf230340a9e","MANIFEST_BOUND","hmail-perf-pair-100k-20260901","DE4DA2CDCDA01B1BE6D8C9BC98A377167205E940722D2BBCEE98A15A16ACB23A","net10","hmail_perf_pair_net10_20260831_213833","C:\hmail-perf-pair-100k-20260901\net10\Data","EBBF2395E8933C7BACE46AD51D451033745819B4B168934194C43B3B5121FAED","100","15","one TCP client and one sequential IMAP session per sample","0","PASS","E92ED927F40EA825DD551A4BA512B278123451CFAC76F908716AF84199904862","6FDC539CD1D13C7514886E7F7595F7A2A7107313E145AA44C7F0F223DA7B40B8","4","47","False","False","15862.773","Aktarma ba?lant?s?ndan veriler okunamad?: Ba?lan?lan uygun olarak belli bir s?re i?inde yan?t vermedi?inden veya kurulan
ba?lant? ba?lan?lan ana bilgisayar yan?t vermedi?inden bir ba?lant? kurulamad?.","False","0","False","False","0","False"
"5bd22377-9d1c-498f-825a-9cf230340a9e","MANIFEST_BOUND","hmail-perf-pair-100k-20260901","DE4DA2CDCDA01B1BE6D8C9BC98A377167205E940722D2BBCEE98A15A16ACB23A","net10","hmail_perf_pair_net10_20260831_213833","C:\hmail-perf-pair-100k-20260901\net10\Data","EBBF2395E8933C7BACE46AD51D451033745819B4B168934194C43B3B5121FAED","100","15","one TCP client and one sequential IMAP session per sample","0","PASS","E92ED927F40EA825DD551A4BA512B278123451CFAC76F908716AF84199904862","6FDC539CD1D13C7514886E7F7595F7A2A7107313E145AA44C7F0F223DA7B40B8","4","48","True","False","15781.269",,"True","100000","True","True","100000","True"
"5bd22377-9d1c-498f-825a-9cf230340a9e","MANIFEST_BOUND","hmail-perf-pair-100k-20260901","DE4DA2CDCDA01B1BE6D8C9BC98A377167205E940722D2BBCEE98A15A16ACB23A","net10","hmail_perf_pair_net10_20260831_213833","C:\hmail-perf-pair-100k-20260901\net10\Data","EBBF2395E8933C7BACE46AD51D451033745819B4B168934194C43B3B5121FAED","100","15","one TCP client and one sequential IMAP session per sample","0","PASS","E92ED927F40EA825DD551A4BA512B278123451CFAC76F908716AF84199904862","6FDC539CD1D13C7514886E7F7595F7A2A7107313E145AA44C7F0F223DA7B40B8","4","49","True","False","19339.038",,"True","100000","True","True","100000","True"
"5bd22377-9d1c-498f-825a-9cf230340a9e","MANIFEST_BOUND","hmail-perf-pair-100k-20260901","DE4DA2CDCDA01B1BE6D8C9BC98A377167205E940722D2BBCEE98A15A16ACB23A","net10","hmail_perf_pair_net10_20260831_213833","C:\hmail-perf-pair-100k-20260901\net10\Data","EBBF2395E8933C7BACE46AD51D451033745819B4B168934194C43B3B5121FAED","100","15","one TCP client and one sequential IMAP session per sample","0","PASS","E92ED927F40EA825DD551A4BA512B278123451CFAC76F908716AF84199904862","6FDC539CD1D13C7514886E7F7595F7A2A7107313E145AA44C7F0F223DA7B40B8","4","50","True","False","13682.952",,"True","100000","True","True","100000","True"
"5bd22377-9d1c-498f-825a-9cf230340a9e","MANIFEST_BOUND","hmail-perf-pair-100k-20260901","DE4DA2CDCDA01B1BE6D8C9BC98A377167205E940722D2BBCEE98A15A16ACB23A","net10","hmail_perf_pair_net10_20260831_213833","C:\hmail-perf-pair-100k-20260901\net10\Data","EBBF2395E8933C7BACE46AD51D451033745819B4B168934194C43B3B5121FAED","100","15","one TCP client and one sequential IMAP session per sample","0","PASS","E92ED927F40EA825DD551A4BA512B278123451CFAC76F908716AF84199904862","6FDC539CD1D13C7514886E7F7595F7A2A7107313E145AA44C7F0F223DA7B40B8","4","51","False","False","19216.936","Aktarma ba?lant?s?ndan veriler okunamad?: Ba?lan?lan uygun olarak belli bir s?re i?inde yan?t vermedi?inden veya kurulan
ba?lant? ba?lan?lan ana bilgisayar yan?t vermedi?inden bir ba?lant? kurulamad?.","False","0","False","False","0","False"
"5bd22377-9d1c-498f-825a-9cf230340a9e","MANIFEST_BOUND","hmail-perf-pair-100k-20260901","DE4DA2CDCDA01B1BE6D8C9BC98A377167205E940722D2BBCEE98A15A16ACB23A","net10","hmail_perf_pair_net10_20260831_213833","C:\hmail-perf-pair-100k-20260901\net10\Data","EBBF2395E8933C7BACE46AD51D451033745819B4B168934194C43B3B5121FAED","100","15","one TCP client and one sequential IMAP session per sample","0","PASS","E92ED927F40EA825DD551A4BA512B278123451CFAC76F908716AF84199904862","6FDC539CD1D13C7514886E7F7595F7A2A7107313E145AA44C7F0F223DA7B40B8","4","52","False","False","16444.345","Aktarma ba?lant?s?ndan veriler okunamad?: Ba?lan?lan uygun olarak belli bir s?re i?inde yan?t vermedi?inden veya kurulan
ba?lant? ba?lan?lan ana bilgisayar yan?t vermedi?inden bir ba?lant? kurulamad?.","False","0","False","False","0","False"
"5bd22377-9d1c-498f-825a-9cf230340a9e","MANIFEST_BOUND","hmail-perf-pair-100k-20260901","DE4DA2CDCDA01B1BE6D8C9BC98A377167205E940722D2BBCEE98A15A16ACB23A","net10","hmail_perf_pair_net10_20260831_213833","C:\hmail-perf-pair-100k-20260901\net10\Data","EBBF2395E8933C7BACE46AD51D451033745819B4B168934194C43B3B5121FAED","100","15","one TCP client and one sequential IMAP session per sample","0","PASS","E92ED927F40EA825DD551A4BA512B278123451CFAC76F908716AF84199904862","6FDC539CD1D13C7514886E7F7595F7A2A7107313E145AA44C7F0F223DA7B40B8","4","53","False","False","12652.876","Aktarma ba?lant?s?ndan veriler okunamad?: Ba?lan?lan uygun olarak belli bir s?re i?inde yan?t vermedi?inden veya kurulan
ba?lant? ba?lan?lan ana bilgisayar yan?t vermedi?inden bir ba?lant? kurulamad?.","False","0","False","False","0","False"
"5bd22377-9d1c-498f-825a-9cf230340a9e","MANIFEST_BOUND","hmail-perf-pair-100k-20260901","DE4DA2CDCDA01B1BE6D8C9BC98A377167205E940722D2BBCEE98A15A16ACB23A","net10","hmail_perf_pair_net10_20260831_213833","C:\hmail-perf-pair-100k-20260901\net10\Data","EBBF2395E8933C7BACE46AD51D451033745819B4B168934194C43B3B5121FAED","100","15","one TCP client and one sequential IMAP session per sample","0","PASS","E92ED927F40EA825DD551A4BA512B278123451CFAC76F908716AF84199904862","6FDC539CD1D13C7514886E7F7595F7A2A7107313E145AA44C7F0F223DA7B40B8","4","54","False","False","19264.812","Aktarma ba?lant?s?ndan veriler okunamad?: Ba?lan?lan uygun olarak belli bir s?re i?inde yan?t vermedi?inden veya kurulan
ba?lant? ba?lan?lan ana bilgisayar yan?t vermedi?inden bir ba?lant? kurulamad?.","False","0","False","False","0","False"
"5bd22377-9d1c-498f-825a-9cf230340a9e","MANIFEST_BOUND","hmail-perf-pair-100k-20260901","DE4DA2CDCDA01B1BE6D8C9BC98A377167205E940722D2BBCEE98A15A16ACB23A","net10","hmail_perf_pair_net10_20260831_213833","C:\hmail-perf-pair-100k-20260901\net10\Data","EBBF2395E8933C7BACE46AD51D451033745819B4B168934194C43B3B5121FAED","100","15","one TCP client and one sequential IMAP session per sample","0","PASS","E92ED927F40EA825DD551A4BA512B278123451CFAC76F908716AF84199904862","6FDC539CD1D13C7514886E7F7595F7A2A7107313E145AA44C7F0F223DA7B40B8","4","55","True","False","15786.882",,"True","100000","True","True","100000","True"
"5bd22377-9d1c-498f-825a-9cf230340a9e","MANIFEST_BOUND","hmail-perf-pair-100k-20260901","DE4DA2CDCDA01B1BE6D8C9BC98A377167205E940722D2BBCEE98A15A16ACB23A","net10","hmail_perf_pair_net10_20260831_213833","C:\hmail-perf-pair-100k-20260901\net10\Data","EBBF2395E8933C7BACE46AD51D451033745819B4B168934194C43B3B5121FAED","100","15","one TCP client and one sequential IMAP session per sample","0","PASS","E92ED927F40EA825DD551A4BA512B278123451CFAC76F908716AF84199904862","6FDC539CD1D13C7514886E7F7595F7A2A7107313E145AA44C7F0F223DA7B40B8","4","56","True","False","16442.178",,"True","100000","True","True","100000","True"
"5bd22377-9d1c-498f-825a-9cf230340a9e","MANIFEST_BOUND","hmail-perf-pair-100k-20260901","DE4DA2CDCDA01B1BE6D8C9BC98A377167205E940722D2BBCEE98A15A16ACB23A","net10","hmail_perf_pair_net10_20260831_213833","C:\hmail-perf-pair-100k-20260901\net10\Data","EBBF2395E8933C7BACE46AD51D451033745819B4B168934194C43B3B5121FAED","100","15","one TCP client and one sequential IMAP session per sample","0","PASS","E92ED927F40EA825DD551A4BA512B278123451CFAC76F908716AF84199904862","6FDC539CD1D13C7514886E7F7595F7A2A7107313E145AA44C7F0F223DA7B40B8","4","57","True","False","15873.045",,"True","100000","True","True","100000","True"
"5bd22377-9d1c-498f-825a-9cf230340a9e","MANIFEST_BOUND","hmail-perf-pair-100k-20260901","DE4DA2CDCDA01B1BE6D8C9BC98A377167205E940722D2BBCEE98A15A16ACB23A","net10","hmail_perf_pair_net10_20260831_213833","C:\hmail-perf-pair-100k-20260901\net10\Data","EBBF2395E8933C7BACE46AD51D451033745819B4B168934194C43B3B5121FAED","100","15","one TCP client and one sequential IMAP session per sample","0","PASS","E92ED927F40EA825DD551A4BA512B278123451CFAC76F908716AF84199904862","6FDC539CD1D13C7514886E7F7595F7A2A7107313E145AA44C7F0F223DA7B40B8","4","58","True","False","19744.796",,"True","100000","True","True","100000","True"
"5bd22377-9d1c-498f-825a-9cf230340a9e","MANIFEST_BOUND","hmail-perf-pair-100k-20260901","DE4DA2CDCDA01B1BE6D8C9BC98A377167205E940722D2BBCEE98A15A16ACB23A","net10","hmail_perf_pair_net10_20260831_213833","C:\hmail-perf-pair-100k-20260901\net10\Data","EBBF2395E8933C7BACE46AD51D451033745819B4B168934194C43B3B5121FAED","100","15","one TCP client and one sequential IMAP session per sample","0","PASS","E92ED927F40EA825DD551A4BA512B278123451CFAC76F908716AF84199904862","6FDC539CD1D13C7514886E7F7595F7A2A7107313E145AA44C7F0F223DA7B40B8","4","59","True","False","16471.397",,"True","100000","True","True","100000","True"
"5bd22377-9d1c-498f-825a-9cf230340a9e","MANIFEST_BOUND","hmail-perf-pair-100k-20260901","DE4DA2CDCDA01B1BE6D8C9BC98A377167205E940722D2BBCEE98A15A16ACB23A","net10","hmail_perf_pair_net10_20260831_213833","C:\hmail-perf-pair-100k-20260901\net10\Data","EBBF2395E8933C7BACE46AD51D451033745819B4B168934194C43B3B5121FAED","100","15","one TCP client and one sequential IMAP session per sample","0","PASS","E92ED927F40EA825DD551A4BA512B278123451CFAC76F908716AF84199904862","6FDC539CD1D13C7514886E7F7595F7A2A7107313E145AA44C7F0F223DA7B40B8","4","60","False","False","16907.04","Aktarma ba?lant?s?ndan veriler okunamad?: Ba?lan?lan uygun olarak belli bir s?re i?inde yan?t vermedi?inden veya kurulan
ba?lant? ba?lan?lan ana bilgisayar yan?t vermedi?inden bir ba?lant? kurulamad?.","False","0","False","False","0","False"
"5bd22377-9d1c-498f-825a-9cf230340a9e","MANIFEST_BOUND","hmail-perf-pair-100k-20260901","DE4DA2CDCDA01B1BE6D8C9BC98A377167205E940722D2BBCEE98A15A16ACB23A","net10","hmail_perf_pair_net10_20260831_213833","C:\hmail-perf-pair-100k-20260901\net10\Data","EBBF2395E8933C7BACE46AD51D451033745819B4B168934194C43B3B5121FAED","100","15","one TCP client and one sequential IMAP session per sample","0","PASS","E92ED927F40EA825DD551A4BA512B278123451CFAC76F908716AF84199904862","6FDC539CD1D13C7514886E7F7595F7A2A7107313E145AA44C7F0F223DA7B40B8","4","61","True","False","19782.986",,"True","100000","True","True","100000","True"
"5bd22377-9d1c-498f-825a-9cf230340a9e","MANIFEST_BOUND","hmail-perf-pair-100k-20260901","DE4DA2CDCDA01B1BE6D8C9BC98A377167205E940722D2BBCEE98A15A16ACB23A","net10","hmail_perf_pair_net10_20260831_213833","C:\hmail-perf-pair-100k-20260901\net10\Data","EBBF2395E8933C7BACE46AD51D451033745819B4B168934194C43B3B5121FAED","100","15","one TCP client and one sequential IMAP session per sample","0","PASS","E92ED927F40EA825DD551A4BA512B278123451CFAC76F908716AF84199904862","6FDC539CD1D13C7514886E7F7595F7A2A7107313E145AA44C7F0F223DA7B40B8","4","62","False","False","10337.953","Aktarma ba?lant?s?ndan veriler okunamad?: Ba?lan?lan uygun olarak belli bir s?re i?inde yan?t vermedi?inden veya kurulan
ba?lant? ba?lan?lan ana bilgisayar yan?t vermedi?inden bir ba?lant? kurulamad?.","False","0","False","False","0","False"
"5bd22377-9d1c-498f-825a-9cf230340a9e","MANIFEST_BOUND","hmail-perf-pair-100k-20260901","DE4DA2CDCDA01B1BE6D8C9BC98A377167205E940722D2BBCEE98A15A16ACB23A","net10","hmail_perf_pair_net10_20260831_213833","C:\hmail-perf-pair-100k-20260901\net10\Data","EBBF2395E8933C7BACE46AD51D451033745819B4B168934194C43B3B5121FAED","100","15","one TCP client and one sequential IMAP session per sample","0","PASS","E92ED927F40EA825DD551A4BA512B278123451CFAC76F908716AF84199904862","6FDC539CD1D13C7514886E7F7595F7A2A7107313E145AA44C7F0F223DA7B40B8","4","63","False","False","18776.169","Aktarma ba?lant?s?ndan veriler okunamad?: Ba?lan?lan uygun olarak belli bir s?re i?inde yan?t vermedi?inden veya kurulan
ba?lant? ba?lan?lan ana bilgisayar yan?t vermedi?inden bir ba?lant? kurulamad?.","False","0","False","False","0","False"
"5bd22377-9d1c-498f-825a-9cf230340a9e","MANIFEST_BOUND","hmail-perf-pair-100k-20260901","DE4DA2CDCDA01B1BE6D8C9BC98A377167205E940722D2BBCEE98A15A16ACB23A","net10","hmail_perf_pair_net10_20260831_213833","C:\hmail-perf-pair-100k-20260901\net10\Data","EBBF2395E8933C7BACE46AD51D451033745819B4B168934194C43B3B5121FAED","100","15","one TCP client and one sequential IMAP session per sample","0","PASS","E92ED927F40EA825DD551A4BA512B278123451CFAC76F908716AF84199904862","6FDC539CD1D13C7514886E7F7595F7A2A7107313E145AA44C7F0F223DA7B40B8","4","64","False","False","18478.755","Aktarma ba?lant?s?ndan veriler okunamad?: Ba?lan?lan uygun olarak belli bir s?re i?inde yan?t vermedi?inden veya kurulan
ba?lant? ba?lan?lan ana bilgisayar yan?t vermedi?inden bir ba?lant? kurulamad?.","False","0","False","False","0","False"
"5bd22377-9d1c-498f-825a-9cf230340a9e","MANIFEST_BOUND","hmail-perf-pair-100k-20260901","DE4DA2CDCDA01B1BE6D8C9BC98A377167205E940722D2BBCEE98A15A16ACB23A","net10","hmail_perf_pair_net10_20260831_213833","C:\hmail-perf-pair-100k-20260901\net10\Data","EBBF2395E8933C7BACE46AD51D451033745819B4B168934194C43B3B5121FAED","100","15","one TCP client and one sequential IMAP session per sample","0","PASS","E92ED927F40EA825DD551A4BA512B278123451CFAC76F908716AF84199904862","6FDC539CD1D13C7514886E7F7595F7A2A7107313E145AA44C7F0F223DA7B40B8","4","65","False","False","12512.26","Aktarma ba?lant?s?ndan veriler okunamad?: Ba?lan?lan uygun olarak belli bir s?re i?inde yan?t vermedi?inden veya kurulan
ba?lant? ba?lan?lan ana bilgisayar yan?t vermedi?inden bir ba?lant? kurulamad?.","False","0","False","False","0","False"
"5bd22377-9d1c-498f-825a-9cf230340a9e","MANIFEST_BOUND","hmail-perf-pair-100k-20260901","DE4DA2CDCDA01B1BE6D8C9BC98A377167205E940722D2BBCEE98A15A16ACB23A","net10","hmail_perf_pair_net10_20260831_213833","C:\hmail-perf-pair-100k-20260901\net10\Data","EBBF2395E8933C7BACE46AD51D451033745819B4B168934194C43B3B5121FAED","100","15","one TCP client and one sequential IMAP session per sample","0","PASS","E92ED927F40EA825DD551A4BA512B278123451CFAC76F908716AF84199904862","6FDC539CD1D13C7514886E7F7595F7A2A7107313E145AA44C7F0F223DA7B40B8","4","66","False","False","15426.608","Aktarma ba?lant?s?ndan veriler okunamad?: Ba?lan?lan uygun olarak belli bir s?re i?inde yan?t vermedi?inden veya kurulan
ba?lant? ba?lan?lan ana bilgisayar yan?t vermedi?inden bir ba?lant? kurulamad?.","False","0","False","False","0","False"
"5bd22377-9d1c-498f-825a-9cf230340a9e","MANIFEST_BOUND","hmail-perf-pair-100k-20260901","DE4DA2CDCDA01B1BE6D8C9BC98A377167205E940722D2BBCEE98A15A16ACB23A","net10","hmail_perf_pair_net10_20260831_213833","C:\hmail-perf-pair-100k-20260901\net10\Data","EBBF2395E8933C7BACE46AD51D451033745819B4B168934194C43B3B5121FAED","100","15","one TCP client and one sequential IMAP session per sample","0","PASS","E92ED927F40EA825DD551A4BA512B278123451CFAC76F908716AF84199904862","6FDC539CD1D13C7514886E7F7595F7A2A7107313E145AA44C7F0F223DA7B40B8","4","67","True","False","18402.639",,"True","100000","True","True","100000","True"
"5bd22377-9d1c-498f-825a-9cf230340a9e","MANIFEST_BOUND","hmail-perf-pair-100k-20260901","DE4DA2CDCDA01B1BE6D8C9BC98A377167205E940722D2BBCEE98A15A16ACB23A","net10","hmail_perf_pair_net10_20260831_213833","C:\hmail-perf-pair-100k-20260901\net10\Data","EBBF2395E8933C7BACE46AD51D451033745819B4B168934194C43B3B5121FAED","100","15","one TCP client and one sequential IMAP session per sample","0","PASS","E92ED927F40EA825DD551A4BA512B278123451CFAC76F908716AF84199904862","6FDC539CD1D13C7514886E7F7595F7A2A7107313E145AA44C7F0F223DA7B40B8","4","68","True","False","16234.786",,"True","100000","True","True","100000","True"
"5bd22377-9d1c-498f-825a-9cf230340a9e","MANIFEST_BOUND","hmail-perf-pair-100k-20260901","DE4DA2CDCDA01B1BE6D8C9BC98A377167205E940722D2BBCEE98A15A16ACB23A","net10","hmail_perf_pair_net10_20260831_213833","C:\hmail-perf-pair-100k-20260901\net10\Data","EBBF2395E8933C7BACE46AD51D451033745819B4B168934194C43B3B5121FAED","100","15","one TCP client and one sequential IMAP session per sample","0","PASS","E92ED927F40EA825DD551A4BA512B278123451CFAC76F908716AF84199904862","6FDC539CD1D13C7514886E7F7595F7A2A7107313E145AA44C7F0F223DA7B40B8","4","69","True","False","16730.824",,"True","100000","True","True","100000","True"
"5bd22377-9d1c-498f-825a-9cf230340a9e","MANIFEST_BOUND","hmail-perf-pair-100k-20260901","DE4DA2CDCDA01B1BE6D8C9BC98A377167205E940722D2BBCEE98A15A16ACB23A","net10","hmail_perf_pair_net10_20260831_213833","C:\hmail-perf-pair-100k-20260901\net10\Data","EBBF2395E8933C7BACE46AD51D451033745819B4B168934194C43B3B5121FAED","100","15","one TCP client and one sequential IMAP session per sample","0","PASS","E92ED927F40EA825DD551A4BA512B278123451CFAC76F908716AF84199904862","6FDC539CD1D13C7514886E7F7595F7A2A7107313E145AA44C7F0F223DA7B40B8","4","70","True","False","19317.758",,"True","100000","True","True","100000","True"
"5bd22377-9d1c-498f-825a-9cf230340a9e","MANIFEST_BOUND","hmail-perf-pair-100k-20260901","DE4DA2CDCDA01B1BE6D8C9BC98A377167205E940722D2BBCEE98A15A16ACB23A","net10","hmail_perf_pair_net10_20260831_213833","C:\hmail-perf-pair-100k-20260901\net10\Data","EBBF2395E8933C7BACE46AD51D451033745819B4B168934194C43B3B5121FAED","100","15","one TCP client and one sequential IMAP session per sample","0","PASS","E92ED927F40EA825DD551A4BA512B278123451CFAC76F908716AF84199904862","6FDC539CD1D13C7514886E7F7595F7A2A7107313E145AA44C7F0F223DA7B40B8","4","71","True","False","15644.829",,"True","100000","True","True","100000","True"
"5bd22377-9d1c-498f-825a-9cf230340a9e","MANIFEST_BOUND","hmail-perf-pair-100k-20260901","DE4DA2CDCDA01B1BE6D8C9BC98A377167205E940722D2BBCEE98A15A16ACB23A","net10","hmail_perf_pair_net10_20260831_213833","C:\hmail-perf-pair-100k-20260901\net10\Data","EBBF2395E8933C7BACE46AD51D451033745819B4B168934194C43B3B5121FAED","100","15","one TCP client and one sequential IMAP session per sample","0","PASS","E92ED927F40EA825DD551A4BA512B278123451CFAC76F908716AF84199904862","6FDC539CD1D13C7514886E7F7595F7A2A7107313E145AA44C7F0F223DA7B40B8","4","72","True","False","16730.253",,"True","100000","True","True","100000","True"
"5bd22377-9d1c-498f-825a-9cf230340a9e","MANIFEST_BOUND","hmail-perf-pair-100k-20260901","DE4DA2CDCDA01B1BE6D8C9BC98A377167205E940722D2BBCEE98A15A16ACB23A","net10","hmail_perf_pair_net10_20260831_213833","C:\hmail-perf-pair-100k-20260901\net10\Data","EBBF2395E8933C7BACE46AD51D451033745819B4B168934194C43B3B5121FAED","100","15","one TCP client and one sequential IMAP session per sample","0","PASS","E92ED927F40EA825DD551A4BA512B278123451CFAC76F908716AF84199904862","6FDC539CD1D13C7514886E7F7595F7A2A7107313E145AA44C7F0F223DA7B40B8","4","73","True","False","19776.252",,"True","100000","True","True","100000","True"
"5bd22377-9d1c-498f-825a-9cf230340a9e","MANIFEST_BOUND","hmail-perf-pair-100k-20260901","DE4DA2CDCDA01B1BE6D8C9BC98A377167205E940722D2BBCEE98A15A16ACB23A","net10","hmail_perf_pair_net10_20260831_213833","C:\hmail-perf-pair-100k-20260901\net10\Data","EBBF2395E8933C7BACE46AD51D451033745819B4B168934194C43B3B5121FAED","100","15","one TCP client and one sequential IMAP session per sample","0","PASS","E92ED927F40EA825DD551A4BA512B278123451CFAC76F908716AF84199904862","6FDC539CD1D13C7514886E7F7595F7A2A7107313E145AA44C7F0F223DA7B40B8","4","74","True","False","16934.3",,"True","100000","True","True","100000","True"
"5bd22377-9d1c-498f-825a-9cf230340a9e","MANIFEST_BOUND","hmail-perf-pair-100k-20260901","DE4DA2CDCDA01B1BE6D8C9BC98A377167205E940722D2BBCEE98A15A16ACB23A","net10","hmail_perf_pair_net10_20260831_213833","C:\hmail-perf-pair-100k-20260901\net10\Data","EBBF2395E8933C7BACE46AD51D451033745819B4B168934194C43B3B5121FAED","100","15","one TCP client and one sequential IMAP session per sample","0","PASS","E92ED927F40EA825DD551A4BA512B278123451CFAC76F908716AF84199904862","6FDC539CD1D13C7514886E7F7595F7A2A7107313E145AA44C7F0F223DA7B40B8","4","75","True","False","17833.592",,"True","100000","True","True","100000","True"
"5bd22377-9d1c-498f-825a-9cf230340a9e","MANIFEST_BOUND","hmail-perf-pair-100k-20260901","DE4DA2CDCDA01B1BE6D8C9BC98A377167205E940722D2BBCEE98A15A16ACB23A","net10","hmail_perf_pair_net10_20260831_213833","C:\hmail-perf-pair-100k-20260901\net10\Data","EBBF2395E8933C7BACE46AD51D451033745819B4B168934194C43B3B5121FAED","100","15","one TCP client and one sequential IMAP session per sample","0","PASS","E92ED927F40EA825DD551A4BA512B278123451CFAC76F908716AF84199904862","6FDC539CD1D13C7514886E7F7595F7A2A7107313E145AA44C7F0F223DA7B40B8","4","76","True","False","18406.773",,"True","100000","True","True","100000","True"
"5bd22377-9d1c-498f-825a-9cf230340a9e","MANIFEST_BOUND","hmail-perf-pair-100k-20260901","DE4DA2CDCDA01B1BE6D8C9BC98A377167205E940722D2BBCEE98A15A16ACB23A","net10","hmail_perf_pair_net10_20260831_213833","C:\hmail-perf-pair-100k-20260901\net10\Data","EBBF2395E8933C7BACE46AD51D451033745819B4B168934194C43B3B5121FAED","100","15","one TCP client and one sequential IMAP session per sample","0","PASS","E92ED927F40EA825DD551A4BA512B278123451CFAC76F908716AF84199904862","6FDC539CD1D13C7514886E7F7595F7A2A7107313E145AA44C7F0F223DA7B40B8","4","77","True","False","18314.486",,"True","100000","True","True","100000","True"
"5bd22377-9d1c-498f-825a-9cf230340a9e","MANIFEST_BOUND","hmail-perf-pair-100k-20260901","DE4DA2CDCDA01B1BE6D8C9BC98A377167205E940722D2BBCEE98A15A16ACB23A","net10","hmail_perf_pair_net10_20260831_213833","C:\hmail-perf-pair-100k-20260901\net10\Data","EBBF2395E8933C7BACE46AD51D451033745819B4B168934194C43B3B5121FAED","100","15","one TCP client and one sequential IMAP session per sample","0","PASS","E92ED927F40EA825DD551A4BA512B278123451CFAC76F908716AF84199904862","6FDC539CD1D13C7514886E7F7595F7A2A7107313E145AA44C7F0F223DA7B40B8","4","78","True","False","14945.65",,"True","100000","True","True","100000","True"
"5bd22377-9d1c-498f-825a-9cf230340a9e","MANIFEST_BOUND","hmail-perf-pair-100k-20260901","DE4DA2CDCDA01B1BE6D8C9BC98A377167205E940722D2BBCEE98A15A16ACB23A","net10","hmail_perf_pair_net10_20260831_213833","C:\hmail-perf-pair-100k-20260901\net10\Data","EBBF2395E8933C7BACE46AD51D451033745819B4B168934194C43B3B5121FAED","100","15","one TCP client and one sequential IMAP session per sample","0","PASS","E92ED927F40EA825DD551A4BA512B278123451CFAC76F908716AF84199904862","6FDC539CD1D13C7514886E7F7595F7A2A7107313E145AA44C7F0F223DA7B40B8","4","79","True","False","19421.209",,"True","100000","True","True","100000","True"
"5bd22377-9d1c-498f-825a-9cf230340a9e","MANIFEST_BOUND","hmail-perf-pair-100k-20260901","DE4DA2CDCDA01B1BE6D8C9BC98A377167205E940722D2BBCEE98A15A16ACB23A","net10","hmail_perf_pair_net10_20260831_213833","C:\hmail-perf-pair-100k-20260901\net10\Data","EBBF2395E8933C7BACE46AD51D451033745819B4B168934194C43B3B5121FAED","100","15","one TCP client and one sequential IMAP session per sample","0","PASS","E92ED927F40EA825DD551A4BA512B278123451CFAC76F908716AF84199904862","6FDC539CD1D13C7514886E7F7595F7A2A7107313E145AA44C7F0F223DA7B40B8","4","80","True","False","19157.915",,"True","100000","True","True","100000","True"
"5bd22377-9d1c-498f-825a-9cf230340a9e","MANIFEST_BOUND","hmail-perf-pair-100k-20260901","DE4DA2CDCDA01B1BE6D8C9BC98A377167205E940722D2BBCEE98A15A16ACB23A","net10","hmail_perf_pair_net10_20260831_213833","C:\hmail-perf-pair-100k-20260901\net10\Data","EBBF2395E8933C7BACE46AD51D451033745819B4B168934194C43B3B5121FAED","100","15","one TCP client and one sequential IMAP session per sample","0","PASS","E92ED927F40EA825DD551A4BA512B278123451CFAC76F908716AF84199904862","6FDC539CD1D13C7514886E7F7595F7A2A7107313E145AA44C7F0F223DA7B40B8","4","81","True","False","19008.242",,"True","100000","True","True","100000","True"
"5bd22377-9d1c-498f-825a-9cf230340a9e","MANIFEST_BOUND","hmail-perf-pair-100k-20260901","DE4DA2CDCDA01B1BE6D8C9BC98A377167205E940722D2BBCEE98A15A16ACB23A","net10","hmail_perf_pair_net10_20260831_213833","C:\hmail-perf-pair-100k-20260901\net10\Data","EBBF2395E8933C7BACE46AD51D451033745819B4B168934194C43B3B5121FAED","100","15","one TCP client and one sequential IMAP session per sample","0","PASS","E92ED927F40EA825DD551A4BA512B278123451CFAC76F908716AF84199904862","6FDC539CD1D13C7514886E7F7595F7A2A7107313E145AA44C7F0F223DA7B40B8","4","82","True","False","16304.134",,"True","100000","True","True","100000","True"
"5bd22377-9d1c-498f-825a-9cf230340a9e","MANIFEST_BOUND","hmail-perf-pair-100k-20260901","DE4DA2CDCDA01B1BE6D8C9BC98A377167205E940722D2BBCEE98A15A16ACB23A","net10","hmail_perf_pair_net10_20260831_213833","C:\hmail-perf-pair-100k-20260901\net10\Data","EBBF2395E8933C7BACE46AD51D451033745819B4B168934194C43B3B5121FAED","100","15","one TCP client and one sequential IMAP session per sample","0","PASS","E92ED927F40EA825DD551A4BA512B278123451CFAC76F908716AF84199904862","6FDC539CD1D13C7514886E7F7595F7A2A7107313E145AA44C7F0F223DA7B40B8","4","83","True","False","19679.86",,"True","100000","True","True","100000","True"
"5bd22377-9d1c-498f-825a-9cf230340a9e","MANIFEST_BOUND","hmail-perf-pair-100k-20260901","DE4DA2CDCDA01B1BE6D8C9BC98A377167205E940722D2BBCEE98A15A16ACB23A","net10","hmail_perf_pair_net10_20260831_213833","C:\hmail-perf-pair-100k-20260901\net10\Data","EBBF2395E8933C7BACE46AD51D451033745819B4B168934194C43B3B5121FAED","100","15","one TCP client and one sequential IMAP session per sample","0","PASS","E92ED927F40EA825DD551A4BA512B278123451CFAC76F908716AF84199904862","6FDC539CD1D13C7514886E7F7595F7A2A7107313E145AA44C7F0F223DA7B40B8","4","84","True","False","17910.148",,"True","100000","True","True","100000","True"
"5bd22377-9d1c-498f-825a-9cf230340a9e","MANIFEST_BOUND","hmail-perf-pair-100k-20260901","DE4DA2CDCDA01B1BE6D8C9BC98A377167205E940722D2BBCEE98A15A16ACB23A","net10","hmail_perf_pair_net10_20260831_213833","C:\hmail-perf-pair-100k-20260901\net10\Data","EBBF2395E8933C7BACE46AD51D451033745819B4B168934194C43B3B5121FAED","100","15","one TCP client and one sequential IMAP session per sample","0","PASS","E92ED927F40EA825DD551A4BA512B278123451CFAC76F908716AF84199904862","6FDC539CD1D13C7514886E7F7595F7A2A7107313E145AA44C7F0F223DA7B40B8","4","85","True","False","19783.023",,"True","100000","True","True","100000","True"
"5bd22377-9d1c-498f-825a-9cf230340a9e","MANIFEST_BOUND","hmail-perf-pair-100k-20260901","DE4DA2CDCDA01B1BE6D8C9BC98A377167205E940722D2BBCEE98A15A16ACB23A","net10","hmail_perf_pair_net10_20260831_213833","C:\hmail-perf-pair-100k-20260901\net10\Data","EBBF2395E8933C7BACE46AD51D451033745819B4B168934194C43B3B5121FAED","100","15","one TCP client and one sequential IMAP session per sample","0","PASS","E92ED927F40EA825DD551A4BA512B278123451CFAC76F908716AF84199904862","6FDC539CD1D13C7514886E7F7595F7A2A7107313E145AA44C7F0F223DA7B40B8","4","86","True","False","16475.823",,"True","100000","True","True","100000","True"
"5bd22377-9d1c-498f-825a-9cf230340a9e","MANIFEST_BOUND","hmail-perf-pair-100k-20260901","DE4DA2CDCDA01B1BE6D8C9BC98A377167205E940722D2BBCEE98A15A16ACB23A","net10","hmail_perf_pair_net10_20260831_213833","C:\hmail-perf-pair-100k-20260901\net10\Data","EBBF2395E8933C7BACE46AD51D451033745819B4B168934194C43B3B5121FAED","100","15","one TCP client and one sequential IMAP session per sample","0","PASS","E92ED927F40EA825DD551A4BA512B278123451CFAC76F908716AF84199904862","6FDC539CD1D13C7514886E7F7595F7A2A7107313E145AA44C7F0F223DA7B40B8","4","87","True","False","18198.061",,"True","100000","True","True","100000","True"
"5bd22377-9d1c-498f-825a-9cf230340a9e","MANIFEST_BOUND","hmail-perf-pair-100k-20260901","DE4DA2CDCDA01B1BE6D8C9BC98A377167205E940722D2BBCEE98A15A16ACB23A","net10","hmail_perf_pair_net10_20260831_213833","C:\hmail-perf-pair-100k-20260901\net10\Data","EBBF2395E8933C7BACE46AD51D451033745819B4B168934194C43B3B5121FAED","100","15","one TCP client and one sequential IMAP session per sample","0","PASS","E92ED927F40EA825DD551A4BA512B278123451CFAC76F908716AF84199904862","6FDC539CD1D13C7514886E7F7595F7A2A7107313E145AA44C7F0F223DA7B40B8","4","88","False","False","18651.497","Aktarma ba?lant?s?ndan veriler okunamad?: Ba?lan?lan uygun olarak belli bir s?re i?inde yan?t vermedi?inden veya kurulan
ba?lant? ba?lan?lan ana bilgisayar yan?t vermedi?inden bir ba?lant? kurulamad?.","False","0","False","False","0","False"
"5bd22377-9d1c-498f-825a-9cf230340a9e","MANIFEST_BOUND","hmail-perf-pair-100k-20260901","DE4DA2CDCDA01B1BE6D8C9BC98A377167205E940722D2BBCEE98A15A16ACB23A","net10","hmail_perf_pair_net10_20260831_213833","C:\hmail-perf-pair-100k-20260901\net10\Data","EBBF2395E8933C7BACE46AD51D451033745819B4B168934194C43B3B5121FAED","100","15","one TCP client and one sequential IMAP session per sample","0","PASS","E92ED927F40EA825DD551A4BA512B278123451CFAC76F908716AF84199904862","6FDC539CD1D13C7514886E7F7595F7A2A7107313E145AA44C7F0F223DA7B40B8","4","89","False","False","18933.37","Aktarma ba?lant?s?ndan veriler okunamad?: Ba?lan?lan uygun olarak belli bir s?re i?inde yan?t vermedi?inden veya kurulan
ba?lant? ba?lan?lan ana bilgisayar yan?t vermedi?inden bir ba?lant? kurulamad?.","False","0","False","False","0","False"
"5bd22377-9d1c-498f-825a-9cf230340a9e","MANIFEST_BOUND","hmail-perf-pair-100k-20260901","DE4DA2CDCDA01B1BE6D8C9BC98A377167205E940722D2BBCEE98A15A16ACB23A","net10","hmail_perf_pair_net10_20260831_213833","C:\hmail-perf-pair-100k-20260901\net10\Data","EBBF2395E8933C7BACE46AD51D451033745819B4B168934194C43B3B5121FAED","100","15","one TCP client and one sequential IMAP session per sample","0","PASS","E92ED927F40EA825DD551A4BA512B278123451CFAC76F908716AF84199904862","6FDC539CD1D13C7514886E7F7595F7A2A7107313E145AA44C7F0F223DA7B40B8","4","90","False","False","10883.082","Aktarma ba?lant?s?ndan veriler okunamad?: Ba?lan?lan uygun olarak belli bir s?re i?inde yan?t vermedi?inden veya kurulan
ba?lant? ba?lan?lan ana bilgisayar yan?t vermedi?inden bir ba?lant? kurulamad?.","False","0","False","False","0","False"
"5bd22377-9d1c-498f-825a-9cf230340a9e","MANIFEST_BOUND","hmail-perf-pair-100k-20260901","DE4DA2CDCDA01B1BE6D8C9BC98A377167205E940722D2BBCEE98A15A16ACB23A","net10","hmail_perf_pair_net10_20260831_213833","C:\hmail-perf-pair-100k-20260901\net10\Data","EBBF2395E8933C7BACE46AD51D451033745819B4B168934194C43B3B5121FAED","100","15","one TCP client and one sequential IMAP session per sample","0","PASS","E92ED927F40EA825DD551A4BA512B278123451CFAC76F908716AF84199904862","6FDC539CD1D13C7514886E7F7595F7A2A7107313E145AA44C7F0F223DA7B40B8","4","91","True","False","18656.322",,"True","100000","True","True","100000","True"
"5bd22377-9d1c-498f-825a-9cf230340a9e","MANIFEST_BOUND","hmail-perf-pair-100k-20260901","DE4DA2CDCDA01B1BE6D8C9BC98A377167205E940722D2BBCEE98A15A16ACB23A","net10","hmail_perf_pair_net10_20260831_213833","C:\hmail-perf-pair-100k-20260901\net10\Data","EBBF2395E8933C7BACE46AD51D451033745819B4B168934194C43B3B5121FAED","100","15","one TCP client and one sequential IMAP session per sample","0","PASS","E92ED927F40EA825DD551A4BA512B278123451CFAC76F908716AF84199904862","6FDC539CD1D13C7514886E7F7595F7A2A7107313E145AA44C7F0F223DA7B40B8","4","92","False","False","18321.259","Aktarma ba?lant?s?ndan veriler okunamad?: Ba?lan?lan uygun olarak belli bir s?re i?inde yan?t vermedi?inden veya kurulan
ba?lant? ba?lan?lan ana bilgisayar yan?t vermedi?inden bir ba?lant? kurulamad?.","False","0","False","False","0","False"
"5bd22377-9d1c-498f-825a-9cf230340a9e","MANIFEST_BOUND","hmail-perf-pair-100k-20260901","DE4DA2CDCDA01B1BE6D8C9BC98A377167205E940722D2BBCEE98A15A16ACB23A","net10","hmail_perf_pair_net10_20260831_213833","C:\hmail-perf-pair-100k-20260901\net10\Data","EBBF2395E8933C7BACE46AD51D451033745819B4B168934194C43B3B5121FAED","100","15","one TCP client and one sequential IMAP session per sample","0","PASS","E92ED927F40EA825DD551A4BA512B278123451CFAC76F908716AF84199904862","6FDC539CD1D13C7514886E7F7595F7A2A7107313E145AA44C7F0F223DA7B40B8","4","93","True","False","19574.082",,"True","100000","True","True","100000","True"
"5bd22377-9d1c-498f-825a-9cf230340a9e","MANIFEST_BOUND","hmail-perf-pair-100k-20260901","DE4DA2CDCDA01B1BE6D8C9BC98A377167205E940722D2BBCEE98A15A16ACB23A","net10","hmail_perf_pair_net10_20260831_213833","C:\hmail-perf-pair-100k-20260901\net10\Data","EBBF2395E8933C7BACE46AD51D451033745819B4B168934194C43B3B5121FAED","100","15","one TCP client and one sequential IMAP session per sample","0","PASS","E92ED927F40EA825DD551A4BA512B278123451CFAC76F908716AF84199904862","6FDC539CD1D13C7514886E7F7595F7A2A7107313E145AA44C7F0F223DA7B40B8","4","94","True","False","18778.678",,"True","100000","True","True","100000","True"
"5bd22377-9d1c-498f-825a-9cf230340a9e","MANIFEST_BOUND","hmail-perf-pair-100k-20260901","DE4DA2CDCDA01B1BE6D8C9BC98A377167205E940722D2BBCEE98A15A16ACB23A","net10","hmail_perf_pair_net10_20260831_213833","C:\hmail-perf-pair-100k-20260901\net10\Data","EBBF2395E8933C7BACE46AD51D451033745819B4B168934194C43B3B5121FAED","100","15","one TCP client and one sequential IMAP session per sample","0","PASS","E92ED927F40EA825DD551A4BA512B278123451CFAC76F908716AF84199904862","6FDC539CD1D13C7514886E7F7595F7A2A7107313E145AA44C7F0F223DA7B40B8","4","95","False","False","17525.081","Aktarma ba?lant?s?ndan veriler okunamad?: Ba?lan?lan uygun olarak belli bir s?re i?inde yan?t vermedi?inden veya kurulan
ba?lant? ba?lan?lan ana bilgisayar yan?t vermedi?inden bir ba?lant? kurulamad?.","False","0","False","False","0","False"
"5bd22377-9d1c-498f-825a-9cf230340a9e","MANIFEST_BOUND","hmail-perf-pair-100k-20260901","DE4DA2CDCDA01B1BE6D8C9BC98A377167205E940722D2BBCEE98A15A16ACB23A","net10","hmail_perf_pair_net10_20260831_213833","C:\hmail-perf-pair-100k-20260901\net10\Data","EBBF2395E8933C7BACE46AD51D451033745819B4B168934194C43B3B5121FAED","100","15","one TCP client and one sequential IMAP session per sample","0","PASS","E92ED927F40EA825DD551A4BA512B278123451CFAC76F908716AF84199904862","6FDC539CD1D13C7514886E7F7595F7A2A7107313E145AA44C7F0F223DA7B40B8","4","96","True","False","15435.6",,"True","100000","True","True","100000","True"
"5bd22377-9d1c-498f-825a-9cf230340a9e","MANIFEST_BOUND","hmail-perf-pair-100k-20260901","DE4DA2CDCDA01B1BE6D8C9BC98A377167205E940722D2BBCEE98A15A16ACB23A","net10","hmail_perf_pair_net10_20260831_213833","C:\hmail-perf-pair-100k-20260901\net10\Data","EBBF2395E8933C7BACE46AD51D451033745819B4B168934194C43B3B5121FAED","100","15","one TCP client and one sequential IMAP session per sample","0","PASS","E92ED927F40EA825DD551A4BA512B278123451CFAC76F908716AF84199904862","6FDC539CD1D13C7514886E7F7595F7A2A7107313E145AA44C7F0F223DA7B40B8","4","97","True","False","18827.013",,"True","100000","True","True","100000","True"
"5bd22377-9d1c-498f-825a-9cf230340a9e","MANIFEST_BOUND","hmail-perf-pair-100k-20260901","DE4DA2CDCDA01B1BE6D8C9BC98A377167205E940722D2BBCEE98A15A16ACB23A","net10","hmail_perf_pair_net10_20260831_213833","C:\hmail-perf-pair-100k-20260901\net10\Data","EBBF2395E8933C7BACE46AD51D451033745819B4B168934194C43B3B5121FAED","100","15","one TCP client and one sequential IMAP session per sample","0","PASS","E92ED927F40EA825DD551A4BA512B278123451CFAC76F908716AF84199904862","6FDC539CD1D13C7514886E7F7595F7A2A7107313E145AA44C7F0F223DA7B40B8","4","98","True","False","19136.73",,"True","100000","True","True","100000","True"
"5bd22377-9d1c-498f-825a-9cf230340a9e","MANIFEST_BOUND","hmail-perf-pair-100k-20260901","DE4DA2CDCDA01B1BE6D8C9BC98A377167205E940722D2BBCEE98A15A16ACB23A","net10","hmail_perf_pair_net10_20260831_213833","C:\hmail-perf-pair-100k-20260901\net10\Data","EBBF2395E8933C7BACE46AD51D451033745819B4B168934194C43B3B5121FAED","100","15","one TCP client and one sequential IMAP session per sample","0","PASS","E92ED927F40EA825DD551A4BA512B278123451CFAC76F908716AF84199904862","6FDC539CD1D13C7514886E7F7595F7A2A7107313E145AA44C7F0F223DA7B40B8","4","99","True","False","16733.409",,"True","100000","True","True","100000","True"
"5bd22377-9d1c-498f-825a-9cf230340a9e","MANIFEST_BOUND","hmail-perf-pair-100k-20260901","DE4DA2CDCDA01B1BE6D8C9BC98A377167205E940722D2BBCEE98A15A16ACB23A","net10","hmail_perf_pair_net10_20260831_213833","C:\hmail-perf-pair-100k-20260901\net10\Data","EBBF2395E8933C7BACE46AD51D451033745819B4B168934194C43B3B5121FAED","100","15","one TCP client and one sequential IMAP session per sample","0","PASS","E92ED927F40EA825DD551A4BA512B278123451CFAC76F908716AF84199904862","6FDC539CD1D13C7514886E7F7595F7A2A7107313E145AA44C7F0F223DA7B40B8","4","100","False","False","17009.41","Aktarma ba?lant?s?ndan veriler okunamad?: Ba?lan?lan uygun olarak belli bir s?re i?inde yan?t vermedi?inden veya kurulan
ba?lant? ba?lan?lan ana bilgisayar yan?t vermedi?inden bir ba?lant? kurulamad?.","False","0","False","False","0","False"
"5bd22377-9d1c-498f-825a-9cf230340a9e","MANIFEST_BOUND","hmail-perf-pair-100k-20260901","DE4DA2CDCDA01B1BE6D8C9BC98A377167205E940722D2BBCEE98A15A16ACB23A","net10","hmail_perf_pair_net10_20260831_213833","C:\hmail-perf-pair-100k-20260901\net10\Data","EBBF2395E8933C7BACE46AD51D451033745819B4B168934194C43B3B5121FAED","100","15","one TCP client and one sequential IMAP session per sample","0","PASS","E92ED927F40EA825DD551A4BA512B278123451CFAC76F908716AF84199904862","6FDC539CD1D13C7514886E7F7595F7A2A7107313E145AA44C7F0F223DA7B40B8","5","1","True","False","15768.173",,"True","100000","True","True","100000","True"
"5bd22377-9d1c-498f-825a-9cf230340a9e","MANIFEST_BOUND","hmail-perf-pair-100k-20260901","DE4DA2CDCDA01B1BE6D8C9BC98A377167205E940722D2BBCEE98A15A16ACB23A","net10","hmail_perf_pair_net10_20260831_213833","C:\hmail-perf-pair-100k-20260901\net10\Data","EBBF2395E8933C7BACE46AD51D451033745819B4B168934194C43B3B5121FAED","100","15","one TCP client and one sequential IMAP session per sample","0","PASS","E92ED927F40EA825DD551A4BA512B278123451CFAC76F908716AF84199904862","6FDC539CD1D13C7514886E7F7595F7A2A7107313E145AA44C7F0F223DA7B40B8","5","2","True","False","19826.271",,"True","100000","True","True","100000","True"
"5bd22377-9d1c-498f-825a-9cf230340a9e","MANIFEST_BOUND","hmail-perf-pair-100k-20260901","DE4DA2CDCDA01B1BE6D8C9BC98A377167205E940722D2BBCEE98A15A16ACB23A","net10","hmail_perf_pair_net10_20260831_213833","C:\hmail-perf-pair-100k-20260901\net10\Data","EBBF2395E8933C7BACE46AD51D451033745819B4B168934194C43B3B5121FAED","100","15","one TCP client and one sequential IMAP session per sample","0","PASS","E92ED927F40EA825DD551A4BA512B278123451CFAC76F908716AF84199904862","6FDC539CD1D13C7514886E7F7595F7A2A7107313E145AA44C7F0F223DA7B40B8","5","3","True","False","15444.071",,"True","100000","True","True","100000","True"
"5bd22377-9d1c-498f-825a-9cf230340a9e","MANIFEST_BOUND","hmail-perf-pair-100k-20260901","DE4DA2CDCDA01B1BE6D8C9BC98A377167205E940722D2BBCEE98A15A16ACB23A","net10","hmail_perf_pair_net10_20260831_213833","C:\hmail-perf-pair-100k-20260901\net10\Data","EBBF2395E8933C7BACE46AD51D451033745819B4B168934194C43B3B5121FAED","100","15","one TCP client and one sequential IMAP session per sample","0","PASS","E92ED927F40EA825DD551A4BA512B278123451CFAC76F908716AF84199904862","6FDC539CD1D13C7514886E7F7595F7A2A7107313E145AA44C7F0F223DA7B40B8","5","4","True","False","17362.345",,"True","100000","True","True","100000","True"
"5bd22377-9d1c-498f-825a-9cf230340a9e","MANIFEST_BOUND","hmail-perf-pair-100k-20260901","DE4DA2CDCDA01B1BE6D8C9BC98A377167205E940722D2BBCEE98A15A16ACB23A","net10","hmail_perf_pair_net10_20260831_213833","C:\hmail-perf-pair-100k-20260901\net10\Data","EBBF2395E8933C7BACE46AD51D451033745819B4B168934194C43B3B5121FAED","100","15","one TCP client and one sequential IMAP session per sample","0","PASS","E92ED927F40EA825DD551A4BA512B278123451CFAC76F908716AF84199904862","6FDC539CD1D13C7514886E7F7595F7A2A7107313E145AA44C7F0F223DA7B40B8","5","5","True","False","15424.627",,"True","100000","True","True","100000","True"
"5bd22377-9d1c-498f-825a-9cf230340a9e","MANIFEST_BOUND","hmail-perf-pair-100k-20260901","DE4DA2CDCDA01B1BE6D8C9BC98A377167205E940722D2BBCEE98A15A16ACB23A","net10","hmail_perf_pair_net10_20260831_213833","C:\hmail-perf-pair-100k-20260901\net10\Data","EBBF2395E8933C7BACE46AD51D451033745819B4B168934194C43B3B5121FAED","100","15","one TCP client and one sequential IMAP session per sample","0","PASS","E92ED927F40EA825DD551A4BA512B278123451CFAC76F908716AF84199904862","6FDC539CD1D13C7514886E7F7595F7A2A7107313E145AA44C7F0F223DA7B40B8","5","6","True","False","19575.414",,"True","100000","True","True","100000","True"
"5bd22377-9d1c-498f-825a-9cf230340a9e","MANIFEST_BOUND","hmail-perf-pair-100k-20260901","DE4DA2CDCDA01B1BE6D8C9BC98A377167205E940722D2BBCEE98A15A16ACB23A","net10","hmail_perf_pair_net10_20260831_213833","C:\hmail-perf-pair-100k-20260901\net10\Data","EBBF2395E8933C7BACE46AD51D451033745819B4B168934194C43B3B5121FAED","100","15","one TCP client and one sequential IMAP session per sample","0","PASS","E92ED927F40EA825DD551A4BA512B278123451CFAC76F908716AF84199904862","6FDC539CD1D13C7514886E7F7595F7A2A7107313E145AA44C7F0F223DA7B40B8","5","7","True","False","19699.487",,"True","100000","True","True","100000","True"
"5bd22377-9d1c-498f-825a-9cf230340a9e","MANIFEST_BOUND","hmail-perf-pair-100k-20260901","DE4DA2CDCDA01B1BE6D8C9BC98A377167205E940722D2BBCEE98A15A16ACB23A","net10","hmail_perf_pair_net10_20260831_213833","C:\hmail-perf-pair-100k-20260901\net10\Data","EBBF2395E8933C7BACE46AD51D451033745819B4B168934194C43B3B5121FAED","100","15","one TCP client and one sequential IMAP session per sample","0","PASS","E92ED927F40EA825DD551A4BA512B278123451CFAC76F908716AF84199904862","6FDC539CD1D13C7514886E7F7595F7A2A7107313E145AA44C7F0F223DA7B40B8","5","8","True","False","19503.838",,"True","100000","True","True","100000","True"
"5bd22377-9d1c-498f-825a-9cf230340a9e","MANIFEST_BOUND","hmail-perf-pair-100k-20260901","DE4DA2CDCDA01B1BE6D8C9BC98A377167205E940722D2BBCEE98A15A16ACB23A","net10","hmail_perf_pair_net10_20260831_213833","C:\hmail-perf-pair-100k-20260901\net10\Data","EBBF2395E8933C7BACE46AD51D451033745819B4B168934194C43B3B5121FAED","100","15","one TCP client and one sequential IMAP session per sample","0","PASS","E92ED927F40EA825DD551A4BA512B278123451CFAC76F908716AF84199904862","6FDC539CD1D13C7514886E7F7595F7A2A7107313E145AA44C7F0F223DA7B40B8","5","9","True","False","18868.029",,"True","100000","True","True","100000","True"
"5bd22377-9d1c-498f-825a-9cf230340a9e","MANIFEST_BOUND","hmail-perf-pair-100k-20260901","DE4DA2CDCDA01B1BE6D8C9BC98A377167205E940722D2BBCEE98A15A16ACB23A","net10","hmail_perf_pair_net10_20260831_213833","C:\hmail-perf-pair-100k-20260901\net10\Data","EBBF2395E8933C7BACE46AD51D451033745819B4B168934194C43B3B5121FAED","100","15","one TCP client and one sequential IMAP session per sample","0","PASS","E92ED927F40EA825DD551A4BA512B278123451CFAC76F908716AF84199904862","6FDC539CD1D13C7514886E7F7595F7A2A7107313E145AA44C7F0F223DA7B40B8","5","10","True","False","20040.73",,"True","100000","True","True","100000","True"
"5bd22377-9d1c-498f-825a-9cf230340a9e","MANIFEST_BOUND","hmail-perf-pair-100k-20260901","DE4DA2CDCDA01B1BE6D8C9BC98A377167205E940722D2BBCEE98A15A16ACB23A","net10","hmail_perf_pair_net10_20260831_213833","C:\hmail-perf-pair-100k-20260901\net10\Data","EBBF2395E8933C7BACE46AD51D451033745819B4B168934194C43B3B5121FAED","100","15","one TCP client and one sequential IMAP session per sample","0","PASS","E92ED927F40EA825DD551A4BA512B278123451CFAC76F908716AF84199904862","6FDC539CD1D13C7514886E7F7595F7A2A7107313E145AA44C7F0F223DA7B40B8","5","11","True","False","14742.526",,"True","100000","True","True","100000","True"
"5bd22377-9d1c-498f-825a-9cf230340a9e","MANIFEST_BOUND","hmail-perf-pair-100k-20260901","DE4DA2CDCDA01B1BE6D8C9BC98A377167205E940722D2BBCEE98A15A16ACB23A","net10","hmail_perf_pair_net10_20260831_213833","C:\hmail-perf-pair-100k-20260901\net10\Data","EBBF2395E8933C7BACE46AD51D451033745819B4B168934194C43B3B5121FAED","100","15","one TCP client and one sequential IMAP session per sample","0","PASS","E92ED927F40EA825DD551A4BA512B278123451CFAC76F908716AF84199904862","6FDC539CD1D13C7514886E7F7595F7A2A7107313E145AA44C7F0F223DA7B40B8","5","12","False","False","17487.486","Aktarma ba?lant?s?ndan veriler okunamad?: Ba?lan?lan uygun olarak belli bir s?re i?inde yan?t vermedi?inden veya kurulan
ba?lant? ba?lan?lan ana bilgisayar yan?t vermedi?inden bir ba?lant? kurulamad?.","False","0","False","False","0","False"
"5bd22377-9d1c-498f-825a-9cf230340a9e","MANIFEST_BOUND","hmail-perf-pair-100k-20260901","DE4DA2CDCDA01B1BE6D8C9BC98A377167205E940722D2BBCEE98A15A16ACB23A","net10","hmail_perf_pair_net10_20260831_213833","C:\hmail-perf-pair-100k-20260901\net10\Data","EBBF2395E8933C7BACE46AD51D451033745819B4B168934194C43B3B5121FAED","100","15","one TCP client and one sequential IMAP session per sample","0","PASS","E92ED927F40EA825DD551A4BA512B278123451CFAC76F908716AF84199904862","6FDC539CD1D13C7514886E7F7595F7A2A7107313E145AA44C7F0F223DA7B40B8","5","13","False","False","17436.918","Aktarma ba?lant?s?ndan veriler okunamad?: Ba?lan?lan uygun olarak belli bir s?re i?inde yan?t vermedi?inden veya kurulan
ba?lant? ba?lan?lan ana bilgisayar yan?t vermedi?inden bir ba?lant? kurulamad?.","False","0","False","False","0","False"
"5bd22377-9d1c-498f-825a-9cf230340a9e","MANIFEST_BOUND","hmail-perf-pair-100k-20260901","DE4DA2CDCDA01B1BE6D8C9BC98A377167205E940722D2BBCEE98A15A16ACB23A","net10","hmail_perf_pair_net10_20260831_213833","C:\hmail-perf-pair-100k-20260901\net10\Data","EBBF2395E8933C7BACE46AD51D451033745819B4B168934194C43B3B5121FAED","100","15","one TCP client and one sequential IMAP session per sample","0","PASS","E92ED927F40EA825DD551A4BA512B278123451CFAC76F908716AF84199904862","6FDC539CD1D13C7514886E7F7595F7A2A7107313E145AA44C7F0F223DA7B40B8","5","14","False","False","18941.137","Aktarma ba?lant?s?ndan veriler okunamad?: Ba?lan?lan uygun olarak belli bir s?re i?inde yan?t vermedi?inden veya kurulan
ba?lant? ba?lan?lan ana bilgisayar yan?t vermedi?inden bir ba?lant? kurulamad?.","False","0","False","False","0","False"
"5bd22377-9d1c-498f-825a-9cf230340a9e","MANIFEST_BOUND","hmail-perf-pair-100k-20260901","DE4DA2CDCDA01B1BE6D8C9BC98A377167205E940722D2BBCEE98A15A16ACB23A","net10","hmail_perf_pair_net10_20260831_213833","C:\hmail-perf-pair-100k-20260901\net10\Data","EBBF2395E8933C7BACE46AD51D451033745819B4B168934194C43B3B5121FAED","100","15","one TCP client and one sequential IMAP session per sample","0","PASS","E92ED927F40EA825DD551A4BA512B278123451CFAC76F908716AF84199904862","6FDC539CD1D13C7514886E7F7595F7A2A7107313E145AA44C7F0F223DA7B40B8","5","15","True","False","19498.746",,"True","100000","True","True","100000","True"
"5bd22377-9d1c-498f-825a-9cf230340a9e","MANIFEST_BOUND","hmail-perf-pair-100k-20260901","DE4DA2CDCDA01B1BE6D8C9BC98A377167205E940722D2BBCEE98A15A16ACB23A","net10","hmail_perf_pair_net10_20260831_213833","C:\hmail-perf-pair-100k-20260901\net10\Data","EBBF2395E8933C7BACE46AD51D451033745819B4B168934194C43B3B5121FAED","100","15","one TCP client and one sequential IMAP session per sample","0","PASS","E92ED927F40EA825DD551A4BA512B278123451CFAC76F908716AF84199904862","6FDC539CD1D13C7514886E7F7595F7A2A7107313E145AA44C7F0F223DA7B40B8","5","16","True","False","15578.164",,"True","100000","True","True","100000","True"
"5bd22377-9d1c-498f-825a-9cf230340a9e","MANIFEST_BOUND","hmail-perf-pair-100k-20260901","DE4DA2CDCDA01B1BE6D8C9BC98A377167205E940722D2BBCEE98A15A16ACB23A","net10","hmail_perf_pair_net10_20260831_213833","C:\hmail-perf-pair-100k-20260901\net10\Data","EBBF2395E8933C7BACE46AD51D451033745819B4B168934194C43B3B5121FAED","100","15","one TCP client and one sequential IMAP session per sample","0","PASS","E92ED927F40EA825DD551A4BA512B278123451CFAC76F908716AF84199904862","6FDC539CD1D13C7514886E7F7595F7A2A7107313E145AA44C7F0F223DA7B40B8","5","17","True","False","19882.975",,"True","100000","True","True","100000","True"
"5bd22377-9d1c-498f-825a-9cf230340a9e","MANIFEST_BOUND","hmail-perf-pair-100k-20260901","DE4DA2CDCDA01B1BE6D8C9BC98A377167205E940722D2BBCEE98A15A16ACB23A","net10","hmail_perf_pair_net10_20260831_213833","C:\hmail-perf-pair-100k-20260901\net10\Data","EBBF2395E8933C7BACE46AD51D451033745819B4B168934194C43B3B5121FAED","100","15","one TCP client and one sequential IMAP session per sample","0","PASS","E92ED927F40EA825DD551A4BA512B278123451CFAC76F908716AF84199904862","6FDC539CD1D13C7514886E7F7595F7A2A7107313E145AA44C7F0F223DA7B40B8","5","18","False","False","16062.485","Aktarma ba?lant?s?ndan veriler okunamad?: Ba?lan?lan uygun olarak belli bir s?re i?inde yan?t vermedi?inden veya kurulan
ba?lant? ba?lan?lan ana bilgisayar yan?t vermedi?inden bir ba?lant? kurulamad?.","False","0","False","False","0","False"
"5bd22377-9d1c-498f-825a-9cf230340a9e","MANIFEST_BOUND","hmail-perf-pair-100k-20260901","DE4DA2CDCDA01B1BE6D8C9BC98A377167205E940722D2BBCEE98A15A16ACB23A","net10","hmail_perf_pair_net10_20260831_213833","C:\hmail-perf-pair-100k-20260901\net10\Data","EBBF2395E8933C7BACE46AD51D451033745819B4B168934194C43B3B5121FAED","100","15","one TCP client and one sequential IMAP session per sample","0","PASS","E92ED927F40EA825DD551A4BA512B278123451CFAC76F908716AF84199904862","6FDC539CD1D13C7514886E7F7595F7A2A7107313E145AA44C7F0F223DA7B40B8","5","19","True","False","16551.129",,"True","100000","True","True","100000","True"
"5bd22377-9d1c-498f-825a-9cf230340a9e","MANIFEST_BOUND","hmail-perf-pair-100k-20260901","DE4DA2CDCDA01B1BE6D8C9BC98A377167205E940722D2BBCEE98A15A16ACB23A","net10","hmail_perf_pair_net10_20260831_213833","C:\hmail-perf-pair-100k-20260901\net10\Data","EBBF2395E8933C7BACE46AD51D451033745819B4B168934194C43B3B5121FAED","100","15","one TCP client and one sequential IMAP session per sample","0","PASS","E92ED927F40EA825DD551A4BA512B278123451CFAC76F908716AF84199904862","6FDC539CD1D13C7514886E7F7595F7A2A7107313E145AA44C7F0F223DA7B40B8","5","20","True","False","16116.929",,"True","100000","True","True","100000","True"
"5bd22377-9d1c-498f-825a-9cf230340a9e","MANIFEST_BOUND","hmail-perf-pair-100k-20260901","DE4DA2CDCDA01B1BE6D8C9BC98A377167205E940722D2BBCEE98A15A16ACB23A","net10","hmail_perf_pair_net10_20260831_213833","C:\hmail-perf-pair-100k-20260901\net10\Data","EBBF2395E8933C7BACE46AD51D451033745819B4B168934194C43B3B5121FAED","100","15","one TCP client and one sequential IMAP session per sample","0","PASS","E92ED927F40EA825DD551A4BA512B278123451CFAC76F908716AF84199904862","6FDC539CD1D13C7514886E7F7595F7A2A7107313E145AA44C7F0F223DA7B40B8","5","21","True","False","17510.736",,"True","100000","True","True","100000","True"
"5bd22377-9d1c-498f-825a-9cf230340a9e","MANIFEST_BOUND","hmail-perf-pair-100k-20260901","DE4DA2CDCDA01B1BE6D8C9BC98A377167205E940722D2BBCEE98A15A16ACB23A","net10","hmail_perf_pair_net10_20260831_213833","C:\hmail-perf-pair-100k-20260901\net10\Data","EBBF2395E8933C7BACE46AD51D451033745819B4B168934194C43B3B5121FAED","100","15","one TCP client and one sequential IMAP session per sample","0","PASS","E92ED927F40EA825DD551A4BA512B278123451CFAC76F908716AF84199904862","6FDC539CD1D13C7514886E7F7595F7A2A7107313E145AA44C7F0F223DA7B40B8","5","22","False","False","14390.871","Aktarma ba?lant?s?ndan veriler okunamad?: Ba?lan?lan uygun olarak belli bir s?re i?inde yan?t vermedi?inden veya kurulan
ba?lant? ba?lan?lan ana bilgisayar yan?t vermedi?inden bir ba?lant? kurulamad?.","False","0","False","False","0","False"
"5bd22377-9d1c-498f-825a-9cf230340a9e","MANIFEST_BOUND","hmail-perf-pair-100k-20260901","DE4DA2CDCDA01B1BE6D8C9BC98A377167205E940722D2BBCEE98A15A16ACB23A","net10","hmail_perf_pair_net10_20260831_213833","C:\hmail-perf-pair-100k-20260901\net10\Data","EBBF2395E8933C7BACE46AD51D451033745819B4B168934194C43B3B5121FAED","100","15","one TCP client and one sequential IMAP session per sample","0","PASS","E92ED927F40EA825DD551A4BA512B278123451CFAC76F908716AF84199904862","6FDC539CD1D13C7514886E7F7595F7A2A7107313E145AA44C7F0F223DA7B40B8","5","23","True","False","13517.542",,"True","100000","True","True","100000","True"
"5bd22377-9d1c-498f-825a-9cf230340a9e","MANIFEST_BOUND","hmail-perf-pair-100k-20260901","DE4DA2CDCDA01B1BE6D8C9BC98A377167205E940722D2BBCEE98A15A16ACB23A","net10","hmail_perf_pair_net10_20260831_213833","C:\hmail-perf-pair-100k-20260901\net10\Data","EBBF2395E8933C7BACE46AD51D451033745819B4B168934194C43B3B5121FAED","100","15","one TCP client and one sequential IMAP session per sample","0","PASS","E92ED927F40EA825DD551A4BA512B278123451CFAC76F908716AF84199904862","6FDC539CD1D13C7514886E7F7595F7A2A7107313E145AA44C7F0F223DA7B40B8","5","24","True","False","18490.493",,"True","100000","True","True","100000","True"
"5bd22377-9d1c-498f-825a-9cf230340a9e","MANIFEST_BOUND","hmail-perf-pair-100k-20260901","DE4DA2CDCDA01B1BE6D8C9BC98A377167205E940722D2BBCEE98A15A16ACB23A","net10","hmail_perf_pair_net10_20260831_213833","C:\hmail-perf-pair-100k-20260901\net10\Data","EBBF2395E8933C7BACE46AD51D451033745819B4B168934194C43B3B5121FAED","100","15","one TCP client and one sequential IMAP session per sample","0","PASS","E92ED927F40EA825DD551A4BA512B278123451CFAC76F908716AF84199904862","6FDC539CD1D13C7514886E7F7595F7A2A7107313E145AA44C7F0F223DA7B40B8","5","25","True","False","17142.429",,"True","100000","True","True","100000","True"
"5bd22377-9d1c-498f-825a-9cf230340a9e","MANIFEST_BOUND","hmail-perf-pair-100k-20260901","DE4DA2CDCDA01B1BE6D8C9BC98A377167205E940722D2BBCEE98A15A16ACB23A","net10","hmail_perf_pair_net10_20260831_213833","C:\hmail-perf-pair-100k-20260901\net10\Data","EBBF2395E8933C7BACE46AD51D451033745819B4B168934194C43B3B5121FAED","100","15","one TCP client and one sequential IMAP session per sample","0","PASS","E92ED927F40EA825DD551A4BA512B278123451CFAC76F908716AF84199904862","6FDC539CD1D13C7514886E7F7595F7A2A7107313E145AA44C7F0F223DA7B40B8","5","26","False","False","18566.274","Aktarma ba?lant?s?ndan veriler okunamad?: Ba?lan?lan uygun olarak belli bir s?re i?inde yan?t vermedi?inden veya kurulan
ba?lant? ba?lan?lan ana bilgisayar yan?t vermedi?inden bir ba?lant? kurulamad?.","False","0","False","False","0","False"
"5bd22377-9d1c-498f-825a-9cf230340a9e","MANIFEST_BOUND","hmail-perf-pair-100k-20260901","DE4DA2CDCDA01B1BE6D8C9BC98A377167205E940722D2BBCEE98A15A16ACB23A","net10","hmail_perf_pair_net10_20260831_213833","C:\hmail-perf-pair-100k-20260901\net10\Data","EBBF2395E8933C7BACE46AD51D451033745819B4B168934194C43B3B5121FAED","100","15","one TCP client and one sequential IMAP session per sample","0","PASS","E92ED927F40EA825DD551A4BA512B278123451CFAC76F908716AF84199904862","6FDC539CD1D13C7514886E7F7595F7A2A7107313E145AA44C7F0F223DA7B40B8","5","27","True","False","13745.928",,"True","100000","True","True","100000","True"
"5bd22377-9d1c-498f-825a-9cf230340a9e","MANIFEST_BOUND","hmail-perf-pair-100k-20260901","DE4DA2CDCDA01B1BE6D8C9BC98A377167205E940722D2BBCEE98A15A16ACB23A","net10","hmail_perf_pair_net10_20260831_213833","C:\hmail-perf-pair-100k-20260901\net10\Data","EBBF2395E8933C7BACE46AD51D451033745819B4B168934194C43B3B5121FAED","100","15","one TCP client and one sequential IMAP session per sample","0","PASS","E92ED927F40EA825DD551A4BA512B278123451CFAC76F908716AF84199904862","6FDC539CD1D13C7514886E7F7595F7A2A7107313E145AA44C7F0F223DA7B40B8","5","28","True","False","18374.636",,"True","100000","True","True","100000","True"
"5bd22377-9d1c-498f-825a-9cf230340a9e","MANIFEST_BOUND","hmail-perf-pair-100k-20260901","DE4DA2CDCDA01B1BE6D8C9BC98A377167205E940722D2BBCEE98A15A16ACB23A","net10","hmail_perf_pair_net10_20260831_213833","C:\hmail-perf-pair-100k-20260901\net10\Data","EBBF2395E8933C7BACE46AD51D451033745819B4B168934194C43B3B5121FAED","100","15","one TCP client and one sequential IMAP session per sample","0","PASS","E92ED927F40EA825DD551A4BA512B278123451CFAC76F908716AF84199904862","6FDC539CD1D13C7514886E7F7595F7A2A7107313E145AA44C7F0F223DA7B40B8","5","29","True","False","19681.399",,"True","100000","True","True","100000","True"
"5bd22377-9d1c-498f-825a-9cf230340a9e","MANIFEST_BOUND","hmail-perf-pair-100k-20260901","DE4DA2CDCDA01B1BE6D8C9BC98A377167205E940722D2BBCEE98A15A16ACB23A","net10","hmail_perf_pair_net10_20260831_213833","C:\hmail-perf-pair-100k-20260901\net10\Data","EBBF2395E8933C7BACE46AD51D451033745819B4B168934194C43B3B5121FAED","100","15","one TCP client and one sequential IMAP session per sample","0","PASS","E92ED927F40EA825DD551A4BA512B278123451CFAC76F908716AF84199904862","6FDC539CD1D13C7514886E7F7595F7A2A7107313E145AA44C7F0F223DA7B40B8","5","30","True","False","18440.605",,"True","100000","True","True","100000","True"
"5bd22377-9d1c-498f-825a-9cf230340a9e","MANIFEST_BOUND","hmail-perf-pair-100k-20260901","DE4DA2CDCDA01B1BE6D8C9BC98A377167205E940722D2BBCEE98A15A16ACB23A","net10","hmail_perf_pair_net10_20260831_213833","C:\hmail-perf-pair-100k-20260901\net10\Data","EBBF2395E8933C7BACE46AD51D451033745819B4B168934194C43B3B5121FAED","100","15","one TCP client and one sequential IMAP session per sample","0","PASS","E92ED927F40EA825DD551A4BA512B278123451CFAC76F908716AF84199904862","6FDC539CD1D13C7514886E7F7595F7A2A7107313E145AA44C7F0F223DA7B40B8","5","31","False","False","17561.044","Aktarma ba?lant?s?ndan veriler okunamad?: Ba?lan?lan uygun olarak belli bir s?re i?inde yan?t vermedi?inden veya kurulan
ba?lant? ba?lan?lan ana bilgisayar yan?t vermedi?inden bir ba?lant? kurulamad?.","False","0","False","False","0","False"
"5bd22377-9d1c-498f-825a-9cf230340a9e","MANIFEST_BOUND","hmail-perf-pair-100k-20260901","DE4DA2CDCDA01B1BE6D8C9BC98A377167205E940722D2BBCEE98A15A16ACB23A","net10","hmail_perf_pair_net10_20260831_213833","C:\hmail-perf-pair-100k-20260901\net10\Data","EBBF2395E8933C7BACE46AD51D451033745819B4B168934194C43B3B5121FAED","100","15","one TCP client and one sequential IMAP session per sample","0","PASS","E92ED927F40EA825DD551A4BA512B278123451CFAC76F908716AF84199904862","6FDC539CD1D13C7514886E7F7595F7A2A7107313E145AA44C7F0F223DA7B40B8","5","32","False","False","17077.528","Aktarma ba?lant?s?ndan veriler okunamad?: Ba?lan?lan uygun olarak belli bir s?re i?inde yan?t vermedi?inden veya kurulan
ba?lant? ba?lan?lan ana bilgisayar yan?t vermedi?inden bir ba?lant? kurulamad?.","False","0","False","False","0","False"
"5bd22377-9d1c-498f-825a-9cf230340a9e","MANIFEST_BOUND","hmail-perf-pair-100k-20260901","DE4DA2CDCDA01B1BE6D8C9BC98A377167205E940722D2BBCEE98A15A16ACB23A","net10","hmail_perf_pair_net10_20260831_213833","C:\hmail-perf-pair-100k-20260901\net10\Data","EBBF2395E8933C7BACE46AD51D451033745819B4B168934194C43B3B5121FAED","100","15","one TCP client and one sequential IMAP session per sample","0","PASS","E92ED927F40EA825DD551A4BA512B278123451CFAC76F908716AF84199904862","6FDC539CD1D13C7514886E7F7595F7A2A7107313E145AA44C7F0F223DA7B40B8","5","33","True","False","15915.631",,"True","100000","True","True","100000","True"
"5bd22377-9d1c-498f-825a-9cf230340a9e","MANIFEST_BOUND","hmail-perf-pair-100k-20260901","DE4DA2CDCDA01B1BE6D8C9BC98A377167205E940722D2BBCEE98A15A16ACB23A","net10","hmail_perf_pair_net10_20260831_213833","C:\hmail-perf-pair-100k-20260901\net10\Data","EBBF2395E8933C7BACE46AD51D451033745819B4B168934194C43B3B5121FAED","100","15","one TCP client and one sequential IMAP session per sample","0","PASS","E92ED927F40EA825DD551A4BA512B278123451CFAC76F908716AF84199904862","6FDC539CD1D13C7514886E7F7595F7A2A7107313E145AA44C7F0F223DA7B40B8","5","34","False","False","14656.339","Aktarma ba?lant?s?ndan veriler okunamad?: Ba?lan?lan uygun olarak belli bir s?re i?inde yan?t vermedi?inden veya kurulan
ba?lant? ba?lan?lan ana bilgisayar yan?t vermedi?inden bir ba?lant? kurulamad?.","False","0","False","False","0","False"
"5bd22377-9d1c-498f-825a-9cf230340a9e","MANIFEST_BOUND","hmail-perf-pair-100k-20260901","DE4DA2CDCDA01B1BE6D8C9BC98A377167205E940722D2BBCEE98A15A16ACB23A","net10","hmail_perf_pair_net10_20260831_213833","C:\hmail-perf-pair-100k-20260901\net10\Data","EBBF2395E8933C7BACE46AD51D451033745819B4B168934194C43B3B5121FAED","100","15","one TCP client and one sequential IMAP session per sample","0","PASS","E92ED927F40EA825DD551A4BA512B278123451CFAC76F908716AF84199904862","6FDC539CD1D13C7514886E7F7595F7A2A7107313E145AA44C7F0F223DA7B40B8","5","35","True","False","19009.407",,"True","100000","True","True","100000","True"
"5bd22377-9d1c-498f-825a-9cf230340a9e","MANIFEST_BOUND","hmail-perf-pair-100k-20260901","DE4DA2CDCDA01B1BE6D8C9BC98A377167205E940722D2BBCEE98A15A16ACB23A","net10","hmail_perf_pair_net10_20260831_213833","C:\hmail-perf-pair-100k-20260901\net10\Data","EBBF2395E8933C7BACE46AD51D451033745819B4B168934194C43B3B5121FAED","100","15","one TCP client and one sequential IMAP session per sample","0","PASS","E92ED927F40EA825DD551A4BA512B278123451CFAC76F908716AF84199904862","6FDC539CD1D13C7514886E7F7595F7A2A7107313E145AA44C7F0F223DA7B40B8","5","36","True","False","13952.443",,"True","100000","True","True","100000","True"
"5bd22377-9d1c-498f-825a-9cf230340a9e","MANIFEST_BOUND","hmail-perf-pair-100k-20260901","DE4DA2CDCDA01B1BE6D8C9BC98A377167205E940722D2BBCEE98A15A16ACB23A","net10","hmail_perf_pair_net10_20260831_213833","C:\hmail-perf-pair-100k-20260901\net10\Data","EBBF2395E8933C7BACE46AD51D451033745819B4B168934194C43B3B5121FAED","100","15","one TCP client and one sequential IMAP session per sample","0","PASS","E92ED927F40EA825DD551A4BA512B278123451CFAC76F908716AF84199904862","6FDC539CD1D13C7514886E7F7595F7A2A7107313E145AA44C7F0F223DA7B40B8","5","37","True","False","14827.221",,"True","100000","True","True","100000","True"
"5bd22377-9d1c-498f-825a-9cf230340a9e","MANIFEST_BOUND","hmail-perf-pair-100k-20260901","DE4DA2CDCDA01B1BE6D8C9BC98A377167205E940722D2BBCEE98A15A16ACB23A","net10","hmail_perf_pair_net10_20260831_213833","C:\hmail-perf-pair-100k-20260901\net10\Data","EBBF2395E8933C7BACE46AD51D451033745819B4B168934194C43B3B5121FAED","100","15","one TCP client and one sequential IMAP session per sample","0","PASS","E92ED927F40EA825DD551A4BA512B278123451CFAC76F908716AF84199904862","6FDC539CD1D13C7514886E7F7595F7A2A7107313E145AA44C7F0F223DA7B40B8","5","38","True","False","19099.735",,"True","100000","True","True","100000","True"
"5bd22377-9d1c-498f-825a-9cf230340a9e","MANIFEST_BOUND","hmail-perf-pair-100k-20260901","DE4DA2CDCDA01B1BE6D8C9BC98A377167205E940722D2BBCEE98A15A16ACB23A","net10","hmail_perf_pair_net10_20260831_213833","C:\hmail-perf-pair-100k-20260901\net10\Data","EBBF2395E8933C7BACE46AD51D451033745819B4B168934194C43B3B5121FAED","100","15","one TCP client and one sequential IMAP session per sample","0","PASS","E92ED927F40EA825DD551A4BA512B278123451CFAC76F908716AF84199904862","6FDC539CD1D13C7514886E7F7595F7A2A7107313E145AA44C7F0F223DA7B40B8","5","39","True","False","20033.718",,"True","100000","True","True","100000","True"
"5bd22377-9d1c-498f-825a-9cf230340a9e","MANIFEST_BOUND","hmail-perf-pair-100k-20260901","DE4DA2CDCDA01B1BE6D8C9BC98A377167205E940722D2BBCEE98A15A16ACB23A","net10","hmail_perf_pair_net10_20260831_213833","C:\hmail-perf-pair-100k-20260901\net10\Data","EBBF2395E8933C7BACE46AD51D451033745819B4B168934194C43B3B5121FAED","100","15","one TCP client and one sequential IMAP session per sample","0","PASS","E92ED927F40EA825DD551A4BA512B278123451CFAC76F908716AF84199904862","6FDC539CD1D13C7514886E7F7595F7A2A7107313E145AA44C7F0F223DA7B40B8","5","40","False","False","17638.882","Aktarma ba?lant?s?ndan veriler okunamad?: Ba?lan?lan uygun olarak belli bir s?re i?inde yan?t vermedi?inden veya kurulan
ba?lant? ba?lan?lan ana bilgisayar yan?t vermedi?inden bir ba?lant? kurulamad?.","False","0","False","False","0","False"
"5bd22377-9d1c-498f-825a-9cf230340a9e","MANIFEST_BOUND","hmail-perf-pair-100k-20260901","DE4DA2CDCDA01B1BE6D8C9BC98A377167205E940722D2BBCEE98A15A16ACB23A","net10","hmail_perf_pair_net10_20260831_213833","C:\hmail-perf-pair-100k-20260901\net10\Data","EBBF2395E8933C7BACE46AD51D451033745819B4B168934194C43B3B5121FAED","100","15","one TCP client and one sequential IMAP session per sample","0","PASS","E92ED927F40EA825DD551A4BA512B278123451CFAC76F908716AF84199904862","6FDC539CD1D13C7514886E7F7595F7A2A7107313E145AA44C7F0F223DA7B40B8","5","41","True","False","17190.397",,"True","100000","True","True","100000","True"
"5bd22377-9d1c-498f-825a-9cf230340a9e","MANIFEST_BOUND","hmail-perf-pair-100k-20260901","DE4DA2CDCDA01B1BE6D8C9BC98A377167205E940722D2BBCEE98A15A16ACB23A","net10","hmail_perf_pair_net10_20260831_213833","C:\hmail-perf-pair-100k-20260901\net10\Data","EBBF2395E8933C7BACE46AD51D451033745819B4B168934194C43B3B5121FAED","100","15","one TCP client and one sequential IMAP session per sample","0","PASS","E92ED927F40EA825DD551A4BA512B278123451CFAC76F908716AF84199904862","6FDC539CD1D13C7514886E7F7595F7A2A7107313E145AA44C7F0F223DA7B40B8","5","42","True","False","18267.291",,"True","100000","True","True","100000","True"
"5bd22377-9d1c-498f-825a-9cf230340a9e","MANIFEST_BOUND","hmail-perf-pair-100k-20260901","DE4DA2CDCDA01B1BE6D8C9BC98A377167205E940722D2BBCEE98A15A16ACB23A","net10","hmail_perf_pair_net10_20260831_213833","C:\hmail-perf-pair-100k-20260901\net10\Data","EBBF2395E8933C7BACE46AD51D451033745819B4B168934194C43B3B5121FAED","100","15","one TCP client and one sequential IMAP session per sample","0","PASS","E92ED927F40EA825DD551A4BA512B278123451CFAC76F908716AF84199904862","6FDC539CD1D13C7514886E7F7595F7A2A7107313E145AA44C7F0F223DA7B40B8","5","43","True","False","17304.405",,"True","100000","True","True","100000","True"
"5bd22377-9d1c-498f-825a-9cf230340a9e","MANIFEST_BOUND","hmail-perf-pair-100k-20260901","DE4DA2CDCDA01B1BE6D8C9BC98A377167205E940722D2BBCEE98A15A16ACB23A","net10","hmail_perf_pair_net10_20260831_213833","C:\hmail-perf-pair-100k-20260901\net10\Data","EBBF2395E8933C7BACE46AD51D451033745819B4B168934194C43B3B5121FAED","100","15","one TCP client and one sequential IMAP session per sample","0","PASS","E92ED927F40EA825DD551A4BA512B278123451CFAC76F908716AF84199904862","6FDC539CD1D13C7514886E7F7595F7A2A7107313E145AA44C7F0F223DA7B40B8","5","44","False","False","12595.518","Aktarma ba?lant?s?ndan veriler okunamad?: Ba?lan?lan uygun olarak belli bir s?re i?inde yan?t vermedi?inden veya kurulan
ba?lant? ba?lan?lan ana bilgisayar yan?t vermedi?inden bir ba?lant? kurulamad?.","False","0","False","False","0","False"
"5bd22377-9d1c-498f-825a-9cf230340a9e","MANIFEST_BOUND","hmail-perf-pair-100k-20260901","DE4DA2CDCDA01B1BE6D8C9BC98A377167205E940722D2BBCEE98A15A16ACB23A","net10","hmail_perf_pair_net10_20260831_213833","C:\hmail-perf-pair-100k-20260901\net10\Data","EBBF2395E8933C7BACE46AD51D451033745819B4B168934194C43B3B5121FAED","100","15","one TCP client and one sequential IMAP session per sample","0","PASS","E92ED927F40EA825DD551A4BA512B278123451CFAC76F908716AF84199904862","6FDC539CD1D13C7514886E7F7595F7A2A7107313E145AA44C7F0F223DA7B40B8","5","45","True","False","18012.5",,"True","100000","True","True","100000","True"
"5bd22377-9d1c-498f-825a-9cf230340a9e","MANIFEST_BOUND","hmail-perf-pair-100k-20260901","DE4DA2CDCDA01B1BE6D8C9BC98A377167205E940722D2BBCEE98A15A16ACB23A","net10","hmail_perf_pair_net10_20260831_213833","C:\hmail-perf-pair-100k-20260901\net10\Data","EBBF2395E8933C7BACE46AD51D451033745819B4B168934194C43B3B5121FAED","100","15","one TCP client and one sequential IMAP session per sample","0","PASS","E92ED927F40EA825DD551A4BA512B278123451CFAC76F908716AF84199904862","6FDC539CD1D13C7514886E7F7595F7A2A7107313E145AA44C7F0F223DA7B40B8","5","46","False","False","16688.927","Aktarma ba?lant?s?ndan veriler okunamad?: Ba?lan?lan uygun olarak belli bir s?re i?inde yan?t vermedi?inden veya kurulan
ba?lant? ba?lan?lan ana bilgisayar yan?t vermedi?inden bir ba?lant? kurulamad?.","False","0","False","False","0","False"
"5bd22377-9d1c-498f-825a-9cf230340a9e","MANIFEST_BOUND","hmail-perf-pair-100k-20260901","DE4DA2CDCDA01B1BE6D8C9BC98A377167205E940722D2BBCEE98A15A16ACB23A","net10","hmail_perf_pair_net10_20260831_213833","C:\hmail-perf-pair-100k-20260901\net10\Data","EBBF2395E8933C7BACE46AD51D451033745819B4B168934194C43B3B5121FAED","100","15","one TCP client and one sequential IMAP session per sample","0","PASS","E92ED927F40EA825DD551A4BA512B278123451CFAC76F908716AF84199904862","6FDC539CD1D13C7514886E7F7595F7A2A7107313E145AA44C7F0F223DA7B40B8","5","47","True","False","19496.38",,"True","100000","True","True","100000","True"
"5bd22377-9d1c-498f-825a-9cf230340a9e","MANIFEST_BOUND","hmail-perf-pair-100k-20260901","DE4DA2CDCDA01B1BE6D8C9BC98A377167205E940722D2BBCEE98A15A16ACB23A","net10","hmail_perf_pair_net10_20260831_213833","C:\hmail-perf-pair-100k-20260901\net10\Data","EBBF2395E8933C7BACE46AD51D451033745819B4B168934194C43B3B5121FAED","100","15","one TCP client and one sequential IMAP session per sample","0","PASS","E92ED927F40EA825DD551A4BA512B278123451CFAC76F908716AF84199904862","6FDC539CD1D13C7514886E7F7595F7A2A7107313E145AA44C7F0F223DA7B40B8","5","48","True","False","15252.307",,"True","100000","True","True","100000","True"
"5bd22377-9d1c-498f-825a-9cf230340a9e","MANIFEST_BOUND","hmail-perf-pair-100k-20260901","DE4DA2CDCDA01B1BE6D8C9BC98A377167205E940722D2BBCEE98A15A16ACB23A","net10","hmail_perf_pair_net10_20260831_213833","C:\hmail-perf-pair-100k-20260901\net10\Data","EBBF2395E8933C7BACE46AD51D451033745819B4B168934194C43B3B5121FAED","100","15","one TCP client and one sequential IMAP session per sample","0","PASS","E92ED927F40EA825DD551A4BA512B278123451CFAC76F908716AF84199904862","6FDC539CD1D13C7514886E7F7595F7A2A7107313E145AA44C7F0F223DA7B40B8","5","49","True","False","19883.616",,"True","100000","True","True","100000","True"
"5bd22377-9d1c-498f-825a-9cf230340a9e","MANIFEST_BOUND","hmail-perf-pair-100k-20260901","DE4DA2CDCDA01B1BE6D8C9BC98A377167205E940722D2BBCEE98A15A16ACB23A","net10","hmail_perf_pair_net10_20260831_213833","C:\hmail-perf-pair-100k-20260901\net10\Data","EBBF2395E8933C7BACE46AD51D451033745819B4B168934194C43B3B5121FAED","100","15","one TCP client and one sequential IMAP session per sample","0","PASS","E92ED927F40EA825DD551A4BA512B278123451CFAC76F908716AF84199904862","6FDC539CD1D13C7514886E7F7595F7A2A7107313E145AA44C7F0F223DA7B40B8","5","50","True","False","17102.67",,"True","100000","True","True","100000","True"
"5bd22377-9d1c-498f-825a-9cf230340a9e","MANIFEST_BOUND","hmail-perf-pair-100k-20260901","DE4DA2CDCDA01B1BE6D8C9BC98A377167205E940722D2BBCEE98A15A16ACB23A","net10","hmail_perf_pair_net10_20260831_213833","C:\hmail-perf-pair-100k-20260901\net10\Data","EBBF2395E8933C7BACE46AD51D451033745819B4B168934194C43B3B5121FAED","100","15","one TCP client and one sequential IMAP session per sample","0","PASS","E92ED927F40EA825DD551A4BA512B278123451CFAC76F908716AF84199904862","6FDC539CD1D13C7514886E7F7595F7A2A7107313E145AA44C7F0F223DA7B40B8","5","51","True","False","18731.201",,"True","100000","True","True","100000","True"
"5bd22377-9d1c-498f-825a-9cf230340a9e","MANIFEST_BOUND","hmail-perf-pair-100k-20260901","DE4DA2CDCDA01B1BE6D8C9BC98A377167205E940722D2BBCEE98A15A16ACB23A","net10","hmail_perf_pair_net10_20260831_213833","C:\hmail-perf-pair-100k-20260901\net10\Data","EBBF2395E8933C7BACE46AD51D451033745819B4B168934194C43B3B5121FAED","100","15","one TCP client and one sequential IMAP session per sample","0","PASS","E92ED927F40EA825DD551A4BA512B278123451CFAC76F908716AF84199904862","6FDC539CD1D13C7514886E7F7595F7A2A7107313E145AA44C7F0F223DA7B40B8","5","52","True","False","17072.145",,"True","100000","True","True","100000","True"
"5bd22377-9d1c-498f-825a-9cf230340a9e","MANIFEST_BOUND","hmail-perf-pair-100k-20260901","DE4DA2CDCDA01B1BE6D8C9BC98A377167205E940722D2BBCEE98A15A16ACB23A","net10","hmail_perf_pair_net10_20260831_213833","C:\hmail-perf-pair-100k-20260901\net10\Data","EBBF2395E8933C7BACE46AD51D451033745819B4B168934194C43B3B5121FAED","100","15","one TCP client and one sequential IMAP session per sample","0","PASS","E92ED927F40EA825DD551A4BA512B278123451CFAC76F908716AF84199904862","6FDC539CD1D13C7514886E7F7595F7A2A7107313E145AA44C7F0F223DA7B40B8","5","53","True","False","13952.225",,"True","100000","True","True","100000","True"
"5bd22377-9d1c-498f-825a-9cf230340a9e","MANIFEST_BOUND","hmail-perf-pair-100k-20260901","DE4DA2CDCDA01B1BE6D8C9BC98A377167205E940722D2BBCEE98A15A16ACB23A","net10","hmail_perf_pair_net10_20260831_213833","C:\hmail-perf-pair-100k-20260901\net10\Data","EBBF2395E8933C7BACE46AD51D451033745819B4B168934194C43B3B5121FAED","100","15","one TCP client and one sequential IMAP session per sample","0","PASS","E92ED927F40EA825DD551A4BA512B278123451CFAC76F908716AF84199904862","6FDC539CD1D13C7514886E7F7595F7A2A7107313E145AA44C7F0F223DA7B40B8","5","54","True","False","17756.943",,"True","100000","True","True","100000","True"
"5bd22377-9d1c-498f-825a-9cf230340a9e","MANIFEST_BOUND","hmail-perf-pair-100k-20260901","DE4DA2CDCDA01B1BE6D8C9BC98A377167205E940722D2BBCEE98A15A16ACB23A","net10","hmail_perf_pair_net10_20260831_213833","C:\hmail-perf-pair-100k-20260901\net10\Data","EBBF2395E8933C7BACE46AD51D451033745819B4B168934194C43B3B5121FAED","100","15","one TCP client and one sequential IMAP session per sample","0","PASS","E92ED927F40EA825DD551A4BA512B278123451CFAC76F908716AF84199904862","6FDC539CD1D13C7514886E7F7595F7A2A7107313E145AA44C7F0F223DA7B40B8","5","55","True","False","16330.42",,"True","100000","True","True","100000","True"
"5bd22377-9d1c-498f-825a-9cf230340a9e","MANIFEST_BOUND","hmail-perf-pair-100k-20260901","DE4DA2CDCDA01B1BE6D8C9BC98A377167205E940722D2BBCEE98A15A16ACB23A","net10","hmail_perf_pair_net10_20260831_213833","C:\hmail-perf-pair-100k-20260901\net10\Data","EBBF2395E8933C7BACE46AD51D451033745819B4B168934194C43B3B5121FAED","100","15","one TCP client and one sequential IMAP session per sample","0","PASS","E92ED927F40EA825DD551A4BA512B278123451CFAC76F908716AF84199904862","6FDC539CD1D13C7514886E7F7595F7A2A7107313E145AA44C7F0F223DA7B40B8","5","56","False","False","16983.678","Aktarma ba?lant?s?ndan veriler okunamad?: Ba?lan?lan uygun olarak belli bir s?re i?inde yan?t vermedi?inden veya kurulan
ba?lant? ba?lan?lan ana bilgisayar yan?t vermedi?inden bir ba?lant? kurulamad?.","False","0","False","False","0","False"
"5bd22377-9d1c-498f-825a-9cf230340a9e","MANIFEST_BOUND","hmail-perf-pair-100k-20260901","DE4DA2CDCDA01B1BE6D8C9BC98A377167205E940722D2BBCEE98A15A16ACB23A","net10","hmail_perf_pair_net10_20260831_213833","C:\hmail-perf-pair-100k-20260901\net10\Data","EBBF2395E8933C7BACE46AD51D451033745819B4B168934194C43B3B5121FAED","100","15","one TCP client and one sequential IMAP session per sample","0","PASS","E92ED927F40EA825DD551A4BA512B278123451CFAC76F908716AF84199904862","6FDC539CD1D13C7514886E7F7595F7A2A7107313E145AA44C7F0F223DA7B40B8","5","57","True","False","18605.415",,"True","100000","True","True","100000","True"
"5bd22377-9d1c-498f-825a-9cf230340a9e","MANIFEST_BOUND","hmail-perf-pair-100k-20260901","DE4DA2CDCDA01B1BE6D8C9BC98A377167205E940722D2BBCEE98A15A16ACB23A","net10","hmail_perf_pair_net10_20260831_213833","C:\hmail-perf-pair-100k-20260901\net10\Data","EBBF2395E8933C7BACE46AD51D451033745819B4B168934194C43B3B5121FAED","100","15","one TCP client and one sequential IMAP session per sample","0","PASS","E92ED927F40EA825DD551A4BA512B278123451CFAC76F908716AF84199904862","6FDC539CD1D13C7514886E7F7595F7A2A7107313E145AA44C7F0F223DA7B40B8","5","58","True","False","19115.42",,"True","100000","True","True","100000","True"
"5bd22377-9d1c-498f-825a-9cf230340a9e","MANIFEST_BOUND","hmail-perf-pair-100k-20260901","DE4DA2CDCDA01B1BE6D8C9BC98A377167205E940722D2BBCEE98A15A16ACB23A","net10","hmail_perf_pair_net10_20260831_213833","C:\hmail-perf-pair-100k-20260901\net10\Data","EBBF2395E8933C7BACE46AD51D451033745819B4B168934194C43B3B5121FAED","100","15","one TCP client and one sequential IMAP session per sample","0","PASS","E92ED927F40EA825DD551A4BA512B278123451CFAC76F908716AF84199904862","6FDC539CD1D13C7514886E7F7595F7A2A7107313E145AA44C7F0F223DA7B40B8","5","59","True","False","14477.391",,"True","100000","True","True","100000","True"
"5bd22377-9d1c-498f-825a-9cf230340a9e","MANIFEST_BOUND","hmail-perf-pair-100k-20260901","DE4DA2CDCDA01B1BE6D8C9BC98A377167205E940722D2BBCEE98A15A16ACB23A","net10","hmail_perf_pair_net10_20260831_213833","C:\hmail-perf-pair-100k-20260901\net10\Data","EBBF2395E8933C7BACE46AD51D451033745819B4B168934194C43B3B5121FAED","100","15","one TCP client and one sequential IMAP session per sample","0","PASS","E92ED927F40EA825DD551A4BA512B278123451CFAC76F908716AF84199904862","6FDC539CD1D13C7514886E7F7595F7A2A7107313E145AA44C7F0F223DA7B40B8","5","60","True","False","18260.802",,"True","100000","True","True","100000","True"
"5bd22377-9d1c-498f-825a-9cf230340a9e","MANIFEST_BOUND","hmail-perf-pair-100k-20260901","DE4DA2CDCDA01B1BE6D8C9BC98A377167205E940722D2BBCEE98A15A16ACB23A","net10","hmail_perf_pair_net10_20260831_213833","C:\hmail-perf-pair-100k-20260901\net10\Data","EBBF2395E8933C7BACE46AD51D451033745819B4B168934194C43B3B5121FAED","100","15","one TCP client and one sequential IMAP session per sample","0","PASS","E92ED927F40EA825DD551A4BA512B278123451CFAC76F908716AF84199904862","6FDC539CD1D13C7514886E7F7595F7A2A7107313E145AA44C7F0F223DA7B40B8","5","61","True","False","12535.002",,"True","100000","True","True","100000","True"
"5bd22377-9d1c-498f-825a-9cf230340a9e","MANIFEST_BOUND","hmail-perf-pair-100k-20260901","DE4DA2CDCDA01B1BE6D8C9BC98A377167205E940722D2BBCEE98A15A16ACB23A","net10","hmail_perf_pair_net10_20260831_213833","C:\hmail-perf-pair-100k-20260901\net10\Data","EBBF2395E8933C7BACE46AD51D451033745819B4B168934194C43B3B5121FAED","100","15","one TCP client and one sequential IMAP session per sample","0","PASS","E92ED927F40EA825DD551A4BA512B278123451CFAC76F908716AF84199904862","6FDC539CD1D13C7514886E7F7595F7A2A7107313E145AA44C7F0F223DA7B40B8","5","62","True","False","19180.135",,"True","100000","True","True","100000","True"
"5bd22377-9d1c-498f-825a-9cf230340a9e","MANIFEST_BOUND","hmail-perf-pair-100k-20260901","DE4DA2CDCDA01B1BE6D8C9BC98A377167205E940722D2BBCEE98A15A16ACB23A","net10","hmail_perf_pair_net10_20260831_213833","C:\hmail-perf-pair-100k-20260901\net10\Data","EBBF2395E8933C7BACE46AD51D451033745819B4B168934194C43B3B5121FAED","100","15","one TCP client and one sequential IMAP session per sample","0","PASS","E92ED927F40EA825DD551A4BA512B278123451CFAC76F908716AF84199904862","6FDC539CD1D13C7514886E7F7595F7A2A7107313E145AA44C7F0F223DA7B40B8","5","63","False","False","18647.662","Aktarma ba?lant?s?ndan veriler okunamad?: Ba?lan?lan uygun olarak belli bir s?re i?inde yan?t vermedi?inden veya kurulan
ba?lant? ba?lan?lan ana bilgisayar yan?t vermedi?inden bir ba?lant? kurulamad?.","False","0","False","False","0","False"
"5bd22377-9d1c-498f-825a-9cf230340a9e","MANIFEST_BOUND","hmail-perf-pair-100k-20260901","DE4DA2CDCDA01B1BE6D8C9BC98A377167205E940722D2BBCEE98A15A16ACB23A","net10","hmail_perf_pair_net10_20260831_213833","C:\hmail-perf-pair-100k-20260901\net10\Data","EBBF2395E8933C7BACE46AD51D451033745819B4B168934194C43B3B5121FAED","100","15","one TCP client and one sequential IMAP session per sample","0","PASS","E92ED927F40EA825DD551A4BA512B278123451CFAC76F908716AF84199904862","6FDC539CD1D13C7514886E7F7595F7A2A7107313E145AA44C7F0F223DA7B40B8","5","64","False","False","16781.278","Aktarma ba?lant?s?ndan veriler okunamad?: Ba?lan?lan uygun olarak belli bir s?re i?inde yan?t vermedi?inden veya kurulan
ba?lant? ba?lan?lan ana bilgisayar yan?t vermedi?inden bir ba?lant? kurulamad?.","False","0","False","False","0","False"
"5bd22377-9d1c-498f-825a-9cf230340a9e","MANIFEST_BOUND","hmail-perf-pair-100k-20260901","DE4DA2CDCDA01B1BE6D8C9BC98A377167205E940722D2BBCEE98A15A16ACB23A","net10","hmail_perf_pair_net10_20260831_213833","C:\hmail-perf-pair-100k-20260901\net10\Data","EBBF2395E8933C7BACE46AD51D451033745819B4B168934194C43B3B5121FAED","100","15","one TCP client and one sequential IMAP session per sample","0","PASS","E92ED927F40EA825DD551A4BA512B278123451CFAC76F908716AF84199904862","6FDC539CD1D13C7514886E7F7595F7A2A7107313E145AA44C7F0F223DA7B40B8","5","65","False","False","17374.146","Aktarma ba?lant?s?ndan veriler okunamad?: Ba?lan?lan uygun olarak belli bir s?re i?inde yan?t vermedi?inden veya kurulan
ba?lant? ba?lan?lan ana bilgisayar yan?t vermedi?inden bir ba?lant? kurulamad?.","False","0","False","False","0","False"
"5bd22377-9d1c-498f-825a-9cf230340a9e","MANIFEST_BOUND","hmail-perf-pair-100k-20260901","DE4DA2CDCDA01B1BE6D8C9BC98A377167205E940722D2BBCEE98A15A16ACB23A","net10","hmail_perf_pair_net10_20260831_213833","C:\hmail-perf-pair-100k-20260901\net10\Data","EBBF2395E8933C7BACE46AD51D451033745819B4B168934194C43B3B5121FAED","100","15","one TCP client and one sequential IMAP session per sample","0","PASS","E92ED927F40EA825DD551A4BA512B278123451CFAC76F908716AF84199904862","6FDC539CD1D13C7514886E7F7595F7A2A7107313E145AA44C7F0F223DA7B40B8","5","66","True","False","18024.514",,"True","100000","True","True","100000","True"
"5bd22377-9d1c-498f-825a-9cf230340a9e","MANIFEST_BOUND","hmail-perf-pair-100k-20260901","DE4DA2CDCDA01B1BE6D8C9BC98A377167205E940722D2BBCEE98A15A16ACB23A","net10","hmail_perf_pair_net10_20260831_213833","C:\hmail-perf-pair-100k-20260901\net10\Data","EBBF2395E8933C7BACE46AD51D451033745819B4B168934194C43B3B5121FAED","100","15","one TCP client and one sequential IMAP session per sample","0","PASS","E92ED927F40EA825DD551A4BA512B278123451CFAC76F908716AF84199904862","6FDC539CD1D13C7514886E7F7595F7A2A7107313E145AA44C7F0F223DA7B40B8","5","67","True","False","17783.957",,"True","100000","True","True","100000","True"
"5bd22377-9d1c-498f-825a-9cf230340a9e","MANIFEST_BOUND","hmail-perf-pair-100k-20260901","DE4DA2CDCDA01B1BE6D8C9BC98A377167205E940722D2BBCEE98A15A16ACB23A","net10","hmail_perf_pair_net10_20260831_213833","C:\hmail-perf-pair-100k-20260901\net10\Data","EBBF2395E8933C7BACE46AD51D451033745819B4B168934194C43B3B5121FAED","100","15","one TCP client and one sequential IMAP session per sample","0","PASS","E92ED927F40EA825DD551A4BA512B278123451CFAC76F908716AF84199904862","6FDC539CD1D13C7514886E7F7595F7A2A7107313E145AA44C7F0F223DA7B40B8","5","68","False","False","18120.481","Aktarma ba?lant?s?ndan veriler okunamad?: Ba?lan?lan uygun olarak belli bir s?re i?inde yan?t vermedi?inden veya kurulan
ba?lant? ba?lan?lan ana bilgisayar yan?t vermedi?inden bir ba?lant? kurulamad?.","False","0","False","False","0","False"
"5bd22377-9d1c-498f-825a-9cf230340a9e","MANIFEST_BOUND","hmail-perf-pair-100k-20260901","DE4DA2CDCDA01B1BE6D8C9BC98A377167205E940722D2BBCEE98A15A16ACB23A","net10","hmail_perf_pair_net10_20260831_213833","C:\hmail-perf-pair-100k-20260901\net10\Data","EBBF2395E8933C7BACE46AD51D451033745819B4B168934194C43B3B5121FAED","100","15","one TCP client and one sequential IMAP session per sample","0","PASS","E92ED927F40EA825DD551A4BA512B278123451CFAC76F908716AF84199904862","6FDC539CD1D13C7514886E7F7595F7A2A7107313E145AA44C7F0F223DA7B40B8","5","69","False","False","14904.591","Aktarma ba?lant?s?ndan veriler okunamad?: Ba?lan?lan uygun olarak belli bir s?re i?inde yan?t vermedi?inden veya kurulan
ba?lant? ba?lan?lan ana bilgisayar yan?t vermedi?inden bir ba?lant? kurulamad?.","False","0","False","False","0","False"
"5bd22377-9d1c-498f-825a-9cf230340a9e","MANIFEST_BOUND","hmail-perf-pair-100k-20260901","DE4DA2CDCDA01B1BE6D8C9BC98A377167205E940722D2BBCEE98A15A16ACB23A","net10","hmail_perf_pair_net10_20260831_213833","C:\hmail-perf-pair-100k-20260901\net10\Data","EBBF2395E8933C7BACE46AD51D451033745819B4B168934194C43B3B5121FAED","100","15","one TCP client and one sequential IMAP session per sample","0","PASS","E92ED927F40EA825DD551A4BA512B278123451CFAC76F908716AF84199904862","6FDC539CD1D13C7514886E7F7595F7A2A7107313E145AA44C7F0F223DA7B40B8","5","70","True","False","19504.257",,"True","100000","True","True","100000","True"
"5bd22377-9d1c-498f-825a-9cf230340a9e","MANIFEST_BOUND","hmail-perf-pair-100k-20260901","DE4DA2CDCDA01B1BE6D8C9BC98A377167205E940722D2BBCEE98A15A16ACB23A","net10","hmail_perf_pair_net10_20260831_213833","C:\hmail-perf-pair-100k-20260901\net10\Data","EBBF2395E8933C7BACE46AD51D451033745819B4B168934194C43B3B5121FAED","100","15","one TCP client and one sequential IMAP session per sample","0","PASS","E92ED927F40EA825DD551A4BA512B278123451CFAC76F908716AF84199904862","6FDC539CD1D13C7514886E7F7595F7A2A7107313E145AA44C7F0F223DA7B40B8","5","71","True","False","19880.594",,"True","100000","True","True","100000","True"
"5bd22377-9d1c-498f-825a-9cf230340a9e","MANIFEST_BOUND","hmail-perf-pair-100k-20260901","DE4DA2CDCDA01B1BE6D8C9BC98A377167205E940722D2BBCEE98A15A16ACB23A","net10","hmail_perf_pair_net10_20260831_213833","C:\hmail-perf-pair-100k-20260901\net10\Data","EBBF2395E8933C7BACE46AD51D451033745819B4B168934194C43B3B5121FAED","100","15","one TCP client and one sequential IMAP session per sample","0","PASS","E92ED927F40EA825DD551A4BA512B278123451CFAC76F908716AF84199904862","6FDC539CD1D13C7514886E7F7595F7A2A7107313E145AA44C7F0F223DA7B40B8","5","72","True","False","19286.28",,"True","100000","True","True","100000","True"
"5bd22377-9d1c-498f-825a-9cf230340a9e","MANIFEST_BOUND","hmail-perf-pair-100k-20260901","DE4DA2CDCDA01B1BE6D8C9BC98A377167205E940722D2BBCEE98A15A16ACB23A","net10","hmail_perf_pair_net10_20260831_213833","C:\hmail-perf-pair-100k-20260901\net10\Data","EBBF2395E8933C7BACE46AD51D451033745819B4B168934194C43B3B5121FAED","100","15","one TCP client and one sequential IMAP session per sample","0","PASS","E92ED927F40EA825DD551A4BA512B278123451CFAC76F908716AF84199904862","6FDC539CD1D13C7514886E7F7595F7A2A7107313E145AA44C7F0F223DA7B40B8","5","73","False","False","15374.188","Aktarma ba?lant?s?ndan veriler okunamad?: Ba?lan?lan uygun olarak belli bir s?re i?inde yan?t vermedi?inden veya kurulan
ba?lant? ba?lan?lan ana bilgisayar yan?t vermedi?inden bir ba?lant? kurulamad?.","False","0","False","False","0","False"
"5bd22377-9d1c-498f-825a-9cf230340a9e","MANIFEST_BOUND","hmail-perf-pair-100k-20260901","DE4DA2CDCDA01B1BE6D8C9BC98A377167205E940722D2BBCEE98A15A16ACB23A","net10","hmail_perf_pair_net10_20260831_213833","C:\hmail-perf-pair-100k-20260901\net10\Data","EBBF2395E8933C7BACE46AD51D451033745819B4B168934194C43B3B5121FAED","100","15","one TCP client and one sequential IMAP session per sample","0","PASS","E92ED927F40EA825DD551A4BA512B278123451CFAC76F908716AF84199904862","6FDC539CD1D13C7514886E7F7595F7A2A7107313E145AA44C7F0F223DA7B40B8","5","74","True","False","13933.34",,"True","100000","True","True","100000","True"
"5bd22377-9d1c-498f-825a-9cf230340a9e","MANIFEST_BOUND","hmail-perf-pair-100k-20260901","DE4DA2CDCDA01B1BE6D8C9BC98A377167205E940722D2BBCEE98A15A16ACB23A","net10","hmail_perf_pair_net10_20260831_213833","C:\hmail-perf-pair-100k-20260901\net10\Data","EBBF2395E8933C7BACE46AD51D451033745819B4B168934194C43B3B5121FAED","100","15","one TCP client and one sequential IMAP session per sample","0","PASS","E92ED927F40EA825DD551A4BA512B278123451CFAC76F908716AF84199904862","6FDC539CD1D13C7514886E7F7595F7A2A7107313E145AA44C7F0F223DA7B40B8","5","75","True","False","16518.418",,"True","100000","True","True","100000","True"
"5bd22377-9d1c-498f-825a-9cf230340a9e","MANIFEST_BOUND","hmail-perf-pair-100k-20260901","DE4DA2CDCDA01B1BE6D8C9BC98A377167205E940722D2BBCEE98A15A16ACB23A","net10","hmail_perf_pair_net10_20260831_213833","C:\hmail-perf-pair-100k-20260901\net10\Data","EBBF2395E8933C7BACE46AD51D451033745819B4B168934194C43B3B5121FAED","100","15","one TCP client and one sequential IMAP session per sample","0","PASS","E92ED927F40EA825DD551A4BA512B278123451CFAC76F908716AF84199904862","6FDC539CD1D13C7514886E7F7595F7A2A7107313E145AA44C7F0F223DA7B40B8","5","76","False","False","12595.305","Aktarma ba?lant?s?ndan veriler okunamad?: Ba?lan?lan uygun olarak belli bir s?re i?inde yan?t vermedi?inden veya kurulan
ba?lant? ba?lan?lan ana bilgisayar yan?t vermedi?inden bir ba?lant? kurulamad?.","False","0","False","False","0","False"
"5bd22377-9d1c-498f-825a-9cf230340a9e","MANIFEST_BOUND","hmail-perf-pair-100k-20260901","DE4DA2CDCDA01B1BE6D8C9BC98A377167205E940722D2BBCEE98A15A16ACB23A","net10","hmail_perf_pair_net10_20260831_213833","C:\hmail-perf-pair-100k-20260901\net10\Data","EBBF2395E8933C7BACE46AD51D451033745819B4B168934194C43B3B5121FAED","100","15","one TCP client and one sequential IMAP session per sample","0","PASS","E92ED927F40EA825DD551A4BA512B278123451CFAC76F908716AF84199904862","6FDC539CD1D13C7514886E7F7595F7A2A7107313E145AA44C7F0F223DA7B40B8","5","77","True","False","17622.447",,"True","100000","True","True","100000","True"
"5bd22377-9d1c-498f-825a-9cf230340a9e","MANIFEST_BOUND","hmail-perf-pair-100k-20260901","DE4DA2CDCDA01B1BE6D8C9BC98A377167205E940722D2BBCEE98A15A16ACB23A","net10","hmail_perf_pair_net10_20260831_213833","C:\hmail-perf-pair-100k-20260901\net10\Data","EBBF2395E8933C7BACE46AD51D451033745819B4B168934194C43B3B5121FAED","100","15","one TCP client and one sequential IMAP session per sample","0","PASS","E92ED927F40EA825DD551A4BA512B278123451CFAC76F908716AF84199904862","6FDC539CD1D13C7514886E7F7595F7A2A7107313E145AA44C7F0F223DA7B40B8","5","78","True","False","20042.602",,"True","100000","True","True","100000","True"
"5bd22377-9d1c-498f-825a-9cf230340a9e","MANIFEST_BOUND","hmail-perf-pair-100k-20260901","DE4DA2CDCDA01B1BE6D8C9BC98A377167205E940722D2BBCEE98A15A16ACB23A","net10","hmail_perf_pair_net10_20260831_213833","C:\hmail-perf-pair-100k-20260901\net10\Data","EBBF2395E8933C7BACE46AD51D451033745819B4B168934194C43B3B5121FAED","100","15","one TCP client and one sequential IMAP session per sample","0","PASS","E92ED927F40EA825DD551A4BA512B278123451CFAC76F908716AF84199904862","6FDC539CD1D13C7514886E7F7595F7A2A7107313E145AA44C7F0F223DA7B40B8","5","79","True","False","14766.328",,"True","100000","True","True","100000","True"
"5bd22377-9d1c-498f-825a-9cf230340a9e","MANIFEST_BOUND","hmail-perf-pair-100k-20260901","DE4DA2CDCDA01B1BE6D8C9BC98A377167205E940722D2BBCEE98A15A16ACB23A","net10","hmail_perf_pair_net10_20260831_213833","C:\hmail-perf-pair-100k-20260901\net10\Data","EBBF2395E8933C7BACE46AD51D451033745819B4B168934194C43B3B5121FAED","100","15","one TCP client and one sequential IMAP session per sample","0","PASS","E92ED927F40EA825DD551A4BA512B278123451CFAC76F908716AF84199904862","6FDC539CD1D13C7514886E7F7595F7A2A7107313E145AA44C7F0F223DA7B40B8","5","80","True","False","19680.003",,"True","100000","True","True","100000","True"
"5bd22377-9d1c-498f-825a-9cf230340a9e","MANIFEST_BOUND","hmail-perf-pair-100k-20260901","DE4DA2CDCDA01B1BE6D8C9BC98A377167205E940722D2BBCEE98A15A16ACB23A","net10","hmail_perf_pair_net10_20260831_213833","C:\hmail-perf-pair-100k-20260901\net10\Data","EBBF2395E8933C7BACE46AD51D451033745819B4B168934194C43B3B5121FAED","100","15","one TCP client and one sequential IMAP session per sample","0","PASS","E92ED927F40EA825DD551A4BA512B278123451CFAC76F908716AF84199904862","6FDC539CD1D13C7514886E7F7595F7A2A7107313E145AA44C7F0F223DA7B40B8","5","81","True","False","17878.71",,"True","100000","True","True","100000","True"
"5bd22377-9d1c-498f-825a-9cf230340a9e","MANIFEST_BOUND","hmail-perf-pair-100k-20260901","DE4DA2CDCDA01B1BE6D8C9BC98A377167205E940722D2BBCEE98A15A16ACB23A","net10","hmail_perf_pair_net10_20260831_213833","C:\hmail-perf-pair-100k-20260901\net10\Data","EBBF2395E8933C7BACE46AD51D451033745819B4B168934194C43B3B5121FAED","100","15","one TCP client and one sequential IMAP session per sample","0","PASS","E92ED927F40EA825DD551A4BA512B278123451CFAC76F908716AF84199904862","6FDC539CD1D13C7514886E7F7595F7A2A7107313E145AA44C7F0F223DA7B40B8","5","82","False","False","12595.457","Aktarma ba?lant?s?ndan veriler okunamad?: Ba?lan?lan uygun olarak belli bir s?re i?inde yan?t vermedi?inden veya kurulan
ba?lant? ba?lan?lan ana bilgisayar yan?t vermedi?inden bir ba?lant? kurulamad?.","False","0","False","False","0","False"
"5bd22377-9d1c-498f-825a-9cf230340a9e","MANIFEST_BOUND","hmail-perf-pair-100k-20260901","DE4DA2CDCDA01B1BE6D8C9BC98A377167205E940722D2BBCEE98A15A16ACB23A","net10","hmail_perf_pair_net10_20260831_213833","C:\hmail-perf-pair-100k-20260901\net10\Data","EBBF2395E8933C7BACE46AD51D451033745819B4B168934194C43B3B5121FAED","100","15","one TCP client and one sequential IMAP session per sample","0","PASS","E92ED927F40EA825DD551A4BA512B278123451CFAC76F908716AF84199904862","6FDC539CD1D13C7514886E7F7595F7A2A7107313E145AA44C7F0F223DA7B40B8","5","83","True","False","16558.871",,"True","100000","True","True","100000","True"
"5bd22377-9d1c-498f-825a-9cf230340a9e","MANIFEST_BOUND","hmail-perf-pair-100k-20260901","DE4DA2CDCDA01B1BE6D8C9BC98A377167205E940722D2BBCEE98A15A16ACB23A","net10","hmail_perf_pair_net10_20260831_213833","C:\hmail-perf-pair-100k-20260901\net10\Data","EBBF2395E8933C7BACE46AD51D451033745819B4B168934194C43B3B5121FAED","100","15","one TCP client and one sequential IMAP session per sample","0","PASS","E92ED927F40EA825DD551A4BA512B278123451CFAC76F908716AF84199904862","6FDC539CD1D13C7514886E7F7595F7A2A7107313E145AA44C7F0F223DA7B40B8","5","84","True","False","14387.109",,"True","100000","True","True","100000","True"
"5bd22377-9d1c-498f-825a-9cf230340a9e","MANIFEST_BOUND","hmail-perf-pair-100k-20260901","DE4DA2CDCDA01B1BE6D8C9BC98A377167205E940722D2BBCEE98A15A16ACB23A","net10","hmail_perf_pair_net10_20260831_213833","C:\hmail-perf-pair-100k-20260901\net10\Data","EBBF2395E8933C7BACE46AD51D451033745819B4B168934194C43B3B5121FAED","100","15","one TCP client and one sequential IMAP session per sample","0","PASS","E92ED927F40EA825DD551A4BA512B278123451CFAC76F908716AF84199904862","6FDC539CD1D13C7514886E7F7595F7A2A7107313E145AA44C7F0F223DA7B40B8","5","85","False","False","17514.793","Aktarma ba?lant?s?ndan veriler okunamad?: Ba?lan?lan uygun olarak belli bir s?re i?inde yan?t vermedi?inden veya kurulan
ba?lant? ba?lan?lan ana bilgisayar yan?t vermedi?inden bir ba?lant? kurulamad?.","False","0","False","False","0","False"
"5bd22377-9d1c-498f-825a-9cf230340a9e","MANIFEST_BOUND","hmail-perf-pair-100k-20260901","DE4DA2CDCDA01B1BE6D8C9BC98A377167205E940722D2BBCEE98A15A16ACB23A","net10","hmail_perf_pair_net10_20260831_213833","C:\hmail-perf-pair-100k-20260901\net10\Data","EBBF2395E8933C7BACE46AD51D451033745819B4B168934194C43B3B5121FAED","100","15","one TCP client and one sequential IMAP session per sample","0","PASS","E92ED927F40EA825DD551A4BA512B278123451CFAC76F908716AF84199904862","6FDC539CD1D13C7514886E7F7595F7A2A7107313E145AA44C7F0F223DA7B40B8","5","86","True","False","20030.418",,"True","100000","True","True","100000","True"
"5bd22377-9d1c-498f-825a-9cf230340a9e","MANIFEST_BOUND","hmail-perf-pair-100k-20260901","DE4DA2CDCDA01B1BE6D8C9BC98A377167205E940722D2BBCEE98A15A16ACB23A","net10","hmail_perf_pair_net10_20260831_213833","C:\hmail-perf-pair-100k-20260901\net10\Data","EBBF2395E8933C7BACE46AD51D451033745819B4B168934194C43B3B5121FAED","100","15","one TCP client and one sequential IMAP session per sample","0","PASS","E92ED927F40EA825DD551A4BA512B278123451CFAC76F908716AF84199904862","6FDC539CD1D13C7514886E7F7595F7A2A7107313E145AA44C7F0F223DA7B40B8","5","87","True","False","19701.998",,"True","100000","True","True","100000","True"
"5bd22377-9d1c-498f-825a-9cf230340a9e","MANIFEST_BOUND","hmail-perf-pair-100k-20260901","DE4DA2CDCDA01B1BE6D8C9BC98A377167205E940722D2BBCEE98A15A16ACB23A","net10","hmail_perf_pair_net10_20260831_213833","C:\hmail-perf-pair-100k-20260901\net10\Data","EBBF2395E8933C7BACE46AD51D451033745819B4B168934194C43B3B5121FAED","100","15","one TCP client and one sequential IMAP session per sample","0","PASS","E92ED927F40EA825DD551A4BA512B278123451CFAC76F908716AF84199904862","6FDC539CD1D13C7514886E7F7595F7A2A7107313E145AA44C7F0F223DA7B40B8","5","88","True","False","17278.996",,"True","100000","True","True","100000","True"
"5bd22377-9d1c-498f-825a-9cf230340a9e","MANIFEST_BOUND","hmail-perf-pair-100k-20260901","DE4DA2CDCDA01B1BE6D8C9BC98A377167205E940722D2BBCEE98A15A16ACB23A","net10","hmail_perf_pair_net10_20260831_213833","C:\hmail-perf-pair-100k-20260901\net10\Data","EBBF2395E8933C7BACE46AD51D451033745819B4B168934194C43B3B5121FAED","100","15","one TCP client and one sequential IMAP session per sample","0","PASS","E92ED927F40EA825DD551A4BA512B278123451CFAC76F908716AF84199904862","6FDC539CD1D13C7514886E7F7595F7A2A7107313E145AA44C7F0F223DA7B40B8","5","89","True","False","12945.774",,"True","100000","True","True","100000","True"
"5bd22377-9d1c-498f-825a-9cf230340a9e","MANIFEST_BOUND","hmail-perf-pair-100k-20260901","DE4DA2CDCDA01B1BE6D8C9BC98A377167205E940722D2BBCEE98A15A16ACB23A","net10","hmail_perf_pair_net10_20260831_213833","C:\hmail-perf-pair-100k-20260901\net10\Data","EBBF2395E8933C7BACE46AD51D451033745819B4B168934194C43B3B5121FAED","100","15","one TCP client and one sequential IMAP session per sample","0","PASS","E92ED927F40EA825DD551A4BA512B278123451CFAC76F908716AF84199904862","6FDC539CD1D13C7514886E7F7595F7A2A7107313E145AA44C7F0F223DA7B40B8","5","90","True","False","19781.34",,"True","100000","True","True","100000","True"
"5bd22377-9d1c-498f-825a-9cf230340a9e","MANIFEST_BOUND","hmail-perf-pair-100k-20260901","DE4DA2CDCDA01B1BE6D8C9BC98A377167205E940722D2BBCEE98A15A16ACB23A","net10","hmail_perf_pair_net10_20260831_213833","C:\hmail-perf-pair-100k-20260901\net10\Data","EBBF2395E8933C7BACE46AD51D451033745819B4B168934194C43B3B5121FAED","100","15","one TCP client and one sequential IMAP session per sample","0","PASS","E92ED927F40EA825DD551A4BA512B278123451CFAC76F908716AF84199904862","6FDC539CD1D13C7514886E7F7595F7A2A7107313E145AA44C7F0F223DA7B40B8","5","91","True","False","19694.429",,"True","100000","True","True","100000","True"
"5bd22377-9d1c-498f-825a-9cf230340a9e","MANIFEST_BOUND","hmail-perf-pair-100k-20260901","DE4DA2CDCDA01B1BE6D8C9BC98A377167205E940722D2BBCEE98A15A16ACB23A","net10","hmail_perf_pair_net10_20260831_213833","C:\hmail-perf-pair-100k-20260901\net10\Data","EBBF2395E8933C7BACE46AD51D451033745819B4B168934194C43B3B5121FAED","100","15","one TCP client and one sequential IMAP session per sample","0","PASS","E92ED927F40EA825DD551A4BA512B278123451CFAC76F908716AF84199904862","6FDC539CD1D13C7514886E7F7595F7A2A7107313E145AA44C7F0F223DA7B40B8","5","92","True","False","15448.696",,"True","100000","True","True","100000","True"
"5bd22377-9d1c-498f-825a-9cf230340a9e","MANIFEST_BOUND","hmail-perf-pair-100k-20260901","DE4DA2CDCDA01B1BE6D8C9BC98A377167205E940722D2BBCEE98A15A16ACB23A","net10","hmail_perf_pair_net10_20260831_213833","C:\hmail-perf-pair-100k-20260901\net10\Data","EBBF2395E8933C7BACE46AD51D451033745819B4B168934194C43B3B5121FAED","100","15","one TCP client and one sequential IMAP session per sample","0","PASS","E92ED927F40EA825DD551A4BA512B278123451CFAC76F908716AF84199904862","6FDC539CD1D13C7514886E7F7595F7A2A7107313E145AA44C7F0F223DA7B40B8","5","93","False","False","18817.645","Aktarma ba?lant?s?ndan veriler okunamad?: Ba?lan?lan uygun olarak belli bir s?re i?inde yan?t vermedi?inden veya kurulan
ba?lant? ba?lan?lan ana bilgisayar yan?t vermedi?inden bir ba?lant? kurulamad?.","False","0","False","False","0","False"
"5bd22377-9d1c-498f-825a-9cf230340a9e","MANIFEST_BOUND","hmail-perf-pair-100k-20260901","DE4DA2CDCDA01B1BE6D8C9BC98A377167205E940722D2BBCEE98A15A16ACB23A","net10","hmail_perf_pair_net10_20260831_213833","C:\hmail-perf-pair-100k-20260901\net10\Data","EBBF2395E8933C7BACE46AD51D451033745819B4B168934194C43B3B5121FAED","100","15","one TCP client and one sequential IMAP session per sample","0","PASS","E92ED927F40EA825DD551A4BA512B278123451CFAC76F908716AF84199904862","6FDC539CD1D13C7514886E7F7595F7A2A7107313E145AA44C7F0F223DA7B40B8","5","94","True","False","14155.004",,"True","100000","True","True","100000","True"
"5bd22377-9d1c-498f-825a-9cf230340a9e","MANIFEST_BOUND","hmail-perf-pair-100k-20260901","DE4DA2CDCDA01B1BE6D8C9BC98A377167205E940722D2BBCEE98A15A16ACB23A","net10","hmail_perf_pair_net10_20260831_213833","C:\hmail-perf-pair-100k-20260901\net10\Data","EBBF2395E8933C7BACE46AD51D451033745819B4B168934194C43B3B5121FAED","100","15","one TCP client and one sequential IMAP session per sample","0","PASS","E92ED927F40EA825DD551A4BA512B278123451CFAC76F908716AF84199904862","6FDC539CD1D13C7514886E7F7595F7A2A7107313E145AA44C7F0F223DA7B40B8","5","95","True","False","20031.393",,"True","100000","True","True","100000","True"
"5bd22377-9d1c-498f-825a-9cf230340a9e","MANIFEST_BOUND","hmail-perf-pair-100k-20260901","DE4DA2CDCDA01B1BE6D8C9BC98A377167205E940722D2BBCEE98A15A16ACB23A","net10","hmail_perf_pair_net10_20260831_213833","C:\hmail-perf-pair-100k-20260901\net10\Data","EBBF2395E8933C7BACE46AD51D451033745819B4B168934194C43B3B5121FAED","100","15","one TCP client and one sequential IMAP session per sample","0","PASS","E92ED927F40EA825DD551A4BA512B278123451CFAC76F908716AF84199904862","6FDC539CD1D13C7514886E7F7595F7A2A7107313E145AA44C7F0F223DA7B40B8","5","96","True","False","18775.334",,"True","100000","True","True","100000","True"
"5bd22377-9d1c-498f-825a-9cf230340a9e","MANIFEST_BOUND","hmail-perf-pair-100k-20260901","DE4DA2CDCDA01B1BE6D8C9BC98A377167205E940722D2BBCEE98A15A16ACB23A","net10","hmail_perf_pair_net10_20260831_213833","C:\hmail-perf-pair-100k-20260901\net10\Data","EBBF2395E8933C7BACE46AD51D451033745819B4B168934194C43B3B5121FAED","100","15","one TCP client and one sequential IMAP session per sample","0","PASS","E92ED927F40EA825DD551A4BA512B278123451CFAC76F908716AF84199904862","6FDC539CD1D13C7514886E7F7595F7A2A7107313E145AA44C7F0F223DA7B40B8","5","97","True","False","18054.015",,"True","100000","True","True","100000","True"
"5bd22377-9d1c-498f-825a-9cf230340a9e","MANIFEST_BOUND","hmail-perf-pair-100k-20260901","DE4DA2CDCDA01B1BE6D8C9BC98A377167205E940722D2BBCEE98A15A16ACB23A","net10","hmail_perf_pair_net10_20260831_213833","C:\hmail-perf-pair-100k-20260901\net10\Data","EBBF2395E8933C7BACE46AD51D451033745819B4B168934194C43B3B5121FAED","100","15","one TCP client and one sequential IMAP session per sample","0","PASS","E92ED927F40EA825DD551A4BA512B278123451CFAC76F908716AF84199904862","6FDC539CD1D13C7514886E7F7595F7A2A7107313E145AA44C7F0F223DA7B40B8","5","98","False","False","12595.304","Aktarma ba?lant?s?ndan veriler okunamad?: Ba?lan?lan uygun olarak belli bir s?re i?inde yan?t vermedi?inden veya kurulan
ba?lant? ba?lan?lan ana bilgisayar yan?t vermedi?inden bir ba?lant? kurulamad?.","False","0","False","False","0","False"
"5bd22377-9d1c-498f-825a-9cf230340a9e","MANIFEST_BOUND","hmail-perf-pair-100k-20260901","DE4DA2CDCDA01B1BE6D8C9BC98A377167205E940722D2BBCEE98A15A16ACB23A","net10","hmail_perf_pair_net10_20260831_213833","C:\hmail-perf-pair-100k-20260901\net10\Data","EBBF2395E8933C7BACE46AD51D451033745819B4B168934194C43B3B5121FAED","100","15","one TCP client and one sequential IMAP session per sample","0","PASS","E92ED927F40EA825DD551A4BA512B278123451CFAC76F908716AF84199904862","6FDC539CD1D13C7514886E7F7595F7A2A7107313E145AA44C7F0F223DA7B40B8","5","99","True","False","19695.024",,"True","100000","True","True","100000","True"
"5bd22377-9d1c-498f-825a-9cf230340a9e","MANIFEST_BOUND","hmail-perf-pair-100k-20260901","DE4DA2CDCDA01B1BE6D8C9BC98A377167205E940722D2BBCEE98A15A16ACB23A","net10","hmail_perf_pair_net10_20260831_213833","C:\hmail-perf-pair-100k-20260901\net10\Data","EBBF2395E8933C7BACE46AD51D451033745819B4B168934194C43B3B5121FAED","100","15","one TCP client and one sequential IMAP session per sample","0","PASS","E92ED927F40EA825DD551A4BA512B278123451CFAC76F908716AF84199904862","6FDC539CD1D13C7514886E7F7595F7A2A7107313E145AA44C7F0F223DA7B40B8","5","100","False","False","15061.48","Aktarma ba?lant?s?ndan veriler okunamad?: Ba?lan?lan uygun olarak belli bir s?re i?inde yan?t vermedi?inden veya kurulan
ba?lant? ba?lan?lan ana bilgisayar yan?t vermedi?inden bir ba?lant? kurulamad?.","False","0","False","False","0","False"
