"runId","provenanceStatus","fixtureId","manifestSha256","implementation","database","dataRoot","executableSha256","sqlMaxPoolSize","sqlConnectionTimeoutSeconds","probeFanOut","launchStaggerMilliseconds","runStartAttestationStatus","runStartDataSha256","runStartMessageSha256","wave","session","ok","timedOut","ms","error","searchResultValid","searchResultCount","searchExactSequence","sortResultValid","sortResultCount","sortExactSequence"
"8b296f8a-58cc-44f9-9a49-b0933834f1ae","MANIFEST_BOUND","hmail-perf-pair-service-20260901","06EFCBA9520D478A6DAC7ABB7F09F3B63D015A0CD5ECA1EB4D0FD2CC8C38F9FD","net10","hmail_perf_pair_net10_20260831_head3","C:\hmail-perf-pair-service-20260901\net10\Data","393449EA88D8D3C63D044D759D715322FD07A6F365FB10F18C1F0F126C6B4675","100","15","one TCP client and one sequential IMAP session per sample","0","PASS","45FA907CE0D3797C1E13EBB2F03F076A25656CCE27E801C18F745ACD3944FBBD","5136EEC556F9790732AE759EF52F77FE6172329EA55787A80300C4A824107E46","1","1","True","False","1536.802",,"True","1000","True","True","1000","True"
"8b296f8a-58cc-44f9-9a49-b0933834f1ae","MANIFEST_BOUND","hmail-perf-pair-service-20260901","06EFCBA9520D478A6DAC7ABB7F09F3B63D015A0CD5ECA1EB4D0FD2CC8C38F9FD","net10","hmail_perf_pair_net10_20260831_head3","C:\hmail-perf-pair-service-20260901\net10\Data","393449EA88D8D3C63D044D759D715322FD07A6F365FB10F18C1F0F126C6B4675","100","15","one TCP client and one sequential IMAP session per sample","0","PASS","45FA907CE0D3797C1E13EBB2F03F076A25656CCE27E801C18F745ACD3944FBBD","5136EEC556F9790732AE759EF52F77FE6172329EA55787A80300C4A824107E46","1","2","True","False","705.963",,"True","1000","True","True","1000","True"
"8b296f8a-58cc-44f9-9a49-b0933834f1ae","MANIFEST_BOUND","hmail-perf-pair-service-20260901","06EFCBA9520D478A6DAC7ABB7F09F3B63D015A0CD5ECA1EB4D0FD2CC8C38F9FD","net10","hmail_perf_pair_net10_20260831_head3","C:\hmail-perf-pair-service-20260901\net10\Data","393449EA88D8D3C63D044D759D715322FD07A6F365FB10F18C1F0F126C6B4675","100","15","one TCP client and one sequential IMAP session per sample","0","PASS","45FA907CE0D3797C1E13EBB2F03F076A25656CCE27E801C18F745ACD3944FBBD","5136EEC556F9790732AE759EF52F77FE6172329EA55787A80300C4A824107E46","1","3","True","False","766.117",,"True","1000","True","True","1000","True"
"8b296f8a-58cc-44f9-9a49-b0933834f1ae","MANIFEST_BOUND","hmail-perf-pair-service-20260901","06EFCBA9520D478A6DAC7ABB7F09F3B63D015A0CD5ECA1EB4D0FD2CC8C38F9FD","net10","hmail_perf_pair_net10_20260831_head3","C:\hmail-perf-pair-service-20260901\net10\Data","393449EA88D8D3C63D044D759D715322FD07A6F365FB10F18C1F0F126C6B4675","100","15","one TCP client and one sequential IMAP session per sample","0","PASS","45FA907CE0D3797C1E13EBB2F03F076A25656CCE27E801C18F745ACD3944FBBD","5136EEC556F9790732AE759EF52F77FE6172329EA55787A80300C4A824107E46","1","4","True","False","1573.479",,"True","1000","True","True","1000","True"
"8b296f8a-58cc-44f9-9a49-b0933834f1ae","MANIFEST_BOUND","hmail-perf-pair-service-20260901","06EFCBA9520D478A6DAC7ABB7F09F3B63D015A0CD5ECA1EB4D0FD2CC8C38F9FD","net10","hmail_perf_pair_net10_20260831_head3","C:\hmail-perf-pair-service-20260901\net10\Data","393449EA88D8D3C63D044D759D715322FD07A6F365FB10F18C1F0F126C6B4675","100","15","one TCP client and one sequential IMAP session per sample","0","PASS","45FA907CE0D3797C1E13EBB2F03F076A25656CCE27E801C18F745ACD3944FBBD","5136EEC556F9790732AE759EF52F77FE6172329EA55787A80300C4A824107E46","1","5","True","False","767.768",,"True","1000","True","True","1000","True"
"8b296f8a-58cc-44f9-9a49-b0933834f1ae","MANIFEST_BOUND","hmail-perf-pair-service-20260901","06EFCBA9520D478A6DAC7ABB7F09F3B63D015A0CD5ECA1EB4D0FD2CC8C38F9FD","net10","hmail_perf_pair_net10_20260831_head3","C:\hmail-perf-pair-service-20260901\net10\Data","393449EA88D8D3C63D044D759D715322FD07A6F365FB10F18C1F0F126C6B4675","100","15","one TCP client and one sequential IMAP session per sample","0","PASS","45FA907CE0D3797C1E13EBB2F03F076A25656CCE27E801C18F745ACD3944FBBD","5136EEC556F9790732AE759EF52F77FE6172329EA55787A80300C4A824107E46","1","6","True","False","1002.493",,"True","1000","True","True","1000","True"
"8b296f8a-58cc-44f9-9a49-b0933834f1ae","MANIFEST_BOUND","hmail-perf-pair-service-20260901","06EFCBA9520D478A6DAC7ABB7F09F3B63D015A0CD5ECA1EB4D0FD2CC8C38F9FD","net10","hmail_perf_pair_net10_20260831_head3","C:\hmail-perf-pair-service-20260901\net10\Data","393449EA88D8D3C63D044D759D715322FD07A6F365FB10F18C1F0F126C6B4675","100","15","one TCP client and one sequential IMAP session per sample","0","PASS","45FA907CE0D3797C1E13EBB2F03F076A25656CCE27E801C18F745ACD3944FBBD","5136EEC556F9790732AE759EF52F77FE6172329EA55787A80300C4A824107E46","1","7","True","False","2141.569",,"True","1000","True","True","1000","True"
"8b296f8a-58cc-44f9-9a49-b0933834f1ae","MANIFEST_BOUND","hmail-perf-pair-service-20260901","06EFCBA9520D478A6DAC7ABB7F09F3B63D015A0CD5ECA1EB4D0FD2CC8C38F9FD","net10","hmail_perf_pair_net10_20260831_head3","C:\hmail-perf-pair-service-20260901\net10\Data","393449EA88D8D3C63D044D759D715322FD07A6F365FB10F18C1F0F126C6B4675","100","15","one TCP client and one sequential IMAP session per sample","0","PASS","45FA907CE0D3797C1E13EBB2F03F076A25656CCE27E801C18F745ACD3944FBBD","5136EEC556F9790732AE759EF52F77FE6172329EA55787A80300C4A824107E46","1","8","True","False","899.025",,"True","1000","True","True","1000","True"
"8b296f8a-58cc-44f9-9a49-b0933834f1ae","MANIFEST_BOUND","hmail-perf-pair-service-20260901","06EFCBA9520D478A6DAC7ABB7F09F3B63D015A0CD5ECA1EB4D0FD2CC8C38F9FD","net10","hmail_perf_pair_net10_20260831_head3","C:\hmail-perf-pair-service-20260901\net10\Data","393449EA88D8D3C63D044D759D715322FD07A6F365FB10F18C1F0F126C6B4675","100","15","one TCP client and one sequential IMAP session per sample","0","PASS","45FA907CE0D3797C1E13EBB2F03F076A25656CCE27E801C18F745ACD3944FBBD","5136EEC556F9790732AE759EF52F77FE6172329EA55787A80300C4A824107E46","1","9","True","False","694.417",,"True","1000","True","True","1000","True"
"8b296f8a-58cc-44f9-9a49-b0933834f1ae","MANIFEST_BOUND","hmail-perf-pair-service-20260901","06EFCBA9520D478A6DAC7ABB7F09F3B63D015A0CD5ECA1EB4D0FD2CC8C38F9FD","net10","hmail_perf_pair_net10_20260831_head3","C:\hmail-perf-pair-service-20260901\net10\Data","393449EA88D8D3C63D044D759D715322FD07A6F365FB10F18C1F0F126C6B4675","100","15","one TCP client and one sequential IMAP session per sample","0","PASS","45FA907CE0D3797C1E13EBB2F03F076A25656CCE27E801C18F745ACD3944FBBD","5136EEC556F9790732AE759EF52F77FE6172329EA55787A80300C4A824107E46","1","10","True","False","427.644",,"True","1000","True","True","1000","True"
"8b296f8a-58cc-44f9-9a49-b0933834f1ae","MANIFEST_BOUND","hmail-perf-pair-service-20260901","06EFCBA9520D478A6DAC7ABB7F09F3B63D015A0CD5ECA1EB4D0FD2CC8C38F9FD","net10","hmail_perf_pair_net10_20260831_head3","C:\hmail-perf-pair-service-20260901\net10\Data","393449EA88D8D3C63D044D759D715322FD07A6F365FB10F18C1F0F126C6B4675","100","15","one TCP client and one sequential IMAP session per sample","0","PASS","45FA907CE0D3797C1E13EBB2F03F076A25656CCE27E801C18F745ACD3944FBBD","5136EEC556F9790732AE759EF52F77FE6172329EA55787A80300C4A824107E46","1","11","True","False","1772.74",,"True","1000","True","True","1000","True"
"8b296f8a-58cc-44f9-9a49-b0933834f1ae","MANIFEST_BOUND","hmail-perf-pair-service-20260901","06EFCBA9520D478A6DAC7ABB7F09F3B63D015A0CD5ECA1EB4D0FD2CC8C38F9FD","net10","hmail_perf_pair_net10_20260831_head3","C:\hmail-perf-pair-service-20260901\net10\Data","393449EA88D8D3C63D044D759D715322FD07A6F365FB10F18C1F0F126C6B4675","100","15","one TCP client and one sequential IMAP session per sample","0","PASS","45FA907CE0D3797C1E13EBB2F03F076A25656CCE27E801C18F745ACD3944FBBD","5136EEC556F9790732AE759EF52F77FE6172329EA55787A80300C4A824107E46","1","12","True","False","935.982",,"True","1000","True","True","1000","True"
"8b296f8a-58cc-44f9-9a49-b0933834f1ae","MANIFEST_BOUND","hmail-perf-pair-service-20260901","06EFCBA9520D478A6DAC7ABB7F09F3B63D015A0CD5ECA1EB4D0FD2CC8C38F9FD","net10","hmail_perf_pair_net10_20260831_head3","C:\hmail-perf-pair-service-20260901\net10\Data","393449EA88D8D3C63D044D759D715322FD07A6F365FB10F18C1F0F126C6B4675","100","15","one TCP client and one sequential IMAP session per sample","0","PASS","45FA907CE0D3797C1E13EBB2F03F076A25656CCE27E801C18F745ACD3944FBBD","5136EEC556F9790732AE759EF52F77FE6172329EA55787A80300C4A824107E46","1","13","True","False","392.47",,"True","1000","True","True","1000","True"
"8b296f8a-58cc-44f9-9a49-b0933834f1ae","MANIFEST_BOUND","hmail-perf-pair-service-20260901","06EFCBA9520D478A6DAC7ABB7F09F3B63D015A0CD5ECA1EB4D0FD2CC8C38F9FD","net10","hmail_perf_pair_net10_20260831_head3","C:\hmail-perf-pair-service-20260901\net10\Data","393449EA88D8D3C63D044D759D715322FD07A6F365FB10F18C1F0F126C6B4675","100","15","one TCP client and one sequential IMAP session per sample","0","PASS","45FA907CE0D3797C1E13EBB2F03F076A25656CCE27E801C18F745ACD3944FBBD","5136EEC556F9790732AE759EF52F77FE6172329EA55787A80300C4A824107E46","1","14","True","False","2170.856",,"True","1000","True","True","1000","True"
"8b296f8a-58cc-44f9-9a49-b0933834f1ae","MANIFEST_BOUND","hmail-perf-pair-service-20260901","06EFCBA9520D478A6DAC7ABB7F09F3B63D015A0CD5ECA1EB4D0FD2CC8C38F9FD","net10","hmail_perf_pair_net10_20260831_head3","C:\hmail-perf-pair-service-20260901\net10\Data","393449EA88D8D3C63D044D759D715322FD07A6F365FB10F18C1F0F126C6B4675","100","15","one TCP client and one sequential IMAP session per sample","0","PASS","45FA907CE0D3797C1E13EBB2F03F076A25656CCE27E801C18F745ACD3944FBBD","5136EEC556F9790732AE759EF52F77FE6172329EA55787A80300C4A824107E46","1","15","True","False","1550.793",,"True","1000","True","True","1000","True"
"8b296f8a-58cc-44f9-9a49-b0933834f1ae","MANIFEST_BOUND","hmail-perf-pair-service-20260901","06EFCBA9520D478A6DAC7ABB7F09F3B63D015A0CD5ECA1EB4D0FD2CC8C38F9FD","net10","hmail_perf_pair_net10_20260831_head3","C:\hmail-perf-pair-service-20260901\net10\Data","393449EA88D8D3C63D044D759D715322FD07A6F365FB10F18C1F0F126C6B4675","100","15","one TCP client and one sequential IMAP session per sample","0","PASS","45FA907CE0D3797C1E13EBB2F03F076A25656CCE27E801C18F745ACD3944FBBD","5136EEC556F9790732AE759EF52F77FE6172329EA55787A80300C4A824107E46","1","16","True","False","1713.383",,"True","1000","True","True","1000","True"
"8b296f8a-58cc-44f9-9a49-b0933834f1ae","MANIFEST_BOUND","hmail-perf-pair-service-20260901","06EFCBA9520D478A6DAC7ABB7F09F3B63D015A0CD5ECA1EB4D0FD2CC8C38F9FD","net10","hmail_perf_pair_net10_20260831_head3","C:\hmail-perf-pair-service-20260901\net10\Data","393449EA88D8D3C63D044D759D715322FD07A6F365FB10F18C1F0F126C6B4675","100","15","one TCP client and one sequential IMAP session per sample","0","PASS","45FA907CE0D3797C1E13EBB2F03F076A25656CCE27E801C18F745ACD3944FBBD","5136EEC556F9790732AE759EF52F77FE6172329EA55787A80300C4A824107E46","1","17","True","False","1824.283",,"True","1000","True","True","1000","True"
"8b296f8a-58cc-44f9-9a49-b0933834f1ae","MANIFEST_BOUND","hmail-perf-pair-service-20260901","06EFCBA9520D478A6DAC7ABB7F09F3B63D015A0CD5ECA1EB4D0FD2CC8C38F9FD","net10","hmail_perf_pair_net10_20260831_head3","C:\hmail-perf-pair-service-20260901\net10\Data","393449EA88D8D3C63D044D759D715322FD07A6F365FB10F18C1F0F126C6B4675","100","15","one TCP client and one sequential IMAP session per sample","0","PASS","45FA907CE0D3797C1E13EBB2F03F076A25656CCE27E801C18F745ACD3944FBBD","5136EEC556F9790732AE759EF52F77FE6172329EA55787A80300C4A824107E46","1","18","True","False","2248.829",,"True","1000","True","True","1000","True"
"8b296f8a-58cc-44f9-9a49-b0933834f1ae","MANIFEST_BOUND","hmail-perf-pair-service-20260901","06EFCBA9520D478A6DAC7ABB7F09F3B63D015A0CD5ECA1EB4D0FD2CC8C38F9FD","net10","hmail_perf_pair_net10_20260831_head3","C:\hmail-perf-pair-service-20260901\net10\Data","393449EA88D8D3C63D044D759D715322FD07A6F365FB10F18C1F0F126C6B4675","100","15","one TCP client and one sequential IMAP session per sample","0","PASS","45FA907CE0D3797C1E13EBB2F03F076A25656CCE27E801C18F745ACD3944FBBD","5136EEC556F9790732AE759EF52F77FE6172329EA55787A80300C4A824107E46","1","19","True","False","768.215",,"True","1000","True","True","1000","True"
"8b296f8a-58cc-44f9-9a49-b0933834f1ae","MANIFEST_BOUND","hmail-perf-pair-service-20260901","06EFCBA9520D478A6DAC7ABB7F09F3B63D015A0CD5ECA1EB4D0FD2CC8C38F9FD","net10","hmail_perf_pair_net10_20260831_head3","C:\hmail-perf-pair-service-20260901\net10\Data","393449EA88D8D3C63D044D759D715322FD07A6F365FB10F18C1F0F126C6B4675","100","15","one TCP client and one sequential IMAP session per sample","0","PASS","45FA907CE0D3797C1E13EBB2F03F076A25656CCE27E801C18F745ACD3944FBBD","5136EEC556F9790732AE759EF52F77FE6172329EA55787A80300C4A824107E46","1","20","True","False","2137.498",,"True","1000","True","True","1000","True"
"8b296f8a-58cc-44f9-9a49-b0933834f1ae","MANIFEST_BOUND","hmail-perf-pair-service-20260901","06EFCBA9520D478A6DAC7ABB7F09F3B63D015A0CD5ECA1EB4D0FD2CC8C38F9FD","net10","hmail_perf_pair_net10_20260831_head3","C:\hmail-perf-pair-service-20260901\net10\Data","393449EA88D8D3C63D044D759D715322FD07A6F365FB10F18C1F0F126C6B4675","100","15","one TCP client and one sequential IMAP session per sample","0","PASS","45FA907CE0D3797C1E13EBB2F03F076A25656CCE27E801C18F745ACD3944FBBD","5136EEC556F9790732AE759EF52F77FE6172329EA55787A80300C4A824107E46","1","21","True","False","1758.135",,"True","1000","True","True","1000","True"
"8b296f8a-58cc-44f9-9a49-b0933834f1ae","MANIFEST_BOUND","hmail-perf-pair-service-20260901","06EFCBA9520D478A6DAC7ABB7F09F3B63D015A0CD5ECA1EB4D0FD2CC8C38F9FD","net10","hmail_perf_pair_net10_20260831_head3","C:\hmail-perf-pair-service-20260901\net10\Data","393449EA88D8D3C63D044D759D715322FD07A6F365FB10F18C1F0F126C6B4675","100","15","one TCP client and one sequential IMAP session per sample","0","PASS","45FA907CE0D3797C1E13EBB2F03F076A25656CCE27E801C18F745ACD3944FBBD","5136EEC556F9790732AE759EF52F77FE6172329EA55787A80300C4A824107E46","1","22","True","False","938.672",,"True","1000","True","True","1000","True"
"8b296f8a-58cc-44f9-9a49-b0933834f1ae","MANIFEST_BOUND","hmail-perf-pair-service-20260901","06EFCBA9520D478A6DAC7ABB7F09F3B63D015A0CD5ECA1EB4D0FD2CC8C38F9FD","net10","hmail_perf_pair_net10_20260831_head3","C:\hmail-perf-pair-service-20260901\net10\Data","393449EA88D8D3C63D044D759D715322FD07A6F365FB10F18C1F0F126C6B4675","100","15","one TCP client and one sequential IMAP session per sample","0","PASS","45FA907CE0D3797C1E13EBB2F03F076A25656CCE27E801C18F745ACD3944FBBD","5136EEC556F9790732AE759EF52F77FE6172329EA55787A80300C4A824107E46","1","23","True","False","1094.619",,"True","1000","True","True","1000","True"
"8b296f8a-58cc-44f9-9a49-b0933834f1ae","MANIFEST_BOUND","hmail-perf-pair-service-20260901","06EFCBA9520D478A6DAC7ABB7F09F3B63D015A0CD5ECA1EB4D0FD2CC8C38F9FD","net10","hmail_perf_pair_net10_20260831_head3","C:\hmail-perf-pair-service-20260901\net10\Data","393449EA88D8D3C63D044D759D715322FD07A6F365FB10F18C1F0F126C6B4675","100","15","one TCP client and one sequential IMAP session per sample","0","PASS","45FA907CE0D3797C1E13EBB2F03F076A25656CCE27E801C18F745ACD3944FBBD","5136EEC556F9790732AE759EF52F77FE6172329EA55787A80300C4A824107E46","1","24","True","False","713.142",,"True","1000","True","True","1000","True"
"8b296f8a-58cc-44f9-9a49-b0933834f1ae","MANIFEST_BOUND","hmail-perf-pair-service-20260901","06EFCBA9520D478A6DAC7ABB7F09F3B63D015A0CD5ECA1EB4D0FD2CC8C38F9FD","net10","hmail_perf_pair_net10_20260831_head3","C:\hmail-perf-pair-service-20260901\net10\Data","393449EA88D8D3C63D044D759D715322FD07A6F365FB10F18C1F0F126C6B4675","100","15","one TCP client and one sequential IMAP session per sample","0","PASS","45FA907CE0D3797C1E13EBB2F03F076A25656CCE27E801C18F745ACD3944FBBD","5136EEC556F9790732AE759EF52F77FE6172329EA55787A80300C4A824107E46","1","25","True","False","1433.102",,"True","1000","True","True","1000","True"
"8b296f8a-58cc-44f9-9a49-b0933834f1ae","MANIFEST_BOUND","hmail-perf-pair-service-20260901","06EFCBA9520D478A6DAC7ABB7F09F3B63D015A0CD5ECA1EB4D0FD2CC8C38F9FD","net10","hmail_perf_pair_net10_20260831_head3","C:\hmail-perf-pair-service-20260901\net10\Data","393449EA88D8D3C63D044D759D715322FD07A6F365FB10F18C1F0F126C6B4675","100","15","one TCP client and one sequential IMAP session per sample","0","PASS","45FA907CE0D3797C1E13EBB2F03F076A25656CCE27E801C18F745ACD3944FBBD","5136EEC556F9790732AE759EF52F77FE6172329EA55787A80300C4A824107E46","1","26","True","False","1551.681",,"True","1000","True","True","1000","True"
"8b296f8a-58cc-44f9-9a49-b0933834f1ae","MANIFEST_BOUND","hmail-perf-pair-service-20260901","06EFCBA9520D478A6DAC7ABB7F09F3B63D015A0CD5ECA1EB4D0FD2CC8C38F9FD","net10","hmail_perf_pair_net10_20260831_head3","C:\hmail-perf-pair-service-20260901\net10\Data","393449EA88D8D3C63D044D759D715322FD07A6F365FB10F18C1F0F126C6B4675","100","15","one TCP client and one sequential IMAP session per sample","0","PASS","45FA907CE0D3797C1E13EBB2F03F076A25656CCE27E801C18F745ACD3944FBBD","5136EEC556F9790732AE759EF52F77FE6172329EA55787A80300C4A824107E46","1","27","True","False","1712.26",,"True","1000","True","True","1000","True"
"8b296f8a-58cc-44f9-9a49-b0933834f1ae","MANIFEST_BOUND","hmail-perf-pair-service-20260901","06EFCBA9520D478A6DAC7ABB7F09F3B63D015A0CD5ECA1EB4D0FD2CC8C38F9FD","net10","hmail_perf_pair_net10_20260831_head3","C:\hmail-perf-pair-service-20260901\net10\Data","393449EA88D8D3C63D044D759D715322FD07A6F365FB10F18C1F0F126C6B4675","100","15","one TCP client and one sequential IMAP session per sample","0","PASS","45FA907CE0D3797C1E13EBB2F03F076A25656CCE27E801C18F745ACD3944FBBD","5136EEC556F9790732AE759EF52F77FE6172329EA55787A80300C4A824107E46","1","28","True","False","1734.402",,"True","1000","True","True","1000","True"
"8b296f8a-58cc-44f9-9a49-b0933834f1ae","MANIFEST_BOUND","hmail-perf-pair-service-20260901","06EFCBA9520D478A6DAC7ABB7F09F3B63D015A0CD5ECA1EB4D0FD2CC8C38F9FD","net10","hmail_perf_pair_net10_20260831_head3","C:\hmail-perf-pair-service-20260901\net10\Data","393449EA88D8D3C63D044D759D715322FD07A6F365FB10F18C1F0F126C6B4675","100","15","one TCP client and one sequential IMAP session per sample","0","PASS","45FA907CE0D3797C1E13EBB2F03F076A25656CCE27E801C18F745ACD3944FBBD","5136EEC556F9790732AE759EF52F77FE6172329EA55787A80300C4A824107E46","1","29","True","False","1970.474",,"True","1000","True","True","1000","True"
"8b296f8a-58cc-44f9-9a49-b0933834f1ae","MANIFEST_BOUND","hmail-perf-pair-service-20260901","06EFCBA9520D478A6DAC7ABB7F09F3B63D015A0CD5ECA1EB4D0FD2CC8C38F9FD","net10","hmail_perf_pair_net10_20260831_head3","C:\hmail-perf-pair-service-20260901\net10\Data","393449EA88D8D3C63D044D759D715322FD07A6F365FB10F18C1F0F126C6B4675","100","15","one TCP client and one sequential IMAP session per sample","0","PASS","45FA907CE0D3797C1E13EBB2F03F076A25656CCE27E801C18F745ACD3944FBBD","5136EEC556F9790732AE759EF52F77FE6172329EA55787A80300C4A824107E46","1","30","True","False","604.48",,"True","1000","True","True","1000","True"
"8b296f8a-58cc-44f9-9a49-b0933834f1ae","MANIFEST_BOUND","hmail-perf-pair-service-20260901","06EFCBA9520D478A6DAC7ABB7F09F3B63D015A0CD5ECA1EB4D0FD2CC8C38F9FD","net10","hmail_perf_pair_net10_20260831_head3","C:\hmail-perf-pair-service-20260901\net10\Data","393449EA88D8D3C63D044D759D715322FD07A6F365FB10F18C1F0F126C6B4675","100","15","one TCP client and one sequential IMAP session per sample","0","PASS","45FA907CE0D3797C1E13EBB2F03F076A25656CCE27E801C18F745ACD3944FBBD","5136EEC556F9790732AE759EF52F77FE6172329EA55787A80300C4A824107E46","1","31","True","False","2141.929",,"True","1000","True","True","1000","True"
"8b296f8a-58cc-44f9-9a49-b0933834f1ae","MANIFEST_BOUND","hmail-perf-pair-service-20260901","06EFCBA9520D478A6DAC7ABB7F09F3B63D015A0CD5ECA1EB4D0FD2CC8C38F9FD","net10","hmail_perf_pair_net10_20260831_head3","C:\hmail-perf-pair-service-20260901\net10\Data","393449EA88D8D3C63D044D759D715322FD07A6F365FB10F18C1F0F126C6B4675","100","15","one TCP client and one sequential IMAP session per sample","0","PASS","45FA907CE0D3797C1E13EBB2F03F076A25656CCE27E801C18F745ACD3944FBBD","5136EEC556F9790732AE759EF52F77FE6172329EA55787A80300C4A824107E46","1","32","True","False","1919.986",,"True","1000","True","True","1000","True"
"8b296f8a-58cc-44f9-9a49-b0933834f1ae","MANIFEST_BOUND","hmail-perf-pair-service-20260901","06EFCBA9520D478A6DAC7ABB7F09F3B63D015A0CD5ECA1EB4D0FD2CC8C38F9FD","net10","hmail_perf_pair_net10_20260831_head3","C:\hmail-perf-pair-service-20260901\net10\Data","393449EA88D8D3C63D044D759D715322FD07A6F365FB10F18C1F0F126C6B4675","100","15","one TCP client and one sequential IMAP session per sample","0","PASS","45FA907CE0D3797C1E13EBB2F03F076A25656CCE27E801C18F745ACD3944FBBD","5136EEC556F9790732AE759EF52F77FE6172329EA55787A80300C4A824107E46","1","33","True","False","1113.822",,"True","1000","True","True","1000","True"
"8b296f8a-58cc-44f9-9a49-b0933834f1ae","MANIFEST_BOUND","hmail-perf-pair-service-20260901","06EFCBA9520D478A6DAC7ABB7F09F3B63D015A0CD5ECA1EB4D0FD2CC8C38F9FD","net10","hmail_perf_pair_net10_20260831_head3","C:\hmail-perf-pair-service-20260901\net10\Data","393449EA88D8D3C63D044D759D715322FD07A6F365FB10F18C1F0F126C6B4675","100","15","one TCP client and one sequential IMAP session per sample","0","PASS","45FA907CE0D3797C1E13EBB2F03F076A25656CCE27E801C18F745ACD3944FBBD","5136EEC556F9790732AE759EF52F77FE6172329EA55787A80300C4A824107E46","1","34","True","False","1379.282",,"True","1000","True","True","1000","True"
"8b296f8a-58cc-44f9-9a49-b0933834f1ae","MANIFEST_BOUND","hmail-perf-pair-service-20260901","06EFCBA9520D478A6DAC7ABB7F09F3B63D015A0CD5ECA1EB4D0FD2CC8C38F9FD","net10","hmail_perf_pair_net10_20260831_head3","C:\hmail-perf-pair-service-20260901\net10\Data","393449EA88D8D3C63D044D759D715322FD07A6F365FB10F18C1F0F126C6B4675","100","15","one TCP client and one sequential IMAP session per sample","0","PASS","45FA907CE0D3797C1E13EBB2F03F076A25656CCE27E801C18F745ACD3944FBBD","5136EEC556F9790732AE759EF52F77FE6172329EA55787A80300C4A824107E46","1","35","True","False","2125.598",,"True","1000","True","True","1000","True"
"8b296f8a-58cc-44f9-9a49-b0933834f1ae","MANIFEST_BOUND","hmail-perf-pair-service-20260901","06EFCBA9520D478A6DAC7ABB7F09F3B63D015A0CD5ECA1EB4D0FD2CC8C38F9FD","net10","hmail_perf_pair_net10_20260831_head3","C:\hmail-perf-pair-service-20260901\net10\Data","393449EA88D8D3C63D044D759D715322FD07A6F365FB10F18C1F0F126C6B4675","100","15","one TCP client and one sequential IMAP session per sample","0","PASS","45FA907CE0D3797C1E13EBB2F03F076A25656CCE27E801C18F745ACD3944FBBD","5136EEC556F9790732AE759EF52F77FE6172329EA55787A80300C4A824107E46","1","36","True","False","1912.775",,"True","1000","True","True","1000","True"
"8b296f8a-58cc-44f9-9a49-b0933834f1ae","MANIFEST_BOUND","hmail-perf-pair-service-20260901","06EFCBA9520D478A6DAC7ABB7F09F3B63D015A0CD5ECA1EB4D0FD2CC8C38F9FD","net10","hmail_perf_pair_net10_20260831_head3","C:\hmail-perf-pair-service-20260901\net10\Data","393449EA88D8D3C63D044D759D715322FD07A6F365FB10F18C1F0F126C6B4675","100","15","one TCP client and one sequential IMAP session per sample","0","PASS","45FA907CE0D3797C1E13EBB2F03F076A25656CCE27E801C18F745ACD3944FBBD","5136EEC556F9790732AE759EF52F77FE6172329EA55787A80300C4A824107E46","1","37","True","False","1701.314",,"True","1000","True","True","1000","True"
"8b296f8a-58cc-44f9-9a49-b0933834f1ae","MANIFEST_BOUND","hmail-perf-pair-service-20260901","06EFCBA9520D478A6DAC7ABB7F09F3B63D015A0CD5ECA1EB4D0FD2CC8C38F9FD","net10","hmail_perf_pair_net10_20260831_head3","C:\hmail-perf-pair-service-20260901\net10\Data","393449EA88D8D3C63D044D759D715322FD07A6F365FB10F18C1F0F126C6B4675","100","15","one TCP client and one sequential IMAP session per sample","0","PASS","45FA907CE0D3797C1E13EBB2F03F076A25656CCE27E801C18F745ACD3944FBBD","5136EEC556F9790732AE759EF52F77FE6172329EA55787A80300C4A824107E46","1","38","True","False","1357.746",,"True","1000","True","True","1000","True"
"8b296f8a-58cc-44f9-9a49-b0933834f1ae","MANIFEST_BOUND","hmail-perf-pair-service-20260901","06EFCBA9520D478A6DAC7ABB7F09F3B63D015A0CD5ECA1EB4D0FD2CC8C38F9FD","net10","hmail_perf_pair_net10_20260831_head3","C:\hmail-perf-pair-service-20260901\net10\Data","393449EA88D8D3C63D044D759D715322FD07A6F365FB10F18C1F0F126C6B4675","100","15","one TCP client and one sequential IMAP session per sample","0","PASS","45FA907CE0D3797C1E13EBB2F03F076A25656CCE27E801C18F745ACD3944FBBD","5136EEC556F9790732AE759EF52F77FE6172329EA55787A80300C4A824107E46","1","39","True","False","640.424",,"True","1000","True","True","1000","True"
"8b296f8a-58cc-44f9-9a49-b0933834f1ae","MANIFEST_BOUND","hmail-perf-pair-service-20260901","06EFCBA9520D478A6DAC7ABB7F09F3B63D015A0CD5ECA1EB4D0FD2CC8C38F9FD","net10","hmail_perf_pair_net10_20260831_head3","C:\hmail-perf-pair-service-20260901\net10\Data","393449EA88D8D3C63D044D759D715322FD07A6F365FB10F18C1F0F126C6B4675","100","15","one TCP client and one sequential IMAP session per sample","0","PASS","45FA907CE0D3797C1E13EBB2F03F076A25656CCE27E801C18F745ACD3944FBBD","5136EEC556F9790732AE759EF52F77FE6172329EA55787A80300C4A824107E46","1","40","True","False","626.73",,"True","1000","True","True","1000","True"
"8b296f8a-58cc-44f9-9a49-b0933834f1ae","MANIFEST_BOUND","hmail-perf-pair-service-20260901","06EFCBA9520D478A6DAC7ABB7F09F3B63D015A0CD5ECA1EB4D0FD2CC8C38F9FD","net10","hmail_perf_pair_net10_20260831_head3","C:\hmail-perf-pair-service-20260901\net10\Data","393449EA88D8D3C63D044D759D715322FD07A6F365FB10F18C1F0F126C6B4675","100","15","one TCP client and one sequential IMAP session per sample","0","PASS","45FA907CE0D3797C1E13EBB2F03F076A25656CCE27E801C18F745ACD3944FBBD","5136EEC556F9790732AE759EF52F77FE6172329EA55787A80300C4A824107E46","1","41","True","False","1405.773",,"True","1000","True","True","1000","True"
"8b296f8a-58cc-44f9-9a49-b0933834f1ae","MANIFEST_BOUND","hmail-perf-pair-service-20260901","06EFCBA9520D478A6DAC7ABB7F09F3B63D015A0CD5ECA1EB4D0FD2CC8C38F9FD","net10","hmail_perf_pair_net10_20260831_head3","C:\hmail-perf-pair-service-20260901\net10\Data","393449EA88D8D3C63D044D759D715322FD07A6F365FB10F18C1F0F126C6B4675","100","15","one TCP client and one sequential IMAP session per sample","0","PASS","45FA907CE0D3797C1E13EBB2F03F076A25656CCE27E801C18F745ACD3944FBBD","5136EEC556F9790732AE759EF52F77FE6172329EA55787A80300C4A824107E46","1","42","True","False","1871.266",,"True","1000","True","True","1000","True"
"8b296f8a-58cc-44f9-9a49-b0933834f1ae","MANIFEST_BOUND","hmail-perf-pair-service-20260901","06EFCBA9520D478A6DAC7ABB7F09F3B63D015A0CD5ECA1EB4D0FD2CC8C38F9FD","net10","hmail_perf_pair_net10_20260831_head3","C:\hmail-perf-pair-service-20260901\net10\Data","393449EA88D8D3C63D044D759D715322FD07A6F365FB10F18C1F0F126C6B4675","100","15","one TCP client and one sequential IMAP session per sample","0","PASS","45FA907CE0D3797C1E13EBB2F03F076A25656CCE27E801C18F745ACD3944FBBD","5136EEC556F9790732AE759EF52F77FE6172329EA55787A80300C4A824107E46","1","43","True","False","1834.128",,"True","1000","True","True","1000","True"
"8b296f8a-58cc-44f9-9a49-b0933834f1ae","MANIFEST_BOUND","hmail-perf-pair-service-20260901","06EFCBA9520D478A6DAC7ABB7F09F3B63D015A0CD5ECA1EB4D0FD2CC8C38F9FD","net10","hmail_perf_pair_net10_20260831_head3","C:\hmail-perf-pair-service-20260901\net10\Data","393449EA88D8D3C63D044D759D715322FD07A6F365FB10F18C1F0F126C6B4675","100","15","one TCP client and one sequential IMAP session per sample","0","PASS","45FA907CE0D3797C1E13EBB2F03F076A25656CCE27E801C18F745ACD3944FBBD","5136EEC556F9790732AE759EF52F77FE6172329EA55787A80300C4A824107E46","1","44","True","False","1549.423",,"True","1000","True","True","1000","True"
"8b296f8a-58cc-44f9-9a49-b0933834f1ae","MANIFEST_BOUND","hmail-perf-pair-service-20260901","06EFCBA9520D478A6DAC7ABB7F09F3B63D015A0CD5ECA1EB4D0FD2CC8C38F9FD","net10","hmail_perf_pair_net10_20260831_head3","C:\hmail-perf-pair-service-20260901\net10\Data","393449EA88D8D3C63D044D759D715322FD07A6F365FB10F18C1F0F126C6B4675","100","15","one TCP client and one sequential IMAP session per sample","0","PASS","45FA907CE0D3797C1E13EBB2F03F076A25656CCE27E801C18F745ACD3944FBBD","5136EEC556F9790732AE759EF52F77FE6172329EA55787A80300C4A824107E46","1","45","True","False","1831.047",,"True","1000","True","True","1000","True"
"8b296f8a-58cc-44f9-9a49-b0933834f1ae","MANIFEST_BOUND","hmail-perf-pair-service-20260901","06EFCBA9520D478A6DAC7ABB7F09F3B63D015A0CD5ECA1EB4D0FD2CC8C38F9FD","net10","hmail_perf_pair_net10_20260831_head3","C:\hmail-perf-pair-service-20260901\net10\Data","393449EA88D8D3C63D044D759D715322FD07A6F365FB10F18C1F0F126C6B4675","100","15","one TCP client and one sequential IMAP session per sample","0","PASS","45FA907CE0D3797C1E13EBB2F03F076A25656CCE27E801C18F745ACD3944FBBD","5136EEC556F9790732AE759EF52F77FE6172329EA55787A80300C4A824107E46","1","46","True","False","462.873",,"True","1000","True","True","1000","True"
"8b296f8a-58cc-44f9-9a49-b0933834f1ae","MANIFEST_BOUND","hmail-perf-pair-service-20260901","06EFCBA9520D478A6DAC7ABB7F09F3B63D015A0CD5ECA1EB4D0FD2CC8C38F9FD","net10","hmail_perf_pair_net10_20260831_head3","C:\hmail-perf-pair-service-20260901\net10\Data","393449EA88D8D3C63D044D759D715322FD07A6F365FB10F18C1F0F126C6B4675","100","15","one TCP client and one sequential IMAP session per sample","0","PASS","45FA907CE0D3797C1E13EBB2F03F076A25656CCE27E801C18F745ACD3944FBBD","5136EEC556F9790732AE759EF52F77FE6172329EA55787A80300C4A824107E46","1","47","True","False","1219.457",,"True","1000","True","True","1000","True"
"8b296f8a-58cc-44f9-9a49-b0933834f1ae","MANIFEST_BOUND","hmail-perf-pair-service-20260901","06EFCBA9520D478A6DAC7ABB7F09F3B63D015A0CD5ECA1EB4D0FD2CC8C38F9FD","net10","hmail_perf_pair_net10_20260831_head3","C:\hmail-perf-pair-service-20260901\net10\Data","393449EA88D8D3C63D044D759D715322FD07A6F365FB10F18C1F0F126C6B4675","100","15","one TCP client and one sequential IMAP session per sample","0","PASS","45FA907CE0D3797C1E13EBB2F03F076A25656CCE27E801C18F745ACD3944FBBD","5136EEC556F9790732AE759EF52F77FE6172329EA55787A80300C4A824107E46","1","48","True","False","1550.384",,"True","1000","True","True","1000","True"
"8b296f8a-58cc-44f9-9a49-b0933834f1ae","MANIFEST_BOUND","hmail-perf-pair-service-20260901","06EFCBA9520D478A6DAC7ABB7F09F3B63D015A0CD5ECA1EB4D0FD2CC8C38F9FD","net10","hmail_perf_pair_net10_20260831_head3","C:\hmail-perf-pair-service-20260901\net10\Data","393449EA88D8D3C63D044D759D715322FD07A6F365FB10F18C1F0F126C6B4675","100","15","one TCP client and one sequential IMAP session per sample","0","PASS","45FA907CE0D3797C1E13EBB2F03F076A25656CCE27E801C18F745ACD3944FBBD","5136EEC556F9790732AE759EF52F77FE6172329EA55787A80300C4A824107E46","1","49","True","False","1394.746",,"True","1000","True","True","1000","True"
"8b296f8a-58cc-44f9-9a49-b0933834f1ae","MANIFEST_BOUND","hmail-perf-pair-service-20260901","06EFCBA9520D478A6DAC7ABB7F09F3B63D015A0CD5ECA1EB4D0FD2CC8C38F9FD","net10","hmail_perf_pair_net10_20260831_head3","C:\hmail-perf-pair-service-20260901\net10\Data","393449EA88D8D3C63D044D759D715322FD07A6F365FB10F18C1F0F126C6B4675","100","15","one TCP client and one sequential IMAP session per sample","0","PASS","45FA907CE0D3797C1E13EBB2F03F076A25656CCE27E801C18F745ACD3944FBBD","5136EEC556F9790732AE759EF52F77FE6172329EA55787A80300C4A824107E46","1","50","True","False","930.8",,"True","1000","True","True","1000","True"
"8b296f8a-58cc-44f9-9a49-b0933834f1ae","MANIFEST_BOUND","hmail-perf-pair-service-20260901","06EFCBA9520D478A6DAC7ABB7F09F3B63D015A0CD5ECA1EB4D0FD2CC8C38F9FD","net10","hmail_perf_pair_net10_20260831_head3","C:\hmail-perf-pair-service-20260901\net10\Data","393449EA88D8D3C63D044D759D715322FD07A6F365FB10F18C1F0F126C6B4675","100","15","one TCP client and one sequential IMAP session per sample","0","PASS","45FA907CE0D3797C1E13EBB2F03F076A25656CCE27E801C18F745ACD3944FBBD","5136EEC556F9790732AE759EF52F77FE6172329EA55787A80300C4A824107E46","1","51","True","False","1671.044",,"True","1000","True","True","1000","True"
"8b296f8a-58cc-44f9-9a49-b0933834f1ae","MANIFEST_BOUND","hmail-perf-pair-service-20260901","06EFCBA9520D478A6DAC7ABB7F09F3B63D015A0CD5ECA1EB4D0FD2CC8C38F9FD","net10","hmail_perf_pair_net10_20260831_head3","C:\hmail-perf-pair-service-20260901\net10\Data","393449EA88D8D3C63D044D759D715322FD07A6F365FB10F18C1F0F126C6B4675","100","15","one TCP client and one sequential IMAP session per sample","0","PASS","45FA907CE0D3797C1E13EBB2F03F076A25656CCE27E801C18F745ACD3944FBBD","5136EEC556F9790732AE759EF52F77FE6172329EA55787A80300C4A824107E46","1","52","True","False","1403.651",,"True","1000","True","True","1000","True"
"8b296f8a-58cc-44f9-9a49-b0933834f1ae","MANIFEST_BOUND","hmail-perf-pair-service-20260901","06EFCBA9520D478A6DAC7ABB7F09F3B63D015A0CD5ECA1EB4D0FD2CC8C38F9FD","net10","hmail_perf_pair_net10_20260831_head3","C:\hmail-perf-pair-service-20260901\net10\Data","393449EA88D8D3C63D044D759D715322FD07A6F365FB10F18C1F0F126C6B4675","100","15","one TCP client and one sequential IMAP session per sample","0","PASS","45FA907CE0D3797C1E13EBB2F03F076A25656CCE27E801C18F745ACD3944FBBD","5136EEC556F9790732AE759EF52F77FE6172329EA55787A80300C4A824107E46","1","53","True","False","1795.149",,"True","1000","True","True","1000","True"
"8b296f8a-58cc-44f9-9a49-b0933834f1ae","MANIFEST_BOUND","hmail-perf-pair-service-20260901","06EFCBA9520D478A6DAC7ABB7F09F3B63D015A0CD5ECA1EB4D0FD2CC8C38F9FD","net10","hmail_perf_pair_net10_20260831_head3","C:\hmail-perf-pair-service-20260901\net10\Data","393449EA88D8D3C63D044D759D715322FD07A6F365FB10F18C1F0F126C6B4675","100","15","one TCP client and one sequential IMAP session per sample","0","PASS","45FA907CE0D3797C1E13EBB2F03F076A25656CCE27E801C18F745ACD3944FBBD","5136EEC556F9790732AE759EF52F77FE6172329EA55787A80300C4A824107E46","1","54","True","False","1424.144",,"True","1000","True","True","1000","True"
"8b296f8a-58cc-44f9-9a49-b0933834f1ae","MANIFEST_BOUND","hmail-perf-pair-service-20260901","06EFCBA9520D478A6DAC7ABB7F09F3B63D015A0CD5ECA1EB4D0FD2CC8C38F9FD","net10","hmail_perf_pair_net10_20260831_head3","C:\hmail-perf-pair-service-20260901\net10\Data","393449EA88D8D3C63D044D759D715322FD07A6F365FB10F18C1F0F126C6B4675","100","15","one TCP client and one sequential IMAP session per sample","0","PASS","45FA907CE0D3797C1E13EBB2F03F076A25656CCE27E801C18F745ACD3944FBBD","5136EEC556F9790732AE759EF52F77FE6172329EA55787A80300C4A824107E46","1","55","True","False","1721.029",,"True","1000","True","True","1000","True"
"8b296f8a-58cc-44f9-9a49-b0933834f1ae","MANIFEST_BOUND","hmail-perf-pair-service-20260901","06EFCBA9520D478A6DAC7ABB7F09F3B63D015A0CD5ECA1EB4D0FD2CC8C38F9FD","net10","hmail_perf_pair_net10_20260831_head3","C:\hmail-perf-pair-service-20260901\net10\Data","393449EA88D8D3C63D044D759D715322FD07A6F365FB10F18C1F0F126C6B4675","100","15","one TCP client and one sequential IMAP session per sample","0","PASS","45FA907CE0D3797C1E13EBB2F03F076A25656CCE27E801C18F745ACD3944FBBD","5136EEC556F9790732AE759EF52F77FE6172329EA55787A80300C4A824107E46","1","56","True","False","1036.156",,"True","1000","True","True","1000","True"
"8b296f8a-58cc-44f9-9a49-b0933834f1ae","MANIFEST_BOUND","hmail-perf-pair-service-20260901","06EFCBA9520D478A6DAC7ABB7F09F3B63D015A0CD5ECA1EB4D0FD2CC8C38F9FD","net10","hmail_perf_pair_net10_20260831_head3","C:\hmail-perf-pair-service-20260901\net10\Data","393449EA88D8D3C63D044D759D715322FD07A6F365FB10F18C1F0F126C6B4675","100","15","one TCP client and one sequential IMAP session per sample","0","PASS","45FA907CE0D3797C1E13EBB2F03F076A25656CCE27E801C18F745ACD3944FBBD","5136EEC556F9790732AE759EF52F77FE6172329EA55787A80300C4A824107E46","1","57","True","False","1460.897",,"True","1000","True","True","1000","True"
"8b296f8a-58cc-44f9-9a49-b0933834f1ae","MANIFEST_BOUND","hmail-perf-pair-service-20260901","06EFCBA9520D478A6DAC7ABB7F09F3B63D015A0CD5ECA1EB4D0FD2CC8C38F9FD","net10","hmail_perf_pair_net10_20260831_head3","C:\hmail-perf-pair-service-20260901\net10\Data","393449EA88D8D3C63D044D759D715322FD07A6F365FB10F18C1F0F126C6B4675","100","15","one TCP client and one sequential IMAP session per sample","0","PASS","45FA907CE0D3797C1E13EBB2F03F076A25656CCE27E801C18F745ACD3944FBBD","5136EEC556F9790732AE759EF52F77FE6172329EA55787A80300C4A824107E46","1","58","True","False","1668.512",,"True","1000","True","True","1000","True"
"8b296f8a-58cc-44f9-9a49-b0933834f1ae","MANIFEST_BOUND","hmail-perf-pair-service-20260901","06EFCBA9520D478A6DAC7ABB7F09F3B63D015A0CD5ECA1EB4D0FD2CC8C38F9FD","net10","hmail_perf_pair_net10_20260831_head3","C:\hmail-perf-pair-service-20260901\net10\Data","393449EA88D8D3C63D044D759D715322FD07A6F365FB10F18C1F0F126C6B4675","100","15","one TCP client and one sequential IMAP session per sample","0","PASS","45FA907CE0D3797C1E13EBB2F03F076A25656CCE27E801C18F745ACD3944FBBD","5136EEC556F9790732AE759EF52F77FE6172329EA55787A80300C4A824107E46","1","59","True","False","1197.599",,"True","1000","True","True","1000","True"
"8b296f8a-58cc-44f9-9a49-b0933834f1ae","MANIFEST_BOUND","hmail-perf-pair-service-20260901","06EFCBA9520D478A6DAC7ABB7F09F3B63D015A0CD5ECA1EB4D0FD2CC8C38F9FD","net10","hmail_perf_pair_net10_20260831_head3","C:\hmail-perf-pair-service-20260901\net10\Data","393449EA88D8D3C63D044D759D715322FD07A6F365FB10F18C1F0F126C6B4675","100","15","one TCP client and one sequential IMAP session per sample","0","PASS","45FA907CE0D3797C1E13EBB2F03F076A25656CCE27E801C18F745ACD3944FBBD","5136EEC556F9790732AE759EF52F77FE6172329EA55787A80300C4A824107E46","1","60","True","False","460.948",,"True","1000","True","True","1000","True"
"8b296f8a-58cc-44f9-9a49-b0933834f1ae","MANIFEST_BOUND","hmail-perf-pair-service-20260901","06EFCBA9520D478A6DAC7ABB7F09F3B63D015A0CD5ECA1EB4D0FD2CC8C38F9FD","net10","hmail_perf_pair_net10_20260831_head3","C:\hmail-perf-pair-service-20260901\net10\Data","393449EA88D8D3C63D044D759D715322FD07A6F365FB10F18C1F0F126C6B4675","100","15","one TCP client and one sequential IMAP session per sample","0","PASS","45FA907CE0D3797C1E13EBB2F03F076A25656CCE27E801C18F745ACD3944FBBD","5136EEC556F9790732AE759EF52F77FE6172329EA55787A80300C4A824107E46","1","61","True","False","1218.24",,"True","1000","True","True","1000","True"
"8b296f8a-58cc-44f9-9a49-b0933834f1ae","MANIFEST_BOUND","hmail-perf-pair-service-20260901","06EFCBA9520D478A6DAC7ABB7F09F3B63D015A0CD5ECA1EB4D0FD2CC8C38F9FD","net10","hmail_perf_pair_net10_20260831_head3","C:\hmail-perf-pair-service-20260901\net10\Data","393449EA88D8D3C63D044D759D715322FD07A6F365FB10F18C1F0F126C6B4675","100","15","one TCP client and one sequential IMAP session per sample","0","PASS","45FA907CE0D3797C1E13EBB2F03F076A25656CCE27E801C18F745ACD3944FBBD","5136EEC556F9790732AE759EF52F77FE6172329EA55787A80300C4A824107E46","1","62","True","False","778.416",,"True","1000","True","True","1000","True"
"8b296f8a-58cc-44f9-9a49-b0933834f1ae","MANIFEST_BOUND","hmail-perf-pair-service-20260901","06EFCBA9520D478A6DAC7ABB7F09F3B63D015A0CD5ECA1EB4D0FD2CC8C38F9FD","net10","hmail_perf_pair_net10_20260831_head3","C:\hmail-perf-pair-service-20260901\net10\Data","393449EA88D8D3C63D044D759D715322FD07A6F365FB10F18C1F0F126C6B4675","100","15","one TCP client and one sequential IMAP session per sample","0","PASS","45FA907CE0D3797C1E13EBB2F03F076A25656CCE27E801C18F745ACD3944FBBD","5136EEC556F9790732AE759EF52F77FE6172329EA55787A80300C4A824107E46","1","63","True","False","1540.432",,"True","1000","True","True","1000","True"
"8b296f8a-58cc-44f9-9a49-b0933834f1ae","MANIFEST_BOUND","hmail-perf-pair-service-20260901","06EFCBA9520D478A6DAC7ABB7F09F3B63D015A0CD5ECA1EB4D0FD2CC8C38F9FD","net10","hmail_perf_pair_net10_20260831_head3","C:\hmail-perf-pair-service-20260901\net10\Data","393449EA88D8D3C63D044D759D715322FD07A6F365FB10F18C1F0F126C6B4675","100","15","one TCP client and one sequential IMAP session per sample","0","PASS","45FA907CE0D3797C1E13EBB2F03F076A25656CCE27E801C18F745ACD3944FBBD","5136EEC556F9790732AE759EF52F77FE6172329EA55787A80300C4A824107E46","1","64","True","False","1951.955",,"True","1000","True","True","1000","True"
"8b296f8a-58cc-44f9-9a49-b0933834f1ae","MANIFEST_BOUND","hmail-perf-pair-service-20260901","06EFCBA9520D478A6DAC7ABB7F09F3B63D015A0CD5ECA1EB4D0FD2CC8C38F9FD","net10","hmail_perf_pair_net10_20260831_head3","C:\hmail-perf-pair-service-20260901\net10\Data","393449EA88D8D3C63D044D759D715322FD07A6F365FB10F18C1F0F126C6B4675","100","15","one TCP client and one sequential IMAP session per sample","0","PASS","45FA907CE0D3797C1E13EBB2F03F076A25656CCE27E801C18F745ACD3944FBBD","5136EEC556F9790732AE759EF52F77FE6172329EA55787A80300C4A824107E46","1","65","True","False","1427.949",,"True","1000","True","True","1000","True"
"8b296f8a-58cc-44f9-9a49-b0933834f1ae","MANIFEST_BOUND","hmail-perf-pair-service-20260901","06EFCBA9520D478A6DAC7ABB7F09F3B63D015A0CD5ECA1EB4D0FD2CC8C38F9FD","net10","hmail_perf_pair_net10_20260831_head3","C:\hmail-perf-pair-service-20260901\net10\Data","393449EA88D8D3C63D044D759D715322FD07A6F365FB10F18C1F0F126C6B4675","100","15","one TCP client and one sequential IMAP session per sample","0","PASS","45FA907CE0D3797C1E13EBB2F03F076A25656CCE27E801C18F745ACD3944FBBD","5136EEC556F9790732AE759EF52F77FE6172329EA55787A80300C4A824107E46","1","66","True","False","446.846",,"True","1000","True","True","1000","True"
"8b296f8a-58cc-44f9-9a49-b0933834f1ae","MANIFEST_BOUND","hmail-perf-pair-service-20260901","06EFCBA9520D478A6DAC7ABB7F09F3B63D015A0CD5ECA1EB4D0FD2CC8C38F9FD","net10","hmail_perf_pair_net10_20260831_head3","C:\hmail-perf-pair-service-20260901\net10\Data","393449EA88D8D3C63D044D759D715322FD07A6F365FB10F18C1F0F126C6B4675","100","15","one TCP client and one sequential IMAP session per sample","0","PASS","45FA907CE0D3797C1E13EBB2F03F076A25656CCE27E801C18F745ACD3944FBBD","5136EEC556F9790732AE759EF52F77FE6172329EA55787A80300C4A824107E46","1","67","True","False","1955.424",,"True","1000","True","True","1000","True"
"8b296f8a-58cc-44f9-9a49-b0933834f1ae","MANIFEST_BOUND","hmail-perf-pair-service-20260901","06EFCBA9520D478A6DAC7ABB7F09F3B63D015A0CD5ECA1EB4D0FD2CC8C38F9FD","net10","hmail_perf_pair_net10_20260831_head3","C:\hmail-perf-pair-service-20260901\net10\Data","393449EA88D8D3C63D044D759D715322FD07A6F365FB10F18C1F0F126C6B4675","100","15","one TCP client and one sequential IMAP session per sample","0","PASS","45FA907CE0D3797C1E13EBB2F03F076A25656CCE27E801C18F745ACD3944FBBD","5136EEC556F9790732AE759EF52F77FE6172329EA55787A80300C4A824107E46","1","68","True","False","1571.713",,"True","1000","True","True","1000","True"
"8b296f8a-58cc-44f9-9a49-b0933834f1ae","MANIFEST_BOUND","hmail-perf-pair-service-20260901","06EFCBA9520D478A6DAC7ABB7F09F3B63D015A0CD5ECA1EB4D0FD2CC8C38F9FD","net10","hmail_perf_pair_net10_20260831_head3","C:\hmail-perf-pair-service-20260901\net10\Data","393449EA88D8D3C63D044D759D715322FD07A6F365FB10F18C1F0F126C6B4675","100","15","one TCP client and one sequential IMAP session per sample","0","PASS","45FA907CE0D3797C1E13EBB2F03F076A25656CCE27E801C18F745ACD3944FBBD","5136EEC556F9790732AE759EF52F77FE6172329EA55787A80300C4A824107E46","1","69","True","False","1694.164",,"True","1000","True","True","1000","True"
"8b296f8a-58cc-44f9-9a49-b0933834f1ae","MANIFEST_BOUND","hmail-perf-pair-service-20260901","06EFCBA9520D478A6DAC7ABB7F09F3B63D015A0CD5ECA1EB4D0FD2CC8C38F9FD","net10","hmail_perf_pair_net10_20260831_head3","C:\hmail-perf-pair-service-20260901\net10\Data","393449EA88D8D3C63D044D759D715322FD07A6F365FB10F18C1F0F126C6B4675","100","15","one TCP client and one sequential IMAP session per sample","0","PASS","45FA907CE0D3797C1E13EBB2F03F076A25656CCE27E801C18F745ACD3944FBBD","5136EEC556F9790732AE759EF52F77FE6172329EA55787A80300C4A824107E46","1","70","True","False","1530.175",,"True","1000","True","True","1000","True"
"8b296f8a-58cc-44f9-9a49-b0933834f1ae","MANIFEST_BOUND","hmail-perf-pair-service-20260901","06EFCBA9520D478A6DAC7ABB7F09F3B63D015A0CD5ECA1EB4D0FD2CC8C38F9FD","net10","hmail_perf_pair_net10_20260831_head3","C:\hmail-perf-pair-service-20260901\net10\Data","393449EA88D8D3C63D044D759D715322FD07A6F365FB10F18C1F0F126C6B4675","100","15","one TCP client and one sequential IMAP session per sample","0","PASS","45FA907CE0D3797C1E13EBB2F03F076A25656CCE27E801C18F745ACD3944FBBD","5136EEC556F9790732AE759EF52F77FE6172329EA55787A80300C4A824107E46","1","71","True","False","1586.841",,"True","1000","True","True","1000","True"
"8b296f8a-58cc-44f9-9a49-b0933834f1ae","MANIFEST_BOUND","hmail-perf-pair-service-20260901","06EFCBA9520D478A6DAC7ABB7F09F3B63D015A0CD5ECA1EB4D0FD2CC8C38F9FD","net10","hmail_perf_pair_net10_20260831_head3","C:\hmail-perf-pair-service-20260901\net10\Data","393449EA88D8D3C63D044D759D715322FD07A6F365FB10F18C1F0F126C6B4675","100","15","one TCP client and one sequential IMAP session per sample","0","PASS","45FA907CE0D3797C1E13EBB2F03F076A25656CCE27E801C18F745ACD3944FBBD","5136EEC556F9790732AE759EF52F77FE6172329EA55787A80300C4A824107E46","1","72","True","False","1407.619",,"True","1000","True","True","1000","True"
"8b296f8a-58cc-44f9-9a49-b0933834f1ae","MANIFEST_BOUND","hmail-perf-pair-service-20260901","06EFCBA9520D478A6DAC7ABB7F09F3B63D015A0CD5ECA1EB4D0FD2CC8C38F9FD","net10","hmail_perf_pair_net10_20260831_head3","C:\hmail-perf-pair-service-20260901\net10\Data","393449EA88D8D3C63D044D759D715322FD07A6F365FB10F18C1F0F126C6B4675","100","15","one TCP client and one sequential IMAP session per sample","0","PASS","45FA907CE0D3797C1E13EBB2F03F076A25656CCE27E801C18F745ACD3944FBBD","5136EEC556F9790732AE759EF52F77FE6172329EA55787A80300C4A824107E46","1","73","True","False","1420.159",,"True","1000","True","True","1000","True"
"8b296f8a-58cc-44f9-9a49-b0933834f1ae","MANIFEST_BOUND","hmail-perf-pair-service-20260901","06EFCBA9520D478A6DAC7ABB7F09F3B63D015A0CD5ECA1EB4D0FD2CC8C38F9FD","net10","hmail_perf_pair_net10_20260831_head3","C:\hmail-perf-pair-service-20260901\net10\Data","393449EA88D8D3C63D044D759D715322FD07A6F365FB10F18C1F0F126C6B4675","100","15","one TCP client and one sequential IMAP session per sample","0","PASS","45FA907CE0D3797C1E13EBB2F03F076A25656CCE27E801C18F745ACD3944FBBD","5136EEC556F9790732AE759EF52F77FE6172329EA55787A80300C4A824107E46","1","74","True","False","838.333",,"True","1000","True","True","1000","True"
"8b296f8a-58cc-44f9-9a49-b0933834f1ae","MANIFEST_BOUND","hmail-perf-pair-service-20260901","06EFCBA9520D478A6DAC7ABB7F09F3B63D015A0CD5ECA1EB4D0FD2CC8C38F9FD","net10","hmail_perf_pair_net10_20260831_head3","C:\hmail-perf-pair-service-20260901\net10\Data","393449EA88D8D3C63D044D759D715322FD07A6F365FB10F18C1F0F126C6B4675","100","15","one TCP client and one sequential IMAP session per sample","0","PASS","45FA907CE0D3797C1E13EBB2F03F076A25656CCE27E801C18F745ACD3944FBBD","5136EEC556F9790732AE759EF52F77FE6172329EA55787A80300C4A824107E46","1","75","True","False","1844.638",,"True","1000","True","True","1000","True"
"8b296f8a-58cc-44f9-9a49-b0933834f1ae","MANIFEST_BOUND","hmail-perf-pair-service-20260901","06EFCBA9520D478A6DAC7ABB7F09F3B63D015A0CD5ECA1EB4D0FD2CC8C38F9FD","net10","hmail_perf_pair_net10_20260831_head3","C:\hmail-perf-pair-service-20260901\net10\Data","393449EA88D8D3C63D044D759D715322FD07A6F365FB10F18C1F0F126C6B4675","100","15","one TCP client and one sequential IMAP session per sample","0","PASS","45FA907CE0D3797C1E13EBB2F03F076A25656CCE27E801C18F745ACD3944FBBD","5136EEC556F9790732AE759EF52F77FE6172329EA55787A80300C4A824107E46","1","76","True","False","1942.369",,"True","1000","True","True","1000","True"
"8b296f8a-58cc-44f9-9a49-b0933834f1ae","MANIFEST_BOUND","hmail-perf-pair-service-20260901","06EFCBA9520D478A6DAC7ABB7F09F3B63D015A0CD5ECA1EB4D0FD2CC8C38F9FD","net10","hmail_perf_pair_net10_20260831_head3","C:\hmail-perf-pair-service-20260901\net10\Data","393449EA88D8D3C63D044D759D715322FD07A6F365FB10F18C1F0F126C6B4675","100","15","one TCP client and one sequential IMAP session per sample","0","PASS","45FA907CE0D3797C1E13EBB2F03F076A25656CCE27E801C18F745ACD3944FBBD","5136EEC556F9790732AE759EF52F77FE6172329EA55787A80300C4A824107E46","1","77","True","False","1024.453",,"True","1000","True","True","1000","True"
"8b296f8a-58cc-44f9-9a49-b0933834f1ae","MANIFEST_BOUND","hmail-perf-pair-service-20260901","06EFCBA9520D478A6DAC7ABB7F09F3B63D015A0CD5ECA1EB4D0FD2CC8C38F9FD","net10","hmail_perf_pair_net10_20260831_head3","C:\hmail-perf-pair-service-20260901\net10\Data","393449EA88D8D3C63D044D759D715322FD07A6F365FB10F18C1F0F126C6B4675","100","15","one TCP client and one sequential IMAP session per sample","0","PASS","45FA907CE0D3797C1E13EBB2F03F076A25656CCE27E801C18F745ACD3944FBBD","5136EEC556F9790732AE759EF52F77FE6172329EA55787A80300C4A824107E46","1","78","True","False","762.537",,"True","1000","True","True","1000","True"
"8b296f8a-58cc-44f9-9a49-b0933834f1ae","MANIFEST_BOUND","hmail-perf-pair-service-20260901","06EFCBA9520D478A6DAC7ABB7F09F3B63D015A0CD5ECA1EB4D0FD2CC8C38F9FD","net10","hmail_perf_pair_net10_20260831_head3","C:\hmail-perf-pair-service-20260901\net10\Data","393449EA88D8D3C63D044D759D715322FD07A6F365FB10F18C1F0F126C6B4675","100","15","one TCP client and one sequential IMAP session per sample","0","PASS","45FA907CE0D3797C1E13EBB2F03F076A25656CCE27E801C18F745ACD3944FBBD","5136EEC556F9790732AE759EF52F77FE6172329EA55787A80300C4A824107E46","1","79","True","False","1129.613",,"True","1000","True","True","1000","True"
"8b296f8a-58cc-44f9-9a49-b0933834f1ae","MANIFEST_BOUND","hmail-perf-pair-service-20260901","06EFCBA9520D478A6DAC7ABB7F09F3B63D015A0CD5ECA1EB4D0FD2CC8C38F9FD","net10","hmail_perf_pair_net10_20260831_head3","C:\hmail-perf-pair-service-20260901\net10\Data","393449EA88D8D3C63D044D759D715322FD07A6F365FB10F18C1F0F126C6B4675","100","15","one TCP client and one sequential IMAP session per sample","0","PASS","45FA907CE0D3797C1E13EBB2F03F076A25656CCE27E801C18F745ACD3944FBBD","5136EEC556F9790732AE759EF52F77FE6172329EA55787A80300C4A824107E46","1","80","True","False","1046.196",,"True","1000","True","True","1000","True"
"8b296f8a-58cc-44f9-9a49-b0933834f1ae","MANIFEST_BOUND","hmail-perf-pair-service-20260901","06EFCBA9520D478A6DAC7ABB7F09F3B63D015A0CD5ECA1EB4D0FD2CC8C38F9FD","net10","hmail_perf_pair_net10_20260831_head3","C:\hmail-perf-pair-service-20260901\net10\Data","393449EA88D8D3C63D044D759D715322FD07A6F365FB10F18C1F0F126C6B4675","100","15","one TCP client and one sequential IMAP session per sample","0","PASS","45FA907CE0D3797C1E13EBB2F03F076A25656CCE27E801C18F745ACD3944FBBD","5136EEC556F9790732AE759EF52F77FE6172329EA55787A80300C4A824107E46","1","81","True","False","733.112",,"True","1000","True","True","1000","True"
"8b296f8a-58cc-44f9-9a49-b0933834f1ae","MANIFEST_BOUND","hmail-perf-pair-service-20260901","06EFCBA9520D478A6DAC7ABB7F09F3B63D015A0CD5ECA1EB4D0FD2CC8C38F9FD","net10","hmail_perf_pair_net10_20260831_head3","C:\hmail-perf-pair-service-20260901\net10\Data","393449EA88D8D3C63D044D759D715322FD07A6F365FB10F18C1F0F126C6B4675","100","15","one TCP client and one sequential IMAP session per sample","0","PASS","45FA907CE0D3797C1E13EBB2F03F076A25656CCE27E801C18F745ACD3944FBBD","5136EEC556F9790732AE759EF52F77FE6172329EA55787A80300C4A824107E46","1","82","True","False","848.583",,"True","1000","True","True","1000","True"
"8b296f8a-58cc-44f9-9a49-b0933834f1ae","MANIFEST_BOUND","hmail-perf-pair-service-20260901","06EFCBA9520D478A6DAC7ABB7F09F3B63D015A0CD5ECA1EB4D0FD2CC8C38F9FD","net10","hmail_perf_pair_net10_20260831_head3","C:\hmail-perf-pair-service-20260901\net10\Data","393449EA88D8D3C63D044D759D715322FD07A6F365FB10F18C1F0F126C6B4675","100","15","one TCP client and one sequential IMAP session per sample","0","PASS","45FA907CE0D3797C1E13EBB2F03F076A25656CCE27E801C18F745ACD3944FBBD","5136EEC556F9790732AE759EF52F77FE6172329EA55787A80300C4A824107E46","1","83","True","False","714.211",,"True","1000","True","True","1000","True"
"8b296f8a-58cc-44f9-9a49-b0933834f1ae","MANIFEST_BOUND","hmail-perf-pair-service-20260901","06EFCBA9520D478A6DAC7ABB7F09F3B63D015A0CD5ECA1EB4D0FD2CC8C38F9FD","net10","hmail_perf_pair_net10_20260831_head3","C:\hmail-perf-pair-service-20260901\net10\Data","393449EA88D8D3C63D044D759D715322FD07A6F365FB10F18C1F0F126C6B4675","100","15","one TCP client and one sequential IMAP session per sample","0","PASS","45FA907CE0D3797C1E13EBB2F03F076A25656CCE27E801C18F745ACD3944FBBD","5136EEC556F9790732AE759EF52F77FE6172329EA55787A80300C4A824107E46","1","84","True","False","651.335",,"True","1000","True","True","1000","True"
"8b296f8a-58cc-44f9-9a49-b0933834f1ae","MANIFEST_BOUND","hmail-perf-pair-service-20260901","06EFCBA9520D478A6DAC7ABB7F09F3B63D015A0CD5ECA1EB4D0FD2CC8C38F9FD","net10","hmail_perf_pair_net10_20260831_head3","C:\hmail-perf-pair-service-20260901\net10\Data","393449EA88D8D3C63D044D759D715322FD07A6F365FB10F18C1F0F126C6B4675","100","15","one TCP client and one sequential IMAP session per sample","0","PASS","45FA907CE0D3797C1E13EBB2F03F076A25656CCE27E801C18F745ACD3944FBBD","5136EEC556F9790732AE759EF52F77FE6172329EA55787A80300C4A824107E46","1","85","True","False","380.902",,"True","1000","True","True","1000","True"
"8b296f8a-58cc-44f9-9a49-b0933834f1ae","MANIFEST_BOUND","hmail-perf-pair-service-20260901","06EFCBA9520D478A6DAC7ABB7F09F3B63D015A0CD5ECA1EB4D0FD2CC8C38F9FD","net10","hmail_perf_pair_net10_20260831_head3","C:\hmail-perf-pair-service-20260901\net10\Data","393449EA88D8D3C63D044D759D715322FD07A6F365FB10F18C1F0F126C6B4675","100","15","one TCP client and one sequential IMAP session per sample","0","PASS","45FA907CE0D3797C1E13EBB2F03F076A25656CCE27E801C18F745ACD3944FBBD","5136EEC556F9790732AE759EF52F77FE6172329EA55787A80300C4A824107E46","1","86","True","False","414.514",,"True","1000","True","True","1000","True"
"8b296f8a-58cc-44f9-9a49-b0933834f1ae","MANIFEST_BOUND","hmail-perf-pair-service-20260901","06EFCBA9520D478A6DAC7ABB7F09F3B63D015A0CD5ECA1EB4D0FD2CC8C38F9FD","net10","hmail_perf_pair_net10_20260831_head3","C:\hmail-perf-pair-service-20260901\net10\Data","393449EA88D8D3C63D044D759D715322FD07A6F365FB10F18C1F0F126C6B4675","100","15","one TCP client and one sequential IMAP session per sample","0","PASS","45FA907CE0D3797C1E13EBB2F03F076A25656CCE27E801C18F745ACD3944FBBD","5136EEC556F9790732AE759EF52F77FE6172329EA55787A80300C4A824107E46","1","87","True","False","803.97",,"True","1000","True","True","1000","True"
"8b296f8a-58cc-44f9-9a49-b0933834f1ae","MANIFEST_BOUND","hmail-perf-pair-service-20260901","06EFCBA9520D478A6DAC7ABB7F09F3B63D015A0CD5ECA1EB4D0FD2CC8C38F9FD","net10","hmail_perf_pair_net10_20260831_head3","C:\hmail-perf-pair-service-20260901\net10\Data","393449EA88D8D3C63D044D759D715322FD07A6F365FB10F18C1F0F126C6B4675","100","15","one TCP client and one sequential IMAP session per sample","0","PASS","45FA907CE0D3797C1E13EBB2F03F076A25656CCE27E801C18F745ACD3944FBBD","5136EEC556F9790732AE759EF52F77FE6172329EA55787A80300C4A824107E46","1","88","True","False","399.277",,"True","1000","True","True","1000","True"
"8b296f8a-58cc-44f9-9a49-b0933834f1ae","MANIFEST_BOUND","hmail-perf-pair-service-20260901","06EFCBA9520D478A6DAC7ABB7F09F3B63D015A0CD5ECA1EB4D0FD2CC8C38F9FD","net10","hmail_perf_pair_net10_20260831_head3","C:\hmail-perf-pair-service-20260901\net10\Data","393449EA88D8D3C63D044D759D715322FD07A6F365FB10F18C1F0F126C6B4675","100","15","one TCP client and one sequential IMAP session per sample","0","PASS","45FA907CE0D3797C1E13EBB2F03F076A25656CCE27E801C18F745ACD3944FBBD","5136EEC556F9790732AE759EF52F77FE6172329EA55787A80300C4A824107E46","1","89","True","False","385.69",,"True","1000","True","True","1000","True"
"8b296f8a-58cc-44f9-9a49-b0933834f1ae","MANIFEST_BOUND","hmail-perf-pair-service-20260901","06EFCBA9520D478A6DAC7ABB7F09F3B63D015A0CD5ECA1EB4D0FD2CC8C38F9FD","net10","hmail_perf_pair_net10_20260831_head3","C:\hmail-perf-pair-service-20260901\net10\Data","393449EA88D8D3C63D044D759D715322FD07A6F365FB10F18C1F0F126C6B4675","100","15","one TCP client and one sequential IMAP session per sample","0","PASS","45FA907CE0D3797C1E13EBB2F03F076A25656CCE27E801C18F745ACD3944FBBD","5136EEC556F9790732AE759EF52F77FE6172329EA55787A80300C4A824107E46","1","90","True","False","420.369",,"True","1000","True","True","1000","True"
"8b296f8a-58cc-44f9-9a49-b0933834f1ae","MANIFEST_BOUND","hmail-perf-pair-service-20260901","06EFCBA9520D478A6DAC7ABB7F09F3B63D015A0CD5ECA1EB4D0FD2CC8C38F9FD","net10","hmail_perf_pair_net10_20260831_head3","C:\hmail-perf-pair-service-20260901\net10\Data","393449EA88D8D3C63D044D759D715322FD07A6F365FB10F18C1F0F126C6B4675","100","15","one TCP client and one sequential IMAP session per sample","0","PASS","45FA907CE0D3797C1E13EBB2F03F076A25656CCE27E801C18F745ACD3944FBBD","5136EEC556F9790732AE759EF52F77FE6172329EA55787A80300C4A824107E46","1","91","True","False","399.805",,"True","1000","True","True","1000","True"
"8b296f8a-58cc-44f9-9a49-b0933834f1ae","MANIFEST_BOUND","hmail-perf-pair-service-20260901","06EFCBA9520D478A6DAC7ABB7F09F3B63D015A0CD5ECA1EB4D0FD2CC8C38F9FD","net10","hmail_perf_pair_net10_20260831_head3","C:\hmail-perf-pair-service-20260901\net10\Data","393449EA88D8D3C63D044D759D715322FD07A6F365FB10F18C1F0F126C6B4675","100","15","one TCP client and one sequential IMAP session per sample","0","PASS","45FA907CE0D3797C1E13EBB2F03F076A25656CCE27E801C18F745ACD3944FBBD","5136EEC556F9790732AE759EF52F77FE6172329EA55787A80300C4A824107E46","1","92","True","False","937.658",,"True","1000","True","True","1000","True"
"8b296f8a-58cc-44f9-9a49-b0933834f1ae","MANIFEST_BOUND","hmail-perf-pair-service-20260901","06EFCBA9520D478A6DAC7ABB7F09F3B63D015A0CD5ECA1EB4D0FD2CC8C38F9FD","net10","hmail_perf_pair_net10_20260831_head3","C:\hmail-perf-pair-service-20260901\net10\Data","393449EA88D8D3C63D044D759D715322FD07A6F365FB10F18C1F0F126C6B4675","100","15","one TCP client and one sequential IMAP session per sample","0","PASS","45FA907CE0D3797C1E13EBB2F03F076A25656CCE27E801C18F745ACD3944FBBD","5136EEC556F9790732AE759EF52F77FE6172329EA55787A80300C4A824107E46","1","93","True","False","408.117",,"True","1000","True","True","1000","True"
"8b296f8a-58cc-44f9-9a49-b0933834f1ae","MANIFEST_BOUND","hmail-perf-pair-service-20260901","06EFCBA9520D478A6DAC7ABB7F09F3B63D015A0CD5ECA1EB4D0FD2CC8C38F9FD","net10","hmail_perf_pair_net10_20260831_head3","C:\hmail-perf-pair-service-20260901\net10\Data","393449EA88D8D3C63D044D759D715322FD07A6F365FB10F18C1F0F126C6B4675","100","15","one TCP client and one sequential IMAP session per sample","0","PASS","45FA907CE0D3797C1E13EBB2F03F076A25656CCE27E801C18F745ACD3944FBBD","5136EEC556F9790732AE759EF52F77FE6172329EA55787A80300C4A824107E46","1","94","True","False","2018.005",,"True","1000","True","True","1000","True"
"8b296f8a-58cc-44f9-9a49-b0933834f1ae","MANIFEST_BOUND","hmail-perf-pair-service-20260901","06EFCBA9520D478A6DAC7ABB7F09F3B63D015A0CD5ECA1EB4D0FD2CC8C38F9FD","net10","hmail_perf_pair_net10_20260831_head3","C:\hmail-perf-pair-service-20260901\net10\Data","393449EA88D8D3C63D044D759D715322FD07A6F365FB10F18C1F0F126C6B4675","100","15","one TCP client and one sequential IMAP session per sample","0","PASS","45FA907CE0D3797C1E13EBB2F03F076A25656CCE27E801C18F745ACD3944FBBD","5136EEC556F9790732AE759EF52F77FE6172329EA55787A80300C4A824107E46","1","95","True","False","1010.477",,"True","1000","True","True","1000","True"
"8b296f8a-58cc-44f9-9a49-b0933834f1ae","MANIFEST_BOUND","hmail-perf-pair-service-20260901","06EFCBA9520D478A6DAC7ABB7F09F3B63D015A0CD5ECA1EB4D0FD2CC8C38F9FD","net10","hmail_perf_pair_net10_20260831_head3","C:\hmail-perf-pair-service-20260901\net10\Data","393449EA88D8D3C63D044D759D715322FD07A6F365FB10F18C1F0F126C6B4675","100","15","one TCP client and one sequential IMAP session per sample","0","PASS","45FA907CE0D3797C1E13EBB2F03F076A25656CCE27E801C18F745ACD3944FBBD","5136EEC556F9790732AE759EF52F77FE6172329EA55787A80300C4A824107E46","1","96","True","False","719.213",,"True","1000","True","True","1000","True"
"8b296f8a-58cc-44f9-9a49-b0933834f1ae","MANIFEST_BOUND","hmail-perf-pair-service-20260901","06EFCBA9520D478A6DAC7ABB7F09F3B63D015A0CD5ECA1EB4D0FD2CC8C38F9FD","net10","hmail_perf_pair_net10_20260831_head3","C:\hmail-perf-pair-service-20260901\net10\Data","393449EA88D8D3C63D044D759D715322FD07A6F365FB10F18C1F0F126C6B4675","100","15","one TCP client and one sequential IMAP session per sample","0","PASS","45FA907CE0D3797C1E13EBB2F03F076A25656CCE27E801C18F745ACD3944FBBD","5136EEC556F9790732AE759EF52F77FE6172329EA55787A80300C4A824107E46","1","97","True","False","713.095",,"True","1000","True","True","1000","True"
"8b296f8a-58cc-44f9-9a49-b0933834f1ae","MANIFEST_BOUND","hmail-perf-pair-service-20260901","06EFCBA9520D478A6DAC7ABB7F09F3B63D015A0CD5ECA1EB4D0FD2CC8C38F9FD","net10","hmail_perf_pair_net10_20260831_head3","C:\hmail-perf-pair-service-20260901\net10\Data","393449EA88D8D3C63D044D759D715322FD07A6F365FB10F18C1F0F126C6B4675","100","15","one TCP client and one sequential IMAP session per sample","0","PASS","45FA907CE0D3797C1E13EBB2F03F076A25656CCE27E801C18F745ACD3944FBBD","5136EEC556F9790732AE759EF52F77FE6172329EA55787A80300C4A824107E46","1","98","True","False","385.099",,"True","1000","True","True","1000","True"
"8b296f8a-58cc-44f9-9a49-b0933834f1ae","MANIFEST_BOUND","hmail-perf-pair-service-20260901","06EFCBA9520D478A6DAC7ABB7F09F3B63D015A0CD5ECA1EB4D0FD2CC8C38F9FD","net10","hmail_perf_pair_net10_20260831_head3","C:\hmail-perf-pair-service-20260901\net10\Data","393449EA88D8D3C63D044D759D715322FD07A6F365FB10F18C1F0F126C6B4675","100","15","one TCP client and one sequential IMAP session per sample","0","PASS","45FA907CE0D3797C1E13EBB2F03F076A25656CCE27E801C18F745ACD3944FBBD","5136EEC556F9790732AE759EF52F77FE6172329EA55787A80300C4A824107E46","1","99","True","False","953.656",,"True","1000","True","True","1000","True"
"8b296f8a-58cc-44f9-9a49-b0933834f1ae","MANIFEST_BOUND","hmail-perf-pair-service-20260901","06EFCBA9520D478A6DAC7ABB7F09F3B63D015A0CD5ECA1EB4D0FD2CC8C38F9FD","net10","hmail_perf_pair_net10_20260831_head3","C:\hmail-perf-pair-service-20260901\net10\Data","393449EA88D8D3C63D044D759D715322FD07A6F365FB10F18C1F0F126C6B4675","100","15","one TCP client and one sequential IMAP session per sample","0","PASS","45FA907CE0D3797C1E13EBB2F03F076A25656CCE27E801C18F745ACD3944FBBD","5136EEC556F9790732AE759EF52F77FE6172329EA55787A80300C4A824107E46","1","100","True","False","713.224",,"True","1000","True","True","1000","True"
"8b296f8a-58cc-44f9-9a49-b0933834f1ae","MANIFEST_BOUND","hmail-perf-pair-service-20260901","06EFCBA9520D478A6DAC7ABB7F09F3B63D015A0CD5ECA1EB4D0FD2CC8C38F9FD","net10","hmail_perf_pair_net10_20260831_head3","C:\hmail-perf-pair-service-20260901\net10\Data","393449EA88D8D3C63D044D759D715322FD07A6F365FB10F18C1F0F126C6B4675","100","15","one TCP client and one sequential IMAP session per sample","0","PASS","45FA907CE0D3797C1E13EBB2F03F076A25656CCE27E801C18F745ACD3944FBBD","5136EEC556F9790732AE759EF52F77FE6172329EA55787A80300C4A824107E46","1","101","True","False","413.638",,"True","1000","True","True","1000","True"
"8b296f8a-58cc-44f9-9a49-b0933834f1ae","MANIFEST_BOUND","hmail-perf-pair-service-20260901","06EFCBA9520D478A6DAC7ABB7F09F3B63D015A0CD5ECA1EB4D0FD2CC8C38F9FD","net10","hmail_perf_pair_net10_20260831_head3","C:\hmail-perf-pair-service-20260901\net10\Data","393449EA88D8D3C63D044D759D715322FD07A6F365FB10F18C1F0F126C6B4675","100","15","one TCP client and one sequential IMAP session per sample","0","PASS","45FA907CE0D3797C1E13EBB2F03F076A25656CCE27E801C18F745ACD3944FBBD","5136EEC556F9790732AE759EF52F77FE6172329EA55787A80300C4A824107E46","1","102","True","False","385.565",,"True","1000","True","True","1000","True"
"8b296f8a-58cc-44f9-9a49-b0933834f1ae","MANIFEST_BOUND","hmail-perf-pair-service-20260901","06EFCBA9520D478A6DAC7ABB7F09F3B63D015A0CD5ECA1EB4D0FD2CC8C38F9FD","net10","hmail_perf_pair_net10_20260831_head3","C:\hmail-perf-pair-service-20260901\net10\Data","393449EA88D8D3C63D044D759D715322FD07A6F365FB10F18C1F0F126C6B4675","100","15","one TCP client and one sequential IMAP session per sample","0","PASS","45FA907CE0D3797C1E13EBB2F03F076A25656CCE27E801C18F745ACD3944FBBD","5136EEC556F9790732AE759EF52F77FE6172329EA55787A80300C4A824107E46","1","103","True","False","895.667",,"True","1000","True","True","1000","True"
"8b296f8a-58cc-44f9-9a49-b0933834f1ae","MANIFEST_BOUND","hmail-perf-pair-service-20260901","06EFCBA9520D478A6DAC7ABB7F09F3B63D015A0CD5ECA1EB4D0FD2CC8C38F9FD","net10","hmail_perf_pair_net10_20260831_head3","C:\hmail-perf-pair-service-20260901\net10\Data","393449EA88D8D3C63D044D759D715322FD07A6F365FB10F18C1F0F126C6B4675","100","15","one TCP client and one sequential IMAP session per sample","0","PASS","45FA907CE0D3797C1E13EBB2F03F076A25656CCE27E801C18F745ACD3944FBBD","5136EEC556F9790732AE759EF52F77FE6172329EA55787A80300C4A824107E46","1","104","True","False","408.503",,"True","1000","True","True","1000","True"
"8b296f8a-58cc-44f9-9a49-b0933834f1ae","MANIFEST_BOUND","hmail-perf-pair-service-20260901","06EFCBA9520D478A6DAC7ABB7F09F3B63D015A0CD5ECA1EB4D0FD2CC8C38F9FD","net10","hmail_perf_pair_net10_20260831_head3","C:\hmail-perf-pair-service-20260901\net10\Data","393449EA88D8D3C63D044D759D715322FD07A6F365FB10F18C1F0F126C6B4675","100","15","one TCP client and one sequential IMAP session per sample","0","PASS","45FA907CE0D3797C1E13EBB2F03F076A25656CCE27E801C18F745ACD3944FBBD","5136EEC556F9790732AE759EF52F77FE6172329EA55787A80300C4A824107E46","1","105","True","False","924.044",,"True","1000","True","True","1000","True"
"8b296f8a-58cc-44f9-9a49-b0933834f1ae","MANIFEST_BOUND","hmail-perf-pair-service-20260901","06EFCBA9520D478A6DAC7ABB7F09F3B63D015A0CD5ECA1EB4D0FD2CC8C38F9FD","net10","hmail_perf_pair_net10_20260831_head3","C:\hmail-perf-pair-service-20260901\net10\Data","393449EA88D8D3C63D044D759D715322FD07A6F365FB10F18C1F0F126C6B4675","100","15","one TCP client and one sequential IMAP session per sample","0","PASS","45FA907CE0D3797C1E13EBB2F03F076A25656CCE27E801C18F745ACD3944FBBD","5136EEC556F9790732AE759EF52F77FE6172329EA55787A80300C4A824107E46","1","106","True","False","712.829",,"True","1000","True","True","1000","True"
"8b296f8a-58cc-44f9-9a49-b0933834f1ae","MANIFEST_BOUND","hmail-perf-pair-service-20260901","06EFCBA9520D478A6DAC7ABB7F09F3B63D015A0CD5ECA1EB4D0FD2CC8C38F9FD","net10","hmail_perf_pair_net10_20260831_head3","C:\hmail-perf-pair-service-20260901\net10\Data","393449EA88D8D3C63D044D759D715322FD07A6F365FB10F18C1F0F126C6B4675","100","15","one TCP client and one sequential IMAP session per sample","0","PASS","45FA907CE0D3797C1E13EBB2F03F076A25656CCE27E801C18F745ACD3944FBBD","5136EEC556F9790732AE759EF52F77FE6172329EA55787A80300C4A824107E46","1","107","True","False","1073.518",,"True","1000","True","True","1000","True"
"8b296f8a-58cc-44f9-9a49-b0933834f1ae","MANIFEST_BOUND","hmail-perf-pair-service-20260901","06EFCBA9520D478A6DAC7ABB7F09F3B63D015A0CD5ECA1EB4D0FD2CC8C38F9FD","net10","hmail_perf_pair_net10_20260831_head3","C:\hmail-perf-pair-service-20260901\net10\Data","393449EA88D8D3C63D044D759D715322FD07A6F365FB10F18C1F0F126C6B4675","100","15","one TCP client and one sequential IMAP session per sample","0","PASS","45FA907CE0D3797C1E13EBB2F03F076A25656CCE27E801C18F745ACD3944FBBD","5136EEC556F9790732AE759EF52F77FE6172329EA55787A80300C4A824107E46","1","108","True","False","648.736",,"True","1000","True","True","1000","True"
"8b296f8a-58cc-44f9-9a49-b0933834f1ae","MANIFEST_BOUND","hmail-perf-pair-service-20260901","06EFCBA9520D478A6DAC7ABB7F09F3B63D015A0CD5ECA1EB4D0FD2CC8C38F9FD","net10","hmail_perf_pair_net10_20260831_head3","C:\hmail-perf-pair-service-20260901\net10\Data","393449EA88D8D3C63D044D759D715322FD07A6F365FB10F18C1F0F126C6B4675","100","15","one TCP client and one sequential IMAP session per sample","0","PASS","45FA907CE0D3797C1E13EBB2F03F076A25656CCE27E801C18F745ACD3944FBBD","5136EEC556F9790732AE759EF52F77FE6172329EA55787A80300C4A824107E46","1","109","True","False","888.527",,"True","1000","True","True","1000","True"
"8b296f8a-58cc-44f9-9a49-b0933834f1ae","MANIFEST_BOUND","hmail-perf-pair-service-20260901","06EFCBA9520D478A6DAC7ABB7F09F3B63D015A0CD5ECA1EB4D0FD2CC8C38F9FD","net10","hmail_perf_pair_net10_20260831_head3","C:\hmail-perf-pair-service-20260901\net10\Data","393449EA88D8D3C63D044D759D715322FD07A6F365FB10F18C1F0F126C6B4675","100","15","one TCP client and one sequential IMAP session per sample","0","PASS","45FA907CE0D3797C1E13EBB2F03F076A25656CCE27E801C18F745ACD3944FBBD","5136EEC556F9790732AE759EF52F77FE6172329EA55787A80300C4A824107E46","1","110","True","False","734.399",,"True","1000","True","True","1000","True"
"8b296f8a-58cc-44f9-9a49-b0933834f1ae","MANIFEST_BOUND","hmail-perf-pair-service-20260901","06EFCBA9520D478A6DAC7ABB7F09F3B63D015A0CD5ECA1EB4D0FD2CC8C38F9FD","net10","hmail_perf_pair_net10_20260831_head3","C:\hmail-perf-pair-service-20260901\net10\Data","393449EA88D8D3C63D044D759D715322FD07A6F365FB10F18C1F0F126C6B4675","100","15","one TCP client and one sequential IMAP session per sample","0","PASS","45FA907CE0D3797C1E13EBB2F03F076A25656CCE27E801C18F745ACD3944FBBD","5136EEC556F9790732AE759EF52F77FE6172329EA55787A80300C4A824107E46","1","111","True","False","1053.952",,"True","1000","True","True","1000","True"
"8b296f8a-58cc-44f9-9a49-b0933834f1ae","MANIFEST_BOUND","hmail-perf-pair-service-20260901","06EFCBA9520D478A6DAC7ABB7F09F3B63D015A0CD5ECA1EB4D0FD2CC8C38F9FD","net10","hmail_perf_pair_net10_20260831_head3","C:\hmail-perf-pair-service-20260901\net10\Data","393449EA88D8D3C63D044D759D715322FD07A6F365FB10F18C1F0F126C6B4675","100","15","one TCP client and one sequential IMAP session per sample","0","PASS","45FA907CE0D3797C1E13EBB2F03F076A25656CCE27E801C18F745ACD3944FBBD","5136EEC556F9790732AE759EF52F77FE6172329EA55787A80300C4A824107E46","1","112","True","False","383.781",,"True","1000","True","True","1000","True"
"8b296f8a-58cc-44f9-9a49-b0933834f1ae","MANIFEST_BOUND","hmail-perf-pair-service-20260901","06EFCBA9520D478A6DAC7ABB7F09F3B63D015A0CD5ECA1EB4D0FD2CC8C38F9FD","net10","hmail_perf_pair_net10_20260831_head3","C:\hmail-perf-pair-service-20260901\net10\Data","393449EA88D8D3C63D044D759D715322FD07A6F365FB10F18C1F0F126C6B4675","100","15","one TCP client and one sequential IMAP session per sample","0","PASS","45FA907CE0D3797C1E13EBB2F03F076A25656CCE27E801C18F745ACD3944FBBD","5136EEC556F9790732AE759EF52F77FE6172329EA55787A80300C4A824107E46","1","113","True","False","2032.788",,"True","1000","True","True","1000","True"
"8b296f8a-58cc-44f9-9a49-b0933834f1ae","MANIFEST_BOUND","hmail-perf-pair-service-20260901","06EFCBA9520D478A6DAC7ABB7F09F3B63D015A0CD5ECA1EB4D0FD2CC8C38F9FD","net10","hmail_perf_pair_net10_20260831_head3","C:\hmail-perf-pair-service-20260901\net10\Data","393449EA88D8D3C63D044D759D715322FD07A6F365FB10F18C1F0F126C6B4675","100","15","one TCP client and one sequential IMAP session per sample","0","PASS","45FA907CE0D3797C1E13EBB2F03F076A25656CCE27E801C18F745ACD3944FBBD","5136EEC556F9790732AE759EF52F77FE6172329EA55787A80300C4A824107E46","1","114","True","False","411.376",,"True","1000","True","True","1000","True"
"8b296f8a-58cc-44f9-9a49-b0933834f1ae","MANIFEST_BOUND","hmail-perf-pair-service-20260901","06EFCBA9520D478A6DAC7ABB7F09F3B63D015A0CD5ECA1EB4D0FD2CC8C38F9FD","net10","hmail_perf_pair_net10_20260831_head3","C:\hmail-perf-pair-service-20260901\net10\Data","393449EA88D8D3C63D044D759D715322FD07A6F365FB10F18C1F0F126C6B4675","100","15","one TCP client and one sequential IMAP session per sample","0","PASS","45FA907CE0D3797C1E13EBB2F03F076A25656CCE27E801C18F745ACD3944FBBD","5136EEC556F9790732AE759EF52F77FE6172329EA55787A80300C4A824107E46","1","115","True","False","788.349",,"True","1000","True","True","1000","True"
"8b296f8a-58cc-44f9-9a49-b0933834f1ae","MANIFEST_BOUND","hmail-perf-pair-service-20260901","06EFCBA9520D478A6DAC7ABB7F09F3B63D015A0CD5ECA1EB4D0FD2CC8C38F9FD","net10","hmail_perf_pair_net10_20260831_head3","C:\hmail-perf-pair-service-20260901\net10\Data","393449EA88D8D3C63D044D759D715322FD07A6F365FB10F18C1F0F126C6B4675","100","15","one TCP client and one sequential IMAP session per sample","0","PASS","45FA907CE0D3797C1E13EBB2F03F076A25656CCE27E801C18F745ACD3944FBBD","5136EEC556F9790732AE759EF52F77FE6172329EA55787A80300C4A824107E46","1","116","True","False","664.968",,"True","1000","True","True","1000","True"
"8b296f8a-58cc-44f9-9a49-b0933834f1ae","MANIFEST_BOUND","hmail-perf-pair-service-20260901","06EFCBA9520D478A6DAC7ABB7F09F3B63D015A0CD5ECA1EB4D0FD2CC8C38F9FD","net10","hmail_perf_pair_net10_20260831_head3","C:\hmail-perf-pair-service-20260901\net10\Data","393449EA88D8D3C63D044D759D715322FD07A6F365FB10F18C1F0F126C6B4675","100","15","one TCP client and one sequential IMAP session per sample","0","PASS","45FA907CE0D3797C1E13EBB2F03F076A25656CCE27E801C18F745ACD3944FBBD","5136EEC556F9790732AE759EF52F77FE6172329EA55787A80300C4A824107E46","1","117","True","False","390.272",,"True","1000","True","True","1000","True"
"8b296f8a-58cc-44f9-9a49-b0933834f1ae","MANIFEST_BOUND","hmail-perf-pair-service-20260901","06EFCBA9520D478A6DAC7ABB7F09F3B63D015A0CD5ECA1EB4D0FD2CC8C38F9FD","net10","hmail_perf_pair_net10_20260831_head3","C:\hmail-perf-pair-service-20260901\net10\Data","393449EA88D8D3C63D044D759D715322FD07A6F365FB10F18C1F0F126C6B4675","100","15","one TCP client and one sequential IMAP session per sample","0","PASS","45FA907CE0D3797C1E13EBB2F03F076A25656CCE27E801C18F745ACD3944FBBD","5136EEC556F9790732AE759EF52F77FE6172329EA55787A80300C4A824107E46","1","118","True","False","591.156",,"True","1000","True","True","1000","True"
"8b296f8a-58cc-44f9-9a49-b0933834f1ae","MANIFEST_BOUND","hmail-perf-pair-service-20260901","06EFCBA9520D478A6DAC7ABB7F09F3B63D015A0CD5ECA1EB4D0FD2CC8C38F9FD","net10","hmail_perf_pair_net10_20260831_head3","C:\hmail-perf-pair-service-20260901\net10\Data","393449EA88D8D3C63D044D759D715322FD07A6F365FB10F18C1F0F126C6B4675","100","15","one TCP client and one sequential IMAP session per sample","0","PASS","45FA907CE0D3797C1E13EBB2F03F076A25656CCE27E801C18F745ACD3944FBBD","5136EEC556F9790732AE759EF52F77FE6172329EA55787A80300C4A824107E46","1","119","True","False","387.84",,"True","1000","True","True","1000","True"
"8b296f8a-58cc-44f9-9a49-b0933834f1ae","MANIFEST_BOUND","hmail-perf-pair-service-20260901","06EFCBA9520D478A6DAC7ABB7F09F3B63D015A0CD5ECA1EB4D0FD2CC8C38F9FD","net10","hmail_perf_pair_net10_20260831_head3","C:\hmail-perf-pair-service-20260901\net10\Data","393449EA88D8D3C63D044D759D715322FD07A6F365FB10F18C1F0F126C6B4675","100","15","one TCP client and one sequential IMAP session per sample","0","PASS","45FA907CE0D3797C1E13EBB2F03F076A25656CCE27E801C18F745ACD3944FBBD","5136EEC556F9790732AE759EF52F77FE6172329EA55787A80300C4A824107E46","1","120","True","False","397.498",,"True","1000","True","True","1000","True"
"8b296f8a-58cc-44f9-9a49-b0933834f1ae","MANIFEST_BOUND","hmail-perf-pair-service-20260901","06EFCBA9520D478A6DAC7ABB7F09F3B63D015A0CD5ECA1EB4D0FD2CC8C38F9FD","net10","hmail_perf_pair_net10_20260831_head3","C:\hmail-perf-pair-service-20260901\net10\Data","393449EA88D8D3C63D044D759D715322FD07A6F365FB10F18C1F0F126C6B4675","100","15","one TCP client and one sequential IMAP session per sample","0","PASS","45FA907CE0D3797C1E13EBB2F03F076A25656CCE27E801C18F745ACD3944FBBD","5136EEC556F9790732AE759EF52F77FE6172329EA55787A80300C4A824107E46","1","121","True","False","656.475",,"True","1000","True","True","1000","True"
"8b296f8a-58cc-44f9-9a49-b0933834f1ae","MANIFEST_BOUND","hmail-perf-pair-service-20260901","06EFCBA9520D478A6DAC7ABB7F09F3B63D015A0CD5ECA1EB4D0FD2CC8C38F9FD","net10","hmail_perf_pair_net10_20260831_head3","C:\hmail-perf-pair-service-20260901\net10\Data","393449EA88D8D3C63D044D759D715322FD07A6F365FB10F18C1F0F126C6B4675","100","15","one TCP client and one sequential IMAP session per sample","0","PASS","45FA907CE0D3797C1E13EBB2F03F076A25656CCE27E801C18F745ACD3944FBBD","5136EEC556F9790732AE759EF52F77FE6172329EA55787A80300C4A824107E46","1","122","True","False","435.83",,"True","1000","True","True","1000","True"
"8b296f8a-58cc-44f9-9a49-b0933834f1ae","MANIFEST_BOUND","hmail-perf-pair-service-20260901","06EFCBA9520D478A6DAC7ABB7F09F3B63D015A0CD5ECA1EB4D0FD2CC8C38F9FD","net10","hmail_perf_pair_net10_20260831_head3","C:\hmail-perf-pair-service-20260901\net10\Data","393449EA88D8D3C63D044D759D715322FD07A6F365FB10F18C1F0F126C6B4675","100","15","one TCP client and one sequential IMAP session per sample","0","PASS","45FA907CE0D3797C1E13EBB2F03F076A25656CCE27E801C18F745ACD3944FBBD","5136EEC556F9790732AE759EF52F77FE6172329EA55787A80300C4A824107E46","1","123","True","False","666.35",,"True","1000","True","True","1000","True"
"8b296f8a-58cc-44f9-9a49-b0933834f1ae","MANIFEST_BOUND","hmail-perf-pair-service-20260901","06EFCBA9520D478A6DAC7ABB7F09F3B63D015A0CD5ECA1EB4D0FD2CC8C38F9FD","net10","hmail_perf_pair_net10_20260831_head3","C:\hmail-perf-pair-service-20260901\net10\Data","393449EA88D8D3C63D044D759D715322FD07A6F365FB10F18C1F0F126C6B4675","100","15","one TCP client and one sequential IMAP session per sample","0","PASS","45FA907CE0D3797C1E13EBB2F03F076A25656CCE27E801C18F745ACD3944FBBD","5136EEC556F9790732AE759EF52F77FE6172329EA55787A80300C4A824107E46","1","124","True","False","555.085",,"True","1000","True","True","1000","True"
"8b296f8a-58cc-44f9-9a49-b0933834f1ae","MANIFEST_BOUND","hmail-perf-pair-service-20260901","06EFCBA9520D478A6DAC7ABB7F09F3B63D015A0CD5ECA1EB4D0FD2CC8C38F9FD","net10","hmail_perf_pair_net10_20260831_head3","C:\hmail-perf-pair-service-20260901\net10\Data","393449EA88D8D3C63D044D759D715322FD07A6F365FB10F18C1F0F126C6B4675","100","15","one TCP client and one sequential IMAP session per sample","0","PASS","45FA907CE0D3797C1E13EBB2F03F076A25656CCE27E801C18F745ACD3944FBBD","5136EEC556F9790732AE759EF52F77FE6172329EA55787A80300C4A824107E46","1","125","True","False","438.071",,"True","1000","True","True","1000","True"
"8b296f8a-58cc-44f9-9a49-b0933834f1ae","MANIFEST_BOUND","hmail-perf-pair-service-20260901","06EFCBA9520D478A6DAC7ABB7F09F3B63D015A0CD5ECA1EB4D0FD2CC8C38F9FD","net10","hmail_perf_pair_net10_20260831_head3","C:\hmail-perf-pair-service-20260901\net10\Data","393449EA88D8D3C63D044D759D715322FD07A6F365FB10F18C1F0F126C6B4675","100","15","one TCP client and one sequential IMAP session per sample","0","PASS","45FA907CE0D3797C1E13EBB2F03F076A25656CCE27E801C18F745ACD3944FBBD","5136EEC556F9790732AE759EF52F77FE6172329EA55787A80300C4A824107E46","1","126","True","False","653.434",,"True","1000","True","True","1000","True"
"8b296f8a-58cc-44f9-9a49-b0933834f1ae","MANIFEST_BOUND","hmail-perf-pair-service-20260901","06EFCBA9520D478A6DAC7ABB7F09F3B63D015A0CD5ECA1EB4D0FD2CC8C38F9FD","net10","hmail_perf_pair_net10_20260831_head3","C:\hmail-perf-pair-service-20260901\net10\Data","393449EA88D8D3C63D044D759D715322FD07A6F365FB10F18C1F0F126C6B4675","100","15","one TCP client and one sequential IMAP session per sample","0","PASS","45FA907CE0D3797C1E13EBB2F03F076A25656CCE27E801C18F745ACD3944FBBD","5136EEC556F9790732AE759EF52F77FE6172329EA55787A80300C4A824107E46","1","127","True","False","604.958",,"True","1000","True","True","1000","True"
"8b296f8a-58cc-44f9-9a49-b0933834f1ae","MANIFEST_BOUND","hmail-perf-pair-service-20260901","06EFCBA9520D478A6DAC7ABB7F09F3B63D015A0CD5ECA1EB4D0FD2CC8C38F9FD","net10","hmail_perf_pair_net10_20260831_head3","C:\hmail-perf-pair-service-20260901\net10\Data","393449EA88D8D3C63D044D759D715322FD07A6F365FB10F18C1F0F126C6B4675","100","15","one TCP client and one sequential IMAP session per sample","0","PASS","45FA907CE0D3797C1E13EBB2F03F076A25656CCE27E801C18F745ACD3944FBBD","5136EEC556F9790732AE759EF52F77FE6172329EA55787A80300C4A824107E46","1","128","True","False","665.064",,"True","1000","True","True","1000","True"
"8b296f8a-58cc-44f9-9a49-b0933834f1ae","MANIFEST_BOUND","hmail-perf-pair-service-20260901","06EFCBA9520D478A6DAC7ABB7F09F3B63D015A0CD5ECA1EB4D0FD2CC8C38F9FD","net10","hmail_perf_pair_net10_20260831_head3","C:\hmail-perf-pair-service-20260901\net10\Data","393449EA88D8D3C63D044D759D715322FD07A6F365FB10F18C1F0F126C6B4675","100","15","one TCP client and one sequential IMAP session per sample","0","PASS","45FA907CE0D3797C1E13EBB2F03F076A25656CCE27E801C18F745ACD3944FBBD","5136EEC556F9790732AE759EF52F77FE6172329EA55787A80300C4A824107E46","1","129","True","False","686.518",,"True","1000","True","True","1000","True"
"8b296f8a-58cc-44f9-9a49-b0933834f1ae","MANIFEST_BOUND","hmail-perf-pair-service-20260901","06EFCBA9520D478A6DAC7ABB7F09F3B63D015A0CD5ECA1EB4D0FD2CC8C38F9FD","net10","hmail_perf_pair_net10_20260831_head3","C:\hmail-perf-pair-service-20260901\net10\Data","393449EA88D8D3C63D044D759D715322FD07A6F365FB10F18C1F0F126C6B4675","100","15","one TCP client and one sequential IMAP session per sample","0","PASS","45FA907CE0D3797C1E13EBB2F03F076A25656CCE27E801C18F745ACD3944FBBD","5136EEC556F9790732AE759EF52F77FE6172329EA55787A80300C4A824107E46","1","130","True","False","1644.288",,"True","1000","True","True","1000","True"
"8b296f8a-58cc-44f9-9a49-b0933834f1ae","MANIFEST_BOUND","hmail-perf-pair-service-20260901","06EFCBA9520D478A6DAC7ABB7F09F3B63D015A0CD5ECA1EB4D0FD2CC8C38F9FD","net10","hmail_perf_pair_net10_20260831_head3","C:\hmail-perf-pair-service-20260901\net10\Data","393449EA88D8D3C63D044D759D715322FD07A6F365FB10F18C1F0F126C6B4675","100","15","one TCP client and one sequential IMAP session per sample","0","PASS","45FA907CE0D3797C1E13EBB2F03F076A25656CCE27E801C18F745ACD3944FBBD","5136EEC556F9790732AE759EF52F77FE6172329EA55787A80300C4A824107E46","1","131","True","False","570.188",,"True","1000","True","True","1000","True"
"8b296f8a-58cc-44f9-9a49-b0933834f1ae","MANIFEST_BOUND","hmail-perf-pair-service-20260901","06EFCBA9520D478A6DAC7ABB7F09F3B63D015A0CD5ECA1EB4D0FD2CC8C38F9FD","net10","hmail_perf_pair_net10_20260831_head3","C:\hmail-perf-pair-service-20260901\net10\Data","393449EA88D8D3C63D044D759D715322FD07A6F365FB10F18C1F0F126C6B4675","100","15","one TCP client and one sequential IMAP session per sample","0","PASS","45FA907CE0D3797C1E13EBB2F03F076A25656CCE27E801C18F745ACD3944FBBD","5136EEC556F9790732AE759EF52F77FE6172329EA55787A80300C4A824107E46","1","132","True","False","2166.666",,"True","1000","True","True","1000","True"
"8b296f8a-58cc-44f9-9a49-b0933834f1ae","MANIFEST_BOUND","hmail-perf-pair-service-20260901","06EFCBA9520D478A6DAC7ABB7F09F3B63D015A0CD5ECA1EB4D0FD2CC8C38F9FD","net10","hmail_perf_pair_net10_20260831_head3","C:\hmail-perf-pair-service-20260901\net10\Data","393449EA88D8D3C63D044D759D715322FD07A6F365FB10F18C1F0F126C6B4675","100","15","one TCP client and one sequential IMAP session per sample","0","PASS","45FA907CE0D3797C1E13EBB2F03F076A25656CCE27E801C18F745ACD3944FBBD","5136EEC556F9790732AE759EF52F77FE6172329EA55787A80300C4A824107E46","1","133","True","False","1734.212",,"True","1000","True","True","1000","True"
"8b296f8a-58cc-44f9-9a49-b0933834f1ae","MANIFEST_BOUND","hmail-perf-pair-service-20260901","06EFCBA9520D478A6DAC7ABB7F09F3B63D015A0CD5ECA1EB4D0FD2CC8C38F9FD","net10","hmail_perf_pair_net10_20260831_head3","C:\hmail-perf-pair-service-20260901\net10\Data","393449EA88D8D3C63D044D759D715322FD07A6F365FB10F18C1F0F126C6B4675","100","15","one TCP client and one sequential IMAP session per sample","0","PASS","45FA907CE0D3797C1E13EBB2F03F076A25656CCE27E801C18F745ACD3944FBBD","5136EEC556F9790732AE759EF52F77FE6172329EA55787A80300C4A824107E46","1","134","True","False","599.036",,"True","1000","True","True","1000","True"
"8b296f8a-58cc-44f9-9a49-b0933834f1ae","MANIFEST_BOUND","hmail-perf-pair-service-20260901","06EFCBA9520D478A6DAC7ABB7F09F3B63D015A0CD5ECA1EB4D0FD2CC8C38F9FD","net10","hmail_perf_pair_net10_20260831_head3","C:\hmail-perf-pair-service-20260901\net10\Data","393449EA88D8D3C63D044D759D715322FD07A6F365FB10F18C1F0F126C6B4675","100","15","one TCP client and one sequential IMAP session per sample","0","PASS","45FA907CE0D3797C1E13EBB2F03F076A25656CCE27E801C18F745ACD3944FBBD","5136EEC556F9790732AE759EF52F77FE6172329EA55787A80300C4A824107E46","1","135","True","False","663.619",,"True","1000","True","True","1000","True"
"8b296f8a-58cc-44f9-9a49-b0933834f1ae","MANIFEST_BOUND","hmail-perf-pair-service-20260901","06EFCBA9520D478A6DAC7ABB7F09F3B63D015A0CD5ECA1EB4D0FD2CC8C38F9FD","net10","hmail_perf_pair_net10_20260831_head3","C:\hmail-perf-pair-service-20260901\net10\Data","393449EA88D8D3C63D044D759D715322FD07A6F365FB10F18C1F0F126C6B4675","100","15","one TCP client and one sequential IMAP session per sample","0","PASS","45FA907CE0D3797C1E13EBB2F03F076A25656CCE27E801C18F745ACD3944FBBD","5136EEC556F9790732AE759EF52F77FE6172329EA55787A80300C4A824107E46","1","136","True","False","896.13",,"True","1000","True","True","1000","True"
"8b296f8a-58cc-44f9-9a49-b0933834f1ae","MANIFEST_BOUND","hmail-perf-pair-service-20260901","06EFCBA9520D478A6DAC7ABB7F09F3B63D015A0CD5ECA1EB4D0FD2CC8C38F9FD","net10","hmail_perf_pair_net10_20260831_head3","C:\hmail-perf-pair-service-20260901\net10\Data","393449EA88D8D3C63D044D759D715322FD07A6F365FB10F18C1F0F126C6B4675","100","15","one TCP client and one sequential IMAP session per sample","0","PASS","45FA907CE0D3797C1E13EBB2F03F076A25656CCE27E801C18F745ACD3944FBBD","5136EEC556F9790732AE759EF52F77FE6172329EA55787A80300C4A824107E46","1","137","True","False","675.187",,"True","1000","True","True","1000","True"
"8b296f8a-58cc-44f9-9a49-b0933834f1ae","MANIFEST_BOUND","hmail-perf-pair-service-20260901","06EFCBA9520D478A6DAC7ABB7F09F3B63D015A0CD5ECA1EB4D0FD2CC8C38F9FD","net10","hmail_perf_pair_net10_20260831_head3","C:\hmail-perf-pair-service-20260901\net10\Data","393449EA88D8D3C63D044D759D715322FD07A6F365FB10F18C1F0F126C6B4675","100","15","one TCP client and one sequential IMAP session per sample","0","PASS","45FA907CE0D3797C1E13EBB2F03F076A25656CCE27E801C18F745ACD3944FBBD","5136EEC556F9790732AE759EF52F77FE6172329EA55787A80300C4A824107E46","1","138","True","False","678.056",,"True","1000","True","True","1000","True"
"8b296f8a-58cc-44f9-9a49-b0933834f1ae","MANIFEST_BOUND","hmail-perf-pair-service-20260901","06EFCBA9520D478A6DAC7ABB7F09F3B63D015A0CD5ECA1EB4D0FD2CC8C38F9FD","net10","hmail_perf_pair_net10_20260831_head3","C:\hmail-perf-pair-service-20260901\net10\Data","393449EA88D8D3C63D044D759D715322FD07A6F365FB10F18C1F0F126C6B4675","100","15","one TCP client and one sequential IMAP session per sample","0","PASS","45FA907CE0D3797C1E13EBB2F03F076A25656CCE27E801C18F745ACD3944FBBD","5136EEC556F9790732AE759EF52F77FE6172329EA55787A80300C4A824107E46","1","139","True","False","677.096",,"True","1000","True","True","1000","True"
"8b296f8a-58cc-44f9-9a49-b0933834f1ae","MANIFEST_BOUND","hmail-perf-pair-service-20260901","06EFCBA9520D478A6DAC7ABB7F09F3B63D015A0CD5ECA1EB4D0FD2CC8C38F9FD","net10","hmail_perf_pair_net10_20260831_head3","C:\hmail-perf-pair-service-20260901\net10\Data","393449EA88D8D3C63D044D759D715322FD07A6F365FB10F18C1F0F126C6B4675","100","15","one TCP client and one sequential IMAP session per sample","0","PASS","45FA907CE0D3797C1E13EBB2F03F076A25656CCE27E801C18F745ACD3944FBBD","5136EEC556F9790732AE759EF52F77FE6172329EA55787A80300C4A824107E46","1","140","True","False","583.728",,"True","1000","True","True","1000","True"
"8b296f8a-58cc-44f9-9a49-b0933834f1ae","MANIFEST_BOUND","hmail-perf-pair-service-20260901","06EFCBA9520D478A6DAC7ABB7F09F3B63D015A0CD5ECA1EB4D0FD2CC8C38F9FD","net10","hmail_perf_pair_net10_20260831_head3","C:\hmail-perf-pair-service-20260901\net10\Data","393449EA88D8D3C63D044D759D715322FD07A6F365FB10F18C1F0F126C6B4675","100","15","one TCP client and one sequential IMAP session per sample","0","PASS","45FA907CE0D3797C1E13EBB2F03F076A25656CCE27E801C18F745ACD3944FBBD","5136EEC556F9790732AE759EF52F77FE6172329EA55787A80300C4A824107E46","1","141","True","False","888.781",,"True","1000","True","True","1000","True"
"8b296f8a-58cc-44f9-9a49-b0933834f1ae","MANIFEST_BOUND","hmail-perf-pair-service-20260901","06EFCBA9520D478A6DAC7ABB7F09F3B63D015A0CD5ECA1EB4D0FD2CC8C38F9FD","net10","hmail_perf_pair_net10_20260831_head3","C:\hmail-perf-pair-service-20260901\net10\Data","393449EA88D8D3C63D044D759D715322FD07A6F365FB10F18C1F0F126C6B4675","100","15","one TCP client and one sequential IMAP session per sample","0","PASS","45FA907CE0D3797C1E13EBB2F03F076A25656CCE27E801C18F745ACD3944FBBD","5136EEC556F9790732AE759EF52F77FE6172329EA55787A80300C4A824107E46","1","142","True","False","837.507",,"True","1000","True","True","1000","True"
"8b296f8a-58cc-44f9-9a49-b0933834f1ae","MANIFEST_BOUND","hmail-perf-pair-service-20260901","06EFCBA9520D478A6DAC7ABB7F09F3B63D015A0CD5ECA1EB4D0FD2CC8C38F9FD","net10","hmail_perf_pair_net10_20260831_head3","C:\hmail-perf-pair-service-20260901\net10\Data","393449EA88D8D3C63D044D759D715322FD07A6F365FB10F18C1F0F126C6B4675","100","15","one TCP client and one sequential IMAP session per sample","0","PASS","45FA907CE0D3797C1E13EBB2F03F076A25656CCE27E801C18F745ACD3944FBBD","5136EEC556F9790732AE759EF52F77FE6172329EA55787A80300C4A824107E46","1","143","True","False","575.972",,"True","1000","True","True","1000","True"
"8b296f8a-58cc-44f9-9a49-b0933834f1ae","MANIFEST_BOUND","hmail-perf-pair-service-20260901","06EFCBA9520D478A6DAC7ABB7F09F3B63D015A0CD5ECA1EB4D0FD2CC8C38F9FD","net10","hmail_perf_pair_net10_20260831_head3","C:\hmail-perf-pair-service-20260901\net10\Data","393449EA88D8D3C63D044D759D715322FD07A6F365FB10F18C1F0F126C6B4675","100","15","one TCP client and one sequential IMAP session per sample","0","PASS","45FA907CE0D3797C1E13EBB2F03F076A25656CCE27E801C18F745ACD3944FBBD","5136EEC556F9790732AE759EF52F77FE6172329EA55787A80300C4A824107E46","1","144","True","False","1672.468",,"True","1000","True","True","1000","True"
"8b296f8a-58cc-44f9-9a49-b0933834f1ae","MANIFEST_BOUND","hmail-perf-pair-service-20260901","06EFCBA9520D478A6DAC7ABB7F09F3B63D015A0CD5ECA1EB4D0FD2CC8C38F9FD","net10","hmail_perf_pair_net10_20260831_head3","C:\hmail-perf-pair-service-20260901\net10\Data","393449EA88D8D3C63D044D759D715322FD07A6F365FB10F18C1F0F126C6B4675","100","15","one TCP client and one sequential IMAP session per sample","0","PASS","45FA907CE0D3797C1E13EBB2F03F076A25656CCE27E801C18F745ACD3944FBBD","5136EEC556F9790732AE759EF52F77FE6172329EA55787A80300C4A824107E46","1","145","True","False","1897.193",,"True","1000","True","True","1000","True"
"8b296f8a-58cc-44f9-9a49-b0933834f1ae","MANIFEST_BOUND","hmail-perf-pair-service-20260901","06EFCBA9520D478A6DAC7ABB7F09F3B63D015A0CD5ECA1EB4D0FD2CC8C38F9FD","net10","hmail_perf_pair_net10_20260831_head3","C:\hmail-perf-pair-service-20260901\net10\Data","393449EA88D8D3C63D044D759D715322FD07A6F365FB10F18C1F0F126C6B4675","100","15","one TCP client and one sequential IMAP session per sample","0","PASS","45FA907CE0D3797C1E13EBB2F03F076A25656CCE27E801C18F745ACD3944FBBD","5136EEC556F9790732AE759EF52F77FE6172329EA55787A80300C4A824107E46","1","146","True","False","1379.512",,"True","1000","True","True","1000","True"
"8b296f8a-58cc-44f9-9a49-b0933834f1ae","MANIFEST_BOUND","hmail-perf-pair-service-20260901","06EFCBA9520D478A6DAC7ABB7F09F3B63D015A0CD5ECA1EB4D0FD2CC8C38F9FD","net10","hmail_perf_pair_net10_20260831_head3","C:\hmail-perf-pair-service-20260901\net10\Data","393449EA88D8D3C63D044D759D715322FD07A6F365FB10F18C1F0F126C6B4675","100","15","one TCP client and one sequential IMAP session per sample","0","PASS","45FA907CE0D3797C1E13EBB2F03F076A25656CCE27E801C18F745ACD3944FBBD","5136EEC556F9790732AE759EF52F77FE6172329EA55787A80300C4A824107E46","1","147","True","False","1902.551",,"True","1000","True","True","1000","True"
"8b296f8a-58cc-44f9-9a49-b0933834f1ae","MANIFEST_BOUND","hmail-perf-pair-service-20260901","06EFCBA9520D478A6DAC7ABB7F09F3B63D015A0CD5ECA1EB4D0FD2CC8C38F9FD","net10","hmail_perf_pair_net10_20260831_head3","C:\hmail-perf-pair-service-20260901\net10\Data","393449EA88D8D3C63D044D759D715322FD07A6F365FB10F18C1F0F126C6B4675","100","15","one TCP client and one sequential IMAP session per sample","0","PASS","45FA907CE0D3797C1E13EBB2F03F076A25656CCE27E801C18F745ACD3944FBBD","5136EEC556F9790732AE759EF52F77FE6172329EA55787A80300C4A824107E46","1","148","True","False","657.39",,"True","1000","True","True","1000","True"
"8b296f8a-58cc-44f9-9a49-b0933834f1ae","MANIFEST_BOUND","hmail-perf-pair-service-20260901","06EFCBA9520D478A6DAC7ABB7F09F3B63D015A0CD5ECA1EB4D0FD2CC8C38F9FD","net10","hmail_perf_pair_net10_20260831_head3","C:\hmail-perf-pair-service-20260901\net10\Data","393449EA88D8D3C63D044D759D715322FD07A6F365FB10F18C1F0F126C6B4675","100","15","one TCP client and one sequential IMAP session per sample","0","PASS","45FA907CE0D3797C1E13EBB2F03F076A25656CCE27E801C18F745ACD3944FBBD","5136EEC556F9790732AE759EF52F77FE6172329EA55787A80300C4A824107E46","1","149","True","False","799.565",,"True","1000","True","True","1000","True"
"8b296f8a-58cc-44f9-9a49-b0933834f1ae","MANIFEST_BOUND","hmail-perf-pair-service-20260901","06EFCBA9520D478A6DAC7ABB7F09F3B63D015A0CD5ECA1EB4D0FD2CC8C38F9FD","net10","hmail_perf_pair_net10_20260831_head3","C:\hmail-perf-pair-service-20260901\net10\Data","393449EA88D8D3C63D044D759D715322FD07A6F365FB10F18C1F0F126C6B4675","100","15","one TCP client and one sequential IMAP session per sample","0","PASS","45FA907CE0D3797C1E13EBB2F03F076A25656CCE27E801C18F745ACD3944FBBD","5136EEC556F9790732AE759EF52F77FE6172329EA55787A80300C4A824107E46","1","150","True","False","574.639",,"True","1000","True","True","1000","True"
"8b296f8a-58cc-44f9-9a49-b0933834f1ae","MANIFEST_BOUND","hmail-perf-pair-service-20260901","06EFCBA9520D478A6DAC7ABB7F09F3B63D015A0CD5ECA1EB4D0FD2CC8C38F9FD","net10","hmail_perf_pair_net10_20260831_head3","C:\hmail-perf-pair-service-20260901\net10\Data","393449EA88D8D3C63D044D759D715322FD07A6F365FB10F18C1F0F126C6B4675","100","15","one TCP client and one sequential IMAP session per sample","0","PASS","45FA907CE0D3797C1E13EBB2F03F076A25656CCE27E801C18F745ACD3944FBBD","5136EEC556F9790732AE759EF52F77FE6172329EA55787A80300C4A824107E46","1","151","True","False","1160.366",,"True","1000","True","True","1000","True"
"8b296f8a-58cc-44f9-9a49-b0933834f1ae","MANIFEST_BOUND","hmail-perf-pair-service-20260901","06EFCBA9520D478A6DAC7ABB7F09F3B63D015A0CD5ECA1EB4D0FD2CC8C38F9FD","net10","hmail_perf_pair_net10_20260831_head3","C:\hmail-perf-pair-service-20260901\net10\Data","393449EA88D8D3C63D044D759D715322FD07A6F365FB10F18C1F0F126C6B4675","100","15","one TCP client and one sequential IMAP session per sample","0","PASS","45FA907CE0D3797C1E13EBB2F03F076A25656CCE27E801C18F745ACD3944FBBD","5136EEC556F9790732AE759EF52F77FE6172329EA55787A80300C4A824107E46","1","152","True","False","985.968",,"True","1000","True","True","1000","True"
"8b296f8a-58cc-44f9-9a49-b0933834f1ae","MANIFEST_BOUND","hmail-perf-pair-service-20260901","06EFCBA9520D478A6DAC7ABB7F09F3B63D015A0CD5ECA1EB4D0FD2CC8C38F9FD","net10","hmail_perf_pair_net10_20260831_head3","C:\hmail-perf-pair-service-20260901\net10\Data","393449EA88D8D3C63D044D759D715322FD07A6F365FB10F18C1F0F126C6B4675","100","15","one TCP client and one sequential IMAP session per sample","0","PASS","45FA907CE0D3797C1E13EBB2F03F076A25656CCE27E801C18F745ACD3944FBBD","5136EEC556F9790732AE759EF52F77FE6172329EA55787A80300C4A824107E46","1","153","True","False","676.892",,"True","1000","True","True","1000","True"
"8b296f8a-58cc-44f9-9a49-b0933834f1ae","MANIFEST_BOUND","hmail-perf-pair-service-20260901","06EFCBA9520D478A6DAC7ABB7F09F3B63D015A0CD5ECA1EB4D0FD2CC8C38F9FD","net10","hmail_perf_pair_net10_20260831_head3","C:\hmail-perf-pair-service-20260901\net10\Data","393449EA88D8D3C63D044D759D715322FD07A6F365FB10F18C1F0F126C6B4675","100","15","one TCP client and one sequential IMAP session per sample","0","PASS","45FA907CE0D3797C1E13EBB2F03F076A25656CCE27E801C18F745ACD3944FBBD","5136EEC556F9790732AE759EF52F77FE6172329EA55787A80300C4A824107E46","1","154","True","False","582.53",,"True","1000","True","True","1000","True"
"8b296f8a-58cc-44f9-9a49-b0933834f1ae","MANIFEST_BOUND","hmail-perf-pair-service-20260901","06EFCBA9520D478A6DAC7ABB7F09F3B63D015A0CD5ECA1EB4D0FD2CC8C38F9FD","net10","hmail_perf_pair_net10_20260831_head3","C:\hmail-perf-pair-service-20260901\net10\Data","393449EA88D8D3C63D044D759D715322FD07A6F365FB10F18C1F0F126C6B4675","100","15","one TCP client and one sequential IMAP session per sample","0","PASS","45FA907CE0D3797C1E13EBB2F03F076A25656CCE27E801C18F745ACD3944FBBD","5136EEC556F9790732AE759EF52F77FE6172329EA55787A80300C4A824107E46","1","155","True","False","1019.011",,"True","1000","True","True","1000","True"
"8b296f8a-58cc-44f9-9a49-b0933834f1ae","MANIFEST_BOUND","hmail-perf-pair-service-20260901","06EFCBA9520D478A6DAC7ABB7F09F3B63D015A0CD5ECA1EB4D0FD2CC8C38F9FD","net10","hmail_perf_pair_net10_20260831_head3","C:\hmail-perf-pair-service-20260901\net10\Data","393449EA88D8D3C63D044D759D715322FD07A6F365FB10F18C1F0F126C6B4675","100","15","one TCP client and one sequential IMAP session per sample","0","PASS","45FA907CE0D3797C1E13EBB2F03F076A25656CCE27E801C18F745ACD3944FBBD","5136EEC556F9790732AE759EF52F77FE6172329EA55787A80300C4A824107E46","1","156","True","False","661.506",,"True","1000","True","True","1000","True"
"8b296f8a-58cc-44f9-9a49-b0933834f1ae","MANIFEST_BOUND","hmail-perf-pair-service-20260901","06EFCBA9520D478A6DAC7ABB7F09F3B63D015A0CD5ECA1EB4D0FD2CC8C38F9FD","net10","hmail_perf_pair_net10_20260831_head3","C:\hmail-perf-pair-service-20260901\net10\Data","393449EA88D8D3C63D044D759D715322FD07A6F365FB10F18C1F0F126C6B4675","100","15","one TCP client and one sequential IMAP session per sample","0","PASS","45FA907CE0D3797C1E13EBB2F03F076A25656CCE27E801C18F745ACD3944FBBD","5136EEC556F9790732AE759EF52F77FE6172329EA55787A80300C4A824107E46","1","157","True","False","1907.067",,"True","1000","True","True","1000","True"
"8b296f8a-58cc-44f9-9a49-b0933834f1ae","MANIFEST_BOUND","hmail-perf-pair-service-20260901","06EFCBA9520D478A6DAC7ABB7F09F3B63D015A0CD5ECA1EB4D0FD2CC8C38F9FD","net10","hmail_perf_pair_net10_20260831_head3","C:\hmail-perf-pair-service-20260901\net10\Data","393449EA88D8D3C63D044D759D715322FD07A6F365FB10F18C1F0F126C6B4675","100","15","one TCP client and one sequential IMAP session per sample","0","PASS","45FA907CE0D3797C1E13EBB2F03F076A25656CCE27E801C18F745ACD3944FBBD","5136EEC556F9790732AE759EF52F77FE6172329EA55787A80300C4A824107E46","1","158","True","False","663.357",,"True","1000","True","True","1000","True"
"8b296f8a-58cc-44f9-9a49-b0933834f1ae","MANIFEST_BOUND","hmail-perf-pair-service-20260901","06EFCBA9520D478A6DAC7ABB7F09F3B63D015A0CD5ECA1EB4D0FD2CC8C38F9FD","net10","hmail_perf_pair_net10_20260831_head3","C:\hmail-perf-pair-service-20260901\net10\Data","393449EA88D8D3C63D044D759D715322FD07A6F365FB10F18C1F0F126C6B4675","100","15","one TCP client and one sequential IMAP session per sample","0","PASS","45FA907CE0D3797C1E13EBB2F03F076A25656CCE27E801C18F745ACD3944FBBD","5136EEC556F9790732AE759EF52F77FE6172329EA55787A80300C4A824107E46","1","159","True","False","764.08",,"True","1000","True","True","1000","True"
"8b296f8a-58cc-44f9-9a49-b0933834f1ae","MANIFEST_BOUND","hmail-perf-pair-service-20260901","06EFCBA9520D478A6DAC7ABB7F09F3B63D015A0CD5ECA1EB4D0FD2CC8C38F9FD","net10","hmail_perf_pair_net10_20260831_head3","C:\hmail-perf-pair-service-20260901\net10\Data","393449EA88D8D3C63D044D759D715322FD07A6F365FB10F18C1F0F126C6B4675","100","15","one TCP client and one sequential IMAP session per sample","0","PASS","45FA907CE0D3797C1E13EBB2F03F076A25656CCE27E801C18F745ACD3944FBBD","5136EEC556F9790732AE759EF52F77FE6172329EA55787A80300C4A824107E46","1","160","True","False","1061.33",,"True","1000","True","True","1000","True"
"8b296f8a-58cc-44f9-9a49-b0933834f1ae","MANIFEST_BOUND","hmail-perf-pair-service-20260901","06EFCBA9520D478A6DAC7ABB7F09F3B63D015A0CD5ECA1EB4D0FD2CC8C38F9FD","net10","hmail_perf_pair_net10_20260831_head3","C:\hmail-perf-pair-service-20260901\net10\Data","393449EA88D8D3C63D044D759D715322FD07A6F365FB10F18C1F0F126C6B4675","100","15","one TCP client and one sequential IMAP session per sample","0","PASS","45FA907CE0D3797C1E13EBB2F03F076A25656CCE27E801C18F745ACD3944FBBD","5136EEC556F9790732AE759EF52F77FE6172329EA55787A80300C4A824107E46","1","161","True","False","2146.347",,"True","1000","True","True","1000","True"
"8b296f8a-58cc-44f9-9a49-b0933834f1ae","MANIFEST_BOUND","hmail-perf-pair-service-20260901","06EFCBA9520D478A6DAC7ABB7F09F3B63D015A0CD5ECA1EB4D0FD2CC8C38F9FD","net10","hmail_perf_pair_net10_20260831_head3","C:\hmail-perf-pair-service-20260901\net10\Data","393449EA88D8D3C63D044D759D715322FD07A6F365FB10F18C1F0F126C6B4675","100","15","one TCP client and one sequential IMAP session per sample","0","PASS","45FA907CE0D3797C1E13EBB2F03F076A25656CCE27E801C18F745ACD3944FBBD","5136EEC556F9790732AE759EF52F77FE6172329EA55787A80300C4A824107E46","1","162","True","False","675.444",,"True","1000","True","True","1000","True"
"8b296f8a-58cc-44f9-9a49-b0933834f1ae","MANIFEST_BOUND","hmail-perf-pair-service-20260901","06EFCBA9520D478A6DAC7ABB7F09F3B63D015A0CD5ECA1EB4D0FD2CC8C38F9FD","net10","hmail_perf_pair_net10_20260831_head3","C:\hmail-perf-pair-service-20260901\net10\Data","393449EA88D8D3C63D044D759D715322FD07A6F365FB10F18C1F0F126C6B4675","100","15","one TCP client and one sequential IMAP session per sample","0","PASS","45FA907CE0D3797C1E13EBB2F03F076A25656CCE27E801C18F745ACD3944FBBD","5136EEC556F9790732AE759EF52F77FE6172329EA55787A80300C4A824107E46","1","163","True","False","941.312",,"True","1000","True","True","1000","True"
"8b296f8a-58cc-44f9-9a49-b0933834f1ae","MANIFEST_BOUND","hmail-perf-pair-service-20260901","06EFCBA9520D478A6DAC7ABB7F09F3B63D015A0CD5ECA1EB4D0FD2CC8C38F9FD","net10","hmail_perf_pair_net10_20260831_head3","C:\hmail-perf-pair-service-20260901\net10\Data","393449EA88D8D3C63D044D759D715322FD07A6F365FB10F18C1F0F126C6B4675","100","15","one TCP client and one sequential IMAP session per sample","0","PASS","45FA907CE0D3797C1E13EBB2F03F076A25656CCE27E801C18F745ACD3944FBBD","5136EEC556F9790732AE759EF52F77FE6172329EA55787A80300C4A824107E46","1","164","True","False","604.195",,"True","1000","True","True","1000","True"
"8b296f8a-58cc-44f9-9a49-b0933834f1ae","MANIFEST_BOUND","hmail-perf-pair-service-20260901","06EFCBA9520D478A6DAC7ABB7F09F3B63D015A0CD5ECA1EB4D0FD2CC8C38F9FD","net10","hmail_perf_pair_net10_20260831_head3","C:\hmail-perf-pair-service-20260901\net10\Data","393449EA88D8D3C63D044D759D715322FD07A6F365FB10F18C1F0F126C6B4675","100","15","one TCP client and one sequential IMAP session per sample","0","PASS","45FA907CE0D3797C1E13EBB2F03F076A25656CCE27E801C18F745ACD3944FBBD","5136EEC556F9790732AE759EF52F77FE6172329EA55787A80300C4A824107E46","1","165","True","False","734.027",,"True","1000","True","True","1000","True"
"8b296f8a-58cc-44f9-9a49-b0933834f1ae","MANIFEST_BOUND","hmail-perf-pair-service-20260901","06EFCBA9520D478A6DAC7ABB7F09F3B63D015A0CD5ECA1EB4D0FD2CC8C38F9FD","net10","hmail_perf_pair_net10_20260831_head3","C:\hmail-perf-pair-service-20260901\net10\Data","393449EA88D8D3C63D044D759D715322FD07A6F365FB10F18C1F0F126C6B4675","100","15","one TCP client and one sequential IMAP session per sample","0","PASS","45FA907CE0D3797C1E13EBB2F03F076A25656CCE27E801C18F745ACD3944FBBD","5136EEC556F9790732AE759EF52F77FE6172329EA55787A80300C4A824107E46","1","166","True","False","756",,"True","1000","True","True","1000","True"
"8b296f8a-58cc-44f9-9a49-b0933834f1ae","MANIFEST_BOUND","hmail-perf-pair-service-20260901","06EFCBA9520D478A6DAC7ABB7F09F3B63D015A0CD5ECA1EB4D0FD2CC8C38F9FD","net10","hmail_perf_pair_net10_20260831_head3","C:\hmail-perf-pair-service-20260901\net10\Data","393449EA88D8D3C63D044D759D715322FD07A6F365FB10F18C1F0F126C6B4675","100","15","one TCP client and one sequential IMAP session per sample","0","PASS","45FA907CE0D3797C1E13EBB2F03F076A25656CCE27E801C18F745ACD3944FBBD","5136EEC556F9790732AE759EF52F77FE6172329EA55787A80300C4A824107E46","1","167","True","False","669.976",,"True","1000","True","True","1000","True"
"8b296f8a-58cc-44f9-9a49-b0933834f1ae","MANIFEST_BOUND","hmail-perf-pair-service-20260901","06EFCBA9520D478A6DAC7ABB7F09F3B63D015A0CD5ECA1EB4D0FD2CC8C38F9FD","net10","hmail_perf_pair_net10_20260831_head3","C:\hmail-perf-pair-service-20260901\net10\Data","393449EA88D8D3C63D044D759D715322FD07A6F365FB10F18C1F0F126C6B4675","100","15","one TCP client and one sequential IMAP session per sample","0","PASS","45FA907CE0D3797C1E13EBB2F03F076A25656CCE27E801C18F745ACD3944FBBD","5136EEC556F9790732AE759EF52F77FE6172329EA55787A80300C4A824107E46","1","168","True","False","844.647",,"True","1000","True","True","1000","True"
"8b296f8a-58cc-44f9-9a49-b0933834f1ae","MANIFEST_BOUND","hmail-perf-pair-service-20260901","06EFCBA9520D478A6DAC7ABB7F09F3B63D015A0CD5ECA1EB4D0FD2CC8C38F9FD","net10","hmail_perf_pair_net10_20260831_head3","C:\hmail-perf-pair-service-20260901\net10\Data","393449EA88D8D3C63D044D759D715322FD07A6F365FB10F18C1F0F126C6B4675","100","15","one TCP client and one sequential IMAP session per sample","0","PASS","45FA907CE0D3797C1E13EBB2F03F076A25656CCE27E801C18F745ACD3944FBBD","5136EEC556F9790732AE759EF52F77FE6172329EA55787A80300C4A824107E46","1","169","True","False","943.346",,"True","1000","True","True","1000","True"
"8b296f8a-58cc-44f9-9a49-b0933834f1ae","MANIFEST_BOUND","hmail-perf-pair-service-20260901","06EFCBA9520D478A6DAC7ABB7F09F3B63D015A0CD5ECA1EB4D0FD2CC8C38F9FD","net10","hmail_perf_pair_net10_20260831_head3","C:\hmail-perf-pair-service-20260901\net10\Data","393449EA88D8D3C63D044D759D715322FD07A6F365FB10F18C1F0F126C6B4675","100","15","one TCP client and one sequential IMAP session per sample","0","PASS","45FA907CE0D3797C1E13EBB2F03F076A25656CCE27E801C18F745ACD3944FBBD","5136EEC556F9790732AE759EF52F77FE6172329EA55787A80300C4A824107E46","1","170","True","False","1015.638",,"True","1000","True","True","1000","True"
"8b296f8a-58cc-44f9-9a49-b0933834f1ae","MANIFEST_BOUND","hmail-perf-pair-service-20260901","06EFCBA9520D478A6DAC7ABB7F09F3B63D015A0CD5ECA1EB4D0FD2CC8C38F9FD","net10","hmail_perf_pair_net10_20260831_head3","C:\hmail-perf-pair-service-20260901\net10\Data","393449EA88D8D3C63D044D759D715322FD07A6F365FB10F18C1F0F126C6B4675","100","15","one TCP client and one sequential IMAP session per sample","0","PASS","45FA907CE0D3797C1E13EBB2F03F076A25656CCE27E801C18F745ACD3944FBBD","5136EEC556F9790732AE759EF52F77FE6172329EA55787A80300C4A824107E46","1","171","True","False","1090.532",,"True","1000","True","True","1000","True"
"8b296f8a-58cc-44f9-9a49-b0933834f1ae","MANIFEST_BOUND","hmail-perf-pair-service-20260901","06EFCBA9520D478A6DAC7ABB7F09F3B63D015A0CD5ECA1EB4D0FD2CC8C38F9FD","net10","hmail_perf_pair_net10_20260831_head3","C:\hmail-perf-pair-service-20260901\net10\Data","393449EA88D8D3C63D044D759D715322FD07A6F365FB10F18C1F0F126C6B4675","100","15","one TCP client and one sequential IMAP session per sample","0","PASS","45FA907CE0D3797C1E13EBB2F03F076A25656CCE27E801C18F745ACD3944FBBD","5136EEC556F9790732AE759EF52F77FE6172329EA55787A80300C4A824107E46","1","172","True","False","1900.22",,"True","1000","True","True","1000","True"
"8b296f8a-58cc-44f9-9a49-b0933834f1ae","MANIFEST_BOUND","hmail-perf-pair-service-20260901","06EFCBA9520D478A6DAC7ABB7F09F3B63D015A0CD5ECA1EB4D0FD2CC8C38F9FD","net10","hmail_perf_pair_net10_20260831_head3","C:\hmail-perf-pair-service-20260901\net10\Data","393449EA88D8D3C63D044D759D715322FD07A6F365FB10F18C1F0F126C6B4675","100","15","one TCP client and one sequential IMAP session per sample","0","PASS","45FA907CE0D3797C1E13EBB2F03F076A25656CCE27E801C18F745ACD3944FBBD","5136EEC556F9790732AE759EF52F77FE6172329EA55787A80300C4A824107E46","1","173","True","False","886.169",,"True","1000","True","True","1000","True"
"8b296f8a-58cc-44f9-9a49-b0933834f1ae","MANIFEST_BOUND","hmail-perf-pair-service-20260901","06EFCBA9520D478A6DAC7ABB7F09F3B63D015A0CD5ECA1EB4D0FD2CC8C38F9FD","net10","hmail_perf_pair_net10_20260831_head3","C:\hmail-perf-pair-service-20260901\net10\Data","393449EA88D8D3C63D044D759D715322FD07A6F365FB10F18C1F0F126C6B4675","100","15","one TCP client and one sequential IMAP session per sample","0","PASS","45FA907CE0D3797C1E13EBB2F03F076A25656CCE27E801C18F745ACD3944FBBD","5136EEC556F9790732AE759EF52F77FE6172329EA55787A80300C4A824107E46","1","174","True","False","973.173",,"True","1000","True","True","1000","True"
"8b296f8a-58cc-44f9-9a49-b0933834f1ae","MANIFEST_BOUND","hmail-perf-pair-service-20260901","06EFCBA9520D478A6DAC7ABB7F09F3B63D015A0CD5ECA1EB4D0FD2CC8C38F9FD","net10","hmail_perf_pair_net10_20260831_head3","C:\hmail-perf-pair-service-20260901\net10\Data","393449EA88D8D3C63D044D759D715322FD07A6F365FB10F18C1F0F126C6B4675","100","15","one TCP client and one sequential IMAP session per sample","0","PASS","45FA907CE0D3797C1E13EBB2F03F076A25656CCE27E801C18F745ACD3944FBBD","5136EEC556F9790732AE759EF52F77FE6172329EA55787A80300C4A824107E46","1","175","True","False","1306.171",,"True","1000","True","True","1000","True"
"8b296f8a-58cc-44f9-9a49-b0933834f1ae","MANIFEST_BOUND","hmail-perf-pair-service-20260901","06EFCBA9520D478A6DAC7ABB7F09F3B63D015A0CD5ECA1EB4D0FD2CC8C38F9FD","net10","hmail_perf_pair_net10_20260831_head3","C:\hmail-perf-pair-service-20260901\net10\Data","393449EA88D8D3C63D044D759D715322FD07A6F365FB10F18C1F0F126C6B4675","100","15","one TCP client and one sequential IMAP session per sample","0","PASS","45FA907CE0D3797C1E13EBB2F03F076A25656CCE27E801C18F745ACD3944FBBD","5136EEC556F9790732AE759EF52F77FE6172329EA55787A80300C4A824107E46","1","176","True","False","1374.246",,"True","1000","True","True","1000","True"
"8b296f8a-58cc-44f9-9a49-b0933834f1ae","MANIFEST_BOUND","hmail-perf-pair-service-20260901","06EFCBA9520D478A6DAC7ABB7F09F3B63D015A0CD5ECA1EB4D0FD2CC8C38F9FD","net10","hmail_perf_pair_net10_20260831_head3","C:\hmail-perf-pair-service-20260901\net10\Data","393449EA88D8D3C63D044D759D715322FD07A6F365FB10F18C1F0F126C6B4675","100","15","one TCP client and one sequential IMAP session per sample","0","PASS","45FA907CE0D3797C1E13EBB2F03F076A25656CCE27E801C18F745ACD3944FBBD","5136EEC556F9790732AE759EF52F77FE6172329EA55787A80300C4A824107E46","1","177","True","False","1054.078",,"True","1000","True","True","1000","True"
"8b296f8a-58cc-44f9-9a49-b0933834f1ae","MANIFEST_BOUND","hmail-perf-pair-service-20260901","06EFCBA9520D478A6DAC7ABB7F09F3B63D015A0CD5ECA1EB4D0FD2CC8C38F9FD","net10","hmail_perf_pair_net10_20260831_head3","C:\hmail-perf-pair-service-20260901\net10\Data","393449EA88D8D3C63D044D759D715322FD07A6F365FB10F18C1F0F126C6B4675","100","15","one TCP client and one sequential IMAP session per sample","0","PASS","45FA907CE0D3797C1E13EBB2F03F076A25656CCE27E801C18F745ACD3944FBBD","5136EEC556F9790732AE759EF52F77FE6172329EA55787A80300C4A824107E46","1","178","True","False","1011.473",,"True","1000","True","True","1000","True"
"8b296f8a-58cc-44f9-9a49-b0933834f1ae","MANIFEST_BOUND","hmail-perf-pair-service-20260901","06EFCBA9520D478A6DAC7ABB7F09F3B63D015A0CD5ECA1EB4D0FD2CC8C38F9FD","net10","hmail_perf_pair_net10_20260831_head3","C:\hmail-perf-pair-service-20260901\net10\Data","393449EA88D8D3C63D044D759D715322FD07A6F365FB10F18C1F0F126C6B4675","100","15","one TCP client and one sequential IMAP session per sample","0","PASS","45FA907CE0D3797C1E13EBB2F03F076A25656CCE27E801C18F745ACD3944FBBD","5136EEC556F9790732AE759EF52F77FE6172329EA55787A80300C4A824107E46","1","179","True","False","1462.926",,"True","1000","True","True","1000","True"
"8b296f8a-58cc-44f9-9a49-b0933834f1ae","MANIFEST_BOUND","hmail-perf-pair-service-20260901","06EFCBA9520D478A6DAC7ABB7F09F3B63D015A0CD5ECA1EB4D0FD2CC8C38F9FD","net10","hmail_perf_pair_net10_20260831_head3","C:\hmail-perf-pair-service-20260901\net10\Data","393449EA88D8D3C63D044D759D715322FD07A6F365FB10F18C1F0F126C6B4675","100","15","one TCP client and one sequential IMAP session per sample","0","PASS","45FA907CE0D3797C1E13EBB2F03F076A25656CCE27E801C18F745ACD3944FBBD","5136EEC556F9790732AE759EF52F77FE6172329EA55787A80300C4A824107E46","1","180","True","False","1890.721",,"True","1000","True","True","1000","True"
"8b296f8a-58cc-44f9-9a49-b0933834f1ae","MANIFEST_BOUND","hmail-perf-pair-service-20260901","06EFCBA9520D478A6DAC7ABB7F09F3B63D015A0CD5ECA1EB4D0FD2CC8C38F9FD","net10","hmail_perf_pair_net10_20260831_head3","C:\hmail-perf-pair-service-20260901\net10\Data","393449EA88D8D3C63D044D759D715322FD07A6F365FB10F18C1F0F126C6B4675","100","15","one TCP client and one sequential IMAP session per sample","0","PASS","45FA907CE0D3797C1E13EBB2F03F076A25656CCE27E801C18F745ACD3944FBBD","5136EEC556F9790732AE759EF52F77FE6172329EA55787A80300C4A824107E46","1","181","True","False","958.252",,"True","1000","True","True","1000","True"
"8b296f8a-58cc-44f9-9a49-b0933834f1ae","MANIFEST_BOUND","hmail-perf-pair-service-20260901","06EFCBA9520D478A6DAC7ABB7F09F3B63D015A0CD5ECA1EB4D0FD2CC8C38F9FD","net10","hmail_perf_pair_net10_20260831_head3","C:\hmail-perf-pair-service-20260901\net10\Data","393449EA88D8D3C63D044D759D715322FD07A6F365FB10F18C1F0F126C6B4675","100","15","one TCP client and one sequential IMAP session per sample","0","PASS","45FA907CE0D3797C1E13EBB2F03F076A25656CCE27E801C18F745ACD3944FBBD","5136EEC556F9790732AE759EF52F77FE6172329EA55787A80300C4A824107E46","1","182","True","False","1019.232",,"True","1000","True","True","1000","True"
"8b296f8a-58cc-44f9-9a49-b0933834f1ae","MANIFEST_BOUND","hmail-perf-pair-service-20260901","06EFCBA9520D478A6DAC7ABB7F09F3B63D015A0CD5ECA1EB4D0FD2CC8C38F9FD","net10","hmail_perf_pair_net10_20260831_head3","C:\hmail-perf-pair-service-20260901\net10\Data","393449EA88D8D3C63D044D759D715322FD07A6F365FB10F18C1F0F126C6B4675","100","15","one TCP client and one sequential IMAP session per sample","0","PASS","45FA907CE0D3797C1E13EBB2F03F076A25656CCE27E801C18F745ACD3944FBBD","5136EEC556F9790732AE759EF52F77FE6172329EA55787A80300C4A824107E46","1","183","True","False","1061.802",,"True","1000","True","True","1000","True"
"8b296f8a-58cc-44f9-9a49-b0933834f1ae","MANIFEST_BOUND","hmail-perf-pair-service-20260901","06EFCBA9520D478A6DAC7ABB7F09F3B63D015A0CD5ECA1EB4D0FD2CC8C38F9FD","net10","hmail_perf_pair_net10_20260831_head3","C:\hmail-perf-pair-service-20260901\net10\Data","393449EA88D8D3C63D044D759D715322FD07A6F365FB10F18C1F0F126C6B4675","100","15","one TCP client and one sequential IMAP session per sample","0","PASS","45FA907CE0D3797C1E13EBB2F03F076A25656CCE27E801C18F745ACD3944FBBD","5136EEC556F9790732AE759EF52F77FE6172329EA55787A80300C4A824107E46","1","184","True","False","984.651",,"True","1000","True","True","1000","True"
"8b296f8a-58cc-44f9-9a49-b0933834f1ae","MANIFEST_BOUND","hmail-perf-pair-service-20260901","06EFCBA9520D478A6DAC7ABB7F09F3B63D015A0CD5ECA1EB4D0FD2CC8C38F9FD","net10","hmail_perf_pair_net10_20260831_head3","C:\hmail-perf-pair-service-20260901\net10\Data","393449EA88D8D3C63D044D759D715322FD07A6F365FB10F18C1F0F126C6B4675","100","15","one TCP client and one sequential IMAP session per sample","0","PASS","45FA907CE0D3797C1E13EBB2F03F076A25656CCE27E801C18F745ACD3944FBBD","5136EEC556F9790732AE759EF52F77FE6172329EA55787A80300C4A824107E46","1","185","True","False","1435.144",,"True","1000","True","True","1000","True"
"8b296f8a-58cc-44f9-9a49-b0933834f1ae","MANIFEST_BOUND","hmail-perf-pair-service-20260901","06EFCBA9520D478A6DAC7ABB7F09F3B63D015A0CD5ECA1EB4D0FD2CC8C38F9FD","net10","hmail_perf_pair_net10_20260831_head3","C:\hmail-perf-pair-service-20260901\net10\Data","393449EA88D8D3C63D044D759D715322FD07A6F365FB10F18C1F0F126C6B4675","100","15","one TCP client and one sequential IMAP session per sample","0","PASS","45FA907CE0D3797C1E13EBB2F03F076A25656CCE27E801C18F745ACD3944FBBD","5136EEC556F9790732AE759EF52F77FE6172329EA55787A80300C4A824107E46","1","186","True","False","1005.46",,"True","1000","True","True","1000","True"
"8b296f8a-58cc-44f9-9a49-b0933834f1ae","MANIFEST_BOUND","hmail-perf-pair-service-20260901","06EFCBA9520D478A6DAC7ABB7F09F3B63D015A0CD5ECA1EB4D0FD2CC8C38F9FD","net10","hmail_perf_pair_net10_20260831_head3","C:\hmail-perf-pair-service-20260901\net10\Data","393449EA88D8D3C63D044D759D715322FD07A6F365FB10F18C1F0F126C6B4675","100","15","one TCP client and one sequential IMAP session per sample","0","PASS","45FA907CE0D3797C1E13EBB2F03F076A25656CCE27E801C18F745ACD3944FBBD","5136EEC556F9790732AE759EF52F77FE6172329EA55787A80300C4A824107E46","1","187","True","False","1518.302",,"True","1000","True","True","1000","True"
"8b296f8a-58cc-44f9-9a49-b0933834f1ae","MANIFEST_BOUND","hmail-perf-pair-service-20260901","06EFCBA9520D478A6DAC7ABB7F09F3B63D015A0CD5ECA1EB4D0FD2CC8C38F9FD","net10","hmail_perf_pair_net10_20260831_head3","C:\hmail-perf-pair-service-20260901\net10\Data","393449EA88D8D3C63D044D759D715322FD07A6F365FB10F18C1F0F126C6B4675","100","15","one TCP client and one sequential IMAP session per sample","0","PASS","45FA907CE0D3797C1E13EBB2F03F076A25656CCE27E801C18F745ACD3944FBBD","5136EEC556F9790732AE759EF52F77FE6172329EA55787A80300C4A824107E46","1","188","True","False","1116",,"True","1000","True","True","1000","True"
"8b296f8a-58cc-44f9-9a49-b0933834f1ae","MANIFEST_BOUND","hmail-perf-pair-service-20260901","06EFCBA9520D478A6DAC7ABB7F09F3B63D015A0CD5ECA1EB4D0FD2CC8C38F9FD","net10","hmail_perf_pair_net10_20260831_head3","C:\hmail-perf-pair-service-20260901\net10\Data","393449EA88D8D3C63D044D759D715322FD07A6F365FB10F18C1F0F126C6B4675","100","15","one TCP client and one sequential IMAP session per sample","0","PASS","45FA907CE0D3797C1E13EBB2F03F076A25656CCE27E801C18F745ACD3944FBBD","5136EEC556F9790732AE759EF52F77FE6172329EA55787A80300C4A824107E46","1","189","True","False","1922.948",,"True","1000","True","True","1000","True"
"8b296f8a-58cc-44f9-9a49-b0933834f1ae","MANIFEST_BOUND","hmail-perf-pair-service-20260901","06EFCBA9520D478A6DAC7ABB7F09F3B63D015A0CD5ECA1EB4D0FD2CC8C38F9FD","net10","hmail_perf_pair_net10_20260831_head3","C:\hmail-perf-pair-service-20260901\net10\Data","393449EA88D8D3C63D044D759D715322FD07A6F365FB10F18C1F0F126C6B4675","100","15","one TCP client and one sequential IMAP session per sample","0","PASS","45FA907CE0D3797C1E13EBB2F03F076A25656CCE27E801C18F745ACD3944FBBD","5136EEC556F9790732AE759EF52F77FE6172329EA55787A80300C4A824107E46","1","190","True","False","968.302",,"True","1000","True","True","1000","True"
"8b296f8a-58cc-44f9-9a49-b0933834f1ae","MANIFEST_BOUND","hmail-perf-pair-service-20260901","06EFCBA9520D478A6DAC7ABB7F09F3B63D015A0CD5ECA1EB4D0FD2CC8C38F9FD","net10","hmail_perf_pair_net10_20260831_head3","C:\hmail-perf-pair-service-20260901\net10\Data","393449EA88D8D3C63D044D759D715322FD07A6F365FB10F18C1F0F126C6B4675","100","15","one TCP client and one sequential IMAP session per sample","0","PASS","45FA907CE0D3797C1E13EBB2F03F076A25656CCE27E801C18F745ACD3944FBBD","5136EEC556F9790732AE759EF52F77FE6172329EA55787A80300C4A824107E46","1","191","True","False","1830.647",,"True","1000","True","True","1000","True"
"8b296f8a-58cc-44f9-9a49-b0933834f1ae","MANIFEST_BOUND","hmail-perf-pair-service-20260901","06EFCBA9520D478A6DAC7ABB7F09F3B63D015A0CD5ECA1EB4D0FD2CC8C38F9FD","net10","hmail_perf_pair_net10_20260831_head3","C:\hmail-perf-pair-service-20260901\net10\Data","393449EA88D8D3C63D044D759D715322FD07A6F365FB10F18C1F0F126C6B4675","100","15","one TCP client and one sequential IMAP session per sample","0","PASS","45FA907CE0D3797C1E13EBB2F03F076A25656CCE27E801C18F745ACD3944FBBD","5136EEC556F9790732AE759EF52F77FE6172329EA55787A80300C4A824107E46","1","192","True","False","1743.336",,"True","1000","True","True","1000","True"
"8b296f8a-58cc-44f9-9a49-b0933834f1ae","MANIFEST_BOUND","hmail-perf-pair-service-20260901","06EFCBA9520D478A6DAC7ABB7F09F3B63D015A0CD5ECA1EB4D0FD2CC8C38F9FD","net10","hmail_perf_pair_net10_20260831_head3","C:\hmail-perf-pair-service-20260901\net10\Data","393449EA88D8D3C63D044D759D715322FD07A6F365FB10F18C1F0F126C6B4675","100","15","one TCP client and one sequential IMAP session per sample","0","PASS","45FA907CE0D3797C1E13EBB2F03F076A25656CCE27E801C18F745ACD3944FBBD","5136EEC556F9790732AE759EF52F77FE6172329EA55787A80300C4A824107E46","1","193","True","False","1890.646",,"True","1000","True","True","1000","True"
"8b296f8a-58cc-44f9-9a49-b0933834f1ae","MANIFEST_BOUND","hmail-perf-pair-service-20260901","06EFCBA9520D478A6DAC7ABB7F09F3B63D015A0CD5ECA1EB4D0FD2CC8C38F9FD","net10","hmail_perf_pair_net10_20260831_head3","C:\hmail-perf-pair-service-20260901\net10\Data","393449EA88D8D3C63D044D759D715322FD07A6F365FB10F18C1F0F126C6B4675","100","15","one TCP client and one sequential IMAP session per sample","0","PASS","45FA907CE0D3797C1E13EBB2F03F076A25656CCE27E801C18F745ACD3944FBBD","5136EEC556F9790732AE759EF52F77FE6172329EA55787A80300C4A824107E46","1","194","True","False","989.676",,"True","1000","True","True","1000","True"
"8b296f8a-58cc-44f9-9a49-b0933834f1ae","MANIFEST_BOUND","hmail-perf-pair-service-20260901","06EFCBA9520D478A6DAC7ABB7F09F3B63D015A0CD5ECA1EB4D0FD2CC8C38F9FD","net10","hmail_perf_pair_net10_20260831_head3","C:\hmail-perf-pair-service-20260901\net10\Data","393449EA88D8D3C63D044D759D715322FD07A6F365FB10F18C1F0F126C6B4675","100","15","one TCP client and one sequential IMAP session per sample","0","PASS","45FA907CE0D3797C1E13EBB2F03F076A25656CCE27E801C18F745ACD3944FBBD","5136EEC556F9790732AE759EF52F77FE6172329EA55787A80300C4A824107E46","1","195","True","False","2358.392",,"True","1000","True","True","1000","True"
"8b296f8a-58cc-44f9-9a49-b0933834f1ae","MANIFEST_BOUND","hmail-perf-pair-service-20260901","06EFCBA9520D478A6DAC7ABB7F09F3B63D015A0CD5ECA1EB4D0FD2CC8C38F9FD","net10","hmail_perf_pair_net10_20260831_head3","C:\hmail-perf-pair-service-20260901\net10\Data","393449EA88D8D3C63D044D759D715322FD07A6F365FB10F18C1F0F126C6B4675","100","15","one TCP client and one sequential IMAP session per sample","0","PASS","45FA907CE0D3797C1E13EBB2F03F076A25656CCE27E801C18F745ACD3944FBBD","5136EEC556F9790732AE759EF52F77FE6172329EA55787A80300C4A824107E46","1","196","True","False","1978.875",,"True","1000","True","True","1000","True"
"8b296f8a-58cc-44f9-9a49-b0933834f1ae","MANIFEST_BOUND","hmail-perf-pair-service-20260901","06EFCBA9520D478A6DAC7ABB7F09F3B63D015A0CD5ECA1EB4D0FD2CC8C38F9FD","net10","hmail_perf_pair_net10_20260831_head3","C:\hmail-perf-pair-service-20260901\net10\Data","393449EA88D8D3C63D044D759D715322FD07A6F365FB10F18C1F0F126C6B4675","100","15","one TCP client and one sequential IMAP session per sample","0","PASS","45FA907CE0D3797C1E13EBB2F03F076A25656CCE27E801C18F745ACD3944FBBD","5136EEC556F9790732AE759EF52F77FE6172329EA55787A80300C4A824107E46","1","197","True","False","1730.061",,"True","1000","True","True","1000","True"
"8b296f8a-58cc-44f9-9a49-b0933834f1ae","MANIFEST_BOUND","hmail-perf-pair-service-20260901","06EFCBA9520D478A6DAC7ABB7F09F3B63D015A0CD5ECA1EB4D0FD2CC8C38F9FD","net10","hmail_perf_pair_net10_20260831_head3","C:\hmail-perf-pair-service-20260901\net10\Data","393449EA88D8D3C63D044D759D715322FD07A6F365FB10F18C1F0F126C6B4675","100","15","one TCP client and one sequential IMAP session per sample","0","PASS","45FA907CE0D3797C1E13EBB2F03F076A25656CCE27E801C18F745ACD3944FBBD","5136EEC556F9790732AE759EF52F77FE6172329EA55787A80300C4A824107E46","1","198","True","False","2196.495",,"True","1000","True","True","1000","True"
"8b296f8a-58cc-44f9-9a49-b0933834f1ae","MANIFEST_BOUND","hmail-perf-pair-service-20260901","06EFCBA9520D478A6DAC7ABB7F09F3B63D015A0CD5ECA1EB4D0FD2CC8C38F9FD","net10","hmail_perf_pair_net10_20260831_head3","C:\hmail-perf-pair-service-20260901\net10\Data","393449EA88D8D3C63D044D759D715322FD07A6F365FB10F18C1F0F126C6B4675","100","15","one TCP client and one sequential IMAP session per sample","0","PASS","45FA907CE0D3797C1E13EBB2F03F076A25656CCE27E801C18F745ACD3944FBBD","5136EEC556F9790732AE759EF52F77FE6172329EA55787A80300C4A824107E46","1","199","True","False","1494.922",,"True","1000","True","True","1000","True"
"8b296f8a-58cc-44f9-9a49-b0933834f1ae","MANIFEST_BOUND","hmail-perf-pair-service-20260901","06EFCBA9520D478A6DAC7ABB7F09F3B63D015A0CD5ECA1EB4D0FD2CC8C38F9FD","net10","hmail_perf_pair_net10_20260831_head3","C:\hmail-perf-pair-service-20260901\net10\Data","393449EA88D8D3C63D044D759D715322FD07A6F365FB10F18C1F0F126C6B4675","100","15","one TCP client and one sequential IMAP session per sample","0","PASS","45FA907CE0D3797C1E13EBB2F03F076A25656CCE27E801C18F745ACD3944FBBD","5136EEC556F9790732AE759EF52F77FE6172329EA55787A80300C4A824107E46","1","200","True","False","1793.519",,"True","1000","True","True","1000","True"
"8b296f8a-58cc-44f9-9a49-b0933834f1ae","MANIFEST_BOUND","hmail-perf-pair-service-20260901","06EFCBA9520D478A6DAC7ABB7F09F3B63D015A0CD5ECA1EB4D0FD2CC8C38F9FD","net10","hmail_perf_pair_net10_20260831_head3","C:\hmail-perf-pair-service-20260901\net10\Data","393449EA88D8D3C63D044D759D715322FD07A6F365FB10F18C1F0F126C6B4675","100","15","one TCP client and one sequential IMAP session per sample","0","PASS","45FA907CE0D3797C1E13EBB2F03F076A25656CCE27E801C18F745ACD3944FBBD","5136EEC556F9790732AE759EF52F77FE6172329EA55787A80300C4A824107E46","1","201","True","False","1865.431",,"True","1000","True","True","1000","True"
"8b296f8a-58cc-44f9-9a49-b0933834f1ae","MANIFEST_BOUND","hmail-perf-pair-service-20260901","06EFCBA9520D478A6DAC7ABB7F09F3B63D015A0CD5ECA1EB4D0FD2CC8C38F9FD","net10","hmail_perf_pair_net10_20260831_head3","C:\hmail-perf-pair-service-20260901\net10\Data","393449EA88D8D3C63D044D759D715322FD07A6F365FB10F18C1F0F126C6B4675","100","15","one TCP client and one sequential IMAP session per sample","0","PASS","45FA907CE0D3797C1E13EBB2F03F076A25656CCE27E801C18F745ACD3944FBBD","5136EEC556F9790732AE759EF52F77FE6172329EA55787A80300C4A824107E46","1","202","True","False","2237.116",,"True","1000","True","True","1000","True"
"8b296f8a-58cc-44f9-9a49-b0933834f1ae","MANIFEST_BOUND","hmail-perf-pair-service-20260901","06EFCBA9520D478A6DAC7ABB7F09F3B63D015A0CD5ECA1EB4D0FD2CC8C38F9FD","net10","hmail_perf_pair_net10_20260831_head3","C:\hmail-perf-pair-service-20260901\net10\Data","393449EA88D8D3C63D044D759D715322FD07A6F365FB10F18C1F0F126C6B4675","100","15","one TCP client and one sequential IMAP session per sample","0","PASS","45FA907CE0D3797C1E13EBB2F03F076A25656CCE27E801C18F745ACD3944FBBD","5136EEC556F9790732AE759EF52F77FE6172329EA55787A80300C4A824107E46","1","203","True","False","1886.743",,"True","1000","True","True","1000","True"
"8b296f8a-58cc-44f9-9a49-b0933834f1ae","MANIFEST_BOUND","hmail-perf-pair-service-20260901","06EFCBA9520D478A6DAC7ABB7F09F3B63D015A0CD5ECA1EB4D0FD2CC8C38F9FD","net10","hmail_perf_pair_net10_20260831_head3","C:\hmail-perf-pair-service-20260901\net10\Data","393449EA88D8D3C63D044D759D715322FD07A6F365FB10F18C1F0F126C6B4675","100","15","one TCP client and one sequential IMAP session per sample","0","PASS","45FA907CE0D3797C1E13EBB2F03F076A25656CCE27E801C18F745ACD3944FBBD","5136EEC556F9790732AE759EF52F77FE6172329EA55787A80300C4A824107E46","1","204","True","False","1900.615",,"True","1000","True","True","1000","True"
"8b296f8a-58cc-44f9-9a49-b0933834f1ae","MANIFEST_BOUND","hmail-perf-pair-service-20260901","06EFCBA9520D478A6DAC7ABB7F09F3B63D015A0CD5ECA1EB4D0FD2CC8C38F9FD","net10","hmail_perf_pair_net10_20260831_head3","C:\hmail-perf-pair-service-20260901\net10\Data","393449EA88D8D3C63D044D759D715322FD07A6F365FB10F18C1F0F126C6B4675","100","15","one TCP client and one sequential IMAP session per sample","0","PASS","45FA907CE0D3797C1E13EBB2F03F076A25656CCE27E801C18F745ACD3944FBBD","5136EEC556F9790732AE759EF52F77FE6172329EA55787A80300C4A824107E46","1","205","True","False","2112.226",,"True","1000","True","True","1000","True"
"8b296f8a-58cc-44f9-9a49-b0933834f1ae","MANIFEST_BOUND","hmail-perf-pair-service-20260901","06EFCBA9520D478A6DAC7ABB7F09F3B63D015A0CD5ECA1EB4D0FD2CC8C38F9FD","net10","hmail_perf_pair_net10_20260831_head3","C:\hmail-perf-pair-service-20260901\net10\Data","393449EA88D8D3C63D044D759D715322FD07A6F365FB10F18C1F0F126C6B4675","100","15","one TCP client and one sequential IMAP session per sample","0","PASS","45FA907CE0D3797C1E13EBB2F03F076A25656CCE27E801C18F745ACD3944FBBD","5136EEC556F9790732AE759EF52F77FE6172329EA55787A80300C4A824107E46","1","206","True","False","1963.558",,"True","1000","True","True","1000","True"
"8b296f8a-58cc-44f9-9a49-b0933834f1ae","MANIFEST_BOUND","hmail-perf-pair-service-20260901","06EFCBA9520D478A6DAC7ABB7F09F3B63D015A0CD5ECA1EB4D0FD2CC8C38F9FD","net10","hmail_perf_pair_net10_20260831_head3","C:\hmail-perf-pair-service-20260901\net10\Data","393449EA88D8D3C63D044D759D715322FD07A6F365FB10F18C1F0F126C6B4675","100","15","one TCP client and one sequential IMAP session per sample","0","PASS","45FA907CE0D3797C1E13EBB2F03F076A25656CCE27E801C18F745ACD3944FBBD","5136EEC556F9790732AE759EF52F77FE6172329EA55787A80300C4A824107E46","1","207","True","False","2162.534",,"True","1000","True","True","1000","True"
"8b296f8a-58cc-44f9-9a49-b0933834f1ae","MANIFEST_BOUND","hmail-perf-pair-service-20260901","06EFCBA9520D478A6DAC7ABB7F09F3B63D015A0CD5ECA1EB4D0FD2CC8C38F9FD","net10","hmail_perf_pair_net10_20260831_head3","C:\hmail-perf-pair-service-20260901\net10\Data","393449EA88D8D3C63D044D759D715322FD07A6F365FB10F18C1F0F126C6B4675","100","15","one TCP client and one sequential IMAP session per sample","0","PASS","45FA907CE0D3797C1E13EBB2F03F076A25656CCE27E801C18F745ACD3944FBBD","5136EEC556F9790732AE759EF52F77FE6172329EA55787A80300C4A824107E46","1","208","True","False","1831.005",,"True","1000","True","True","1000","True"
"8b296f8a-58cc-44f9-9a49-b0933834f1ae","MANIFEST_BOUND","hmail-perf-pair-service-20260901","06EFCBA9520D478A6DAC7ABB7F09F3B63D015A0CD5ECA1EB4D0FD2CC8C38F9FD","net10","hmail_perf_pair_net10_20260831_head3","C:\hmail-perf-pair-service-20260901\net10\Data","393449EA88D8D3C63D044D759D715322FD07A6F365FB10F18C1F0F126C6B4675","100","15","one TCP client and one sequential IMAP session per sample","0","PASS","45FA907CE0D3797C1E13EBB2F03F076A25656CCE27E801C18F745ACD3944FBBD","5136EEC556F9790732AE759EF52F77FE6172329EA55787A80300C4A824107E46","1","209","True","False","1645.798",,"True","1000","True","True","1000","True"
"8b296f8a-58cc-44f9-9a49-b0933834f1ae","MANIFEST_BOUND","hmail-perf-pair-service-20260901","06EFCBA9520D478A6DAC7ABB7F09F3B63D015A0CD5ECA1EB4D0FD2CC8C38F9FD","net10","hmail_perf_pair_net10_20260831_head3","C:\hmail-perf-pair-service-20260901\net10\Data","393449EA88D8D3C63D044D759D715322FD07A6F365FB10F18C1F0F126C6B4675","100","15","one TCP client and one sequential IMAP session per sample","0","PASS","45FA907CE0D3797C1E13EBB2F03F076A25656CCE27E801C18F745ACD3944FBBD","5136EEC556F9790732AE759EF52F77FE6172329EA55787A80300C4A824107E46","1","210","True","False","1769.541",,"True","1000","True","True","1000","True"
"8b296f8a-58cc-44f9-9a49-b0933834f1ae","MANIFEST_BOUND","hmail-perf-pair-service-20260901","06EFCBA9520D478A6DAC7ABB7F09F3B63D015A0CD5ECA1EB4D0FD2CC8C38F9FD","net10","hmail_perf_pair_net10_20260831_head3","C:\hmail-perf-pair-service-20260901\net10\Data","393449EA88D8D3C63D044D759D715322FD07A6F365FB10F18C1F0F126C6B4675","100","15","one TCP client and one sequential IMAP session per sample","0","PASS","45FA907CE0D3797C1E13EBB2F03F076A25656CCE27E801C18F745ACD3944FBBD","5136EEC556F9790732AE759EF52F77FE6172329EA55787A80300C4A824107E46","1","211","True","False","2229.483",,"True","1000","True","True","1000","True"
"8b296f8a-58cc-44f9-9a49-b0933834f1ae","MANIFEST_BOUND","hmail-perf-pair-service-20260901","06EFCBA9520D478A6DAC7ABB7F09F3B63D015A0CD5ECA1EB4D0FD2CC8C38F9FD","net10","hmail_perf_pair_net10_20260831_head3","C:\hmail-perf-pair-service-20260901\net10\Data","393449EA88D8D3C63D044D759D715322FD07A6F365FB10F18C1F0F126C6B4675","100","15","one TCP client and one sequential IMAP session per sample","0","PASS","45FA907CE0D3797C1E13EBB2F03F076A25656CCE27E801C18F745ACD3944FBBD","5136EEC556F9790732AE759EF52F77FE6172329EA55787A80300C4A824107E46","1","212","True","False","2241.109",,"True","1000","True","True","1000","True"
"8b296f8a-58cc-44f9-9a49-b0933834f1ae","MANIFEST_BOUND","hmail-perf-pair-service-20260901","06EFCBA9520D478A6DAC7ABB7F09F3B63D015A0CD5ECA1EB4D0FD2CC8C38F9FD","net10","hmail_perf_pair_net10_20260831_head3","C:\hmail-perf-pair-service-20260901\net10\Data","393449EA88D8D3C63D044D759D715322FD07A6F365FB10F18C1F0F126C6B4675","100","15","one TCP client and one sequential IMAP session per sample","0","PASS","45FA907CE0D3797C1E13EBB2F03F076A25656CCE27E801C18F745ACD3944FBBD","5136EEC556F9790732AE759EF52F77FE6172329EA55787A80300C4A824107E46","1","213","True","False","2072.226",,"True","1000","True","True","1000","True"
"8b296f8a-58cc-44f9-9a49-b0933834f1ae","MANIFEST_BOUND","hmail-perf-pair-service-20260901","06EFCBA9520D478A6DAC7ABB7F09F3B63D015A0CD5ECA1EB4D0FD2CC8C38F9FD","net10","hmail_perf_pair_net10_20260831_head3","C:\hmail-perf-pair-service-20260901\net10\Data","393449EA88D8D3C63D044D759D715322FD07A6F365FB10F18C1F0F126C6B4675","100","15","one TCP client and one sequential IMAP session per sample","0","PASS","45FA907CE0D3797C1E13EBB2F03F076A25656CCE27E801C18F745ACD3944FBBD","5136EEC556F9790732AE759EF52F77FE6172329EA55787A80300C4A824107E46","1","214","True","False","1988.151",,"True","1000","True","True","1000","True"
"8b296f8a-58cc-44f9-9a49-b0933834f1ae","MANIFEST_BOUND","hmail-perf-pair-service-20260901","06EFCBA9520D478A6DAC7ABB7F09F3B63D015A0CD5ECA1EB4D0FD2CC8C38F9FD","net10","hmail_perf_pair_net10_20260831_head3","C:\hmail-perf-pair-service-20260901\net10\Data","393449EA88D8D3C63D044D759D715322FD07A6F365FB10F18C1F0F126C6B4675","100","15","one TCP client and one sequential IMAP session per sample","0","PASS","45FA907CE0D3797C1E13EBB2F03F076A25656CCE27E801C18F745ACD3944FBBD","5136EEC556F9790732AE759EF52F77FE6172329EA55787A80300C4A824107E46","1","215","True","False","2189.481",,"True","1000","True","True","1000","True"
"8b296f8a-58cc-44f9-9a49-b0933834f1ae","MANIFEST_BOUND","hmail-perf-pair-service-20260901","06EFCBA9520D478A6DAC7ABB7F09F3B63D015A0CD5ECA1EB4D0FD2CC8C38F9FD","net10","hmail_perf_pair_net10_20260831_head3","C:\hmail-perf-pair-service-20260901\net10\Data","393449EA88D8D3C63D044D759D715322FD07A6F365FB10F18C1F0F126C6B4675","100","15","one TCP client and one sequential IMAP session per sample","0","PASS","45FA907CE0D3797C1E13EBB2F03F076A25656CCE27E801C18F745ACD3944FBBD","5136EEC556F9790732AE759EF52F77FE6172329EA55787A80300C4A824107E46","1","216","True","False","1905.21",,"True","1000","True","True","1000","True"
"8b296f8a-58cc-44f9-9a49-b0933834f1ae","MANIFEST_BOUND","hmail-perf-pair-service-20260901","06EFCBA9520D478A6DAC7ABB7F09F3B63D015A0CD5ECA1EB4D0FD2CC8C38F9FD","net10","hmail_perf_pair_net10_20260831_head3","C:\hmail-perf-pair-service-20260901\net10\Data","393449EA88D8D3C63D044D759D715322FD07A6F365FB10F18C1F0F126C6B4675","100","15","one TCP client and one sequential IMAP session per sample","0","PASS","45FA907CE0D3797C1E13EBB2F03F076A25656CCE27E801C18F745ACD3944FBBD","5136EEC556F9790732AE759EF52F77FE6172329EA55787A80300C4A824107E46","1","217","True","False","1977.186",,"True","1000","True","True","1000","True"
"8b296f8a-58cc-44f9-9a49-b0933834f1ae","MANIFEST_BOUND","hmail-perf-pair-service-20260901","06EFCBA9520D478A6DAC7ABB7F09F3B63D015A0CD5ECA1EB4D0FD2CC8C38F9FD","net10","hmail_perf_pair_net10_20260831_head3","C:\hmail-perf-pair-service-20260901\net10\Data","393449EA88D8D3C63D044D759D715322FD07A6F365FB10F18C1F0F126C6B4675","100","15","one TCP client and one sequential IMAP session per sample","0","PASS","45FA907CE0D3797C1E13EBB2F03F076A25656CCE27E801C18F745ACD3944FBBD","5136EEC556F9790732AE759EF52F77FE6172329EA55787A80300C4A824107E46","1","218","True","False","1963.657",,"True","1000","True","True","1000","True"
"8b296f8a-58cc-44f9-9a49-b0933834f1ae","MANIFEST_BOUND","hmail-perf-pair-service-20260901","06EFCBA9520D478A6DAC7ABB7F09F3B63D015A0CD5ECA1EB4D0FD2CC8C38F9FD","net10","hmail_perf_pair_net10_20260831_head3","C:\hmail-perf-pair-service-20260901\net10\Data","393449EA88D8D3C63D044D759D715322FD07A6F365FB10F18C1F0F126C6B4675","100","15","one TCP client and one sequential IMAP session per sample","0","PASS","45FA907CE0D3797C1E13EBB2F03F076A25656CCE27E801C18F745ACD3944FBBD","5136EEC556F9790732AE759EF52F77FE6172329EA55787A80300C4A824107E46","1","219","True","False","2080.853",,"True","1000","True","True","1000","True"
"8b296f8a-58cc-44f9-9a49-b0933834f1ae","MANIFEST_BOUND","hmail-perf-pair-service-20260901","06EFCBA9520D478A6DAC7ABB7F09F3B63D015A0CD5ECA1EB4D0FD2CC8C38F9FD","net10","hmail_perf_pair_net10_20260831_head3","C:\hmail-perf-pair-service-20260901\net10\Data","393449EA88D8D3C63D044D759D715322FD07A6F365FB10F18C1F0F126C6B4675","100","15","one TCP client and one sequential IMAP session per sample","0","PASS","45FA907CE0D3797C1E13EBB2F03F076A25656CCE27E801C18F745ACD3944FBBD","5136EEC556F9790732AE759EF52F77FE6172329EA55787A80300C4A824107E46","1","220","True","False","1878.434",,"True","1000","True","True","1000","True"
"8b296f8a-58cc-44f9-9a49-b0933834f1ae","MANIFEST_BOUND","hmail-perf-pair-service-20260901","06EFCBA9520D478A6DAC7ABB7F09F3B63D015A0CD5ECA1EB4D0FD2CC8C38F9FD","net10","hmail_perf_pair_net10_20260831_head3","C:\hmail-perf-pair-service-20260901\net10\Data","393449EA88D8D3C63D044D759D715322FD07A6F365FB10F18C1F0F126C6B4675","100","15","one TCP client and one sequential IMAP session per sample","0","PASS","45FA907CE0D3797C1E13EBB2F03F076A25656CCE27E801C18F745ACD3944FBBD","5136EEC556F9790732AE759EF52F77FE6172329EA55787A80300C4A824107E46","1","221","True","False","2204.992",,"True","1000","True","True","1000","True"
"8b296f8a-58cc-44f9-9a49-b0933834f1ae","MANIFEST_BOUND","hmail-perf-pair-service-20260901","06EFCBA9520D478A6DAC7ABB7F09F3B63D015A0CD5ECA1EB4D0FD2CC8C38F9FD","net10","hmail_perf_pair_net10_20260831_head3","C:\hmail-perf-pair-service-20260901\net10\Data","393449EA88D8D3C63D044D759D715322FD07A6F365FB10F18C1F0F126C6B4675","100","15","one TCP client and one sequential IMAP session per sample","0","PASS","45FA907CE0D3797C1E13EBB2F03F076A25656CCE27E801C18F745ACD3944FBBD","5136EEC556F9790732AE759EF52F77FE6172329EA55787A80300C4A824107E46","1","222","True","False","2045.102",,"True","1000","True","True","1000","True"
"8b296f8a-58cc-44f9-9a49-b0933834f1ae","MANIFEST_BOUND","hmail-perf-pair-service-20260901","06EFCBA9520D478A6DAC7ABB7F09F3B63D015A0CD5ECA1EB4D0FD2CC8C38F9FD","net10","hmail_perf_pair_net10_20260831_head3","C:\hmail-perf-pair-service-20260901\net10\Data","393449EA88D8D3C63D044D759D715322FD07A6F365FB10F18C1F0F126C6B4675","100","15","one TCP client and one sequential IMAP session per sample","0","PASS","45FA907CE0D3797C1E13EBB2F03F076A25656CCE27E801C18F745ACD3944FBBD","5136EEC556F9790732AE759EF52F77FE6172329EA55787A80300C4A824107E46","1","223","True","False","1983.079",,"True","1000","True","True","1000","True"
"8b296f8a-58cc-44f9-9a49-b0933834f1ae","MANIFEST_BOUND","hmail-perf-pair-service-20260901","06EFCBA9520D478A6DAC7ABB7F09F3B63D015A0CD5ECA1EB4D0FD2CC8C38F9FD","net10","hmail_perf_pair_net10_20260831_head3","C:\hmail-perf-pair-service-20260901\net10\Data","393449EA88D8D3C63D044D759D715322FD07A6F365FB10F18C1F0F126C6B4675","100","15","one TCP client and one sequential IMAP session per sample","0","PASS","45FA907CE0D3797C1E13EBB2F03F076A25656CCE27E801C18F745ACD3944FBBD","5136EEC556F9790732AE759EF52F77FE6172329EA55787A80300C4A824107E46","1","224","True","False","2235.746",,"True","1000","True","True","1000","True"
"8b296f8a-58cc-44f9-9a49-b0933834f1ae","MANIFEST_BOUND","hmail-perf-pair-service-20260901","06EFCBA9520D478A6DAC7ABB7F09F3B63D015A0CD5ECA1EB4D0FD2CC8C38F9FD","net10","hmail_perf_pair_net10_20260831_head3","C:\hmail-perf-pair-service-20260901\net10\Data","393449EA88D8D3C63D044D759D715322FD07A6F365FB10F18C1F0F126C6B4675","100","15","one TCP client and one sequential IMAP session per sample","0","PASS","45FA907CE0D3797C1E13EBB2F03F076A25656CCE27E801C18F745ACD3944FBBD","5136EEC556F9790732AE759EF52F77FE6172329EA55787A80300C4A824107E46","1","225","True","False","2003.878",,"True","1000","True","True","1000","True"
"8b296f8a-58cc-44f9-9a49-b0933834f1ae","MANIFEST_BOUND","hmail-perf-pair-service-20260901","06EFCBA9520D478A6DAC7ABB7F09F3B63D015A0CD5ECA1EB4D0FD2CC8C38F9FD","net10","hmail_perf_pair_net10_20260831_head3","C:\hmail-perf-pair-service-20260901\net10\Data","393449EA88D8D3C63D044D759D715322FD07A6F365FB10F18C1F0F126C6B4675","100","15","one TCP client and one sequential IMAP session per sample","0","PASS","45FA907CE0D3797C1E13EBB2F03F076A25656CCE27E801C18F745ACD3944FBBD","5136EEC556F9790732AE759EF52F77FE6172329EA55787A80300C4A824107E46","1","226","True","False","2009.401",,"True","1000","True","True","1000","True"
"8b296f8a-58cc-44f9-9a49-b0933834f1ae","MANIFEST_BOUND","hmail-perf-pair-service-20260901","06EFCBA9520D478A6DAC7ABB7F09F3B63D015A0CD5ECA1EB4D0FD2CC8C38F9FD","net10","hmail_perf_pair_net10_20260831_head3","C:\hmail-perf-pair-service-20260901\net10\Data","393449EA88D8D3C63D044D759D715322FD07A6F365FB10F18C1F0F126C6B4675","100","15","one TCP client and one sequential IMAP session per sample","0","PASS","45FA907CE0D3797C1E13EBB2F03F076A25656CCE27E801C18F745ACD3944FBBD","5136EEC556F9790732AE759EF52F77FE6172329EA55787A80300C4A824107E46","1","227","True","False","2220.095",,"True","1000","True","True","1000","True"
"8b296f8a-58cc-44f9-9a49-b0933834f1ae","MANIFEST_BOUND","hmail-perf-pair-service-20260901","06EFCBA9520D478A6DAC7ABB7F09F3B63D015A0CD5ECA1EB4D0FD2CC8C38F9FD","net10","hmail_perf_pair_net10_20260831_head3","C:\hmail-perf-pair-service-20260901\net10\Data","393449EA88D8D3C63D044D759D715322FD07A6F365FB10F18C1F0F126C6B4675","100","15","one TCP client and one sequential IMAP session per sample","0","PASS","45FA907CE0D3797C1E13EBB2F03F076A25656CCE27E801C18F745ACD3944FBBD","5136EEC556F9790732AE759EF52F77FE6172329EA55787A80300C4A824107E46","1","228","True","False","1956.072",,"True","1000","True","True","1000","True"
"8b296f8a-58cc-44f9-9a49-b0933834f1ae","MANIFEST_BOUND","hmail-perf-pair-service-20260901","06EFCBA9520D478A6DAC7ABB7F09F3B63D015A0CD5ECA1EB4D0FD2CC8C38F9FD","net10","hmail_perf_pair_net10_20260831_head3","C:\hmail-perf-pair-service-20260901\net10\Data","393449EA88D8D3C63D044D759D715322FD07A6F365FB10F18C1F0F126C6B4675","100","15","one TCP client and one sequential IMAP session per sample","0","PASS","45FA907CE0D3797C1E13EBB2F03F076A25656CCE27E801C18F745ACD3944FBBD","5136EEC556F9790732AE759EF52F77FE6172329EA55787A80300C4A824107E46","1","229","True","False","2356.607",,"True","1000","True","True","1000","True"
"8b296f8a-58cc-44f9-9a49-b0933834f1ae","MANIFEST_BOUND","hmail-perf-pair-service-20260901","06EFCBA9520D478A6DAC7ABB7F09F3B63D015A0CD5ECA1EB4D0FD2CC8C38F9FD","net10","hmail_perf_pair_net10_20260831_head3","C:\hmail-perf-pair-service-20260901\net10\Data","393449EA88D8D3C63D044D759D715322FD07A6F365FB10F18C1F0F126C6B4675","100","15","one TCP client and one sequential IMAP session per sample","0","PASS","45FA907CE0D3797C1E13EBB2F03F076A25656CCE27E801C18F745ACD3944FBBD","5136EEC556F9790732AE759EF52F77FE6172329EA55787A80300C4A824107E46","1","230","True","False","2357.066",,"True","1000","True","True","1000","True"
"8b296f8a-58cc-44f9-9a49-b0933834f1ae","MANIFEST_BOUND","hmail-perf-pair-service-20260901","06EFCBA9520D478A6DAC7ABB7F09F3B63D015A0CD5ECA1EB4D0FD2CC8C38F9FD","net10","hmail_perf_pair_net10_20260831_head3","C:\hmail-perf-pair-service-20260901\net10\Data","393449EA88D8D3C63D044D759D715322FD07A6F365FB10F18C1F0F126C6B4675","100","15","one TCP client and one sequential IMAP session per sample","0","PASS","45FA907CE0D3797C1E13EBB2F03F076A25656CCE27E801C18F745ACD3944FBBD","5136EEC556F9790732AE759EF52F77FE6172329EA55787A80300C4A824107E46","1","231","True","False","2358.721",,"True","1000","True","True","1000","True"
"8b296f8a-58cc-44f9-9a49-b0933834f1ae","MANIFEST_BOUND","hmail-perf-pair-service-20260901","06EFCBA9520D478A6DAC7ABB7F09F3B63D015A0CD5ECA1EB4D0FD2CC8C38F9FD","net10","hmail_perf_pair_net10_20260831_head3","C:\hmail-perf-pair-service-20260901\net10\Data","393449EA88D8D3C63D044D759D715322FD07A6F365FB10F18C1F0F126C6B4675","100","15","one TCP client and one sequential IMAP session per sample","0","PASS","45FA907CE0D3797C1E13EBB2F03F076A25656CCE27E801C18F745ACD3944FBBD","5136EEC556F9790732AE759EF52F77FE6172329EA55787A80300C4A824107E46","1","232","True","False","1893.472",,"True","1000","True","True","1000","True"
"8b296f8a-58cc-44f9-9a49-b0933834f1ae","MANIFEST_BOUND","hmail-perf-pair-service-20260901","06EFCBA9520D478A6DAC7ABB7F09F3B63D015A0CD5ECA1EB4D0FD2CC8C38F9FD","net10","hmail_perf_pair_net10_20260831_head3","C:\hmail-perf-pair-service-20260901\net10\Data","393449EA88D8D3C63D044D759D715322FD07A6F365FB10F18C1F0F126C6B4675","100","15","one TCP client and one sequential IMAP session per sample","0","PASS","45FA907CE0D3797C1E13EBB2F03F076A25656CCE27E801C18F745ACD3944FBBD","5136EEC556F9790732AE759EF52F77FE6172329EA55787A80300C4A824107E46","1","233","True","False","2357.544",,"True","1000","True","True","1000","True"
"8b296f8a-58cc-44f9-9a49-b0933834f1ae","MANIFEST_BOUND","hmail-perf-pair-service-20260901","06EFCBA9520D478A6DAC7ABB7F09F3B63D015A0CD5ECA1EB4D0FD2CC8C38F9FD","net10","hmail_perf_pair_net10_20260831_head3","C:\hmail-perf-pair-service-20260901\net10\Data","393449EA88D8D3C63D044D759D715322FD07A6F365FB10F18C1F0F126C6B4675","100","15","one TCP client and one sequential IMAP session per sample","0","PASS","45FA907CE0D3797C1E13EBB2F03F076A25656CCE27E801C18F745ACD3944FBBD","5136EEC556F9790732AE759EF52F77FE6172329EA55787A80300C4A824107E46","1","234","True","False","1899.469",,"True","1000","True","True","1000","True"
"8b296f8a-58cc-44f9-9a49-b0933834f1ae","MANIFEST_BOUND","hmail-perf-pair-service-20260901","06EFCBA9520D478A6DAC7ABB7F09F3B63D015A0CD5ECA1EB4D0FD2CC8C38F9FD","net10","hmail_perf_pair_net10_20260831_head3","C:\hmail-perf-pair-service-20260901\net10\Data","393449EA88D8D3C63D044D759D715322FD07A6F365FB10F18C1F0F126C6B4675","100","15","one TCP client and one sequential IMAP session per sample","0","PASS","45FA907CE0D3797C1E13EBB2F03F076A25656CCE27E801C18F745ACD3944FBBD","5136EEC556F9790732AE759EF52F77FE6172329EA55787A80300C4A824107E46","1","235","True","False","1987.218",,"True","1000","True","True","1000","True"
"8b296f8a-58cc-44f9-9a49-b0933834f1ae","MANIFEST_BOUND","hmail-perf-pair-service-20260901","06EFCBA9520D478A6DAC7ABB7F09F3B63D015A0CD5ECA1EB4D0FD2CC8C38F9FD","net10","hmail_perf_pair_net10_20260831_head3","C:\hmail-perf-pair-service-20260901\net10\Data","393449EA88D8D3C63D044D759D715322FD07A6F365FB10F18C1F0F126C6B4675","100","15","one TCP client and one sequential IMAP session per sample","0","PASS","45FA907CE0D3797C1E13EBB2F03F076A25656CCE27E801C18F745ACD3944FBBD","5136EEC556F9790732AE759EF52F77FE6172329EA55787A80300C4A824107E46","1","236","True","False","1961.982",,"True","1000","True","True","1000","True"
"8b296f8a-58cc-44f9-9a49-b0933834f1ae","MANIFEST_BOUND","hmail-perf-pair-service-20260901","06EFCBA9520D478A6DAC7ABB7F09F3B63D015A0CD5ECA1EB4D0FD2CC8C38F9FD","net10","hmail_perf_pair_net10_20260831_head3","C:\hmail-perf-pair-service-20260901\net10\Data","393449EA88D8D3C63D044D759D715322FD07A6F365FB10F18C1F0F126C6B4675","100","15","one TCP client and one sequential IMAP session per sample","0","PASS","45FA907CE0D3797C1E13EBB2F03F076A25656CCE27E801C18F745ACD3944FBBD","5136EEC556F9790732AE759EF52F77FE6172329EA55787A80300C4A824107E46","1","237","True","False","2113.917",,"True","1000","True","True","1000","True"
"8b296f8a-58cc-44f9-9a49-b0933834f1ae","MANIFEST_BOUND","hmail-perf-pair-service-20260901","06EFCBA9520D478A6DAC7ABB7F09F3B63D015A0CD5ECA1EB4D0FD2CC8C38F9FD","net10","hmail_perf_pair_net10_20260831_head3","C:\hmail-perf-pair-service-20260901\net10\Data","393449EA88D8D3C63D044D759D715322FD07A6F365FB10F18C1F0F126C6B4675","100","15","one TCP client and one sequential IMAP session per sample","0","PASS","45FA907CE0D3797C1E13EBB2F03F076A25656CCE27E801C18F745ACD3944FBBD","5136EEC556F9790732AE759EF52F77FE6172329EA55787A80300C4A824107E46","1","238","True","False","2357.082",,"True","1000","True","True","1000","True"
"8b296f8a-58cc-44f9-9a49-b0933834f1ae","MANIFEST_BOUND","hmail-perf-pair-service-20260901","06EFCBA9520D478A6DAC7ABB7F09F3B63D015A0CD5ECA1EB4D0FD2CC8C38F9FD","net10","hmail_perf_pair_net10_20260831_head3","C:\hmail-perf-pair-service-20260901\net10\Data","393449EA88D8D3C63D044D759D715322FD07A6F365FB10F18C1F0F126C6B4675","100","15","one TCP client and one sequential IMAP session per sample","0","PASS","45FA907CE0D3797C1E13EBB2F03F076A25656CCE27E801C18F745ACD3944FBBD","5136EEC556F9790732AE759EF52F77FE6172329EA55787A80300C4A824107E46","1","239","True","False","2356.498",,"True","1000","True","True","1000","True"
"8b296f8a-58cc-44f9-9a49-b0933834f1ae","MANIFEST_BOUND","hmail-perf-pair-service-20260901","06EFCBA9520D478A6DAC7ABB7F09F3B63D015A0CD5ECA1EB4D0FD2CC8C38F9FD","net10","hmail_perf_pair_net10_20260831_head3","C:\hmail-perf-pair-service-20260901\net10\Data","393449EA88D8D3C63D044D759D715322FD07A6F365FB10F18C1F0F126C6B4675","100","15","one TCP client and one sequential IMAP session per sample","0","PASS","45FA907CE0D3797C1E13EBB2F03F076A25656CCE27E801C18F745ACD3944FBBD","5136EEC556F9790732AE759EF52F77FE6172329EA55787A80300C4A824107E46","1","240","True","False","2386.246",,"True","1000","True","True","1000","True"
"8b296f8a-58cc-44f9-9a49-b0933834f1ae","MANIFEST_BOUND","hmail-perf-pair-service-20260901","06EFCBA9520D478A6DAC7ABB7F09F3B63D015A0CD5ECA1EB4D0FD2CC8C38F9FD","net10","hmail_perf_pair_net10_20260831_head3","C:\hmail-perf-pair-service-20260901\net10\Data","393449EA88D8D3C63D044D759D715322FD07A6F365FB10F18C1F0F126C6B4675","100","15","one TCP client and one sequential IMAP session per sample","0","PASS","45FA907CE0D3797C1E13EBB2F03F076A25656CCE27E801C18F745ACD3944FBBD","5136EEC556F9790732AE759EF52F77FE6172329EA55787A80300C4A824107E46","1","241","True","False","1678.328",,"True","1000","True","True","1000","True"
"8b296f8a-58cc-44f9-9a49-b0933834f1ae","MANIFEST_BOUND","hmail-perf-pair-service-20260901","06EFCBA9520D478A6DAC7ABB7F09F3B63D015A0CD5ECA1EB4D0FD2CC8C38F9FD","net10","hmail_perf_pair_net10_20260831_head3","C:\hmail-perf-pair-service-20260901\net10\Data","393449EA88D8D3C63D044D759D715322FD07A6F365FB10F18C1F0F126C6B4675","100","15","one TCP client and one sequential IMAP session per sample","0","PASS","45FA907CE0D3797C1E13EBB2F03F076A25656CCE27E801C18F745ACD3944FBBD","5136EEC556F9790732AE759EF52F77FE6172329EA55787A80300C4A824107E46","1","242","True","False","1849.676",,"True","1000","True","True","1000","True"
"8b296f8a-58cc-44f9-9a49-b0933834f1ae","MANIFEST_BOUND","hmail-perf-pair-service-20260901","06EFCBA9520D478A6DAC7ABB7F09F3B63D015A0CD5ECA1EB4D0FD2CC8C38F9FD","net10","hmail_perf_pair_net10_20260831_head3","C:\hmail-perf-pair-service-20260901\net10\Data","393449EA88D8D3C63D044D759D715322FD07A6F365FB10F18C1F0F126C6B4675","100","15","one TCP client and one sequential IMAP session per sample","0","PASS","45FA907CE0D3797C1E13EBB2F03F076A25656CCE27E801C18F745ACD3944FBBD","5136EEC556F9790732AE759EF52F77FE6172329EA55787A80300C4A824107E46","1","243","True","False","2356.323",,"True","1000","True","True","1000","True"
"8b296f8a-58cc-44f9-9a49-b0933834f1ae","MANIFEST_BOUND","hmail-perf-pair-service-20260901","06EFCBA9520D478A6DAC7ABB7F09F3B63D015A0CD5ECA1EB4D0FD2CC8C38F9FD","net10","hmail_perf_pair_net10_20260831_head3","C:\hmail-perf-pair-service-20260901\net10\Data","393449EA88D8D3C63D044D759D715322FD07A6F365FB10F18C1F0F126C6B4675","100","15","one TCP client and one sequential IMAP session per sample","0","PASS","45FA907CE0D3797C1E13EBB2F03F076A25656CCE27E801C18F745ACD3944FBBD","5136EEC556F9790732AE759EF52F77FE6172329EA55787A80300C4A824107E46","1","244","True","False","2296.489",,"True","1000","True","True","1000","True"
"8b296f8a-58cc-44f9-9a49-b0933834f1ae","MANIFEST_BOUND","hmail-perf-pair-service-20260901","06EFCBA9520D478A6DAC7ABB7F09F3B63D015A0CD5ECA1EB4D0FD2CC8C38F9FD","net10","hmail_perf_pair_net10_20260831_head3","C:\hmail-perf-pair-service-20260901\net10\Data","393449EA88D8D3C63D044D759D715322FD07A6F365FB10F18C1F0F126C6B4675","100","15","one TCP client and one sequential IMAP session per sample","0","PASS","45FA907CE0D3797C1E13EBB2F03F076A25656CCE27E801C18F745ACD3944FBBD","5136EEC556F9790732AE759EF52F77FE6172329EA55787A80300C4A824107E46","1","245","True","False","2035.68",,"True","1000","True","True","1000","True"
"8b296f8a-58cc-44f9-9a49-b0933834f1ae","MANIFEST_BOUND","hmail-perf-pair-service-20260901","06EFCBA9520D478A6DAC7ABB7F09F3B63D015A0CD5ECA1EB4D0FD2CC8C38F9FD","net10","hmail_perf_pair_net10_20260831_head3","C:\hmail-perf-pair-service-20260901\net10\Data","393449EA88D8D3C63D044D759D715322FD07A6F365FB10F18C1F0F126C6B4675","100","15","one TCP client and one sequential IMAP session per sample","0","PASS","45FA907CE0D3797C1E13EBB2F03F076A25656CCE27E801C18F745ACD3944FBBD","5136EEC556F9790732AE759EF52F77FE6172329EA55787A80300C4A824107E46","1","246","True","False","2356.698",,"True","1000","True","True","1000","True"
"8b296f8a-58cc-44f9-9a49-b0933834f1ae","MANIFEST_BOUND","hmail-perf-pair-service-20260901","06EFCBA9520D478A6DAC7ABB7F09F3B63D015A0CD5ECA1EB4D0FD2CC8C38F9FD","net10","hmail_perf_pair_net10_20260831_head3","C:\hmail-perf-pair-service-20260901\net10\Data","393449EA88D8D3C63D044D759D715322FD07A6F365FB10F18C1F0F126C6B4675","100","15","one TCP client and one sequential IMAP session per sample","0","PASS","45FA907CE0D3797C1E13EBB2F03F076A25656CCE27E801C18F745ACD3944FBBD","5136EEC556F9790732AE759EF52F77FE6172329EA55787A80300C4A824107E46","1","247","True","False","2357.836",,"True","1000","True","True","1000","True"
"8b296f8a-58cc-44f9-9a49-b0933834f1ae","MANIFEST_BOUND","hmail-perf-pair-service-20260901","06EFCBA9520D478A6DAC7ABB7F09F3B63D015A0CD5ECA1EB4D0FD2CC8C38F9FD","net10","hmail_perf_pair_net10_20260831_head3","C:\hmail-perf-pair-service-20260901\net10\Data","393449EA88D8D3C63D044D759D715322FD07A6F365FB10F18C1F0F126C6B4675","100","15","one TCP client and one sequential IMAP session per sample","0","PASS","45FA907CE0D3797C1E13EBB2F03F076A25656CCE27E801C18F745ACD3944FBBD","5136EEC556F9790732AE759EF52F77FE6172329EA55787A80300C4A824107E46","1","248","True","False","2356.29",,"True","1000","True","True","1000","True"
"8b296f8a-58cc-44f9-9a49-b0933834f1ae","MANIFEST_BOUND","hmail-perf-pair-service-20260901","06EFCBA9520D478A6DAC7ABB7F09F3B63D015A0CD5ECA1EB4D0FD2CC8C38F9FD","net10","hmail_perf_pair_net10_20260831_head3","C:\hmail-perf-pair-service-20260901\net10\Data","393449EA88D8D3C63D044D759D715322FD07A6F365FB10F18C1F0F126C6B4675","100","15","one TCP client and one sequential IMAP session per sample","0","PASS","45FA907CE0D3797C1E13EBB2F03F076A25656CCE27E801C18F745ACD3944FBBD","5136EEC556F9790732AE759EF52F77FE6172329EA55787A80300C4A824107E46","1","249","True","False","2281.629",,"True","1000","True","True","1000","True"
"8b296f8a-58cc-44f9-9a49-b0933834f1ae","MANIFEST_BOUND","hmail-perf-pair-service-20260901","06EFCBA9520D478A6DAC7ABB7F09F3B63D015A0CD5ECA1EB4D0FD2CC8C38F9FD","net10","hmail_perf_pair_net10_20260831_head3","C:\hmail-perf-pair-service-20260901\net10\Data","393449EA88D8D3C63D044D759D715322FD07A6F365FB10F18C1F0F126C6B4675","100","15","one TCP client and one sequential IMAP session per sample","0","PASS","45FA907CE0D3797C1E13EBB2F03F076A25656CCE27E801C18F745ACD3944FBBD","5136EEC556F9790732AE759EF52F77FE6172329EA55787A80300C4A824107E46","1","250","True","False","1876.281",,"True","1000","True","True","1000","True"
"8b296f8a-58cc-44f9-9a49-b0933834f1ae","MANIFEST_BOUND","hmail-perf-pair-service-20260901","06EFCBA9520D478A6DAC7ABB7F09F3B63D015A0CD5ECA1EB4D0FD2CC8C38F9FD","net10","hmail_perf_pair_net10_20260831_head3","C:\hmail-perf-pair-service-20260901\net10\Data","393449EA88D8D3C63D044D759D715322FD07A6F365FB10F18C1F0F126C6B4675","100","15","one TCP client and one sequential IMAP session per sample","0","PASS","45FA907CE0D3797C1E13EBB2F03F076A25656CCE27E801C18F745ACD3944FBBD","5136EEC556F9790732AE759EF52F77FE6172329EA55787A80300C4A824107E46","1","251","True","False","2357.474",,"True","1000","True","True","1000","True"
"8b296f8a-58cc-44f9-9a49-b0933834f1ae","MANIFEST_BOUND","hmail-perf-pair-service-20260901","06EFCBA9520D478A6DAC7ABB7F09F3B63D015A0CD5ECA1EB4D0FD2CC8C38F9FD","net10","hmail_perf_pair_net10_20260831_head3","C:\hmail-perf-pair-service-20260901\net10\Data","393449EA88D8D3C63D044D759D715322FD07A6F365FB10F18C1F0F126C6B4675","100","15","one TCP client and one sequential IMAP session per sample","0","PASS","45FA907CE0D3797C1E13EBB2F03F076A25656CCE27E801C18F745ACD3944FBBD","5136EEC556F9790732AE759EF52F77FE6172329EA55787A80300C4A824107E46","1","252","True","False","2355.214",,"True","1000","True","True","1000","True"
"8b296f8a-58cc-44f9-9a49-b0933834f1ae","MANIFEST_BOUND","hmail-perf-pair-service-20260901","06EFCBA9520D478A6DAC7ABB7F09F3B63D015A0CD5ECA1EB4D0FD2CC8C38F9FD","net10","hmail_perf_pair_net10_20260831_head3","C:\hmail-perf-pair-service-20260901\net10\Data","393449EA88D8D3C63D044D759D715322FD07A6F365FB10F18C1F0F126C6B4675","100","15","one TCP client and one sequential IMAP session per sample","0","PASS","45FA907CE0D3797C1E13EBB2F03F076A25656CCE27E801C18F745ACD3944FBBD","5136EEC556F9790732AE759EF52F77FE6172329EA55787A80300C4A824107E46","1","253","True","False","2357.148",,"True","1000","True","True","1000","True"
"8b296f8a-58cc-44f9-9a49-b0933834f1ae","MANIFEST_BOUND","hmail-perf-pair-service-20260901","06EFCBA9520D478A6DAC7ABB7F09F3B63D015A0CD5ECA1EB4D0FD2CC8C38F9FD","net10","hmail_perf_pair_net10_20260831_head3","C:\hmail-perf-pair-service-20260901\net10\Data","393449EA88D8D3C63D044D759D715322FD07A6F365FB10F18C1F0F126C6B4675","100","15","one TCP client and one sequential IMAP session per sample","0","PASS","45FA907CE0D3797C1E13EBB2F03F076A25656CCE27E801C18F745ACD3944FBBD","5136EEC556F9790732AE759EF52F77FE6172329EA55787A80300C4A824107E46","1","254","True","False","1730.877",,"True","1000","True","True","1000","True"
"8b296f8a-58cc-44f9-9a49-b0933834f1ae","MANIFEST_BOUND","hmail-perf-pair-service-20260901","06EFCBA9520D478A6DAC7ABB7F09F3B63D015A0CD5ECA1EB4D0FD2CC8C38F9FD","net10","hmail_perf_pair_net10_20260831_head3","C:\hmail-perf-pair-service-20260901\net10\Data","393449EA88D8D3C63D044D759D715322FD07A6F365FB10F18C1F0F126C6B4675","100","15","one TCP client and one sequential IMAP session per sample","0","PASS","45FA907CE0D3797C1E13EBB2F03F076A25656CCE27E801C18F745ACD3944FBBD","5136EEC556F9790732AE759EF52F77FE6172329EA55787A80300C4A824107E46","1","255","True","False","1857.464",,"True","1000","True","True","1000","True"
"8b296f8a-58cc-44f9-9a49-b0933834f1ae","MANIFEST_BOUND","hmail-perf-pair-service-20260901","06EFCBA9520D478A6DAC7ABB7F09F3B63D015A0CD5ECA1EB4D0FD2CC8C38F9FD","net10","hmail_perf_pair_net10_20260831_head3","C:\hmail-perf-pair-service-20260901\net10\Data","393449EA88D8D3C63D044D759D715322FD07A6F365FB10F18C1F0F126C6B4675","100","15","one TCP client and one sequential IMAP session per sample","0","PASS","45FA907CE0D3797C1E13EBB2F03F076A25656CCE27E801C18F745ACD3944FBBD","5136EEC556F9790732AE759EF52F77FE6172329EA55787A80300C4A824107E46","1","256","True","False","2361.069",,"True","1000","True","True","1000","True"
"8b296f8a-58cc-44f9-9a49-b0933834f1ae","MANIFEST_BOUND","hmail-perf-pair-service-20260901","06EFCBA9520D478A6DAC7ABB7F09F3B63D015A0CD5ECA1EB4D0FD2CC8C38F9FD","net10","hmail_perf_pair_net10_20260831_head3","C:\hmail-perf-pair-service-20260901\net10\Data","393449EA88D8D3C63D044D759D715322FD07A6F365FB10F18C1F0F126C6B4675","100","15","one TCP client and one sequential IMAP session per sample","0","PASS","45FA907CE0D3797C1E13EBB2F03F076A25656CCE27E801C18F745ACD3944FBBD","5136EEC556F9790732AE759EF52F77FE6172329EA55787A80300C4A824107E46","1","257","True","False","2360.992",,"True","1000","True","True","1000","True"
"8b296f8a-58cc-44f9-9a49-b0933834f1ae","MANIFEST_BOUND","hmail-perf-pair-service-20260901","06EFCBA9520D478A6DAC7ABB7F09F3B63D015A0CD5ECA1EB4D0FD2CC8C38F9FD","net10","hmail_perf_pair_net10_20260831_head3","C:\hmail-perf-pair-service-20260901\net10\Data","393449EA88D8D3C63D044D759D715322FD07A6F365FB10F18C1F0F126C6B4675","100","15","one TCP client and one sequential IMAP session per sample","0","PASS","45FA907CE0D3797C1E13EBB2F03F076A25656CCE27E801C18F745ACD3944FBBD","5136EEC556F9790732AE759EF52F77FE6172329EA55787A80300C4A824107E46","1","258","True","False","2356.827",,"True","1000","True","True","1000","True"
"8b296f8a-58cc-44f9-9a49-b0933834f1ae","MANIFEST_BOUND","hmail-perf-pair-service-20260901","06EFCBA9520D478A6DAC7ABB7F09F3B63D015A0CD5ECA1EB4D0FD2CC8C38F9FD","net10","hmail_perf_pair_net10_20260831_head3","C:\hmail-perf-pair-service-20260901\net10\Data","393449EA88D8D3C63D044D759D715322FD07A6F365FB10F18C1F0F126C6B4675","100","15","one TCP client and one sequential IMAP session per sample","0","PASS","45FA907CE0D3797C1E13EBB2F03F076A25656CCE27E801C18F745ACD3944FBBD","5136EEC556F9790732AE759EF52F77FE6172329EA55787A80300C4A824107E46","1","259","True","False","2062.57",,"True","1000","True","True","1000","True"
"8b296f8a-58cc-44f9-9a49-b0933834f1ae","MANIFEST_BOUND","hmail-perf-pair-service-20260901","06EFCBA9520D478A6DAC7ABB7F09F3B63D015A0CD5ECA1EB4D0FD2CC8C38F9FD","net10","hmail_perf_pair_net10_20260831_head3","C:\hmail-perf-pair-service-20260901\net10\Data","393449EA88D8D3C63D044D759D715322FD07A6F365FB10F18C1F0F126C6B4675","100","15","one TCP client and one sequential IMAP session per sample","0","PASS","45FA907CE0D3797C1E13EBB2F03F076A25656CCE27E801C18F745ACD3944FBBD","5136EEC556F9790732AE759EF52F77FE6172329EA55787A80300C4A824107E46","1","260","True","False","2251.296",,"True","1000","True","True","1000","True"
"8b296f8a-58cc-44f9-9a49-b0933834f1ae","MANIFEST_BOUND","hmail-perf-pair-service-20260901","06EFCBA9520D478A6DAC7ABB7F09F3B63D015A0CD5ECA1EB4D0FD2CC8C38F9FD","net10","hmail_perf_pair_net10_20260831_head3","C:\hmail-perf-pair-service-20260901\net10\Data","393449EA88D8D3C63D044D759D715322FD07A6F365FB10F18C1F0F126C6B4675","100","15","one TCP client and one sequential IMAP session per sample","0","PASS","45FA907CE0D3797C1E13EBB2F03F076A25656CCE27E801C18F745ACD3944FBBD","5136EEC556F9790732AE759EF52F77FE6172329EA55787A80300C4A824107E46","1","261","True","False","2357.352",,"True","1000","True","True","1000","True"
"8b296f8a-58cc-44f9-9a49-b0933834f1ae","MANIFEST_BOUND","hmail-perf-pair-service-20260901","06EFCBA9520D478A6DAC7ABB7F09F3B63D015A0CD5ECA1EB4D0FD2CC8C38F9FD","net10","hmail_perf_pair_net10_20260831_head3","C:\hmail-perf-pair-service-20260901\net10\Data","393449EA88D8D3C63D044D759D715322FD07A6F365FB10F18C1F0F126C6B4675","100","15","one TCP client and one sequential IMAP session per sample","0","PASS","45FA907CE0D3797C1E13EBB2F03F076A25656CCE27E801C18F745ACD3944FBBD","5136EEC556F9790732AE759EF52F77FE6172329EA55787A80300C4A824107E46","1","262","True","False","2247.101",,"True","1000","True","True","1000","True"
"8b296f8a-58cc-44f9-9a49-b0933834f1ae","MANIFEST_BOUND","hmail-perf-pair-service-20260901","06EFCBA9520D478A6DAC7ABB7F09F3B63D015A0CD5ECA1EB4D0FD2CC8C38F9FD","net10","hmail_perf_pair_net10_20260831_head3","C:\hmail-perf-pair-service-20260901\net10\Data","393449EA88D8D3C63D044D759D715322FD07A6F365FB10F18C1F0F126C6B4675","100","15","one TCP client and one sequential IMAP session per sample","0","PASS","45FA907CE0D3797C1E13EBB2F03F076A25656CCE27E801C18F745ACD3944FBBD","5136EEC556F9790732AE759EF52F77FE6172329EA55787A80300C4A824107E46","1","263","True","False","1665.55",,"True","1000","True","True","1000","True"
"8b296f8a-58cc-44f9-9a49-b0933834f1ae","MANIFEST_BOUND","hmail-perf-pair-service-20260901","06EFCBA9520D478A6DAC7ABB7F09F3B63D015A0CD5ECA1EB4D0FD2CC8C38F9FD","net10","hmail_perf_pair_net10_20260831_head3","C:\hmail-perf-pair-service-20260901\net10\Data","393449EA88D8D3C63D044D759D715322FD07A6F365FB10F18C1F0F126C6B4675","100","15","one TCP client and one sequential IMAP session per sample","0","PASS","45FA907CE0D3797C1E13EBB2F03F076A25656CCE27E801C18F745ACD3944FBBD","5136EEC556F9790732AE759EF52F77FE6172329EA55787A80300C4A824107E46","1","264","True","False","2187.142",,"True","1000","True","True","1000","True"
"8b296f8a-58cc-44f9-9a49-b0933834f1ae","MANIFEST_BOUND","hmail-perf-pair-service-20260901","06EFCBA9520D478A6DAC7ABB7F09F3B63D015A0CD5ECA1EB4D0FD2CC8C38F9FD","net10","hmail_perf_pair_net10_20260831_head3","C:\hmail-perf-pair-service-20260901\net10\Data","393449EA88D8D3C63D044D759D715322FD07A6F365FB10F18C1F0F126C6B4675","100","15","one TCP client and one sequential IMAP session per sample","0","PASS","45FA907CE0D3797C1E13EBB2F03F076A25656CCE27E801C18F745ACD3944FBBD","5136EEC556F9790732AE759EF52F77FE6172329EA55787A80300C4A824107E46","1","265","True","False","2355.927",,"True","1000","True","True","1000","True"
"8b296f8a-58cc-44f9-9a49-b0933834f1ae","MANIFEST_BOUND","hmail-perf-pair-service-20260901","06EFCBA9520D478A6DAC7ABB7F09F3B63D015A0CD5ECA1EB4D0FD2CC8C38F9FD","net10","hmail_perf_pair_net10_20260831_head3","C:\hmail-perf-pair-service-20260901\net10\Data","393449EA88D8D3C63D044D759D715322FD07A6F365FB10F18C1F0F126C6B4675","100","15","one TCP client and one sequential IMAP session per sample","0","PASS","45FA907CE0D3797C1E13EBB2F03F076A25656CCE27E801C18F745ACD3944FBBD","5136EEC556F9790732AE759EF52F77FE6172329EA55787A80300C4A824107E46","1","266","True","False","1368.391",,"True","1000","True","True","1000","True"
"8b296f8a-58cc-44f9-9a49-b0933834f1ae","MANIFEST_BOUND","hmail-perf-pair-service-20260901","06EFCBA9520D478A6DAC7ABB7F09F3B63D015A0CD5ECA1EB4D0FD2CC8C38F9FD","net10","hmail_perf_pair_net10_20260831_head3","C:\hmail-perf-pair-service-20260901\net10\Data","393449EA88D8D3C63D044D759D715322FD07A6F365FB10F18C1F0F126C6B4675","100","15","one TCP client and one sequential IMAP session per sample","0","PASS","45FA907CE0D3797C1E13EBB2F03F076A25656CCE27E801C18F745ACD3944FBBD","5136EEC556F9790732AE759EF52F77FE6172329EA55787A80300C4A824107E46","1","267","True","False","2246.911",,"True","1000","True","True","1000","True"
"8b296f8a-58cc-44f9-9a49-b0933834f1ae","MANIFEST_BOUND","hmail-perf-pair-service-20260901","06EFCBA9520D478A6DAC7ABB7F09F3B63D015A0CD5ECA1EB4D0FD2CC8C38F9FD","net10","hmail_perf_pair_net10_20260831_head3","C:\hmail-perf-pair-service-20260901\net10\Data","393449EA88D8D3C63D044D759D715322FD07A6F365FB10F18C1F0F126C6B4675","100","15","one TCP client and one sequential IMAP session per sample","0","PASS","45FA907CE0D3797C1E13EBB2F03F076A25656CCE27E801C18F745ACD3944FBBD","5136EEC556F9790732AE759EF52F77FE6172329EA55787A80300C4A824107E46","1","268","True","False","1985.303",,"True","1000","True","True","1000","True"
"8b296f8a-58cc-44f9-9a49-b0933834f1ae","MANIFEST_BOUND","hmail-perf-pair-service-20260901","06EFCBA9520D478A6DAC7ABB7F09F3B63D015A0CD5ECA1EB4D0FD2CC8C38F9FD","net10","hmail_perf_pair_net10_20260831_head3","C:\hmail-perf-pair-service-20260901\net10\Data","393449EA88D8D3C63D044D759D715322FD07A6F365FB10F18C1F0F126C6B4675","100","15","one TCP client and one sequential IMAP session per sample","0","PASS","45FA907CE0D3797C1E13EBB2F03F076A25656CCE27E801C18F745ACD3944FBBD","5136EEC556F9790732AE759EF52F77FE6172329EA55787A80300C4A824107E46","1","269","True","False","2180.808",,"True","1000","True","True","1000","True"
"8b296f8a-58cc-44f9-9a49-b0933834f1ae","MANIFEST_BOUND","hmail-perf-pair-service-20260901","06EFCBA9520D478A6DAC7ABB7F09F3B63D015A0CD5ECA1EB4D0FD2CC8C38F9FD","net10","hmail_perf_pair_net10_20260831_head3","C:\hmail-perf-pair-service-20260901\net10\Data","393449EA88D8D3C63D044D759D715322FD07A6F365FB10F18C1F0F126C6B4675","100","15","one TCP client and one sequential IMAP session per sample","0","PASS","45FA907CE0D3797C1E13EBB2F03F076A25656CCE27E801C18F745ACD3944FBBD","5136EEC556F9790732AE759EF52F77FE6172329EA55787A80300C4A824107E46","1","270","True","False","2084.755",,"True","1000","True","True","1000","True"
"8b296f8a-58cc-44f9-9a49-b0933834f1ae","MANIFEST_BOUND","hmail-perf-pair-service-20260901","06EFCBA9520D478A6DAC7ABB7F09F3B63D015A0CD5ECA1EB4D0FD2CC8C38F9FD","net10","hmail_perf_pair_net10_20260831_head3","C:\hmail-perf-pair-service-20260901\net10\Data","393449EA88D8D3C63D044D759D715322FD07A6F365FB10F18C1F0F126C6B4675","100","15","one TCP client and one sequential IMAP session per sample","0","PASS","45FA907CE0D3797C1E13EBB2F03F076A25656CCE27E801C18F745ACD3944FBBD","5136EEC556F9790732AE759EF52F77FE6172329EA55787A80300C4A824107E46","1","271","True","False","1823.582",,"True","1000","True","True","1000","True"
"8b296f8a-58cc-44f9-9a49-b0933834f1ae","MANIFEST_BOUND","hmail-perf-pair-service-20260901","06EFCBA9520D478A6DAC7ABB7F09F3B63D015A0CD5ECA1EB4D0FD2CC8C38F9FD","net10","hmail_perf_pair_net10_20260831_head3","C:\hmail-perf-pair-service-20260901\net10\Data","393449EA88D8D3C63D044D759D715322FD07A6F365FB10F18C1F0F126C6B4675","100","15","one TCP client and one sequential IMAP session per sample","0","PASS","45FA907CE0D3797C1E13EBB2F03F076A25656CCE27E801C18F745ACD3944FBBD","5136EEC556F9790732AE759EF52F77FE6172329EA55787A80300C4A824107E46","1","272","True","False","1984.573",,"True","1000","True","True","1000","True"
"8b296f8a-58cc-44f9-9a49-b0933834f1ae","MANIFEST_BOUND","hmail-perf-pair-service-20260901","06EFCBA9520D478A6DAC7ABB7F09F3B63D015A0CD5ECA1EB4D0FD2CC8C38F9FD","net10","hmail_perf_pair_net10_20260831_head3","C:\hmail-perf-pair-service-20260901\net10\Data","393449EA88D8D3C63D044D759D715322FD07A6F365FB10F18C1F0F126C6B4675","100","15","one TCP client and one sequential IMAP session per sample","0","PASS","45FA907CE0D3797C1E13EBB2F03F076A25656CCE27E801C18F745ACD3944FBBD","5136EEC556F9790732AE759EF52F77FE6172329EA55787A80300C4A824107E46","1","273","True","False","2356.352",,"True","1000","True","True","1000","True"
"8b296f8a-58cc-44f9-9a49-b0933834f1ae","MANIFEST_BOUND","hmail-perf-pair-service-20260901","06EFCBA9520D478A6DAC7ABB7F09F3B63D015A0CD5ECA1EB4D0FD2CC8C38F9FD","net10","hmail_perf_pair_net10_20260831_head3","C:\hmail-perf-pair-service-20260901\net10\Data","393449EA88D8D3C63D044D759D715322FD07A6F365FB10F18C1F0F126C6B4675","100","15","one TCP client and one sequential IMAP session per sample","0","PASS","45FA907CE0D3797C1E13EBB2F03F076A25656CCE27E801C18F745ACD3944FBBD","5136EEC556F9790732AE759EF52F77FE6172329EA55787A80300C4A824107E46","1","274","True","False","2354.878",,"True","1000","True","True","1000","True"
"8b296f8a-58cc-44f9-9a49-b0933834f1ae","MANIFEST_BOUND","hmail-perf-pair-service-20260901","06EFCBA9520D478A6DAC7ABB7F09F3B63D015A0CD5ECA1EB4D0FD2CC8C38F9FD","net10","hmail_perf_pair_net10_20260831_head3","C:\hmail-perf-pair-service-20260901\net10\Data","393449EA88D8D3C63D044D759D715322FD07A6F365FB10F18C1F0F126C6B4675","100","15","one TCP client and one sequential IMAP session per sample","0","PASS","45FA907CE0D3797C1E13EBB2F03F076A25656CCE27E801C18F745ACD3944FBBD","5136EEC556F9790732AE759EF52F77FE6172329EA55787A80300C4A824107E46","1","275","True","False","2353.89",,"True","1000","True","True","1000","True"
"8b296f8a-58cc-44f9-9a49-b0933834f1ae","MANIFEST_BOUND","hmail-perf-pair-service-20260901","06EFCBA9520D478A6DAC7ABB7F09F3B63D015A0CD5ECA1EB4D0FD2CC8C38F9FD","net10","hmail_perf_pair_net10_20260831_head3","C:\hmail-perf-pair-service-20260901\net10\Data","393449EA88D8D3C63D044D759D715322FD07A6F365FB10F18C1F0F126C6B4675","100","15","one TCP client and one sequential IMAP session per sample","0","PASS","45FA907CE0D3797C1E13EBB2F03F076A25656CCE27E801C18F745ACD3944FBBD","5136EEC556F9790732AE759EF52F77FE6172329EA55787A80300C4A824107E46","1","276","True","False","1598.855",,"True","1000","True","True","1000","True"
"8b296f8a-58cc-44f9-9a49-b0933834f1ae","MANIFEST_BOUND","hmail-perf-pair-service-20260901","06EFCBA9520D478A6DAC7ABB7F09F3B63D015A0CD5ECA1EB4D0FD2CC8C38F9FD","net10","hmail_perf_pair_net10_20260831_head3","C:\hmail-perf-pair-service-20260901\net10\Data","393449EA88D8D3C63D044D759D715322FD07A6F365FB10F18C1F0F126C6B4675","100","15","one TCP client and one sequential IMAP session per sample","0","PASS","45FA907CE0D3797C1E13EBB2F03F076A25656CCE27E801C18F745ACD3944FBBD","5136EEC556F9790732AE759EF52F77FE6172329EA55787A80300C4A824107E46","1","277","True","False","1838.206",,"True","1000","True","True","1000","True"
"8b296f8a-58cc-44f9-9a49-b0933834f1ae","MANIFEST_BOUND","hmail-perf-pair-service-20260901","06EFCBA9520D478A6DAC7ABB7F09F3B63D015A0CD5ECA1EB4D0FD2CC8C38F9FD","net10","hmail_perf_pair_net10_20260831_head3","C:\hmail-perf-pair-service-20260901\net10\Data","393449EA88D8D3C63D044D759D715322FD07A6F365FB10F18C1F0F126C6B4675","100","15","one TCP client and one sequential IMAP session per sample","0","PASS","45FA907CE0D3797C1E13EBB2F03F076A25656CCE27E801C18F745ACD3944FBBD","5136EEC556F9790732AE759EF52F77FE6172329EA55787A80300C4A824107E46","1","278","True","False","2328.791",,"True","1000","True","True","1000","True"
"8b296f8a-58cc-44f9-9a49-b0933834f1ae","MANIFEST_BOUND","hmail-perf-pair-service-20260901","06EFCBA9520D478A6DAC7ABB7F09F3B63D015A0CD5ECA1EB4D0FD2CC8C38F9FD","net10","hmail_perf_pair_net10_20260831_head3","C:\hmail-perf-pair-service-20260901\net10\Data","393449EA88D8D3C63D044D759D715322FD07A6F365FB10F18C1F0F126C6B4675","100","15","one TCP client and one sequential IMAP session per sample","0","PASS","45FA907CE0D3797C1E13EBB2F03F076A25656CCE27E801C18F745ACD3944FBBD","5136EEC556F9790732AE759EF52F77FE6172329EA55787A80300C4A824107E46","1","279","True","False","2326.153",,"True","1000","True","True","1000","True"
"8b296f8a-58cc-44f9-9a49-b0933834f1ae","MANIFEST_BOUND","hmail-perf-pair-service-20260901","06EFCBA9520D478A6DAC7ABB7F09F3B63D015A0CD5ECA1EB4D0FD2CC8C38F9FD","net10","hmail_perf_pair_net10_20260831_head3","C:\hmail-perf-pair-service-20260901\net10\Data","393449EA88D8D3C63D044D759D715322FD07A6F365FB10F18C1F0F126C6B4675","100","15","one TCP client and one sequential IMAP session per sample","0","PASS","45FA907CE0D3797C1E13EBB2F03F076A25656CCE27E801C18F745ACD3944FBBD","5136EEC556F9790732AE759EF52F77FE6172329EA55787A80300C4A824107E46","1","280","True","False","2358.715",,"True","1000","True","True","1000","True"
"8b296f8a-58cc-44f9-9a49-b0933834f1ae","MANIFEST_BOUND","hmail-perf-pair-service-20260901","06EFCBA9520D478A6DAC7ABB7F09F3B63D015A0CD5ECA1EB4D0FD2CC8C38F9FD","net10","hmail_perf_pair_net10_20260831_head3","C:\hmail-perf-pair-service-20260901\net10\Data","393449EA88D8D3C63D044D759D715322FD07A6F365FB10F18C1F0F126C6B4675","100","15","one TCP client and one sequential IMAP session per sample","0","PASS","45FA907CE0D3797C1E13EBB2F03F076A25656CCE27E801C18F745ACD3944FBBD","5136EEC556F9790732AE759EF52F77FE6172329EA55787A80300C4A824107E46","1","281","True","False","2303.713",,"True","1000","True","True","1000","True"
"8b296f8a-58cc-44f9-9a49-b0933834f1ae","MANIFEST_BOUND","hmail-perf-pair-service-20260901","06EFCBA9520D478A6DAC7ABB7F09F3B63D015A0CD5ECA1EB4D0FD2CC8C38F9FD","net10","hmail_perf_pair_net10_20260831_head3","C:\hmail-perf-pair-service-20260901\net10\Data","393449EA88D8D3C63D044D759D715322FD07A6F365FB10F18C1F0F126C6B4675","100","15","one TCP client and one sequential IMAP session per sample","0","PASS","45FA907CE0D3797C1E13EBB2F03F076A25656CCE27E801C18F745ACD3944FBBD","5136EEC556F9790732AE759EF52F77FE6172329EA55787A80300C4A824107E46","1","282","True","False","1513.651",,"True","1000","True","True","1000","True"
"8b296f8a-58cc-44f9-9a49-b0933834f1ae","MANIFEST_BOUND","hmail-perf-pair-service-20260901","06EFCBA9520D478A6DAC7ABB7F09F3B63D015A0CD5ECA1EB4D0FD2CC8C38F9FD","net10","hmail_perf_pair_net10_20260831_head3","C:\hmail-perf-pair-service-20260901\net10\Data","393449EA88D8D3C63D044D759D715322FD07A6F365FB10F18C1F0F126C6B4675","100","15","one TCP client and one sequential IMAP session per sample","0","PASS","45FA907CE0D3797C1E13EBB2F03F076A25656CCE27E801C18F745ACD3944FBBD","5136EEC556F9790732AE759EF52F77FE6172329EA55787A80300C4A824107E46","1","283","True","False","1597.84",,"True","1000","True","True","1000","True"
"8b296f8a-58cc-44f9-9a49-b0933834f1ae","MANIFEST_BOUND","hmail-perf-pair-service-20260901","06EFCBA9520D478A6DAC7ABB7F09F3B63D015A0CD5ECA1EB4D0FD2CC8C38F9FD","net10","hmail_perf_pair_net10_20260831_head3","C:\hmail-perf-pair-service-20260901\net10\Data","393449EA88D8D3C63D044D759D715322FD07A6F365FB10F18C1F0F126C6B4675","100","15","one TCP client and one sequential IMAP session per sample","0","PASS","45FA907CE0D3797C1E13EBB2F03F076A25656CCE27E801C18F745ACD3944FBBD","5136EEC556F9790732AE759EF52F77FE6172329EA55787A80300C4A824107E46","1","284","True","False","2197.391",,"True","1000","True","True","1000","True"
"8b296f8a-58cc-44f9-9a49-b0933834f1ae","MANIFEST_BOUND","hmail-perf-pair-service-20260901","06EFCBA9520D478A6DAC7ABB7F09F3B63D015A0CD5ECA1EB4D0FD2CC8C38F9FD","net10","hmail_perf_pair_net10_20260831_head3","C:\hmail-perf-pair-service-20260901\net10\Data","393449EA88D8D3C63D044D759D715322FD07A6F365FB10F18C1F0F126C6B4675","100","15","one TCP client and one sequential IMAP session per sample","0","PASS","45FA907CE0D3797C1E13EBB2F03F076A25656CCE27E801C18F745ACD3944FBBD","5136EEC556F9790732AE759EF52F77FE6172329EA55787A80300C4A824107E46","1","285","True","False","2008.021",,"True","1000","True","True","1000","True"
"8b296f8a-58cc-44f9-9a49-b0933834f1ae","MANIFEST_BOUND","hmail-perf-pair-service-20260901","06EFCBA9520D478A6DAC7ABB7F09F3B63D015A0CD5ECA1EB4D0FD2CC8C38F9FD","net10","hmail_perf_pair_net10_20260831_head3","C:\hmail-perf-pair-service-20260901\net10\Data","393449EA88D8D3C63D044D759D715322FD07A6F365FB10F18C1F0F126C6B4675","100","15","one TCP client and one sequential IMAP session per sample","0","PASS","45FA907CE0D3797C1E13EBB2F03F076A25656CCE27E801C18F745ACD3944FBBD","5136EEC556F9790732AE759EF52F77FE6172329EA55787A80300C4A824107E46","1","286","True","False","1650.594",,"True","1000","True","True","1000","True"
"8b296f8a-58cc-44f9-9a49-b0933834f1ae","MANIFEST_BOUND","hmail-perf-pair-service-20260901","06EFCBA9520D478A6DAC7ABB7F09F3B63D015A0CD5ECA1EB4D0FD2CC8C38F9FD","net10","hmail_perf_pair_net10_20260831_head3","C:\hmail-perf-pair-service-20260901\net10\Data","393449EA88D8D3C63D044D759D715322FD07A6F365FB10F18C1F0F126C6B4675","100","15","one TCP client and one sequential IMAP session per sample","0","PASS","45FA907CE0D3797C1E13EBB2F03F076A25656CCE27E801C18F745ACD3944FBBD","5136EEC556F9790732AE759EF52F77FE6172329EA55787A80300C4A824107E46","1","287","True","False","2358.615",,"True","1000","True","True","1000","True"
"8b296f8a-58cc-44f9-9a49-b0933834f1ae","MANIFEST_BOUND","hmail-perf-pair-service-20260901","06EFCBA9520D478A6DAC7ABB7F09F3B63D015A0CD5ECA1EB4D0FD2CC8C38F9FD","net10","hmail_perf_pair_net10_20260831_head3","C:\hmail-perf-pair-service-20260901\net10\Data","393449EA88D8D3C63D044D759D715322FD07A6F365FB10F18C1F0F126C6B4675","100","15","one TCP client and one sequential IMAP session per sample","0","PASS","45FA907CE0D3797C1E13EBB2F03F076A25656CCE27E801C18F745ACD3944FBBD","5136EEC556F9790732AE759EF52F77FE6172329EA55787A80300C4A824107E46","1","288","True","False","1698.836",,"True","1000","True","True","1000","True"
"8b296f8a-58cc-44f9-9a49-b0933834f1ae","MANIFEST_BOUND","hmail-perf-pair-service-20260901","06EFCBA9520D478A6DAC7ABB7F09F3B63D015A0CD5ECA1EB4D0FD2CC8C38F9FD","net10","hmail_perf_pair_net10_20260831_head3","C:\hmail-perf-pair-service-20260901\net10\Data","393449EA88D8D3C63D044D759D715322FD07A6F365FB10F18C1F0F126C6B4675","100","15","one TCP client and one sequential IMAP session per sample","0","PASS","45FA907CE0D3797C1E13EBB2F03F076A25656CCE27E801C18F745ACD3944FBBD","5136EEC556F9790732AE759EF52F77FE6172329EA55787A80300C4A824107E46","1","289","True","False","2353.863",,"True","1000","True","True","1000","True"
"8b296f8a-58cc-44f9-9a49-b0933834f1ae","MANIFEST_BOUND","hmail-perf-pair-service-20260901","06EFCBA9520D478A6DAC7ABB7F09F3B63D015A0CD5ECA1EB4D0FD2CC8C38F9FD","net10","hmail_perf_pair_net10_20260831_head3","C:\hmail-perf-pair-service-20260901\net10\Data","393449EA88D8D3C63D044D759D715322FD07A6F365FB10F18C1F0F126C6B4675","100","15","one TCP client and one sequential IMAP session per sample","0","PASS","45FA907CE0D3797C1E13EBB2F03F076A25656CCE27E801C18F745ACD3944FBBD","5136EEC556F9790732AE759EF52F77FE6172329EA55787A80300C4A824107E46","1","290","True","False","1648.791",,"True","1000","True","True","1000","True"
"8b296f8a-58cc-44f9-9a49-b0933834f1ae","MANIFEST_BOUND","hmail-perf-pair-service-20260901","06EFCBA9520D478A6DAC7ABB7F09F3B63D015A0CD5ECA1EB4D0FD2CC8C38F9FD","net10","hmail_perf_pair_net10_20260831_head3","C:\hmail-perf-pair-service-20260901\net10\Data","393449EA88D8D3C63D044D759D715322FD07A6F365FB10F18C1F0F126C6B4675","100","15","one TCP client and one sequential IMAP session per sample","0","PASS","45FA907CE0D3797C1E13EBB2F03F076A25656CCE27E801C18F745ACD3944FBBD","5136EEC556F9790732AE759EF52F77FE6172329EA55787A80300C4A824107E46","1","291","True","False","2303.647",,"True","1000","True","True","1000","True"
"8b296f8a-58cc-44f9-9a49-b0933834f1ae","MANIFEST_BOUND","hmail-perf-pair-service-20260901","06EFCBA9520D478A6DAC7ABB7F09F3B63D015A0CD5ECA1EB4D0FD2CC8C38F9FD","net10","hmail_perf_pair_net10_20260831_head3","C:\hmail-perf-pair-service-20260901\net10\Data","393449EA88D8D3C63D044D759D715322FD07A6F365FB10F18C1F0F126C6B4675","100","15","one TCP client and one sequential IMAP session per sample","0","PASS","45FA907CE0D3797C1E13EBB2F03F076A25656CCE27E801C18F745ACD3944FBBD","5136EEC556F9790732AE759EF52F77FE6172329EA55787A80300C4A824107E46","1","292","True","False","1663.666",,"True","1000","True","True","1000","True"
"8b296f8a-58cc-44f9-9a49-b0933834f1ae","MANIFEST_BOUND","hmail-perf-pair-service-20260901","06EFCBA9520D478A6DAC7ABB7F09F3B63D015A0CD5ECA1EB4D0FD2CC8C38F9FD","net10","hmail_perf_pair_net10_20260831_head3","C:\hmail-perf-pair-service-20260901\net10\Data","393449EA88D8D3C63D044D759D715322FD07A6F365FB10F18C1F0F126C6B4675","100","15","one TCP client and one sequential IMAP session per sample","0","PASS","45FA907CE0D3797C1E13EBB2F03F076A25656CCE27E801C18F745ACD3944FBBD","5136EEC556F9790732AE759EF52F77FE6172329EA55787A80300C4A824107E46","1","293","True","False","2358.844",,"True","1000","True","True","1000","True"
"8b296f8a-58cc-44f9-9a49-b0933834f1ae","MANIFEST_BOUND","hmail-perf-pair-service-20260901","06EFCBA9520D478A6DAC7ABB7F09F3B63D015A0CD5ECA1EB4D0FD2CC8C38F9FD","net10","hmail_perf_pair_net10_20260831_head3","C:\hmail-perf-pair-service-20260901\net10\Data","393449EA88D8D3C63D044D759D715322FD07A6F365FB10F18C1F0F126C6B4675","100","15","one TCP client and one sequential IMAP session per sample","0","PASS","45FA907CE0D3797C1E13EBB2F03F076A25656CCE27E801C18F745ACD3944FBBD","5136EEC556F9790732AE759EF52F77FE6172329EA55787A80300C4A824107E46","1","294","True","False","2284.902",,"True","1000","True","True","1000","True"
"8b296f8a-58cc-44f9-9a49-b0933834f1ae","MANIFEST_BOUND","hmail-perf-pair-service-20260901","06EFCBA9520D478A6DAC7ABB7F09F3B63D015A0CD5ECA1EB4D0FD2CC8C38F9FD","net10","hmail_perf_pair_net10_20260831_head3","C:\hmail-perf-pair-service-20260901\net10\Data","393449EA88D8D3C63D044D759D715322FD07A6F365FB10F18C1F0F126C6B4675","100","15","one TCP client and one sequential IMAP session per sample","0","PASS","45FA907CE0D3797C1E13EBB2F03F076A25656CCE27E801C18F745ACD3944FBBD","5136EEC556F9790732AE759EF52F77FE6172329EA55787A80300C4A824107E46","1","295","True","False","2240.61",,"True","1000","True","True","1000","True"
"8b296f8a-58cc-44f9-9a49-b0933834f1ae","MANIFEST_BOUND","hmail-perf-pair-service-20260901","06EFCBA9520D478A6DAC7ABB7F09F3B63D015A0CD5ECA1EB4D0FD2CC8C38F9FD","net10","hmail_perf_pair_net10_20260831_head3","C:\hmail-perf-pair-service-20260901\net10\Data","393449EA88D8D3C63D044D759D715322FD07A6F365FB10F18C1F0F126C6B4675","100","15","one TCP client and one sequential IMAP session per sample","0","PASS","45FA907CE0D3797C1E13EBB2F03F076A25656CCE27E801C18F745ACD3944FBBD","5136EEC556F9790732AE759EF52F77FE6172329EA55787A80300C4A824107E46","1","296","True","False","2389.442",,"True","1000","True","True","1000","True"
"8b296f8a-58cc-44f9-9a49-b0933834f1ae","MANIFEST_BOUND","hmail-perf-pair-service-20260901","06EFCBA9520D478A6DAC7ABB7F09F3B63D015A0CD5ECA1EB4D0FD2CC8C38F9FD","net10","hmail_perf_pair_net10_20260831_head3","C:\hmail-perf-pair-service-20260901\net10\Data","393449EA88D8D3C63D044D759D715322FD07A6F365FB10F18C1F0F126C6B4675","100","15","one TCP client and one sequential IMAP session per sample","0","PASS","45FA907CE0D3797C1E13EBB2F03F076A25656CCE27E801C18F745ACD3944FBBD","5136EEC556F9790732AE759EF52F77FE6172329EA55787A80300C4A824107E46","1","297","True","False","2355.074",,"True","1000","True","True","1000","True"
"8b296f8a-58cc-44f9-9a49-b0933834f1ae","MANIFEST_BOUND","hmail-perf-pair-service-20260901","06EFCBA9520D478A6DAC7ABB7F09F3B63D015A0CD5ECA1EB4D0FD2CC8C38F9FD","net10","hmail_perf_pair_net10_20260831_head3","C:\hmail-perf-pair-service-20260901\net10\Data","393449EA88D8D3C63D044D759D715322FD07A6F365FB10F18C1F0F126C6B4675","100","15","one TCP client and one sequential IMAP session per sample","0","PASS","45FA907CE0D3797C1E13EBB2F03F076A25656CCE27E801C18F745ACD3944FBBD","5136EEC556F9790732AE759EF52F77FE6172329EA55787A80300C4A824107E46","1","298","True","False","2299.825",,"True","1000","True","True","1000","True"
"8b296f8a-58cc-44f9-9a49-b0933834f1ae","MANIFEST_BOUND","hmail-perf-pair-service-20260901","06EFCBA9520D478A6DAC7ABB7F09F3B63D015A0CD5ECA1EB4D0FD2CC8C38F9FD","net10","hmail_perf_pair_net10_20260831_head3","C:\hmail-perf-pair-service-20260901\net10\Data","393449EA88D8D3C63D044D759D715322FD07A6F365FB10F18C1F0F126C6B4675","100","15","one TCP client and one sequential IMAP session per sample","0","PASS","45FA907CE0D3797C1E13EBB2F03F076A25656CCE27E801C18F745ACD3944FBBD","5136EEC556F9790732AE759EF52F77FE6172329EA55787A80300C4A824107E46","1","299","True","False","2240.321",,"True","1000","True","True","1000","True"
"8b296f8a-58cc-44f9-9a49-b0933834f1ae","MANIFEST_BOUND","hmail-perf-pair-service-20260901","06EFCBA9520D478A6DAC7ABB7F09F3B63D015A0CD5ECA1EB4D0FD2CC8C38F9FD","net10","hmail_perf_pair_net10_20260831_head3","C:\hmail-perf-pair-service-20260901\net10\Data","393449EA88D8D3C63D044D759D715322FD07A6F365FB10F18C1F0F126C6B4675","100","15","one TCP client and one sequential IMAP session per sample","0","PASS","45FA907CE0D3797C1E13EBB2F03F076A25656CCE27E801C18F745ACD3944FBBD","5136EEC556F9790732AE759EF52F77FE6172329EA55787A80300C4A824107E46","1","300","True","False","2353.261",,"True","1000","True","True","1000","True"
"8b296f8a-58cc-44f9-9a49-b0933834f1ae","MANIFEST_BOUND","hmail-perf-pair-service-20260901","06EFCBA9520D478A6DAC7ABB7F09F3B63D015A0CD5ECA1EB4D0FD2CC8C38F9FD","net10","hmail_perf_pair_net10_20260831_head3","C:\hmail-perf-pair-service-20260901\net10\Data","393449EA88D8D3C63D044D759D715322FD07A6F365FB10F18C1F0F126C6B4675","100","15","one TCP client and one sequential IMAP session per sample","0","PASS","45FA907CE0D3797C1E13EBB2F03F076A25656CCE27E801C18F745ACD3944FBBD","5136EEC556F9790732AE759EF52F77FE6172329EA55787A80300C4A824107E46","1","301","True","False","2357.724",,"True","1000","True","True","1000","True"
"8b296f8a-58cc-44f9-9a49-b0933834f1ae","MANIFEST_BOUND","hmail-perf-pair-service-20260901","06EFCBA9520D478A6DAC7ABB7F09F3B63D015A0CD5ECA1EB4D0FD2CC8C38F9FD","net10","hmail_perf_pair_net10_20260831_head3","C:\hmail-perf-pair-service-20260901\net10\Data","393449EA88D8D3C63D044D759D715322FD07A6F365FB10F18C1F0F126C6B4675","100","15","one TCP client and one sequential IMAP session per sample","0","PASS","45FA907CE0D3797C1E13EBB2F03F076A25656CCE27E801C18F745ACD3944FBBD","5136EEC556F9790732AE759EF52F77FE6172329EA55787A80300C4A824107E46","1","302","True","False","2333.425",,"True","1000","True","True","1000","True"
"8b296f8a-58cc-44f9-9a49-b0933834f1ae","MANIFEST_BOUND","hmail-perf-pair-service-20260901","06EFCBA9520D478A6DAC7ABB7F09F3B63D015A0CD5ECA1EB4D0FD2CC8C38F9FD","net10","hmail_perf_pair_net10_20260831_head3","C:\hmail-perf-pair-service-20260901\net10\Data","393449EA88D8D3C63D044D759D715322FD07A6F365FB10F18C1F0F126C6B4675","100","15","one TCP client and one sequential IMAP session per sample","0","PASS","45FA907CE0D3797C1E13EBB2F03F076A25656CCE27E801C18F745ACD3944FBBD","5136EEC556F9790732AE759EF52F77FE6172329EA55787A80300C4A824107E46","1","303","True","False","2245.136",,"True","1000","True","True","1000","True"
"8b296f8a-58cc-44f9-9a49-b0933834f1ae","MANIFEST_BOUND","hmail-perf-pair-service-20260901","06EFCBA9520D478A6DAC7ABB7F09F3B63D015A0CD5ECA1EB4D0FD2CC8C38F9FD","net10","hmail_perf_pair_net10_20260831_head3","C:\hmail-perf-pair-service-20260901\net10\Data","393449EA88D8D3C63D044D759D715322FD07A6F365FB10F18C1F0F126C6B4675","100","15","one TCP client and one sequential IMAP session per sample","0","PASS","45FA907CE0D3797C1E13EBB2F03F076A25656CCE27E801C18F745ACD3944FBBD","5136EEC556F9790732AE759EF52F77FE6172329EA55787A80300C4A824107E46","1","304","True","False","2353.493",,"True","1000","True","True","1000","True"
"8b296f8a-58cc-44f9-9a49-b0933834f1ae","MANIFEST_BOUND","hmail-perf-pair-service-20260901","06EFCBA9520D478A6DAC7ABB7F09F3B63D015A0CD5ECA1EB4D0FD2CC8C38F9FD","net10","hmail_perf_pair_net10_20260831_head3","C:\hmail-perf-pair-service-20260901\net10\Data","393449EA88D8D3C63D044D759D715322FD07A6F365FB10F18C1F0F126C6B4675","100","15","one TCP client and one sequential IMAP session per sample","0","PASS","45FA907CE0D3797C1E13EBB2F03F076A25656CCE27E801C18F745ACD3944FBBD","5136EEC556F9790732AE759EF52F77FE6172329EA55787A80300C4A824107E46","1","305","True","False","2353.943",,"True","1000","True","True","1000","True"
"8b296f8a-58cc-44f9-9a49-b0933834f1ae","MANIFEST_BOUND","hmail-perf-pair-service-20260901","06EFCBA9520D478A6DAC7ABB7F09F3B63D015A0CD5ECA1EB4D0FD2CC8C38F9FD","net10","hmail_perf_pair_net10_20260831_head3","C:\hmail-perf-pair-service-20260901\net10\Data","393449EA88D8D3C63D044D759D715322FD07A6F365FB10F18C1F0F126C6B4675","100","15","one TCP client and one sequential IMAP session per sample","0","PASS","45FA907CE0D3797C1E13EBB2F03F076A25656CCE27E801C18F745ACD3944FBBD","5136EEC556F9790732AE759EF52F77FE6172329EA55787A80300C4A824107E46","1","306","True","False","2353.147",,"True","1000","True","True","1000","True"
"8b296f8a-58cc-44f9-9a49-b0933834f1ae","MANIFEST_BOUND","hmail-perf-pair-service-20260901","06EFCBA9520D478A6DAC7ABB7F09F3B63D015A0CD5ECA1EB4D0FD2CC8C38F9FD","net10","hmail_perf_pair_net10_20260831_head3","C:\hmail-perf-pair-service-20260901\net10\Data","393449EA88D8D3C63D044D759D715322FD07A6F365FB10F18C1F0F126C6B4675","100","15","one TCP client and one sequential IMAP session per sample","0","PASS","45FA907CE0D3797C1E13EBB2F03F076A25656CCE27E801C18F745ACD3944FBBD","5136EEC556F9790732AE759EF52F77FE6172329EA55787A80300C4A824107E46","1","307","True","False","2122.16",,"True","1000","True","True","1000","True"
"8b296f8a-58cc-44f9-9a49-b0933834f1ae","MANIFEST_BOUND","hmail-perf-pair-service-20260901","06EFCBA9520D478A6DAC7ABB7F09F3B63D015A0CD5ECA1EB4D0FD2CC8C38F9FD","net10","hmail_perf_pair_net10_20260831_head3","C:\hmail-perf-pair-service-20260901\net10\Data","393449EA88D8D3C63D044D759D715322FD07A6F365FB10F18C1F0F126C6B4675","100","15","one TCP client and one sequential IMAP session per sample","0","PASS","45FA907CE0D3797C1E13EBB2F03F076A25656CCE27E801C18F745ACD3944FBBD","5136EEC556F9790732AE759EF52F77FE6172329EA55787A80300C4A824107E46","1","308","True","False","2352.921",,"True","1000","True","True","1000","True"
"8b296f8a-58cc-44f9-9a49-b0933834f1ae","MANIFEST_BOUND","hmail-perf-pair-service-20260901","06EFCBA9520D478A6DAC7ABB7F09F3B63D015A0CD5ECA1EB4D0FD2CC8C38F9FD","net10","hmail_perf_pair_net10_20260831_head3","C:\hmail-perf-pair-service-20260901\net10\Data","393449EA88D8D3C63D044D759D715322FD07A6F365FB10F18C1F0F126C6B4675","100","15","one TCP client and one sequential IMAP session per sample","0","PASS","45FA907CE0D3797C1E13EBB2F03F076A25656CCE27E801C18F745ACD3944FBBD","5136EEC556F9790732AE759EF52F77FE6172329EA55787A80300C4A824107E46","1","309","True","False","1966.518",,"True","1000","True","True","1000","True"
"8b296f8a-58cc-44f9-9a49-b0933834f1ae","MANIFEST_BOUND","hmail-perf-pair-service-20260901","06EFCBA9520D478A6DAC7ABB7F09F3B63D015A0CD5ECA1EB4D0FD2CC8C38F9FD","net10","hmail_perf_pair_net10_20260831_head3","C:\hmail-perf-pair-service-20260901\net10\Data","393449EA88D8D3C63D044D759D715322FD07A6F365FB10F18C1F0F126C6B4675","100","15","one TCP client and one sequential IMAP session per sample","0","PASS","45FA907CE0D3797C1E13EBB2F03F076A25656CCE27E801C18F745ACD3944FBBD","5136EEC556F9790732AE759EF52F77FE6172329EA55787A80300C4A824107E46","1","310","True","False","2240.711",,"True","1000","True","True","1000","True"
"8b296f8a-58cc-44f9-9a49-b0933834f1ae","MANIFEST_BOUND","hmail-perf-pair-service-20260901","06EFCBA9520D478A6DAC7ABB7F09F3B63D015A0CD5ECA1EB4D0FD2CC8C38F9FD","net10","hmail_perf_pair_net10_20260831_head3","C:\hmail-perf-pair-service-20260901\net10\Data","393449EA88D8D3C63D044D759D715322FD07A6F365FB10F18C1F0F126C6B4675","100","15","one TCP client and one sequential IMAP session per sample","0","PASS","45FA907CE0D3797C1E13EBB2F03F076A25656CCE27E801C18F745ACD3944FBBD","5136EEC556F9790732AE759EF52F77FE6172329EA55787A80300C4A824107E46","1","311","True","False","2276.126",,"True","1000","True","True","1000","True"
"8b296f8a-58cc-44f9-9a49-b0933834f1ae","MANIFEST_BOUND","hmail-perf-pair-service-20260901","06EFCBA9520D478A6DAC7ABB7F09F3B63D015A0CD5ECA1EB4D0FD2CC8C38F9FD","net10","hmail_perf_pair_net10_20260831_head3","C:\hmail-perf-pair-service-20260901\net10\Data","393449EA88D8D3C63D044D759D715322FD07A6F365FB10F18C1F0F126C6B4675","100","15","one TCP client and one sequential IMAP session per sample","0","PASS","45FA907CE0D3797C1E13EBB2F03F076A25656CCE27E801C18F745ACD3944FBBD","5136EEC556F9790732AE759EF52F77FE6172329EA55787A80300C4A824107E46","1","312","True","False","2356.705",,"True","1000","True","True","1000","True"
"8b296f8a-58cc-44f9-9a49-b0933834f1ae","MANIFEST_BOUND","hmail-perf-pair-service-20260901","06EFCBA9520D478A6DAC7ABB7F09F3B63D015A0CD5ECA1EB4D0FD2CC8C38F9FD","net10","hmail_perf_pair_net10_20260831_head3","C:\hmail-perf-pair-service-20260901\net10\Data","393449EA88D8D3C63D044D759D715322FD07A6F365FB10F18C1F0F126C6B4675","100","15","one TCP client and one sequential IMAP session per sample","0","PASS","45FA907CE0D3797C1E13EBB2F03F076A25656CCE27E801C18F745ACD3944FBBD","5136EEC556F9790732AE759EF52F77FE6172329EA55787A80300C4A824107E46","1","313","True","False","2278.311",,"True","1000","True","True","1000","True"
"8b296f8a-58cc-44f9-9a49-b0933834f1ae","MANIFEST_BOUND","hmail-perf-pair-service-20260901","06EFCBA9520D478A6DAC7ABB7F09F3B63D015A0CD5ECA1EB4D0FD2CC8C38F9FD","net10","hmail_perf_pair_net10_20260831_head3","C:\hmail-perf-pair-service-20260901\net10\Data","393449EA88D8D3C63D044D759D715322FD07A6F365FB10F18C1F0F126C6B4675","100","15","one TCP client and one sequential IMAP session per sample","0","PASS","45FA907CE0D3797C1E13EBB2F03F076A25656CCE27E801C18F745ACD3944FBBD","5136EEC556F9790732AE759EF52F77FE6172329EA55787A80300C4A824107E46","1","314","True","False","2082.727",,"True","1000","True","True","1000","True"
"8b296f8a-58cc-44f9-9a49-b0933834f1ae","MANIFEST_BOUND","hmail-perf-pair-service-20260901","06EFCBA9520D478A6DAC7ABB7F09F3B63D015A0CD5ECA1EB4D0FD2CC8C38F9FD","net10","hmail_perf_pair_net10_20260831_head3","C:\hmail-perf-pair-service-20260901\net10\Data","393449EA88D8D3C63D044D759D715322FD07A6F365FB10F18C1F0F126C6B4675","100","15","one TCP client and one sequential IMAP session per sample","0","PASS","45FA907CE0D3797C1E13EBB2F03F076A25656CCE27E801C18F745ACD3944FBBD","5136EEC556F9790732AE759EF52F77FE6172329EA55787A80300C4A824107E46","1","315","True","False","2353.748",,"True","1000","True","True","1000","True"
"8b296f8a-58cc-44f9-9a49-b0933834f1ae","MANIFEST_BOUND","hmail-perf-pair-service-20260901","06EFCBA9520D478A6DAC7ABB7F09F3B63D015A0CD5ECA1EB4D0FD2CC8C38F9FD","net10","hmail_perf_pair_net10_20260831_head3","C:\hmail-perf-pair-service-20260901\net10\Data","393449EA88D8D3C63D044D759D715322FD07A6F365FB10F18C1F0F126C6B4675","100","15","one TCP client and one sequential IMAP session per sample","0","PASS","45FA907CE0D3797C1E13EBB2F03F076A25656CCE27E801C18F745ACD3944FBBD","5136EEC556F9790732AE759EF52F77FE6172329EA55787A80300C4A824107E46","1","316","True","False","1983.879",,"True","1000","True","True","1000","True"
"8b296f8a-58cc-44f9-9a49-b0933834f1ae","MANIFEST_BOUND","hmail-perf-pair-service-20260901","06EFCBA9520D478A6DAC7ABB7F09F3B63D015A0CD5ECA1EB4D0FD2CC8C38F9FD","net10","hmail_perf_pair_net10_20260831_head3","C:\hmail-perf-pair-service-20260901\net10\Data","393449EA88D8D3C63D044D759D715322FD07A6F365FB10F18C1F0F126C6B4675","100","15","one TCP client and one sequential IMAP session per sample","0","PASS","45FA907CE0D3797C1E13EBB2F03F076A25656CCE27E801C18F745ACD3944FBBD","5136EEC556F9790732AE759EF52F77FE6172329EA55787A80300C4A824107E46","1","317","True","False","2244.223",,"True","1000","True","True","1000","True"
"8b296f8a-58cc-44f9-9a49-b0933834f1ae","MANIFEST_BOUND","hmail-perf-pair-service-20260901","06EFCBA9520D478A6DAC7ABB7F09F3B63D015A0CD5ECA1EB4D0FD2CC8C38F9FD","net10","hmail_perf_pair_net10_20260831_head3","C:\hmail-perf-pair-service-20260901\net10\Data","393449EA88D8D3C63D044D759D715322FD07A6F365FB10F18C1F0F126C6B4675","100","15","one TCP client and one sequential IMAP session per sample","0","PASS","45FA907CE0D3797C1E13EBB2F03F076A25656CCE27E801C18F745ACD3944FBBD","5136EEC556F9790732AE759EF52F77FE6172329EA55787A80300C4A824107E46","1","318","True","False","2215.243",,"True","1000","True","True","1000","True"
"8b296f8a-58cc-44f9-9a49-b0933834f1ae","MANIFEST_BOUND","hmail-perf-pair-service-20260901","06EFCBA9520D478A6DAC7ABB7F09F3B63D015A0CD5ECA1EB4D0FD2CC8C38F9FD","net10","hmail_perf_pair_net10_20260831_head3","C:\hmail-perf-pair-service-20260901\net10\Data","393449EA88D8D3C63D044D759D715322FD07A6F365FB10F18C1F0F126C6B4675","100","15","one TCP client and one sequential IMAP session per sample","0","PASS","45FA907CE0D3797C1E13EBB2F03F076A25656CCE27E801C18F745ACD3944FBBD","5136EEC556F9790732AE759EF52F77FE6172329EA55787A80300C4A824107E46","1","319","True","False","2353.025",,"True","1000","True","True","1000","True"
"8b296f8a-58cc-44f9-9a49-b0933834f1ae","MANIFEST_BOUND","hmail-perf-pair-service-20260901","06EFCBA9520D478A6DAC7ABB7F09F3B63D015A0CD5ECA1EB4D0FD2CC8C38F9FD","net10","hmail_perf_pair_net10_20260831_head3","C:\hmail-perf-pair-service-20260901\net10\Data","393449EA88D8D3C63D044D759D715322FD07A6F365FB10F18C1F0F126C6B4675","100","15","one TCP client and one sequential IMAP session per sample","0","PASS","45FA907CE0D3797C1E13EBB2F03F076A25656CCE27E801C18F745ACD3944FBBD","5136EEC556F9790732AE759EF52F77FE6172329EA55787A80300C4A824107E46","1","320","True","False","2293.291",,"True","1000","True","True","1000","True"
"8b296f8a-58cc-44f9-9a49-b0933834f1ae","MANIFEST_BOUND","hmail-perf-pair-service-20260901","06EFCBA9520D478A6DAC7ABB7F09F3B63D015A0CD5ECA1EB4D0FD2CC8C38F9FD","net10","hmail_perf_pair_net10_20260831_head3","C:\hmail-perf-pair-service-20260901\net10\Data","393449EA88D8D3C63D044D759D715322FD07A6F365FB10F18C1F0F126C6B4675","100","15","one TCP client and one sequential IMAP session per sample","0","PASS","45FA907CE0D3797C1E13EBB2F03F076A25656CCE27E801C18F745ACD3944FBBD","5136EEC556F9790732AE759EF52F77FE6172329EA55787A80300C4A824107E46","1","321","True","False","2332.633",,"True","1000","True","True","1000","True"
"8b296f8a-58cc-44f9-9a49-b0933834f1ae","MANIFEST_BOUND","hmail-perf-pair-service-20260901","06EFCBA9520D478A6DAC7ABB7F09F3B63D015A0CD5ECA1EB4D0FD2CC8C38F9FD","net10","hmail_perf_pair_net10_20260831_head3","C:\hmail-perf-pair-service-20260901\net10\Data","393449EA88D8D3C63D044D759D715322FD07A6F365FB10F18C1F0F126C6B4675","100","15","one TCP client and one sequential IMAP session per sample","0","PASS","45FA907CE0D3797C1E13EBB2F03F076A25656CCE27E801C18F745ACD3944FBBD","5136EEC556F9790732AE759EF52F77FE6172329EA55787A80300C4A824107E46","1","322","True","False","2355.441",,"True","1000","True","True","1000","True"
"8b296f8a-58cc-44f9-9a49-b0933834f1ae","MANIFEST_BOUND","hmail-perf-pair-service-20260901","06EFCBA9520D478A6DAC7ABB7F09F3B63D015A0CD5ECA1EB4D0FD2CC8C38F9FD","net10","hmail_perf_pair_net10_20260831_head3","C:\hmail-perf-pair-service-20260901\net10\Data","393449EA88D8D3C63D044D759D715322FD07A6F365FB10F18C1F0F126C6B4675","100","15","one TCP client and one sequential IMAP session per sample","0","PASS","45FA907CE0D3797C1E13EBB2F03F076A25656CCE27E801C18F745ACD3944FBBD","5136EEC556F9790732AE759EF52F77FE6172329EA55787A80300C4A824107E46","1","323","True","False","2352.41",,"True","1000","True","True","1000","True"
"8b296f8a-58cc-44f9-9a49-b0933834f1ae","MANIFEST_BOUND","hmail-perf-pair-service-20260901","06EFCBA9520D478A6DAC7ABB7F09F3B63D015A0CD5ECA1EB4D0FD2CC8C38F9FD","net10","hmail_perf_pair_net10_20260831_head3","C:\hmail-perf-pair-service-20260901\net10\Data","393449EA88D8D3C63D044D759D715322FD07A6F365FB10F18C1F0F126C6B4675","100","15","one TCP client and one sequential IMAP session per sample","0","PASS","45FA907CE0D3797C1E13EBB2F03F076A25656CCE27E801C18F745ACD3944FBBD","5136EEC556F9790732AE759EF52F77FE6172329EA55787A80300C4A824107E46","1","324","True","False","2244.312",,"True","1000","True","True","1000","True"
"8b296f8a-58cc-44f9-9a49-b0933834f1ae","MANIFEST_BOUND","hmail-perf-pair-service-20260901","06EFCBA9520D478A6DAC7ABB7F09F3B63D015A0CD5ECA1EB4D0FD2CC8C38F9FD","net10","hmail_perf_pair_net10_20260831_head3","C:\hmail-perf-pair-service-20260901\net10\Data","393449EA88D8D3C63D044D759D715322FD07A6F365FB10F18C1F0F126C6B4675","100","15","one TCP client and one sequential IMAP session per sample","0","PASS","45FA907CE0D3797C1E13EBB2F03F076A25656CCE27E801C18F745ACD3944FBBD","5136EEC556F9790732AE759EF52F77FE6172329EA55787A80300C4A824107E46","1","325","True","False","1898.269",,"True","1000","True","True","1000","True"
"8b296f8a-58cc-44f9-9a49-b0933834f1ae","MANIFEST_BOUND","hmail-perf-pair-service-20260901","06EFCBA9520D478A6DAC7ABB7F09F3B63D015A0CD5ECA1EB4D0FD2CC8C38F9FD","net10","hmail_perf_pair_net10_20260831_head3","C:\hmail-perf-pair-service-20260901\net10\Data","393449EA88D8D3C63D044D759D715322FD07A6F365FB10F18C1F0F126C6B4675","100","15","one TCP client and one sequential IMAP session per sample","0","PASS","45FA907CE0D3797C1E13EBB2F03F076A25656CCE27E801C18F745ACD3944FBBD","5136EEC556F9790732AE759EF52F77FE6172329EA55787A80300C4A824107E46","1","326","True","False","2353.747",,"True","1000","True","True","1000","True"
"8b296f8a-58cc-44f9-9a49-b0933834f1ae","MANIFEST_BOUND","hmail-perf-pair-service-20260901","06EFCBA9520D478A6DAC7ABB7F09F3B63D015A0CD5ECA1EB4D0FD2CC8C38F9FD","net10","hmail_perf_pair_net10_20260831_head3","C:\hmail-perf-pair-service-20260901\net10\Data","393449EA88D8D3C63D044D759D715322FD07A6F365FB10F18C1F0F126C6B4675","100","15","one TCP client and one sequential IMAP session per sample","0","PASS","45FA907CE0D3797C1E13EBB2F03F076A25656CCE27E801C18F745ACD3944FBBD","5136EEC556F9790732AE759EF52F77FE6172329EA55787A80300C4A824107E46","1","327","True","False","2327.558",,"True","1000","True","True","1000","True"
"8b296f8a-58cc-44f9-9a49-b0933834f1ae","MANIFEST_BOUND","hmail-perf-pair-service-20260901","06EFCBA9520D478A6DAC7ABB7F09F3B63D015A0CD5ECA1EB4D0FD2CC8C38F9FD","net10","hmail_perf_pair_net10_20260831_head3","C:\hmail-perf-pair-service-20260901\net10\Data","393449EA88D8D3C63D044D759D715322FD07A6F365FB10F18C1F0F126C6B4675","100","15","one TCP client and one sequential IMAP session per sample","0","PASS","45FA907CE0D3797C1E13EBB2F03F076A25656CCE27E801C18F745ACD3944FBBD","5136EEC556F9790732AE759EF52F77FE6172329EA55787A80300C4A824107E46","1","328","True","False","2352.3",,"True","1000","True","True","1000","True"
"8b296f8a-58cc-44f9-9a49-b0933834f1ae","MANIFEST_BOUND","hmail-perf-pair-service-20260901","06EFCBA9520D478A6DAC7ABB7F09F3B63D015A0CD5ECA1EB4D0FD2CC8C38F9FD","net10","hmail_perf_pair_net10_20260831_head3","C:\hmail-perf-pair-service-20260901\net10\Data","393449EA88D8D3C63D044D759D715322FD07A6F365FB10F18C1F0F126C6B4675","100","15","one TCP client and one sequential IMAP session per sample","0","PASS","45FA907CE0D3797C1E13EBB2F03F076A25656CCE27E801C18F745ACD3944FBBD","5136EEC556F9790732AE759EF52F77FE6172329EA55787A80300C4A824107E46","1","329","True","False","2286.068",,"True","1000","True","True","1000","True"
"8b296f8a-58cc-44f9-9a49-b0933834f1ae","MANIFEST_BOUND","hmail-perf-pair-service-20260901","06EFCBA9520D478A6DAC7ABB7F09F3B63D015A0CD5ECA1EB4D0FD2CC8C38F9FD","net10","hmail_perf_pair_net10_20260831_head3","C:\hmail-perf-pair-service-20260901\net10\Data","393449EA88D8D3C63D044D759D715322FD07A6F365FB10F18C1F0F126C6B4675","100","15","one TCP client and one sequential IMAP session per sample","0","PASS","45FA907CE0D3797C1E13EBB2F03F076A25656CCE27E801C18F745ACD3944FBBD","5136EEC556F9790732AE759EF52F77FE6172329EA55787A80300C4A824107E46","1","330","True","False","2083.139",,"True","1000","True","True","1000","True"
"8b296f8a-58cc-44f9-9a49-b0933834f1ae","MANIFEST_BOUND","hmail-perf-pair-service-20260901","06EFCBA9520D478A6DAC7ABB7F09F3B63D015A0CD5ECA1EB4D0FD2CC8C38F9FD","net10","hmail_perf_pair_net10_20260831_head3","C:\hmail-perf-pair-service-20260901\net10\Data","393449EA88D8D3C63D044D759D715322FD07A6F365FB10F18C1F0F126C6B4675","100","15","one TCP client and one sequential IMAP session per sample","0","PASS","45FA907CE0D3797C1E13EBB2F03F076A25656CCE27E801C18F745ACD3944FBBD","5136EEC556F9790732AE759EF52F77FE6172329EA55787A80300C4A824107E46","1","331","True","False","2352.604",,"True","1000","True","True","1000","True"
"8b296f8a-58cc-44f9-9a49-b0933834f1ae","MANIFEST_BOUND","hmail-perf-pair-service-20260901","06EFCBA9520D478A6DAC7ABB7F09F3B63D015A0CD5ECA1EB4D0FD2CC8C38F9FD","net10","hmail_perf_pair_net10_20260831_head3","C:\hmail-perf-pair-service-20260901\net10\Data","393449EA88D8D3C63D044D759D715322FD07A6F365FB10F18C1F0F126C6B4675","100","15","one TCP client and one sequential IMAP session per sample","0","PASS","45FA907CE0D3797C1E13EBB2F03F076A25656CCE27E801C18F745ACD3944FBBD","5136EEC556F9790732AE759EF52F77FE6172329EA55787A80300C4A824107E46","1","332","True","False","2352.258",,"True","1000","True","True","1000","True"
"8b296f8a-58cc-44f9-9a49-b0933834f1ae","MANIFEST_BOUND","hmail-perf-pair-service-20260901","06EFCBA9520D478A6DAC7ABB7F09F3B63D015A0CD5ECA1EB4D0FD2CC8C38F9FD","net10","hmail_perf_pair_net10_20260831_head3","C:\hmail-perf-pair-service-20260901\net10\Data","393449EA88D8D3C63D044D759D715322FD07A6F365FB10F18C1F0F126C6B4675","100","15","one TCP client and one sequential IMAP session per sample","0","PASS","45FA907CE0D3797C1E13EBB2F03F076A25656CCE27E801C18F745ACD3944FBBD","5136EEC556F9790732AE759EF52F77FE6172329EA55787A80300C4A824107E46","1","333","True","False","1641.864",,"True","1000","True","True","1000","True"
"8b296f8a-58cc-44f9-9a49-b0933834f1ae","MANIFEST_BOUND","hmail-perf-pair-service-20260901","06EFCBA9520D478A6DAC7ABB7F09F3B63D015A0CD5ECA1EB4D0FD2CC8C38F9FD","net10","hmail_perf_pair_net10_20260831_head3","C:\hmail-perf-pair-service-20260901\net10\Data","393449EA88D8D3C63D044D759D715322FD07A6F365FB10F18C1F0F126C6B4675","100","15","one TCP client and one sequential IMAP session per sample","0","PASS","45FA907CE0D3797C1E13EBB2F03F076A25656CCE27E801C18F745ACD3944FBBD","5136EEC556F9790732AE759EF52F77FE6172329EA55787A80300C4A824107E46","1","334","True","False","2370.467",,"True","1000","True","True","1000","True"
"8b296f8a-58cc-44f9-9a49-b0933834f1ae","MANIFEST_BOUND","hmail-perf-pair-service-20260901","06EFCBA9520D478A6DAC7ABB7F09F3B63D015A0CD5ECA1EB4D0FD2CC8C38F9FD","net10","hmail_perf_pair_net10_20260831_head3","C:\hmail-perf-pair-service-20260901\net10\Data","393449EA88D8D3C63D044D759D715322FD07A6F365FB10F18C1F0F126C6B4675","100","15","one TCP client and one sequential IMAP session per sample","0","PASS","45FA907CE0D3797C1E13EBB2F03F076A25656CCE27E801C18F745ACD3944FBBD","5136EEC556F9790732AE759EF52F77FE6172329EA55787A80300C4A824107E46","1","335","True","False","2354.131",,"True","1000","True","True","1000","True"
"8b296f8a-58cc-44f9-9a49-b0933834f1ae","MANIFEST_BOUND","hmail-perf-pair-service-20260901","06EFCBA9520D478A6DAC7ABB7F09F3B63D015A0CD5ECA1EB4D0FD2CC8C38F9FD","net10","hmail_perf_pair_net10_20260831_head3","C:\hmail-perf-pair-service-20260901\net10\Data","393449EA88D8D3C63D044D759D715322FD07A6F365FB10F18C1F0F126C6B4675","100","15","one TCP client and one sequential IMAP session per sample","0","PASS","45FA907CE0D3797C1E13EBB2F03F076A25656CCE27E801C18F745ACD3944FBBD","5136EEC556F9790732AE759EF52F77FE6172329EA55787A80300C4A824107E46","1","336","True","False","2354.038",,"True","1000","True","True","1000","True"
"8b296f8a-58cc-44f9-9a49-b0933834f1ae","MANIFEST_BOUND","hmail-perf-pair-service-20260901","06EFCBA9520D478A6DAC7ABB7F09F3B63D015A0CD5ECA1EB4D0FD2CC8C38F9FD","net10","hmail_perf_pair_net10_20260831_head3","C:\hmail-perf-pair-service-20260901\net10\Data","393449EA88D8D3C63D044D759D715322FD07A6F365FB10F18C1F0F126C6B4675","100","15","one TCP client and one sequential IMAP session per sample","0","PASS","45FA907CE0D3797C1E13EBB2F03F076A25656CCE27E801C18F745ACD3944FBBD","5136EEC556F9790732AE759EF52F77FE6172329EA55787A80300C4A824107E46","1","337","True","False","2291.502",,"True","1000","True","True","1000","True"
"8b296f8a-58cc-44f9-9a49-b0933834f1ae","MANIFEST_BOUND","hmail-perf-pair-service-20260901","06EFCBA9520D478A6DAC7ABB7F09F3B63D015A0CD5ECA1EB4D0FD2CC8C38F9FD","net10","hmail_perf_pair_net10_20260831_head3","C:\hmail-perf-pair-service-20260901\net10\Data","393449EA88D8D3C63D044D759D715322FD07A6F365FB10F18C1F0F126C6B4675","100","15","one TCP client and one sequential IMAP session per sample","0","PASS","45FA907CE0D3797C1E13EBB2F03F076A25656CCE27E801C18F745ACD3944FBBD","5136EEC556F9790732AE759EF52F77FE6172329EA55787A80300C4A824107E46","1","338","True","False","2354.585",,"True","1000","True","True","1000","True"
"8b296f8a-58cc-44f9-9a49-b0933834f1ae","MANIFEST_BOUND","hmail-perf-pair-service-20260901","06EFCBA9520D478A6DAC7ABB7F09F3B63D015A0CD5ECA1EB4D0FD2CC8C38F9FD","net10","hmail_perf_pair_net10_20260831_head3","C:\hmail-perf-pair-service-20260901\net10\Data","393449EA88D8D3C63D044D759D715322FD07A6F365FB10F18C1F0F126C6B4675","100","15","one TCP client and one sequential IMAP session per sample","0","PASS","45FA907CE0D3797C1E13EBB2F03F076A25656CCE27E801C18F745ACD3944FBBD","5136EEC556F9790732AE759EF52F77FE6172329EA55787A80300C4A824107E46","1","339","True","False","2352.799",,"True","1000","True","True","1000","True"
"8b296f8a-58cc-44f9-9a49-b0933834f1ae","MANIFEST_BOUND","hmail-perf-pair-service-20260901","06EFCBA9520D478A6DAC7ABB7F09F3B63D015A0CD5ECA1EB4D0FD2CC8C38F9FD","net10","hmail_perf_pair_net10_20260831_head3","C:\hmail-perf-pair-service-20260901\net10\Data","393449EA88D8D3C63D044D759D715322FD07A6F365FB10F18C1F0F126C6B4675","100","15","one TCP client and one sequential IMAP session per sample","0","PASS","45FA907CE0D3797C1E13EBB2F03F076A25656CCE27E801C18F745ACD3944FBBD","5136EEC556F9790732AE759EF52F77FE6172329EA55787A80300C4A824107E46","1","340","True","False","2351.506",,"True","1000","True","True","1000","True"
"8b296f8a-58cc-44f9-9a49-b0933834f1ae","MANIFEST_BOUND","hmail-perf-pair-service-20260901","06EFCBA9520D478A6DAC7ABB7F09F3B63D015A0CD5ECA1EB4D0FD2CC8C38F9FD","net10","hmail_perf_pair_net10_20260831_head3","C:\hmail-perf-pair-service-20260901\net10\Data","393449EA88D8D3C63D044D759D715322FD07A6F365FB10F18C1F0F126C6B4675","100","15","one TCP client and one sequential IMAP session per sample","0","PASS","45FA907CE0D3797C1E13EBB2F03F076A25656CCE27E801C18F745ACD3944FBBD","5136EEC556F9790732AE759EF52F77FE6172329EA55787A80300C4A824107E46","1","341","True","False","2353.791",,"True","1000","True","True","1000","True"
"8b296f8a-58cc-44f9-9a49-b0933834f1ae","MANIFEST_BOUND","hmail-perf-pair-service-20260901","06EFCBA9520D478A6DAC7ABB7F09F3B63D015A0CD5ECA1EB4D0FD2CC8C38F9FD","net10","hmail_perf_pair_net10_20260831_head3","C:\hmail-perf-pair-service-20260901\net10\Data","393449EA88D8D3C63D044D759D715322FD07A6F365FB10F18C1F0F126C6B4675","100","15","one TCP client and one sequential IMAP session per sample","0","PASS","45FA907CE0D3797C1E13EBB2F03F076A25656CCE27E801C18F745ACD3944FBBD","5136EEC556F9790732AE759EF52F77FE6172329EA55787A80300C4A824107E46","1","342","True","False","2259.395",,"True","1000","True","True","1000","True"
"8b296f8a-58cc-44f9-9a49-b0933834f1ae","MANIFEST_BOUND","hmail-perf-pair-service-20260901","06EFCBA9520D478A6DAC7ABB7F09F3B63D015A0CD5ECA1EB4D0FD2CC8C38F9FD","net10","hmail_perf_pair_net10_20260831_head3","C:\hmail-perf-pair-service-20260901\net10\Data","393449EA88D8D3C63D044D759D715322FD07A6F365FB10F18C1F0F126C6B4675","100","15","one TCP client and one sequential IMAP session per sample","0","PASS","45FA907CE0D3797C1E13EBB2F03F076A25656CCE27E801C18F745ACD3944FBBD","5136EEC556F9790732AE759EF52F77FE6172329EA55787A80300C4A824107E46","1","343","True","False","2331.549",,"True","1000","True","True","1000","True"
"8b296f8a-58cc-44f9-9a49-b0933834f1ae","MANIFEST_BOUND","hmail-perf-pair-service-20260901","06EFCBA9520D478A6DAC7ABB7F09F3B63D015A0CD5ECA1EB4D0FD2CC8C38F9FD","net10","hmail_perf_pair_net10_20260831_head3","C:\hmail-perf-pair-service-20260901\net10\Data","393449EA88D8D3C63D044D759D715322FD07A6F365FB10F18C1F0F126C6B4675","100","15","one TCP client and one sequential IMAP session per sample","0","PASS","45FA907CE0D3797C1E13EBB2F03F076A25656CCE27E801C18F745ACD3944FBBD","5136EEC556F9790732AE759EF52F77FE6172329EA55787A80300C4A824107E46","1","344","True","False","2352.158",,"True","1000","True","True","1000","True"
"8b296f8a-58cc-44f9-9a49-b0933834f1ae","MANIFEST_BOUND","hmail-perf-pair-service-20260901","06EFCBA9520D478A6DAC7ABB7F09F3B63D015A0CD5ECA1EB4D0FD2CC8C38F9FD","net10","hmail_perf_pair_net10_20260831_head3","C:\hmail-perf-pair-service-20260901\net10\Data","393449EA88D8D3C63D044D759D715322FD07A6F365FB10F18C1F0F126C6B4675","100","15","one TCP client and one sequential IMAP session per sample","0","PASS","45FA907CE0D3797C1E13EBB2F03F076A25656CCE27E801C18F745ACD3944FBBD","5136EEC556F9790732AE759EF52F77FE6172329EA55787A80300C4A824107E46","1","345","True","False","2354.771",,"True","1000","True","True","1000","True"
"8b296f8a-58cc-44f9-9a49-b0933834f1ae","MANIFEST_BOUND","hmail-perf-pair-service-20260901","06EFCBA9520D478A6DAC7ABB7F09F3B63D015A0CD5ECA1EB4D0FD2CC8C38F9FD","net10","hmail_perf_pair_net10_20260831_head3","C:\hmail-perf-pair-service-20260901\net10\Data","393449EA88D8D3C63D044D759D715322FD07A6F365FB10F18C1F0F126C6B4675","100","15","one TCP client and one sequential IMAP session per sample","0","PASS","45FA907CE0D3797C1E13EBB2F03F076A25656CCE27E801C18F745ACD3944FBBD","5136EEC556F9790732AE759EF52F77FE6172329EA55787A80300C4A824107E46","1","346","True","False","2351.853",,"True","1000","True","True","1000","True"
"8b296f8a-58cc-44f9-9a49-b0933834f1ae","MANIFEST_BOUND","hmail-perf-pair-service-20260901","06EFCBA9520D478A6DAC7ABB7F09F3B63D015A0CD5ECA1EB4D0FD2CC8C38F9FD","net10","hmail_perf_pair_net10_20260831_head3","C:\hmail-perf-pair-service-20260901\net10\Data","393449EA88D8D3C63D044D759D715322FD07A6F365FB10F18C1F0F126C6B4675","100","15","one TCP client and one sequential IMAP session per sample","0","PASS","45FA907CE0D3797C1E13EBB2F03F076A25656CCE27E801C18F745ACD3944FBBD","5136EEC556F9790732AE759EF52F77FE6172329EA55787A80300C4A824107E46","1","347","True","False","2353.071",,"True","1000","True","True","1000","True"
"8b296f8a-58cc-44f9-9a49-b0933834f1ae","MANIFEST_BOUND","hmail-perf-pair-service-20260901","06EFCBA9520D478A6DAC7ABB7F09F3B63D015A0CD5ECA1EB4D0FD2CC8C38F9FD","net10","hmail_perf_pair_net10_20260831_head3","C:\hmail-perf-pair-service-20260901\net10\Data","393449EA88D8D3C63D044D759D715322FD07A6F365FB10F18C1F0F126C6B4675","100","15","one TCP client and one sequential IMAP session per sample","0","PASS","45FA907CE0D3797C1E13EBB2F03F076A25656CCE27E801C18F745ACD3944FBBD","5136EEC556F9790732AE759EF52F77FE6172329EA55787A80300C4A824107E46","1","348","True","False","2020.537",,"True","1000","True","True","1000","True"
"8b296f8a-58cc-44f9-9a49-b0933834f1ae","MANIFEST_BOUND","hmail-perf-pair-service-20260901","06EFCBA9520D478A6DAC7ABB7F09F3B63D015A0CD5ECA1EB4D0FD2CC8C38F9FD","net10","hmail_perf_pair_net10_20260831_head3","C:\hmail-perf-pair-service-20260901\net10\Data","393449EA88D8D3C63D044D759D715322FD07A6F365FB10F18C1F0F126C6B4675","100","15","one TCP client and one sequential IMAP session per sample","0","PASS","45FA907CE0D3797C1E13EBB2F03F076A25656CCE27E801C18F745ACD3944FBBD","5136EEC556F9790732AE759EF52F77FE6172329EA55787A80300C4A824107E46","1","349","True","False","1946.947",,"True","1000","True","True","1000","True"
"8b296f8a-58cc-44f9-9a49-b0933834f1ae","MANIFEST_BOUND","hmail-perf-pair-service-20260901","06EFCBA9520D478A6DAC7ABB7F09F3B63D015A0CD5ECA1EB4D0FD2CC8C38F9FD","net10","hmail_perf_pair_net10_20260831_head3","C:\hmail-perf-pair-service-20260901\net10\Data","393449EA88D8D3C63D044D759D715322FD07A6F365FB10F18C1F0F126C6B4675","100","15","one TCP client and one sequential IMAP session per sample","0","PASS","45FA907CE0D3797C1E13EBB2F03F076A25656CCE27E801C18F745ACD3944FBBD","5136EEC556F9790732AE759EF52F77FE6172329EA55787A80300C4A824107E46","1","350","True","False","2353.662",,"True","1000","True","True","1000","True"
"8b296f8a-58cc-44f9-9a49-b0933834f1ae","MANIFEST_BOUND","hmail-perf-pair-service-20260901","06EFCBA9520D478A6DAC7ABB7F09F3B63D015A0CD5ECA1EB4D0FD2CC8C38F9FD","net10","hmail_perf_pair_net10_20260831_head3","C:\hmail-perf-pair-service-20260901\net10\Data","393449EA88D8D3C63D044D759D715322FD07A6F365FB10F18C1F0F126C6B4675","100","15","one TCP client and one sequential IMAP session per sample","0","PASS","45FA907CE0D3797C1E13EBB2F03F076A25656CCE27E801C18F745ACD3944FBBD","5136EEC556F9790732AE759EF52F77FE6172329EA55787A80300C4A824107E46","1","351","True","False","1994.281",,"True","1000","True","True","1000","True"
"8b296f8a-58cc-44f9-9a49-b0933834f1ae","MANIFEST_BOUND","hmail-perf-pair-service-20260901","06EFCBA9520D478A6DAC7ABB7F09F3B63D015A0CD5ECA1EB4D0FD2CC8C38F9FD","net10","hmail_perf_pair_net10_20260831_head3","C:\hmail-perf-pair-service-20260901\net10\Data","393449EA88D8D3C63D044D759D715322FD07A6F365FB10F18C1F0F126C6B4675","100","15","one TCP client and one sequential IMAP session per sample","0","PASS","45FA907CE0D3797C1E13EBB2F03F076A25656CCE27E801C18F745ACD3944FBBD","5136EEC556F9790732AE759EF52F77FE6172329EA55787A80300C4A824107E46","1","352","True","False","2330.557",,"True","1000","True","True","1000","True"
"8b296f8a-58cc-44f9-9a49-b0933834f1ae","MANIFEST_BOUND","hmail-perf-pair-service-20260901","06EFCBA9520D478A6DAC7ABB7F09F3B63D015A0CD5ECA1EB4D0FD2CC8C38F9FD","net10","hmail_perf_pair_net10_20260831_head3","C:\hmail-perf-pair-service-20260901\net10\Data","393449EA88D8D3C63D044D759D715322FD07A6F365FB10F18C1F0F126C6B4675","100","15","one TCP client and one sequential IMAP session per sample","0","PASS","45FA907CE0D3797C1E13EBB2F03F076A25656CCE27E801C18F745ACD3944FBBD","5136EEC556F9790732AE759EF52F77FE6172329EA55787A80300C4A824107E46","1","353","True","False","2353.798",,"True","1000","True","True","1000","True"
"8b296f8a-58cc-44f9-9a49-b0933834f1ae","MANIFEST_BOUND","hmail-perf-pair-service-20260901","06EFCBA9520D478A6DAC7ABB7F09F3B63D015A0CD5ECA1EB4D0FD2CC8C38F9FD","net10","hmail_perf_pair_net10_20260831_head3","C:\hmail-perf-pair-service-20260901\net10\Data","393449EA88D8D3C63D044D759D715322FD07A6F365FB10F18C1F0F126C6B4675","100","15","one TCP client and one sequential IMAP session per sample","0","PASS","45FA907CE0D3797C1E13EBB2F03F076A25656CCE27E801C18F745ACD3944FBBD","5136EEC556F9790732AE759EF52F77FE6172329EA55787A80300C4A824107E46","1","354","True","False","2350.947",,"True","1000","True","True","1000","True"
"8b296f8a-58cc-44f9-9a49-b0933834f1ae","MANIFEST_BOUND","hmail-perf-pair-service-20260901","06EFCBA9520D478A6DAC7ABB7F09F3B63D015A0CD5ECA1EB4D0FD2CC8C38F9FD","net10","hmail_perf_pair_net10_20260831_head3","C:\hmail-perf-pair-service-20260901\net10\Data","393449EA88D8D3C63D044D759D715322FD07A6F365FB10F18C1F0F126C6B4675","100","15","one TCP client and one sequential IMAP session per sample","0","PASS","45FA907CE0D3797C1E13EBB2F03F076A25656CCE27E801C18F745ACD3944FBBD","5136EEC556F9790732AE759EF52F77FE6172329EA55787A80300C4A824107E46","1","355","True","False","2265.365",,"True","1000","True","True","1000","True"
"8b296f8a-58cc-44f9-9a49-b0933834f1ae","MANIFEST_BOUND","hmail-perf-pair-service-20260901","06EFCBA9520D478A6DAC7ABB7F09F3B63D015A0CD5ECA1EB4D0FD2CC8C38F9FD","net10","hmail_perf_pair_net10_20260831_head3","C:\hmail-perf-pair-service-20260901\net10\Data","393449EA88D8D3C63D044D759D715322FD07A6F365FB10F18C1F0F126C6B4675","100","15","one TCP client and one sequential IMAP session per sample","0","PASS","45FA907CE0D3797C1E13EBB2F03F076A25656CCE27E801C18F745ACD3944FBBD","5136EEC556F9790732AE759EF52F77FE6172329EA55787A80300C4A824107E46","1","356","True","False","2356.678",,"True","1000","True","True","1000","True"
"8b296f8a-58cc-44f9-9a49-b0933834f1ae","MANIFEST_BOUND","hmail-perf-pair-service-20260901","06EFCBA9520D478A6DAC7ABB7F09F3B63D015A0CD5ECA1EB4D0FD2CC8C38F9FD","net10","hmail_perf_pair_net10_20260831_head3","C:\hmail-perf-pair-service-20260901\net10\Data","393449EA88D8D3C63D044D759D715322FD07A6F365FB10F18C1F0F126C6B4675","100","15","one TCP client and one sequential IMAP session per sample","0","PASS","45FA907CE0D3797C1E13EBB2F03F076A25656CCE27E801C18F745ACD3944FBBD","5136EEC556F9790732AE759EF52F77FE6172329EA55787A80300C4A824107E46","1","357","True","False","2177.083",,"True","1000","True","True","1000","True"
"8b296f8a-58cc-44f9-9a49-b0933834f1ae","MANIFEST_BOUND","hmail-perf-pair-service-20260901","06EFCBA9520D478A6DAC7ABB7F09F3B63D015A0CD5ECA1EB4D0FD2CC8C38F9FD","net10","hmail_perf_pair_net10_20260831_head3","C:\hmail-perf-pair-service-20260901\net10\Data","393449EA88D8D3C63D044D759D715322FD07A6F365FB10F18C1F0F126C6B4675","100","15","one TCP client and one sequential IMAP session per sample","0","PASS","45FA907CE0D3797C1E13EBB2F03F076A25656CCE27E801C18F745ACD3944FBBD","5136EEC556F9790732AE759EF52F77FE6172329EA55787A80300C4A824107E46","1","358","True","False","2091.898",,"True","1000","True","True","1000","True"
"8b296f8a-58cc-44f9-9a49-b0933834f1ae","MANIFEST_BOUND","hmail-perf-pair-service-20260901","06EFCBA9520D478A6DAC7ABB7F09F3B63D015A0CD5ECA1EB4D0FD2CC8C38F9FD","net10","hmail_perf_pair_net10_20260831_head3","C:\hmail-perf-pair-service-20260901\net10\Data","393449EA88D8D3C63D044D759D715322FD07A6F365FB10F18C1F0F126C6B4675","100","15","one TCP client and one sequential IMAP session per sample","0","PASS","45FA907CE0D3797C1E13EBB2F03F076A25656CCE27E801C18F745ACD3944FBBD","5136EEC556F9790732AE759EF52F77FE6172329EA55787A80300C4A824107E46","1","359","True","False","2350.774",,"True","1000","True","True","1000","True"
"8b296f8a-58cc-44f9-9a49-b0933834f1ae","MANIFEST_BOUND","hmail-perf-pair-service-20260901","06EFCBA9520D478A6DAC7ABB7F09F3B63D015A0CD5ECA1EB4D0FD2CC8C38F9FD","net10","hmail_perf_pair_net10_20260831_head3","C:\hmail-perf-pair-service-20260901\net10\Data","393449EA88D8D3C63D044D759D715322FD07A6F365FB10F18C1F0F126C6B4675","100","15","one TCP client and one sequential IMAP session per sample","0","PASS","45FA907CE0D3797C1E13EBB2F03F076A25656CCE27E801C18F745ACD3944FBBD","5136EEC556F9790732AE759EF52F77FE6172329EA55787A80300C4A824107E46","1","360","True","False","2351.001",,"True","1000","True","True","1000","True"
"8b296f8a-58cc-44f9-9a49-b0933834f1ae","MANIFEST_BOUND","hmail-perf-pair-service-20260901","06EFCBA9520D478A6DAC7ABB7F09F3B63D015A0CD5ECA1EB4D0FD2CC8C38F9FD","net10","hmail_perf_pair_net10_20260831_head3","C:\hmail-perf-pair-service-20260901\net10\Data","393449EA88D8D3C63D044D759D715322FD07A6F365FB10F18C1F0F126C6B4675","100","15","one TCP client and one sequential IMAP session per sample","0","PASS","45FA907CE0D3797C1E13EBB2F03F076A25656CCE27E801C18F745ACD3944FBBD","5136EEC556F9790732AE759EF52F77FE6172329EA55787A80300C4A824107E46","1","361","True","False","2038.157",,"True","1000","True","True","1000","True"
"8b296f8a-58cc-44f9-9a49-b0933834f1ae","MANIFEST_BOUND","hmail-perf-pair-service-20260901","06EFCBA9520D478A6DAC7ABB7F09F3B63D015A0CD5ECA1EB4D0FD2CC8C38F9FD","net10","hmail_perf_pair_net10_20260831_head3","C:\hmail-perf-pair-service-20260901\net10\Data","393449EA88D8D3C63D044D759D715322FD07A6F365FB10F18C1F0F126C6B4675","100","15","one TCP client and one sequential IMAP session per sample","0","PASS","45FA907CE0D3797C1E13EBB2F03F076A25656CCE27E801C18F745ACD3944FBBD","5136EEC556F9790732AE759EF52F77FE6172329EA55787A80300C4A824107E46","1","362","True","False","2325.85",,"True","1000","True","True","1000","True"
"8b296f8a-58cc-44f9-9a49-b0933834f1ae","MANIFEST_BOUND","hmail-perf-pair-service-20260901","06EFCBA9520D478A6DAC7ABB7F09F3B63D015A0CD5ECA1EB4D0FD2CC8C38F9FD","net10","hmail_perf_pair_net10_20260831_head3","C:\hmail-perf-pair-service-20260901\net10\Data","393449EA88D8D3C63D044D759D715322FD07A6F365FB10F18C1F0F126C6B4675","100","15","one TCP client and one sequential IMAP session per sample","0","PASS","45FA907CE0D3797C1E13EBB2F03F076A25656CCE27E801C18F745ACD3944FBBD","5136EEC556F9790732AE759EF52F77FE6172329EA55787A80300C4A824107E46","1","363","True","False","1993.811",,"True","1000","True","True","1000","True"
"8b296f8a-58cc-44f9-9a49-b0933834f1ae","MANIFEST_BOUND","hmail-perf-pair-service-20260901","06EFCBA9520D478A6DAC7ABB7F09F3B63D015A0CD5ECA1EB4D0FD2CC8C38F9FD","net10","hmail_perf_pair_net10_20260831_head3","C:\hmail-perf-pair-service-20260901\net10\Data","393449EA88D8D3C63D044D759D715322FD07A6F365FB10F18C1F0F126C6B4675","100","15","one TCP client and one sequential IMAP session per sample","0","PASS","45FA907CE0D3797C1E13EBB2F03F076A25656CCE27E801C18F745ACD3944FBBD","5136EEC556F9790732AE759EF52F77FE6172329EA55787A80300C4A824107E46","1","364","True","False","2350.965",,"True","1000","True","True","1000","True"
"8b296f8a-58cc-44f9-9a49-b0933834f1ae","MANIFEST_BOUND","hmail-perf-pair-service-20260901","06EFCBA9520D478A6DAC7ABB7F09F3B63D015A0CD5ECA1EB4D0FD2CC8C38F9FD","net10","hmail_perf_pair_net10_20260831_head3","C:\hmail-perf-pair-service-20260901\net10\Data","393449EA88D8D3C63D044D759D715322FD07A6F365FB10F18C1F0F126C6B4675","100","15","one TCP client and one sequential IMAP session per sample","0","PASS","45FA907CE0D3797C1E13EBB2F03F076A25656CCE27E801C18F745ACD3944FBBD","5136EEC556F9790732AE759EF52F77FE6172329EA55787A80300C4A824107E46","1","365","True","False","2350.634",,"True","1000","True","True","1000","True"
"8b296f8a-58cc-44f9-9a49-b0933834f1ae","MANIFEST_BOUND","hmail-perf-pair-service-20260901","06EFCBA9520D478A6DAC7ABB7F09F3B63D015A0CD5ECA1EB4D0FD2CC8C38F9FD","net10","hmail_perf_pair_net10_20260831_head3","C:\hmail-perf-pair-service-20260901\net10\Data","393449EA88D8D3C63D044D759D715322FD07A6F365FB10F18C1F0F126C6B4675","100","15","one TCP client and one sequential IMAP session per sample","0","PASS","45FA907CE0D3797C1E13EBB2F03F076A25656CCE27E801C18F745ACD3944FBBD","5136EEC556F9790732AE759EF52F77FE6172329EA55787A80300C4A824107E46","1","366","True","False","2352.192",,"True","1000","True","True","1000","True"
"8b296f8a-58cc-44f9-9a49-b0933834f1ae","MANIFEST_BOUND","hmail-perf-pair-service-20260901","06EFCBA9520D478A6DAC7ABB7F09F3B63D015A0CD5ECA1EB4D0FD2CC8C38F9FD","net10","hmail_perf_pair_net10_20260831_head3","C:\hmail-perf-pair-service-20260901\net10\Data","393449EA88D8D3C63D044D759D715322FD07A6F365FB10F18C1F0F126C6B4675","100","15","one TCP client and one sequential IMAP session per sample","0","PASS","45FA907CE0D3797C1E13EBB2F03F076A25656CCE27E801C18F745ACD3944FBBD","5136EEC556F9790732AE759EF52F77FE6172329EA55787A80300C4A824107E46","1","367","True","False","2352.826",,"True","1000","True","True","1000","True"
"8b296f8a-58cc-44f9-9a49-b0933834f1ae","MANIFEST_BOUND","hmail-perf-pair-service-20260901","06EFCBA9520D478A6DAC7ABB7F09F3B63D015A0CD5ECA1EB4D0FD2CC8C38F9FD","net10","hmail_perf_pair_net10_20260831_head3","C:\hmail-perf-pair-service-20260901\net10\Data","393449EA88D8D3C63D044D759D715322FD07A6F365FB10F18C1F0F126C6B4675","100","15","one TCP client and one sequential IMAP session per sample","0","PASS","45FA907CE0D3797C1E13EBB2F03F076A25656CCE27E801C18F745ACD3944FBBD","5136EEC556F9790732AE759EF52F77FE6172329EA55787A80300C4A824107E46","1","368","True","False","2350.531",,"True","1000","True","True","1000","True"
"8b296f8a-58cc-44f9-9a49-b0933834f1ae","MANIFEST_BOUND","hmail-perf-pair-service-20260901","06EFCBA9520D478A6DAC7ABB7F09F3B63D015A0CD5ECA1EB4D0FD2CC8C38F9FD","net10","hmail_perf_pair_net10_20260831_head3","C:\hmail-perf-pair-service-20260901\net10\Data","393449EA88D8D3C63D044D759D715322FD07A6F365FB10F18C1F0F126C6B4675","100","15","one TCP client and one sequential IMAP session per sample","0","PASS","45FA907CE0D3797C1E13EBB2F03F076A25656CCE27E801C18F745ACD3944FBBD","5136EEC556F9790732AE759EF52F77FE6172329EA55787A80300C4A824107E46","1","369","True","False","2170.584",,"True","1000","True","True","1000","True"
"8b296f8a-58cc-44f9-9a49-b0933834f1ae","MANIFEST_BOUND","hmail-perf-pair-service-20260901","06EFCBA9520D478A6DAC7ABB7F09F3B63D015A0CD5ECA1EB4D0FD2CC8C38F9FD","net10","hmail_perf_pair_net10_20260831_head3","C:\hmail-perf-pair-service-20260901\net10\Data","393449EA88D8D3C63D044D759D715322FD07A6F365FB10F18C1F0F126C6B4675","100","15","one TCP client and one sequential IMAP session per sample","0","PASS","45FA907CE0D3797C1E13EBB2F03F076A25656CCE27E801C18F745ACD3944FBBD","5136EEC556F9790732AE759EF52F77FE6172329EA55787A80300C4A824107E46","1","370","True","False","2350.665",,"True","1000","True","True","1000","True"
"8b296f8a-58cc-44f9-9a49-b0933834f1ae","MANIFEST_BOUND","hmail-perf-pair-service-20260901","06EFCBA9520D478A6DAC7ABB7F09F3B63D015A0CD5ECA1EB4D0FD2CC8C38F9FD","net10","hmail_perf_pair_net10_20260831_head3","C:\hmail-perf-pair-service-20260901\net10\Data","393449EA88D8D3C63D044D759D715322FD07A6F365FB10F18C1F0F126C6B4675","100","15","one TCP client and one sequential IMAP session per sample","0","PASS","45FA907CE0D3797C1E13EBB2F03F076A25656CCE27E801C18F745ACD3944FBBD","5136EEC556F9790732AE759EF52F77FE6172329EA55787A80300C4A824107E46","1","371","True","False","2350.122",,"True","1000","True","True","1000","True"
"8b296f8a-58cc-44f9-9a49-b0933834f1ae","MANIFEST_BOUND","hmail-perf-pair-service-20260901","06EFCBA9520D478A6DAC7ABB7F09F3B63D015A0CD5ECA1EB4D0FD2CC8C38F9FD","net10","hmail_perf_pair_net10_20260831_head3","C:\hmail-perf-pair-service-20260901\net10\Data","393449EA88D8D3C63D044D759D715322FD07A6F365FB10F18C1F0F126C6B4675","100","15","one TCP client and one sequential IMAP session per sample","0","PASS","45FA907CE0D3797C1E13EBB2F03F076A25656CCE27E801C18F745ACD3944FBBD","5136EEC556F9790732AE759EF52F77FE6172329EA55787A80300C4A824107E46","1","372","True","False","2350.885",,"True","1000","True","True","1000","True"
"8b296f8a-58cc-44f9-9a49-b0933834f1ae","MANIFEST_BOUND","hmail-perf-pair-service-20260901","06EFCBA9520D478A6DAC7ABB7F09F3B63D015A0CD5ECA1EB4D0FD2CC8C38F9FD","net10","hmail_perf_pair_net10_20260831_head3","C:\hmail-perf-pair-service-20260901\net10\Data","393449EA88D8D3C63D044D759D715322FD07A6F365FB10F18C1F0F126C6B4675","100","15","one TCP client and one sequential IMAP session per sample","0","PASS","45FA907CE0D3797C1E13EBB2F03F076A25656CCE27E801C18F745ACD3944FBBD","5136EEC556F9790732AE759EF52F77FE6172329EA55787A80300C4A824107E46","1","373","True","False","2357.919",,"True","1000","True","True","1000","True"
"8b296f8a-58cc-44f9-9a49-b0933834f1ae","MANIFEST_BOUND","hmail-perf-pair-service-20260901","06EFCBA9520D478A6DAC7ABB7F09F3B63D015A0CD5ECA1EB4D0FD2CC8C38F9FD","net10","hmail_perf_pair_net10_20260831_head3","C:\hmail-perf-pair-service-20260901\net10\Data","393449EA88D8D3C63D044D759D715322FD07A6F365FB10F18C1F0F126C6B4675","100","15","one TCP client and one sequential IMAP session per sample","0","PASS","45FA907CE0D3797C1E13EBB2F03F076A25656CCE27E801C18F745ACD3944FBBD","5136EEC556F9790732AE759EF52F77FE6172329EA55787A80300C4A824107E46","1","374","True","False","2355.779",,"True","1000","True","True","1000","True"
"8b296f8a-58cc-44f9-9a49-b0933834f1ae","MANIFEST_BOUND","hmail-perf-pair-service-20260901","06EFCBA9520D478A6DAC7ABB7F09F3B63D015A0CD5ECA1EB4D0FD2CC8C38F9FD","net10","hmail_perf_pair_net10_20260831_head3","C:\hmail-perf-pair-service-20260901\net10\Data","393449EA88D8D3C63D044D759D715322FD07A6F365FB10F18C1F0F126C6B4675","100","15","one TCP client and one sequential IMAP session per sample","0","PASS","45FA907CE0D3797C1E13EBB2F03F076A25656CCE27E801C18F745ACD3944FBBD","5136EEC556F9790732AE759EF52F77FE6172329EA55787A80300C4A824107E46","1","375","True","False","2350.35",,"True","1000","True","True","1000","True"
"8b296f8a-58cc-44f9-9a49-b0933834f1ae","MANIFEST_BOUND","hmail-perf-pair-service-20260901","06EFCBA9520D478A6DAC7ABB7F09F3B63D015A0CD5ECA1EB4D0FD2CC8C38F9FD","net10","hmail_perf_pair_net10_20260831_head3","C:\hmail-perf-pair-service-20260901\net10\Data","393449EA88D8D3C63D044D759D715322FD07A6F365FB10F18C1F0F126C6B4675","100","15","one TCP client and one sequential IMAP session per sample","0","PASS","45FA907CE0D3797C1E13EBB2F03F076A25656CCE27E801C18F745ACD3944FBBD","5136EEC556F9790732AE759EF52F77FE6172329EA55787A80300C4A824107E46","1","376","True","False","2351.803",,"True","1000","True","True","1000","True"
"8b296f8a-58cc-44f9-9a49-b0933834f1ae","MANIFEST_BOUND","hmail-perf-pair-service-20260901","06EFCBA9520D478A6DAC7ABB7F09F3B63D015A0CD5ECA1EB4D0FD2CC8C38F9FD","net10","hmail_perf_pair_net10_20260831_head3","C:\hmail-perf-pair-service-20260901\net10\Data","393449EA88D8D3C63D044D759D715322FD07A6F365FB10F18C1F0F126C6B4675","100","15","one TCP client and one sequential IMAP session per sample","0","PASS","45FA907CE0D3797C1E13EBB2F03F076A25656CCE27E801C18F745ACD3944FBBD","5136EEC556F9790732AE759EF52F77FE6172329EA55787A80300C4A824107E46","1","377","True","False","1966.088",,"True","1000","True","True","1000","True"
"8b296f8a-58cc-44f9-9a49-b0933834f1ae","MANIFEST_BOUND","hmail-perf-pair-service-20260901","06EFCBA9520D478A6DAC7ABB7F09F3B63D015A0CD5ECA1EB4D0FD2CC8C38F9FD","net10","hmail_perf_pair_net10_20260831_head3","C:\hmail-perf-pair-service-20260901\net10\Data","393449EA88D8D3C63D044D759D715322FD07A6F365FB10F18C1F0F126C6B4675","100","15","one TCP client and one sequential IMAP session per sample","0","PASS","45FA907CE0D3797C1E13EBB2F03F076A25656CCE27E801C18F745ACD3944FBBD","5136EEC556F9790732AE759EF52F77FE6172329EA55787A80300C4A824107E46","1","378","True","False","2352.766",,"True","1000","True","True","1000","True"
"8b296f8a-58cc-44f9-9a49-b0933834f1ae","MANIFEST_BOUND","hmail-perf-pair-service-20260901","06EFCBA9520D478A6DAC7ABB7F09F3B63D015A0CD5ECA1EB4D0FD2CC8C38F9FD","net10","hmail_perf_pair_net10_20260831_head3","C:\hmail-perf-pair-service-20260901\net10\Data","393449EA88D8D3C63D044D759D715322FD07A6F365FB10F18C1F0F126C6B4675","100","15","one TCP client and one sequential IMAP session per sample","0","PASS","45FA907CE0D3797C1E13EBB2F03F076A25656CCE27E801C18F745ACD3944FBBD","5136EEC556F9790732AE759EF52F77FE6172329EA55787A80300C4A824107E46","1","379","True","False","2350.411",,"True","1000","True","True","1000","True"
"8b296f8a-58cc-44f9-9a49-b0933834f1ae","MANIFEST_BOUND","hmail-perf-pair-service-20260901","06EFCBA9520D478A6DAC7ABB7F09F3B63D015A0CD5ECA1EB4D0FD2CC8C38F9FD","net10","hmail_perf_pair_net10_20260831_head3","C:\hmail-perf-pair-service-20260901\net10\Data","393449EA88D8D3C63D044D759D715322FD07A6F365FB10F18C1F0F126C6B4675","100","15","one TCP client and one sequential IMAP session per sample","0","PASS","45FA907CE0D3797C1E13EBB2F03F076A25656CCE27E801C18F745ACD3944FBBD","5136EEC556F9790732AE759EF52F77FE6172329EA55787A80300C4A824107E46","1","380","True","False","2351.547",,"True","1000","True","True","1000","True"
"8b296f8a-58cc-44f9-9a49-b0933834f1ae","MANIFEST_BOUND","hmail-perf-pair-service-20260901","06EFCBA9520D478A6DAC7ABB7F09F3B63D015A0CD5ECA1EB4D0FD2CC8C38F9FD","net10","hmail_perf_pair_net10_20260831_head3","C:\hmail-perf-pair-service-20260901\net10\Data","393449EA88D8D3C63D044D759D715322FD07A6F365FB10F18C1F0F126C6B4675","100","15","one TCP client and one sequential IMAP session per sample","0","PASS","45FA907CE0D3797C1E13EBB2F03F076A25656CCE27E801C18F745ACD3944FBBD","5136EEC556F9790732AE759EF52F77FE6172329EA55787A80300C4A824107E46","1","381","True","False","2290.606",,"True","1000","True","True","1000","True"
"8b296f8a-58cc-44f9-9a49-b0933834f1ae","MANIFEST_BOUND","hmail-perf-pair-service-20260901","06EFCBA9520D478A6DAC7ABB7F09F3B63D015A0CD5ECA1EB4D0FD2CC8C38F9FD","net10","hmail_perf_pair_net10_20260831_head3","C:\hmail-perf-pair-service-20260901\net10\Data","393449EA88D8D3C63D044D759D715322FD07A6F365FB10F18C1F0F126C6B4675","100","15","one TCP client and one sequential IMAP session per sample","0","PASS","45FA907CE0D3797C1E13EBB2F03F076A25656CCE27E801C18F745ACD3944FBBD","5136EEC556F9790732AE759EF52F77FE6172329EA55787A80300C4A824107E46","1","382","True","False","2296.02",,"True","1000","True","True","1000","True"
"8b296f8a-58cc-44f9-9a49-b0933834f1ae","MANIFEST_BOUND","hmail-perf-pair-service-20260901","06EFCBA9520D478A6DAC7ABB7F09F3B63D015A0CD5ECA1EB4D0FD2CC8C38F9FD","net10","hmail_perf_pair_net10_20260831_head3","C:\hmail-perf-pair-service-20260901\net10\Data","393449EA88D8D3C63D044D759D715322FD07A6F365FB10F18C1F0F126C6B4675","100","15","one TCP client and one sequential IMAP session per sample","0","PASS","45FA907CE0D3797C1E13EBB2F03F076A25656CCE27E801C18F745ACD3944FBBD","5136EEC556F9790732AE759EF52F77FE6172329EA55787A80300C4A824107E46","1","383","True","False","2295.668",,"True","1000","True","True","1000","True"
"8b296f8a-58cc-44f9-9a49-b0933834f1ae","MANIFEST_BOUND","hmail-perf-pair-service-20260901","06EFCBA9520D478A6DAC7ABB7F09F3B63D015A0CD5ECA1EB4D0FD2CC8C38F9FD","net10","hmail_perf_pair_net10_20260831_head3","C:\hmail-perf-pair-service-20260901\net10\Data","393449EA88D8D3C63D044D759D715322FD07A6F365FB10F18C1F0F126C6B4675","100","15","one TCP client and one sequential IMAP session per sample","0","PASS","45FA907CE0D3797C1E13EBB2F03F076A25656CCE27E801C18F745ACD3944FBBD","5136EEC556F9790732AE759EF52F77FE6172329EA55787A80300C4A824107E46","1","384","True","False","1942.25",,"True","1000","True","True","1000","True"
"8b296f8a-58cc-44f9-9a49-b0933834f1ae","MANIFEST_BOUND","hmail-perf-pair-service-20260901","06EFCBA9520D478A6DAC7ABB7F09F3B63D015A0CD5ECA1EB4D0FD2CC8C38F9FD","net10","hmail_perf_pair_net10_20260831_head3","C:\hmail-perf-pair-service-20260901\net10\Data","393449EA88D8D3C63D044D759D715322FD07A6F365FB10F18C1F0F126C6B4675","100","15","one TCP client and one sequential IMAP session per sample","0","PASS","45FA907CE0D3797C1E13EBB2F03F076A25656CCE27E801C18F745ACD3944FBBD","5136EEC556F9790732AE759EF52F77FE6172329EA55787A80300C4A824107E46","1","385","True","False","2350.278",,"True","1000","True","True","1000","True"
"8b296f8a-58cc-44f9-9a49-b0933834f1ae","MANIFEST_BOUND","hmail-perf-pair-service-20260901","06EFCBA9520D478A6DAC7ABB7F09F3B63D015A0CD5ECA1EB4D0FD2CC8C38F9FD","net10","hmail_perf_pair_net10_20260831_head3","C:\hmail-perf-pair-service-20260901\net10\Data","393449EA88D8D3C63D044D759D715322FD07A6F365FB10F18C1F0F126C6B4675","100","15","one TCP client and one sequential IMAP session per sample","0","PASS","45FA907CE0D3797C1E13EBB2F03F076A25656CCE27E801C18F745ACD3944FBBD","5136EEC556F9790732AE759EF52F77FE6172329EA55787A80300C4A824107E46","1","386","True","False","2273.286",,"True","1000","True","True","1000","True"
"8b296f8a-58cc-44f9-9a49-b0933834f1ae","MANIFEST_BOUND","hmail-perf-pair-service-20260901","06EFCBA9520D478A6DAC7ABB7F09F3B63D015A0CD5ECA1EB4D0FD2CC8C38F9FD","net10","hmail_perf_pair_net10_20260831_head3","C:\hmail-perf-pair-service-20260901\net10\Data","393449EA88D8D3C63D044D759D715322FD07A6F365FB10F18C1F0F126C6B4675","100","15","one TCP client and one sequential IMAP session per sample","0","PASS","45FA907CE0D3797C1E13EBB2F03F076A25656CCE27E801C18F745ACD3944FBBD","5136EEC556F9790732AE759EF52F77FE6172329EA55787A80300C4A824107E46","1","387","True","False","1977.467",,"True","1000","True","True","1000","True"
"8b296f8a-58cc-44f9-9a49-b0933834f1ae","MANIFEST_BOUND","hmail-perf-pair-service-20260901","06EFCBA9520D478A6DAC7ABB7F09F3B63D015A0CD5ECA1EB4D0FD2CC8C38F9FD","net10","hmail_perf_pair_net10_20260831_head3","C:\hmail-perf-pair-service-20260901\net10\Data","393449EA88D8D3C63D044D759D715322FD07A6F365FB10F18C1F0F126C6B4675","100","15","one TCP client and one sequential IMAP session per sample","0","PASS","45FA907CE0D3797C1E13EBB2F03F076A25656CCE27E801C18F745ACD3944FBBD","5136EEC556F9790732AE759EF52F77FE6172329EA55787A80300C4A824107E46","1","388","True","False","2300.071",,"True","1000","True","True","1000","True"
"8b296f8a-58cc-44f9-9a49-b0933834f1ae","MANIFEST_BOUND","hmail-perf-pair-service-20260901","06EFCBA9520D478A6DAC7ABB7F09F3B63D015A0CD5ECA1EB4D0FD2CC8C38F9FD","net10","hmail_perf_pair_net10_20260831_head3","C:\hmail-perf-pair-service-20260901\net10\Data","393449EA88D8D3C63D044D759D715322FD07A6F365FB10F18C1F0F126C6B4675","100","15","one TCP client and one sequential IMAP session per sample","0","PASS","45FA907CE0D3797C1E13EBB2F03F076A25656CCE27E801C18F745ACD3944FBBD","5136EEC556F9790732AE759EF52F77FE6172329EA55787A80300C4A824107E46","1","389","True","False","2350.107",,"True","1000","True","True","1000","True"
"8b296f8a-58cc-44f9-9a49-b0933834f1ae","MANIFEST_BOUND","hmail-perf-pair-service-20260901","06EFCBA9520D478A6DAC7ABB7F09F3B63D015A0CD5ECA1EB4D0FD2CC8C38F9FD","net10","hmail_perf_pair_net10_20260831_head3","C:\hmail-perf-pair-service-20260901\net10\Data","393449EA88D8D3C63D044D759D715322FD07A6F365FB10F18C1F0F126C6B4675","100","15","one TCP client and one sequential IMAP session per sample","0","PASS","45FA907CE0D3797C1E13EBB2F03F076A25656CCE27E801C18F745ACD3944FBBD","5136EEC556F9790732AE759EF52F77FE6172329EA55787A80300C4A824107E46","1","390","True","False","2384.25",,"True","1000","True","True","1000","True"
"8b296f8a-58cc-44f9-9a49-b0933834f1ae","MANIFEST_BOUND","hmail-perf-pair-service-20260901","06EFCBA9520D478A6DAC7ABB7F09F3B63D015A0CD5ECA1EB4D0FD2CC8C38F9FD","net10","hmail_perf_pair_net10_20260831_head3","C:\hmail-perf-pair-service-20260901\net10\Data","393449EA88D8D3C63D044D759D715322FD07A6F365FB10F18C1F0F126C6B4675","100","15","one TCP client and one sequential IMAP session per sample","0","PASS","45FA907CE0D3797C1E13EBB2F03F076A25656CCE27E801C18F745ACD3944FBBD","5136EEC556F9790732AE759EF52F77FE6172329EA55787A80300C4A824107E46","1","391","True","False","2289.905",,"True","1000","True","True","1000","True"
"8b296f8a-58cc-44f9-9a49-b0933834f1ae","MANIFEST_BOUND","hmail-perf-pair-service-20260901","06EFCBA9520D478A6DAC7ABB7F09F3B63D015A0CD5ECA1EB4D0FD2CC8C38F9FD","net10","hmail_perf_pair_net10_20260831_head3","C:\hmail-perf-pair-service-20260901\net10\Data","393449EA88D8D3C63D044D759D715322FD07A6F365FB10F18C1F0F126C6B4675","100","15","one TCP client and one sequential IMAP session per sample","0","PASS","45FA907CE0D3797C1E13EBB2F03F076A25656CCE27E801C18F745ACD3944FBBD","5136EEC556F9790732AE759EF52F77FE6172329EA55787A80300C4A824107E46","1","392","True","False","2350.664",,"True","1000","True","True","1000","True"
"8b296f8a-58cc-44f9-9a49-b0933834f1ae","MANIFEST_BOUND","hmail-perf-pair-service-20260901","06EFCBA9520D478A6DAC7ABB7F09F3B63D015A0CD5ECA1EB4D0FD2CC8C38F9FD","net10","hmail_perf_pair_net10_20260831_head3","C:\hmail-perf-pair-service-20260901\net10\Data","393449EA88D8D3C63D044D759D715322FD07A6F365FB10F18C1F0F126C6B4675","100","15","one TCP client and one sequential IMAP session per sample","0","PASS","45FA907CE0D3797C1E13EBB2F03F076A25656CCE27E801C18F745ACD3944FBBD","5136EEC556F9790732AE759EF52F77FE6172329EA55787A80300C4A824107E46","1","393","True","False","2355.66",,"True","1000","True","True","1000","True"
"8b296f8a-58cc-44f9-9a49-b0933834f1ae","MANIFEST_BOUND","hmail-perf-pair-service-20260901","06EFCBA9520D478A6DAC7ABB7F09F3B63D015A0CD5ECA1EB4D0FD2CC8C38F9FD","net10","hmail_perf_pair_net10_20260831_head3","C:\hmail-perf-pair-service-20260901\net10\Data","393449EA88D8D3C63D044D759D715322FD07A6F365FB10F18C1F0F126C6B4675","100","15","one TCP client and one sequential IMAP session per sample","0","PASS","45FA907CE0D3797C1E13EBB2F03F076A25656CCE27E801C18F745ACD3944FBBD","5136EEC556F9790732AE759EF52F77FE6172329EA55787A80300C4A824107E46","1","394","True","False","1973.651",,"True","1000","True","True","1000","True"
"8b296f8a-58cc-44f9-9a49-b0933834f1ae","MANIFEST_BOUND","hmail-perf-pair-service-20260901","06EFCBA9520D478A6DAC7ABB7F09F3B63D015A0CD5ECA1EB4D0FD2CC8C38F9FD","net10","hmail_perf_pair_net10_20260831_head3","C:\hmail-perf-pair-service-20260901\net10\Data","393449EA88D8D3C63D044D759D715322FD07A6F365FB10F18C1F0F126C6B4675","100","15","one TCP client and one sequential IMAP session per sample","0","PASS","45FA907CE0D3797C1E13EBB2F03F076A25656CCE27E801C18F745ACD3944FBBD","5136EEC556F9790732AE759EF52F77FE6172329EA55787A80300C4A824107E46","1","395","True","False","2354.105",,"True","1000","True","True","1000","True"
"8b296f8a-58cc-44f9-9a49-b0933834f1ae","MANIFEST_BOUND","hmail-perf-pair-service-20260901","06EFCBA9520D478A6DAC7ABB7F09F3B63D015A0CD5ECA1EB4D0FD2CC8C38F9FD","net10","hmail_perf_pair_net10_20260831_head3","C:\hmail-perf-pair-service-20260901\net10\Data","393449EA88D8D3C63D044D759D715322FD07A6F365FB10F18C1F0F126C6B4675","100","15","one TCP client and one sequential IMAP session per sample","0","PASS","45FA907CE0D3797C1E13EBB2F03F076A25656CCE27E801C18F745ACD3944FBBD","5136EEC556F9790732AE759EF52F77FE6172329EA55787A80300C4A824107E46","1","396","True","False","2129.429",,"True","1000","True","True","1000","True"
"8b296f8a-58cc-44f9-9a49-b0933834f1ae","MANIFEST_BOUND","hmail-perf-pair-service-20260901","06EFCBA9520D478A6DAC7ABB7F09F3B63D015A0CD5ECA1EB4D0FD2CC8C38F9FD","net10","hmail_perf_pair_net10_20260831_head3","C:\hmail-perf-pair-service-20260901\net10\Data","393449EA88D8D3C63D044D759D715322FD07A6F365FB10F18C1F0F126C6B4675","100","15","one TCP client and one sequential IMAP session per sample","0","PASS","45FA907CE0D3797C1E13EBB2F03F076A25656CCE27E801C18F745ACD3944FBBD","5136EEC556F9790732AE759EF52F77FE6172329EA55787A80300C4A824107E46","1","397","True","False","1973.205",,"True","1000","True","True","1000","True"
"8b296f8a-58cc-44f9-9a49-b0933834f1ae","MANIFEST_BOUND","hmail-perf-pair-service-20260901","06EFCBA9520D478A6DAC7ABB7F09F3B63D015A0CD5ECA1EB4D0FD2CC8C38F9FD","net10","hmail_perf_pair_net10_20260831_head3","C:\hmail-perf-pair-service-20260901\net10\Data","393449EA88D8D3C63D044D759D715322FD07A6F365FB10F18C1F0F126C6B4675","100","15","one TCP client and one sequential IMAP session per sample","0","PASS","45FA907CE0D3797C1E13EBB2F03F076A25656CCE27E801C18F745ACD3944FBBD","5136EEC556F9790732AE759EF52F77FE6172329EA55787A80300C4A824107E46","1","398","True","False","2351.682",,"True","1000","True","True","1000","True"
"8b296f8a-58cc-44f9-9a49-b0933834f1ae","MANIFEST_BOUND","hmail-perf-pair-service-20260901","06EFCBA9520D478A6DAC7ABB7F09F3B63D015A0CD5ECA1EB4D0FD2CC8C38F9FD","net10","hmail_perf_pair_net10_20260831_head3","C:\hmail-perf-pair-service-20260901\net10\Data","393449EA88D8D3C63D044D759D715322FD07A6F365FB10F18C1F0F126C6B4675","100","15","one TCP client and one sequential IMAP session per sample","0","PASS","45FA907CE0D3797C1E13EBB2F03F076A25656CCE27E801C18F745ACD3944FBBD","5136EEC556F9790732AE759EF52F77FE6172329EA55787A80300C4A824107E46","1","399","True","False","2316.136",,"True","1000","True","True","1000","True"
"8b296f8a-58cc-44f9-9a49-b0933834f1ae","MANIFEST_BOUND","hmail-perf-pair-service-20260901","06EFCBA9520D478A6DAC7ABB7F09F3B63D015A0CD5ECA1EB4D0FD2CC8C38F9FD","net10","hmail_perf_pair_net10_20260831_head3","C:\hmail-perf-pair-service-20260901\net10\Data","393449EA88D8D3C63D044D759D715322FD07A6F365FB10F18C1F0F126C6B4675","100","15","one TCP client and one sequential IMAP session per sample","0","PASS","45FA907CE0D3797C1E13EBB2F03F076A25656CCE27E801C18F745ACD3944FBBD","5136EEC556F9790732AE759EF52F77FE6172329EA55787A80300C4A824107E46","1","400","True","False","2275.891",,"True","1000","True","True","1000","True"
"8b296f8a-58cc-44f9-9a49-b0933834f1ae","MANIFEST_BOUND","hmail-perf-pair-service-20260901","06EFCBA9520D478A6DAC7ABB7F09F3B63D015A0CD5ECA1EB4D0FD2CC8C38F9FD","net10","hmail_perf_pair_net10_20260831_head3","C:\hmail-perf-pair-service-20260901\net10\Data","393449EA88D8D3C63D044D759D715322FD07A6F365FB10F18C1F0F126C6B4675","100","15","one TCP client and one sequential IMAP session per sample","0","PASS","45FA907CE0D3797C1E13EBB2F03F076A25656CCE27E801C18F745ACD3944FBBD","5136EEC556F9790732AE759EF52F77FE6172329EA55787A80300C4A824107E46","1","401","True","False","2131.485",,"True","1000","True","True","1000","True"
"8b296f8a-58cc-44f9-9a49-b0933834f1ae","MANIFEST_BOUND","hmail-perf-pair-service-20260901","06EFCBA9520D478A6DAC7ABB7F09F3B63D015A0CD5ECA1EB4D0FD2CC8C38F9FD","net10","hmail_perf_pair_net10_20260831_head3","C:\hmail-perf-pair-service-20260901\net10\Data","393449EA88D8D3C63D044D759D715322FD07A6F365FB10F18C1F0F126C6B4675","100","15","one TCP client and one sequential IMAP session per sample","0","PASS","45FA907CE0D3797C1E13EBB2F03F076A25656CCE27E801C18F745ACD3944FBBD","5136EEC556F9790732AE759EF52F77FE6172329EA55787A80300C4A824107E46","1","402","True","False","2352.515",,"True","1000","True","True","1000","True"
"8b296f8a-58cc-44f9-9a49-b0933834f1ae","MANIFEST_BOUND","hmail-perf-pair-service-20260901","06EFCBA9520D478A6DAC7ABB7F09F3B63D015A0CD5ECA1EB4D0FD2CC8C38F9FD","net10","hmail_perf_pair_net10_20260831_head3","C:\hmail-perf-pair-service-20260901\net10\Data","393449EA88D8D3C63D044D759D715322FD07A6F365FB10F18C1F0F126C6B4675","100","15","one TCP client and one sequential IMAP session per sample","0","PASS","45FA907CE0D3797C1E13EBB2F03F076A25656CCE27E801C18F745ACD3944FBBD","5136EEC556F9790732AE759EF52F77FE6172329EA55787A80300C4A824107E46","1","403","True","False","2365.035",,"True","1000","True","True","1000","True"
"8b296f8a-58cc-44f9-9a49-b0933834f1ae","MANIFEST_BOUND","hmail-perf-pair-service-20260901","06EFCBA9520D478A6DAC7ABB7F09F3B63D015A0CD5ECA1EB4D0FD2CC8C38F9FD","net10","hmail_perf_pair_net10_20260831_head3","C:\hmail-perf-pair-service-20260901\net10\Data","393449EA88D8D3C63D044D759D715322FD07A6F365FB10F18C1F0F126C6B4675","100","15","one TCP client and one sequential IMAP session per sample","0","PASS","45FA907CE0D3797C1E13EBB2F03F076A25656CCE27E801C18F745ACD3944FBBD","5136EEC556F9790732AE759EF52F77FE6172329EA55787A80300C4A824107E46","1","404","True","False","2303.374",,"True","1000","True","True","1000","True"
"8b296f8a-58cc-44f9-9a49-b0933834f1ae","MANIFEST_BOUND","hmail-perf-pair-service-20260901","06EFCBA9520D478A6DAC7ABB7F09F3B63D015A0CD5ECA1EB4D0FD2CC8C38F9FD","net10","hmail_perf_pair_net10_20260831_head3","C:\hmail-perf-pair-service-20260901\net10\Data","393449EA88D8D3C63D044D759D715322FD07A6F365FB10F18C1F0F126C6B4675","100","15","one TCP client and one sequential IMAP session per sample","0","PASS","45FA907CE0D3797C1E13EBB2F03F076A25656CCE27E801C18F745ACD3944FBBD","5136EEC556F9790732AE759EF52F77FE6172329EA55787A80300C4A824107E46","1","405","True","False","2350.714",,"True","1000","True","True","1000","True"
"8b296f8a-58cc-44f9-9a49-b0933834f1ae","MANIFEST_BOUND","hmail-perf-pair-service-20260901","06EFCBA9520D478A6DAC7ABB7F09F3B63D015A0CD5ECA1EB4D0FD2CC8C38F9FD","net10","hmail_perf_pair_net10_20260831_head3","C:\hmail-perf-pair-service-20260901\net10\Data","393449EA88D8D3C63D044D759D715322FD07A6F365FB10F18C1F0F126C6B4675","100","15","one TCP client and one sequential IMAP session per sample","0","PASS","45FA907CE0D3797C1E13EBB2F03F076A25656CCE27E801C18F745ACD3944FBBD","5136EEC556F9790732AE759EF52F77FE6172329EA55787A80300C4A824107E46","1","406","True","False","2363.522",,"True","1000","True","True","1000","True"
"8b296f8a-58cc-44f9-9a49-b0933834f1ae","MANIFEST_BOUND","hmail-perf-pair-service-20260901","06EFCBA9520D478A6DAC7ABB7F09F3B63D015A0CD5ECA1EB4D0FD2CC8C38F9FD","net10","hmail_perf_pair_net10_20260831_head3","C:\hmail-perf-pair-service-20260901\net10\Data","393449EA88D8D3C63D044D759D715322FD07A6F365FB10F18C1F0F126C6B4675","100","15","one TCP client and one sequential IMAP session per sample","0","PASS","45FA907CE0D3797C1E13EBB2F03F076A25656CCE27E801C18F745ACD3944FBBD","5136EEC556F9790732AE759EF52F77FE6172329EA55787A80300C4A824107E46","1","407","True","False","1975.625",,"True","1000","True","True","1000","True"
"8b296f8a-58cc-44f9-9a49-b0933834f1ae","MANIFEST_BOUND","hmail-perf-pair-service-20260901","06EFCBA9520D478A6DAC7ABB7F09F3B63D015A0CD5ECA1EB4D0FD2CC8C38F9FD","net10","hmail_perf_pair_net10_20260831_head3","C:\hmail-perf-pair-service-20260901\net10\Data","393449EA88D8D3C63D044D759D715322FD07A6F365FB10F18C1F0F126C6B4675","100","15","one TCP client and one sequential IMAP session per sample","0","PASS","45FA907CE0D3797C1E13EBB2F03F076A25656CCE27E801C18F745ACD3944FBBD","5136EEC556F9790732AE759EF52F77FE6172329EA55787A80300C4A824107E46","1","408","True","False","2350.699",,"True","1000","True","True","1000","True"
"8b296f8a-58cc-44f9-9a49-b0933834f1ae","MANIFEST_BOUND","hmail-perf-pair-service-20260901","06EFCBA9520D478A6DAC7ABB7F09F3B63D015A0CD5ECA1EB4D0FD2CC8C38F9FD","net10","hmail_perf_pair_net10_20260831_head3","C:\hmail-perf-pair-service-20260901\net10\Data","393449EA88D8D3C63D044D759D715322FD07A6F365FB10F18C1F0F126C6B4675","100","15","one TCP client and one sequential IMAP session per sample","0","PASS","45FA907CE0D3797C1E13EBB2F03F076A25656CCE27E801C18F745ACD3944FBBD","5136EEC556F9790732AE759EF52F77FE6172329EA55787A80300C4A824107E46","1","409","True","False","2355.689",,"True","1000","True","True","1000","True"
"8b296f8a-58cc-44f9-9a49-b0933834f1ae","MANIFEST_BOUND","hmail-perf-pair-service-20260901","06EFCBA9520D478A6DAC7ABB7F09F3B63D015A0CD5ECA1EB4D0FD2CC8C38F9FD","net10","hmail_perf_pair_net10_20260831_head3","C:\hmail-perf-pair-service-20260901\net10\Data","393449EA88D8D3C63D044D759D715322FD07A6F365FB10F18C1F0F126C6B4675","100","15","one TCP client and one sequential IMAP session per sample","0","PASS","45FA907CE0D3797C1E13EBB2F03F076A25656CCE27E801C18F745ACD3944FBBD","5136EEC556F9790732AE759EF52F77FE6172329EA55787A80300C4A824107E46","1","410","True","False","2351.083",,"True","1000","True","True","1000","True"
"8b296f8a-58cc-44f9-9a49-b0933834f1ae","MANIFEST_BOUND","hmail-perf-pair-service-20260901","06EFCBA9520D478A6DAC7ABB7F09F3B63D015A0CD5ECA1EB4D0FD2CC8C38F9FD","net10","hmail_perf_pair_net10_20260831_head3","C:\hmail-perf-pair-service-20260901\net10\Data","393449EA88D8D3C63D044D759D715322FD07A6F365FB10F18C1F0F126C6B4675","100","15","one TCP client and one sequential IMAP session per sample","0","PASS","45FA907CE0D3797C1E13EBB2F03F076A25656CCE27E801C18F745ACD3944FBBD","5136EEC556F9790732AE759EF52F77FE6172329EA55787A80300C4A824107E46","1","411","True","False","2323.395",,"True","1000","True","True","1000","True"
"8b296f8a-58cc-44f9-9a49-b0933834f1ae","MANIFEST_BOUND","hmail-perf-pair-service-20260901","06EFCBA9520D478A6DAC7ABB7F09F3B63D015A0CD5ECA1EB4D0FD2CC8C38F9FD","net10","hmail_perf_pair_net10_20260831_head3","C:\hmail-perf-pair-service-20260901\net10\Data","393449EA88D8D3C63D044D759D715322FD07A6F365FB10F18C1F0F126C6B4675","100","15","one TCP client and one sequential IMAP session per sample","0","PASS","45FA907CE0D3797C1E13EBB2F03F076A25656CCE27E801C18F745ACD3944FBBD","5136EEC556F9790732AE759EF52F77FE6172329EA55787A80300C4A824107E46","1","412","True","False","2256.507",,"True","1000","True","True","1000","True"
"8b296f8a-58cc-44f9-9a49-b0933834f1ae","MANIFEST_BOUND","hmail-perf-pair-service-20260901","06EFCBA9520D478A6DAC7ABB7F09F3B63D015A0CD5ECA1EB4D0FD2CC8C38F9FD","net10","hmail_perf_pair_net10_20260831_head3","C:\hmail-perf-pair-service-20260901\net10\Data","393449EA88D8D3C63D044D759D715322FD07A6F365FB10F18C1F0F126C6B4675","100","15","one TCP client and one sequential IMAP session per sample","0","PASS","45FA907CE0D3797C1E13EBB2F03F076A25656CCE27E801C18F745ACD3944FBBD","5136EEC556F9790732AE759EF52F77FE6172329EA55787A80300C4A824107E46","1","413","True","False","2107.62",,"True","1000","True","True","1000","True"
"8b296f8a-58cc-44f9-9a49-b0933834f1ae","MANIFEST_BOUND","hmail-perf-pair-service-20260901","06EFCBA9520D478A6DAC7ABB7F09F3B63D015A0CD5ECA1EB4D0FD2CC8C38F9FD","net10","hmail_perf_pair_net10_20260831_head3","C:\hmail-perf-pair-service-20260901\net10\Data","393449EA88D8D3C63D044D759D715322FD07A6F365FB10F18C1F0F126C6B4675","100","15","one TCP client and one sequential IMAP session per sample","0","PASS","45FA907CE0D3797C1E13EBB2F03F076A25656CCE27E801C18F745ACD3944FBBD","5136EEC556F9790732AE759EF52F77FE6172329EA55787A80300C4A824107E46","1","414","True","False","2349.124",,"True","1000","True","True","1000","True"
"8b296f8a-58cc-44f9-9a49-b0933834f1ae","MANIFEST_BOUND","hmail-perf-pair-service-20260901","06EFCBA9520D478A6DAC7ABB7F09F3B63D015A0CD5ECA1EB4D0FD2CC8C38F9FD","net10","hmail_perf_pair_net10_20260831_head3","C:\hmail-perf-pair-service-20260901\net10\Data","393449EA88D8D3C63D044D759D715322FD07A6F365FB10F18C1F0F126C6B4675","100","15","one TCP client and one sequential IMAP session per sample","0","PASS","45FA907CE0D3797C1E13EBB2F03F076A25656CCE27E801C18F745ACD3944FBBD","5136EEC556F9790732AE759EF52F77FE6172329EA55787A80300C4A824107E46","1","415","True","False","2350.67",,"True","1000","True","True","1000","True"
"8b296f8a-58cc-44f9-9a49-b0933834f1ae","MANIFEST_BOUND","hmail-perf-pair-service-20260901","06EFCBA9520D478A6DAC7ABB7F09F3B63D015A0CD5ECA1EB4D0FD2CC8C38F9FD","net10","hmail_perf_pair_net10_20260831_head3","C:\hmail-perf-pair-service-20260901\net10\Data","393449EA88D8D3C63D044D759D715322FD07A6F365FB10F18C1F0F126C6B4675","100","15","one TCP client and one sequential IMAP session per sample","0","PASS","45FA907CE0D3797C1E13EBB2F03F076A25656CCE27E801C18F745ACD3944FBBD","5136EEC556F9790732AE759EF52F77FE6172329EA55787A80300C4A824107E46","1","416","True","False","2275.669",,"True","1000","True","True","1000","True"
"8b296f8a-58cc-44f9-9a49-b0933834f1ae","MANIFEST_BOUND","hmail-perf-pair-service-20260901","06EFCBA9520D478A6DAC7ABB7F09F3B63D015A0CD5ECA1EB4D0FD2CC8C38F9FD","net10","hmail_perf_pair_net10_20260831_head3","C:\hmail-perf-pair-service-20260901\net10\Data","393449EA88D8D3C63D044D759D715322FD07A6F365FB10F18C1F0F126C6B4675","100","15","one TCP client and one sequential IMAP session per sample","0","PASS","45FA907CE0D3797C1E13EBB2F03F076A25656CCE27E801C18F745ACD3944FBBD","5136EEC556F9790732AE759EF52F77FE6172329EA55787A80300C4A824107E46","1","417","True","False","2321.187",,"True","1000","True","True","1000","True"
"8b296f8a-58cc-44f9-9a49-b0933834f1ae","MANIFEST_BOUND","hmail-perf-pair-service-20260901","06EFCBA9520D478A6DAC7ABB7F09F3B63D015A0CD5ECA1EB4D0FD2CC8C38F9FD","net10","hmail_perf_pair_net10_20260831_head3","C:\hmail-perf-pair-service-20260901\net10\Data","393449EA88D8D3C63D044D759D715322FD07A6F365FB10F18C1F0F126C6B4675","100","15","one TCP client and one sequential IMAP session per sample","0","PASS","45FA907CE0D3797C1E13EBB2F03F076A25656CCE27E801C18F745ACD3944FBBD","5136EEC556F9790732AE759EF52F77FE6172329EA55787A80300C4A824107E46","1","418","True","False","2299.214",,"True","1000","True","True","1000","True"
"8b296f8a-58cc-44f9-9a49-b0933834f1ae","MANIFEST_BOUND","hmail-perf-pair-service-20260901","06EFCBA9520D478A6DAC7ABB7F09F3B63D015A0CD5ECA1EB4D0FD2CC8C38F9FD","net10","hmail_perf_pair_net10_20260831_head3","C:\hmail-perf-pair-service-20260901\net10\Data","393449EA88D8D3C63D044D759D715322FD07A6F365FB10F18C1F0F126C6B4675","100","15","one TCP client and one sequential IMAP session per sample","0","PASS","45FA907CE0D3797C1E13EBB2F03F076A25656CCE27E801C18F745ACD3944FBBD","5136EEC556F9790732AE759EF52F77FE6172329EA55787A80300C4A824107E46","1","419","True","False","2353.885",,"True","1000","True","True","1000","True"
"8b296f8a-58cc-44f9-9a49-b0933834f1ae","MANIFEST_BOUND","hmail-perf-pair-service-20260901","06EFCBA9520D478A6DAC7ABB7F09F3B63D015A0CD5ECA1EB4D0FD2CC8C38F9FD","net10","hmail_perf_pair_net10_20260831_head3","C:\hmail-perf-pair-service-20260901\net10\Data","393449EA88D8D3C63D044D759D715322FD07A6F365FB10F18C1F0F126C6B4675","100","15","one TCP client and one sequential IMAP session per sample","0","PASS","45FA907CE0D3797C1E13EBB2F03F076A25656CCE27E801C18F745ACD3944FBBD","5136EEC556F9790732AE759EF52F77FE6172329EA55787A80300C4A824107E46","1","420","True","False","2289.281",,"True","1000","True","True","1000","True"
"8b296f8a-58cc-44f9-9a49-b0933834f1ae","MANIFEST_BOUND","hmail-perf-pair-service-20260901","06EFCBA9520D478A6DAC7ABB7F09F3B63D015A0CD5ECA1EB4D0FD2CC8C38F9FD","net10","hmail_perf_pair_net10_20260831_head3","C:\hmail-perf-pair-service-20260901\net10\Data","393449EA88D8D3C63D044D759D715322FD07A6F365FB10F18C1F0F126C6B4675","100","15","one TCP client and one sequential IMAP session per sample","0","PASS","45FA907CE0D3797C1E13EBB2F03F076A25656CCE27E801C18F745ACD3944FBBD","5136EEC556F9790732AE759EF52F77FE6172329EA55787A80300C4A824107E46","1","421","True","False","2350.426",,"True","1000","True","True","1000","True"
"8b296f8a-58cc-44f9-9a49-b0933834f1ae","MANIFEST_BOUND","hmail-perf-pair-service-20260901","06EFCBA9520D478A6DAC7ABB7F09F3B63D015A0CD5ECA1EB4D0FD2CC8C38F9FD","net10","hmail_perf_pair_net10_20260831_head3","C:\hmail-perf-pair-service-20260901\net10\Data","393449EA88D8D3C63D044D759D715322FD07A6F365FB10F18C1F0F126C6B4675","100","15","one TCP client and one sequential IMAP session per sample","0","PASS","45FA907CE0D3797C1E13EBB2F03F076A25656CCE27E801C18F745ACD3944FBBD","5136EEC556F9790732AE759EF52F77FE6172329EA55787A80300C4A824107E46","1","422","True","False","2380.073",,"True","1000","True","True","1000","True"
"8b296f8a-58cc-44f9-9a49-b0933834f1ae","MANIFEST_BOUND","hmail-perf-pair-service-20260901","06EFCBA9520D478A6DAC7ABB7F09F3B63D015A0CD5ECA1EB4D0FD2CC8C38F9FD","net10","hmail_perf_pair_net10_20260831_head3","C:\hmail-perf-pair-service-20260901\net10\Data","393449EA88D8D3C63D044D759D715322FD07A6F365FB10F18C1F0F126C6B4675","100","15","one TCP client and one sequential IMAP session per sample","0","PASS","45FA907CE0D3797C1E13EBB2F03F076A25656CCE27E801C18F745ACD3944FBBD","5136EEC556F9790732AE759EF52F77FE6172329EA55787A80300C4A824107E46","1","423","True","False","2174.695",,"True","1000","True","True","1000","True"
"8b296f8a-58cc-44f9-9a49-b0933834f1ae","MANIFEST_BOUND","hmail-perf-pair-service-20260901","06EFCBA9520D478A6DAC7ABB7F09F3B63D015A0CD5ECA1EB4D0FD2CC8C38F9FD","net10","hmail_perf_pair_net10_20260831_head3","C:\hmail-perf-pair-service-20260901\net10\Data","393449EA88D8D3C63D044D759D715322FD07A6F365FB10F18C1F0F126C6B4675","100","15","one TCP client and one sequential IMAP session per sample","0","PASS","45FA907CE0D3797C1E13EBB2F03F076A25656CCE27E801C18F745ACD3944FBBD","5136EEC556F9790732AE759EF52F77FE6172329EA55787A80300C4A824107E46","1","424","True","False","2348.607",,"True","1000","True","True","1000","True"
"8b296f8a-58cc-44f9-9a49-b0933834f1ae","MANIFEST_BOUND","hmail-perf-pair-service-20260901","06EFCBA9520D478A6DAC7ABB7F09F3B63D015A0CD5ECA1EB4D0FD2CC8C38F9FD","net10","hmail_perf_pair_net10_20260831_head3","C:\hmail-perf-pair-service-20260901\net10\Data","393449EA88D8D3C63D044D759D715322FD07A6F365FB10F18C1F0F126C6B4675","100","15","one TCP client and one sequential IMAP session per sample","0","PASS","45FA907CE0D3797C1E13EBB2F03F076A25656CCE27E801C18F745ACD3944FBBD","5136EEC556F9790732AE759EF52F77FE6172329EA55787A80300C4A824107E46","1","425","True","False","2036.764",,"True","1000","True","True","1000","True"
"8b296f8a-58cc-44f9-9a49-b0933834f1ae","MANIFEST_BOUND","hmail-perf-pair-service-20260901","06EFCBA9520D478A6DAC7ABB7F09F3B63D015A0CD5ECA1EB4D0FD2CC8C38F9FD","net10","hmail_perf_pair_net10_20260831_head3","C:\hmail-perf-pair-service-20260901\net10\Data","393449EA88D8D3C63D044D759D715322FD07A6F365FB10F18C1F0F126C6B4675","100","15","one TCP client and one sequential IMAP session per sample","0","PASS","45FA907CE0D3797C1E13EBB2F03F076A25656CCE27E801C18F745ACD3944FBBD","5136EEC556F9790732AE759EF52F77FE6172329EA55787A80300C4A824107E46","1","426","True","False","2351.257",,"True","1000","True","True","1000","True"
"8b296f8a-58cc-44f9-9a49-b0933834f1ae","MANIFEST_BOUND","hmail-perf-pair-service-20260901","06EFCBA9520D478A6DAC7ABB7F09F3B63D015A0CD5ECA1EB4D0FD2CC8C38F9FD","net10","hmail_perf_pair_net10_20260831_head3","C:\hmail-perf-pair-service-20260901\net10\Data","393449EA88D8D3C63D044D759D715322FD07A6F365FB10F18C1F0F126C6B4675","100","15","one TCP client and one sequential IMAP session per sample","0","PASS","45FA907CE0D3797C1E13EBB2F03F076A25656CCE27E801C18F745ACD3944FBBD","5136EEC556F9790732AE759EF52F77FE6172329EA55787A80300C4A824107E46","1","427","True","False","2315.674",,"True","1000","True","True","1000","True"
"8b296f8a-58cc-44f9-9a49-b0933834f1ae","MANIFEST_BOUND","hmail-perf-pair-service-20260901","06EFCBA9520D478A6DAC7ABB7F09F3B63D015A0CD5ECA1EB4D0FD2CC8C38F9FD","net10","hmail_perf_pair_net10_20260831_head3","C:\hmail-perf-pair-service-20260901\net10\Data","393449EA88D8D3C63D044D759D715322FD07A6F365FB10F18C1F0F126C6B4675","100","15","one TCP client and one sequential IMAP session per sample","0","PASS","45FA907CE0D3797C1E13EBB2F03F076A25656CCE27E801C18F745ACD3944FBBD","5136EEC556F9790732AE759EF52F77FE6172329EA55787A80300C4A824107E46","1","428","True","False","1953.166",,"True","1000","True","True","1000","True"
"8b296f8a-58cc-44f9-9a49-b0933834f1ae","MANIFEST_BOUND","hmail-perf-pair-service-20260901","06EFCBA9520D478A6DAC7ABB7F09F3B63D015A0CD5ECA1EB4D0FD2CC8C38F9FD","net10","hmail_perf_pair_net10_20260831_head3","C:\hmail-perf-pair-service-20260901\net10\Data","393449EA88D8D3C63D044D759D715322FD07A6F365FB10F18C1F0F126C6B4675","100","15","one TCP client and one sequential IMAP session per sample","0","PASS","45FA907CE0D3797C1E13EBB2F03F076A25656CCE27E801C18F745ACD3944FBBD","5136EEC556F9790732AE759EF52F77FE6172329EA55787A80300C4A824107E46","1","429","True","False","2183.611",,"True","1000","True","True","1000","True"
"8b296f8a-58cc-44f9-9a49-b0933834f1ae","MANIFEST_BOUND","hmail-perf-pair-service-20260901","06EFCBA9520D478A6DAC7ABB7F09F3B63D015A0CD5ECA1EB4D0FD2CC8C38F9FD","net10","hmail_perf_pair_net10_20260831_head3","C:\hmail-perf-pair-service-20260901\net10\Data","393449EA88D8D3C63D044D759D715322FD07A6F365FB10F18C1F0F126C6B4675","100","15","one TCP client and one sequential IMAP session per sample","0","PASS","45FA907CE0D3797C1E13EBB2F03F076A25656CCE27E801C18F745ACD3944FBBD","5136EEC556F9790732AE759EF52F77FE6172329EA55787A80300C4A824107E46","1","430","True","False","2350.022",,"True","1000","True","True","1000","True"
"8b296f8a-58cc-44f9-9a49-b0933834f1ae","MANIFEST_BOUND","hmail-perf-pair-service-20260901","06EFCBA9520D478A6DAC7ABB7F09F3B63D015A0CD5ECA1EB4D0FD2CC8C38F9FD","net10","hmail_perf_pair_net10_20260831_head3","C:\hmail-perf-pair-service-20260901\net10\Data","393449EA88D8D3C63D044D759D715322FD07A6F365FB10F18C1F0F126C6B4675","100","15","one TCP client and one sequential IMAP session per sample","0","PASS","45FA907CE0D3797C1E13EBB2F03F076A25656CCE27E801C18F745ACD3944FBBD","5136EEC556F9790732AE759EF52F77FE6172329EA55787A80300C4A824107E46","1","431","True","False","2353.716",,"True","1000","True","True","1000","True"
"8b296f8a-58cc-44f9-9a49-b0933834f1ae","MANIFEST_BOUND","hmail-perf-pair-service-20260901","06EFCBA9520D478A6DAC7ABB7F09F3B63D015A0CD5ECA1EB4D0FD2CC8C38F9FD","net10","hmail_perf_pair_net10_20260831_head3","C:\hmail-perf-pair-service-20260901\net10\Data","393449EA88D8D3C63D044D759D715322FD07A6F365FB10F18C1F0F126C6B4675","100","15","one TCP client and one sequential IMAP session per sample","0","PASS","45FA907CE0D3797C1E13EBB2F03F076A25656CCE27E801C18F745ACD3944FBBD","5136EEC556F9790732AE759EF52F77FE6172329EA55787A80300C4A824107E46","1","432","True","False","2220.376",,"True","1000","True","True","1000","True"
"8b296f8a-58cc-44f9-9a49-b0933834f1ae","MANIFEST_BOUND","hmail-perf-pair-service-20260901","06EFCBA9520D478A6DAC7ABB7F09F3B63D015A0CD5ECA1EB4D0FD2CC8C38F9FD","net10","hmail_perf_pair_net10_20260831_head3","C:\hmail-perf-pair-service-20260901\net10\Data","393449EA88D8D3C63D044D759D715322FD07A6F365FB10F18C1F0F126C6B4675","100","15","one TCP client and one sequential IMAP session per sample","0","PASS","45FA907CE0D3797C1E13EBB2F03F076A25656CCE27E801C18F745ACD3944FBBD","5136EEC556F9790732AE759EF52F77FE6172329EA55787A80300C4A824107E46","1","433","True","False","2353.118",,"True","1000","True","True","1000","True"
"8b296f8a-58cc-44f9-9a49-b0933834f1ae","MANIFEST_BOUND","hmail-perf-pair-service-20260901","06EFCBA9520D478A6DAC7ABB7F09F3B63D015A0CD5ECA1EB4D0FD2CC8C38F9FD","net10","hmail_perf_pair_net10_20260831_head3","C:\hmail-perf-pair-service-20260901\net10\Data","393449EA88D8D3C63D044D759D715322FD07A6F365FB10F18C1F0F126C6B4675","100","15","one TCP client and one sequential IMAP session per sample","0","PASS","45FA907CE0D3797C1E13EBB2F03F076A25656CCE27E801C18F745ACD3944FBBD","5136EEC556F9790732AE759EF52F77FE6172329EA55787A80300C4A824107E46","1","434","True","False","2128.136",,"True","1000","True","True","1000","True"
"8b296f8a-58cc-44f9-9a49-b0933834f1ae","MANIFEST_BOUND","hmail-perf-pair-service-20260901","06EFCBA9520D478A6DAC7ABB7F09F3B63D015A0CD5ECA1EB4D0FD2CC8C38F9FD","net10","hmail_perf_pair_net10_20260831_head3","C:\hmail-perf-pair-service-20260901\net10\Data","393449EA88D8D3C63D044D759D715322FD07A6F365FB10F18C1F0F126C6B4675","100","15","one TCP client and one sequential IMAP session per sample","0","PASS","45FA907CE0D3797C1E13EBB2F03F076A25656CCE27E801C18F745ACD3944FBBD","5136EEC556F9790732AE759EF52F77FE6172329EA55787A80300C4A824107E46","1","435","True","False","2323.095",,"True","1000","True","True","1000","True"
"8b296f8a-58cc-44f9-9a49-b0933834f1ae","MANIFEST_BOUND","hmail-perf-pair-service-20260901","06EFCBA9520D478A6DAC7ABB7F09F3B63D015A0CD5ECA1EB4D0FD2CC8C38F9FD","net10","hmail_perf_pair_net10_20260831_head3","C:\hmail-perf-pair-service-20260901\net10\Data","393449EA88D8D3C63D044D759D715322FD07A6F365FB10F18C1F0F126C6B4675","100","15","one TCP client and one sequential IMAP session per sample","0","PASS","45FA907CE0D3797C1E13EBB2F03F076A25656CCE27E801C18F745ACD3944FBBD","5136EEC556F9790732AE759EF52F77FE6172329EA55787A80300C4A824107E46","1","436","True","False","2353.578",,"True","1000","True","True","1000","True"
"8b296f8a-58cc-44f9-9a49-b0933834f1ae","MANIFEST_BOUND","hmail-perf-pair-service-20260901","06EFCBA9520D478A6DAC7ABB7F09F3B63D015A0CD5ECA1EB4D0FD2CC8C38F9FD","net10","hmail_perf_pair_net10_20260831_head3","C:\hmail-perf-pair-service-20260901\net10\Data","393449EA88D8D3C63D044D759D715322FD07A6F365FB10F18C1F0F126C6B4675","100","15","one TCP client and one sequential IMAP session per sample","0","PASS","45FA907CE0D3797C1E13EBB2F03F076A25656CCE27E801C18F745ACD3944FBBD","5136EEC556F9790732AE759EF52F77FE6172329EA55787A80300C4A824107E46","1","437","True","False","2348.596",,"True","1000","True","True","1000","True"
"8b296f8a-58cc-44f9-9a49-b0933834f1ae","MANIFEST_BOUND","hmail-perf-pair-service-20260901","06EFCBA9520D478A6DAC7ABB7F09F3B63D015A0CD5ECA1EB4D0FD2CC8C38F9FD","net10","hmail_perf_pair_net10_20260831_head3","C:\hmail-perf-pair-service-20260901\net10\Data","393449EA88D8D3C63D044D759D715322FD07A6F365FB10F18C1F0F126C6B4675","100","15","one TCP client and one sequential IMAP session per sample","0","PASS","45FA907CE0D3797C1E13EBB2F03F076A25656CCE27E801C18F745ACD3944FBBD","5136EEC556F9790732AE759EF52F77FE6172329EA55787A80300C4A824107E46","1","438","True","False","2349.419",,"True","1000","True","True","1000","True"
"8b296f8a-58cc-44f9-9a49-b0933834f1ae","MANIFEST_BOUND","hmail-perf-pair-service-20260901","06EFCBA9520D478A6DAC7ABB7F09F3B63D015A0CD5ECA1EB4D0FD2CC8C38F9FD","net10","hmail_perf_pair_net10_20260831_head3","C:\hmail-perf-pair-service-20260901\net10\Data","393449EA88D8D3C63D044D759D715322FD07A6F365FB10F18C1F0F126C6B4675","100","15","one TCP client and one sequential IMAP session per sample","0","PASS","45FA907CE0D3797C1E13EBB2F03F076A25656CCE27E801C18F745ACD3944FBBD","5136EEC556F9790732AE759EF52F77FE6172329EA55787A80300C4A824107E46","1","439","True","False","2352.583",,"True","1000","True","True","1000","True"
"8b296f8a-58cc-44f9-9a49-b0933834f1ae","MANIFEST_BOUND","hmail-perf-pair-service-20260901","06EFCBA9520D478A6DAC7ABB7F09F3B63D015A0CD5ECA1EB4D0FD2CC8C38F9FD","net10","hmail_perf_pair_net10_20260831_head3","C:\hmail-perf-pair-service-20260901\net10\Data","393449EA88D8D3C63D044D759D715322FD07A6F365FB10F18C1F0F126C6B4675","100","15","one TCP client and one sequential IMAP session per sample","0","PASS","45FA907CE0D3797C1E13EBB2F03F076A25656CCE27E801C18F745ACD3944FBBD","5136EEC556F9790732AE759EF52F77FE6172329EA55787A80300C4A824107E46","1","440","True","False","2349.071",,"True","1000","True","True","1000","True"
"8b296f8a-58cc-44f9-9a49-b0933834f1ae","MANIFEST_BOUND","hmail-perf-pair-service-20260901","06EFCBA9520D478A6DAC7ABB7F09F3B63D015A0CD5ECA1EB4D0FD2CC8C38F9FD","net10","hmail_perf_pair_net10_20260831_head3","C:\hmail-perf-pair-service-20260901\net10\Data","393449EA88D8D3C63D044D759D715322FD07A6F365FB10F18C1F0F126C6B4675","100","15","one TCP client and one sequential IMAP session per sample","0","PASS","45FA907CE0D3797C1E13EBB2F03F076A25656CCE27E801C18F745ACD3944FBBD","5136EEC556F9790732AE759EF52F77FE6172329EA55787A80300C4A824107E46","1","441","True","False","2349.458",,"True","1000","True","True","1000","True"
"8b296f8a-58cc-44f9-9a49-b0933834f1ae","MANIFEST_BOUND","hmail-perf-pair-service-20260901","06EFCBA9520D478A6DAC7ABB7F09F3B63D015A0CD5ECA1EB4D0FD2CC8C38F9FD","net10","hmail_perf_pair_net10_20260831_head3","C:\hmail-perf-pair-service-20260901\net10\Data","393449EA88D8D3C63D044D759D715322FD07A6F365FB10F18C1F0F126C6B4675","100","15","one TCP client and one sequential IMAP session per sample","0","PASS","45FA907CE0D3797C1E13EBB2F03F076A25656CCE27E801C18F745ACD3944FBBD","5136EEC556F9790732AE759EF52F77FE6172329EA55787A80300C4A824107E46","1","442","True","False","2348.837",,"True","1000","True","True","1000","True"
"8b296f8a-58cc-44f9-9a49-b0933834f1ae","MANIFEST_BOUND","hmail-perf-pair-service-20260901","06EFCBA9520D478A6DAC7ABB7F09F3B63D015A0CD5ECA1EB4D0FD2CC8C38F9FD","net10","hmail_perf_pair_net10_20260831_head3","C:\hmail-perf-pair-service-20260901\net10\Data","393449EA88D8D3C63D044D759D715322FD07A6F365FB10F18C1F0F126C6B4675","100","15","one TCP client and one sequential IMAP session per sample","0","PASS","45FA907CE0D3797C1E13EBB2F03F076A25656CCE27E801C18F745ACD3944FBBD","5136EEC556F9790732AE759EF52F77FE6172329EA55787A80300C4A824107E46","1","443","True","False","2152.889",,"True","1000","True","True","1000","True"
"8b296f8a-58cc-44f9-9a49-b0933834f1ae","MANIFEST_BOUND","hmail-perf-pair-service-20260901","06EFCBA9520D478A6DAC7ABB7F09F3B63D015A0CD5ECA1EB4D0FD2CC8C38F9FD","net10","hmail_perf_pair_net10_20260831_head3","C:\hmail-perf-pair-service-20260901\net10\Data","393449EA88D8D3C63D044D759D715322FD07A6F365FB10F18C1F0F126C6B4675","100","15","one TCP client and one sequential IMAP session per sample","0","PASS","45FA907CE0D3797C1E13EBB2F03F076A25656CCE27E801C18F745ACD3944FBBD","5136EEC556F9790732AE759EF52F77FE6172329EA55787A80300C4A824107E46","1","444","True","False","2293.488",,"True","1000","True","True","1000","True"
"8b296f8a-58cc-44f9-9a49-b0933834f1ae","MANIFEST_BOUND","hmail-perf-pair-service-20260901","06EFCBA9520D478A6DAC7ABB7F09F3B63D015A0CD5ECA1EB4D0FD2CC8C38F9FD","net10","hmail_perf_pair_net10_20260831_head3","C:\hmail-perf-pair-service-20260901\net10\Data","393449EA88D8D3C63D044D759D715322FD07A6F365FB10F18C1F0F126C6B4675","100","15","one TCP client and one sequential IMAP session per sample","0","PASS","45FA907CE0D3797C1E13EBB2F03F076A25656CCE27E801C18F745ACD3944FBBD","5136EEC556F9790732AE759EF52F77FE6172329EA55787A80300C4A824107E46","1","445","True","False","2347.967",,"True","1000","True","True","1000","True"
"8b296f8a-58cc-44f9-9a49-b0933834f1ae","MANIFEST_BOUND","hmail-perf-pair-service-20260901","06EFCBA9520D478A6DAC7ABB7F09F3B63D015A0CD5ECA1EB4D0FD2CC8C38F9FD","net10","hmail_perf_pair_net10_20260831_head3","C:\hmail-perf-pair-service-20260901\net10\Data","393449EA88D8D3C63D044D759D715322FD07A6F365FB10F18C1F0F126C6B4675","100","15","one TCP client and one sequential IMAP session per sample","0","PASS","45FA907CE0D3797C1E13EBB2F03F076A25656CCE27E801C18F745ACD3944FBBD","5136EEC556F9790732AE759EF52F77FE6172329EA55787A80300C4A824107E46","1","446","True","False","2320.05",,"True","1000","True","True","1000","True"
"8b296f8a-58cc-44f9-9a49-b0933834f1ae","MANIFEST_BOUND","hmail-perf-pair-service-20260901","06EFCBA9520D478A6DAC7ABB7F09F3B63D015A0CD5ECA1EB4D0FD2CC8C38F9FD","net10","hmail_perf_pair_net10_20260831_head3","C:\hmail-perf-pair-service-20260901\net10\Data","393449EA88D8D3C63D044D759D715322FD07A6F365FB10F18C1F0F126C6B4675","100","15","one TCP client and one sequential IMAP session per sample","0","PASS","45FA907CE0D3797C1E13EBB2F03F076A25656CCE27E801C18F745ACD3944FBBD","5136EEC556F9790732AE759EF52F77FE6172329EA55787A80300C4A824107E46","1","447","True","False","2362.28",,"True","1000","True","True","1000","True"
"8b296f8a-58cc-44f9-9a49-b0933834f1ae","MANIFEST_BOUND","hmail-perf-pair-service-20260901","06EFCBA9520D478A6DAC7ABB7F09F3B63D015A0CD5ECA1EB4D0FD2CC8C38F9FD","net10","hmail_perf_pair_net10_20260831_head3","C:\hmail-perf-pair-service-20260901\net10\Data","393449EA88D8D3C63D044D759D715322FD07A6F365FB10F18C1F0F126C6B4675","100","15","one TCP client and one sequential IMAP session per sample","0","PASS","45FA907CE0D3797C1E13EBB2F03F076A25656CCE27E801C18F745ACD3944FBBD","5136EEC556F9790732AE759EF52F77FE6172329EA55787A80300C4A824107E46","1","448","True","False","2352.613",,"True","1000","True","True","1000","True"
"8b296f8a-58cc-44f9-9a49-b0933834f1ae","MANIFEST_BOUND","hmail-perf-pair-service-20260901","06EFCBA9520D478A6DAC7ABB7F09F3B63D015A0CD5ECA1EB4D0FD2CC8C38F9FD","net10","hmail_perf_pair_net10_20260831_head3","C:\hmail-perf-pair-service-20260901\net10\Data","393449EA88D8D3C63D044D759D715322FD07A6F365FB10F18C1F0F126C6B4675","100","15","one TCP client and one sequential IMAP session per sample","0","PASS","45FA907CE0D3797C1E13EBB2F03F076A25656CCE27E801C18F745ACD3944FBBD","5136EEC556F9790732AE759EF52F77FE6172329EA55787A80300C4A824107E46","1","449","True","False","2348.885",,"True","1000","True","True","1000","True"
"8b296f8a-58cc-44f9-9a49-b0933834f1ae","MANIFEST_BOUND","hmail-perf-pair-service-20260901","06EFCBA9520D478A6DAC7ABB7F09F3B63D015A0CD5ECA1EB4D0FD2CC8C38F9FD","net10","hmail_perf_pair_net10_20260831_head3","C:\hmail-perf-pair-service-20260901\net10\Data","393449EA88D8D3C63D044D759D715322FD07A6F365FB10F18C1F0F126C6B4675","100","15","one TCP client and one sequential IMAP session per sample","0","PASS","45FA907CE0D3797C1E13EBB2F03F076A25656CCE27E801C18F745ACD3944FBBD","5136EEC556F9790732AE759EF52F77FE6172329EA55787A80300C4A824107E46","1","450","True","False","2159.074",,"True","1000","True","True","1000","True"
"8b296f8a-58cc-44f9-9a49-b0933834f1ae","MANIFEST_BOUND","hmail-perf-pair-service-20260901","06EFCBA9520D478A6DAC7ABB7F09F3B63D015A0CD5ECA1EB4D0FD2CC8C38F9FD","net10","hmail_perf_pair_net10_20260831_head3","C:\hmail-perf-pair-service-20260901\net10\Data","393449EA88D8D3C63D044D759D715322FD07A6F365FB10F18C1F0F126C6B4675","100","15","one TCP client and one sequential IMAP session per sample","0","PASS","45FA907CE0D3797C1E13EBB2F03F076A25656CCE27E801C18F745ACD3944FBBD","5136EEC556F9790732AE759EF52F77FE6172329EA55787A80300C4A824107E46","1","451","True","False","2314.676",,"True","1000","True","True","1000","True"
"8b296f8a-58cc-44f9-9a49-b0933834f1ae","MANIFEST_BOUND","hmail-perf-pair-service-20260901","06EFCBA9520D478A6DAC7ABB7F09F3B63D015A0CD5ECA1EB4D0FD2CC8C38F9FD","net10","hmail_perf_pair_net10_20260831_head3","C:\hmail-perf-pair-service-20260901\net10\Data","393449EA88D8D3C63D044D759D715322FD07A6F365FB10F18C1F0F126C6B4675","100","15","one TCP client and one sequential IMAP session per sample","0","PASS","45FA907CE0D3797C1E13EBB2F03F076A25656CCE27E801C18F745ACD3944FBBD","5136EEC556F9790732AE759EF52F77FE6172329EA55787A80300C4A824107E46","1","452","True","False","2348.57",,"True","1000","True","True","1000","True"
"8b296f8a-58cc-44f9-9a49-b0933834f1ae","MANIFEST_BOUND","hmail-perf-pair-service-20260901","06EFCBA9520D478A6DAC7ABB7F09F3B63D015A0CD5ECA1EB4D0FD2CC8C38F9FD","net10","hmail_perf_pair_net10_20260831_head3","C:\hmail-perf-pair-service-20260901\net10\Data","393449EA88D8D3C63D044D759D715322FD07A6F365FB10F18C1F0F126C6B4675","100","15","one TCP client and one sequential IMAP session per sample","0","PASS","45FA907CE0D3797C1E13EBB2F03F076A25656CCE27E801C18F745ACD3944FBBD","5136EEC556F9790732AE759EF52F77FE6172329EA55787A80300C4A824107E46","1","453","True","False","2348.486",,"True","1000","True","True","1000","True"
"8b296f8a-58cc-44f9-9a49-b0933834f1ae","MANIFEST_BOUND","hmail-perf-pair-service-20260901","06EFCBA9520D478A6DAC7ABB7F09F3B63D015A0CD5ECA1EB4D0FD2CC8C38F9FD","net10","hmail_perf_pair_net10_20260831_head3","C:\hmail-perf-pair-service-20260901\net10\Data","393449EA88D8D3C63D044D759D715322FD07A6F365FB10F18C1F0F126C6B4675","100","15","one TCP client and one sequential IMAP session per sample","0","PASS","45FA907CE0D3797C1E13EBB2F03F076A25656CCE27E801C18F745ACD3944FBBD","5136EEC556F9790732AE759EF52F77FE6172329EA55787A80300C4A824107E46","1","454","True","False","2182.655",,"True","1000","True","True","1000","True"
"8b296f8a-58cc-44f9-9a49-b0933834f1ae","MANIFEST_BOUND","hmail-perf-pair-service-20260901","06EFCBA9520D478A6DAC7ABB7F09F3B63D015A0CD5ECA1EB4D0FD2CC8C38F9FD","net10","hmail_perf_pair_net10_20260831_head3","C:\hmail-perf-pair-service-20260901\net10\Data","393449EA88D8D3C63D044D759D715322FD07A6F365FB10F18C1F0F126C6B4675","100","15","one TCP client and one sequential IMAP session per sample","0","PASS","45FA907CE0D3797C1E13EBB2F03F076A25656CCE27E801C18F745ACD3944FBBD","5136EEC556F9790732AE759EF52F77FE6172329EA55787A80300C4A824107E46","1","455","True","False","2209.52",,"True","1000","True","True","1000","True"
"8b296f8a-58cc-44f9-9a49-b0933834f1ae","MANIFEST_BOUND","hmail-perf-pair-service-20260901","06EFCBA9520D478A6DAC7ABB7F09F3B63D015A0CD5ECA1EB4D0FD2CC8C38F9FD","net10","hmail_perf_pair_net10_20260831_head3","C:\hmail-perf-pair-service-20260901\net10\Data","393449EA88D8D3C63D044D759D715322FD07A6F365FB10F18C1F0F126C6B4675","100","15","one TCP client and one sequential IMAP session per sample","0","PASS","45FA907CE0D3797C1E13EBB2F03F076A25656CCE27E801C18F745ACD3944FBBD","5136EEC556F9790732AE759EF52F77FE6172329EA55787A80300C4A824107E46","1","456","True","False","2186.03",,"True","1000","True","True","1000","True"
"8b296f8a-58cc-44f9-9a49-b0933834f1ae","MANIFEST_BOUND","hmail-perf-pair-service-20260901","06EFCBA9520D478A6DAC7ABB7F09F3B63D015A0CD5ECA1EB4D0FD2CC8C38F9FD","net10","hmail_perf_pair_net10_20260831_head3","C:\hmail-perf-pair-service-20260901\net10\Data","393449EA88D8D3C63D044D759D715322FD07A6F365FB10F18C1F0F126C6B4675","100","15","one TCP client and one sequential IMAP session per sample","0","PASS","45FA907CE0D3797C1E13EBB2F03F076A25656CCE27E801C18F745ACD3944FBBD","5136EEC556F9790732AE759EF52F77FE6172329EA55787A80300C4A824107E46","1","457","True","False","2204.118",,"True","1000","True","True","1000","True"
"8b296f8a-58cc-44f9-9a49-b0933834f1ae","MANIFEST_BOUND","hmail-perf-pair-service-20260901","06EFCBA9520D478A6DAC7ABB7F09F3B63D015A0CD5ECA1EB4D0FD2CC8C38F9FD","net10","hmail_perf_pair_net10_20260831_head3","C:\hmail-perf-pair-service-20260901\net10\Data","393449EA88D8D3C63D044D759D715322FD07A6F365FB10F18C1F0F126C6B4675","100","15","one TCP client and one sequential IMAP session per sample","0","PASS","45FA907CE0D3797C1E13EBB2F03F076A25656CCE27E801C18F745ACD3944FBBD","5136EEC556F9790732AE759EF52F77FE6172329EA55787A80300C4A824107E46","1","458","True","False","2347.576",,"True","1000","True","True","1000","True"
"8b296f8a-58cc-44f9-9a49-b0933834f1ae","MANIFEST_BOUND","hmail-perf-pair-service-20260901","06EFCBA9520D478A6DAC7ABB7F09F3B63D015A0CD5ECA1EB4D0FD2CC8C38F9FD","net10","hmail_perf_pair_net10_20260831_head3","C:\hmail-perf-pair-service-20260901\net10\Data","393449EA88D8D3C63D044D759D715322FD07A6F365FB10F18C1F0F126C6B4675","100","15","one TCP client and one sequential IMAP session per sample","0","PASS","45FA907CE0D3797C1E13EBB2F03F076A25656CCE27E801C18F745ACD3944FBBD","5136EEC556F9790732AE759EF52F77FE6172329EA55787A80300C4A824107E46","1","459","True","False","2195.135",,"True","1000","True","True","1000","True"
"8b296f8a-58cc-44f9-9a49-b0933834f1ae","MANIFEST_BOUND","hmail-perf-pair-service-20260901","06EFCBA9520D478A6DAC7ABB7F09F3B63D015A0CD5ECA1EB4D0FD2CC8C38F9FD","net10","hmail_perf_pair_net10_20260831_head3","C:\hmail-perf-pair-service-20260901\net10\Data","393449EA88D8D3C63D044D759D715322FD07A6F365FB10F18C1F0F126C6B4675","100","15","one TCP client and one sequential IMAP session per sample","0","PASS","45FA907CE0D3797C1E13EBB2F03F076A25656CCE27E801C18F745ACD3944FBBD","5136EEC556F9790732AE759EF52F77FE6172329EA55787A80300C4A824107E46","1","460","True","False","1998.92",,"True","1000","True","True","1000","True"
"8b296f8a-58cc-44f9-9a49-b0933834f1ae","MANIFEST_BOUND","hmail-perf-pair-service-20260901","06EFCBA9520D478A6DAC7ABB7F09F3B63D015A0CD5ECA1EB4D0FD2CC8C38F9FD","net10","hmail_perf_pair_net10_20260831_head3","C:\hmail-perf-pair-service-20260901\net10\Data","393449EA88D8D3C63D044D759D715322FD07A6F365FB10F18C1F0F126C6B4675","100","15","one TCP client and one sequential IMAP session per sample","0","PASS","45FA907CE0D3797C1E13EBB2F03F076A25656CCE27E801C18F745ACD3944FBBD","5136EEC556F9790732AE759EF52F77FE6172329EA55787A80300C4A824107E46","1","461","True","False","2195.585",,"True","1000","True","True","1000","True"
"8b296f8a-58cc-44f9-9a49-b0933834f1ae","MANIFEST_BOUND","hmail-perf-pair-service-20260901","06EFCBA9520D478A6DAC7ABB7F09F3B63D015A0CD5ECA1EB4D0FD2CC8C38F9FD","net10","hmail_perf_pair_net10_20260831_head3","C:\hmail-perf-pair-service-20260901\net10\Data","393449EA88D8D3C63D044D759D715322FD07A6F365FB10F18C1F0F126C6B4675","100","15","one TCP client and one sequential IMAP session per sample","0","PASS","45FA907CE0D3797C1E13EBB2F03F076A25656CCE27E801C18F745ACD3944FBBD","5136EEC556F9790732AE759EF52F77FE6172329EA55787A80300C4A824107E46","1","462","True","False","2348.685",,"True","1000","True","True","1000","True"
"8b296f8a-58cc-44f9-9a49-b0933834f1ae","MANIFEST_BOUND","hmail-perf-pair-service-20260901","06EFCBA9520D478A6DAC7ABB7F09F3B63D015A0CD5ECA1EB4D0FD2CC8C38F9FD","net10","hmail_perf_pair_net10_20260831_head3","C:\hmail-perf-pair-service-20260901\net10\Data","393449EA88D8D3C63D044D759D715322FD07A6F365FB10F18C1F0F126C6B4675","100","15","one TCP client and one sequential IMAP session per sample","0","PASS","45FA907CE0D3797C1E13EBB2F03F076A25656CCE27E801C18F745ACD3944FBBD","5136EEC556F9790732AE759EF52F77FE6172329EA55787A80300C4A824107E46","1","463","True","False","2346.952",,"True","1000","True","True","1000","True"
"8b296f8a-58cc-44f9-9a49-b0933834f1ae","MANIFEST_BOUND","hmail-perf-pair-service-20260901","06EFCBA9520D478A6DAC7ABB7F09F3B63D015A0CD5ECA1EB4D0FD2CC8C38F9FD","net10","hmail_perf_pair_net10_20260831_head3","C:\hmail-perf-pair-service-20260901\net10\Data","393449EA88D8D3C63D044D759D715322FD07A6F365FB10F18C1F0F126C6B4675","100","15","one TCP client and one sequential IMAP session per sample","0","PASS","45FA907CE0D3797C1E13EBB2F03F076A25656CCE27E801C18F745ACD3944FBBD","5136EEC556F9790732AE759EF52F77FE6172329EA55787A80300C4A824107E46","1","464","True","False","2348.763",,"True","1000","True","True","1000","True"
"8b296f8a-58cc-44f9-9a49-b0933834f1ae","MANIFEST_BOUND","hmail-perf-pair-service-20260901","06EFCBA9520D478A6DAC7ABB7F09F3B63D015A0CD5ECA1EB4D0FD2CC8C38F9FD","net10","hmail_perf_pair_net10_20260831_head3","C:\hmail-perf-pair-service-20260901\net10\Data","393449EA88D8D3C63D044D759D715322FD07A6F365FB10F18C1F0F126C6B4675","100","15","one TCP client and one sequential IMAP session per sample","0","PASS","45FA907CE0D3797C1E13EBB2F03F076A25656CCE27E801C18F745ACD3944FBBD","5136EEC556F9790732AE759EF52F77FE6172329EA55787A80300C4A824107E46","1","465","True","False","2297.667",,"True","1000","True","True","1000","True"
"8b296f8a-58cc-44f9-9a49-b0933834f1ae","MANIFEST_BOUND","hmail-perf-pair-service-20260901","06EFCBA9520D478A6DAC7ABB7F09F3B63D015A0CD5ECA1EB4D0FD2CC8C38F9FD","net10","hmail_perf_pair_net10_20260831_head3","C:\hmail-perf-pair-service-20260901\net10\Data","393449EA88D8D3C63D044D759D715322FD07A6F365FB10F18C1F0F126C6B4675","100","15","one TCP client and one sequential IMAP session per sample","0","PASS","45FA907CE0D3797C1E13EBB2F03F076A25656CCE27E801C18F745ACD3944FBBD","5136EEC556F9790732AE759EF52F77FE6172329EA55787A80300C4A824107E46","1","466","True","False","2061.455",,"True","1000","True","True","1000","True"
"8b296f8a-58cc-44f9-9a49-b0933834f1ae","MANIFEST_BOUND","hmail-perf-pair-service-20260901","06EFCBA9520D478A6DAC7ABB7F09F3B63D015A0CD5ECA1EB4D0FD2CC8C38F9FD","net10","hmail_perf_pair_net10_20260831_head3","C:\hmail-perf-pair-service-20260901\net10\Data","393449EA88D8D3C63D044D759D715322FD07A6F365FB10F18C1F0F126C6B4675","100","15","one TCP client and one sequential IMAP session per sample","0","PASS","45FA907CE0D3797C1E13EBB2F03F076A25656CCE27E801C18F745ACD3944FBBD","5136EEC556F9790732AE759EF52F77FE6172329EA55787A80300C4A824107E46","1","467","True","False","2035.549",,"True","1000","True","True","1000","True"
"8b296f8a-58cc-44f9-9a49-b0933834f1ae","MANIFEST_BOUND","hmail-perf-pair-service-20260901","06EFCBA9520D478A6DAC7ABB7F09F3B63D015A0CD5ECA1EB4D0FD2CC8C38F9FD","net10","hmail_perf_pair_net10_20260831_head3","C:\hmail-perf-pair-service-20260901\net10\Data","393449EA88D8D3C63D044D759D715322FD07A6F365FB10F18C1F0F126C6B4675","100","15","one TCP client and one sequential IMAP session per sample","0","PASS","45FA907CE0D3797C1E13EBB2F03F076A25656CCE27E801C18F745ACD3944FBBD","5136EEC556F9790732AE759EF52F77FE6172329EA55787A80300C4A824107E46","1","468","True","False","2351.824",,"True","1000","True","True","1000","True"
"8b296f8a-58cc-44f9-9a49-b0933834f1ae","MANIFEST_BOUND","hmail-perf-pair-service-20260901","06EFCBA9520D478A6DAC7ABB7F09F3B63D015A0CD5ECA1EB4D0FD2CC8C38F9FD","net10","hmail_perf_pair_net10_20260831_head3","C:\hmail-perf-pair-service-20260901\net10\Data","393449EA88D8D3C63D044D759D715322FD07A6F365FB10F18C1F0F126C6B4675","100","15","one TCP client and one sequential IMAP session per sample","0","PASS","45FA907CE0D3797C1E13EBB2F03F076A25656CCE27E801C18F745ACD3944FBBD","5136EEC556F9790732AE759EF52F77FE6172329EA55787A80300C4A824107E46","1","469","True","False","2349.529",,"True","1000","True","True","1000","True"
"8b296f8a-58cc-44f9-9a49-b0933834f1ae","MANIFEST_BOUND","hmail-perf-pair-service-20260901","06EFCBA9520D478A6DAC7ABB7F09F3B63D015A0CD5ECA1EB4D0FD2CC8C38F9FD","net10","hmail_perf_pair_net10_20260831_head3","C:\hmail-perf-pair-service-20260901\net10\Data","393449EA88D8D3C63D044D759D715322FD07A6F365FB10F18C1F0F126C6B4675","100","15","one TCP client and one sequential IMAP session per sample","0","PASS","45FA907CE0D3797C1E13EBB2F03F076A25656CCE27E801C18F745ACD3944FBBD","5136EEC556F9790732AE759EF52F77FE6172329EA55787A80300C4A824107E46","1","470","True","False","2301.792",,"True","1000","True","True","1000","True"
"8b296f8a-58cc-44f9-9a49-b0933834f1ae","MANIFEST_BOUND","hmail-perf-pair-service-20260901","06EFCBA9520D478A6DAC7ABB7F09F3B63D015A0CD5ECA1EB4D0FD2CC8C38F9FD","net10","hmail_perf_pair_net10_20260831_head3","C:\hmail-perf-pair-service-20260901\net10\Data","393449EA88D8D3C63D044D759D715322FD07A6F365FB10F18C1F0F126C6B4675","100","15","one TCP client and one sequential IMAP session per sample","0","PASS","45FA907CE0D3797C1E13EBB2F03F076A25656CCE27E801C18F745ACD3944FBBD","5136EEC556F9790732AE759EF52F77FE6172329EA55787A80300C4A824107E46","1","471","True","False","2348.686",,"True","1000","True","True","1000","True"
"8b296f8a-58cc-44f9-9a49-b0933834f1ae","MANIFEST_BOUND","hmail-perf-pair-service-20260901","06EFCBA9520D478A6DAC7ABB7F09F3B63D015A0CD5ECA1EB4D0FD2CC8C38F9FD","net10","hmail_perf_pair_net10_20260831_head3","C:\hmail-perf-pair-service-20260901\net10\Data","393449EA88D8D3C63D044D759D715322FD07A6F365FB10F18C1F0F126C6B4675","100","15","one TCP client and one sequential IMAP session per sample","0","PASS","45FA907CE0D3797C1E13EBB2F03F076A25656CCE27E801C18F745ACD3944FBBD","5136EEC556F9790732AE759EF52F77FE6172329EA55787A80300C4A824107E46","1","472","True","False","2321.405",,"True","1000","True","True","1000","True"
"8b296f8a-58cc-44f9-9a49-b0933834f1ae","MANIFEST_BOUND","hmail-perf-pair-service-20260901","06EFCBA9520D478A6DAC7ABB7F09F3B63D015A0CD5ECA1EB4D0FD2CC8C38F9FD","net10","hmail_perf_pair_net10_20260831_head3","C:\hmail-perf-pair-service-20260901\net10\Data","393449EA88D8D3C63D044D759D715322FD07A6F365FB10F18C1F0F126C6B4675","100","15","one TCP client and one sequential IMAP session per sample","0","PASS","45FA907CE0D3797C1E13EBB2F03F076A25656CCE27E801C18F745ACD3944FBBD","5136EEC556F9790732AE759EF52F77FE6172329EA55787A80300C4A824107E46","1","473","True","False","2167.648",,"True","1000","True","True","1000","True"
"8b296f8a-58cc-44f9-9a49-b0933834f1ae","MANIFEST_BOUND","hmail-perf-pair-service-20260901","06EFCBA9520D478A6DAC7ABB7F09F3B63D015A0CD5ECA1EB4D0FD2CC8C38F9FD","net10","hmail_perf_pair_net10_20260831_head3","C:\hmail-perf-pair-service-20260901\net10\Data","393449EA88D8D3C63D044D759D715322FD07A6F365FB10F18C1F0F126C6B4675","100","15","one TCP client and one sequential IMAP session per sample","0","PASS","45FA907CE0D3797C1E13EBB2F03F076A25656CCE27E801C18F745ACD3944FBBD","5136EEC556F9790732AE759EF52F77FE6172329EA55787A80300C4A824107E46","1","474","True","False","2181.918",,"True","1000","True","True","1000","True"
"8b296f8a-58cc-44f9-9a49-b0933834f1ae","MANIFEST_BOUND","hmail-perf-pair-service-20260901","06EFCBA9520D478A6DAC7ABB7F09F3B63D015A0CD5ECA1EB4D0FD2CC8C38F9FD","net10","hmail_perf_pair_net10_20260831_head3","C:\hmail-perf-pair-service-20260901\net10\Data","393449EA88D8D3C63D044D759D715322FD07A6F365FB10F18C1F0F126C6B4675","100","15","one TCP client and one sequential IMAP session per sample","0","PASS","45FA907CE0D3797C1E13EBB2F03F076A25656CCE27E801C18F745ACD3944FBBD","5136EEC556F9790732AE759EF52F77FE6172329EA55787A80300C4A824107E46","1","475","True","False","2036.224",,"True","1000","True","True","1000","True"
"8b296f8a-58cc-44f9-9a49-b0933834f1ae","MANIFEST_BOUND","hmail-perf-pair-service-20260901","06EFCBA9520D478A6DAC7ABB7F09F3B63D015A0CD5ECA1EB4D0FD2CC8C38F9FD","net10","hmail_perf_pair_net10_20260831_head3","C:\hmail-perf-pair-service-20260901\net10\Data","393449EA88D8D3C63D044D759D715322FD07A6F365FB10F18C1F0F126C6B4675","100","15","one TCP client and one sequential IMAP session per sample","0","PASS","45FA907CE0D3797C1E13EBB2F03F076A25656CCE27E801C18F745ACD3944FBBD","5136EEC556F9790732AE759EF52F77FE6172329EA55787A80300C4A824107E46","1","476","True","False","2348.695",,"True","1000","True","True","1000","True"
"8b296f8a-58cc-44f9-9a49-b0933834f1ae","MANIFEST_BOUND","hmail-perf-pair-service-20260901","06EFCBA9520D478A6DAC7ABB7F09F3B63D015A0CD5ECA1EB4D0FD2CC8C38F9FD","net10","hmail_perf_pair_net10_20260831_head3","C:\hmail-perf-pair-service-20260901\net10\Data","393449EA88D8D3C63D044D759D715322FD07A6F365FB10F18C1F0F126C6B4675","100","15","one TCP client and one sequential IMAP session per sample","0","PASS","45FA907CE0D3797C1E13EBB2F03F076A25656CCE27E801C18F745ACD3944FBBD","5136EEC556F9790732AE759EF52F77FE6172329EA55787A80300C4A824107E46","1","477","True","False","2016.345",,"True","1000","True","True","1000","True"
"8b296f8a-58cc-44f9-9a49-b0933834f1ae","MANIFEST_BOUND","hmail-perf-pair-service-20260901","06EFCBA9520D478A6DAC7ABB7F09F3B63D015A0CD5ECA1EB4D0FD2CC8C38F9FD","net10","hmail_perf_pair_net10_20260831_head3","C:\hmail-perf-pair-service-20260901\net10\Data","393449EA88D8D3C63D044D759D715322FD07A6F365FB10F18C1F0F126C6B4675","100","15","one TCP client and one sequential IMAP session per sample","0","PASS","45FA907CE0D3797C1E13EBB2F03F076A25656CCE27E801C18F745ACD3944FBBD","5136EEC556F9790732AE759EF52F77FE6172329EA55787A80300C4A824107E46","1","478","True","False","2346.684",,"True","1000","True","True","1000","True"
"8b296f8a-58cc-44f9-9a49-b0933834f1ae","MANIFEST_BOUND","hmail-perf-pair-service-20260901","06EFCBA9520D478A6DAC7ABB7F09F3B63D015A0CD5ECA1EB4D0FD2CC8C38F9FD","net10","hmail_perf_pair_net10_20260831_head3","C:\hmail-perf-pair-service-20260901\net10\Data","393449EA88D8D3C63D044D759D715322FD07A6F365FB10F18C1F0F126C6B4675","100","15","one TCP client and one sequential IMAP session per sample","0","PASS","45FA907CE0D3797C1E13EBB2F03F076A25656CCE27E801C18F745ACD3944FBBD","5136EEC556F9790732AE759EF52F77FE6172329EA55787A80300C4A824107E46","1","479","True","False","2349.068",,"True","1000","True","True","1000","True"
"8b296f8a-58cc-44f9-9a49-b0933834f1ae","MANIFEST_BOUND","hmail-perf-pair-service-20260901","06EFCBA9520D478A6DAC7ABB7F09F3B63D015A0CD5ECA1EB4D0FD2CC8C38F9FD","net10","hmail_perf_pair_net10_20260831_head3","C:\hmail-perf-pair-service-20260901\net10\Data","393449EA88D8D3C63D044D759D715322FD07A6F365FB10F18C1F0F126C6B4675","100","15","one TCP client and one sequential IMAP session per sample","0","PASS","45FA907CE0D3797C1E13EBB2F03F076A25656CCE27E801C18F745ACD3944FBBD","5136EEC556F9790732AE759EF52F77FE6172329EA55787A80300C4A824107E46","1","480","True","False","2016.182",,"True","1000","True","True","1000","True"
"8b296f8a-58cc-44f9-9a49-b0933834f1ae","MANIFEST_BOUND","hmail-perf-pair-service-20260901","06EFCBA9520D478A6DAC7ABB7F09F3B63D015A0CD5ECA1EB4D0FD2CC8C38F9FD","net10","hmail_perf_pair_net10_20260831_head3","C:\hmail-perf-pair-service-20260901\net10\Data","393449EA88D8D3C63D044D759D715322FD07A6F365FB10F18C1F0F126C6B4675","100","15","one TCP client and one sequential IMAP session per sample","0","PASS","45FA907CE0D3797C1E13EBB2F03F076A25656CCE27E801C18F745ACD3944FBBD","5136EEC556F9790732AE759EF52F77FE6172329EA55787A80300C4A824107E46","1","481","True","False","2313.654",,"True","1000","True","True","1000","True"
"8b296f8a-58cc-44f9-9a49-b0933834f1ae","MANIFEST_BOUND","hmail-perf-pair-service-20260901","06EFCBA9520D478A6DAC7ABB7F09F3B63D015A0CD5ECA1EB4D0FD2CC8C38F9FD","net10","hmail_perf_pair_net10_20260831_head3","C:\hmail-perf-pair-service-20260901\net10\Data","393449EA88D8D3C63D044D759D715322FD07A6F365FB10F18C1F0F126C6B4675","100","15","one TCP client and one sequential IMAP session per sample","0","PASS","45FA907CE0D3797C1E13EBB2F03F076A25656CCE27E801C18F745ACD3944FBBD","5136EEC556F9790732AE759EF52F77FE6172329EA55787A80300C4A824107E46","1","482","True","False","2346.853",,"True","1000","True","True","1000","True"
"8b296f8a-58cc-44f9-9a49-b0933834f1ae","MANIFEST_BOUND","hmail-perf-pair-service-20260901","06EFCBA9520D478A6DAC7ABB7F09F3B63D015A0CD5ECA1EB4D0FD2CC8C38F9FD","net10","hmail_perf_pair_net10_20260831_head3","C:\hmail-perf-pair-service-20260901\net10\Data","393449EA88D8D3C63D044D759D715322FD07A6F365FB10F18C1F0F126C6B4675","100","15","one TCP client and one sequential IMAP session per sample","0","PASS","45FA907CE0D3797C1E13EBB2F03F076A25656CCE27E801C18F745ACD3944FBBD","5136EEC556F9790732AE759EF52F77FE6172329EA55787A80300C4A824107E46","1","483","True","False","2320.86",,"True","1000","True","True","1000","True"
"8b296f8a-58cc-44f9-9a49-b0933834f1ae","MANIFEST_BOUND","hmail-perf-pair-service-20260901","06EFCBA9520D478A6DAC7ABB7F09F3B63D015A0CD5ECA1EB4D0FD2CC8C38F9FD","net10","hmail_perf_pair_net10_20260831_head3","C:\hmail-perf-pair-service-20260901\net10\Data","393449EA88D8D3C63D044D759D715322FD07A6F365FB10F18C1F0F126C6B4675","100","15","one TCP client and one sequential IMAP session per sample","0","PASS","45FA907CE0D3797C1E13EBB2F03F076A25656CCE27E801C18F745ACD3944FBBD","5136EEC556F9790732AE759EF52F77FE6172329EA55787A80300C4A824107E46","1","484","True","False","2350.751",,"True","1000","True","True","1000","True"
"8b296f8a-58cc-44f9-9a49-b0933834f1ae","MANIFEST_BOUND","hmail-perf-pair-service-20260901","06EFCBA9520D478A6DAC7ABB7F09F3B63D015A0CD5ECA1EB4D0FD2CC8C38F9FD","net10","hmail_perf_pair_net10_20260831_head3","C:\hmail-perf-pair-service-20260901\net10\Data","393449EA88D8D3C63D044D759D715322FD07A6F365FB10F18C1F0F126C6B4675","100","15","one TCP client and one sequential IMAP session per sample","0","PASS","45FA907CE0D3797C1E13EBB2F03F076A25656CCE27E801C18F745ACD3944FBBD","5136EEC556F9790732AE759EF52F77FE6172329EA55787A80300C4A824107E46","1","485","True","False","2155.218",,"True","1000","True","True","1000","True"
"8b296f8a-58cc-44f9-9a49-b0933834f1ae","MANIFEST_BOUND","hmail-perf-pair-service-20260901","06EFCBA9520D478A6DAC7ABB7F09F3B63D015A0CD5ECA1EB4D0FD2CC8C38F9FD","net10","hmail_perf_pair_net10_20260831_head3","C:\hmail-perf-pair-service-20260901\net10\Data","393449EA88D8D3C63D044D759D715322FD07A6F365FB10F18C1F0F126C6B4675","100","15","one TCP client and one sequential IMAP session per sample","0","PASS","45FA907CE0D3797C1E13EBB2F03F076A25656CCE27E801C18F745ACD3944FBBD","5136EEC556F9790732AE759EF52F77FE6172329EA55787A80300C4A824107E46","1","486","True","False","2300.577",,"True","1000","True","True","1000","True"
"8b296f8a-58cc-44f9-9a49-b0933834f1ae","MANIFEST_BOUND","hmail-perf-pair-service-20260901","06EFCBA9520D478A6DAC7ABB7F09F3B63D015A0CD5ECA1EB4D0FD2CC8C38F9FD","net10","hmail_perf_pair_net10_20260831_head3","C:\hmail-perf-pair-service-20260901\net10\Data","393449EA88D8D3C63D044D759D715322FD07A6F365FB10F18C1F0F126C6B4675","100","15","one TCP client and one sequential IMAP session per sample","0","PASS","45FA907CE0D3797C1E13EBB2F03F076A25656CCE27E801C18F745ACD3944FBBD","5136EEC556F9790732AE759EF52F77FE6172329EA55787A80300C4A824107E46","1","487","True","False","2321.87",,"True","1000","True","True","1000","True"
"8b296f8a-58cc-44f9-9a49-b0933834f1ae","MANIFEST_BOUND","hmail-perf-pair-service-20260901","06EFCBA9520D478A6DAC7ABB7F09F3B63D015A0CD5ECA1EB4D0FD2CC8C38F9FD","net10","hmail_perf_pair_net10_20260831_head3","C:\hmail-perf-pair-service-20260901\net10\Data","393449EA88D8D3C63D044D759D715322FD07A6F365FB10F18C1F0F126C6B4675","100","15","one TCP client and one sequential IMAP session per sample","0","PASS","45FA907CE0D3797C1E13EBB2F03F076A25656CCE27E801C18F745ACD3944FBBD","5136EEC556F9790732AE759EF52F77FE6172329EA55787A80300C4A824107E46","1","488","True","False","2313.468",,"True","1000","True","True","1000","True"
"8b296f8a-58cc-44f9-9a49-b0933834f1ae","MANIFEST_BOUND","hmail-perf-pair-service-20260901","06EFCBA9520D478A6DAC7ABB7F09F3B63D015A0CD5ECA1EB4D0FD2CC8C38F9FD","net10","hmail_perf_pair_net10_20260831_head3","C:\hmail-perf-pair-service-20260901\net10\Data","393449EA88D8D3C63D044D759D715322FD07A6F365FB10F18C1F0F126C6B4675","100","15","one TCP client and one sequential IMAP session per sample","0","PASS","45FA907CE0D3797C1E13EBB2F03F076A25656CCE27E801C18F745ACD3944FBBD","5136EEC556F9790732AE759EF52F77FE6172329EA55787A80300C4A824107E46","1","489","True","False","2376.324",,"True","1000","True","True","1000","True"
"8b296f8a-58cc-44f9-9a49-b0933834f1ae","MANIFEST_BOUND","hmail-perf-pair-service-20260901","06EFCBA9520D478A6DAC7ABB7F09F3B63D015A0CD5ECA1EB4D0FD2CC8C38F9FD","net10","hmail_perf_pair_net10_20260831_head3","C:\hmail-perf-pair-service-20260901\net10\Data","393449EA88D8D3C63D044D759D715322FD07A6F365FB10F18C1F0F126C6B4675","100","15","one TCP client and one sequential IMAP session per sample","0","PASS","45FA907CE0D3797C1E13EBB2F03F076A25656CCE27E801C18F745ACD3944FBBD","5136EEC556F9790732AE759EF52F77FE6172329EA55787A80300C4A824107E46","1","490","True","False","2349.367",,"True","1000","True","True","1000","True"
"8b296f8a-58cc-44f9-9a49-b0933834f1ae","MANIFEST_BOUND","hmail-perf-pair-service-20260901","06EFCBA9520D478A6DAC7ABB7F09F3B63D015A0CD5ECA1EB4D0FD2CC8C38F9FD","net10","hmail_perf_pair_net10_20260831_head3","C:\hmail-perf-pair-service-20260901\net10\Data","393449EA88D8D3C63D044D759D715322FD07A6F365FB10F18C1F0F126C6B4675","100","15","one TCP client and one sequential IMAP session per sample","0","PASS","45FA907CE0D3797C1E13EBB2F03F076A25656CCE27E801C18F745ACD3944FBBD","5136EEC556F9790732AE759EF52F77FE6172329EA55787A80300C4A824107E46","1","491","True","False","2320.014",,"True","1000","True","True","1000","True"
"8b296f8a-58cc-44f9-9a49-b0933834f1ae","MANIFEST_BOUND","hmail-perf-pair-service-20260901","06EFCBA9520D478A6DAC7ABB7F09F3B63D015A0CD5ECA1EB4D0FD2CC8C38F9FD","net10","hmail_perf_pair_net10_20260831_head3","C:\hmail-perf-pair-service-20260901\net10\Data","393449EA88D8D3C63D044D759D715322FD07A6F365FB10F18C1F0F126C6B4675","100","15","one TCP client and one sequential IMAP session per sample","0","PASS","45FA907CE0D3797C1E13EBB2F03F076A25656CCE27E801C18F745ACD3944FBBD","5136EEC556F9790732AE759EF52F77FE6172329EA55787A80300C4A824107E46","1","492","True","False","2319.632",,"True","1000","True","True","1000","True"
"8b296f8a-58cc-44f9-9a49-b0933834f1ae","MANIFEST_BOUND","hmail-perf-pair-service-20260901","06EFCBA9520D478A6DAC7ABB7F09F3B63D015A0CD5ECA1EB4D0FD2CC8C38F9FD","net10","hmail_perf_pair_net10_20260831_head3","C:\hmail-perf-pair-service-20260901\net10\Data","393449EA88D8D3C63D044D759D715322FD07A6F365FB10F18C1F0F126C6B4675","100","15","one TCP client and one sequential IMAP session per sample","0","PASS","45FA907CE0D3797C1E13EBB2F03F076A25656CCE27E801C18F745ACD3944FBBD","5136EEC556F9790732AE759EF52F77FE6172329EA55787A80300C4A824107E46","1","493","True","False","2346.318",,"True","1000","True","True","1000","True"
"8b296f8a-58cc-44f9-9a49-b0933834f1ae","MANIFEST_BOUND","hmail-perf-pair-service-20260901","06EFCBA9520D478A6DAC7ABB7F09F3B63D015A0CD5ECA1EB4D0FD2CC8C38F9FD","net10","hmail_perf_pair_net10_20260831_head3","C:\hmail-perf-pair-service-20260901\net10\Data","393449EA88D8D3C63D044D759D715322FD07A6F365FB10F18C1F0F126C6B4675","100","15","one TCP client and one sequential IMAP session per sample","0","PASS","45FA907CE0D3797C1E13EBB2F03F076A25656CCE27E801C18F745ACD3944FBBD","5136EEC556F9790732AE759EF52F77FE6172329EA55787A80300C4A824107E46","1","494","True","False","2348.677",,"True","1000","True","True","1000","True"
"8b296f8a-58cc-44f9-9a49-b0933834f1ae","MANIFEST_BOUND","hmail-perf-pair-service-20260901","06EFCBA9520D478A6DAC7ABB7F09F3B63D015A0CD5ECA1EB4D0FD2CC8C38F9FD","net10","hmail_perf_pair_net10_20260831_head3","C:\hmail-perf-pair-service-20260901\net10\Data","393449EA88D8D3C63D044D759D715322FD07A6F365FB10F18C1F0F126C6B4675","100","15","one TCP client and one sequential IMAP session per sample","0","PASS","45FA907CE0D3797C1E13EBB2F03F076A25656CCE27E801C18F745ACD3944FBBD","5136EEC556F9790732AE759EF52F77FE6172329EA55787A80300C4A824107E46","1","495","True","False","2361.43",,"True","1000","True","True","1000","True"
"8b296f8a-58cc-44f9-9a49-b0933834f1ae","MANIFEST_BOUND","hmail-perf-pair-service-20260901","06EFCBA9520D478A6DAC7ABB7F09F3B63D015A0CD5ECA1EB4D0FD2CC8C38F9FD","net10","hmail_perf_pair_net10_20260831_head3","C:\hmail-perf-pair-service-20260901\net10\Data","393449EA88D8D3C63D044D759D715322FD07A6F365FB10F18C1F0F126C6B4675","100","15","one TCP client and one sequential IMAP session per sample","0","PASS","45FA907CE0D3797C1E13EBB2F03F076A25656CCE27E801C18F745ACD3944FBBD","5136EEC556F9790732AE759EF52F77FE6172329EA55787A80300C4A824107E46","1","496","True","False","2326.183",,"True","1000","True","True","1000","True"
"8b296f8a-58cc-44f9-9a49-b0933834f1ae","MANIFEST_BOUND","hmail-perf-pair-service-20260901","06EFCBA9520D478A6DAC7ABB7F09F3B63D015A0CD5ECA1EB4D0FD2CC8C38F9FD","net10","hmail_perf_pair_net10_20260831_head3","C:\hmail-perf-pair-service-20260901\net10\Data","393449EA88D8D3C63D044D759D715322FD07A6F365FB10F18C1F0F126C6B4675","100","15","one TCP client and one sequential IMAP session per sample","0","PASS","45FA907CE0D3797C1E13EBB2F03F076A25656CCE27E801C18F745ACD3944FBBD","5136EEC556F9790732AE759EF52F77FE6172329EA55787A80300C4A824107E46","1","497","True","False","2346.845",,"True","1000","True","True","1000","True"
"8b296f8a-58cc-44f9-9a49-b0933834f1ae","MANIFEST_BOUND","hmail-perf-pair-service-20260901","06EFCBA9520D478A6DAC7ABB7F09F3B63D015A0CD5ECA1EB4D0FD2CC8C38F9FD","net10","hmail_perf_pair_net10_20260831_head3","C:\hmail-perf-pair-service-20260901\net10\Data","393449EA88D8D3C63D044D759D715322FD07A6F365FB10F18C1F0F126C6B4675","100","15","one TCP client and one sequential IMAP session per sample","0","PASS","45FA907CE0D3797C1E13EBB2F03F076A25656CCE27E801C18F745ACD3944FBBD","5136EEC556F9790732AE759EF52F77FE6172329EA55787A80300C4A824107E46","1","498","True","False","2348.687",,"True","1000","True","True","1000","True"
"8b296f8a-58cc-44f9-9a49-b0933834f1ae","MANIFEST_BOUND","hmail-perf-pair-service-20260901","06EFCBA9520D478A6DAC7ABB7F09F3B63D015A0CD5ECA1EB4D0FD2CC8C38F9FD","net10","hmail_perf_pair_net10_20260831_head3","C:\hmail-perf-pair-service-20260901\net10\Data","393449EA88D8D3C63D044D759D715322FD07A6F365FB10F18C1F0F126C6B4675","100","15","one TCP client and one sequential IMAP session per sample","0","PASS","45FA907CE0D3797C1E13EBB2F03F076A25656CCE27E801C18F745ACD3944FBBD","5136EEC556F9790732AE759EF52F77FE6172329EA55787A80300C4A824107E46","1","499","True","False","2351.219",,"True","1000","True","True","1000","True"
"8b296f8a-58cc-44f9-9a49-b0933834f1ae","MANIFEST_BOUND","hmail-perf-pair-service-20260901","06EFCBA9520D478A6DAC7ABB7F09F3B63D015A0CD5ECA1EB4D0FD2CC8C38F9FD","net10","hmail_perf_pair_net10_20260831_head3","C:\hmail-perf-pair-service-20260901\net10\Data","393449EA88D8D3C63D044D759D715322FD07A6F365FB10F18C1F0F126C6B4675","100","15","one TCP client and one sequential IMAP session per sample","0","PASS","45FA907CE0D3797C1E13EBB2F03F076A25656CCE27E801C18F745ACD3944FBBD","5136EEC556F9790732AE759EF52F77FE6172329EA55787A80300C4A824107E46","1","500","True","False","1633.603",,"True","1000","True","True","1000","True"
