implementation,concurrency,wave,ok,timed_out,milliseconds,error_class
cpp,100,1,true,false,5541.583,
cpp,100,1,true,false,5508.425,
cpp,100,1,true,false,5507.146,
cpp,100,1,true,false,5515.898,
cpp,100,1,true,false,5546.303,
cpp,100,1,true,false,5496.452,
cpp,100,1,true,false,5504.406,
cpp,100,1,true,false,5512.117,
cpp,100,1,true,false,5518.395,
cpp,100,1,true,false,5452.002,
cpp,100,1,true,false,5527.009,
cpp,100,1,true,false,5470.18,
cpp,100,1,true,false,5470.145,
cpp,100,1,true,false,5520.93,
cpp,100,1,true,false,5519.571,
cpp,100,1,true,false,5470.108,
cpp,100,1,true,false,5443.198,
cpp,100,1,true,false,5525.316,
cpp,100,1,true,false,5470.085,
cpp,100,1,true,false,5528.194,
cpp,100,1,true,false,5532.754,
cpp,100,1,true,false,5448.284,
cpp,100,1,true,false,5280.038,
cpp,100,1,true,false,5484.354,
cpp,100,1,true,false,5394.499,
cpp,100,1,true,false,5536.2,
cpp,100,1,true,false,5547.194,
cpp,100,1,true,false,5477.722,
cpp,100,1,true,false,5401.435,
cpp,100,1,true,false,5482.973,
cpp,100,1,true,false,5386.287,
cpp,100,1,true,false,5268.78,
cpp,100,1,true,false,5475.068,
cpp,100,1,true,false,5433.229,
cpp,100,1,true,false,5430.921,
cpp,100,1,true,false,5538.688,
cpp,100,1,true,false,5486.787,
cpp,100,1,true,false,5282.407,
cpp,100,1,true,false,5480.312,
cpp,100,1,true,false,5383.543,
cpp,100,1,true,false,5378.497,
cpp,100,1,true,false,5534.69,
cpp,100,1,true,false,5543.469,
cpp,100,1,true,false,5476.241,
cpp,100,1,true,false,5491.231,
cpp,100,1,true,false,5494.636,
cpp,100,1,true,false,5478.837,
cpp,100,1,true,false,5539.868,
cpp,100,1,true,false,5412.189,
cpp,100,1,true,false,5422.854,
cpp,100,1,true,false,5417.484,
cpp,100,1,true,false,5375.645,
cpp,100,1,true,false,5274.567,
cpp,100,1,true,false,5481.48,
cpp,100,1,true,false,5380.204,
cpp,100,1,true,false,5398.219,
cpp,100,1,true,false,5420.269,
cpp,100,1,true,false,5425.425,
cpp,100,1,true,false,5391.534,
cpp,100,1,true,false,5499.862,
cpp,100,1,true,false,5388.942,
cpp,100,1,true,false,5435.625,
cpp,100,1,true,false,5437.975,
cpp,100,1,true,false,5409.344,
cpp,100,1,true,false,5414.888,
cpp,100,1,true,false,5403.542,
cpp,100,1,true,false,5493.126,
cpp,100,1,true,false,5502.464,
cpp,100,1,true,false,5440.154,
cpp,100,1,true,false,5497.281,
cpp,100,1,true,false,5277.106,
cpp,100,1,true,false,5489.695,
cpp,100,1,true,false,5488.597,
cpp,100,1,true,false,5498.537,
cpp,100,1,true,false,5542.843,
cpp,100,1,true,false,5506.006,
cpp,100,1,true,false,5407.07,
cpp,100,1,true,false,5501.796,
cpp,100,1,true,false,5485.964,
cpp,100,1,true,false,5472.725,
cpp,100,1,true,false,5510.97,
cpp,100,1,true,false,5509.631,
cpp,100,1,true,false,5514.691,
cpp,100,1,true,false,5513.474,
cpp,100,1,true,false,5523.906,
cpp,100,1,true,false,5470.634,
cpp,100,1,true,false,5517.103,
cpp,100,1,true,false,5445.941,
cpp,100,1,true,false,5470.187,
cpp,100,1,true,false,5470.18,
cpp,100,1,true,false,5470.101,
cpp,100,1,true,false,5450.636,
cpp,100,1,true,false,5529.597,
cpp,100,1,true,false,5531.452,
cpp,100,1,true,false,5545.114,
cpp,100,1,true,false,5470.083,
cpp,100,1,true,false,5522.093,
cpp,100,1,true,false,5428.766,
cpp,100,1,true,false,5474.188,
cpp,100,1,true,false,5537.936,
cpp,500,1,true,false,23087.648,
cpp,500,1,true,false,23286.196,
cpp,500,1,true,false,22801.682,
cpp,500,1,true,false,22809.275,
cpp,500,1,true,false,22819.594,
cpp,500,1,true,false,22594.022,
cpp,500,1,true,false,22805.352,
cpp,500,1,true,false,22818.176,
cpp,500,1,true,false,22804.01,
cpp,500,1,true,false,22810.459,
cpp,500,1,true,false,22812.935,
cpp,500,1,true,false,22807.824,
cpp,500,1,true,false,22820.673,
cpp,500,1,true,false,22823.156,
cpp,500,1,true,false,22821.913,
cpp,500,1,true,false,22806.61,
cpp,500,1,true,false,22828.421,
cpp,500,1,true,false,23280.638,
cpp,500,1,true,false,22811.55,
cpp,500,1,true,false,22716.87,
cpp,500,1,true,false,22825.777,
cpp,500,1,true,false,22834.48,
cpp,500,1,true,false,22846.325,
cpp,500,1,true,false,22815.349,
cpp,500,1,true,false,23278.797,
cpp,500,1,true,false,22854.144,
cpp,500,1,true,false,22550.54,
cpp,500,1,true,false,22826.982,
cpp,500,1,true,false,22587.101,
cpp,500,1,true,false,23289.293,
cpp,500,1,true,false,22824.384,
cpp,500,1,true,false,22829.565,
cpp,500,1,true,false,22816.557,
cpp,500,1,true,false,22898.1,
cpp,500,1,true,false,22842.334,
cpp,500,1,true,false,22851.412,
cpp,500,1,true,false,22510.491,
cpp,500,1,true,false,22839.898,
cpp,500,1,true,false,22517.719,
cpp,500,1,true,false,22584.025,
cpp,500,1,true,false,22578.542,
cpp,500,1,true,false,22831.802,
cpp,500,1,true,false,23283.895,
cpp,500,1,true,false,22713.931,
cpp,500,1,true,false,22861.704,
cpp,500,1,true,false,22840.965,
cpp,500,1,true,false,22848.488,
cpp,500,1,true,false,22547.006,
cpp,500,1,true,false,22520.428,
cpp,500,1,true,false,22590.736,
cpp,500,1,true,false,22855.088,
cpp,500,1,true,false,22867.86,
cpp,500,1,true,false,22862.888,
cpp,500,1,true,false,22616.77,
cpp,500,1,true,false,22858.916,
cpp,500,1,true,false,22863.942,
cpp,500,1,true,false,22845.739,
cpp,500,1,true,false,22854.913,
cpp,500,1,true,false,22857.496,
cpp,500,1,true,false,22600.489,
cpp,500,1,true,false,22836.762,
cpp,500,1,true,false,22862.44,
cpp,500,1,true,false,22572.854,
cpp,500,1,true,false,22835.165,
cpp,500,1,true,false,22842.986,
cpp,500,1,true,false,22855.851,
cpp,500,1,true,false,22579.206,
cpp,500,1,true,false,22831.034,
cpp,500,1,true,false,22833.898,
cpp,500,1,true,false,22848.02,
cpp,500,1,true,false,22597.194,
cpp,500,1,true,false,22872.436,
cpp,500,1,true,false,22841.598,
cpp,500,1,true,false,22828.638,
cpp,500,1,true,false,22532.16,
cpp,500,1,true,false,22529.438,
cpp,500,1,true,false,22850.508,
cpp,500,1,true,false,22605.743,
cpp,500,1,true,false,22617.922,
cpp,500,1,true,false,22869.948,
cpp,500,1,true,false,22608.78,
cpp,500,1,true,false,22862.25,
cpp,500,1,true,false,22591.313,
cpp,500,1,true,false,22599.895,
cpp,500,1,true,false,22608.715,
cpp,500,1,true,false,22638.622,
cpp,500,1,true,false,22623.565,
cpp,500,1,true,false,22632.848,
cpp,500,1,true,false,22629.63,
cpp,500,1,true,false,22618.176,
cpp,500,1,true,false,22626.438,
cpp,500,1,true,false,22863.894,
cpp,500,1,true,false,22620.344,
cpp,500,1,true,false,22867.328,
cpp,500,1,true,false,22871.061,
cpp,500,1,true,false,22634.772,
cpp,500,1,true,false,22864.286,
cpp,500,1,true,false,22646.572,
cpp,500,1,true,false,22643.804,
cpp,500,1,true,false,22655.493,
cpp,500,1,true,false,22649.137,
cpp,500,1,true,false,22658.168,
cpp,500,1,true,false,22869.023,
cpp,500,1,true,false,22876.054,
cpp,500,1,true,false,22651.436,
cpp,500,1,true,false,22664.055,
cpp,500,1,true,false,22872.339,
cpp,500,1,true,false,22660.918,
cpp,500,1,true,false,22871.121,
cpp,500,1,true,false,22874.754,
cpp,500,1,true,false,22878.385,
cpp,500,1,true,false,22873.374,
cpp,500,1,true,false,22670.124,
cpp,500,1,true,false,22879.514,
cpp,500,1,true,false,22876.806,
cpp,500,1,true,false,22897.049,
cpp,500,1,true,false,22889.352,
cpp,500,1,true,false,22886.897,
cpp,500,1,true,false,22881.995,
cpp,500,1,true,false,22906.494,
cpp,500,1,true,false,22891.721,
cpp,500,1,true,false,22883.228,
cpp,500,1,true,false,22639.048,
cpp,500,1,true,false,22884.412,
cpp,500,1,true,false,23285.854,
cpp,500,1,true,false,22885.565,
cpp,500,1,true,false,22892.813,
cpp,500,1,true,false,22671.838,
cpp,500,1,true,false,22674.706,
cpp,500,1,true,false,22894.662,
cpp,500,1,true,false,22893.374,
cpp,500,1,true,false,22887.069,
cpp,500,1,true,false,22677.458,
cpp,500,1,true,false,22879.674,
cpp,500,1,true,false,22665.505,
cpp,500,1,true,false,22898.713,
cpp,500,1,true,false,22902.125,
cpp,500,1,true,false,22896.355,
cpp,500,1,true,false,22692.872,
cpp,500,1,true,false,22921.73,
cpp,500,1,true,false,22690.57,
cpp,500,1,true,false,22899.55,
cpp,500,1,true,false,22908.749,
cpp,500,1,true,false,22685.877,
cpp,500,1,true,false,22683.996,
cpp,500,1,true,false,22679.049,
cpp,500,1,true,false,22680.007,
cpp,500,1,true,false,22904.178,
cpp,500,1,true,false,22895.414,
cpp,500,1,true,false,23279.858,
cpp,500,1,true,false,22901.394,
cpp,500,1,true,false,22911.823,
cpp,500,1,true,false,22909.315,
cpp,500,1,true,false,22905.208,
cpp,500,1,true,false,23284.08,
cpp,500,1,true,false,22907.945,
cpp,500,1,true,false,22692.783,
cpp,500,1,true,false,22697.461,
cpp,500,1,true,false,22910.544,
cpp,500,1,true,false,22694.988,
cpp,500,1,true,false,22915.631,
cpp,500,1,true,false,22699.922,
cpp,500,1,true,false,22718.576,
cpp,500,1,true,false,22686.073,
cpp,500,1,true,false,22912.875,
cpp,500,1,true,false,22898.537,
cpp,500,1,true,false,22720.913,
cpp,500,1,true,false,22706.666,
cpp,500,1,true,false,22924.965,
cpp,500,1,true,false,22716.018,
cpp,500,1,true,false,22921.417,
cpp,500,1,true,false,22709.093,
cpp,500,1,true,false,22713.42,
cpp,500,1,true,false,22913.204,
cpp,500,1,true,false,22721.716,
cpp,500,1,true,false,22915.932,
cpp,500,1,true,false,22732.965,
cpp,500,1,true,false,22723.865,
cpp,500,1,true,false,22916.936,
cpp,500,1,true,false,22711.545,
cpp,500,1,true,false,22927.24,
cpp,500,1,true,false,22922.447,
cpp,500,1,true,false,22923.629,
cpp,500,1,true,false,22925.974,
cpp,500,1,true,false,22928.323,
cpp,500,1,true,false,22726.125,
cpp,500,1,true,false,22919.455,
cpp,500,1,true,false,22727.672,
cpp,500,1,true,false,22931.38,
cpp,500,1,true,false,22738.947,
cpp,500,1,true,false,22737.084,
cpp,500,1,true,false,22929.529,
cpp,500,1,true,false,22743.495,
cpp,500,1,true,false,22728.72,
cpp,500,1,true,false,22934.602,
cpp,500,1,true,false,22931.741,
cpp,500,1,true,false,22733.684,
cpp,500,1,true,false,22741.586,
cpp,500,1,true,false,22935.652,
cpp,500,1,true,false,22936.796,
cpp,500,1,true,false,22747.179,
cpp,500,1,true,false,22740.014,
cpp,500,1,true,false,22749.699,
cpp,500,1,true,false,22750.995,
cpp,500,1,true,false,22932.861,
cpp,500,1,true,false,22762.06,
cpp,500,1,true,false,22927.799,
cpp,500,1,true,false,22940.537,
cpp,500,1,true,false,22767.636,
cpp,500,1,true,false,22745.634,
cpp,500,1,true,false,22744.296,
cpp,500,1,true,false,22748.296,
cpp,500,1,true,false,22937.454,
cpp,500,1,true,false,22766.174,
cpp,500,1,true,false,22770.933,
cpp,500,1,true,false,22763.196,
cpp,500,1,true,false,22938.572,
cpp,500,1,true,false,22764.377,
cpp,500,1,true,false,22756.386,
cpp,500,1,true,false,22755.13,
cpp,500,1,true,false,22752.692,
cpp,500,1,true,false,22757.538,
cpp,500,1,true,false,22759.974,
cpp,500,1,true,false,22751.404,
cpp,500,1,true,false,22771.62,
cpp,500,1,true,false,22954.056,
cpp,500,1,true,false,22753.8,
cpp,500,1,true,false,22963.942,
cpp,500,1,true,false,22941.953,
cpp,500,1,true,false,22948.435,
cpp,500,1,true,false,22773.728,
cpp,500,1,true,false,22771.11,
cpp,500,1,true,false,22940.43,
cpp,500,1,true,false,22766.228,
cpp,500,1,true,false,22756.825,
cpp,500,1,true,false,22767.389,
cpp,500,1,true,false,22966.402,
cpp,500,1,true,false,22939.063,
cpp,500,1,true,false,22956.038,
cpp,500,1,true,false,22943.013,
cpp,500,1,true,false,22776.256,
cpp,500,1,true,false,22772.174,
cpp,500,1,true,false,22968.667,
cpp,500,1,true,false,22950.35,
cpp,500,1,true,false,22943.875,
cpp,500,1,true,false,22984.315,
cpp,500,1,true,false,22959.152,
cpp,500,1,true,false,22967.034,
cpp,500,1,true,false,22981.532,
cpp,500,1,true,false,22976.058,
cpp,500,1,true,false,22779.456,
cpp,500,1,true,false,22988.107,
cpp,500,1,true,false,23001.096,
cpp,500,1,true,false,22953.919,
cpp,500,1,true,false,22952.7,
cpp,500,1,true,false,22960.264,
cpp,500,1,true,false,22774.131,
cpp,500,1,true,false,22946.266,
cpp,500,1,true,false,22963.2,
cpp,500,1,true,false,22948.002,
cpp,500,1,true,false,22944.755,
cpp,500,1,true,false,22993.971,
cpp,500,1,true,false,22992.346,
cpp,500,1,true,false,22989.687,
cpp,500,1,true,false,22963.658,
cpp,500,1,true,false,22971.33,
cpp,500,1,true,false,23006.644,
cpp,500,1,true,false,22979.263,
cpp,500,1,true,false,23013.255,
cpp,500,1,true,false,23012.01,
cpp,500,1,true,false,22994.865,
cpp,500,1,true,false,22997.623,
cpp,500,1,true,false,22981.669,
cpp,500,1,true,false,22968.64,
cpp,500,1,true,false,22976.291,
cpp,500,1,true,false,22973.657,
cpp,500,1,true,false,22977.847,
cpp,500,1,true,false,22972.401,
cpp,500,1,true,false,22985.727,
cpp,500,1,true,false,22998.68,
cpp,500,1,true,false,22996.122,
cpp,500,1,true,false,23018.079,
cpp,500,1,true,false,22955.361,
cpp,500,1,true,false,22956.563,
cpp,500,1,true,false,22990.488,
cpp,500,1,true,false,22969.71,
cpp,500,1,true,false,23009.082,
cpp,500,1,true,false,22984.312,
cpp,500,1,true,false,23025.708,
cpp,500,1,true,false,23001.209,
cpp,500,1,true,false,23030.657,
cpp,500,1,true,false,23002.598,
cpp,500,1,true,false,23023.441,
cpp,500,1,true,false,22986.762,
cpp,500,1,true,false,23031.868,
cpp,500,1,true,false,23008.988,
cpp,500,1,true,false,23003.675,
cpp,500,1,true,false,23021.883,
cpp,500,1,true,false,23015.411,
cpp,500,1,true,false,23020.597,
cpp,500,1,true,false,23058.931,
cpp,500,1,true,false,23019.292,
cpp,500,1,true,false,23261.57,
cpp,500,1,true,false,23048.696,
cpp,500,1,true,false,23017.854,
cpp,500,1,true,false,23053.925,
cpp,500,1,true,false,23062.466,
cpp,500,1,true,false,23026.668,
cpp,500,1,true,false,23043.34,
cpp,500,1,true,false,22999.526,
cpp,500,1,true,false,23006.14,
cpp,500,1,true,false,23039.542,
cpp,500,1,true,false,23014.036,
cpp,500,1,true,false,23059.121,
cpp,500,1,true,false,23011.868,
cpp,500,1,true,false,23028.191,
cpp,500,1,true,false,23026.863,
cpp,500,1,true,false,23034.518,
cpp,500,1,true,false,23033.188,
cpp,500,1,true,false,23035.749,
cpp,500,1,true,false,23045.021,
cpp,500,1,true,false,23040.803,
cpp,500,1,true,false,23073.901,
cpp,500,1,true,false,23046.052,
cpp,500,1,true,false,23039.68,
cpp,500,1,true,false,23063.987,
cpp,500,1,true,false,23076.333,
cpp,500,1,true,false,23037.185,
cpp,500,1,true,false,23071.172,
cpp,500,1,true,false,23104.303,
cpp,500,1,true,false,23059.231,
cpp,500,1,true,false,23053.07,
cpp,500,1,true,false,23050.624,
cpp,500,1,true,false,23030.847,
cpp,500,1,true,false,23096.79,
cpp,500,1,true,false,23081.634,
cpp,500,1,true,false,23047.804,
cpp,500,1,true,false,23082.895,
cpp,500,1,true,false,23042.511,
cpp,500,1,true,false,23049.069,
cpp,500,1,true,false,23061.392,
cpp,500,1,true,false,23055.417,
cpp,500,1,true,false,23076.332,
cpp,500,1,true,false,23067.45,
cpp,500,1,true,false,23053.755,
cpp,500,1,true,false,23086.223,
cpp,500,1,true,false,23088.549,
cpp,500,1,true,false,23092.349,
cpp,500,1,true,false,23097.457,
cpp,500,1,true,false,23093.566,
cpp,500,1,true,false,23079.661,
cpp,500,1,true,false,23119.903,
cpp,500,1,true,false,23122.218,
cpp,500,1,true,false,23068.476,
cpp,500,1,true,false,23114.947,
cpp,500,1,true,false,23116.162,
cpp,500,1,true,false,23087.267,
cpp,500,1,true,false,23098.603,
cpp,500,1,true,false,23113.711,
cpp,500,1,true,false,23139.445,
cpp,500,1,true,false,23100.948,
cpp,500,1,true,false,23138.234,
cpp,500,1,true,false,23066.031,
cpp,500,1,true,false,23090.884,
cpp,500,1,true,false,23073.307,
cpp,500,1,true,false,23083.461,
cpp,500,1,true,false,23104.679,
cpp,500,1,true,false,23078.123,
cpp,500,1,true,false,23070.754,
cpp,500,1,true,false,23064.504,
cpp,500,1,true,false,23154.967,
cpp,500,1,true,false,23076.944,
cpp,500,1,true,false,23115.888,
cpp,500,1,true,false,23099.626,
cpp,500,1,true,false,23129.545,
cpp,500,1,true,false,23105.666,
cpp,500,1,true,false,23109.542,
cpp,500,1,true,false,23104.416,
cpp,500,1,true,false,23100.704,
cpp,500,1,true,false,23083.203,
cpp,500,1,true,false,23121.812,
cpp,500,1,true,false,23122.996,
cpp,500,1,true,false,23140.134,
cpp,500,1,true,false,23164.239,
cpp,500,1,true,false,23134.27,
cpp,500,1,true,false,23110.821,
cpp,500,1,true,false,23128.063,
cpp,500,1,true,false,23116.921,
cpp,500,1,true,false,23156.324,
cpp,500,1,true,false,23135.406,
cpp,500,1,true,false,23148.231,
cpp,500,1,true,false,23126.729,
cpp,500,1,true,false,23092.922,
cpp,500,1,true,false,23145.579,
cpp,500,1,true,false,23087.897,
cpp,500,1,true,false,23130.474,
cpp,500,1,true,false,23241.657,
cpp,500,1,true,false,23119.17,
cpp,500,1,true,false,23107.992,
cpp,500,1,true,false,23190.009,
cpp,500,1,true,false,23171.918,
cpp,500,1,true,false,23150.161,
cpp,500,1,true,false,23223.153,
cpp,500,1,true,false,23188.675,
cpp,500,1,true,false,23195.412,
cpp,500,1,true,false,23105.662,
cpp,500,1,true,false,23226.489,
cpp,500,1,true,false,23141.388,
cpp,500,1,true,false,23137.684,
cpp,500,1,true,false,23183.356,
cpp,500,1,true,false,23217.262,
cpp,500,1,true,false,23122.973,
cpp,500,1,true,false,23158.31,
cpp,500,1,true,false,23131.756,
cpp,500,1,true,false,23248.046,
cpp,500,1,true,false,23130.475,
cpp,500,1,true,false,23142.582,
cpp,500,1,true,false,23186.229,
cpp,500,1,true,false,23196.694,
cpp,500,1,true,false,23140.025,
cpp,500,1,true,false,23156.636,
cpp,500,1,true,false,23215.089,
cpp,500,1,true,false,23172.158,
cpp,500,1,true,false,23217.825,
cpp,500,1,true,false,23219.106,
cpp,500,1,true,false,23190.65,
cpp,500,1,true,false,24146.442,
cpp,500,1,true,false,23164.492,
cpp,500,1,true,false,24344.295,
cpp,500,1,true,false,23177.192,
cpp,500,1,true,false,23180.73,
cpp,500,1,true,false,23234.77,
cpp,500,1,true,false,22768.542,
cpp,500,1,true,false,23227.927,
cpp,500,1,true,false,23204.482,
cpp,500,1,true,false,23166.68,
cpp,500,1,true,false,23175.758,
cpp,500,1,true,false,23144.455,
cpp,500,1,true,false,23731.078,
cpp,500,1,true,false,23159.655,
cpp,500,1,true,false,23150.414,
cpp,500,1,true,false,23243.331,
cpp,500,1,true,false,23223.675,
cpp,500,1,true,false,24149.087,
cpp,500,1,true,false,23236.528,
cpp,500,1,true,false,24124.019,
cpp,500,1,true,false,24191.809,
cpp,500,1,true,false,23174.029,
cpp,500,1,true,false,23201.069,
cpp,500,1,true,false,23202.255,
cpp,500,1,true,false,23241.584,
cpp,500,1,true,false,23210.056,
cpp,500,1,true,false,24152.267,
cpp,500,1,true,false,23122.749,
cpp,500,1,true,false,23195.291,
cpp,500,1,true,false,24192.678,
cpp,500,1,true,false,22769.866,
cpp,500,1,true,false,23145.003,
cpp,500,1,true,false,24286.879,
cpp,500,1,true,false,24128.244,
cpp,500,1,true,false,22768.641,
cpp,500,1,true,false,23206.139,
cpp,500,1,true,false,23189.663,
cpp,500,1,true,false,24362.152,
cpp,500,1,true,false,23217.882,
cpp,500,1,true,false,24377.582,
cpp,500,1,true,false,23236.065,
cpp,500,1,true,false,24368.207,
cpp,500,1,true,false,24194.847,
cpp,500,1,true,false,23204.062,
cpp,500,1,true,false,23210.073,
cpp,500,1,true,false,23230.13,
cpp,500,1,true,false,23226.99,
cpp,500,1,true,false,24159.069,
cpp,500,1,true,false,23176.265,
cpp,500,1,true,false,24445.172,
cpp,500,1,true,false,24124.902,
cpp,500,1,true,false,24349.2,
cpp,500,1,true,false,22764.831,
cpp,500,1,true,false,24359.206,
cpp,500,1,true,false,24399.149,
cpp,500,1,true,false,24282.896,
cpp,500,1,true,false,24501.462,
cpp,500,1,true,false,24139.536,
cpp,500,1,true,false,23223.101,
cpp,500,1,true,false,24505.933,
cpp,500,1,true,false,23227.432,
cpp,500,1,true,false,23245.335,
cpp,500,1,true,false,24196.553,
cpp,500,1,true,false,23195.897,
cpp,500,1,true,false,24511.32,
cpp,500,1,true,false,24440.168,
cpp,500,1,true,false,24507.786,
cpp,500,1,true,false,24279.573,
cpp,500,1,true,false,24364.364,
cpp,500,1,true,false,23241.29,
cpp,500,1,true,false,22802.926,
cpp,500,1,true,false,22814.259,
cpp,500,1,true,false,22516.694,
cpp,500,1,true,false,23288.167,
cpp,1000,1,true,false,33542.281,
cpp,1000,1,true,false,33533.546,
cpp,1000,1,true,false,33546.504,
cpp,1000,1,true,false,34525.637,
cpp,1000,1,true,false,33247.002,
cpp,1000,1,true,false,33554.356,
cpp,1000,1,true,false,34528.152,
cpp,1000,1,true,false,33537.445,
cpp,1000,1,true,false,33249.787,
cpp,1000,1,true,false,34515.163,
cpp,1000,1,true,false,34517.212,
cpp,1000,1,true,false,34520.203,
cpp,1000,1,true,false,33385.513,
cpp,1000,1,true,false,34510.693,
cpp,1000,1,true,false,33390.841,
cpp,1000,1,true,false,33297.051,
cpp,1000,1,true,false,33367.413,
cpp,1000,1,true,false,33544.537,
cpp,1000,1,true,false,33548.376,
cpp,1000,1,true,false,33621.334,
cpp,1000,1,true,false,33556.188,
cpp,1000,1,true,false,33550.268,
cpp,1000,1,true,false,33580.433,
cpp,1000,1,true,false,33584.311,
cpp,1000,1,true,false,33596.733,
cpp,1000,1,true,false,33602.524,
cpp,1000,1,true,false,33573.651,
cpp,1000,1,true,false,33568.059,
cpp,1000,1,true,false,33604.333,
cpp,1000,1,true,false,33558.04,
cpp,1000,1,true,false,33566.211,
cpp,1000,1,true,false,33560.04,
cpp,1000,1,true,false,33586.444,
cpp,1000,1,true,false,33564.041,
cpp,1000,1,true,false,33637.629,
cpp,1000,1,true,false,33588.333,
cpp,1000,1,true,false,33582.281,
cpp,1000,1,true,false,33569.921,
cpp,1000,1,true,false,33561.941,
cpp,1000,1,true,false,33577.39,
cpp,1000,1,true,false,33593.346,
cpp,1000,1,true,false,33570.212,
cpp,1000,1,true,false,33550.818,
cpp,1000,1,true,false,33591.229,
cpp,1000,1,true,false,33597.161,
cpp,1000,1,true,false,33640.825,
cpp,1000,1,true,false,33599.109,
cpp,1000,1,true,false,33573.976,
cpp,1000,1,true,false,33606.632,
cpp,1000,1,true,false,33589.279,
cpp,1000,1,true,false,33604.553,
cpp,1000,1,true,false,33637.622,
cpp,1000,1,true,false,33627.265,
cpp,1000,1,true,false,33630.874,
cpp,1000,1,true,false,33616.035,
cpp,1000,1,true,false,34257.987,
cpp,1000,1,true,false,33621.11,
cpp,1000,1,true,false,33645.102,
cpp,1000,1,true,false,33608.472,
cpp,1000,1,true,false,33610.387,
cpp,1000,1,true,false,33612.362,
cpp,1000,1,true,false,33617.795,
cpp,1000,1,true,false,33629.194,
cpp,1000,1,true,false,33614.275,
cpp,1000,1,true,false,33623.19,
cpp,1000,1,true,false,33775.368,
cpp,1000,1,true,false,33625.453,
cpp,1000,1,true,false,33634.231,
cpp,1000,1,true,false,33638.992,
cpp,1000,1,true,false,33646.542,
cpp,1000,1,true,false,33642.141,
cpp,1000,1,true,false,33657.436,
cpp,1000,1,true,false,33655.985,
cpp,1000,1,true,false,33643.51,
cpp,1000,1,true,false,33649.669,
cpp,1000,1,true,false,33652.786,
cpp,1000,1,true,false,33662.097,
cpp,1000,1,true,false,33632.468,
cpp,1000,1,true,false,33659.208,
cpp,1000,1,true,false,33660.542,
cpp,1000,1,true,false,33654.304,
cpp,1000,1,true,false,33663.532,
cpp,1000,1,true,false,33648.07,
cpp,1000,1,true,false,33651.051,
cpp,1000,1,true,false,33670.912,
cpp,1000,1,true,false,33679.394,
cpp,1000,1,true,false,33675.047,
cpp,1000,1,true,false,33676.478,
cpp,1000,1,true,false,33664.98,
cpp,1000,1,true,false,33673.66,
cpp,1000,1,true,false,33672.196,
cpp,1000,1,true,false,33683.196,
cpp,1000,1,true,false,33681.959,
cpp,1000,1,true,false,33689.535,
cpp,1000,1,true,false,33669.44,
cpp,1000,1,true,false,33699.455,
cpp,1000,1,true,false,33677.883,
cpp,1000,1,true,false,33668.077,
cpp,1000,1,true,false,33684.359,
cpp,1000,1,true,false,33692.004,
cpp,1000,1,true,false,33690.729,
cpp,1000,1,true,false,33666.524,
cpp,1000,1,true,false,34503.995,
cpp,1000,1,true,false,33698.166,
cpp,1000,1,true,false,33685.561,
cpp,1000,1,true,false,33695.66,
cpp,1000,1,true,false,33386.038,
cpp,1000,1,true,false,33362.516,
cpp,1000,1,true,false,33694.416,
cpp,1000,1,true,false,33696.842,
cpp,1000,1,true,false,33356.728,
cpp,1000,1,true,false,33377.459,
cpp,1000,1,true,false,33704.602,
cpp,1000,1,true,false,33706.342,
cpp,1000,1,true,false,33688.085,
cpp,1000,1,true,false,33680.529,
cpp,1000,1,true,false,34528.215,
cpp,1000,1,true,false,33693.099,
cpp,1000,1,true,false,33686.687,
cpp,1000,1,true,false,33359.533,
cpp,1000,1,true,false,33702.99,
cpp,1000,1,true,false,33373.911,
cpp,1000,1,true,false,33711.744,
cpp,1000,1,true,false,33714.944,
cpp,1000,1,true,false,33708.461,
cpp,1000,1,true,false,33716.61,
cpp,1000,1,true,false,33694.374,
cpp,1000,1,true,false,33696.063,
cpp,1000,1,true,false,33704.352,
cpp,1000,1,true,false,33364.812,
cpp,1000,1,true,false,33396.859,
cpp,1000,1,true,false,33373.827,
cpp,1000,1,true,false,33390.649,
cpp,1000,1,true,false,33384.597,
cpp,1000,1,true,false,33393.6,
cpp,1000,1,true,false,33361.376,
cpp,1000,1,true,false,33346.928,
cpp,1000,1,true,false,33404.952,
cpp,1000,1,true,false,33387.532,
cpp,1000,1,true,false,33401.838,
cpp,1000,1,true,false,33720.093,
cpp,1000,1,true,false,33407.319,
cpp,1000,1,true,false,33711.255,
cpp,1000,1,true,false,33718.042,
cpp,1000,1,true,false,33417.644,
cpp,1000,1,true,false,33706.2,
cpp,1000,1,true,false,33712.746,
cpp,1000,1,true,false,33409.824,
cpp,1000,1,true,false,33425.285,
cpp,1000,1,true,false,33420.173,
cpp,1000,1,true,false,33430.436,
cpp,1000,1,true,false,33724.919,
cpp,1000,1,true,false,33423.047,
cpp,1000,1,true,false,33414.669,
cpp,1000,1,true,false,33428.058,
cpp,1000,1,true,false,33412.007,
cpp,1000,1,true,false,33398.17,
cpp,1000,1,true,false,33437.457,
cpp,1000,1,true,false,33715.595,
cpp,1000,1,true,false,33431.117,
cpp,1000,1,true,false,33712.168,
cpp,1000,1,true,false,33719.604,
cpp,1000,1,true,false,33726.002,
cpp,1000,1,true,false,33738.714,
cpp,1000,1,true,false,33434.64,
cpp,1000,1,true,false,33721.342,
cpp,1000,1,true,false,33438.297,
cpp,1000,1,true,false,33737.071,
cpp,1000,1,true,false,33724.302,
cpp,1000,1,true,false,33730.647,
cpp,1000,1,true,false,33441.669,
cpp,1000,1,true,false,33432.528,
cpp,1000,1,true,false,33740.18,
cpp,1000,1,true,false,33733.745,
cpp,1000,1,true,false,33728.914,
cpp,1000,1,true,false,33445.604,
cpp,1000,1,true,false,33735.274,
cpp,1000,1,true,false,33732.172,
cpp,1000,1,true,false,33741.982,
cpp,1000,1,true,false,33727.266,
cpp,1000,1,true,false,33443.326,
cpp,1000,1,true,false,33743.456,
cpp,1000,1,true,false,33746.716,
cpp,1000,1,true,false,33753.418,
cpp,1000,1,true,false,33439.285,
cpp,1000,1,true,false,33447.341,
cpp,1000,1,true,false,33751.815,
cpp,1000,1,true,false,33759.816,
cpp,1000,1,true,false,33754.885,
cpp,1000,1,true,false,33756.507,
cpp,1000,1,true,false,33762.945,
cpp,1000,1,true,false,33744.709,
cpp,1000,1,true,false,33749.982,
cpp,1000,1,true,false,33454.687,
cpp,1000,1,true,false,33747.72,
cpp,1000,1,true,false,33761.094,
cpp,1000,1,true,false,33460.765,
cpp,1000,1,true,false,33767.269,
cpp,1000,1,true,false,33757.18,
cpp,1000,1,true,false,33765.14,
cpp,1000,1,true,false,33769.927,
cpp,1000,1,true,false,33771.609,
cpp,1000,1,true,false,33448.3,
cpp,1000,1,true,false,33782.797,
cpp,1000,1,true,false,33777.901,
cpp,1000,1,true,false,33774.685,
cpp,1000,1,true,false,33776.228,
cpp,1000,1,true,false,33768.187,
cpp,1000,1,true,false,33789.105,
cpp,1000,1,true,false,33785.807,
cpp,1000,1,true,false,33772.982,
cpp,1000,1,true,false,33779.293,
cpp,1000,1,true,false,33792.34,
cpp,1000,1,true,false,33798.949,
cpp,1000,1,true,false,33802.819,
cpp,1000,1,true,false,33814.65,
cpp,1000,1,true,false,33797.235,
cpp,1000,1,true,false,33793.977,
cpp,1000,1,true,false,33800.354,
cpp,1000,1,true,false,33804.462,
cpp,1000,1,true,false,33817.683,
cpp,1000,1,true,false,33809.282,
cpp,1000,1,true,false,33816.01,
cpp,1000,1,true,false,33824.711,
cpp,1000,1,true,false,33795.417,
cpp,1000,1,true,false,33782.989,
cpp,1000,1,true,false,33834.737,
cpp,1000,1,true,false,33811.134,
cpp,1000,1,true,false,33454.066,
cpp,1000,1,true,false,33829.492,
cpp,1000,1,true,false,33822.924,
cpp,1000,1,true,false,33839.981,
cpp,1000,1,true,false,33789.375,
cpp,1000,1,true,false,33821.213,
cpp,1000,1,true,false,33838.23,
cpp,1000,1,true,false,33812.642,
cpp,1000,1,true,false,33845.036,
cpp,1000,1,true,false,33805.774,
cpp,1000,1,true,false,33819.392,
cpp,1000,1,true,false,33855.579,
cpp,1000,1,true,false,33779.569,
cpp,1000,1,true,false,33786.059,
cpp,1000,1,true,false,33850.017,
cpp,1000,1,true,false,33832.954,
cpp,1000,1,true,false,33807.361,
cpp,1000,1,true,false,33843.38,
cpp,1000,1,true,false,33827.682,
cpp,1000,1,true,false,33835.656,
cpp,1000,1,true,false,33860.188,
cpp,1000,1,true,false,33825.265,
cpp,1000,1,true,false,33850.43,
cpp,1000,1,true,false,33874.905,
cpp,1000,1,true,false,33853.223,
cpp,1000,1,true,false,33840.533,
cpp,1000,1,true,false,33881.729,
cpp,1000,1,true,false,33855.788,
cpp,1000,1,true,false,33867.176,
cpp,1000,1,true,false,33857.196,
cpp,1000,1,true,false,33898.451,
cpp,1000,1,true,false,33876.207,
cpp,1000,1,true,false,33829.879,
cpp,1000,1,true,false,33858.464,
cpp,1000,1,true,false,33873.415,
cpp,1000,1,true,false,33882.824,
cpp,1000,1,true,false,33869.659,
cpp,1000,1,true,false,33872.088,
cpp,1000,1,true,false,33879.013,
cpp,1000,1,true,false,33865.589,
cpp,1000,1,true,false,33894.561,
cpp,1000,1,true,false,33888.039,
cpp,1000,1,true,false,33870.788,
cpp,1000,1,true,false,33893.298,
cpp,1000,1,true,false,33862.715,
cpp,1000,1,true,false,33883.984,
cpp,1000,1,true,false,33880.097,
cpp,1000,1,true,false,33845.367,
cpp,1000,1,true,false,33889.19,
cpp,1000,1,true,false,33847.034,
cpp,1000,1,true,false,33868.227,
cpp,1000,1,true,false,33886.509,
cpp,1000,1,true,false,33851.472,
cpp,1000,1,true,false,33864.012,
cpp,1000,1,true,false,33861.077,
cpp,1000,1,true,false,33894.046,
cpp,1000,1,true,false,33884.998,
cpp,1000,1,true,false,33875.543,
cpp,1000,1,true,false,33897.836,
cpp,1000,1,true,false,33890.167,
cpp,1000,1,true,false,33914.854,
cpp,1000,1,true,false,33927.786,
cpp,1000,1,true,false,33926.378,
cpp,1000,1,true,false,33899.088,
cpp,1000,1,true,false,33918.551,
cpp,1000,1,true,false,33916.055,
cpp,1000,1,true,false,33900.477,
cpp,1000,1,true,false,33888.628,
cpp,1000,1,true,false,33930.464,
cpp,1000,1,true,false,33929.074,
cpp,1000,1,true,false,33901.751,
cpp,1000,1,true,false,33925.202,
cpp,1000,1,true,false,33907.011,
cpp,1000,1,true,false,33913.401,
cpp,1000,1,true,false,33902.999,
cpp,1000,1,true,false,33921.219,
cpp,1000,1,true,false,33910.857,
cpp,1000,1,true,false,33908.378,
cpp,1000,1,true,false,33904.4,
cpp,1000,1,true,false,33894.922,
cpp,1000,1,true,false,33909.515,
cpp,1000,1,true,false,33917.128,
cpp,1000,1,true,false,33905.606,
cpp,1000,1,true,false,33935.981,
cpp,1000,1,true,false,33919.343,
cpp,1000,1,true,false,33961.236,
cpp,1000,1,true,false,33910.784,
cpp,1000,1,true,false,33955.647,
cpp,1000,1,true,false,33931.563,
cpp,1000,1,true,false,33938.708,
cpp,1000,1,true,false,33950.227,
cpp,1000,1,true,false,33922.433,
cpp,1000,1,true,false,33983.912,
cpp,1000,1,true,false,33930.154,
cpp,1000,1,true,false,33932.524,
cpp,1000,1,true,false,33941.776,
cpp,1000,1,true,false,33943.32,
cpp,1000,1,true,false,33953.324,
cpp,1000,1,true,false,33936.639,
cpp,1000,1,true,false,33963.796,
cpp,1000,1,true,false,33939.988,
cpp,1000,1,true,false,33958.889,
cpp,1000,1,true,false,33920.82,
cpp,1000,1,true,false,33948.062,
cpp,1000,1,true,false,33951.156,
cpp,1000,1,true,false,33956.521,
cpp,1000,1,true,false,33944.001,
cpp,1000,1,true,false,33975.743,
cpp,1000,1,true,false,34015.384,
cpp,1000,1,true,false,33967.709,
cpp,1000,1,true,false,33961.284,
cpp,1000,1,true,false,33987.499,
cpp,1000,1,true,false,33970.845,
cpp,1000,1,true,false,33945.559,
cpp,1000,1,true,false,33985.809,
cpp,1000,1,true,false,33984.159,
cpp,1000,1,true,false,33992.201,
cpp,1000,1,true,false,33973.944,
cpp,1000,1,true,false,33977.298,
cpp,1000,1,true,false,33993.665,
cpp,1000,1,true,false,33988.994,
cpp,1000,1,true,false,33981.049,
cpp,1000,1,true,false,33965.93,
cpp,1000,1,true,false,33964.266,
cpp,1000,1,true,false,34038.32,
cpp,1000,1,true,false,33979.232,
cpp,1000,1,true,false,34013.732,
cpp,1000,1,true,false,33990.466,
cpp,1000,1,true,false,33969.083,
cpp,1000,1,true,false,34001.984,
cpp,1000,1,true,false,33972.215,
cpp,1000,1,true,false,33995.209,
cpp,1000,1,true,false,33998.688,
cpp,1000,1,true,false,34019.347,
cpp,1000,1,true,false,34003.145,
cpp,1000,1,true,false,34009.587,
cpp,1000,1,true,false,34005.587,
cpp,1000,1,true,false,33999.483,
cpp,1000,1,true,false,34040.681,
cpp,1000,1,true,false,33996.114,
cpp,1000,1,true,false,34055.16,
cpp,1000,1,true,false,34038.736,
cpp,1000,1,true,false,34023.692,
cpp,1000,1,true,false,34007.389,
cpp,1000,1,true,false,34025.327,
cpp,1000,1,true,false,34048.617,
cpp,1000,1,true,false,34061.866,
cpp,1000,1,true,false,34015.512,
cpp,1000,1,true,false,34042.038,
cpp,1000,1,true,false,34020.36,
cpp,1000,1,true,false,34046.775,
cpp,1000,1,true,false,34030.237,
cpp,1000,1,true,false,34026.831,
cpp,1000,1,true,false,34050.22,
cpp,1000,1,true,false,34071.582,
cpp,1000,1,true,false,34060.223,
cpp,1000,1,true,false,34043.452,
cpp,1000,1,true,false,34045.086,
cpp,1000,1,true,false,34053.207,
cpp,1000,1,true,false,34051.708,
cpp,1000,1,true,false,34033.304,
cpp,1000,1,true,false,34058.453,
cpp,1000,1,true,false,34010.583,
cpp,1000,1,true,false,34092.525,
cpp,1000,1,true,false,34021.834,
cpp,1000,1,true,false,34056.782,
cpp,1000,1,true,false,34035.174,
cpp,1000,1,true,false,34066.44,
cpp,1000,1,true,false,34016.808,
cpp,1000,1,true,false,34031.588,
cpp,1000,1,true,false,34062.984,
cpp,1000,1,true,false,34028.234,
cpp,1000,1,true,false,34092.038,
cpp,1000,1,true,false,34083.886,
cpp,1000,1,true,false,34077.592,
cpp,1000,1,true,false,34071.211,
cpp,1000,1,true,false,34074.41,
cpp,1000,1,true,false,34114.237,
cpp,1000,1,true,false,34088.978,
cpp,1000,1,true,false,34067.893,
cpp,1000,1,true,false,34082.213,
cpp,1000,1,true,false,34097.461,
cpp,1000,1,true,false,34096.062,
cpp,1000,1,true,false,34094.576,
cpp,1000,1,true,false,34093.156,
cpp,1000,1,true,false,34107.472,
cpp,1000,1,true,false,34106.092,
cpp,1000,1,true,false,34062.638,
cpp,1000,1,true,false,34066.202,
cpp,1000,1,true,false,34108.639,
cpp,1000,1,true,false,34075.808,
cpp,1000,1,true,false,34102.081,
cpp,1000,1,true,false,34112.523,
cpp,1000,1,true,false,34072.144,
cpp,1000,1,true,false,34080.008,
cpp,1000,1,true,false,34137.53,
cpp,1000,1,true,false,34114.96,
cpp,1000,1,true,false,34098.203,
cpp,1000,1,true,false,34131.774,
cpp,1000,1,true,false,34086.38,
cpp,1000,1,true,false,34120.018,
cpp,1000,1,true,false,34126.338,
cpp,1000,1,true,false,34078.267,
cpp,1000,1,true,false,34158.755,
cpp,1000,1,true,false,34162.782,
cpp,1000,1,true,false,34109.211,
cpp,1000,1,true,false,34135.383,
cpp,1000,1,true,false,34161.477,
cpp,1000,1,true,false,34156.14,
cpp,1000,1,true,false,34102.603,
cpp,1000,1,true,false,34099.59,
cpp,1000,1,true,false,34124.956,
cpp,1000,1,true,false,34084.494,
cpp,1000,1,true,false,34139.038,
cpp,1000,1,true,false,34145.655,
cpp,1000,1,true,false,34127.331,
cpp,1000,1,true,false,34141.568,
cpp,1000,1,true,false,34146.857,
cpp,1000,1,true,false,34115.864,
cpp,1000,1,true,false,34117.081,
cpp,1000,1,true,false,34123.507,
cpp,1000,1,true,false,34140.156,
cpp,1000,1,true,false,34133.24,
cpp,1000,1,true,false,34103.666,
cpp,1000,1,true,false,34128.532,
cpp,1000,1,true,false,34129.962,
cpp,1000,1,true,false,34151.959,
cpp,1000,1,true,false,34143.974,
cpp,1000,1,true,false,34110.234,
cpp,1000,1,true,false,34149.289,
cpp,1000,1,true,false,34122.035,
cpp,1000,1,true,false,34120.808,
cpp,1000,1,true,false,34118.16,
cpp,1000,1,true,false,34155.838,
cpp,1000,1,true,false,34168.641,
cpp,1000,1,true,false,33450.296,
cpp,1000,1,true,false,34176.312,
cpp,1000,1,true,false,34148.892,
cpp,1000,1,true,false,34151.433,
cpp,1000,1,true,false,34163.188,
cpp,1000,1,true,false,33452.356,
cpp,1000,1,true,false,34146.274,
cpp,1000,1,true,false,34140.883,
cpp,1000,1,true,false,34152.58,
cpp,1000,1,true,false,34161.868,
cpp,1000,1,true,false,34183.01,
cpp,1000,1,true,false,33456.518,
cpp,1000,1,true,false,33462.882,
cpp,1000,1,true,false,34164.399,
cpp,1000,1,true,false,34173.074,
cpp,1000,1,true,false,34186.081,
cpp,1000,1,true,false,34170.599,
cpp,1000,1,true,false,34169.291,
cpp,1000,1,true,false,34179.557,
cpp,1000,1,true,false,34166.863,
cpp,1000,1,true,false,34187.98,
cpp,1000,1,true,false,34174.472,
cpp,1000,1,true,false,34157.594,
cpp,1000,1,true,false,33442.356,
cpp,1000,1,true,false,34614.209,
cpp,1000,1,true,false,33477.598,
cpp,1000,1,true,false,33469.912,
cpp,1000,1,true,false,33475.445,
cpp,1000,1,true,false,33446.281,
cpp,1000,1,true,false,33452.964,
cpp,1000,1,true,false,33465.798,
cpp,1000,1,false,false,31025.343,transport-read-failure
cpp,1000,1,true,false,34164.138,
cpp,1000,1,true,false,34176.43,
cpp,1000,1,true,false,33472.852,
cpp,1000,1,true,false,34182.842,
cpp,1000,1,true,false,33467.757,
cpp,1000,1,false,false,31044.162,transport-read-failure
cpp,1000,1,false,false,31037.379,transport-read-failure
cpp,1000,1,false,false,31026.653,transport-read-failure
cpp,1000,1,true,false,33463.141,
cpp,1000,1,true,false,34179.75,
cpp,1000,1,true,false,33457.156,
cpp,1000,1,true,false,33459.196,
cpp,1000,1,false,false,31041.429,transport-read-failure
cpp,1000,1,false,false,2063.268,transport-read-failure
cpp,1000,1,true,false,34191.783,
cpp,1000,1,true,false,34170.192,
cpp,1000,1,true,false,33434.675,
cpp,1000,1,true,false,34193.811,
cpp,1000,1,true,false,34722.585,
cpp,1000,1,false,false,31033.606,transport-read-failure
cpp,1000,1,false,false,31043.71,transport-read-failure
cpp,1000,1,false,false,31040.389,transport-read-failure
cpp,1000,1,true,false,34616.058,
cpp,1000,1,false,false,2064.764,transport-read-failure
cpp,1000,1,false,false,31025.989,transport-read-failure
cpp,1000,1,false,false,2058.756,transport-read-failure
cpp,1000,1,false,false,31028.211,transport-read-failure
cpp,1000,1,false,false,31035.704,transport-read-failure
cpp,1000,1,false,false,31040.605,transport-read-failure
cpp,1000,1,false,false,31026.457,transport-read-failure
cpp,1000,1,false,false,31024.949,transport-read-failure
cpp,1000,1,false,false,2064.771,transport-read-failure
cpp,1000,1,false,false,31025.648,transport-read-failure
cpp,1000,1,false,false,31026.877,transport-read-failure
cpp,1000,1,false,false,31025.876,transport-read-failure
cpp,1000,1,false,false,31032.983,transport-read-failure
cpp,1000,1,false,false,2060.444,transport-read-failure
cpp,1000,1,false,false,31025.864,transport-read-failure
cpp,1000,1,false,false,2059.792,transport-read-failure
cpp,1000,1,false,false,2059.326,transport-read-failure
cpp,1000,1,false,false,2058.626,transport-read-failure
cpp,1000,1,false,false,2062.994,transport-read-failure
cpp,1000,1,false,false,31026.433,transport-read-failure
cpp,1000,1,false,false,31035.991,transport-read-failure
cpp,1000,1,false,false,31031.422,transport-read-failure
cpp,1000,1,false,false,31040.528,transport-read-failure
cpp,1000,1,true,false,34712.091,
cpp,1000,1,false,false,31035.114,transport-read-failure
cpp,1000,1,false,false,31025.336,transport-read-failure
cpp,1000,1,false,false,31036.726,transport-read-failure
cpp,1000,1,false,false,31031.346,transport-read-failure
cpp,1000,1,false,false,31034.203,transport-read-failure
cpp,1000,1,false,false,31037.953,transport-read-failure
cpp,1000,1,false,false,31025.008,transport-read-failure
cpp,1000,1,false,false,31032.365,transport-read-failure
cpp,1000,1,false,false,31032.038,transport-read-failure
cpp,1000,1,false,false,2061.14,transport-read-failure
cpp,1000,1,false,false,31026.446,transport-read-failure
cpp,1000,1,false,false,31035.272,transport-read-failure
cpp,1000,1,false,false,31033.818,transport-read-failure
cpp,1000,1,false,false,2058.736,transport-read-failure
cpp,1000,1,false,false,2060.116,transport-read-failure
cpp,1000,1,false,false,2059.732,transport-read-failure
cpp,1000,1,false,false,31032.778,transport-read-failure
cpp,1000,1,false,false,31023.048,transport-read-failure
cpp,1000,1,false,false,31023.624,transport-read-failure
cpp,1000,1,false,false,2062.842,transport-read-failure
cpp,1000,1,false,false,31022.683,transport-read-failure
cpp,1000,1,false,false,31038.065,transport-read-failure
cpp,1000,1,false,false,31038.111,transport-read-failure
cpp,1000,1,false,false,31024.895,transport-read-failure
cpp,1000,1,false,false,31033.425,transport-read-failure
cpp,1000,1,false,false,31025.228,transport-read-failure
cpp,1000,1,false,false,31023.402,transport-read-failure
cpp,1000,1,false,false,31034.913,transport-read-failure
cpp,1000,1,false,false,31024.558,transport-read-failure
cpp,1000,1,false,false,2058.718,transport-read-failure
cpp,1000,1,false,false,2058.671,transport-read-failure
cpp,1000,1,false,false,31032.518,transport-read-failure
cpp,1000,1,false,false,31033.829,transport-read-failure
cpp,1000,1,false,false,31024.861,transport-read-failure
cpp,1000,1,false,false,31022.697,transport-read-failure
cpp,1000,1,false,false,2061.526,transport-read-failure
cpp,1000,1,false,false,31029.258,transport-read-failure
cpp,1000,1,false,false,31022.701,transport-read-failure
cpp,1000,1,false,false,31035.886,transport-read-failure
cpp,1000,1,false,false,2058.198,transport-read-failure
cpp,1000,1,false,false,2056.14,transport-read-failure
cpp,1000,1,false,false,31023.04,transport-read-failure
cpp,1000,1,false,false,31022.588,transport-read-failure
cpp,1000,1,false,false,31029.256,transport-read-failure
cpp,1000,1,false,false,31027.664,transport-read-failure
cpp,1000,1,false,false,31031.861,transport-read-failure
cpp,1000,1,false,false,31022.519,transport-read-failure
cpp,1000,1,false,false,2058.324,transport-read-failure
cpp,1000,1,false,false,31030.718,transport-read-failure
cpp,1000,1,false,false,31023.084,transport-read-failure
cpp,1000,1,false,false,31020.96,transport-read-failure
cpp,1000,1,false,false,2057.72,transport-read-failure
cpp,1000,1,false,false,2059.24,transport-read-failure
cpp,1000,1,false,false,31021.713,transport-read-failure
cpp,1000,1,false,false,2059.747,transport-read-failure
cpp,1000,1,false,false,2058.645,transport-read-failure
cpp,1000,1,false,false,2046.611,transport-read-failure
cpp,1000,1,false,false,2056.987,transport-read-failure
cpp,1000,1,false,false,31033.367,transport-read-failure
cpp,1000,1,false,false,31027.949,transport-read-failure
cpp,1000,1,false,false,31028.482,transport-read-failure
cpp,1000,1,false,false,31034.477,transport-read-failure
cpp,1000,1,false,false,31020.991,transport-read-failure
cpp,1000,1,false,false,31034.945,transport-read-failure
cpp,1000,1,false,false,31029.321,transport-read-failure
cpp,1000,1,false,false,31028.534,transport-read-failure
cpp,1000,1,false,false,2055.439,transport-read-failure
cpp,1000,1,false,false,31029.888,transport-read-failure
cpp,1000,1,false,false,31031.76,transport-read-failure
cpp,1000,1,false,false,31034.18,transport-read-failure
cpp,1000,1,false,false,31023.23,transport-read-failure
cpp,1000,1,false,false,31033.412,transport-read-failure
cpp,1000,1,false,false,31033.12,transport-read-failure
cpp,1000,1,false,false,31027.652,transport-read-failure
cpp,1000,1,false,false,2058.436,transport-read-failure
cpp,1000,1,false,false,2058.913,transport-read-failure
cpp,1000,1,false,false,2057.777,transport-read-failure
cpp,1000,1,false,false,31023.524,transport-read-failure
cpp,1000,1,false,false,31019.709,transport-read-failure
cpp,1000,1,false,false,2057.444,transport-read-failure
cpp,1000,1,false,false,31033.618,transport-read-failure
cpp,1000,1,false,false,31022.018,transport-read-failure
cpp,1000,1,false,false,31020.148,transport-read-failure
cpp,1000,1,false,false,2055.831,transport-read-failure
cpp,1000,1,false,false,31026.286,transport-read-failure
cpp,1000,1,false,false,31019.906,transport-read-failure
cpp,1000,1,false,false,31038.158,transport-read-failure
cpp,1000,1,false,false,31019.785,transport-read-failure
cpp,1000,1,false,false,2043.166,transport-read-failure
cpp,1000,1,false,false,2039.704,transport-read-failure
cpp,1000,1,false,false,2058.461,transport-read-failure
cpp,1000,1,false,false,31031.214,transport-read-failure
cpp,1000,1,false,false,2059.397,transport-read-failure
cpp,1000,1,false,false,31037.549,transport-read-failure
cpp,1000,1,false,false,31037.738,transport-read-failure
cpp,1000,1,false,false,2058.619,transport-read-failure
cpp,1000,1,false,false,31025.968,transport-read-failure
cpp,1000,1,false,false,31032.129,transport-read-failure
cpp,1000,1,false,false,31025.797,transport-read-failure
cpp,1000,1,false,false,31023.921,transport-read-failure
cpp,1000,1,false,false,2058.577,transport-read-failure
cpp,1000,1,false,false,31036.216,transport-read-failure
cpp,1000,1,false,false,31036.019,transport-read-failure
cpp,1000,1,false,false,31025.135,transport-read-failure
cpp,1000,1,false,false,2042.257,transport-read-failure
cpp,1000,1,false,false,31024.669,transport-read-failure
cpp,1000,1,false,false,31024.626,transport-read-failure
cpp,1000,1,false,false,31028.007,transport-read-failure
cpp,1000,1,false,false,2057.789,transport-read-failure
cpp,1000,1,false,false,31035.466,transport-read-failure
cpp,1000,1,false,false,2038.555,transport-read-failure
cpp,1000,1,false,false,2057.707,transport-read-failure
cpp,1000,1,false,false,2056.349,transport-read-failure
cpp,1000,1,false,false,2056.878,transport-read-failure
cpp,1000,1,false,false,31024.975,transport-read-failure
cpp,1000,1,false,false,31027.365,transport-read-failure
cpp,1000,1,false,false,2039.098,transport-read-failure
cpp,1000,1,false,false,31035.435,transport-read-failure
cpp,1000,1,false,false,31035.642,transport-read-failure
cpp,1000,1,false,false,31018.672,transport-read-failure
cpp,1000,1,false,false,2042.37,transport-read-failure
cpp,1000,1,false,false,2056.541,transport-read-failure
cpp,1000,1,false,false,31022.334,transport-read-failure
cpp,1000,1,false,false,31027.9,transport-read-failure
cpp,1000,1,false,false,31027.948,transport-read-failure
cpp,1000,1,false,false,31018.828,transport-read-failure
cpp,1000,1,false,false,2038.691,transport-read-failure
cpp,1000,1,false,false,31017.585,transport-read-failure
cpp,1000,1,false,false,31024.147,transport-read-failure
cpp,1000,1,false,false,2038.243,transport-read-failure
cpp,1000,1,false,false,31023.525,transport-read-failure
cpp,1000,1,false,false,2054.192,transport-read-failure
cpp,1000,1,false,false,31025.559,transport-read-failure
cpp,1000,1,false,false,31033.413,transport-read-failure
cpp,1000,1,false,false,31033.253,transport-read-failure
cpp,1000,1,false,false,31022.84,transport-read-failure
cpp,1000,1,false,false,2055.039,transport-read-failure
cpp,1000,1,false,false,2054.99,transport-read-failure
cpp,1000,1,false,false,31028.164,transport-read-failure
cpp,1000,1,false,false,2037.053,transport-read-failure
cpp,1000,1,false,false,31027.705,transport-read-failure
cpp,1000,1,false,false,31032.912,transport-read-failure
cpp,1000,1,false,false,2056.143,transport-read-failure
cpp,1000,1,false,false,31029.613,transport-read-failure
cpp,1000,1,false,false,31021.536,transport-read-failure
cpp,1000,1,false,false,31020.148,transport-read-failure
cpp,1000,1,false,false,2040.182,transport-read-failure
cpp,1000,1,false,false,31025.638,transport-read-failure
cpp,1000,1,false,false,2056.107,transport-read-failure
cpp,1000,1,false,false,31032.673,transport-read-failure
cpp,1000,1,false,false,31016.224,transport-read-failure
cpp,1000,1,false,false,31017.337,transport-read-failure
cpp,1000,1,false,false,2053.872,transport-read-failure
cpp,1000,1,false,false,2051.617,transport-read-failure
cpp,1000,1,false,false,31022.046,transport-read-failure
cpp,1000,1,false,false,31029.381,transport-read-failure
cpp,1000,1,false,false,2055.253,transport-read-failure
cpp,1000,1,false,false,2037.555,transport-read-failure
cpp,1000,1,false,false,31015.463,transport-read-failure
cpp,1000,1,false,false,31028.758,transport-read-failure
cpp,1000,1,false,false,31027.359,transport-read-failure
cpp,1000,1,false,false,31019.783,transport-read-failure
cpp,1000,1,false,false,31029.359,transport-read-failure
cpp,1000,1,false,false,2038.395,transport-read-failure
cpp,1000,1,false,false,2040.365,transport-read-failure
cpp,1000,1,false,false,2053.601,transport-read-failure
cpp,1000,1,false,false,31024.186,transport-read-failure
cpp,1000,1,false,false,2054.666,transport-read-failure
cpp,1000,1,false,false,2054.868,transport-read-failure
cpp,1000,1,false,false,31026.481,transport-read-failure
cpp,1000,1,false,false,31030.92,transport-read-failure
cpp,1000,1,false,false,31026.392,transport-read-failure
cpp,1000,1,false,false,2054.488,transport-read-failure
cpp,1000,1,false,false,31033.646,transport-read-failure
cpp,1000,1,false,false,31039.779,transport-read-failure
cpp,1000,1,false,false,31027.463,transport-read-failure
cpp,1000,1,false,false,31028.193,transport-read-failure
cpp,1000,1,false,false,31025.714,transport-read-failure
cpp,1000,1,false,false,31024.982,transport-read-failure
cpp,1000,1,false,false,2054.674,transport-read-failure
cpp,1000,1,false,false,2054.196,transport-read-failure
cpp,1000,1,false,false,31034.167,transport-read-failure
cpp,1000,1,false,false,2052.142,transport-read-failure
cpp,1000,1,false,false,31018.221,transport-read-failure
cpp,1000,1,false,false,2036.919,transport-read-failure
cpp,1000,1,false,false,2049.947,transport-read-failure
cpp,1000,1,false,false,31014.352,transport-read-failure
cpp,1000,1,false,false,31020.673,transport-read-failure
cpp,1000,1,false,false,31016.582,transport-read-failure
cpp,1000,1,false,false,31030.965,transport-read-failure
cpp,1000,1,false,false,2053.116,transport-read-failure
cpp,1000,1,false,false,31026.811,transport-read-failure
cpp,1000,1,false,false,2039.353,transport-read-failure
cpp,1000,1,false,false,2037.644,transport-read-failure
cpp,1000,1,false,false,2051.774,transport-read-failure
cpp,1000,1,false,false,31017.141,transport-read-failure
cpp,1000,1,false,false,31018.107,transport-read-failure
cpp,1000,1,false,false,31021.565,transport-read-failure
cpp,1000,1,false,false,31032.139,transport-read-failure
cpp,1000,1,false,false,2052.509,transport-read-failure
cpp,1000,1,false,false,2052.28,transport-read-failure
cpp,1000,1,false,false,2052.86,transport-read-failure
cpp,1000,1,false,false,2037.031,transport-read-failure
cpp,1000,1,false,false,31018.684,transport-read-failure
cpp,1000,1,false,false,31017.394,transport-read-failure
cpp,1000,1,false,false,31020.522,transport-read-failure
cpp,1000,1,false,false,2034.09,transport-read-failure
cpp,1000,1,false,false,31024.61,transport-read-failure
cpp,1000,1,false,false,31024.22,transport-read-failure
cpp,1000,1,false,false,2052.449,transport-read-failure
cpp,1000,1,false,false,2051.979,transport-read-failure
cpp,1000,1,false,false,31016.562,transport-read-failure
cpp,1000,1,false,false,31014.279,transport-read-failure
cpp,1000,1,false,false,31018.382,transport-read-failure
cpp,1000,1,false,false,31012.615,transport-read-failure
cpp,1000,1,false,false,31028.542,transport-read-failure
cpp,1000,1,false,false,31011.997,transport-read-failure
cpp,1000,1,false,false,31027.462,transport-read-failure
cpp,1000,1,false,false,31022.728,transport-read-failure
cpp,1000,1,false,false,2034.805,transport-read-failure
cpp,1000,1,false,false,2051.849,transport-read-failure
cpp,1000,1,false,false,31019.497,transport-read-failure
cpp,1000,1,false,false,31019.99,transport-read-failure
cpp,1000,1,false,false,31022.624,transport-read-failure
cpp,1000,1,false,false,31023.536,transport-read-failure
cpp,1000,1,false,false,31021.036,transport-read-failure
cpp,1000,1,false,false,2051.013,transport-read-failure
cpp,1000,1,false,false,2035.316,transport-read-failure
cpp,1000,1,false,false,31022.025,transport-read-failure
cpp,1000,1,false,false,31018.066,transport-read-failure
cpp,1000,1,false,false,31016.541,transport-read-failure
cpp,1000,1,false,false,2051.753,transport-read-failure
cpp,1000,1,false,false,2050.988,transport-read-failure
cpp,1000,1,false,false,31027.088,transport-read-failure
cpp,1000,1,false,false,31021.26,transport-read-failure
cpp,1000,1,false,false,2049.692,transport-read-failure
cpp,1000,1,false,false,2034.861,transport-read-failure
cpp,1000,1,false,false,2050.934,transport-read-failure
cpp,1000,1,false,false,31021.58,transport-read-failure
cpp,1000,1,false,false,2033.775,transport-read-failure
cpp,1000,1,false,false,2051.571,transport-read-failure
cpp,1000,1,false,false,2051.363,transport-read-failure
cpp,1000,1,false,false,31013.577,transport-read-failure
cpp,1000,1,false,false,31021.244,transport-read-failure
cpp,1000,1,false,false,31012.376,transport-read-failure
cpp,1000,1,false,false,31017.84,transport-read-failure
cpp,1000,1,false,false,31014.888,transport-read-failure
cpp,1000,1,false,false,31024.785,transport-read-failure
cpp,1000,1,false,false,31020.6,transport-read-failure
cpp,1000,1,false,false,31023.138,transport-read-failure
cpp,1000,1,false,false,31024.121,transport-read-failure
cpp,1000,1,false,false,31020.755,transport-read-failure
cpp,1000,1,false,false,2050.187,transport-read-failure
cpp,1000,1,false,false,31019.78,transport-read-failure
cpp,1000,1,false,false,31014.289,transport-read-failure
cpp,1000,1,false,false,31013.417,transport-read-failure
cpp,1000,1,false,false,31009.689,transport-read-failure
cpp,1000,1,false,false,31018.536,transport-read-failure
cpp,1000,1,false,false,2048.513,transport-read-failure
cpp,1000,1,false,false,31020.381,transport-read-failure
cpp,1000,1,false,false,2046.545,transport-read-failure
cpp,1000,1,false,false,2031.051,transport-read-failure
cpp,1000,1,true,false,34188.113,
cpp,1000,1,false,false,31012.304,transport-read-failure
cpp,1000,1,false,false,2049.51,transport-read-failure
cpp,1000,1,false,false,31010.613,transport-read-failure
cpp,1000,1,false,false,2033.232,transport-read-failure
cpp,1000,1,true,false,34191.428,
cpp,1000,1,true,false,34179.157,
cpp,1000,1,true,false,34193.764,
cpp,1000,1,true,false,34189.263,
cpp,1000,1,true,false,34211.06,
cpp,1000,1,true,false,34197.69,
cpp,1000,1,true,false,34238.062,
cpp,1000,1,true,false,34180.58,
cpp,1000,1,true,false,34199.331,
cpp,1000,1,true,false,34228.854,
cpp,1000,1,true,false,34204.384,
cpp,1000,1,true,false,34222.068,
cpp,1000,1,true,false,34466.026,
cpp,1000,1,true,false,34218.337,
cpp,1000,1,true,false,34230.477,
cpp,1000,1,true,false,34220.037,
cpp,1000,1,true,false,34207.777,
cpp,1000,1,true,false,34216.51,
cpp,1000,1,true,false,34209.294,
cpp,1000,1,true,false,34200.82,
cpp,1000,1,true,false,34206.06,
cpp,1000,1,true,false,34227.213,
cpp,1000,1,true,false,34223.654,
cpp,1000,1,true,false,34173.325,
cpp,1000,1,true,false,34240.886,
cpp,1000,1,true,false,34182.006,
cpp,1000,1,true,false,34248.837,
cpp,1000,1,true,false,34183.94,
cpp,1000,1,true,false,34235.839,
cpp,1000,1,true,false,34185.472,
cpp,1000,1,true,false,33464.982,
cpp,1000,1,true,false,34171.562,
cpp,1000,1,true,false,34195.37,
cpp,1000,1,true,false,34225.116,
cpp,1000,1,true,false,34202.303,
cpp,1000,1,true,false,34240.71,
cpp,1000,1,true,false,34241.961,
cpp,1000,1,true,false,34254.815,
cpp,1000,1,true,false,34256.165,
cpp,1000,1,true,false,34248.111,
cpp,1000,1,true,false,34212.012,
cpp,1000,1,true,false,34270.514,
cpp,1000,1,true,false,34237.024,
cpp,1000,1,true,false,34230.027,
cpp,1000,1,true,false,34244.795,
cpp,1000,1,true,false,34274.148,
cpp,1000,1,true,false,34272.448,
cpp,1000,1,true,false,34260.701,
cpp,1000,1,true,false,34267.146,
cpp,1000,1,true,false,34257.55,
cpp,1000,1,true,false,34265.534,
cpp,1000,1,true,false,34292.396,
cpp,1000,1,true,false,34251.192,
cpp,1000,1,true,false,34268.755,
cpp,1000,1,true,false,34298.675,
cpp,1000,1,true,false,34231.642,
cpp,1000,1,true,false,34243.084,
cpp,1000,1,true,false,34252.782,
cpp,1000,1,true,false,34249.403,
cpp,1000,1,true,false,34303.901,
cpp,1000,1,true,false,34259.022,
cpp,1000,1,true,false,34283.152,
cpp,1000,1,true,false,34284.674,
cpp,1000,1,true,false,34294.719,
cpp,1000,1,true,false,34261.214,
cpp,1000,1,true,false,34304.663,
cpp,1000,1,true,false,34276.287,
cpp,1000,1,true,false,34262.688,
cpp,1000,1,true,false,34281.456,
cpp,1000,1,true,false,34296.168,
cpp,1000,1,true,false,34324.177,
cpp,1000,1,true,false,34289.786,
cpp,1000,1,true,false,34310.039,
cpp,1000,1,true,false,34278.106,
cpp,1000,1,true,false,34317.877,
cpp,1000,1,true,false,34308.469,
cpp,1000,1,true,false,34301.379,
cpp,1000,1,true,false,34315.051,
cpp,1000,1,true,false,34311.924,
cpp,1000,1,true,false,34306.43,
cpp,1000,1,true,false,34287.932,
cpp,1000,1,true,false,34274.538,
cpp,1000,1,true,false,34286.279,
cpp,1000,1,true,false,34299.258,
cpp,1000,1,true,false,34292.678,
cpp,1000,1,true,false,34278.533,
cpp,1000,1,true,false,34368.15,
cpp,1000,1,true,false,34326.81,
cpp,1000,1,true,false,34321.688,
cpp,1000,1,true,false,34319.136,
cpp,1000,1,true,false,34312.293,
cpp,1000,1,true,false,34341.052,
cpp,1000,1,true,false,34325.488,
cpp,1000,1,true,false,34317.747,
cpp,1000,1,true,false,34344.505,
cpp,1000,1,true,false,34339.54,
cpp,1000,1,true,false,34332.937,
cpp,1000,1,true,false,34359.262,
cpp,1000,1,true,false,34329.202,
cpp,1000,1,true,false,34331.586,
cpp,1000,1,true,false,34357.114,
cpp,1000,1,true,false,34324.108,
cpp,1000,1,true,false,34335.489,
cpp,1000,1,true,false,34387.755,
cpp,1000,1,true,false,34346.02,
cpp,1000,1,true,false,34342.542,
cpp,1000,1,true,false,34327.748,
cpp,1000,1,true,false,34349.318,
cpp,1000,1,true,false,34330.231,
cpp,1000,1,true,false,34314.876,
cpp,1000,1,true,false,34320.026,
cpp,1000,1,true,false,34337.961,
cpp,1000,1,true,false,34352.915,
cpp,1000,1,true,false,34334.04,
cpp,1000,1,true,false,34360.281,
cpp,1000,1,true,false,34388.463,
cpp,1000,1,true,false,34361.991,
cpp,1000,1,true,false,34345.972,
cpp,1000,1,true,false,34371.778,
cpp,1000,1,true,false,34397.271,
cpp,1000,1,true,false,34394.187,
cpp,1000,1,true,false,34378.31,
cpp,1000,1,true,false,34352.911,
cpp,1000,1,true,false,34363.441,
cpp,1000,1,true,false,34407.827,
cpp,1000,1,true,false,34384.132,
cpp,1000,1,true,false,34334.794,
cpp,1000,1,true,false,34374.859,
cpp,1000,1,true,false,34373.408,
cpp,1000,1,true,false,34349.149,
cpp,1000,1,true,false,34379.996,
cpp,1000,1,true,false,34405.743,
cpp,1000,1,true,false,34398.695,
cpp,1000,1,true,false,34411.188,
cpp,1000,1,true,false,34388.822,
cpp,1000,1,true,false,34413.288,
cpp,1000,1,true,false,34394.924,
cpp,1000,1,true,false,34417.301,
cpp,1000,1,true,false,34421.703,
cpp,1000,1,true,false,34424.795,
cpp,1000,1,true,false,34391.52,
cpp,1000,1,true,false,34390.212,
cpp,1000,1,true,false,33459.267,
cpp,1000,1,true,false,34432.169,
cpp,1000,1,true,false,34381.642,
cpp,1000,1,true,false,34423.145,
cpp,1000,1,true,false,34429.959,
cpp,1000,1,true,false,34434.397,
cpp,1000,1,true,false,34409.354,
cpp,1000,1,true,false,34415.266,
cpp,1000,1,true,false,34399.781,
cpp,1000,1,true,false,33460.974,
cpp,1000,1,true,false,34436.479,
cpp,1000,1,true,false,33462.292,
cpp,1000,1,true,false,34400.44,
cpp,1000,1,false,false,2053.214,transport-read-failure
cpp,1000,1,true,false,34427.068,
cpp,1000,1,true,false,34425.383,
cpp,1000,1,true,false,33469.336,
cpp,1000,1,true,false,33473.113,
cpp,1000,1,true,false,34402.026,
cpp,1000,1,true,false,34438.99,
cpp,1000,1,true,false,33475.164,
cpp,1000,1,true,false,34445.329,
cpp,1000,1,true,false,33471.043,
cpp,1000,1,true,false,33463.474,
cpp,1000,1,false,false,2052.701,transport-read-failure
cpp,1000,1,true,false,34437.188,
cpp,1000,1,false,false,2052.114,transport-read-failure
cpp,1000,1,true,false,34440.371,
cpp,1000,1,true,false,34417.947,
cpp,1000,1,true,false,34451.15,
cpp,1000,1,true,false,34442.576,
cpp,1000,1,true,false,33453.753,
cpp,1000,1,false,false,2052.536,transport-read-failure
cpp,1000,1,true,false,33467.045,
cpp,1000,1,true,false,34446.748,
cpp,1000,1,false,false,2052.426,transport-read-failure
cpp,1000,1,true,false,33465.114,
cpp,1000,1,false,false,2052.568,transport-read-failure
cpp,1000,1,false,false,2051.447,transport-read-failure
cpp,1000,1,false,false,2051.769,transport-read-failure
cpp,1000,1,false,false,2038.174,transport-read-failure
cpp,1000,1,false,false,2051.782,transport-read-failure
cpp,1000,1,false,false,2051.573,transport-read-failure
cpp,1000,1,true,false,33477.976,
cpp,1000,1,false,false,2051.679,transport-read-failure
cpp,1000,1,false,false,2051.692,transport-read-failure
cpp,1000,1,true,false,33540.079,
cpp,1000,1,true,false,33215.342,
cpp,1000,1,true,false,34523.158,
net10,100,1,true,false,1558.027,
net10,100,1,true,false,1546.179,
net10,100,1,true,false,1500.108,
net10,100,1,true,false,1571.027,
net10,100,1,true,false,1515.197,
net10,100,1,true,false,1550.109,
net10,100,1,true,false,1469.405,
net10,100,1,true,false,1547.604,
net10,100,1,true,false,1478.285,
net10,100,1,true,false,1441.463,
net10,100,1,true,false,1548.277,
net10,100,1,true,false,1514.577,
net10,100,1,true,false,1515.252,
net10,100,1,true,false,1467.076,
net10,100,1,true,false,1583.658,
net10,100,1,true,false,1532.418,
net10,100,1,true,false,1436.31,
net10,100,1,true,false,1440.156,
net10,100,1,true,false,1571.906,
net10,100,1,true,false,1466.628,
net10,100,1,true,false,1514.094,
net10,100,1,true,false,1448.974,
net10,100,1,true,false,1439.012,
net10,100,1,true,false,1482.429,
net10,100,1,true,false,1549.018,
net10,100,1,true,false,1564.348,
net10,100,1,true,false,1563.599,
net10,100,1,true,false,1435.516,
net10,100,1,true,false,1549.015,
net10,100,1,true,false,1554.094,
net10,100,1,true,false,1525.358,
net10,100,1,true,false,1436.509,
net10,100,1,true,false,1565.662,
net10,100,1,true,false,1568.218,
net10,100,1,true,false,1512.194,
net10,100,1,true,false,1432.418,
net10,100,1,true,false,1442.658,
net10,100,1,true,false,1534.698,
net10,100,1,true,false,1465.314,
net10,100,1,true,false,1446.262,
net10,100,1,true,false,1481.603,
net10,100,1,true,false,1448.102,
net10,100,1,true,false,1480.908,
net10,100,1,true,false,1437.801,
net10,100,1,true,false,1553.368,
net10,100,1,true,false,1541.328,
net10,100,1,true,false,1479.379,
net10,100,1,true,false,1462.95,
net10,100,1,true,false,1477.867,
net10,100,1,true,false,1457.223,
net10,100,1,true,false,1447.764,
net10,100,1,true,false,1566.592,
net10,100,1,true,false,1477.93,
net10,100,1,true,false,1563.751,
net10,100,1,true,false,1507.924,
net10,100,1,true,false,1480.059,
net10,100,1,true,false,1552.901,
net10,100,1,true,false,1481.057,
net10,100,1,true,false,1433.546,
net10,100,1,true,false,1562.549,
net10,100,1,true,false,1434.557,
net10,100,1,true,false,1463.131,
net10,100,1,true,false,1510.287,
net10,100,1,true,false,1569.006,
net10,100,1,true,false,1445.948,
net10,100,1,true,false,1543.634,
net10,100,1,true,false,1444.409,
net10,100,1,true,false,1463.632,
net10,100,1,true,false,1568.677,
net10,100,1,true,false,1499.889,
net10,100,1,true,false,1546.194,
net10,100,1,true,false,1531.951,
net10,100,1,true,false,1550.599,
net10,100,1,true,false,1479.254,
net10,100,1,true,false,1463.267,
net10,100,1,true,false,1499.314,
net10,100,1,true,false,1471.925,
net10,100,1,true,false,1444.05,
net10,100,1,true,false,1478.097,
net10,100,1,true,false,1432.403,
net10,100,1,true,false,1578.775,
net10,100,1,true,false,1513.319,
net10,100,1,true,false,1549.911,
net10,100,1,true,false,1541.814,
net10,100,1,true,false,1478.442,
net10,100,1,true,false,1542.322,
net10,100,1,true,false,1530.842,
net10,100,1,true,false,1547.246,
net10,100,1,true,false,1559.841,
net10,100,1,true,false,1550.303,
net10,100,1,true,false,1445.12,
net10,100,1,true,false,1508.863,
net10,100,1,true,false,1445.614,
net10,100,1,true,false,1447.063,
net10,100,1,true,false,1445.04,
net10,100,1,true,false,1468.116,
net10,100,1,true,false,1517.168,
net10,100,1,true,false,1450.333,
net10,100,1,true,false,1436.692,
net10,100,1,true,false,1482.954,
net10,500,1,true,false,2502.166,
net10,500,1,true,false,2551.288,
net10,500,1,true,false,2522.98,
net10,500,1,true,false,2556.242,
net10,500,1,true,false,2388.864,
net10,500,1,true,false,2624.943,
net10,500,1,true,false,2520.08,
net10,500,1,true,false,2508.978,
net10,500,1,true,false,2586.183,
net10,500,1,true,false,2501.881,
net10,500,1,true,false,2537.456,
net10,500,1,true,false,2377.492,
net10,500,1,true,false,2417.374,
net10,500,1,true,false,2389.038,
net10,500,1,true,false,2243.993,
net10,500,1,true,false,2324.307,
net10,500,1,true,false,2401.67,
net10,500,1,true,false,2385.462,
net10,500,1,true,false,2389.23,
net10,500,1,true,false,2625.133,
net10,500,1,true,false,2152.786,
net10,500,1,true,false,2388.415,
net10,500,1,true,false,2460.218,
net10,500,1,true,false,2274.958,
net10,500,1,true,false,2390.383,
net10,500,1,true,false,2539.557,
net10,500,1,true,false,2415.516,
net10,500,1,true,false,2401.792,
net10,500,1,true,false,2377.618,
net10,500,1,true,false,2422.973,
net10,500,1,true,false,2408.311,
net10,500,1,true,false,2387.961,
net10,500,1,true,false,2521.79,
net10,500,1,true,false,2402.58,
net10,500,1,true,false,2387.796,
net10,500,1,true,false,2407.837,
net10,500,1,true,false,2408.118,
net10,500,1,true,false,2437.076,
net10,500,1,true,false,2267.076,
net10,500,1,true,false,2573.631,
net10,500,1,true,false,2521.006,
net10,500,1,true,false,2388.28,
net10,500,1,true,false,2536.599,
net10,500,1,true,false,2387.243,
net10,500,1,true,false,2524.294,
net10,500,1,true,false,2386.701,
net10,500,1,true,false,2540.535,
net10,500,1,true,false,2388.031,
net10,500,1,true,false,2400.885,
net10,500,1,true,false,2388.538,
net10,500,1,true,false,2534.596,
net10,500,1,true,false,1998.401,
net10,500,1,true,false,2340.79,
net10,500,1,true,false,2579.713,
net10,500,1,true,false,2353.294,
net10,500,1,true,false,2365.483,
net10,500,1,true,false,2400.056,
net10,500,1,true,false,2440.827,
net10,500,1,true,false,2480.281,
net10,500,1,true,false,2255.354,
net10,500,1,true,false,2312.56,
net10,500,1,true,false,2252.684,
net10,500,1,true,false,2608.005,
net10,500,1,true,false,2575.318,
net10,500,1,true,false,2376.168,
net10,500,1,true,false,2387.097,
net10,500,1,true,false,2375.758,
net10,500,1,true,false,2579.079,
net10,500,1,true,false,2524.846,
net10,500,1,true,false,2423.009,
net10,500,1,true,false,2400.403,
net10,500,1,true,false,2241.401,
net10,500,1,true,false,2395.375,
net10,500,1,true,false,2425.818,
net10,500,1,true,false,2393.708,
net10,500,1,true,false,2311.801,
net10,500,1,true,false,2407.581,
net10,500,1,true,false,2419.584,
net10,500,1,true,false,2406.158,
net10,500,1,true,false,2554.164,
net10,500,1,true,false,2386.133,
net10,500,1,true,false,2386.505,
net10,500,1,true,false,2322.812,
net10,500,1,true,false,2537.253,
net10,500,1,true,false,2607.018,
net10,500,1,true,false,2311.341,
net10,500,1,true,false,2556.131,
net10,500,1,true,false,2386.086,
net10,500,1,true,false,2536.603,
net10,500,1,true,false,2525.096,
net10,500,1,true,false,2353.871,
net10,500,1,true,false,2462.768,
net10,500,1,true,false,2019.366,
net10,500,1,true,false,2357.822,
net10,500,1,true,false,2272.233,
net10,500,1,true,false,2434.31,
net10,500,1,true,false,2537.295,
net10,500,1,true,false,2408.213,
net10,500,1,true,false,2400.816,
net10,500,1,true,false,2399.82,
net10,500,1,true,false,2393.172,
net10,500,1,true,false,2262.672,
net10,500,1,true,false,2306.129,
net10,500,1,true,false,2109.031,
net10,500,1,true,false,2315.867,
net10,500,1,true,false,2369.403,
net10,500,1,true,false,2428.296,
net10,500,1,true,false,2585.964,
net10,500,1,true,false,2479.636,
net10,500,1,true,false,2223.49,
net10,500,1,true,false,2399.472,
net10,500,1,true,false,2106.417,
net10,500,1,true,false,2569.539,
net10,500,1,true,false,2224.864,
net10,500,1,true,false,2514.116,
net10,500,1,true,false,2401.008,
net10,500,1,true,false,2370.119,
net10,500,1,true,false,2518.069,
net10,500,1,true,false,2514.142,
net10,500,1,true,false,2570.776,
net10,500,1,true,false,2564.856,
net10,500,1,true,false,2039.741,
net10,500,1,true,false,2616.409,
net10,500,1,true,false,2403.595,
net10,500,1,true,false,2026.356,
net10,500,1,true,false,2233.43,
net10,500,1,true,false,2661.722,
net10,500,1,true,false,2382.94,
net10,500,1,true,false,2433.423,
net10,500,1,true,false,2105.92,
net10,500,1,true,false,2511.834,
net10,500,1,true,false,2438.741,
net10,500,1,true,false,2069.262,
net10,500,1,true,false,2565.64,
net10,500,1,true,false,2564.22,
net10,500,1,true,false,2118.198,
net10,500,1,true,false,2105.021,
net10,500,1,true,false,2235.108,
net10,500,1,true,false,1932.092,
net10,500,1,true,false,2513.582,
net10,500,1,true,false,2564.834,
net10,500,1,true,false,2569.39,
net10,500,1,true,false,2014.797,
net10,500,1,true,false,2014.898,
net10,500,1,true,false,2563.944,
net10,500,1,true,false,1929.819,
net10,500,1,true,false,2521.088,
net10,500,1,true,false,2159.745,
net10,500,1,true,false,2220.838,
net10,500,1,true,false,2449.941,
net10,500,1,true,false,1908.054,
net10,500,1,true,false,2366.723,
net10,500,1,true,false,1905.933,
net10,500,1,true,false,2568.59,
net10,500,1,true,false,2568.754,
net10,500,1,true,false,2082.098,
net10,500,1,true,false,2010.304,
net10,500,1,true,false,2009.811,
net10,500,1,true,false,1916.738,
net10,500,1,true,false,2241.874,
net10,500,1,true,false,2569.056,
net10,500,1,true,false,2566.964,
net10,500,1,true,false,2635.792,
net10,500,1,true,false,1908.454,
net10,500,1,true,false,2037.174,
net10,500,1,true,false,2583.49,
net10,500,1,true,false,1275.728,
net10,500,1,true,false,2597.957,
net10,500,1,true,false,1285.228,
net10,500,1,true,false,2572.977,
net10,500,1,true,false,1922.021,
net10,500,1,true,false,2601.254,
net10,500,1,true,false,2102.064,
net10,500,1,true,false,2509.771,
net10,500,1,true,false,2055.339,
net10,500,1,true,false,2009.813,
net10,500,1,true,false,2567.308,
net10,500,1,true,false,2508.049,
net10,500,1,true,false,2404.757,
net10,500,1,true,false,1263.767,
net10,500,1,true,false,1282.695,
net10,500,1,true,false,1296.502,
net10,500,1,true,false,2582.345,
net10,500,1,true,false,1265.336,
net10,500,1,true,false,1396.505,
net10,500,1,true,false,2542.004,
net10,500,1,true,false,2009.211,
net10,500,1,true,false,2635.543,
net10,500,1,true,false,2581.998,
net10,500,1,true,false,2578.658,
net10,500,1,true,false,2567.426,
net10,500,1,true,false,2164.028,
net10,500,1,true,false,2376.338,
net10,500,1,true,false,2176.64,
net10,500,1,true,false,2342.141,
net10,500,1,true,false,1273.556,
net10,500,1,true,false,1904.446,
net10,500,1,true,false,2643.601,
net10,500,1,true,false,1933.568,
net10,500,1,true,false,2580.244,
net10,500,1,true,false,1430.554,
net10,500,1,true,false,1947.574,
net10,500,1,true,false,1283.459,
net10,500,1,true,false,1929.948,
net10,500,1,true,false,2505.323,
net10,500,1,true,false,1280.9,
net10,500,1,true,false,2533.414,
net10,500,1,true,false,1457.923,
net10,500,1,true,false,1427.945,
net10,500,1,true,false,2120.791,
net10,500,1,true,false,2543.048,
net10,500,1,true,false,2048.374,
net10,500,1,true,false,1488.756,
net10,500,1,true,false,1368.267,
net10,500,1,true,false,2517.796,
net10,500,1,true,false,1274.483,
net10,500,1,true,false,1791.527,
net10,500,1,true,false,1789.021,
net10,500,1,true,false,1261.33,
net10,500,1,true,false,1969.952,
net10,500,1,true,false,2559.398,
net10,500,1,true,false,2592.603,
net10,500,1,true,false,2570.573,
net10,500,1,true,false,1907.152,
net10,500,1,true,false,2209.797,
net10,500,1,true,false,2574.256,
net10,500,1,true,false,2643.903,
net10,500,1,true,false,1538.975,
net10,500,1,true,false,1383.274,
net10,500,1,true,false,1929.425,
net10,500,1,true,false,2655.596,
net10,500,1,true,false,2120.063,
net10,500,1,true,false,1272.168,
net10,500,1,true,false,2565.439,
net10,500,1,true,false,1852.935,
net10,500,1,true,false,2628.191,
net10,500,1,true,false,2529.713,
net10,500,1,true,false,1946.892,
net10,500,1,true,false,2578.649,
net10,500,1,true,false,2515.104,
net10,500,1,true,false,2640.669,
net10,500,1,true,false,2616.962,
net10,500,1,true,false,2143.58,
net10,500,1,true,false,2553.54,
net10,500,1,true,false,2553.718,
net10,500,1,true,false,2362.019,
net10,500,1,true,false,2553.763,
net10,500,1,true,false,2197.414,
net10,500,1,true,false,2532.63,
net10,500,1,true,false,2620.23,
net10,500,1,true,false,2532.362,
net10,500,1,true,false,2551.308,
net10,500,1,true,false,2495.146,
net10,500,1,true,false,2568.742,
net10,500,1,true,false,2552.799,
net10,500,1,true,false,2618.236,
net10,500,1,true,false,2553.215,
net10,500,1,true,false,2529.818,
net10,500,1,true,false,2561.516,
net10,500,1,true,false,2558.177,
net10,500,1,true,false,2563.798,
net10,500,1,true,false,2541.789,
net10,500,1,true,false,2510.485,
net10,500,1,true,false,1386.665,
net10,500,1,true,false,2557.479,
net10,500,1,true,false,2504.657,
net10,500,1,true,false,2045.965,
net10,500,1,true,false,1352.138,
net10,500,1,true,false,2545.647,
net10,500,1,true,false,2542.028,
net10,500,1,true,false,2491.381,
net10,500,1,true,false,2616.646,
net10,500,1,true,false,2101.696,
net10,500,1,true,false,2552.412,
net10,500,1,true,false,2551.312,
net10,500,1,true,false,2493.618,
net10,500,1,true,false,2556.82,
net10,500,1,true,false,1354.688,
net10,500,1,true,false,2626.956,
net10,500,1,true,false,2040.54,
net10,500,1,true,false,2030.103,
net10,500,1,true,false,1352.329,
net10,500,1,true,false,1357.566,
net10,500,1,true,false,1996.203,
net10,500,1,true,false,2492.854,
net10,500,1,true,false,2493.879,
net10,500,1,true,false,1394.771,
net10,500,1,true,false,1413.628,
net10,500,1,true,false,2551.988,
net10,500,1,true,false,2615.134,
net10,500,1,true,false,2526.118,
net10,500,1,true,false,1992.925,
net10,500,1,true,false,2551.458,
net10,500,1,true,false,1775.386,
net10,500,1,true,false,2397.653,
net10,500,1,true,false,1353.708,
net10,500,1,true,false,1961.181,
net10,500,1,true,false,1722.655,
net10,500,1,true,false,1391.493,
net10,500,1,true,false,1260.414,
net10,500,1,true,false,2325.938,
net10,500,1,true,false,1891.577,
net10,500,1,true,false,1895.996,
net10,500,1,true,false,1990.245,
net10,500,1,true,false,1391.199,
net10,500,1,true,false,2617.862,
net10,500,1,true,false,2561.018,
net10,500,1,true,false,2554.2,
net10,500,1,true,false,2564.12,
net10,500,1,true,false,2579.03,
net10,500,1,true,false,2577.54,
net10,500,1,true,false,2625.263,
net10,500,1,true,false,2508.555,
net10,500,1,true,false,1339.127,
net10,500,1,true,false,1409.961,
net10,500,1,true,false,2549.74,
net10,500,1,true,false,1253.796,
net10,500,1,true,false,2565.661,
net10,500,1,true,false,2562.596,
net10,500,1,true,false,2525.693,
net10,500,1,true,false,2617.563,
net10,500,1,true,false,1730.036,
net10,500,1,true,false,2542.662,
net10,500,1,true,false,1458.183,
net10,500,1,true,false,2543.426,
net10,500,1,true,false,2533.164,
net10,500,1,true,false,1908.962,
net10,500,1,true,false,2554.315,
net10,500,1,true,false,2627.609,
net10,500,1,true,false,2638.731,
net10,500,1,true,false,2488.75,
net10,500,1,true,false,2491.064,
net10,500,1,true,false,1366.758,
net10,500,1,true,false,2542.305,
net10,500,1,true,false,1389.142,
net10,500,1,true,false,2356.643,
net10,500,1,true,false,1388.652,
net10,500,1,true,false,1443.782,
net10,500,1,true,false,2562.061,
net10,500,1,true,false,1374.657,
net10,500,1,true,false,1542.204,
net10,500,1,true,false,1328.221,
net10,500,1,true,false,1719.625,
net10,500,1,true,false,1492.942,
net10,500,1,true,false,1348.411,
net10,500,1,true,false,1326.922,
net10,500,1,true,false,1501.596,
net10,500,1,true,false,1276.771,
net10,500,1,true,false,1443.406,
net10,500,1,true,false,1483.554,
net10,500,1,true,false,1514.54,
net10,500,1,true,false,1478.676,
net10,500,1,true,false,1477.217,
net10,500,1,true,false,1570.712,
net10,500,1,true,false,2489.906,
net10,500,1,true,false,1500.294,
net10,500,1,true,false,1477.385,
net10,500,1,true,false,1334.286,
net10,500,1,true,false,1351.918,
net10,500,1,true,false,2330.464,
net10,500,1,true,false,1339.031,
net10,500,1,true,false,1363.716,
net10,500,1,true,false,1350.343,
net10,500,1,true,false,1515.016,
net10,500,1,true,false,1500.684,
net10,500,1,true,false,1570.895,
net10,500,1,true,false,1395.32,
net10,500,1,true,false,1325.023,
net10,500,1,true,false,2492.626,
net10,500,1,true,false,1593.531,
net10,500,1,true,false,1401.461,
net10,500,1,true,false,1523.734,
net10,500,1,true,false,1524.094,
net10,500,1,true,false,1517.212,
net10,500,1,true,false,1438.379,
net10,500,1,true,false,2279.505,
net10,500,1,true,false,1528.516,
net10,500,1,true,false,1538.919,
net10,500,1,true,false,2497.774,
net10,500,1,true,false,1642.128,
net10,500,1,true,false,1537.122,
net10,500,1,true,false,1525.961,
net10,500,1,true,false,1585.175,
net10,500,1,true,false,1418.839,
net10,500,1,true,false,2055.108,
net10,500,1,true,false,1580.969,
net10,500,1,true,false,1414.122,
net10,500,1,true,false,1579.087,
net10,500,1,true,false,1414.027,
net10,500,1,true,false,1559.373,
net10,500,1,true,false,2487.783,
net10,500,1,true,false,1411.041,
net10,500,1,true,false,1462.924,
net10,500,1,true,false,1584.037,
net10,500,1,true,false,1466.392,
net10,500,1,true,false,1368.845,
net10,500,1,true,false,1357.406,
net10,500,1,true,false,1465.62,
net10,500,1,true,false,1736.774,
net10,500,1,true,false,1498.22,
net10,500,1,true,false,1595.776,
net10,500,1,true,false,1479.783,
net10,500,1,true,false,1581.415,
net10,500,1,true,false,1570.445,
net10,500,1,true,false,1509.89,
net10,500,1,true,false,1579.552,
net10,500,1,true,false,1569.714,
net10,500,1,true,false,1577.158,
net10,500,1,true,false,1615.542,
net10,500,1,true,false,1553.21,
net10,500,1,true,false,1610.768,
net10,500,1,true,false,1525.702,
net10,500,1,true,false,1569.178,
net10,500,1,true,false,1524.251,
net10,500,1,true,false,1564.212,
net10,500,1,true,false,1625.688,
net10,500,1,true,false,1535.556,
net10,500,1,true,false,1627.149,
net10,500,1,true,false,1645.626,
net10,500,1,true,false,1529.965,
net10,500,1,true,false,1598.115,
net10,500,1,true,false,1637.066,
net10,500,1,true,false,1538.489,
net10,500,1,true,false,1594.201,
net10,500,1,true,false,2609.159,
net10,500,1,true,false,1716.423,
net10,500,1,true,false,2207.291,
net10,500,1,true,false,1852.353,
net10,500,1,true,false,2207.27,
net10,500,1,true,false,1982.73,
net10,500,1,true,false,1626.939,
net10,500,1,true,false,1553.557,
net10,500,1,true,false,1587.882,
net10,500,1,true,false,1498.34,
net10,500,1,true,false,1535.144,
net10,500,1,true,false,1837.221,
net10,500,1,true,false,1641.597,
net10,500,1,true,false,1641.319,
net10,500,1,true,false,1637.401,
net10,500,1,true,false,1643.711,
net10,500,1,true,false,1541.9,
net10,500,1,true,false,1570.023,
net10,500,1,true,false,1582.816,
net10,500,1,true,false,1578.803,
net10,500,1,true,false,2114.688,
net10,500,1,true,false,2008.35,
net10,500,1,true,false,1750.169,
net10,500,1,true,false,1610.663,
net10,500,1,true,false,1847.964,
net10,500,1,true,false,1595.57,
net10,500,1,true,false,1720.817,
net10,500,1,true,false,1884.763,
net10,500,1,true,false,2098.059,
net10,500,1,true,false,1973.633,
net10,500,1,true,false,1665.751,
net10,500,1,true,false,1626.01,
net10,500,1,true,false,2557.064,
net10,500,1,true,false,1929.908,
net10,500,1,true,false,1843.84,
net10,500,1,true,false,2555.338,
net10,500,1,true,false,1749.066,
net10,500,1,true,false,2195.604,
net10,500,1,true,false,1595.6,
net10,500,1,true,false,2114.51,
net10,500,1,true,false,1938.839,
net10,500,1,true,false,1878.305,
net10,500,1,true,false,1716.467,
net10,500,1,true,false,2495.015,
net10,500,1,true,false,1852.588,
net10,500,1,true,false,2114.328,
net10,500,1,true,false,2032.235,
net10,500,1,true,false,2036.666,
net10,500,1,true,false,2280.249,
net10,500,1,true,false,2544.455,
net10,500,1,true,false,1925.312,
net10,500,1,true,false,2556.363,
net10,500,1,true,false,2567.156,
net10,500,1,true,false,2027.804,
net10,500,1,true,false,2114.6,
net10,500,1,true,false,1594.217,
net10,500,1,true,false,2579.836,
net10,500,1,true,false,2586.516,
net10,500,1,true,false,2157.941,
net10,500,1,true,false,2569.978,
net10,500,1,true,false,1633.091,
net10,500,1,true,false,2097.242,
net10,500,1,true,false,1596.687,
net10,500,1,true,false,2581.176,
net10,500,1,true,false,2338.541,
net10,500,1,true,false,2558.017,
net10,500,1,true,false,2545.716,
net10,500,1,true,false,2533.107,
net10,500,1,true,false,2604.72,
net10,500,1,true,false,2316.712,
net10,500,1,true,false,2536.765,
net10,500,1,true,false,2520.799,
net10,500,1,true,false,2324.604,
net10,500,1,true,false,2542.247,
net10,500,1,true,false,2525.627,
net10,500,1,true,false,2314.564,
net10,1000,1,true,false,3307.227,
net10,1000,1,true,false,3596.151,
net10,1000,1,true,false,3844.046,
net10,1000,1,true,false,4136.579,
net10,1000,1,true,false,4158.204,
net10,1000,1,true,false,4136.597,
net10,1000,1,true,false,3501.932,
net10,1000,1,true,false,3307.777,
net10,1000,1,true,false,3574.119,
net10,1000,1,true,false,3652.413,
net10,1000,1,true,false,2212.951,
net10,1000,1,true,false,3431.157,
net10,1000,1,true,false,3439.9,
net10,1000,1,true,false,3321.002,
net10,1000,1,true,false,4101.862,
net10,1000,1,true,false,3768.85,
net10,1000,1,true,false,3545.71,
net10,1000,1,true,false,4122.133,
net10,1000,1,true,false,3204.702,
net10,1000,1,true,false,3682.82,
net10,1000,1,true,false,2905.108,
net10,1000,1,true,false,3958.36,
net10,1000,1,true,false,4096.855,
net10,1000,1,true,false,4122.292,
net10,1000,1,true,false,3857.459,
net10,1000,1,true,false,3996.704,
net10,1000,1,true,false,3295.09,
net10,1000,1,true,false,3027.267,
net10,1000,1,true,false,4030.466,
net10,1000,1,true,false,3307.443,
net10,1000,1,true,false,3957.632,
net10,1000,1,true,false,3629.423,
net10,1000,1,true,false,2239.833,
net10,1000,1,true,false,4135.879,
net10,1000,1,true,false,4012.566,
net10,1000,1,true,false,3419.513,
net10,1000,1,true,false,3622.938,
net10,1000,1,true,false,4136.435,
net10,1000,1,true,false,3841.635,
net10,1000,1,true,false,4158.008,
net10,1000,1,true,false,2649.355,
net10,1000,1,true,false,3294.752,
net10,1000,1,true,false,3596.01,
net10,1000,1,true,false,3591.681,
net10,1000,1,true,false,3338.366,
net10,1000,1,true,false,3304.549,
net10,1000,1,true,false,3770.144,
net10,1000,1,true,false,3356.518,
net10,1000,1,true,false,4118.993,
net10,1000,1,true,false,4068.142,
net10,1000,1,true,false,3746.353,
net10,1000,1,true,false,4105.46,
net10,1000,1,true,false,3858.74,
net10,1000,1,true,false,3401.853,
net10,1000,1,true,false,4008.881,
net10,1000,1,true,false,3764.176,
net10,1000,1,true,false,3598.512,
net10,1000,1,true,false,4057.911,
net10,1000,1,true,false,3304.206,
net10,1000,1,true,false,3746.423,
net10,1000,1,true,false,3427.279,
net10,1000,1,true,false,3745.188,
net10,1000,1,true,false,4154.144,
net10,1000,1,true,false,3745.924,
net10,1000,1,true,false,4116.717,
net10,1000,1,true,false,4154.197,
net10,1000,1,true,false,3855.862,
net10,1000,1,true,false,3197.126,
net10,1000,1,true,false,2246.896,
net10,1000,1,true,false,3541.199,
net10,1000,1,true,false,4118.621,
net10,1000,1,true,false,4065.669,
net10,1000,1,true,false,3854.051,
net10,1000,1,true,false,3671.572,
net10,1000,1,true,false,3678.847,
net10,1000,1,true,false,3305.937,
net10,1000,1,true,false,3854.763,
net10,1000,1,true,false,3869.155,
net10,1000,1,true,false,4153.799,
net10,1000,1,true,false,4109.805,
net10,1000,1,true,false,3442.943,
net10,1000,1,true,false,3627.825,
net10,1000,1,true,false,3825.431,
net10,1000,1,true,false,3745.817,
net10,1000,1,true,false,4153.871,
net10,1000,1,true,false,3615.941,
net10,1000,1,true,false,3411.588,
net10,1000,1,true,false,3133.567,
net10,1000,1,true,false,3935.13,
net10,1000,1,true,false,3744.134,
net10,1000,1,true,false,2743.274,
net10,1000,1,true,false,4092.626,
net10,1000,1,true,false,3959.844,
net10,1000,1,true,false,3291.497,
net10,1000,1,true,false,3325.318,
net10,1000,1,true,false,4132.55,
net10,1000,1,true,false,4131.446,
net10,1000,1,true,false,3695.515,
net10,1000,1,true,false,4132.176,
net10,1000,1,true,false,3672.234,
net10,1000,1,true,false,4118.058,
net10,1000,1,true,false,3743.903,
net10,1000,1,true,false,4038.347,
net10,1000,1,true,false,4131.721,
net10,1000,1,true,false,3749.657,
net10,1000,1,true,false,3995.042,
net10,1000,1,true,false,3947.189,
net10,1000,1,true,false,4065.062,
net10,1000,1,true,false,3993.94,
net10,1000,1,true,false,3853.868,
net10,1000,1,true,false,4117.335,
net10,1000,1,true,false,2249.954,
net10,1000,1,true,false,4078.762,
net10,1000,1,true,false,4087.1,
net10,1000,1,true,false,3194.663,
net10,1000,1,true,false,3899.69,
net10,1000,1,true,false,2570.348,
net10,1000,1,true,false,3745.951,
net10,1000,1,true,false,3411.248,
net10,1000,1,true,false,3148.117,
net10,1000,1,true,false,3359.071,
net10,1000,1,true,false,3432.558,
net10,1000,1,true,false,2982.905,
net10,1000,1,true,false,3840.58,
net10,1000,1,true,false,4155.044,
net10,1000,1,true,false,2567.68,
net10,1000,1,true,false,3038.068,
net10,1000,1,true,false,3995.252,
net10,1000,1,true,false,4116.983,
net10,1000,1,true,false,2572.706,
net10,1000,1,true,false,3285.59,
net10,1000,1,true,false,3210.958,
net10,1000,1,true,false,3743.841,
net10,1000,1,true,false,4124.757,
net10,1000,1,true,false,2471.958,
net10,1000,1,true,false,3558.981,
net10,1000,1,true,false,3845.358,
net10,1000,1,true,false,4126.105,
net10,1000,1,true,false,4132.554,
net10,1000,1,true,false,4104.607,
net10,1000,1,true,false,4068.027,
net10,1000,1,true,false,4122.965,
net10,1000,1,true,false,4127.694,
net10,1000,1,true,false,4129.582,
net10,1000,1,true,false,4120.42,
net10,1000,1,true,false,4087.41,
net10,1000,1,true,false,4126.161,
net10,1000,1,true,false,3845.722,
net10,1000,1,true,false,4124.673,
net10,1000,1,true,false,4060.628,
net10,1000,1,true,false,4125.318,
net10,1000,1,true,false,4124.296,
net10,1000,1,true,false,2272.647,
net10,1000,1,true,false,4125.123,
net10,1000,1,true,false,4147.054,
net10,1000,1,true,false,2198.12,
net10,1000,1,true,false,2891.764,
net10,1000,1,true,false,4125.845,
net10,1000,1,true,false,4146.414,
net10,1000,1,true,false,4153.299,
net10,1000,1,true,false,4158.413,
net10,1000,1,true,false,2244.104,
net10,1000,1,true,false,2382.051,
net10,1000,1,true,false,4119.931,
net10,1000,1,true,false,2138.647,
net10,1000,1,true,false,4119.449,
net10,1000,1,true,false,2091.173,
net10,1000,1,true,false,4005.237,
net10,1000,1,true,false,2370.378,
net10,1000,1,true,false,2200.011,
net10,1000,1,true,false,2398.952,
net10,1000,1,true,false,2369.427,
net10,1000,1,true,false,4157.892,
net10,1000,1,true,false,4145.431,
net10,1000,1,true,false,2407.104,
net10,1000,1,true,false,1392.478,
net10,1000,1,true,false,2062.586,
net10,1000,1,true,false,2418.486,
net10,1000,1,true,false,2983.339,
net10,1000,1,true,false,1301.148,
net10,1000,1,true,false,4120.696,
net10,1000,1,true,false,2122.054,
net10,1000,1,true,false,2071.088,
net10,1000,1,true,false,4144.818,
net10,1000,1,true,false,3845.394,
net10,1000,1,true,false,4120.775,
net10,1000,1,true,false,4117.225,
net10,1000,1,true,false,4116.249,
net10,1000,1,true,false,2564.799,
net10,1000,1,true,false,2091.335,
net10,1000,1,true,false,2213.644,
net10,1000,1,true,false,2261.628,
net10,1000,1,true,false,2400.808,
net10,1000,1,true,false,2201.594,
net10,1000,1,true,false,1300.135,
net10,1000,1,true,false,2264.763,
net10,1000,1,true,false,2284.096,
net10,1000,1,true,false,3532.327,
net10,1000,1,true,false,2269.951,
net10,1000,1,true,false,3644.369,
net10,1000,1,true,false,3851.031,
net10,1000,1,true,false,3939.09,
net10,1000,1,true,false,2060.27,
net10,1000,1,true,false,2223.066,
net10,1000,1,true,false,2389.669,
net10,1000,1,true,false,2089.499,
net10,1000,1,true,false,2561.594,
net10,1000,1,true,false,1298.146,
net10,1000,1,true,false,2100.33,
net10,1000,1,true,false,2089.923,
net10,1000,1,true,false,2089.216,
net10,1000,1,true,false,2113.302,
net10,1000,1,true,false,4121.351,
net10,1000,1,true,false,2239.852,
net10,1000,1,true,false,1297.137,
net10,1000,1,true,false,1318.348,
net10,1000,1,true,false,2239.514,
net10,1000,1,true,false,2194.183,
net10,1000,1,true,false,1403.426,
net10,1000,1,true,false,1907.406,
net10,1000,1,true,false,2531.126,
net10,1000,1,true,false,2238.508,
net10,1000,1,true,false,2059.936,
net10,1000,1,true,false,2234.85,
net10,1000,1,true,false,2067.696,
net10,1000,1,true,false,1296.68,
net10,1000,1,true,false,2608.808,
net10,1000,1,true,false,1904.487,
net10,1000,1,true,false,1400.136,
net10,1000,1,true,false,1383.676,
net10,1000,1,true,false,1300.374,
net10,1000,1,true,false,1358.22,
net10,1000,1,true,false,1396.124,
net10,1000,1,true,false,1406.31,
net10,1000,1,true,false,1910.665,
net10,1000,1,true,false,1495.597,
net10,1000,1,true,false,1403.111,
net10,1000,1,true,false,1399.764,
net10,1000,1,true,false,1399.743,
net10,1000,1,true,false,2907.179,
net10,1000,1,true,false,1404.092,
net10,1000,1,true,false,1398.389,
net10,1000,1,true,false,1406.401,
net10,1000,1,true,false,1403.55,
net10,1000,1,true,false,1905.027,
net10,1000,1,true,false,1386.902,
net10,1000,1,true,false,2099.027,
net10,1000,1,true,false,1376.042,
net10,1000,1,true,false,1374.515,
net10,1000,1,true,false,1403.206,
net10,1000,1,true,false,1406.196,
net10,1000,1,true,false,1913.321,
net10,1000,1,true,false,1429.899,
net10,1000,1,true,false,1910.224,
net10,1000,1,true,false,1429.97,
net10,1000,1,true,false,1398.943,
net10,1000,1,true,false,1379.423,
net10,1000,1,true,false,2992.249,
net10,1000,1,true,false,1429.971,
net10,1000,1,true,false,1430.104,
net10,1000,1,true,false,1441.291,
net10,1000,1,true,false,1317.251,
net10,1000,1,true,false,2888.758,
net10,1000,1,true,false,1479.891,
net10,1000,1,true,false,1375.132,
net10,1000,1,true,false,1442.259,
net10,1000,1,true,false,3376.67,
net10,1000,1,true,false,1916.998,
net10,1000,1,true,false,2399.859,
net10,1000,1,true,false,1914.758,
net10,1000,1,true,false,1397.132,
net10,1000,1,true,false,2593.82,
net10,1000,1,true,false,1906.392,
net10,1000,1,true,false,1441.579,
net10,1000,1,true,false,3186.692,
net10,1000,1,true,false,1404.131,
net10,1000,1,true,false,1436.288,
net10,1000,1,true,false,1462.585,
net10,1000,1,true,false,1478.887,
net10,1000,1,true,false,1401.208,
net10,1000,1,true,false,3749.828,
net10,1000,1,true,false,3288.523,
net10,1000,1,true,false,1497.511,
net10,1000,1,true,false,2578.08,
net10,1000,1,true,false,3186.488,
net10,1000,1,true,false,1427.487,
net10,1000,1,true,false,1436.786,
net10,1000,1,true,false,3195.875,
net10,1000,1,true,false,3740.073,
net10,1000,1,true,false,4012.401,
net10,1000,1,true,false,1427.47,
net10,1000,1,true,false,4093.846,
net10,1000,1,true,false,3747.291,
net10,1000,1,true,false,2395.386,
net10,1000,1,true,false,2558.901,
net10,1000,1,true,false,1557.07,
net10,1000,1,true,false,3993.33,
net10,1000,1,true,false,1433.589,
net10,1000,1,true,false,3191.16,
net10,1000,1,true,false,3318.953,
net10,1000,1,true,false,2419.264,
net10,1000,1,true,false,1913.471,
net10,1000,1,true,false,2130.12,
net10,1000,1,true,false,1496.668,
net10,1000,1,true,false,3742.894,
net10,1000,1,true,false,1539.494,
net10,1000,1,true,false,3185.351,
net10,1000,1,true,false,3742.498,
net10,1000,1,true,false,3745.96,
net10,1000,1,true,false,3747.947,
net10,1000,1,true,false,4061.494,
net10,1000,1,true,false,1523.615,
net10,1000,1,true,false,3747.642,
net10,1000,1,true,false,1559.411,
net10,1000,1,true,false,1523.666,
net10,1000,1,true,false,1570.495,
net10,1000,1,true,false,2699.913,
net10,1000,1,true,false,4143.688,
net10,1000,1,true,false,1544.115,
net10,1000,1,true,false,1565.573,
net10,1000,1,true,false,3943.034,
net10,1000,1,true,false,1660.734,
net10,1000,1,true,false,1537.26,
net10,1000,1,true,false,1618.71,
net10,1000,1,true,false,3735.588,
net10,1000,1,true,false,1602.078,
net10,1000,1,true,false,2664.959,
net10,1000,1,true,false,1545.034,
net10,1000,1,true,false,4136.542,
net10,1000,1,true,false,1516.145,
net10,1000,1,true,false,1539.427,
net10,1000,1,true,false,2412.359,
net10,1000,1,true,false,4043.232,
net10,1000,1,true,false,3822.217,
net10,1000,1,true,false,1535.278,
net10,1000,1,true,false,1523.68,
net10,1000,1,true,false,3978.97,
net10,1000,1,true,false,1518.014,
net10,1000,1,true,false,1567.813,
net10,1000,1,true,false,3280.638,
net10,1000,1,true,false,1534.861,
net10,1000,1,true,false,1664.802,
net10,1000,1,true,false,3231.976,
net10,1000,1,true,false,1626.082,
net10,1000,1,true,false,4056.743,
net10,1000,1,true,false,1557.391,
net10,1000,1,true,false,3903.708,
net10,1000,1,true,false,1549.877,
net10,1000,1,true,false,1557.964,
net10,1000,1,true,false,1566.997,
net10,1000,1,true,false,4118.938,
net10,1000,1,true,false,3822.62,
net10,1000,1,true,false,3286.325,
net10,1000,1,true,false,1509.058,
net10,1000,1,true,false,4031.632,
net10,1000,1,true,false,1570.132,
net10,1000,1,true,false,1655.014,
net10,1000,1,true,false,1556.445,
net10,1000,1,true,false,1557.441,
net10,1000,1,true,false,1607.412,
net10,1000,1,true,false,1609.414,
net10,1000,1,true,false,1928.156,
net10,1000,1,true,false,1756.204,
net10,1000,1,true,false,1583.514,
net10,1000,1,true,false,1649.204,
net10,1000,1,true,false,1662.957,
net10,1000,1,true,false,2189.76,
net10,1000,1,true,false,1928.452,
net10,1000,1,true,false,1659.962,
net10,1000,1,true,false,4059.434,
net10,1000,1,true,false,1667.844,
net10,1000,1,true,false,1623.161,
net10,1000,1,true,false,1626.11,
net10,1000,1,true,false,2062.846,
net10,1000,1,true,false,1647.476,
net10,1000,1,true,false,1651.628,
net10,1000,1,true,false,1623.145,
net10,1000,1,true,false,1616.652,
net10,1000,1,true,false,1615.108,
net10,1000,1,true,false,2222.699,
net10,1000,1,true,false,4134.278,
net10,1000,1,true,false,1616.588,
net10,1000,1,true,false,1513.365,
net10,1000,1,true,false,1935.896,
net10,1000,1,true,false,2983.669,
net10,1000,1,true,false,1555.861,
net10,1000,1,true,false,1618.168,
net10,1000,1,true,false,1731.838,
net10,1000,1,true,false,1632.048,
net10,1000,1,true,false,4135.053,
net10,1000,1,true,false,1598.408,
net10,1000,1,true,false,1668.036,
net10,1000,1,true,false,1632.734,
net10,1000,1,true,false,2722.337,
net10,1000,1,true,false,1646.808,
net10,1000,1,true,false,1934.349,
net10,1000,1,true,false,1650.175,
net10,1000,1,true,false,3260.949,
net10,1000,1,true,false,1650.031,
net10,1000,1,true,false,1774.864,
net10,1000,1,true,false,2240.898,
net10,1000,1,true,false,3838.951,
net10,1000,1,true,false,1775.518,
net10,1000,1,true,false,4122.204,
net10,1000,1,true,false,1924.991,
net10,1000,1,true,false,1774.61,
net10,1000,1,true,false,2720.829,
net10,1000,1,true,false,1993.612,
net10,1000,1,true,false,3309.627,
net10,1000,1,true,false,1754.355,
net10,1000,1,true,false,2079.634,
net10,1000,1,true,false,4134.624,
net10,1000,1,true,false,1924.221,
net10,1000,1,true,false,2451.17,
net10,1000,1,true,false,1741.805,
net10,1000,1,true,false,1755.16,
net10,1000,1,true,false,3735.319,
net10,1000,1,true,false,1741.734,
net10,1000,1,true,false,2722.759,
net10,1000,1,true,false,3924.576,
net10,1000,1,true,false,2726.076,
net10,1000,1,true,false,1968.653,
net10,1000,1,true,false,4130.19,
net10,1000,1,true,false,1635.061,
net10,1000,1,true,false,2230.373,
net10,1000,1,true,false,2114.225,
net10,1000,1,true,false,1925.331,
net10,1000,1,true,false,2402.268,
net10,1000,1,true,false,4130.205,
net10,1000,1,true,false,1926.653,
net10,1000,1,true,false,2079.23,
net10,1000,1,true,false,2102.626,
net10,1000,1,true,false,4128.998,
net10,1000,1,true,false,2079.184,
net10,1000,1,true,false,2080.338,
net10,1000,1,true,false,3282.289,
net10,1000,1,true,false,1625.162,
net10,1000,1,true,false,1672.211,
net10,1000,1,true,false,1777.397,
net10,1000,1,true,false,3722.137,
net10,1000,1,true,false,3500.703,
net10,1000,1,true,false,4124.996,
net10,1000,1,true,false,2667.892,
net10,1000,1,true,false,2964.722,
net10,1000,1,true,false,4132.63,
net10,1000,1,true,false,1714.762,
net10,1000,1,true,false,2721.348,
net10,1000,1,true,false,1922.351,
net10,1000,1,true,false,3214.527,
net10,1000,1,true,false,1655.049,
net10,1000,1,true,false,2879.361,
net10,1000,1,true,false,2698.025,
net10,1000,1,true,false,1924.012,
net10,1000,1,true,false,4124.278,
net10,1000,1,true,false,3740.341,
net10,1000,1,true,false,2592.355,
net10,1000,1,true,false,1910.359,
net10,1000,1,true,false,1922.8,
net10,1000,1,true,false,1917.843,
net10,1000,1,true,false,1687.418,
net10,1000,1,true,false,4129.582,
net10,1000,1,true,false,2076.771,
net10,1000,1,true,false,4083.555,
net10,1000,1,true,false,2862.363,
net10,1000,1,true,false,1921.191,
net10,1000,1,true,false,4093.059,
net10,1000,1,true,false,4033.908,
net10,1000,1,true,false,4130.323,
net10,1000,1,true,false,4106.683,
net10,1000,1,true,false,1932.049,
net10,1000,1,true,false,4128.393,
net10,1000,1,true,false,4106.765,
net10,1000,1,true,false,2588.046,
net10,1000,1,true,false,4109.176,
net10,1000,1,true,false,3212.234,
net10,1000,1,true,false,4129.436,
net10,1000,1,true,false,3585.48,
net10,1000,1,true,false,3932.045,
net10,1000,1,true,false,4129.246,
net10,1000,1,true,false,3898.589,
net10,1000,1,true,false,1920.403,
net10,1000,1,true,false,4105.264,
net10,1000,1,true,false,3501.453,
net10,1000,1,true,false,4025.92,
net10,1000,1,true,false,3929.249,
net10,1000,1,true,false,4129.134,
net10,1000,1,true,false,3809.584,
net10,1000,1,true,false,3613.145,
net10,1000,1,true,false,3390.916,
net10,1000,1,true,false,4122.501,
net10,1000,1,true,false,3114.366,
net10,1000,1,true,false,4033.087,
net10,1000,1,true,false,1909.734,
net10,1000,1,true,false,4011.649,
net10,1000,1,true,false,2717.893,
net10,1000,1,true,false,4126.936,
net10,1000,1,true,false,3716.036,
net10,1000,1,true,false,3008.407,
net10,1000,1,true,false,3733.85,
net10,1000,1,true,false,4135.257,
net10,1000,1,true,false,4130.144,
net10,1000,1,true,false,4129.094,
net10,1000,1,true,false,3929.379,
net10,1000,1,true,false,3165.585,
net10,1000,1,true,false,3902.694,
net10,1000,1,true,false,4123.401,
net10,1000,1,true,false,3928.13,
net10,1000,1,true,false,3679.663,
net10,1000,1,true,false,4105.311,
net10,1000,1,true,false,3350.704,
net10,1000,1,true,false,4129.26,
net10,1000,1,true,false,4108.92,
net10,1000,1,true,false,4127.534,
net10,1000,1,true,false,4127.558,
net10,1000,1,true,false,4107.402,
net10,1000,1,true,false,4106.551,
net10,1000,1,true,false,3306.962,
net10,1000,1,true,false,3697.699,
net10,1000,1,true,false,4138.802,
net10,1000,1,true,false,4106.829,
net10,1000,1,true,false,3832.235,
net10,1000,1,true,false,3907.738,
net10,1000,1,true,false,4106.59,
net10,1000,1,true,false,4127.244,
net10,1000,1,true,false,4128.181,
net10,1000,1,true,false,4124.492,
net10,1000,1,true,false,4135.284,
net10,1000,1,true,false,3255.699,
net10,1000,1,true,false,3926.92,
net10,1000,1,true,false,4127.199,
net10,1000,1,true,false,4121.058,
net10,1000,1,true,false,4106.973,
net10,1000,1,true,false,4127.408,
net10,1000,1,true,false,3254.364,
net10,1000,1,true,false,4127.223,
net10,1000,1,true,false,4127.054,
net10,1000,1,true,false,3918.894,
net10,1000,1,true,false,2535.175,
net10,1000,1,true,false,4106.436,
net10,1000,1,true,false,4120.554,
net10,1000,1,true,false,3270.806,
net10,1000,1,true,false,3260.59,
net10,1000,1,true,false,3966.722,
net10,1000,1,true,false,4107.386,
net10,1000,1,true,false,2974.487,
net10,1000,1,true,false,4088.972,
net10,1000,1,true,false,4121.1,
net10,1000,1,true,false,3731.534,
net10,1000,1,true,false,4052.227,
net10,1000,1,true,false,4009.907,
net10,1000,1,true,false,4102.951,
net10,1000,1,true,false,4124.52,
net10,1000,1,true,false,4127.302,
net10,1000,1,true,false,4120.66,
net10,1000,1,true,false,1755.077,
net10,1000,1,true,false,4126.673,
net10,1000,1,true,false,4096.653,
net10,1000,1,true,false,4105.877,
net10,1000,1,true,false,1901.626,
net10,1000,1,true,false,4125.852,
net10,1000,1,true,false,4125.422,
net10,1000,1,true,false,4020.654,
net10,1000,1,true,false,4125.3,
net10,1000,1,true,false,2374.526,
net10,1000,1,true,false,4125.164,
net10,1000,1,true,false,4029.78,
net10,1000,1,true,false,2957.668,
net10,1000,1,true,false,4125.448,
net10,1000,1,true,false,4125.099,
net10,1000,1,true,false,3590.03,
net10,1000,1,true,false,4021.439,
net10,1000,1,true,false,4125.22,
net10,1000,1,true,false,4104.862,
net10,1000,1,true,false,3965.228,
net10,1000,1,true,false,4126.974,
net10,1000,1,true,false,4124.576,
net10,1000,1,true,false,4124.993,
net10,1000,1,true,false,4125.892,
net10,1000,1,true,false,4125.072,
net10,1000,1,true,false,4125.199,
net10,1000,1,true,false,4136.554,
net10,1000,1,true,false,3984.612,
net10,1000,1,true,false,3353.065,
net10,1000,1,true,false,3937.772,
net10,1000,1,true,false,4124.924,
net10,1000,1,true,false,4124.944,
net10,1000,1,true,false,4034.995,
net10,1000,1,true,false,4105.205,
net10,1000,1,true,false,4071.174,
net10,1000,1,true,false,3099.992,
net10,1000,1,true,false,3257.419,
net10,1000,1,true,false,4124.779,
net10,1000,1,true,false,3142.67,
net10,1000,1,true,false,4124.839,
net10,1000,1,true,false,3136.516,
net10,1000,1,true,false,3598.597,
net10,1000,1,true,false,3929.323,
net10,1000,1,true,false,4124.711,
net10,1000,1,true,false,3925.142,
net10,1000,1,true,false,4123.674,
net10,1000,1,true,false,4135.225,
net10,1000,1,true,false,2868.015,
net10,1000,1,true,false,4132.65,
net10,1000,1,true,false,4134.02,
net10,1000,1,true,false,3011.876,
net10,1000,1,true,false,4132.452,
net10,1000,1,true,false,4091.803,
net10,1000,1,true,false,4101.144,
net10,1000,1,true,false,4124.087,
net10,1000,1,true,false,2941.442,
net10,1000,1,true,false,4123.589,
net10,1000,1,true,false,3642.084,
net10,1000,1,true,false,4123.641,
net10,1000,1,true,false,4003.535,
net10,1000,1,true,false,3933.108,
net10,1000,1,true,false,3897.485,
net10,1000,1,true,false,4086.077,
net10,1000,1,true,false,4040.963,
net10,1000,1,true,false,2618.106,
net10,1000,1,true,false,4130.097,
net10,1000,1,true,false,2947.132,
net10,1000,1,true,false,4123.624,
net10,1000,1,true,false,4123.66,
net10,1000,1,true,false,3689.43,
net10,1000,1,true,false,4123.284,
net10,1000,1,true,false,4123.408,
net10,1000,1,true,false,2998.789,
net10,1000,1,true,false,4123.498,
net10,1000,1,true,false,4125.522,
net10,1000,1,true,false,3558.09,
net10,1000,1,true,false,4074.749,
net10,1000,1,true,false,2966.288,
net10,1000,1,true,false,4123.801,
net10,1000,1,true,false,4123.379,
net10,1000,1,true,false,3588.786,
net10,1000,1,true,false,4123.517,
net10,1000,1,true,false,4020.947,
net10,1000,1,true,false,3263.44,
net10,1000,1,true,false,4123.925,
net10,1000,1,true,false,4125.341,
net10,1000,1,true,false,4123.848,
net10,1000,1,true,false,2603.504,
net10,1000,1,true,false,4012.98,
net10,1000,1,true,false,3814.455,
net10,1000,1,true,false,4131.696,
net10,1000,1,true,false,4121.89,
net10,1000,1,true,false,4123.945,
net10,1000,1,true,false,4047.393,
net10,1000,1,true,false,3668.753,
net10,1000,1,true,false,4096.335,
net10,1000,1,true,false,3966.045,
net10,1000,1,true,false,4123.356,
net10,1000,1,true,false,4123.599,
net10,1000,1,true,false,4124.274,
net10,1000,1,true,false,4123.716,
net10,1000,1,true,false,4123.732,
net10,1000,1,true,false,3647.572,
net10,1000,1,true,false,3274.742,
net10,1000,1,true,false,4124.438,
net10,1000,1,true,false,4123.296,
net10,1000,1,true,false,4123.8,
net10,1000,1,true,false,4121.386,
net10,1000,1,true,false,4060.131,
net10,1000,1,true,false,4122.974,
net10,1000,1,true,false,4097.336,
net10,1000,1,true,false,4121.832,
net10,1000,1,true,false,2875.027,
net10,1000,1,true,false,4121.434,
net10,1000,1,true,false,2860.888,
net10,1000,1,true,false,4121.783,
net10,1000,1,true,false,4125.424,
net10,1000,1,true,false,3921.675,
net10,1000,1,true,false,4121.721,
net10,1000,1,true,false,4122.211,
net10,1000,1,true,false,4121.531,
net10,1000,1,true,false,4129.507,
net10,1000,1,true,false,4121.771,
net10,1000,1,true,false,4121.551,
net10,1000,1,true,false,4124.645,
net10,1000,1,true,false,4007.623,
net10,1000,1,true,false,4128.041,
net10,1000,1,true,false,4085.909,
net10,1000,1,true,false,4025.4,
net10,1000,1,true,false,3583.758,
net10,1000,1,true,false,3256.673,
net10,1000,1,true,false,4121.609,
net10,1000,1,true,false,2143.94,
net10,1000,1,true,false,3508.101,
net10,1000,1,true,false,4096.944,
net10,1000,1,true,false,4121.324,
net10,1000,1,true,false,3211.785,
net10,1000,1,true,false,3587.187,
net10,1000,1,true,false,3292.131,
net10,1000,1,true,false,4122.118,
net10,1000,1,true,false,4082.355,
net10,1000,1,true,false,4120.872,
net10,1000,1,true,false,4121.071,
net10,1000,1,true,false,4036.495,
net10,1000,1,true,false,3257.983,
net10,1000,1,true,false,4121.32,
net10,1000,1,true,false,3703.841,
net10,1000,1,true,false,4120.957,
net10,1000,1,true,false,4067.572,
net10,1000,1,true,false,4091.316,
net10,1000,1,true,false,4131.117,
net10,1000,1,true,false,3358.08,
net10,1000,1,true,false,3826.404,
net10,1000,1,true,false,4098.812,
net10,1000,1,true,false,3889.689,
net10,1000,1,true,false,4092.827,
net10,1000,1,true,false,3282.976,
net10,1000,1,true,false,4126.316,
net10,1000,1,true,false,4120.594,
net10,1000,1,true,false,2529.777,
net10,1000,1,true,false,4072.576,
net10,1000,1,true,false,4025.606,
net10,1000,1,true,false,4120.099,
net10,1000,1,true,false,3172.001,
net10,1000,1,true,false,4126.867,
net10,1000,1,true,false,4122.333,
net10,1000,1,true,false,4127.129,
net10,1000,1,true,false,3702.089,
net10,1000,1,true,false,2531.062,
net10,1000,1,true,false,4032.964,
net10,1000,1,true,false,4127.514,
net10,1000,1,true,false,3863.236,
net10,1000,1,true,false,4093.93,
net10,1000,1,true,false,3641.326,
net10,1000,1,true,false,4130.325,
net10,1000,1,true,false,4105.542,
net10,1000,1,true,false,4125.86,
net10,1000,1,true,false,3801.853,
net10,1000,1,true,false,4115.357,
net10,1000,1,true,false,4134.542,
net10,1000,1,true,false,3879.748,
net10,1000,1,true,false,4121.222,
net10,1000,1,true,false,4067.548,
net10,1000,1,true,false,4122.303,
net10,1000,1,true,false,4132.2,
net10,1000,1,true,false,3702.691,
net10,1000,1,true,false,2871.856,
net10,1000,1,true,false,4120.813,
net10,1000,1,true,false,4121.304,
net10,1000,1,true,false,3270.533,
net10,1000,1,true,false,3372.69,
net10,1000,1,true,false,3369.029,
net10,1000,1,true,false,4099.227,
net10,1000,1,true,false,4120.325,
net10,1000,1,true,false,4078.184,
net10,1000,1,true,false,4120.126,
net10,1000,1,true,false,4098.14,
net10,1000,1,true,false,2549.128,
net10,1000,1,true,false,4038.588,
net10,1000,1,true,false,4120.712,
net10,1000,1,true,false,3702.807,
net10,1000,1,true,false,4124.272,
net10,1000,1,true,false,3631.138,
net10,1000,1,true,false,4124.738,
net10,1000,1,true,false,3817.914,
net10,1000,1,true,false,2521.417,
net10,1000,1,true,false,3567.513,
net10,1000,1,true,false,3711.357,
net10,1000,1,true,false,2587.374,
net10,1000,1,true,false,4123.855,
net10,1000,1,true,false,2858.456,
net10,1000,1,true,false,4130.1,
net10,1000,1,true,false,4027.71,
net10,1000,1,true,false,3292.088,
net10,1000,1,true,false,4074.7,
net10,1000,1,true,false,4130.05,
net10,1000,1,true,false,2531.816,
net10,1000,1,true,false,4098.449,
net10,1000,1,true,false,3366.623,
net10,1000,1,true,false,2532.054,
net10,1000,1,true,false,3686.588,
net10,1000,1,true,false,3006.092,
net10,1000,1,true,false,4044.13,
net10,1000,1,true,false,4120.828,
net10,1000,1,true,false,4125.816,
net10,1000,1,true,false,4125.984,
net10,1000,1,true,false,4126.283,
net10,1000,1,true,false,4120.226,
net10,1000,1,true,false,3361.721,
net10,1000,1,true,false,4119.406,
net10,1000,1,true,false,2585.943,
net10,1000,1,true,false,4123.044,
net10,1000,1,true,false,4133.195,
net10,1000,1,true,false,2199.967,
net10,1000,1,true,false,4110.011,
net10,1000,1,true,false,3803.58,
net10,1000,1,true,false,3081.208,
net10,1000,1,true,false,2202.219,
net10,1000,1,true,false,3611.529,
net10,1000,1,true,false,4128.222,
net10,1000,1,true,false,4126.882,
net10,1000,1,true,false,4119.168,
net10,1000,1,true,false,3354.714,
net10,1000,1,true,false,4121.179,
net10,1000,1,true,false,4108.389,
net10,1000,1,true,false,4128.307,
net10,1000,1,true,false,4119.403,
net10,1000,1,true,false,3658.354,
net10,1000,1,true,false,1685.976,
net10,1000,1,true,false,4126.616,
net10,1000,1,true,false,4135.019,
net10,1000,1,true,false,4059.479,
net10,1000,1,true,false,4123.943,
net10,1000,1,true,false,4063.683,
net10,1000,1,true,false,4023.259,
net10,1000,1,true,false,3866.479,
net10,1000,1,true,false,2048.545,
net10,1000,1,true,false,3709.342,
net10,1000,1,true,false,3243.736,
net10,1000,1,true,false,4037.18,
net10,1000,1,true,false,3728.255,
net10,1000,1,true,false,2698.636,
net10,1000,1,true,false,4124.854,
net10,1000,1,true,false,3274.873,
net10,1000,1,true,false,2671.763,
net10,1000,1,true,false,3708.622,
net10,1000,1,true,false,1892.379,
net10,1000,1,true,false,4032.984,
net10,1000,1,true,false,4031.14,
net10,1000,1,true,false,4050.121,
net10,1000,1,true,false,4131.811,
net10,1000,1,true,false,4120.314,
net10,1000,1,true,false,3260.417,
net10,1000,1,true,false,4127.057,
net10,1000,1,true,false,4119.656,
net10,1000,1,true,false,3708.184,
net10,1000,1,true,false,2947.086,
net10,1000,1,true,false,4128.002,
net10,1000,1,true,false,1665.064,
net10,1000,1,true,false,3288.82,
net10,1000,1,true,false,3365.871,
net10,1000,1,true,false,1682.816,
net10,1000,1,true,false,3712.521,
net10,1000,1,true,false,2370.937,
net10,1000,1,true,false,3579.005,
net10,1000,1,true,false,4020.363,
net10,1000,1,true,false,3707.907,
net10,1000,1,true,false,4107.968,
net10,1000,1,true,false,2528.383,
net10,1000,1,true,false,4127.194,
net10,1000,1,true,false,4127.782,
net10,1000,1,true,false,4105.973,
net10,1000,1,true,false,4033.93,
net10,1000,1,true,false,4119.599,
net10,1000,1,true,false,4042.241,
net10,1000,1,true,false,2522.688,
net10,1000,1,true,false,3634.851,
net10,1000,1,true,false,1757.488,
net10,1000,1,true,false,4106.342,
net10,1000,1,true,false,2547.846,
net10,1000,1,true,false,4126.717,
net10,1000,1,true,false,4109.903,
net10,1000,1,true,false,4127.434,
net10,1000,1,true,false,1886.309,
net10,1000,1,true,false,3001.165,
net10,1000,1,true,false,4119.053,
net10,1000,1,true,false,3597.534,
net10,1000,1,true,false,4107.121,
net10,1000,1,true,false,3257.729,
net10,1000,1,true,false,3500.804,
net10,1000,1,true,false,4119.699,
net10,1000,1,true,false,4121.405,
net10,1000,1,true,false,3955.238,
net10,1000,1,true,false,1715.7,
net10,1000,1,true,false,2876.69,
net10,1000,1,true,false,4119.344,
net10,1000,1,true,false,4124.988,
net10,1000,1,true,false,4106.616,
net10,1000,1,true,false,4127.681,
net10,1000,1,true,false,1898.862,
net10,1000,1,true,false,4124.559,
net10,1000,1,true,false,3909.493,
net10,1000,1,true,false,4115.732,
net10,1000,1,true,false,1899.142,
net10,1000,1,true,false,2031.569,
net10,1000,1,true,false,4035.55,
net10,1000,1,true,false,4127.205,
net10,1000,1,true,false,4125.822,
net10,1000,1,true,false,4119.659,
net10,1000,1,true,false,3625.005,
net10,1000,1,true,false,4116.461,
net10,1000,1,true,false,3358.342,
net10,1000,1,true,false,2860.358,
net10,1000,1,true,false,3263.631,
net10,1000,1,true,false,4039.799,
net10,1000,1,true,false,4124.688,
net10,1000,1,true,false,3626.105,
net10,1000,1,true,false,4111.254,
net10,1000,1,true,false,4126.309,
net10,1000,1,true,false,4126.665,
net10,1000,1,true,false,2531.008,
net10,1000,1,true,false,3497.672,
net10,1000,1,true,false,3700.832,
net10,1000,1,true,false,4111.601,
net10,1000,1,true,false,4117.539,
net10,1000,1,true,false,1668.879,
net10,1000,1,true,false,4072.695,
net10,1000,1,true,false,3345.46,
net10,1000,1,true,false,4117.444,
net10,1000,1,true,false,4069.597,
net10,1000,1,true,false,3285.447,
net10,1000,1,true,false,1630.054,
net10,1000,1,true,false,1897.089,
net10,1000,1,true,false,2052.809,
net10,1000,1,true,false,4121.125,
net10,1000,1,true,false,3987.76,
net10,1000,1,true,false,2082.846,
net10,1000,1,true,false,2220.492,
net10,1000,1,true,false,1966.866,
net10,1000,1,true,false,4115.868,
net10,1000,1,true,false,1740.637,
net10,1000,1,true,false,4037.215,
net10,1000,1,true,false,2053.595,
net10,1000,1,true,false,4115.86,
net10,1000,1,true,false,1663.641,
net10,1000,1,true,false,4115.681,
net10,1000,1,true,false,1691.632,
net10,1000,1,true,false,2104.538,
net10,1000,1,true,false,4114.985,
net10,1000,1,true,false,4015.53,
net10,1000,1,true,false,4103.528,
net10,1000,1,true,false,4015.602,
net10,1000,1,true,false,4104.104,
net10,1000,1,true,false,4083.284,
net10,1000,1,true,false,4104.482,
net10,1000,1,true,false,4103.587,
net10,1000,1,true,false,4103.603,
net10,1000,1,true,false,4103.968,
net10,1000,1,true,false,4081.658,
net10,1000,1,true,false,3912.739,
net10,1000,1,true,false,4112.454,
net10,1000,1,true,false,4111.052,
net10,1000,1,true,false,4104.656,
net10,1000,1,true,false,4040.231,
net10,1000,1,true,false,3928.157,
net10,1000,1,true,false,4130.074,
net10,1000,1,true,false,4110.268,
net10,1000,1,true,false,4104.125,
net10,1000,1,true,false,4103.29,
net10,1000,1,true,false,4017.571,
net10,1000,1,true,false,4110.389,
net10,1000,1,true,false,4073.933,
net10,1000,1,true,false,4081.006,
net10,1000,1,true,false,4113.875,
net10,1000,1,true,false,4111.69,
net10,1000,1,true,false,4104.565,
net10,1000,1,true,false,4108.748,
net10,1000,1,true,false,4015.231,
net10,1000,1,true,false,4103.394,
net10,1000,1,true,false,4020.422,
net10,1000,1,true,false,4103.349,
net10,1000,1,true,false,3902.648,
net10,1000,1,true,false,4113.455,
net10,1000,1,true,false,4043.511,
net10,1000,1,true,false,4102.253,
net10,1000,1,true,false,4102.291,
net10,1000,1,true,false,4101.76,
net10,1000,1,true,false,4102.832,
net10,1000,1,true,false,4112.394,
net10,1000,1,true,false,4101.968,
net10,1000,1,true,false,4102.974,
net10,1000,1,true,false,4106.75,
net10,1000,1,true,false,4102.287,
net10,1000,1,true,false,4103.605,
net10,1000,1,true,false,4102.014,
net10,1000,1,true,false,4102.591,
net10,1000,1,true,false,3691.756,
net10,1000,1,true,false,3902.95,
net10,1000,1,true,false,4109.825,
net10,1000,1,true,false,4101.752,
net10,1000,1,true,false,4008.513,
net10,1000,1,true,false,4101.524,
net10,1000,1,true,false,4102.275,
net10,1000,1,true,false,4101.168,
net10,1000,1,true,false,3955.305,
net10,1000,1,true,false,4111.426,
net10,1000,1,true,false,4101.674,
net10,1000,1,true,false,4101.704,
net10,1000,1,true,false,3987.401,
net10,1000,1,true,false,4102.19,
net10,1000,1,true,false,4008.162,
net10,1000,1,true,false,4083.893,
net10,1000,1,true,false,4004.803,
net10,1000,1,true,false,3940.112,
net10,1000,1,true,false,4026.969,
net10,1000,1,true,false,4111.212,
net10,1000,1,true,false,4100.048,
net10,1000,1,true,false,4111.668,
net10,1000,1,true,false,4101.244,
net10,1000,1,true,false,4099.958,
net10,1000,1,true,false,3894.282,
net10,1000,1,true,false,4100.56,
net10,1000,1,true,false,2105.837,
net10,1000,1,true,false,3290.766,
net10,1000,1,true,false,4069.976,
net10,1000,1,true,false,4031.022,
